{"allowed_cpu_count": 38, "allowed_cpus": [76, 77, 78, 79, 80, 81, 82, 83, 84, 85, 86, 87, 88, 89, 90, 91, 92, 93, 94, 95, 96, 97, 98, 99, 100, 101, 102, 103, 104, 105, 106, 107, 108, 109, 110, 111, 112, 113], "guard_pass": true, "host": "COMPUTE_NODE_1", "numa_nodes": ["node2"], "scheduler_job_id": "1579730"}
gcc (gcc for openEuler 3.0.2) 12.3.1
Copyright (C) 2022 Free Software Foundation, Inc.
This is free software; see the source for copying conditions.  There is NO
warranty; not even for MERCHANTABILITY or FITNESS FOR A PARTICULAR PURPOSE.

SOURCE_FEATURES_PASS panel16=1 packedL16=0 has_budget=0 history_budget_bytes=0
MODE=micro THREADS=1 NARROW_VL=0 EXPECT_SVE16=1 EXPECT_PACKEDL16=0
PASS micro_cases=14 ordered_FMA_bitwise=1 prefix_padding_L_unchanged=1 history_unchanged=1
SOURCE_FEATURES_PASS panel16=1 packedL16=0 has_budget=0 history_budget_bytes=0
MODE=full THREADS=1 NARROW_VL=0 EXPECT_SVE16=1 EXPECT_PACKEDL16=0
ALLOC_PASS m=1 n=1 small=1 history_expected=0 history_calls=0 history_bytes=0 history_success=0 history_fail=0 x_calls=1 x_bytes=64 x_success=1 x_fail=0 kb_calls=0 kb_bytes=0 kb_success=0 kb_fail=0 total=1 injected=0 history_level=-1 x_level=1 kb_level=-1 shape_bad=0 x_each_worker_once=1
CASE_PASS m=1 n=1 sve16_entries=0 expected=0 old_entries=0 packed_entries=0 packed_expected=0
ALLOC_PASS m=1 n=7 small=1 history_expected=0 history_calls=0 history_bytes=0 history_success=0 history_fail=0 x_calls=1 x_bytes=64 x_success=1 x_fail=0 kb_calls=0 kb_bytes=0 kb_success=0 kb_fail=0 total=1 injected=0 history_level=-1 x_level=1 kb_level=-1 shape_bad=0 x_each_worker_once=1
CASE_PASS m=1 n=7 sve16_entries=0 expected=0 old_entries=0 packed_entries=0 packed_expected=0
ALLOC_PASS m=1 n=8 small=1 history_expected=0 history_calls=0 history_bytes=0 history_success=0 history_fail=0 x_calls=1 x_bytes=64 x_success=1 x_fail=0 kb_calls=0 kb_bytes=0 kb_success=0 kb_fail=0 total=1 injected=0 history_level=-1 x_level=1 kb_level=-1 shape_bad=0 x_each_worker_once=1
CASE_PASS m=1 n=8 sve16_entries=0 expected=0 old_entries=0 packed_entries=0 packed_expected=0
ALLOC_PASS m=1 n=9 small=1 history_expected=0 history_calls=0 history_bytes=0 history_success=0 history_fail=0 x_calls=1 x_bytes=64 x_success=1 x_fail=0 kb_calls=0 kb_bytes=0 kb_success=0 kb_fail=0 total=1 injected=0 history_level=-1 x_level=1 kb_level=-1 shape_bad=0 x_each_worker_once=1
CASE_PASS m=1 n=9 sve16_entries=0 expected=0 old_entries=0 packed_entries=0 packed_expected=0
ALLOC_PASS m=1 n=17 small=1 history_expected=0 history_calls=0 history_bytes=0 history_success=0 history_fail=0 x_calls=1 x_bytes=64 x_success=1 x_fail=0 kb_calls=0 kb_bytes=0 kb_success=0 kb_fail=0 total=1 injected=0 history_level=-1 x_level=1 kb_level=-1 shape_bad=0 x_each_worker_once=1
CASE_PASS m=1 n=17 sve16_entries=0 expected=0 old_entries=0 packed_entries=0 packed_expected=0
ALLOC_PASS m=3 n=1 small=1 history_expected=0 history_calls=0 history_bytes=0 history_success=0 history_fail=0 x_calls=1 x_bytes=192 x_success=1 x_fail=0 kb_calls=0 kb_bytes=0 kb_success=0 kb_fail=0 total=1 injected=0 history_level=-1 x_level=1 kb_level=-1 shape_bad=0 x_each_worker_once=1
CASE_PASS m=3 n=1 sve16_entries=0 expected=0 old_entries=0 packed_entries=0 packed_expected=0
ALLOC_PASS m=3 n=7 small=1 history_expected=0 history_calls=0 history_bytes=0 history_success=0 history_fail=0 x_calls=1 x_bytes=192 x_success=1 x_fail=0 kb_calls=0 kb_bytes=0 kb_success=0 kb_fail=0 total=1 injected=0 history_level=-1 x_level=1 kb_level=-1 shape_bad=0 x_each_worker_once=1
CASE_PASS m=3 n=7 sve16_entries=0 expected=0 old_entries=0 packed_entries=0 packed_expected=0
ALLOC_PASS m=3 n=8 small=1 history_expected=0 history_calls=0 history_bytes=0 history_success=0 history_fail=0 x_calls=1 x_bytes=192 x_success=1 x_fail=0 kb_calls=0 kb_bytes=0 kb_success=0 kb_fail=0 total=1 injected=0 history_level=-1 x_level=1 kb_level=-1 shape_bad=0 x_each_worker_once=1
CASE_PASS m=3 n=8 sve16_entries=0 expected=0 old_entries=0 packed_entries=0 packed_expected=0
ALLOC_PASS m=3 n=9 small=1 history_expected=0 history_calls=0 history_bytes=0 history_success=0 history_fail=0 x_calls=1 x_bytes=192 x_success=1 x_fail=0 kb_calls=0 kb_bytes=0 kb_success=0 kb_fail=0 total=1 injected=0 history_level=-1 x_level=1 kb_level=-1 shape_bad=0 x_each_worker_once=1
CASE_PASS m=3 n=9 sve16_entries=0 expected=0 old_entries=0 packed_entries=0 packed_expected=0
ALLOC_PASS m=3 n=17 small=1 history_expected=0 history_calls=0 history_bytes=0 history_success=0 history_fail=0 x_calls=1 x_bytes=192 x_success=1 x_fail=0 kb_calls=0 kb_bytes=0 kb_success=0 kb_fail=0 total=1 injected=0 history_level=-1 x_level=1 kb_level=-1 shape_bad=0 x_each_worker_once=1
CASE_PASS m=3 n=17 sve16_entries=0 expected=0 old_entries=0 packed_entries=0 packed_expected=0
ALLOC_PASS m=4 n=1 small=1 history_expected=0 history_calls=0 history_bytes=0 history_success=0 history_fail=0 x_calls=1 x_bytes=256 x_success=1 x_fail=0 kb_calls=0 kb_bytes=0 kb_success=0 kb_fail=0 total=1 injected=0 history_level=-1 x_level=1 kb_level=-1 shape_bad=0 x_each_worker_once=1
CASE_PASS m=4 n=1 sve16_entries=0 expected=0 old_entries=0 packed_entries=0 packed_expected=0
ALLOC_PASS m=4 n=7 small=1 history_expected=0 history_calls=0 history_bytes=0 history_success=0 history_fail=0 x_calls=1 x_bytes=256 x_success=1 x_fail=0 kb_calls=0 kb_bytes=0 kb_success=0 kb_fail=0 total=1 injected=0 history_level=-1 x_level=1 kb_level=-1 shape_bad=0 x_each_worker_once=1
CASE_PASS m=4 n=7 sve16_entries=0 expected=0 old_entries=0 packed_entries=0 packed_expected=0
ALLOC_PASS m=4 n=8 small=1 history_expected=0 history_calls=0 history_bytes=0 history_success=0 history_fail=0 x_calls=1 x_bytes=256 x_success=1 x_fail=0 kb_calls=0 kb_bytes=0 kb_success=0 kb_fail=0 total=1 injected=0 history_level=-1 x_level=1 kb_level=-1 shape_bad=0 x_each_worker_once=1
CASE_PASS m=4 n=8 sve16_entries=0 expected=0 old_entries=0 packed_entries=0 packed_expected=0
ALLOC_PASS m=4 n=9 small=1 history_expected=0 history_calls=0 history_bytes=0 history_success=0 history_fail=0 x_calls=1 x_bytes=256 x_success=1 x_fail=0 kb_calls=0 kb_bytes=0 kb_success=0 kb_fail=0 total=1 injected=0 history_level=-1 x_level=1 kb_level=-1 shape_bad=0 x_each_worker_once=1
CASE_PASS m=4 n=9 sve16_entries=0 expected=0 old_entries=0 packed_entries=0 packed_expected=0
ALLOC_PASS m=4 n=17 small=1 history_expected=0 history_calls=0 history_bytes=0 history_success=0 history_fail=0 x_calls=1 x_bytes=256 x_success=1 x_fail=0 kb_calls=0 kb_bytes=0 kb_success=0 kb_fail=0 total=1 injected=0 history_level=-1 x_level=1 kb_level=-1 shape_bad=0 x_each_worker_once=1
CASE_PASS m=4 n=17 sve16_entries=0 expected=0 old_entries=0 packed_entries=0 packed_expected=0
ALLOC_PASS m=5 n=1 small=1 history_expected=0 history_calls=0 history_bytes=0 history_success=0 history_fail=0 x_calls=1 x_bytes=320 x_success=1 x_fail=0 kb_calls=0 kb_bytes=0 kb_success=0 kb_fail=0 total=1 injected=0 history_level=-1 x_level=1 kb_level=-1 shape_bad=0 x_each_worker_once=1
CASE_PASS m=5 n=1 sve16_entries=0 expected=0 old_entries=0 packed_entries=0 packed_expected=0
ALLOC_PASS m=5 n=7 small=1 history_expected=0 history_calls=0 history_bytes=0 history_success=0 history_fail=0 x_calls=1 x_bytes=320 x_success=1 x_fail=0 kb_calls=0 kb_bytes=0 kb_success=0 kb_fail=0 total=1 injected=0 history_level=-1 x_level=1 kb_level=-1 shape_bad=0 x_each_worker_once=1
CASE_PASS m=5 n=7 sve16_entries=0 expected=0 old_entries=0 packed_entries=0 packed_expected=0
ALLOC_PASS m=5 n=8 small=1 history_expected=0 history_calls=0 history_bytes=0 history_success=0 history_fail=0 x_calls=1 x_bytes=320 x_success=1 x_fail=0 kb_calls=0 kb_bytes=0 kb_success=0 kb_fail=0 total=1 injected=0 history_level=-1 x_level=1 kb_level=-1 shape_bad=0 x_each_worker_once=1
CASE_PASS m=5 n=8 sve16_entries=0 expected=0 old_entries=0 packed_entries=0 packed_expected=0
ALLOC_PASS m=5 n=9 small=1 history_expected=0 history_calls=0 history_bytes=0 history_success=0 history_fail=0 x_calls=1 x_bytes=320 x_success=1 x_fail=0 kb_calls=0 kb_bytes=0 kb_success=0 kb_fail=0 total=1 injected=0 history_level=-1 x_level=1 kb_level=-1 shape_bad=0 x_each_worker_once=1
CASE_PASS m=5 n=9 sve16_entries=0 expected=0 old_entries=0 packed_entries=0 packed_expected=0
ALLOC_PASS m=5 n=17 small=1 history_expected=0 history_calls=0 history_bytes=0 history_success=0 history_fail=0 x_calls=1 x_bytes=320 x_success=1 x_fail=0 kb_calls=0 kb_bytes=0 kb_success=0 kb_fail=0 total=1 injected=0 history_level=-1 x_level=1 kb_level=-1 shape_bad=0 x_each_worker_once=1
CASE_PASS m=5 n=17 sve16_entries=0 expected=0 old_entries=0 packed_entries=0 packed_expected=0
ALLOC_PASS m=15 n=1 small=1 history_expected=0 history_calls=0 history_bytes=0 history_success=0 history_fail=0 x_calls=1 x_bytes=960 x_success=1 x_fail=0 kb_calls=0 kb_bytes=0 kb_success=0 kb_fail=0 total=1 injected=0 history_level=-1 x_level=1 kb_level=-1 shape_bad=0 x_each_worker_once=1
CASE_PASS m=15 n=1 sve16_entries=0 expected=0 old_entries=0 packed_entries=0 packed_expected=0
ALLOC_PASS m=15 n=7 small=1 history_expected=0 history_calls=0 history_bytes=0 history_success=0 history_fail=0 x_calls=1 x_bytes=960 x_success=1 x_fail=0 kb_calls=0 kb_bytes=0 kb_success=0 kb_fail=0 total=1 injected=0 history_level=-1 x_level=1 kb_level=-1 shape_bad=0 x_each_worker_once=1
CASE_PASS m=15 n=7 sve16_entries=0 expected=0 old_entries=0 packed_entries=0 packed_expected=0
ALLOC_PASS m=15 n=8 small=1 history_expected=0 history_calls=0 history_bytes=0 history_success=0 history_fail=0 x_calls=1 x_bytes=960 x_success=1 x_fail=0 kb_calls=0 kb_bytes=0 kb_success=0 kb_fail=0 total=1 injected=0 history_level=-1 x_level=1 kb_level=-1 shape_bad=0 x_each_worker_once=1
CASE_PASS m=15 n=8 sve16_entries=0 expected=0 old_entries=0 packed_entries=0 packed_expected=0
ALLOC_PASS m=15 n=9 small=1 history_expected=0 history_calls=0 history_bytes=0 history_success=0 history_fail=0 x_calls=1 x_bytes=960 x_success=1 x_fail=0 kb_calls=0 kb_bytes=0 kb_success=0 kb_fail=0 total=1 injected=0 history_level=-1 x_level=1 kb_level=-1 shape_bad=0 x_each_worker_once=1
CASE_PASS m=15 n=9 sve16_entries=0 expected=0 old_entries=0 packed_entries=0 packed_expected=0
ALLOC_PASS m=15 n=17 small=1 history_expected=0 history_calls=0 history_bytes=0 history_success=0 history_fail=0 x_calls=1 x_bytes=960 x_success=1 x_fail=0 kb_calls=0 kb_bytes=0 kb_success=0 kb_fail=0 total=1 injected=0 history_level=-1 x_level=1 kb_level=-1 shape_bad=0 x_each_worker_once=1
CASE_PASS m=15 n=17 sve16_entries=0 expected=0 old_entries=0 packed_entries=0 packed_expected=0
ALLOC_PASS m=16 n=1 small=1 history_expected=0 history_calls=0 history_bytes=0 history_success=0 history_fail=0 x_calls=1 x_bytes=1024 x_success=1 x_fail=0 kb_calls=0 kb_bytes=0 kb_success=0 kb_fail=0 total=1 injected=0 history_level=-1 x_level=1 kb_level=-1 shape_bad=0 x_each_worker_once=1
CASE_PASS m=16 n=1 sve16_entries=1 expected=1 old_entries=1 packed_entries=0 packed_expected=0
ALLOC_PASS m=16 n=7 small=1 history_expected=0 history_calls=0 history_bytes=0 history_success=0 history_fail=0 x_calls=1 x_bytes=1024 x_success=1 x_fail=0 kb_calls=0 kb_bytes=0 kb_success=0 kb_fail=0 total=1 injected=0 history_level=-1 x_level=1 kb_level=-1 shape_bad=0 x_each_worker_once=1
CASE_PASS m=16 n=7 sve16_entries=1 expected=1 old_entries=1 packed_entries=0 packed_expected=0
ALLOC_PASS m=16 n=8 small=1 history_expected=0 history_calls=0 history_bytes=0 history_success=0 history_fail=0 x_calls=1 x_bytes=1024 x_success=1 x_fail=0 kb_calls=0 kb_bytes=0 kb_success=0 kb_fail=0 total=1 injected=0 history_level=-1 x_level=1 kb_level=-1 shape_bad=0 x_each_worker_once=1
CASE_PASS m=16 n=8 sve16_entries=1 expected=1 old_entries=1 packed_entries=0 packed_expected=0
ALLOC_PASS m=16 n=9 small=1 history_expected=0 history_calls=0 history_bytes=0 history_success=0 history_fail=0 x_calls=1 x_bytes=1024 x_success=1 x_fail=0 kb_calls=0 kb_bytes=0 kb_success=0 kb_fail=0 total=1 injected=0 history_level=-1 x_level=1 kb_level=-1 shape_bad=0 x_each_worker_once=1
CASE_PASS m=16 n=9 sve16_entries=2 expected=2 old_entries=2 packed_entries=0 packed_expected=0
ALLOC_PASS m=16 n=17 small=1 history_expected=0 history_calls=0 history_bytes=0 history_success=0 history_fail=0 x_calls=1 x_bytes=1024 x_success=1 x_fail=0 kb_calls=0 kb_bytes=0 kb_success=0 kb_fail=0 total=1 injected=0 history_level=-1 x_level=1 kb_level=-1 shape_bad=0 x_each_worker_once=1
CASE_PASS m=16 n=17 sve16_entries=3 expected=3 old_entries=3 packed_entries=0 packed_expected=0
ALLOC_PASS m=17 n=1 small=1 history_expected=0 history_calls=0 history_bytes=0 history_success=0 history_fail=0 x_calls=1 x_bytes=1088 x_success=1 x_fail=0 kb_calls=0 kb_bytes=0 kb_success=0 kb_fail=0 total=1 injected=0 history_level=-1 x_level=1 kb_level=-1 shape_bad=0 x_each_worker_once=1
CASE_PASS m=17 n=1 sve16_entries=1 expected=1 old_entries=1 packed_entries=0 packed_expected=0
ALLOC_PASS m=17 n=7 small=1 history_expected=0 history_calls=0 history_bytes=0 history_success=0 history_fail=0 x_calls=1 x_bytes=1088 x_success=1 x_fail=0 kb_calls=0 kb_bytes=0 kb_success=0 kb_fail=0 total=1 injected=0 history_level=-1 x_level=1 kb_level=-1 shape_bad=0 x_each_worker_once=1
CASE_PASS m=17 n=7 sve16_entries=1 expected=1 old_entries=1 packed_entries=0 packed_expected=0
ALLOC_PASS m=17 n=8 small=1 history_expected=0 history_calls=0 history_bytes=0 history_success=0 history_fail=0 x_calls=1 x_bytes=1088 x_success=1 x_fail=0 kb_calls=0 kb_bytes=0 kb_success=0 kb_fail=0 total=1 injected=0 history_level=-1 x_level=1 kb_level=-1 shape_bad=0 x_each_worker_once=1
CASE_PASS m=17 n=8 sve16_entries=1 expected=1 old_entries=1 packed_entries=0 packed_expected=0
ALLOC_PASS m=17 n=9 small=1 history_expected=0 history_calls=0 history_bytes=0 history_success=0 history_fail=0 x_calls=1 x_bytes=1088 x_success=1 x_fail=0 kb_calls=0 kb_bytes=0 kb_success=0 kb_fail=0 total=1 injected=0 history_level=-1 x_level=1 kb_level=-1 shape_bad=0 x_each_worker_once=1
CASE_PASS m=17 n=9 sve16_entries=2 expected=2 old_entries=2 packed_entries=0 packed_expected=0
ALLOC_PASS m=17 n=17 small=1 history_expected=0 history_calls=0 history_bytes=0 history_success=0 history_fail=0 x_calls=1 x_bytes=1088 x_success=1 x_fail=0 kb_calls=0 kb_bytes=0 kb_success=0 kb_fail=0 total=1 injected=0 history_level=-1 x_level=1 kb_level=-1 shape_bad=0 x_each_worker_once=1
CASE_PASS m=17 n=17 sve16_entries=3 expected=3 old_entries=3 packed_entries=0 packed_expected=0
ALLOC_PASS m=31 n=1 small=1 history_expected=0 history_calls=0 history_bytes=0 history_success=0 history_fail=0 x_calls=1 x_bytes=1984 x_success=1 x_fail=0 kb_calls=0 kb_bytes=0 kb_success=0 kb_fail=0 total=1 injected=0 history_level=-1 x_level=1 kb_level=-1 shape_bad=0 x_each_worker_once=1
CASE_PASS m=31 n=1 sve16_entries=1 expected=1 old_entries=1 packed_entries=0 packed_expected=0
ALLOC_PASS m=31 n=7 small=1 history_expected=0 history_calls=0 history_bytes=0 history_success=0 history_fail=0 x_calls=1 x_bytes=1984 x_success=1 x_fail=0 kb_calls=0 kb_bytes=0 kb_success=0 kb_fail=0 total=1 injected=0 history_level=-1 x_level=1 kb_level=-1 shape_bad=0 x_each_worker_once=1
CASE_PASS m=31 n=7 sve16_entries=1 expected=1 old_entries=1 packed_entries=0 packed_expected=0
ALLOC_PASS m=31 n=8 small=1 history_expected=0 history_calls=0 history_bytes=0 history_success=0 history_fail=0 x_calls=1 x_bytes=1984 x_success=1 x_fail=0 kb_calls=0 kb_bytes=0 kb_success=0 kb_fail=0 total=1 injected=0 history_level=-1 x_level=1 kb_level=-1 shape_bad=0 x_each_worker_once=1
CASE_PASS m=31 n=8 sve16_entries=1 expected=1 old_entries=1 packed_entries=0 packed_expected=0
ALLOC_PASS m=31 n=9 small=1 history_expected=0 history_calls=0 history_bytes=0 history_success=0 history_fail=0 x_calls=1 x_bytes=1984 x_success=1 x_fail=0 kb_calls=0 kb_bytes=0 kb_success=0 kb_fail=0 total=1 injected=0 history_level=-1 x_level=1 kb_level=-1 shape_bad=0 x_each_worker_once=1
CASE_PASS m=31 n=9 sve16_entries=2 expected=2 old_entries=2 packed_entries=0 packed_expected=0
ALLOC_PASS m=31 n=17 small=1 history_expected=0 history_calls=0 history_bytes=0 history_success=0 history_fail=0 x_calls=1 x_bytes=1984 x_success=1 x_fail=0 kb_calls=0 kb_bytes=0 kb_success=0 kb_fail=0 total=1 injected=0 history_level=-1 x_level=1 kb_level=-1 shape_bad=0 x_each_worker_once=1
CASE_PASS m=31 n=17 sve16_entries=3 expected=3 old_entries=3 packed_entries=0 packed_expected=0
ALLOC_PASS m=32 n=1 small=1 history_expected=0 history_calls=0 history_bytes=0 history_success=0 history_fail=0 x_calls=1 x_bytes=2048 x_success=1 x_fail=0 kb_calls=0 kb_bytes=0 kb_success=0 kb_fail=0 total=1 injected=0 history_level=-1 x_level=1 kb_level=-1 shape_bad=0 x_each_worker_once=1
CASE_PASS m=32 n=1 sve16_entries=2 expected=2 old_entries=2 packed_entries=0 packed_expected=0
ALLOC_PASS m=32 n=7 small=1 history_expected=0 history_calls=0 history_bytes=0 history_success=0 history_fail=0 x_calls=1 x_bytes=2048 x_success=1 x_fail=0 kb_calls=0 kb_bytes=0 kb_success=0 kb_fail=0 total=1 injected=0 history_level=-1 x_level=1 kb_level=-1 shape_bad=0 x_each_worker_once=1
CASE_PASS m=32 n=7 sve16_entries=2 expected=2 old_entries=2 packed_entries=0 packed_expected=0
ALLOC_PASS m=32 n=8 small=1 history_expected=0 history_calls=0 history_bytes=0 history_success=0 history_fail=0 x_calls=1 x_bytes=2048 x_success=1 x_fail=0 kb_calls=0 kb_bytes=0 kb_success=0 kb_fail=0 total=1 injected=0 history_level=-1 x_level=1 kb_level=-1 shape_bad=0 x_each_worker_once=1
CASE_PASS m=32 n=8 sve16_entries=2 expected=2 old_entries=2 packed_entries=0 packed_expected=0
ALLOC_PASS m=32 n=9 small=1 history_expected=0 history_calls=0 history_bytes=0 history_success=0 history_fail=0 x_calls=1 x_bytes=2048 x_success=1 x_fail=0 kb_calls=0 kb_bytes=0 kb_success=0 kb_fail=0 total=1 injected=0 history_level=-1 x_level=1 kb_level=-1 shape_bad=0 x_each_worker_once=1
CASE_PASS m=32 n=9 sve16_entries=4 expected=4 old_entries=4 packed_entries=0 packed_expected=0
ALLOC_PASS m=32 n=17 small=1 history_expected=0 history_calls=0 history_bytes=0 history_success=0 history_fail=0 x_calls=1 x_bytes=2048 x_success=1 x_fail=0 kb_calls=0 kb_bytes=0 kb_success=0 kb_fail=0 total=1 injected=0 history_level=-1 x_level=1 kb_level=-1 shape_bad=0 x_each_worker_once=1
CASE_PASS m=32 n=17 sve16_entries=6 expected=6 old_entries=6 packed_entries=0 packed_expected=0
ALLOC_PASS m=33 n=1 small=1 history_expected=0 history_calls=0 history_bytes=0 history_success=0 history_fail=0 x_calls=1 x_bytes=2112 x_success=1 x_fail=0 kb_calls=0 kb_bytes=0 kb_success=0 kb_fail=0 total=1 injected=0 history_level=-1 x_level=1 kb_level=-1 shape_bad=0 x_each_worker_once=1
CASE_PASS m=33 n=1 sve16_entries=2 expected=2 old_entries=2 packed_entries=0 packed_expected=0
ALLOC_PASS m=33 n=7 small=1 history_expected=0 history_calls=0 history_bytes=0 history_success=0 history_fail=0 x_calls=1 x_bytes=2112 x_success=1 x_fail=0 kb_calls=0 kb_bytes=0 kb_success=0 kb_fail=0 total=1 injected=0 history_level=-1 x_level=1 kb_level=-1 shape_bad=0 x_each_worker_once=1
CASE_PASS m=33 n=7 sve16_entries=2 expected=2 old_entries=2 packed_entries=0 packed_expected=0
ALLOC_PASS m=33 n=8 small=1 history_expected=0 history_calls=0 history_bytes=0 history_success=0 history_fail=0 x_calls=1 x_bytes=2112 x_success=1 x_fail=0 kb_calls=0 kb_bytes=0 kb_success=0 kb_fail=0 total=1 injected=0 history_level=-1 x_level=1 kb_level=-1 shape_bad=0 x_each_worker_once=1
CASE_PASS m=33 n=8 sve16_entries=2 expected=2 old_entries=2 packed_entries=0 packed_expected=0
ALLOC_PASS m=33 n=9 small=1 history_expected=0 history_calls=0 history_bytes=0 history_success=0 history_fail=0 x_calls=1 x_bytes=2112 x_success=1 x_fail=0 kb_calls=0 kb_bytes=0 kb_success=0 kb_fail=0 total=1 injected=0 history_level=-1 x_level=1 kb_level=-1 shape_bad=0 x_each_worker_once=1
CASE_PASS m=33 n=9 sve16_entries=4 expected=4 old_entries=4 packed_entries=0 packed_expected=0
ALLOC_PASS m=33 n=17 small=1 history_expected=0 history_calls=0 history_bytes=0 history_success=0 history_fail=0 x_calls=1 x_bytes=2112 x_success=1 x_fail=0 kb_calls=0 kb_bytes=0 kb_success=0 kb_fail=0 total=1 injected=0 history_level=-1 x_level=1 kb_level=-1 shape_bad=0 x_each_worker_once=1
CASE_PASS m=33 n=17 sve16_entries=6 expected=6 old_entries=6 packed_entries=0 packed_expected=0
ALLOC_PASS m=63 n=1 small=1 history_expected=0 history_calls=0 history_bytes=0 history_success=0 history_fail=0 x_calls=1 x_bytes=4032 x_success=1 x_fail=0 kb_calls=0 kb_bytes=0 kb_success=0 kb_fail=0 total=1 injected=0 history_level=-1 x_level=1 kb_level=-1 shape_bad=0 x_each_worker_once=1
CASE_PASS m=63 n=1 sve16_entries=3 expected=3 old_entries=3 packed_entries=0 packed_expected=0
ALLOC_PASS m=63 n=7 small=1 history_expected=0 history_calls=0 history_bytes=0 history_success=0 history_fail=0 x_calls=1 x_bytes=4032 x_success=1 x_fail=0 kb_calls=0 kb_bytes=0 kb_success=0 kb_fail=0 total=1 injected=0 history_level=-1 x_level=1 kb_level=-1 shape_bad=0 x_each_worker_once=1
CASE_PASS m=63 n=7 sve16_entries=3 expected=3 old_entries=3 packed_entries=0 packed_expected=0
ALLOC_PASS m=63 n=8 small=1 history_expected=0 history_calls=0 history_bytes=0 history_success=0 history_fail=0 x_calls=1 x_bytes=4032 x_success=1 x_fail=0 kb_calls=0 kb_bytes=0 kb_success=0 kb_fail=0 total=1 injected=0 history_level=-1 x_level=1 kb_level=-1 shape_bad=0 x_each_worker_once=1
CASE_PASS m=63 n=8 sve16_entries=3 expected=3 old_entries=3 packed_entries=0 packed_expected=0
ALLOC_PASS m=63 n=9 small=1 history_expected=0 history_calls=0 history_bytes=0 history_success=0 history_fail=0 x_calls=1 x_bytes=4032 x_success=1 x_fail=0 kb_calls=0 kb_bytes=0 kb_success=0 kb_fail=0 total=1 injected=0 history_level=-1 x_level=1 kb_level=-1 shape_bad=0 x_each_worker_once=1
CASE_PASS m=63 n=9 sve16_entries=6 expected=6 old_entries=6 packed_entries=0 packed_expected=0
ALLOC_PASS m=63 n=17 small=1 history_expected=0 history_calls=0 history_bytes=0 history_success=0 history_fail=0 x_calls=1 x_bytes=4032 x_success=1 x_fail=0 kb_calls=0 kb_bytes=0 kb_success=0 kb_fail=0 total=1 injected=0 history_level=-1 x_level=1 kb_level=-1 shape_bad=0 x_each_worker_once=1
CASE_PASS m=63 n=17 sve16_entries=9 expected=9 old_entries=9 packed_entries=0 packed_expected=0
ALLOC_PASS m=64 n=1 small=1 history_expected=0 history_calls=0 history_bytes=0 history_success=0 history_fail=0 x_calls=1 x_bytes=4096 x_success=1 x_fail=0 kb_calls=0 kb_bytes=0 kb_success=0 kb_fail=0 total=1 injected=0 history_level=-1 x_level=1 kb_level=-1 shape_bad=0 x_each_worker_once=1
CASE_PASS m=64 n=1 sve16_entries=4 expected=4 old_entries=4 packed_entries=0 packed_expected=0
ALLOC_PASS m=64 n=7 small=1 history_expected=0 history_calls=0 history_bytes=0 history_success=0 history_fail=0 x_calls=1 x_bytes=4096 x_success=1 x_fail=0 kb_calls=0 kb_bytes=0 kb_success=0 kb_fail=0 total=1 injected=0 history_level=-1 x_level=1 kb_level=-1 shape_bad=0 x_each_worker_once=1
CASE_PASS m=64 n=7 sve16_entries=4 expected=4 old_entries=4 packed_entries=0 packed_expected=0
ALLOC_PASS m=64 n=8 small=1 history_expected=0 history_calls=0 history_bytes=0 history_success=0 history_fail=0 x_calls=1 x_bytes=4096 x_success=1 x_fail=0 kb_calls=0 kb_bytes=0 kb_success=0 kb_fail=0 total=1 injected=0 history_level=-1 x_level=1 kb_level=-1 shape_bad=0 x_each_worker_once=1
CASE_PASS m=64 n=8 sve16_entries=4 expected=4 old_entries=4 packed_entries=0 packed_expected=0
ALLOC_PASS m=64 n=9 small=1 history_expected=0 history_calls=0 history_bytes=0 history_success=0 history_fail=0 x_calls=1 x_bytes=4096 x_success=1 x_fail=0 kb_calls=0 kb_bytes=0 kb_success=0 kb_fail=0 total=1 injected=0 history_level=-1 x_level=1 kb_level=-1 shape_bad=0 x_each_worker_once=1
CASE_PASS m=64 n=9 sve16_entries=8 expected=8 old_entries=8 packed_entries=0 packed_expected=0
ALLOC_PASS m=64 n=17 small=1 history_expected=0 history_calls=0 history_bytes=0 history_success=0 history_fail=0 x_calls=1 x_bytes=4096 x_success=1 x_fail=0 kb_calls=0 kb_bytes=0 kb_success=0 kb_fail=0 total=1 injected=0 history_level=-1 x_level=1 kb_level=-1 shape_bad=0 x_each_worker_once=1
CASE_PASS m=64 n=17 sve16_entries=12 expected=12 old_entries=12 packed_entries=0 packed_expected=0
ALLOC_PASS m=65 n=1 small=1 history_expected=0 history_calls=0 history_bytes=0 history_success=0 history_fail=0 x_calls=1 x_bytes=4160 x_success=1 x_fail=0 kb_calls=0 kb_bytes=0 kb_success=0 kb_fail=0 total=1 injected=0 history_level=-1 x_level=1 kb_level=-1 shape_bad=0 x_each_worker_once=1
CASE_PASS m=65 n=1 sve16_entries=4 expected=4 old_entries=4 packed_entries=0 packed_expected=0
ALLOC_PASS m=65 n=7 small=1 history_expected=0 history_calls=0 history_bytes=0 history_success=0 history_fail=0 x_calls=1 x_bytes=4160 x_success=1 x_fail=0 kb_calls=0 kb_bytes=0 kb_success=0 kb_fail=0 total=1 injected=0 history_level=-1 x_level=1 kb_level=-1 shape_bad=0 x_each_worker_once=1
CASE_PASS m=65 n=7 sve16_entries=4 expected=4 old_entries=4 packed_entries=0 packed_expected=0
ALLOC_PASS m=65 n=8 small=1 history_expected=0 history_calls=0 history_bytes=0 history_success=0 history_fail=0 x_calls=1 x_bytes=4160 x_success=1 x_fail=0 kb_calls=0 kb_bytes=0 kb_success=0 kb_fail=0 total=1 injected=0 history_level=-1 x_level=1 kb_level=-1 shape_bad=0 x_each_worker_once=1
CASE_PASS m=65 n=8 sve16_entries=4 expected=4 old_entries=4 packed_entries=0 packed_expected=0
ALLOC_PASS m=65 n=9 small=1 history_expected=0 history_calls=0 history_bytes=0 history_success=0 history_fail=0 x_calls=1 x_bytes=4160 x_success=1 x_fail=0 kb_calls=0 kb_bytes=0 kb_success=0 kb_fail=0 total=1 injected=0 history_level=-1 x_level=1 kb_level=-1 shape_bad=0 x_each_worker_once=1
CASE_PASS m=65 n=9 sve16_entries=8 expected=8 old_entries=8 packed_entries=0 packed_expected=0
ALLOC_PASS m=65 n=17 small=1 history_expected=0 history_calls=0 history_bytes=0 history_success=0 history_fail=0 x_calls=1 x_bytes=4160 x_success=1 x_fail=0 kb_calls=0 kb_bytes=0 kb_success=0 kb_fail=0 total=1 injected=0 history_level=-1 x_level=1 kb_level=-1 shape_bad=0 x_each_worker_once=1
CASE_PASS m=65 n=17 sve16_entries=12 expected=12 old_entries=12 packed_entries=0 packed_expected=0
ALLOC_PASS m=255 n=1 small=1 history_expected=0 history_calls=0 history_bytes=0 history_success=0 history_fail=0 x_calls=1 x_bytes=16320 x_success=1 x_fail=0 kb_calls=0 kb_bytes=0 kb_success=0 kb_fail=0 total=1 injected=0 history_level=-1 x_level=1 kb_level=-1 shape_bad=0 x_each_worker_once=1
CASE_PASS m=255 n=1 sve16_entries=15 expected=15 old_entries=15 packed_entries=0 packed_expected=0
ALLOC_PASS m=255 n=7 small=1 history_expected=0 history_calls=0 history_bytes=0 history_success=0 history_fail=0 x_calls=1 x_bytes=16320 x_success=1 x_fail=0 kb_calls=0 kb_bytes=0 kb_success=0 kb_fail=0 total=1 injected=0 history_level=-1 x_level=1 kb_level=-1 shape_bad=0 x_each_worker_once=1
CASE_PASS m=255 n=7 sve16_entries=15 expected=15 old_entries=15 packed_entries=0 packed_expected=0
ALLOC_PASS m=255 n=8 small=1 history_expected=0 history_calls=0 history_bytes=0 history_success=0 history_fail=0 x_calls=1 x_bytes=16320 x_success=1 x_fail=0 kb_calls=0 kb_bytes=0 kb_success=0 kb_fail=0 total=1 injected=0 history_level=-1 x_level=1 kb_level=-1 shape_bad=0 x_each_worker_once=1
CASE_PASS m=255 n=8 sve16_entries=15 expected=15 old_entries=15 packed_entries=0 packed_expected=0
ALLOC_PASS m=255 n=9 small=1 history_expected=0 history_calls=0 history_bytes=0 history_success=0 history_fail=0 x_calls=1 x_bytes=16320 x_success=1 x_fail=0 kb_calls=0 kb_bytes=0 kb_success=0 kb_fail=0 total=1 injected=0 history_level=-1 x_level=1 kb_level=-1 shape_bad=0 x_each_worker_once=1
CASE_PASS m=255 n=9 sve16_entries=30 expected=30 old_entries=30 packed_entries=0 packed_expected=0
ALLOC_PASS m=255 n=17 small=1 history_expected=0 history_calls=0 history_bytes=0 history_success=0 history_fail=0 x_calls=1 x_bytes=16320 x_success=1 x_fail=0 kb_calls=0 kb_bytes=0 kb_success=0 kb_fail=0 total=1 injected=0 history_level=-1 x_level=1 kb_level=-1 shape_bad=0 x_each_worker_once=1
CASE_PASS m=255 n=17 sve16_entries=45 expected=45 old_entries=45 packed_entries=0 packed_expected=0
ALLOC_PASS m=256 n=1 small=1 history_expected=0 history_calls=0 history_bytes=0 history_success=0 history_fail=0 x_calls=1 x_bytes=16384 x_success=1 x_fail=0 kb_calls=0 kb_bytes=0 kb_success=0 kb_fail=0 total=1 injected=0 history_level=-1 x_level=1 kb_level=-1 shape_bad=0 x_each_worker_once=1
CASE_PASS m=256 n=1 sve16_entries=16 expected=16 old_entries=16 packed_entries=0 packed_expected=0
ALLOC_PASS m=256 n=7 small=1 history_expected=0 history_calls=0 history_bytes=0 history_success=0 history_fail=0 x_calls=1 x_bytes=16384 x_success=1 x_fail=0 kb_calls=0 kb_bytes=0 kb_success=0 kb_fail=0 total=1 injected=0 history_level=-1 x_level=1 kb_level=-1 shape_bad=0 x_each_worker_once=1
CASE_PASS m=256 n=7 sve16_entries=16 expected=16 old_entries=16 packed_entries=0 packed_expected=0
ALLOC_PASS m=256 n=8 small=1 history_expected=0 history_calls=0 history_bytes=0 history_success=0 history_fail=0 x_calls=1 x_bytes=16384 x_success=1 x_fail=0 kb_calls=0 kb_bytes=0 kb_success=0 kb_fail=0 total=1 injected=0 history_level=-1 x_level=1 kb_level=-1 shape_bad=0 x_each_worker_once=1
CASE_PASS m=256 n=8 sve16_entries=16 expected=16 old_entries=16 packed_entries=0 packed_expected=0
ALLOC_PASS m=256 n=9 small=1 history_expected=0 history_calls=0 history_bytes=0 history_success=0 history_fail=0 x_calls=1 x_bytes=16384 x_success=1 x_fail=0 kb_calls=0 kb_bytes=0 kb_success=0 kb_fail=0 total=1 injected=0 history_level=-1 x_level=1 kb_level=-1 shape_bad=0 x_each_worker_once=1
CASE_PASS m=256 n=9 sve16_entries=32 expected=32 old_entries=32 packed_entries=0 packed_expected=0
ALLOC_PASS m=256 n=17 small=1 history_expected=0 history_calls=0 history_bytes=0 history_success=0 history_fail=0 x_calls=1 x_bytes=16384 x_success=1 x_fail=0 kb_calls=0 kb_bytes=0 kb_success=0 kb_fail=0 total=1 injected=0 history_level=-1 x_level=1 kb_level=-1 shape_bad=0 x_each_worker_once=1
CASE_PASS m=256 n=17 sve16_entries=48 expected=48 old_entries=48 packed_entries=0 packed_expected=0
ALLOC_PASS m=257 n=1 small=1 history_expected=0 history_calls=0 history_bytes=0 history_success=0 history_fail=0 x_calls=1 x_bytes=16448 x_success=1 x_fail=0 kb_calls=0 kb_bytes=0 kb_success=0 kb_fail=0 total=1 injected=0 history_level=-1 x_level=1 kb_level=-1 shape_bad=0 x_each_worker_once=1
CASE_PASS m=257 n=1 sve16_entries=16 expected=16 old_entries=16 packed_entries=0 packed_expected=0
ALLOC_PASS m=257 n=7 small=1 history_expected=0 history_calls=0 history_bytes=0 history_success=0 history_fail=0 x_calls=1 x_bytes=16448 x_success=1 x_fail=0 kb_calls=0 kb_bytes=0 kb_success=0 kb_fail=0 total=1 injected=0 history_level=-1 x_level=1 kb_level=-1 shape_bad=0 x_each_worker_once=1
CASE_PASS m=257 n=7 sve16_entries=16 expected=16 old_entries=16 packed_entries=0 packed_expected=0
ALLOC_PASS m=257 n=8 small=1 history_expected=0 history_calls=0 history_bytes=0 history_success=0 history_fail=0 x_calls=1 x_bytes=16448 x_success=1 x_fail=0 kb_calls=0 kb_bytes=0 kb_success=0 kb_fail=0 total=1 injected=0 history_level=-1 x_level=1 kb_level=-1 shape_bad=0 x_each_worker_once=1
CASE_PASS m=257 n=8 sve16_entries=16 expected=16 old_entries=16 packed_entries=0 packed_expected=0
ALLOC_PASS m=257 n=9 small=1 history_expected=0 history_calls=0 history_bytes=0 history_success=0 history_fail=0 x_calls=1 x_bytes=16448 x_success=1 x_fail=0 kb_calls=0 kb_bytes=0 kb_success=0 kb_fail=0 total=1 injected=0 history_level=-1 x_level=1 kb_level=-1 shape_bad=0 x_each_worker_once=1
CASE_PASS m=257 n=9 sve16_entries=32 expected=32 old_entries=32 packed_entries=0 packed_expected=0
ALLOC_PASS m=257 n=17 small=1 history_expected=0 history_calls=0 history_bytes=0 history_success=0 history_fail=0 x_calls=1 x_bytes=16448 x_success=1 x_fail=0 kb_calls=0 kb_bytes=0 kb_success=0 kb_fail=0 total=1 injected=0 history_level=-1 x_level=1 kb_level=-1 shape_bad=0 x_each_worker_once=1
CASE_PASS m=257 n=17 sve16_entries=48 expected=48 old_entries=48 packed_entries=0 packed_expected=0
ALLOCATION_SUMMARY_PASS cases=80 budget_cases=0 shared_injection_cases=0
PASS whole_cases=80 noop_cases=4 non_dyadic_long_double_RHS=1 padding_L_unchanged=1 max_error=1.1102230246251565e-16
SOURCE_FEATURES_PASS panel16=1 packedL16=0 has_budget=0 history_budget_bytes=0
MODE=full THREADS=4 NARROW_VL=0 EXPECT_SVE16=1 EXPECT_PACKEDL16=0
ALLOC_PASS m=1 n=1 small=1 history_expected=0 history_calls=0 history_bytes=0 history_success=0 history_fail=0 x_calls=4 x_bytes=256 x_success=4 x_fail=0 kb_calls=0 kb_bytes=0 kb_success=0 kb_fail=0 total=4 injected=0 history_level=-1 x_level=1 kb_level=-1 shape_bad=0 x_each_worker_once=1
CASE_PASS m=1 n=1 sve16_entries=0 expected=0 old_entries=0 packed_entries=0 packed_expected=0
ALLOC_PASS m=1 n=7 small=1 history_expected=0 history_calls=0 history_bytes=0 history_success=0 history_fail=0 x_calls=4 x_bytes=256 x_success=4 x_fail=0 kb_calls=0 kb_bytes=0 kb_success=0 kb_fail=0 total=4 injected=0 history_level=-1 x_level=1 kb_level=-1 shape_bad=0 x_each_worker_once=1
CASE_PASS m=1 n=7 sve16_entries=0 expected=0 old_entries=0 packed_entries=0 packed_expected=0
ALLOC_PASS m=1 n=8 small=1 history_expected=0 history_calls=0 history_bytes=0 history_success=0 history_fail=0 x_calls=4 x_bytes=256 x_success=4 x_fail=0 kb_calls=0 kb_bytes=0 kb_success=0 kb_fail=0 total=4 injected=0 history_level=-1 x_level=1 kb_level=-1 shape_bad=0 x_each_worker_once=1
CASE_PASS m=1 n=8 sve16_entries=0 expected=0 old_entries=0 packed_entries=0 packed_expected=0
ALLOC_PASS m=1 n=9 small=1 history_expected=0 history_calls=0 history_bytes=0 history_success=0 history_fail=0 x_calls=4 x_bytes=256 x_success=4 x_fail=0 kb_calls=0 kb_bytes=0 kb_success=0 kb_fail=0 total=4 injected=0 history_level=-1 x_level=1 kb_level=-1 shape_bad=0 x_each_worker_once=1
CASE_PASS m=1 n=9 sve16_entries=0 expected=0 old_entries=0 packed_entries=0 packed_expected=0
ALLOC_PASS m=1 n=17 small=1 history_expected=0 history_calls=0 history_bytes=0 history_success=0 history_fail=0 x_calls=4 x_bytes=256 x_success=4 x_fail=0 kb_calls=0 kb_bytes=0 kb_success=0 kb_fail=0 total=4 injected=0 history_level=-1 x_level=1 kb_level=-1 shape_bad=0 x_each_worker_once=1
CASE_PASS m=1 n=17 sve16_entries=0 expected=0 old_entries=0 packed_entries=0 packed_expected=0
ALLOC_PASS m=3 n=1 small=1 history_expected=0 history_calls=0 history_bytes=0 history_success=0 history_fail=0 x_calls=4 x_bytes=768 x_success=4 x_fail=0 kb_calls=0 kb_bytes=0 kb_success=0 kb_fail=0 total=4 injected=0 history_level=-1 x_level=1 kb_level=-1 shape_bad=0 x_each_worker_once=1
CASE_PASS m=3 n=1 sve16_entries=0 expected=0 old_entries=0 packed_entries=0 packed_expected=0
ALLOC_PASS m=3 n=7 small=1 history_expected=0 history_calls=0 history_bytes=0 history_success=0 history_fail=0 x_calls=4 x_bytes=768 x_success=4 x_fail=0 kb_calls=0 kb_bytes=0 kb_success=0 kb_fail=0 total=4 injected=0 history_level=-1 x_level=1 kb_level=-1 shape_bad=0 x_each_worker_once=1
CASE_PASS m=3 n=7 sve16_entries=0 expected=0 old_entries=0 packed_entries=0 packed_expected=0
ALLOC_PASS m=3 n=8 small=1 history_expected=0 history_calls=0 history_bytes=0 history_success=0 history_fail=0 x_calls=4 x_bytes=768 x_success=4 x_fail=0 kb_calls=0 kb_bytes=0 kb_success=0 kb_fail=0 total=4 injected=0 history_level=-1 x_level=1 kb_level=-1 shape_bad=0 x_each_worker_once=1
CASE_PASS m=3 n=8 sve16_entries=0 expected=0 old_entries=0 packed_entries=0 packed_expected=0
ALLOC_PASS m=3 n=9 small=1 history_expected=0 history_calls=0 history_bytes=0 history_success=0 history_fail=0 x_calls=4 x_bytes=768 x_success=4 x_fail=0 kb_calls=0 kb_bytes=0 kb_success=0 kb_fail=0 total=4 injected=0 history_level=-1 x_level=1 kb_level=-1 shape_bad=0 x_each_worker_once=1
CASE_PASS m=3 n=9 sve16_entries=0 expected=0 old_entries=0 packed_entries=0 packed_expected=0
ALLOC_PASS m=3 n=17 small=1 history_expected=0 history_calls=0 history_bytes=0 history_success=0 history_fail=0 x_calls=4 x_bytes=768 x_success=4 x_fail=0 kb_calls=0 kb_bytes=0 kb_success=0 kb_fail=0 total=4 injected=0 history_level=-1 x_level=1 kb_level=-1 shape_bad=0 x_each_worker_once=1
CASE_PASS m=3 n=17 sve16_entries=0 expected=0 old_entries=0 packed_entries=0 packed_expected=0
ALLOC_PASS m=4 n=1 small=1 history_expected=0 history_calls=0 history_bytes=0 history_success=0 history_fail=0 x_calls=4 x_bytes=1024 x_success=4 x_fail=0 kb_calls=0 kb_bytes=0 kb_success=0 kb_fail=0 total=4 injected=0 history_level=-1 x_level=1 kb_level=-1 shape_bad=0 x_each_worker_once=1
CASE_PASS m=4 n=1 sve16_entries=0 expected=0 old_entries=0 packed_entries=0 packed_expected=0
ALLOC_PASS m=4 n=7 small=1 history_expected=0 history_calls=0 history_bytes=0 history_success=0 history_fail=0 x_calls=4 x_bytes=1024 x_success=4 x_fail=0 kb_calls=0 kb_bytes=0 kb_success=0 kb_fail=0 total=4 injected=0 history_level=-1 x_level=1 kb_level=-1 shape_bad=0 x_each_worker_once=1
CASE_PASS m=4 n=7 sve16_entries=0 expected=0 old_entries=0 packed_entries=0 packed_expected=0
ALLOC_PASS m=4 n=8 small=1 history_expected=0 history_calls=0 history_bytes=0 history_success=0 history_fail=0 x_calls=4 x_bytes=1024 x_success=4 x_fail=0 kb_calls=0 kb_bytes=0 kb_success=0 kb_fail=0 total=4 injected=0 history_level=-1 x_level=1 kb_level=-1 shape_bad=0 x_each_worker_once=1
CASE_PASS m=4 n=8 sve16_entries=0 expected=0 old_entries=0 packed_entries=0 packed_expected=0
ALLOC_PASS m=4 n=9 small=1 history_expected=0 history_calls=0 history_bytes=0 history_success=0 history_fail=0 x_calls=4 x_bytes=1024 x_success=4 x_fail=0 kb_calls=0 kb_bytes=0 kb_success=0 kb_fail=0 total=4 injected=0 history_level=-1 x_level=1 kb_level=-1 shape_bad=0 x_each_worker_once=1
CASE_PASS m=4 n=9 sve16_entries=0 expected=0 old_entries=0 packed_entries=0 packed_expected=0
ALLOC_PASS m=4 n=17 small=1 history_expected=0 history_calls=0 history_bytes=0 history_success=0 history_fail=0 x_calls=4 x_bytes=1024 x_success=4 x_fail=0 kb_calls=0 kb_bytes=0 kb_success=0 kb_fail=0 total=4 injected=0 history_level=-1 x_level=1 kb_level=-1 shape_bad=0 x_each_worker_once=1
CASE_PASS m=4 n=17 sve16_entries=0 expected=0 old_entries=0 packed_entries=0 packed_expected=0
ALLOC_PASS m=5 n=1 small=1 history_expected=0 history_calls=0 history_bytes=0 history_success=0 history_fail=0 x_calls=4 x_bytes=1280 x_success=4 x_fail=0 kb_calls=0 kb_bytes=0 kb_success=0 kb_fail=0 total=4 injected=0 history_level=-1 x_level=1 kb_level=-1 shape_bad=0 x_each_worker_once=1
CASE_PASS m=5 n=1 sve16_entries=0 expected=0 old_entries=0 packed_entries=0 packed_expected=0
ALLOC_PASS m=5 n=7 small=1 history_expected=0 history_calls=0 history_bytes=0 history_success=0 history_fail=0 x_calls=4 x_bytes=1280 x_success=4 x_fail=0 kb_calls=0 kb_bytes=0 kb_success=0 kb_fail=0 total=4 injected=0 history_level=-1 x_level=1 kb_level=-1 shape_bad=0 x_each_worker_once=1
CASE_PASS m=5 n=7 sve16_entries=0 expected=0 old_entries=0 packed_entries=0 packed_expected=0
ALLOC_PASS m=5 n=8 small=1 history_expected=0 history_calls=0 history_bytes=0 history_success=0 history_fail=0 x_calls=4 x_bytes=1280 x_success=4 x_fail=0 kb_calls=0 kb_bytes=0 kb_success=0 kb_fail=0 total=4 injected=0 history_level=-1 x_level=1 kb_level=-1 shape_bad=0 x_each_worker_once=1
CASE_PASS m=5 n=8 sve16_entries=0 expected=0 old_entries=0 packed_entries=0 packed_expected=0
ALLOC_PASS m=5 n=9 small=1 history_expected=0 history_calls=0 history_bytes=0 history_success=0 history_fail=0 x_calls=4 x_bytes=1280 x_success=4 x_fail=0 kb_calls=0 kb_bytes=0 kb_success=0 kb_fail=0 total=4 injected=0 history_level=-1 x_level=1 kb_level=-1 shape_bad=0 x_each_worker_once=1
CASE_PASS m=5 n=9 sve16_entries=0 expected=0 old_entries=0 packed_entries=0 packed_expected=0
ALLOC_PASS m=5 n=17 small=1 history_expected=0 history_calls=0 history_bytes=0 history_success=0 history_fail=0 x_calls=4 x_bytes=1280 x_success=4 x_fail=0 kb_calls=0 kb_bytes=0 kb_success=0 kb_fail=0 total=4 injected=0 history_level=-1 x_level=1 kb_level=-1 shape_bad=0 x_each_worker_once=1
CASE_PASS m=5 n=17 sve16_entries=0 expected=0 old_entries=0 packed_entries=0 packed_expected=0
ALLOC_PASS m=15 n=1 small=1 history_expected=0 history_calls=0 history_bytes=0 history_success=0 history_fail=0 x_calls=4 x_bytes=3840 x_success=4 x_fail=0 kb_calls=0 kb_bytes=0 kb_success=0 kb_fail=0 total=4 injected=0 history_level=-1 x_level=1 kb_level=-1 shape_bad=0 x_each_worker_once=1
CASE_PASS m=15 n=1 sve16_entries=0 expected=0 old_entries=0 packed_entries=0 packed_expected=0
ALLOC_PASS m=15 n=7 small=1 history_expected=0 history_calls=0 history_bytes=0 history_success=0 history_fail=0 x_calls=4 x_bytes=3840 x_success=4 x_fail=0 kb_calls=0 kb_bytes=0 kb_success=0 kb_fail=0 total=4 injected=0 history_level=-1 x_level=1 kb_level=-1 shape_bad=0 x_each_worker_once=1
CASE_PASS m=15 n=7 sve16_entries=0 expected=0 old_entries=0 packed_entries=0 packed_expected=0
ALLOC_PASS m=15 n=8 small=1 history_expected=0 history_calls=0 history_bytes=0 history_success=0 history_fail=0 x_calls=4 x_bytes=3840 x_success=4 x_fail=0 kb_calls=0 kb_bytes=0 kb_success=0 kb_fail=0 total=4 injected=0 history_level=-1 x_level=1 kb_level=-1 shape_bad=0 x_each_worker_once=1
CASE_PASS m=15 n=8 sve16_entries=0 expected=0 old_entries=0 packed_entries=0 packed_expected=0
ALLOC_PASS m=15 n=9 small=1 history_expected=0 history_calls=0 history_bytes=0 history_success=0 history_fail=0 x_calls=4 x_bytes=3840 x_success=4 x_fail=0 kb_calls=0 kb_bytes=0 kb_success=0 kb_fail=0 total=4 injected=0 history_level=-1 x_level=1 kb_level=-1 shape_bad=0 x_each_worker_once=1
CASE_PASS m=15 n=9 sve16_entries=0 expected=0 old_entries=0 packed_entries=0 packed_expected=0
ALLOC_PASS m=15 n=17 small=1 history_expected=0 history_calls=0 history_bytes=0 history_success=0 history_fail=0 x_calls=4 x_bytes=3840 x_success=4 x_fail=0 kb_calls=0 kb_bytes=0 kb_success=0 kb_fail=0 total=4 injected=0 history_level=-1 x_level=1 kb_level=-1 shape_bad=0 x_each_worker_once=1
CASE_PASS m=15 n=17 sve16_entries=0 expected=0 old_entries=0 packed_entries=0 packed_expected=0
ALLOC_PASS m=16 n=1 small=1 history_expected=0 history_calls=0 history_bytes=0 history_success=0 history_fail=0 x_calls=4 x_bytes=4096 x_success=4 x_fail=0 kb_calls=0 kb_bytes=0 kb_success=0 kb_fail=0 total=4 injected=0 history_level=-1 x_level=1 kb_level=-1 shape_bad=0 x_each_worker_once=1
CASE_PASS m=16 n=1 sve16_entries=1 expected=1 old_entries=1 packed_entries=0 packed_expected=0
ALLOC_PASS m=16 n=7 small=1 history_expected=0 history_calls=0 history_bytes=0 history_success=0 history_fail=0 x_calls=4 x_bytes=4096 x_success=4 x_fail=0 kb_calls=0 kb_bytes=0 kb_success=0 kb_fail=0 total=4 injected=0 history_level=-1 x_level=1 kb_level=-1 shape_bad=0 x_each_worker_once=1
CASE_PASS m=16 n=7 sve16_entries=1 expected=1 old_entries=1 packed_entries=0 packed_expected=0
ALLOC_PASS m=16 n=8 small=1 history_expected=0 history_calls=0 history_bytes=0 history_success=0 history_fail=0 x_calls=4 x_bytes=4096 x_success=4 x_fail=0 kb_calls=0 kb_bytes=0 kb_success=0 kb_fail=0 total=4 injected=0 history_level=-1 x_level=1 kb_level=-1 shape_bad=0 x_each_worker_once=1
CASE_PASS m=16 n=8 sve16_entries=1 expected=1 old_entries=1 packed_entries=0 packed_expected=0
ALLOC_PASS m=16 n=9 small=1 history_expected=0 history_calls=0 history_bytes=0 history_success=0 history_fail=0 x_calls=4 x_bytes=4096 x_success=4 x_fail=0 kb_calls=0 kb_bytes=0 kb_success=0 kb_fail=0 total=4 injected=0 history_level=-1 x_level=1 kb_level=-1 shape_bad=0 x_each_worker_once=1
CASE_PASS m=16 n=9 sve16_entries=2 expected=2 old_entries=2 packed_entries=0 packed_expected=0
ALLOC_PASS m=16 n=17 small=1 history_expected=0 history_calls=0 history_bytes=0 history_success=0 history_fail=0 x_calls=4 x_bytes=4096 x_success=4 x_fail=0 kb_calls=0 kb_bytes=0 kb_success=0 kb_fail=0 total=4 injected=0 history_level=-1 x_level=1 kb_level=-1 shape_bad=0 x_each_worker_once=1
CASE_PASS m=16 n=17 sve16_entries=3 expected=3 old_entries=3 packed_entries=0 packed_expected=0
ALLOC_PASS m=17 n=1 small=1 history_expected=0 history_calls=0 history_bytes=0 history_success=0 history_fail=0 x_calls=4 x_bytes=4352 x_success=4 x_fail=0 kb_calls=0 kb_bytes=0 kb_success=0 kb_fail=0 total=4 injected=0 history_level=-1 x_level=1 kb_level=-1 shape_bad=0 x_each_worker_once=1
CASE_PASS m=17 n=1 sve16_entries=1 expected=1 old_entries=1 packed_entries=0 packed_expected=0
ALLOC_PASS m=17 n=7 small=1 history_expected=0 history_calls=0 history_bytes=0 history_success=0 history_fail=0 x_calls=4 x_bytes=4352 x_success=4 x_fail=0 kb_calls=0 kb_bytes=0 kb_success=0 kb_fail=0 total=4 injected=0 history_level=-1 x_level=1 kb_level=-1 shape_bad=0 x_each_worker_once=1
CASE_PASS m=17 n=7 sve16_entries=1 expected=1 old_entries=1 packed_entries=0 packed_expected=0
ALLOC_PASS m=17 n=8 small=1 history_expected=0 history_calls=0 history_bytes=0 history_success=0 history_fail=0 x_calls=4 x_bytes=4352 x_success=4 x_fail=0 kb_calls=0 kb_bytes=0 kb_success=0 kb_fail=0 total=4 injected=0 history_level=-1 x_level=1 kb_level=-1 shape_bad=0 x_each_worker_once=1
CASE_PASS m=17 n=8 sve16_entries=1 expected=1 old_entries=1 packed_entries=0 packed_expected=0
ALLOC_PASS m=17 n=9 small=1 history_expected=0 history_calls=0 history_bytes=0 history_success=0 history_fail=0 x_calls=4 x_bytes=4352 x_success=4 x_fail=0 kb_calls=0 kb_bytes=0 kb_success=0 kb_fail=0 total=4 injected=0 history_level=-1 x_level=1 kb_level=-1 shape_bad=0 x_each_worker_once=1
CASE_PASS m=17 n=9 sve16_entries=2 expected=2 old_entries=2 packed_entries=0 packed_expected=0
ALLOC_PASS m=17 n=17 small=1 history_expected=0 history_calls=0 history_bytes=0 history_success=0 history_fail=0 x_calls=4 x_bytes=4352 x_success=4 x_fail=0 kb_calls=0 kb_bytes=0 kb_success=0 kb_fail=0 total=4 injected=0 history_level=-1 x_level=1 kb_level=-1 shape_bad=0 x_each_worker_once=1
CASE_PASS m=17 n=17 sve16_entries=3 expected=3 old_entries=3 packed_entries=0 packed_expected=0
ALLOC_PASS m=31 n=1 small=1 history_expected=0 history_calls=0 history_bytes=0 history_success=0 history_fail=0 x_calls=4 x_bytes=7936 x_success=4 x_fail=0 kb_calls=0 kb_bytes=0 kb_success=0 kb_fail=0 total=4 injected=0 history_level=-1 x_level=1 kb_level=-1 shape_bad=0 x_each_worker_once=1
CASE_PASS m=31 n=1 sve16_entries=1 expected=1 old_entries=1 packed_entries=0 packed_expected=0
ALLOC_PASS m=31 n=7 small=1 history_expected=0 history_calls=0 history_bytes=0 history_success=0 history_fail=0 x_calls=4 x_bytes=7936 x_success=4 x_fail=0 kb_calls=0 kb_bytes=0 kb_success=0 kb_fail=0 total=4 injected=0 history_level=-1 x_level=1 kb_level=-1 shape_bad=0 x_each_worker_once=1
CASE_PASS m=31 n=7 sve16_entries=1 expected=1 old_entries=1 packed_entries=0 packed_expected=0
ALLOC_PASS m=31 n=8 small=1 history_expected=0 history_calls=0 history_bytes=0 history_success=0 history_fail=0 x_calls=4 x_bytes=7936 x_success=4 x_fail=0 kb_calls=0 kb_bytes=0 kb_success=0 kb_fail=0 total=4 injected=0 history_level=-1 x_level=1 kb_level=-1 shape_bad=0 x_each_worker_once=1
CASE_PASS m=31 n=8 sve16_entries=1 expected=1 old_entries=1 packed_entries=0 packed_expected=0
ALLOC_PASS m=31 n=9 small=1 history_expected=0 history_calls=0 history_bytes=0 history_success=0 history_fail=0 x_calls=4 x_bytes=7936 x_success=4 x_fail=0 kb_calls=0 kb_bytes=0 kb_success=0 kb_fail=0 total=4 injected=0 history_level=-1 x_level=1 kb_level=-1 shape_bad=0 x_each_worker_once=1
CASE_PASS m=31 n=9 sve16_entries=2 expected=2 old_entries=2 packed_entries=0 packed_expected=0
ALLOC_PASS m=31 n=17 small=1 history_expected=0 history_calls=0 history_bytes=0 history_success=0 history_fail=0 x_calls=4 x_bytes=7936 x_success=4 x_fail=0 kb_calls=0 kb_bytes=0 kb_success=0 kb_fail=0 total=4 injected=0 history_level=-1 x_level=1 kb_level=-1 shape_bad=0 x_each_worker_once=1
CASE_PASS m=31 n=17 sve16_entries=3 expected=3 old_entries=3 packed_entries=0 packed_expected=0
ALLOC_PASS m=32 n=1 small=1 history_expected=0 history_calls=0 history_bytes=0 history_success=0 history_fail=0 x_calls=4 x_bytes=8192 x_success=4 x_fail=0 kb_calls=0 kb_bytes=0 kb_success=0 kb_fail=0 total=4 injected=0 history_level=-1 x_level=1 kb_level=-1 shape_bad=0 x_each_worker_once=1
CASE_PASS m=32 n=1 sve16_entries=2 expected=2 old_entries=2 packed_entries=0 packed_expected=0
ALLOC_PASS m=32 n=7 small=1 history_expected=0 history_calls=0 history_bytes=0 history_success=0 history_fail=0 x_calls=4 x_bytes=8192 x_success=4 x_fail=0 kb_calls=0 kb_bytes=0 kb_success=0 kb_fail=0 total=4 injected=0 history_level=-1 x_level=1 kb_level=-1 shape_bad=0 x_each_worker_once=1
CASE_PASS m=32 n=7 sve16_entries=2 expected=2 old_entries=2 packed_entries=0 packed_expected=0
ALLOC_PASS m=32 n=8 small=1 history_expected=0 history_calls=0 history_bytes=0 history_success=0 history_fail=0 x_calls=4 x_bytes=8192 x_success=4 x_fail=0 kb_calls=0 kb_bytes=0 kb_success=0 kb_fail=0 total=4 injected=0 history_level=-1 x_level=1 kb_level=-1 shape_bad=0 x_each_worker_once=1
CASE_PASS m=32 n=8 sve16_entries=2 expected=2 old_entries=2 packed_entries=0 packed_expected=0
ALLOC_PASS m=32 n=9 small=1 history_expected=0 history_calls=0 history_bytes=0 history_success=0 history_fail=0 x_calls=4 x_bytes=8192 x_success=4 x_fail=0 kb_calls=0 kb_bytes=0 kb_success=0 kb_fail=0 total=4 injected=0 history_level=-1 x_level=1 kb_level=-1 shape_bad=0 x_each_worker_once=1
CASE_PASS m=32 n=9 sve16_entries=4 expected=4 old_entries=4 packed_entries=0 packed_expected=0
ALLOC_PASS m=32 n=17 small=1 history_expected=0 history_calls=0 history_bytes=0 history_success=0 history_fail=0 x_calls=4 x_bytes=8192 x_success=4 x_fail=0 kb_calls=0 kb_bytes=0 kb_success=0 kb_fail=0 total=4 injected=0 history_level=-1 x_level=1 kb_level=-1 shape_bad=0 x_each_worker_once=1
CASE_PASS m=32 n=17 sve16_entries=6 expected=6 old_entries=6 packed_entries=0 packed_expected=0
ALLOC_PASS m=33 n=1 small=1 history_expected=0 history_calls=0 history_bytes=0 history_success=0 history_fail=0 x_calls=4 x_bytes=8448 x_success=4 x_fail=0 kb_calls=0 kb_bytes=0 kb_success=0 kb_fail=0 total=4 injected=0 history_level=-1 x_level=1 kb_level=-1 shape_bad=0 x_each_worker_once=1
CASE_PASS m=33 n=1 sve16_entries=2 expected=2 old_entries=2 packed_entries=0 packed_expected=0
ALLOC_PASS m=33 n=7 small=1 history_expected=0 history_calls=0 history_bytes=0 history_success=0 history_fail=0 x_calls=4 x_bytes=8448 x_success=4 x_fail=0 kb_calls=0 kb_bytes=0 kb_success=0 kb_fail=0 total=4 injected=0 history_level=-1 x_level=1 kb_level=-1 shape_bad=0 x_each_worker_once=1
CASE_PASS m=33 n=7 sve16_entries=2 expected=2 old_entries=2 packed_entries=0 packed_expected=0
ALLOC_PASS m=33 n=8 small=1 history_expected=0 history_calls=0 history_bytes=0 history_success=0 history_fail=0 x_calls=4 x_bytes=8448 x_success=4 x_fail=0 kb_calls=0 kb_bytes=0 kb_success=0 kb_fail=0 total=4 injected=0 history_level=-1 x_level=1 kb_level=-1 shape_bad=0 x_each_worker_once=1
CASE_PASS m=33 n=8 sve16_entries=2 expected=2 old_entries=2 packed_entries=0 packed_expected=0
ALLOC_PASS m=33 n=9 small=1 history_expected=0 history_calls=0 history_bytes=0 history_success=0 history_fail=0 x_calls=4 x_bytes=8448 x_success=4 x_fail=0 kb_calls=0 kb_bytes=0 kb_success=0 kb_fail=0 total=4 injected=0 history_level=-1 x_level=1 kb_level=-1 shape_bad=0 x_each_worker_once=1
CASE_PASS m=33 n=9 sve16_entries=4 expected=4 old_entries=4 packed_entries=0 packed_expected=0
ALLOC_PASS m=33 n=17 small=1 history_expected=0 history_calls=0 history_bytes=0 history_success=0 history_fail=0 x_calls=4 x_bytes=8448 x_success=4 x_fail=0 kb_calls=0 kb_bytes=0 kb_success=0 kb_fail=0 total=4 injected=0 history_level=-1 x_level=1 kb_level=-1 shape_bad=0 x_each_worker_once=1
CASE_PASS m=33 n=17 sve16_entries=6 expected=6 old_entries=6 packed_entries=0 packed_expected=0
ALLOC_PASS m=63 n=1 small=1 history_expected=0 history_calls=0 history_bytes=0 history_success=0 history_fail=0 x_calls=4 x_bytes=16128 x_success=4 x_fail=0 kb_calls=0 kb_bytes=0 kb_success=0 kb_fail=0 total=4 injected=0 history_level=-1 x_level=1 kb_level=-1 shape_bad=0 x_each_worker_once=1
CASE_PASS m=63 n=1 sve16_entries=3 expected=3 old_entries=3 packed_entries=0 packed_expected=0
ALLOC_PASS m=63 n=7 small=1 history_expected=0 history_calls=0 history_bytes=0 history_success=0 history_fail=0 x_calls=4 x_bytes=16128 x_success=4 x_fail=0 kb_calls=0 kb_bytes=0 kb_success=0 kb_fail=0 total=4 injected=0 history_level=-1 x_level=1 kb_level=-1 shape_bad=0 x_each_worker_once=1
CASE_PASS m=63 n=7 sve16_entries=3 expected=3 old_entries=3 packed_entries=0 packed_expected=0
ALLOC_PASS m=63 n=8 small=1 history_expected=0 history_calls=0 history_bytes=0 history_success=0 history_fail=0 x_calls=4 x_bytes=16128 x_success=4 x_fail=0 kb_calls=0 kb_bytes=0 kb_success=0 kb_fail=0 total=4 injected=0 history_level=-1 x_level=1 kb_level=-1 shape_bad=0 x_each_worker_once=1
CASE_PASS m=63 n=8 sve16_entries=3 expected=3 old_entries=3 packed_entries=0 packed_expected=0
ALLOC_PASS m=63 n=9 small=1 history_expected=0 history_calls=0 history_bytes=0 history_success=0 history_fail=0 x_calls=4 x_bytes=16128 x_success=4 x_fail=0 kb_calls=0 kb_bytes=0 kb_success=0 kb_fail=0 total=4 injected=0 history_level=-1 x_level=1 kb_level=-1 shape_bad=0 x_each_worker_once=1
CASE_PASS m=63 n=9 sve16_entries=6 expected=6 old_entries=6 packed_entries=0 packed_expected=0
ALLOC_PASS m=63 n=17 small=1 history_expected=0 history_calls=0 history_bytes=0 history_success=0 history_fail=0 x_calls=4 x_bytes=16128 x_success=4 x_fail=0 kb_calls=0 kb_bytes=0 kb_success=0 kb_fail=0 total=4 injected=0 history_level=-1 x_level=1 kb_level=-1 shape_bad=0 x_each_worker_once=1
CASE_PASS m=63 n=17 sve16_entries=9 expected=9 old_entries=9 packed_entries=0 packed_expected=0
ALLOC_PASS m=64 n=1 small=1 history_expected=0 history_calls=0 history_bytes=0 history_success=0 history_fail=0 x_calls=4 x_bytes=16384 x_success=4 x_fail=0 kb_calls=0 kb_bytes=0 kb_success=0 kb_fail=0 total=4 injected=0 history_level=-1 x_level=1 kb_level=-1 shape_bad=0 x_each_worker_once=1
CASE_PASS m=64 n=1 sve16_entries=4 expected=4 old_entries=4 packed_entries=0 packed_expected=0
ALLOC_PASS m=64 n=7 small=1 history_expected=0 history_calls=0 history_bytes=0 history_success=0 history_fail=0 x_calls=4 x_bytes=16384 x_success=4 x_fail=0 kb_calls=0 kb_bytes=0 kb_success=0 kb_fail=0 total=4 injected=0 history_level=-1 x_level=1 kb_level=-1 shape_bad=0 x_each_worker_once=1
CASE_PASS m=64 n=7 sve16_entries=4 expected=4 old_entries=4 packed_entries=0 packed_expected=0
ALLOC_PASS m=64 n=8 small=1 history_expected=0 history_calls=0 history_bytes=0 history_success=0 history_fail=0 x_calls=4 x_bytes=16384 x_success=4 x_fail=0 kb_calls=0 kb_bytes=0 kb_success=0 kb_fail=0 total=4 injected=0 history_level=-1 x_level=1 kb_level=-1 shape_bad=0 x_each_worker_once=1
CASE_PASS m=64 n=8 sve16_entries=4 expected=4 old_entries=4 packed_entries=0 packed_expected=0
ALLOC_PASS m=64 n=9 small=1 history_expected=0 history_calls=0 history_bytes=0 history_success=0 history_fail=0 x_calls=4 x_bytes=16384 x_success=4 x_fail=0 kb_calls=0 kb_bytes=0 kb_success=0 kb_fail=0 total=4 injected=0 history_level=-1 x_level=1 kb_level=-1 shape_bad=0 x_each_worker_once=1
CASE_PASS m=64 n=9 sve16_entries=8 expected=8 old_entries=8 packed_entries=0 packed_expected=0
ALLOC_PASS m=64 n=17 small=1 history_expected=0 history_calls=0 history_bytes=0 history_success=0 history_fail=0 x_calls=4 x_bytes=16384 x_success=4 x_fail=0 kb_calls=0 kb_bytes=0 kb_success=0 kb_fail=0 total=4 injected=0 history_level=-1 x_level=1 kb_level=-1 shape_bad=0 x_each_worker_once=1
CASE_PASS m=64 n=17 sve16_entries=12 expected=12 old_entries=12 packed_entries=0 packed_expected=0
ALLOC_PASS m=65 n=1 small=1 history_expected=0 history_calls=0 history_bytes=0 history_success=0 history_fail=0 x_calls=4 x_bytes=16640 x_success=4 x_fail=0 kb_calls=0 kb_bytes=0 kb_success=0 kb_fail=0 total=4 injected=0 history_level=-1 x_level=1 kb_level=-1 shape_bad=0 x_each_worker_once=1
CASE_PASS m=65 n=1 sve16_entries=4 expected=4 old_entries=4 packed_entries=0 packed_expected=0
ALLOC_PASS m=65 n=7 small=1 history_expected=0 history_calls=0 history_bytes=0 history_success=0 history_fail=0 x_calls=4 x_bytes=16640 x_success=4 x_fail=0 kb_calls=0 kb_bytes=0 kb_success=0 kb_fail=0 total=4 injected=0 history_level=-1 x_level=1 kb_level=-1 shape_bad=0 x_each_worker_once=1
CASE_PASS m=65 n=7 sve16_entries=4 expected=4 old_entries=4 packed_entries=0 packed_expected=0
ALLOC_PASS m=65 n=8 small=1 history_expected=0 history_calls=0 history_bytes=0 history_success=0 history_fail=0 x_calls=4 x_bytes=16640 x_success=4 x_fail=0 kb_calls=0 kb_bytes=0 kb_success=0 kb_fail=0 total=4 injected=0 history_level=-1 x_level=1 kb_level=-1 shape_bad=0 x_each_worker_once=1
CASE_PASS m=65 n=8 sve16_entries=4 expected=4 old_entries=4 packed_entries=0 packed_expected=0
ALLOC_PASS m=65 n=9 small=1 history_expected=0 history_calls=0 history_bytes=0 history_success=0 history_fail=0 x_calls=4 x_bytes=16640 x_success=4 x_fail=0 kb_calls=0 kb_bytes=0 kb_success=0 kb_fail=0 total=4 injected=0 history_level=-1 x_level=1 kb_level=-1 shape_bad=0 x_each_worker_once=1
CASE_PASS m=65 n=9 sve16_entries=8 expected=8 old_entries=8 packed_entries=0 packed_expected=0
ALLOC_PASS m=65 n=17 small=1 history_expected=0 history_calls=0 history_bytes=0 history_success=0 history_fail=0 x_calls=4 x_bytes=16640 x_success=4 x_fail=0 kb_calls=0 kb_bytes=0 kb_success=0 kb_fail=0 total=4 injected=0 history_level=-1 x_level=1 kb_level=-1 shape_bad=0 x_each_worker_once=1
CASE_PASS m=65 n=17 sve16_entries=12 expected=12 old_entries=12 packed_entries=0 packed_expected=0
ALLOC_PASS m=255 n=1 small=1 history_expected=0 history_calls=0 history_bytes=0 history_success=0 history_fail=0 x_calls=4 x_bytes=65280 x_success=4 x_fail=0 kb_calls=0 kb_bytes=0 kb_success=0 kb_fail=0 total=4 injected=0 history_level=-1 x_level=1 kb_level=-1 shape_bad=0 x_each_worker_once=1
CASE_PASS m=255 n=1 sve16_entries=15 expected=15 old_entries=15 packed_entries=0 packed_expected=0
ALLOC_PASS m=255 n=7 small=1 history_expected=0 history_calls=0 history_bytes=0 history_success=0 history_fail=0 x_calls=4 x_bytes=65280 x_success=4 x_fail=0 kb_calls=0 kb_bytes=0 kb_success=0 kb_fail=0 total=4 injected=0 history_level=-1 x_level=1 kb_level=-1 shape_bad=0 x_each_worker_once=1
CASE_PASS m=255 n=7 sve16_entries=15 expected=15 old_entries=15 packed_entries=0 packed_expected=0
ALLOC_PASS m=255 n=8 small=1 history_expected=0 history_calls=0 history_bytes=0 history_success=0 history_fail=0 x_calls=4 x_bytes=65280 x_success=4 x_fail=0 kb_calls=0 kb_bytes=0 kb_success=0 kb_fail=0 total=4 injected=0 history_level=-1 x_level=1 kb_level=-1 shape_bad=0 x_each_worker_once=1
CASE_PASS m=255 n=8 sve16_entries=15 expected=15 old_entries=15 packed_entries=0 packed_expected=0
ALLOC_PASS m=255 n=9 small=1 history_expected=0 history_calls=0 history_bytes=0 history_success=0 history_fail=0 x_calls=4 x_bytes=65280 x_success=4 x_fail=0 kb_calls=0 kb_bytes=0 kb_success=0 kb_fail=0 total=4 injected=0 history_level=-1 x_level=1 kb_level=-1 shape_bad=0 x_each_worker_once=1
CASE_PASS m=255 n=9 sve16_entries=30 expected=30 old_entries=30 packed_entries=0 packed_expected=0
ALLOC_PASS m=255 n=17 small=1 history_expected=0 history_calls=0 history_bytes=0 history_success=0 history_fail=0 x_calls=4 x_bytes=65280 x_success=4 x_fail=0 kb_calls=0 kb_bytes=0 kb_success=0 kb_fail=0 total=4 injected=0 history_level=-1 x_level=1 kb_level=-1 shape_bad=0 x_each_worker_once=1
CASE_PASS m=255 n=17 sve16_entries=45 expected=45 old_entries=45 packed_entries=0 packed_expected=0
ALLOC_PASS m=256 n=1 small=1 history_expected=0 history_calls=0 history_bytes=0 history_success=0 history_fail=0 x_calls=4 x_bytes=65536 x_success=4 x_fail=0 kb_calls=0 kb_bytes=0 kb_success=0 kb_fail=0 total=4 injected=0 history_level=-1 x_level=1 kb_level=-1 shape_bad=0 x_each_worker_once=1
CASE_PASS m=256 n=1 sve16_entries=16 expected=16 old_entries=16 packed_entries=0 packed_expected=0
ALLOC_PASS m=256 n=7 small=1 history_expected=0 history_calls=0 history_bytes=0 history_success=0 history_fail=0 x_calls=4 x_bytes=65536 x_success=4 x_fail=0 kb_calls=0 kb_bytes=0 kb_success=0 kb_fail=0 total=4 injected=0 history_level=-1 x_level=1 kb_level=-1 shape_bad=0 x_each_worker_once=1
CASE_PASS m=256 n=7 sve16_entries=16 expected=16 old_entries=16 packed_entries=0 packed_expected=0
ALLOC_PASS m=256 n=8 small=1 history_expected=0 history_calls=0 history_bytes=0 history_success=0 history_fail=0 x_calls=4 x_bytes=65536 x_success=4 x_fail=0 kb_calls=0 kb_bytes=0 kb_success=0 kb_fail=0 total=4 injected=0 history_level=-1 x_level=1 kb_level=-1 shape_bad=0 x_each_worker_once=1
CASE_PASS m=256 n=8 sve16_entries=16 expected=16 old_entries=16 packed_entries=0 packed_expected=0
ALLOC_PASS m=256 n=9 small=1 history_expected=0 history_calls=0 history_bytes=0 history_success=0 history_fail=0 x_calls=4 x_bytes=65536 x_success=4 x_fail=0 kb_calls=0 kb_bytes=0 kb_success=0 kb_fail=0 total=4 injected=0 history_level=-1 x_level=1 kb_level=-1 shape_bad=0 x_each_worker_once=1
CASE_PASS m=256 n=9 sve16_entries=32 expected=32 old_entries=32 packed_entries=0 packed_expected=0
ALLOC_PASS m=256 n=17 small=1 history_expected=0 history_calls=0 history_bytes=0 history_success=0 history_fail=0 x_calls=4 x_bytes=65536 x_success=4 x_fail=0 kb_calls=0 kb_bytes=0 kb_success=0 kb_fail=0 total=4 injected=0 history_level=-1 x_level=1 kb_level=-1 shape_bad=0 x_each_worker_once=1
CASE_PASS m=256 n=17 sve16_entries=48 expected=48 old_entries=48 packed_entries=0 packed_expected=0
ALLOC_PASS m=257 n=1 small=1 history_expected=0 history_calls=0 history_bytes=0 history_success=0 history_fail=0 x_calls=4 x_bytes=65792 x_success=4 x_fail=0 kb_calls=0 kb_bytes=0 kb_success=0 kb_fail=0 total=4 injected=0 history_level=-1 x_level=1 kb_level=-1 shape_bad=0 x_each_worker_once=1
CASE_PASS m=257 n=1 sve16_entries=16 expected=16 old_entries=16 packed_entries=0 packed_expected=0
ALLOC_PASS m=257 n=7 small=1 history_expected=0 history_calls=0 history_bytes=0 history_success=0 history_fail=0 x_calls=4 x_bytes=65792 x_success=4 x_fail=0 kb_calls=0 kb_bytes=0 kb_success=0 kb_fail=0 total=4 injected=0 history_level=-1 x_level=1 kb_level=-1 shape_bad=0 x_each_worker_once=1
CASE_PASS m=257 n=7 sve16_entries=16 expected=16 old_entries=16 packed_entries=0 packed_expected=0
ALLOC_PASS m=257 n=8 small=1 history_expected=0 history_calls=0 history_bytes=0 history_success=0 history_fail=0 x_calls=4 x_bytes=65792 x_success=4 x_fail=0 kb_calls=0 kb_bytes=0 kb_success=0 kb_fail=0 total=4 injected=0 history_level=-1 x_level=1 kb_level=-1 shape_bad=0 x_each_worker_once=1
CASE_PASS m=257 n=8 sve16_entries=16 expected=16 old_entries=16 packed_entries=0 packed_expected=0
ALLOC_PASS m=257 n=9 small=1 history_expected=0 history_calls=0 history_bytes=0 history_success=0 history_fail=0 x_calls=4 x_bytes=65792 x_success=4 x_fail=0 kb_calls=0 kb_bytes=0 kb_success=0 kb_fail=0 total=4 injected=0 history_level=-1 x_level=1 kb_level=-1 shape_bad=0 x_each_worker_once=1
CASE_PASS m=257 n=9 sve16_entries=32 expected=32 old_entries=32 packed_entries=0 packed_expected=0
ALLOC_PASS m=257 n=17 small=1 history_expected=0 history_calls=0 history_bytes=0 history_success=0 history_fail=0 x_calls=4 x_bytes=65792 x_success=4 x_fail=0 kb_calls=0 kb_bytes=0 kb_success=0 kb_fail=0 total=4 injected=0 history_level=-1 x_level=1 kb_level=-1 shape_bad=0 x_each_worker_once=1
CASE_PASS m=257 n=17 sve16_entries=48 expected=48 old_entries=48 packed_entries=0 packed_expected=0
ALLOCATION_SUMMARY_PASS cases=80 budget_cases=0 shared_injection_cases=0
PASS whole_cases=80 noop_cases=4 non_dyadic_long_double_RHS=1 padding_L_unchanged=1 max_error=1.1102230246251565e-16
SOURCE_FEATURES_PASS panel16=1 packedL16=0 has_budget=0 history_budget_bytes=0
MODE=smoke THREADS=38 NARROW_VL=0 EXPECT_SVE16=1 EXPECT_PACKEDL16=0
ALLOC_PASS m=15 n=9 small=1 history_expected=0 history_calls=0 history_bytes=0 history_success=0 history_fail=0 x_calls=38 x_bytes=36480 x_success=38 x_fail=0 kb_calls=0 kb_bytes=0 kb_success=0 kb_fail=0 total=38 injected=0 history_level=-1 x_level=1 kb_level=-1 shape_bad=0 x_each_worker_once=1
CASE_PASS m=15 n=9 sve16_entries=0 expected=0 old_entries=0 packed_entries=0 packed_expected=0
ALLOC_PASS m=16 n=17 small=1 history_expected=0 history_calls=0 history_bytes=0 history_success=0 history_fail=0 x_calls=38 x_bytes=38912 x_success=38 x_fail=0 kb_calls=0 kb_bytes=0 kb_success=0 kb_fail=0 total=38 injected=0 history_level=-1 x_level=1 kb_level=-1 shape_bad=0 x_each_worker_once=1
CASE_PASS m=16 n=17 sve16_entries=3 expected=3 old_entries=3 packed_entries=0 packed_expected=0
ALLOC_PASS m=33 n=313 small=1 history_expected=0 history_calls=0 history_bytes=0 history_success=0 history_fail=0 x_calls=38 x_bytes=80256 x_success=38 x_fail=0 kb_calls=0 kb_bytes=0 kb_success=0 kb_fail=0 total=38 injected=0 history_level=-1 x_level=1 kb_level=-1 shape_bad=0 x_each_worker_once=1
CASE_PASS m=33 n=313 sve16_entries=80 expected=80 old_entries=80 packed_entries=0 packed_expected=0
ALLOC_PASS m=257 n=313 small=1 history_expected=0 history_calls=0 history_bytes=0 history_success=0 history_fail=0 x_calls=38 x_bytes=625024 x_success=38 x_fail=0 kb_calls=0 kb_bytes=0 kb_success=0 kb_fail=0 total=38 injected=0 history_level=-1 x_level=1 kb_level=-1 shape_bad=0 x_each_worker_once=1
CASE_PASS m=257 n=313 sve16_entries=640 expected=640 old_entries=640 packed_entries=0 packed_expected=0
ALLOCATION_SUMMARY_PASS cases=4 budget_cases=0 shared_injection_cases=0
PASS whole_cases=4 noop_cases=4 non_dyadic_long_double_RHS=1 padding_L_unchanged=1 max_error=1.1102230246251565e-16
SOURCE_FEATURES_PASS panel16=1 packedL16=0 has_budget=0 history_budget_bytes=0
MODE=boundary THREADS=1 NARROW_VL=0 EXPECT_SVE16=1 EXPECT_PACKEDL16=0
ALLOC_PASS m=4095 n=9 small=1 history_expected=0 history_calls=0 history_bytes=0 history_success=0 history_fail=0 x_calls=1 x_bytes=262080 x_success=1 x_fail=0 kb_calls=0 kb_bytes=0 kb_success=0 kb_fail=0 total=1 injected=0 history_level=-1 x_level=1 kb_level=-1 shape_bad=0 x_each_worker_once=1
CASE_PASS m=4095 n=9 sve16_entries=510 expected=510 old_entries=510 packed_entries=0 packed_expected=0
ALLOC_PASS m=4097 n=9 small=0 history_expected=0 history_calls=0 history_bytes=0 history_success=0 history_fail=0 x_calls=0 x_bytes=0 x_success=0 x_fail=0 kb_calls=1 kb_bytes=32768 kb_success=1 kb_fail=0 total=1 injected=0 history_level=-1 x_level=-1 kb_level=0 shape_bad=0 x_each_worker_once=1
CASE_PASS m=4097 n=9 sve16_entries=0 expected=0 old_entries=0 packed_entries=0 packed_expected=0
ALLOCATION_SUMMARY_PASS cases=2 budget_cases=0 shared_injection_cases=0
PASS whole_cases=2 noop_cases=4 non_dyadic_long_double_RHS=1 padding_L_unchanged=1 max_error=3.8857805861880479e-16
SOURCE_FEATURES_PASS panel16=1 packedL16=0 has_budget=0 history_budget_bytes=0
MODE=full THREADS=4 NARROW_VL=0 EXPECT_SVE16=0 EXPECT_PACKEDL16=0
ALLOC_PASS m=1 n=1 small=1 history_expected=0 history_calls=0 history_bytes=0 history_success=0 history_fail=0 x_calls=4 x_bytes=256 x_success=4 x_fail=0 kb_calls=0 kb_bytes=0 kb_success=0 kb_fail=0 total=4 injected=0 history_level=-1 x_level=1 kb_level=-1 shape_bad=0 x_each_worker_once=1
CASE_PASS m=1 n=1 sve16_entries=0 expected=0 old_entries=0 packed_entries=0 packed_expected=0
ALLOC_PASS m=1 n=7 small=1 history_expected=0 history_calls=0 history_bytes=0 history_success=0 history_fail=0 x_calls=4 x_bytes=256 x_success=4 x_fail=0 kb_calls=0 kb_bytes=0 kb_success=0 kb_fail=0 total=4 injected=0 history_level=-1 x_level=1 kb_level=-1 shape_bad=0 x_each_worker_once=1
CASE_PASS m=1 n=7 sve16_entries=0 expected=0 old_entries=0 packed_entries=0 packed_expected=0
ALLOC_PASS m=1 n=8 small=1 history_expected=0 history_calls=0 history_bytes=0 history_success=0 history_fail=0 x_calls=4 x_bytes=256 x_success=4 x_fail=0 kb_calls=0 kb_bytes=0 kb_success=0 kb_fail=0 total=4 injected=0 history_level=-1 x_level=1 kb_level=-1 shape_bad=0 x_each_worker_once=1
CASE_PASS m=1 n=8 sve16_entries=0 expected=0 old_entries=0 packed_entries=0 packed_expected=0
ALLOC_PASS m=1 n=9 small=1 history_expected=0 history_calls=0 history_bytes=0 history_success=0 history_fail=0 x_calls=4 x_bytes=256 x_success=4 x_fail=0 kb_calls=0 kb_bytes=0 kb_success=0 kb_fail=0 total=4 injected=0 history_level=-1 x_level=1 kb_level=-1 shape_bad=0 x_each_worker_once=1
CASE_PASS m=1 n=9 sve16_entries=0 expected=0 old_entries=0 packed_entries=0 packed_expected=0
ALLOC_PASS m=1 n=17 small=1 history_expected=0 history_calls=0 history_bytes=0 history_success=0 history_fail=0 x_calls=4 x_bytes=256 x_success=4 x_fail=0 kb_calls=0 kb_bytes=0 kb_success=0 kb_fail=0 total=4 injected=0 history_level=-1 x_level=1 kb_level=-1 shape_bad=0 x_each_worker_once=1
CASE_PASS m=1 n=17 sve16_entries=0 expected=0 old_entries=0 packed_entries=0 packed_expected=0
ALLOC_PASS m=3 n=1 small=1 history_expected=0 history_calls=0 history_bytes=0 history_success=0 history_fail=0 x_calls=4 x_bytes=768 x_success=4 x_fail=0 kb_calls=0 kb_bytes=0 kb_success=0 kb_fail=0 total=4 injected=0 history_level=-1 x_level=1 kb_level=-1 shape_bad=0 x_each_worker_once=1
CASE_PASS m=3 n=1 sve16_entries=0 expected=0 old_entries=0 packed_entries=0 packed_expected=0
ALLOC_PASS m=3 n=7 small=1 history_expected=0 history_calls=0 history_bytes=0 history_success=0 history_fail=0 x_calls=4 x_bytes=768 x_success=4 x_fail=0 kb_calls=0 kb_bytes=0 kb_success=0 kb_fail=0 total=4 injected=0 history_level=-1 x_level=1 kb_level=-1 shape_bad=0 x_each_worker_once=1
CASE_PASS m=3 n=7 sve16_entries=0 expected=0 old_entries=0 packed_entries=0 packed_expected=0
ALLOC_PASS m=3 n=8 small=1 history_expected=0 history_calls=0 history_bytes=0 history_success=0 history_fail=0 x_calls=4 x_bytes=768 x_success=4 x_fail=0 kb_calls=0 kb_bytes=0 kb_success=0 kb_fail=0 total=4 injected=0 history_level=-1 x_level=1 kb_level=-1 shape_bad=0 x_each_worker_once=1
CASE_PASS m=3 n=8 sve16_entries=0 expected=0 old_entries=0 packed_entries=0 packed_expected=0
ALLOC_PASS m=3 n=9 small=1 history_expected=0 history_calls=0 history_bytes=0 history_success=0 history_fail=0 x_calls=4 x_bytes=768 x_success=4 x_fail=0 kb_calls=0 kb_bytes=0 kb_success=0 kb_fail=0 total=4 injected=0 history_level=-1 x_level=1 kb_level=-1 shape_bad=0 x_each_worker_once=1
CASE_PASS m=3 n=9 sve16_entries=0 expected=0 old_entries=0 packed_entries=0 packed_expected=0
ALLOC_PASS m=3 n=17 small=1 history_expected=0 history_calls=0 history_bytes=0 history_success=0 history_fail=0 x_calls=4 x_bytes=768 x_success=4 x_fail=0 kb_calls=0 kb_bytes=0 kb_success=0 kb_fail=0 total=4 injected=0 history_level=-1 x_level=1 kb_level=-1 shape_bad=0 x_each_worker_once=1
CASE_PASS m=3 n=17 sve16_entries=0 expected=0 old_entries=0 packed_entries=0 packed_expected=0
ALLOC_PASS m=4 n=1 small=1 history_expected=0 history_calls=0 history_bytes=0 history_success=0 history_fail=0 x_calls=4 x_bytes=1024 x_success=4 x_fail=0 kb_calls=0 kb_bytes=0 kb_success=0 kb_fail=0 total=4 injected=0 history_level=-1 x_level=1 kb_level=-1 shape_bad=0 x_each_worker_once=1
CASE_PASS m=4 n=1 sve16_entries=0 expected=0 old_entries=0 packed_entries=0 packed_expected=0
ALLOC_PASS m=4 n=7 small=1 history_expected=0 history_calls=0 history_bytes=0 history_success=0 history_fail=0 x_calls=4 x_bytes=1024 x_success=4 x_fail=0 kb_calls=0 kb_bytes=0 kb_success=0 kb_fail=0 total=4 injected=0 history_level=-1 x_level=1 kb_level=-1 shape_bad=0 x_each_worker_once=1
CASE_PASS m=4 n=7 sve16_entries=0 expected=0 old_entries=0 packed_entries=0 packed_expected=0
ALLOC_PASS m=4 n=8 small=1 history_expected=0 history_calls=0 history_bytes=0 history_success=0 history_fail=0 x_calls=4 x_bytes=1024 x_success=4 x_fail=0 kb_calls=0 kb_bytes=0 kb_success=0 kb_fail=0 total=4 injected=0 history_level=-1 x_level=1 kb_level=-1 shape_bad=0 x_each_worker_once=1
CASE_PASS m=4 n=8 sve16_entries=0 expected=0 old_entries=0 packed_entries=0 packed_expected=0
ALLOC_PASS m=4 n=9 small=1 history_expected=0 history_calls=0 history_bytes=0 history_success=0 history_fail=0 x_calls=4 x_bytes=1024 x_success=4 x_fail=0 kb_calls=0 kb_bytes=0 kb_success=0 kb_fail=0 total=4 injected=0 history_level=-1 x_level=1 kb_level=-1 shape_bad=0 x_each_worker_once=1
CASE_PASS m=4 n=9 sve16_entries=0 expected=0 old_entries=0 packed_entries=0 packed_expected=0
ALLOC_PASS m=4 n=17 small=1 history_expected=0 history_calls=0 history_bytes=0 history_success=0 history_fail=0 x_calls=4 x_bytes=1024 x_success=4 x_fail=0 kb_calls=0 kb_bytes=0 kb_success=0 kb_fail=0 total=4 injected=0 history_level=-1 x_level=1 kb_level=-1 shape_bad=0 x_each_worker_once=1
CASE_PASS m=4 n=17 sve16_entries=0 expected=0 old_entries=0 packed_entries=0 packed_expected=0
ALLOC_PASS m=5 n=1 small=1 history_expected=0 history_calls=0 history_bytes=0 history_success=0 history_fail=0 x_calls=4 x_bytes=1280 x_success=4 x_fail=0 kb_calls=0 kb_bytes=0 kb_success=0 kb_fail=0 total=4 injected=0 history_level=-1 x_level=1 kb_level=-1 shape_bad=0 x_each_worker_once=1
CASE_PASS m=5 n=1 sve16_entries=0 expected=0 old_entries=0 packed_entries=0 packed_expected=0
ALLOC_PASS m=5 n=7 small=1 history_expected=0 history_calls=0 history_bytes=0 history_success=0 history_fail=0 x_calls=4 x_bytes=1280 x_success=4 x_fail=0 kb_calls=0 kb_bytes=0 kb_success=0 kb_fail=0 total=4 injected=0 history_level=-1 x_level=1 kb_level=-1 shape_bad=0 x_each_worker_once=1
CASE_PASS m=5 n=7 sve16_entries=0 expected=0 old_entries=0 packed_entries=0 packed_expected=0
ALLOC_PASS m=5 n=8 small=1 history_expected=0 history_calls=0 history_bytes=0 history_success=0 history_fail=0 x_calls=4 x_bytes=1280 x_success=4 x_fail=0 kb_calls=0 kb_bytes=0 kb_success=0 kb_fail=0 total=4 injected=0 history_level=-1 x_level=1 kb_level=-1 shape_bad=0 x_each_worker_once=1
CASE_PASS m=5 n=8 sve16_entries=0 expected=0 old_entries=0 packed_entries=0 packed_expected=0
ALLOC_PASS m=5 n=9 small=1 history_expected=0 history_calls=0 history_bytes=0 history_success=0 history_fail=0 x_calls=4 x_bytes=1280 x_success=4 x_fail=0 kb_calls=0 kb_bytes=0 kb_success=0 kb_fail=0 total=4 injected=0 history_level=-1 x_level=1 kb_level=-1 shape_bad=0 x_each_worker_once=1
CASE_PASS m=5 n=9 sve16_entries=0 expected=0 old_entries=0 packed_entries=0 packed_expected=0
ALLOC_PASS m=5 n=17 small=1 history_expected=0 history_calls=0 history_bytes=0 history_success=0 history_fail=0 x_calls=4 x_bytes=1280 x_success=4 x_fail=0 kb_calls=0 kb_bytes=0 kb_success=0 kb_fail=0 total=4 injected=0 history_level=-1 x_level=1 kb_level=-1 shape_bad=0 x_each_worker_once=1
CASE_PASS m=5 n=17 sve16_entries=0 expected=0 old_entries=0 packed_entries=0 packed_expected=0
ALLOC_PASS m=15 n=1 small=1 history_expected=0 history_calls=0 history_bytes=0 history_success=0 history_fail=0 x_calls=4 x_bytes=3840 x_success=4 x_fail=0 kb_calls=0 kb_bytes=0 kb_success=0 kb_fail=0 total=4 injected=0 history_level=-1 x_level=1 kb_level=-1 shape_bad=0 x_each_worker_once=1
CASE_PASS m=15 n=1 sve16_entries=0 expected=0 old_entries=0 packed_entries=0 packed_expected=0
ALLOC_PASS m=15 n=7 small=1 history_expected=0 history_calls=0 history_bytes=0 history_success=0 history_fail=0 x_calls=4 x_bytes=3840 x_success=4 x_fail=0 kb_calls=0 kb_bytes=0 kb_success=0 kb_fail=0 total=4 injected=0 history_level=-1 x_level=1 kb_level=-1 shape_bad=0 x_each_worker_once=1
CASE_PASS m=15 n=7 sve16_entries=0 expected=0 old_entries=0 packed_entries=0 packed_expected=0
ALLOC_PASS m=15 n=8 small=1 history_expected=0 history_calls=0 history_bytes=0 history_success=0 history_fail=0 x_calls=4 x_bytes=3840 x_success=4 x_fail=0 kb_calls=0 kb_bytes=0 kb_success=0 kb_fail=0 total=4 injected=0 history_level=-1 x_level=1 kb_level=-1 shape_bad=0 x_each_worker_once=1
CASE_PASS m=15 n=8 sve16_entries=0 expected=0 old_entries=0 packed_entries=0 packed_expected=0
ALLOC_PASS m=15 n=9 small=1 history_expected=0 history_calls=0 history_bytes=0 history_success=0 history_fail=0 x_calls=4 x_bytes=3840 x_success=4 x_fail=0 kb_calls=0 kb_bytes=0 kb_success=0 kb_fail=0 total=4 injected=0 history_level=-1 x_level=1 kb_level=-1 shape_bad=0 x_each_worker_once=1
CASE_PASS m=15 n=9 sve16_entries=0 expected=0 old_entries=0 packed_entries=0 packed_expected=0
ALLOC_PASS m=15 n=17 small=1 history_expected=0 history_calls=0 history_bytes=0 history_success=0 history_fail=0 x_calls=4 x_bytes=3840 x_success=4 x_fail=0 kb_calls=0 kb_bytes=0 kb_success=0 kb_fail=0 total=4 injected=0 history_level=-1 x_level=1 kb_level=-1 shape_bad=0 x_each_worker_once=1
CASE_PASS m=15 n=17 sve16_entries=0 expected=0 old_entries=0 packed_entries=0 packed_expected=0
ALLOC_PASS m=16 n=1 small=1 history_expected=0 history_calls=0 history_bytes=0 history_success=0 history_fail=0 x_calls=4 x_bytes=4096 x_success=4 x_fail=0 kb_calls=0 kb_bytes=0 kb_success=0 kb_fail=0 total=4 injected=0 history_level=-1 x_level=1 kb_level=-1 shape_bad=0 x_each_worker_once=1
CASE_PASS m=16 n=1 sve16_entries=0 expected=0 old_entries=0 packed_entries=0 packed_expected=0
ALLOC_PASS m=16 n=7 small=1 history_expected=0 history_calls=0 history_bytes=0 history_success=0 history_fail=0 x_calls=4 x_bytes=4096 x_success=4 x_fail=0 kb_calls=0 kb_bytes=0 kb_success=0 kb_fail=0 total=4 injected=0 history_level=-1 x_level=1 kb_level=-1 shape_bad=0 x_each_worker_once=1
CASE_PASS m=16 n=7 sve16_entries=0 expected=0 old_entries=0 packed_entries=0 packed_expected=0
ALLOC_PASS m=16 n=8 small=1 history_expected=0 history_calls=0 history_bytes=0 history_success=0 history_fail=0 x_calls=4 x_bytes=4096 x_success=4 x_fail=0 kb_calls=0 kb_bytes=0 kb_success=0 kb_fail=0 total=4 injected=0 history_level=-1 x_level=1 kb_level=-1 shape_bad=0 x_each_worker_once=1
CASE_PASS m=16 n=8 sve16_entries=0 expected=0 old_entries=0 packed_entries=0 packed_expected=0
ALLOC_PASS m=16 n=9 small=1 history_expected=0 history_calls=0 history_bytes=0 history_success=0 history_fail=0 x_calls=4 x_bytes=4096 x_success=4 x_fail=0 kb_calls=0 kb_bytes=0 kb_success=0 kb_fail=0 total=4 injected=0 history_level=-1 x_level=1 kb_level=-1 shape_bad=0 x_each_worker_once=1
CASE_PASS m=16 n=9 sve16_entries=0 expected=0 old_entries=0 packed_entries=0 packed_expected=0
ALLOC_PASS m=16 n=17 small=1 history_expected=0 history_calls=0 history_bytes=0 history_success=0 history_fail=0 x_calls=4 x_bytes=4096 x_success=4 x_fail=0 kb_calls=0 kb_bytes=0 kb_success=0 kb_fail=0 total=4 injected=0 history_level=-1 x_level=1 kb_level=-1 shape_bad=0 x_each_worker_once=1
CASE_PASS m=16 n=17 sve16_entries=0 expected=0 old_entries=0 packed_entries=0 packed_expected=0
ALLOC_PASS m=17 n=1 small=1 history_expected=0 history_calls=0 history_bytes=0 history_success=0 history_fail=0 x_calls=4 x_bytes=4352 x_success=4 x_fail=0 kb_calls=0 kb_bytes=0 kb_success=0 kb_fail=0 total=4 injected=0 history_level=-1 x_level=1 kb_level=-1 shape_bad=0 x_each_worker_once=1
CASE_PASS m=17 n=1 sve16_entries=0 expected=0 old_entries=0 packed_entries=0 packed_expected=0
ALLOC_PASS m=17 n=7 small=1 history_expected=0 history_calls=0 history_bytes=0 history_success=0 history_fail=0 x_calls=4 x_bytes=4352 x_success=4 x_fail=0 kb_calls=0 kb_bytes=0 kb_success=0 kb_fail=0 total=4 injected=0 history_level=-1 x_level=1 kb_level=-1 shape_bad=0 x_each_worker_once=1
CASE_PASS m=17 n=7 sve16_entries=0 expected=0 old_entries=0 packed_entries=0 packed_expected=0
ALLOC_PASS m=17 n=8 small=1 history_expected=0 history_calls=0 history_bytes=0 history_success=0 history_fail=0 x_calls=4 x_bytes=4352 x_success=4 x_fail=0 kb_calls=0 kb_bytes=0 kb_success=0 kb_fail=0 total=4 injected=0 history_level=-1 x_level=1 kb_level=-1 shape_bad=0 x_each_worker_once=1
CASE_PASS m=17 n=8 sve16_entries=0 expected=0 old_entries=0 packed_entries=0 packed_expected=0
ALLOC_PASS m=17 n=9 small=1 history_expected=0 history_calls=0 history_bytes=0 history_success=0 history_fail=0 x_calls=4 x_bytes=4352 x_success=4 x_fail=0 kb_calls=0 kb_bytes=0 kb_success=0 kb_fail=0 total=4 injected=0 history_level=-1 x_level=1 kb_level=-1 shape_bad=0 x_each_worker_once=1
CASE_PASS m=17 n=9 sve16_entries=0 expected=0 old_entries=0 packed_entries=0 packed_expected=0
ALLOC_PASS m=17 n=17 small=1 history_expected=0 history_calls=0 history_bytes=0 history_success=0 history_fail=0 x_calls=4 x_bytes=4352 x_success=4 x_fail=0 kb_calls=0 kb_bytes=0 kb_success=0 kb_fail=0 total=4 injected=0 history_level=-1 x_level=1 kb_level=-1 shape_bad=0 x_each_worker_once=1
CASE_PASS m=17 n=17 sve16_entries=0 expected=0 old_entries=0 packed_entries=0 packed_expected=0
ALLOC_PASS m=31 n=1 small=1 history_expected=0 history_calls=0 history_bytes=0 history_success=0 history_fail=0 x_calls=4 x_bytes=7936 x_success=4 x_fail=0 kb_calls=0 kb_bytes=0 kb_success=0 kb_fail=0 total=4 injected=0 history_level=-1 x_level=1 kb_level=-1 shape_bad=0 x_each_worker_once=1
CASE_PASS m=31 n=1 sve16_entries=0 expected=0 old_entries=0 packed_entries=0 packed_expected=0
ALLOC_PASS m=31 n=7 small=1 history_expected=0 history_calls=0 history_bytes=0 history_success=0 history_fail=0 x_calls=4 x_bytes=7936 x_success=4 x_fail=0 kb_calls=0 kb_bytes=0 kb_success=0 kb_fail=0 total=4 injected=0 history_level=-1 x_level=1 kb_level=-1 shape_bad=0 x_each_worker_once=1
CASE_PASS m=31 n=7 sve16_entries=0 expected=0 old_entries=0 packed_entries=0 packed_expected=0
ALLOC_PASS m=31 n=8 small=1 history_expected=0 history_calls=0 history_bytes=0 history_success=0 history_fail=0 x_calls=4 x_bytes=7936 x_success=4 x_fail=0 kb_calls=0 kb_bytes=0 kb_success=0 kb_fail=0 total=4 injected=0 history_level=-1 x_level=1 kb_level=-1 shape_bad=0 x_each_worker_once=1
CASE_PASS m=31 n=8 sve16_entries=0 expected=0 old_entries=0 packed_entries=0 packed_expected=0
ALLOC_PASS m=31 n=9 small=1 history_expected=0 history_calls=0 history_bytes=0 history_success=0 history_fail=0 x_calls=4 x_bytes=7936 x_success=4 x_fail=0 kb_calls=0 kb_bytes=0 kb_success=0 kb_fail=0 total=4 injected=0 history_level=-1 x_level=1 kb_level=-1 shape_bad=0 x_each_worker_once=1
CASE_PASS m=31 n=9 sve16_entries=0 expected=0 old_entries=0 packed_entries=0 packed_expected=0
ALLOC_PASS m=31 n=17 small=1 history_expected=0 history_calls=0 history_bytes=0 history_success=0 history_fail=0 x_calls=4 x_bytes=7936 x_success=4 x_fail=0 kb_calls=0 kb_bytes=0 kb_success=0 kb_fail=0 total=4 injected=0 history_level=-1 x_level=1 kb_level=-1 shape_bad=0 x_each_worker_once=1
CASE_PASS m=31 n=17 sve16_entries=0 expected=0 old_entries=0 packed_entries=0 packed_expected=0
ALLOC_PASS m=32 n=1 small=1 history_expected=0 history_calls=0 history_bytes=0 history_success=0 history_fail=0 x_calls=4 x_bytes=8192 x_success=4 x_fail=0 kb_calls=0 kb_bytes=0 kb_success=0 kb_fail=0 total=4 injected=0 history_level=-1 x_level=1 kb_level=-1 shape_bad=0 x_each_worker_once=1
CASE_PASS m=32 n=1 sve16_entries=0 expected=0 old_entries=0 packed_entries=0 packed_expected=0
ALLOC_PASS m=32 n=7 small=1 history_expected=0 history_calls=0 history_bytes=0 history_success=0 history_fail=0 x_calls=4 x_bytes=8192 x_success=4 x_fail=0 kb_calls=0 kb_bytes=0 kb_success=0 kb_fail=0 total=4 injected=0 history_level=-1 x_level=1 kb_level=-1 shape_bad=0 x_each_worker_once=1
CASE_PASS m=32 n=7 sve16_entries=0 expected=0 old_entries=0 packed_entries=0 packed_expected=0
ALLOC_PASS m=32 n=8 small=1 history_expected=0 history_calls=0 history_bytes=0 history_success=0 history_fail=0 x_calls=4 x_bytes=8192 x_success=4 x_fail=0 kb_calls=0 kb_bytes=0 kb_success=0 kb_fail=0 total=4 injected=0 history_level=-1 x_level=1 kb_level=-1 shape_bad=0 x_each_worker_once=1
CASE_PASS m=32 n=8 sve16_entries=0 expected=0 old_entries=0 packed_entries=0 packed_expected=0
ALLOC_PASS m=32 n=9 small=1 history_expected=0 history_calls=0 history_bytes=0 history_success=0 history_fail=0 x_calls=4 x_bytes=8192 x_success=4 x_fail=0 kb_calls=0 kb_bytes=0 kb_success=0 kb_fail=0 total=4 injected=0 history_level=-1 x_level=1 kb_level=-1 shape_bad=0 x_each_worker_once=1
CASE_PASS m=32 n=9 sve16_entries=0 expected=0 old_entries=0 packed_entries=0 packed_expected=0
ALLOC_PASS m=32 n=17 small=1 history_expected=0 history_calls=0 history_bytes=0 history_success=0 history_fail=0 x_calls=4 x_bytes=8192 x_success=4 x_fail=0 kb_calls=0 kb_bytes=0 kb_success=0 kb_fail=0 total=4 injected=0 history_level=-1 x_level=1 kb_level=-1 shape_bad=0 x_each_worker_once=1
CASE_PASS m=32 n=17 sve16_entries=0 expected=0 old_entries=0 packed_entries=0 packed_expected=0
ALLOC_PASS m=33 n=1 small=1 history_expected=0 history_calls=0 history_bytes=0 history_success=0 history_fail=0 x_calls=4 x_bytes=8448 x_success=4 x_fail=0 kb_calls=0 kb_bytes=0 kb_success=0 kb_fail=0 total=4 injected=0 history_level=-1 x_level=1 kb_level=-1 shape_bad=0 x_each_worker_once=1
CASE_PASS m=33 n=1 sve16_entries=0 expected=0 old_entries=0 packed_entries=0 packed_expected=0
ALLOC_PASS m=33 n=7 small=1 history_expected=0 history_calls=0 history_bytes=0 history_success=0 history_fail=0 x_calls=4 x_bytes=8448 x_success=4 x_fail=0 kb_calls=0 kb_bytes=0 kb_success=0 kb_fail=0 total=4 injected=0 history_level=-1 x_level=1 kb_level=-1 shape_bad=0 x_each_worker_once=1
CASE_PASS m=33 n=7 sve16_entries=0 expected=0 old_entries=0 packed_entries=0 packed_expected=0
ALLOC_PASS m=33 n=8 small=1 history_expected=0 history_calls=0 history_bytes=0 history_success=0 history_fail=0 x_calls=4 x_bytes=8448 x_success=4 x_fail=0 kb_calls=0 kb_bytes=0 kb_success=0 kb_fail=0 total=4 injected=0 history_level=-1 x_level=1 kb_level=-1 shape_bad=0 x_each_worker_once=1
CASE_PASS m=33 n=8 sve16_entries=0 expected=0 old_entries=0 packed_entries=0 packed_expected=0
ALLOC_PASS m=33 n=9 small=1 history_expected=0 history_calls=0 history_bytes=0 history_success=0 history_fail=0 x_calls=4 x_bytes=8448 x_success=4 x_fail=0 kb_calls=0 kb_bytes=0 kb_success=0 kb_fail=0 total=4 injected=0 history_level=-1 x_level=1 kb_level=-1 shape_bad=0 x_each_worker_once=1
CASE_PASS m=33 n=9 sve16_entries=0 expected=0 old_entries=0 packed_entries=0 packed_expected=0
ALLOC_PASS m=33 n=17 small=1 history_expected=0 history_calls=0 history_bytes=0 history_success=0 history_fail=0 x_calls=4 x_bytes=8448 x_success=4 x_fail=0 kb_calls=0 kb_bytes=0 kb_success=0 kb_fail=0 total=4 injected=0 history_level=-1 x_level=1 kb_level=-1 shape_bad=0 x_each_worker_once=1
CASE_PASS m=33 n=17 sve16_entries=0 expected=0 old_entries=0 packed_entries=0 packed_expected=0
ALLOC_PASS m=63 n=1 small=1 history_expected=0 history_calls=0 history_bytes=0 history_success=0 history_fail=0 x_calls=4 x_bytes=16128 x_success=4 x_fail=0 kb_calls=0 kb_bytes=0 kb_success=0 kb_fail=0 total=4 injected=0 history_level=-1 x_level=1 kb_level=-1 shape_bad=0 x_each_worker_once=1
CASE_PASS m=63 n=1 sve16_entries=0 expected=0 old_entries=0 packed_entries=0 packed_expected=0
ALLOC_PASS m=63 n=7 small=1 history_expected=0 history_calls=0 history_bytes=0 history_success=0 history_fail=0 x_calls=4 x_bytes=16128 x_success=4 x_fail=0 kb_calls=0 kb_bytes=0 kb_success=0 kb_fail=0 total=4 injected=0 history_level=-1 x_level=1 kb_level=-1 shape_bad=0 x_each_worker_once=1
CASE_PASS m=63 n=7 sve16_entries=0 expected=0 old_entries=0 packed_entries=0 packed_expected=0
ALLOC_PASS m=63 n=8 small=1 history_expected=0 history_calls=0 history_bytes=0 history_success=0 history_fail=0 x_calls=4 x_bytes=16128 x_success=4 x_fail=0 kb_calls=0 kb_bytes=0 kb_success=0 kb_fail=0 total=4 injected=0 history_level=-1 x_level=1 kb_level=-1 shape_bad=0 x_each_worker_once=1
CASE_PASS m=63 n=8 sve16_entries=0 expected=0 old_entries=0 packed_entries=0 packed_expected=0
ALLOC_PASS m=63 n=9 small=1 history_expected=0 history_calls=0 history_bytes=0 history_success=0 history_fail=0 x_calls=4 x_bytes=16128 x_success=4 x_fail=0 kb_calls=0 kb_bytes=0 kb_success=0 kb_fail=0 total=4 injected=0 history_level=-1 x_level=1 kb_level=-1 shape_bad=0 x_each_worker_once=1
CASE_PASS m=63 n=9 sve16_entries=0 expected=0 old_entries=0 packed_entries=0 packed_expected=0
ALLOC_PASS m=63 n=17 small=1 history_expected=0 history_calls=0 history_bytes=0 history_success=0 history_fail=0 x_calls=4 x_bytes=16128 x_success=4 x_fail=0 kb_calls=0 kb_bytes=0 kb_success=0 kb_fail=0 total=4 injected=0 history_level=-1 x_level=1 kb_level=-1 shape_bad=0 x_each_worker_once=1
CASE_PASS m=63 n=17 sve16_entries=0 expected=0 old_entries=0 packed_entries=0 packed_expected=0
ALLOC_PASS m=64 n=1 small=1 history_expected=0 history_calls=0 history_bytes=0 history_success=0 history_fail=0 x_calls=4 x_bytes=16384 x_success=4 x_fail=0 kb_calls=0 kb_bytes=0 kb_success=0 kb_fail=0 total=4 injected=0 history_level=-1 x_level=1 kb_level=-1 shape_bad=0 x_each_worker_once=1
CASE_PASS m=64 n=1 sve16_entries=0 expected=0 old_entries=0 packed_entries=0 packed_expected=0
ALLOC_PASS m=64 n=7 small=1 history_expected=0 history_calls=0 history_bytes=0 history_success=0 history_fail=0 x_calls=4 x_bytes=16384 x_success=4 x_fail=0 kb_calls=0 kb_bytes=0 kb_success=0 kb_fail=0 total=4 injected=0 history_level=-1 x_level=1 kb_level=-1 shape_bad=0 x_each_worker_once=1
CASE_PASS m=64 n=7 sve16_entries=0 expected=0 old_entries=0 packed_entries=0 packed_expected=0
ALLOC_PASS m=64 n=8 small=1 history_expected=0 history_calls=0 history_bytes=0 history_success=0 history_fail=0 x_calls=4 x_bytes=16384 x_success=4 x_fail=0 kb_calls=0 kb_bytes=0 kb_success=0 kb_fail=0 total=4 injected=0 history_level=-1 x_level=1 kb_level=-1 shape_bad=0 x_each_worker_once=1
CASE_PASS m=64 n=8 sve16_entries=0 expected=0 old_entries=0 packed_entries=0 packed_expected=0
ALLOC_PASS m=64 n=9 small=1 history_expected=0 history_calls=0 history_bytes=0 history_success=0 history_fail=0 x_calls=4 x_bytes=16384 x_success=4 x_fail=0 kb_calls=0 kb_bytes=0 kb_success=0 kb_fail=0 total=4 injected=0 history_level=-1 x_level=1 kb_level=-1 shape_bad=0 x_each_worker_once=1
CASE_PASS m=64 n=9 sve16_entries=0 expected=0 old_entries=0 packed_entries=0 packed_expected=0
ALLOC_PASS m=64 n=17 small=1 history_expected=0 history_calls=0 history_bytes=0 history_success=0 history_fail=0 x_calls=4 x_bytes=16384 x_success=4 x_fail=0 kb_calls=0 kb_bytes=0 kb_success=0 kb_fail=0 total=4 injected=0 history_level=-1 x_level=1 kb_level=-1 shape_bad=0 x_each_worker_once=1
CASE_PASS m=64 n=17 sve16_entries=0 expected=0 old_entries=0 packed_entries=0 packed_expected=0
ALLOC_PASS m=65 n=1 small=1 history_expected=0 history_calls=0 history_bytes=0 history_success=0 history_fail=0 x_calls=4 x_bytes=16640 x_success=4 x_fail=0 kb_calls=0 kb_bytes=0 kb_success=0 kb_fail=0 total=4 injected=0 history_level=-1 x_level=1 kb_level=-1 shape_bad=0 x_each_worker_once=1
CASE_PASS m=65 n=1 sve16_entries=0 expected=0 old_entries=0 packed_entries=0 packed_expected=0
ALLOC_PASS m=65 n=7 small=1 history_expected=0 history_calls=0 history_bytes=0 history_success=0 history_fail=0 x_calls=4 x_bytes=16640 x_success=4 x_fail=0 kb_calls=0 kb_bytes=0 kb_success=0 kb_fail=0 total=4 injected=0 history_level=-1 x_level=1 kb_level=-1 shape_bad=0 x_each_worker_once=1
CASE_PASS m=65 n=7 sve16_entries=0 expected=0 old_entries=0 packed_entries=0 packed_expected=0
ALLOC_PASS m=65 n=8 small=1 history_expected=0 history_calls=0 history_bytes=0 history_success=0 history_fail=0 x_calls=4 x_bytes=16640 x_success=4 x_fail=0 kb_calls=0 kb_bytes=0 kb_success=0 kb_fail=0 total=4 injected=0 history_level=-1 x_level=1 kb_level=-1 shape_bad=0 x_each_worker_once=1
CASE_PASS m=65 n=8 sve16_entries=0 expected=0 old_entries=0 packed_entries=0 packed_expected=0
ALLOC_PASS m=65 n=9 small=1 history_expected=0 history_calls=0 history_bytes=0 history_success=0 history_fail=0 x_calls=4 x_bytes=16640 x_success=4 x_fail=0 kb_calls=0 kb_bytes=0 kb_success=0 kb_fail=0 total=4 injected=0 history_level=-1 x_level=1 kb_level=-1 shape_bad=0 x_each_worker_once=1
CASE_PASS m=65 n=9 sve16_entries=0 expected=0 old_entries=0 packed_entries=0 packed_expected=0
ALLOC_PASS m=65 n=17 small=1 history_expected=0 history_calls=0 history_bytes=0 history_success=0 history_fail=0 x_calls=4 x_bytes=16640 x_success=4 x_fail=0 kb_calls=0 kb_bytes=0 kb_success=0 kb_fail=0 total=4 injected=0 history_level=-1 x_level=1 kb_level=-1 shape_bad=0 x_each_worker_once=1
CASE_PASS m=65 n=17 sve16_entries=0 expected=0 old_entries=0 packed_entries=0 packed_expected=0
ALLOC_PASS m=255 n=1 small=1 history_expected=0 history_calls=0 history_bytes=0 history_success=0 history_fail=0 x_calls=4 x_bytes=65280 x_success=4 x_fail=0 kb_calls=0 kb_bytes=0 kb_success=0 kb_fail=0 total=4 injected=0 history_level=-1 x_level=1 kb_level=-1 shape_bad=0 x_each_worker_once=1
CASE_PASS m=255 n=1 sve16_entries=0 expected=0 old_entries=0 packed_entries=0 packed_expected=0
ALLOC_PASS m=255 n=7 small=1 history_expected=0 history_calls=0 history_bytes=0 history_success=0 history_fail=0 x_calls=4 x_bytes=65280 x_success=4 x_fail=0 kb_calls=0 kb_bytes=0 kb_success=0 kb_fail=0 total=4 injected=0 history_level=-1 x_level=1 kb_level=-1 shape_bad=0 x_each_worker_once=1
CASE_PASS m=255 n=7 sve16_entries=0 expected=0 old_entries=0 packed_entries=0 packed_expected=0
ALLOC_PASS m=255 n=8 small=1 history_expected=0 history_calls=0 history_bytes=0 history_success=0 history_fail=0 x_calls=4 x_bytes=65280 x_success=4 x_fail=0 kb_calls=0 kb_bytes=0 kb_success=0 kb_fail=0 total=4 injected=0 history_level=-1 x_level=1 kb_level=-1 shape_bad=0 x_each_worker_once=1
CASE_PASS m=255 n=8 sve16_entries=0 expected=0 old_entries=0 packed_entries=0 packed_expected=0
ALLOC_PASS m=255 n=9 small=1 history_expected=0 history_calls=0 history_bytes=0 history_success=0 history_fail=0 x_calls=4 x_bytes=65280 x_success=4 x_fail=0 kb_calls=0 kb_bytes=0 kb_success=0 kb_fail=0 total=4 injected=0 history_level=-1 x_level=1 kb_level=-1 shape_bad=0 x_each_worker_once=1
CASE_PASS m=255 n=9 sve16_entries=0 expected=0 old_entries=0 packed_entries=0 packed_expected=0
ALLOC_PASS m=255 n=17 small=1 history_expected=0 history_calls=0 history_bytes=0 history_success=0 history_fail=0 x_calls=4 x_bytes=65280 x_success=4 x_fail=0 kb_calls=0 kb_bytes=0 kb_success=0 kb_fail=0 total=4 injected=0 history_level=-1 x_level=1 kb_level=-1 shape_bad=0 x_each_worker_once=1
CASE_PASS m=255 n=17 sve16_entries=0 expected=0 old_entries=0 packed_entries=0 packed_expected=0
ALLOC_PASS m=256 n=1 small=1 history_expected=0 history_calls=0 history_bytes=0 history_success=0 history_fail=0 x_calls=4 x_bytes=65536 x_success=4 x_fail=0 kb_calls=0 kb_bytes=0 kb_success=0 kb_fail=0 total=4 injected=0 history_level=-1 x_level=1 kb_level=-1 shape_bad=0 x_each_worker_once=1
CASE_PASS m=256 n=1 sve16_entries=0 expected=0 old_entries=0 packed_entries=0 packed_expected=0
ALLOC_PASS m=256 n=7 small=1 history_expected=0 history_calls=0 history_bytes=0 history_success=0 history_fail=0 x_calls=4 x_bytes=65536 x_success=4 x_fail=0 kb_calls=0 kb_bytes=0 kb_success=0 kb_fail=0 total=4 injected=0 history_level=-1 x_level=1 kb_level=-1 shape_bad=0 x_each_worker_once=1
CASE_PASS m=256 n=7 sve16_entries=0 expected=0 old_entries=0 packed_entries=0 packed_expected=0
ALLOC_PASS m=256 n=8 small=1 history_expected=0 history_calls=0 history_bytes=0 history_success=0 history_fail=0 x_calls=4 x_bytes=65536 x_success=4 x_fail=0 kb_calls=0 kb_bytes=0 kb_success=0 kb_fail=0 total=4 injected=0 history_level=-1 x_level=1 kb_level=-1 shape_bad=0 x_each_worker_once=1
CASE_PASS m=256 n=8 sve16_entries=0 expected=0 old_entries=0 packed_entries=0 packed_expected=0
ALLOC_PASS m=256 n=9 small=1 history_expected=0 history_calls=0 history_bytes=0 history_success=0 history_fail=0 x_calls=4 x_bytes=65536 x_success=4 x_fail=0 kb_calls=0 kb_bytes=0 kb_success=0 kb_fail=0 total=4 injected=0 history_level=-1 x_level=1 kb_level=-1 shape_bad=0 x_each_worker_once=1
CASE_PASS m=256 n=9 sve16_entries=0 expected=0 old_entries=0 packed_entries=0 packed_expected=0
ALLOC_PASS m=256 n=17 small=1 history_expected=0 history_calls=0 history_bytes=0 history_success=0 history_fail=0 x_calls=4 x_bytes=65536 x_success=4 x_fail=0 kb_calls=0 kb_bytes=0 kb_success=0 kb_fail=0 total=4 injected=0 history_level=-1 x_level=1 kb_level=-1 shape_bad=0 x_each_worker_once=1
CASE_PASS m=256 n=17 sve16_entries=0 expected=0 old_entries=0 packed_entries=0 packed_expected=0
ALLOC_PASS m=257 n=1 small=1 history_expected=0 history_calls=0 history_bytes=0 history_success=0 history_fail=0 x_calls=4 x_bytes=65792 x_success=4 x_fail=0 kb_calls=0 kb_bytes=0 kb_success=0 kb_fail=0 total=4 injected=0 history_level=-1 x_level=1 kb_level=-1 shape_bad=0 x_each_worker_once=1
CASE_PASS m=257 n=1 sve16_entries=0 expected=0 old_entries=0 packed_entries=0 packed_expected=0
ALLOC_PASS m=257 n=7 small=1 history_expected=0 history_calls=0 history_bytes=0 history_success=0 history_fail=0 x_calls=4 x_bytes=65792 x_success=4 x_fail=0 kb_calls=0 kb_bytes=0 kb_success=0 kb_fail=0 total=4 injected=0 history_level=-1 x_level=1 kb_level=-1 shape_bad=0 x_each_worker_once=1
CASE_PASS m=257 n=7 sve16_entries=0 expected=0 old_entries=0 packed_entries=0 packed_expected=0
ALLOC_PASS m=257 n=8 small=1 history_expected=0 history_calls=0 history_bytes=0 history_success=0 history_fail=0 x_calls=4 x_bytes=65792 x_success=4 x_fail=0 kb_calls=0 kb_bytes=0 kb_success=0 kb_fail=0 total=4 injected=0 history_level=-1 x_level=1 kb_level=-1 shape_bad=0 x_each_worker_once=1
CASE_PASS m=257 n=8 sve16_entries=0 expected=0 old_entries=0 packed_entries=0 packed_expected=0
ALLOC_PASS m=257 n=9 small=1 history_expected=0 history_calls=0 history_bytes=0 history_success=0 history_fail=0 x_calls=4 x_bytes=65792 x_success=4 x_fail=0 kb_calls=0 kb_bytes=0 kb_success=0 kb_fail=0 total=4 injected=0 history_level=-1 x_level=1 kb_level=-1 shape_bad=0 x_each_worker_once=1
CASE_PASS m=257 n=9 sve16_entries=0 expected=0 old_entries=0 packed_entries=0 packed_expected=0
ALLOC_PASS m=257 n=17 small=1 history_expected=0 history_calls=0 history_bytes=0 history_success=0 history_fail=0 x_calls=4 x_bytes=65792 x_success=4 x_fail=0 kb_calls=0 kb_bytes=0 kb_success=0 kb_fail=0 total=4 injected=0 history_level=-1 x_level=1 kb_level=-1 shape_bad=0 x_each_worker_once=1
CASE_PASS m=257 n=17 sve16_entries=0 expected=0 old_entries=0 packed_entries=0 packed_expected=0
ALLOCATION_SUMMARY_PASS cases=80 budget_cases=0 shared_injection_cases=0
PASS whole_cases=80 noop_cases=4 non_dyadic_long_double_RHS=1 padding_L_unchanged=1 max_error=1.1102230246251565e-16
SOURCE_FEATURES_PASS panel16=1 packedL16=0 has_budget=0 history_budget_bytes=0
MODE=full THREADS=4 NARROW_VL=0 EXPECT_SVE16=0 EXPECT_PACKEDL16=0
ALLOC_PASS m=1 n=1 small=1 history_expected=0 history_calls=0 history_bytes=0 history_success=0 history_fail=0 x_calls=4 x_bytes=256 x_success=0 x_fail=4 kb_calls=0 kb_bytes=0 kb_success=0 kb_fail=0 total=4 injected=4 history_level=-1 x_level=1 kb_level=-1 shape_bad=0 x_each_worker_once=1
CASE_PASS m=1 n=1 sve16_entries=0 expected=0 old_entries=0 packed_entries=0 packed_expected=0
ALLOC_PASS m=1 n=7 small=1 history_expected=0 history_calls=0 history_bytes=0 history_success=0 history_fail=0 x_calls=4 x_bytes=256 x_success=0 x_fail=4 kb_calls=0 kb_bytes=0 kb_success=0 kb_fail=0 total=4 injected=4 history_level=-1 x_level=1 kb_level=-1 shape_bad=0 x_each_worker_once=1
CASE_PASS m=1 n=7 sve16_entries=0 expected=0 old_entries=0 packed_entries=0 packed_expected=0
ALLOC_PASS m=1 n=8 small=1 history_expected=0 history_calls=0 history_bytes=0 history_success=0 history_fail=0 x_calls=4 x_bytes=256 x_success=0 x_fail=4 kb_calls=0 kb_bytes=0 kb_success=0 kb_fail=0 total=4 injected=4 history_level=-1 x_level=1 kb_level=-1 shape_bad=0 x_each_worker_once=1
CASE_PASS m=1 n=8 sve16_entries=0 expected=0 old_entries=0 packed_entries=0 packed_expected=0
ALLOC_PASS m=1 n=9 small=1 history_expected=0 history_calls=0 history_bytes=0 history_success=0 history_fail=0 x_calls=4 x_bytes=256 x_success=0 x_fail=4 kb_calls=0 kb_bytes=0 kb_success=0 kb_fail=0 total=4 injected=4 history_level=-1 x_level=1 kb_level=-1 shape_bad=0 x_each_worker_once=1
CASE_PASS m=1 n=9 sve16_entries=0 expected=0 old_entries=0 packed_entries=0 packed_expected=0
ALLOC_PASS m=1 n=17 small=1 history_expected=0 history_calls=0 history_bytes=0 history_success=0 history_fail=0 x_calls=4 x_bytes=256 x_success=0 x_fail=4 kb_calls=0 kb_bytes=0 kb_success=0 kb_fail=0 total=4 injected=4 history_level=-1 x_level=1 kb_level=-1 shape_bad=0 x_each_worker_once=1
CASE_PASS m=1 n=17 sve16_entries=0 expected=0 old_entries=0 packed_entries=0 packed_expected=0
ALLOC_PASS m=3 n=1 small=1 history_expected=0 history_calls=0 history_bytes=0 history_success=0 history_fail=0 x_calls=4 x_bytes=768 x_success=0 x_fail=4 kb_calls=0 kb_bytes=0 kb_success=0 kb_fail=0 total=4 injected=4 history_level=-1 x_level=1 kb_level=-1 shape_bad=0 x_each_worker_once=1
CASE_PASS m=3 n=1 sve16_entries=0 expected=0 old_entries=0 packed_entries=0 packed_expected=0
ALLOC_PASS m=3 n=7 small=1 history_expected=0 history_calls=0 history_bytes=0 history_success=0 history_fail=0 x_calls=4 x_bytes=768 x_success=0 x_fail=4 kb_calls=0 kb_bytes=0 kb_success=0 kb_fail=0 total=4 injected=4 history_level=-1 x_level=1 kb_level=-1 shape_bad=0 x_each_worker_once=1
CASE_PASS m=3 n=7 sve16_entries=0 expected=0 old_entries=0 packed_entries=0 packed_expected=0
ALLOC_PASS m=3 n=8 small=1 history_expected=0 history_calls=0 history_bytes=0 history_success=0 history_fail=0 x_calls=4 x_bytes=768 x_success=0 x_fail=4 kb_calls=0 kb_bytes=0 kb_success=0 kb_fail=0 total=4 injected=4 history_level=-1 x_level=1 kb_level=-1 shape_bad=0 x_each_worker_once=1
CASE_PASS m=3 n=8 sve16_entries=0 expected=0 old_entries=0 packed_entries=0 packed_expected=0
ALLOC_PASS m=3 n=9 small=1 history_expected=0 history_calls=0 history_bytes=0 history_success=0 history_fail=0 x_calls=4 x_bytes=768 x_success=0 x_fail=4 kb_calls=0 kb_bytes=0 kb_success=0 kb_fail=0 total=4 injected=4 history_level=-1 x_level=1 kb_level=-1 shape_bad=0 x_each_worker_once=1
CASE_PASS m=3 n=9 sve16_entries=0 expected=0 old_entries=0 packed_entries=0 packed_expected=0
ALLOC_PASS m=3 n=17 small=1 history_expected=0 history_calls=0 history_bytes=0 history_success=0 history_fail=0 x_calls=4 x_bytes=768 x_success=0 x_fail=4 kb_calls=0 kb_bytes=0 kb_success=0 kb_fail=0 total=4 injected=4 history_level=-1 x_level=1 kb_level=-1 shape_bad=0 x_each_worker_once=1
CASE_PASS m=3 n=17 sve16_entries=0 expected=0 old_entries=0 packed_entries=0 packed_expected=0
ALLOC_PASS m=4 n=1 small=1 history_expected=0 history_calls=0 history_bytes=0 history_success=0 history_fail=0 x_calls=4 x_bytes=1024 x_success=0 x_fail=4 kb_calls=0 kb_bytes=0 kb_success=0 kb_fail=0 total=4 injected=4 history_level=-1 x_level=1 kb_level=-1 shape_bad=0 x_each_worker_once=1
CASE_PASS m=4 n=1 sve16_entries=0 expected=0 old_entries=0 packed_entries=0 packed_expected=0
ALLOC_PASS m=4 n=7 small=1 history_expected=0 history_calls=0 history_bytes=0 history_success=0 history_fail=0 x_calls=4 x_bytes=1024 x_success=0 x_fail=4 kb_calls=0 kb_bytes=0 kb_success=0 kb_fail=0 total=4 injected=4 history_level=-1 x_level=1 kb_level=-1 shape_bad=0 x_each_worker_once=1
CASE_PASS m=4 n=7 sve16_entries=0 expected=0 old_entries=0 packed_entries=0 packed_expected=0
ALLOC_PASS m=4 n=8 small=1 history_expected=0 history_calls=0 history_bytes=0 history_success=0 history_fail=0 x_calls=4 x_bytes=1024 x_success=0 x_fail=4 kb_calls=0 kb_bytes=0 kb_success=0 kb_fail=0 total=4 injected=4 history_level=-1 x_level=1 kb_level=-1 shape_bad=0 x_each_worker_once=1
CASE_PASS m=4 n=8 sve16_entries=0 expected=0 old_entries=0 packed_entries=0 packed_expected=0
ALLOC_PASS m=4 n=9 small=1 history_expected=0 history_calls=0 history_bytes=0 history_success=0 history_fail=0 x_calls=4 x_bytes=1024 x_success=0 x_fail=4 kb_calls=0 kb_bytes=0 kb_success=0 kb_fail=0 total=4 injected=4 history_level=-1 x_level=1 kb_level=-1 shape_bad=0 x_each_worker_once=1
CASE_PASS m=4 n=9 sve16_entries=0 expected=0 old_entries=0 packed_entries=0 packed_expected=0
ALLOC_PASS m=4 n=17 small=1 history_expected=0 history_calls=0 history_bytes=0 history_success=0 history_fail=0 x_calls=4 x_bytes=1024 x_success=0 x_fail=4 kb_calls=0 kb_bytes=0 kb_success=0 kb_fail=0 total=4 injected=4 history_level=-1 x_level=1 kb_level=-1 shape_bad=0 x_each_worker_once=1
CASE_PASS m=4 n=17 sve16_entries=0 expected=0 old_entries=0 packed_entries=0 packed_expected=0
ALLOC_PASS m=5 n=1 small=1 history_expected=0 history_calls=0 history_bytes=0 history_success=0 history_fail=0 x_calls=4 x_bytes=1280 x_success=0 x_fail=4 kb_calls=0 kb_bytes=0 kb_success=0 kb_fail=0 total=4 injected=4 history_level=-1 x_level=1 kb_level=-1 shape_bad=0 x_each_worker_once=1
CASE_PASS m=5 n=1 sve16_entries=0 expected=0 old_entries=0 packed_entries=0 packed_expected=0
ALLOC_PASS m=5 n=7 small=1 history_expected=0 history_calls=0 history_bytes=0 history_success=0 history_fail=0 x_calls=4 x_bytes=1280 x_success=0 x_fail=4 kb_calls=0 kb_bytes=0 kb_success=0 kb_fail=0 total=4 injected=4 history_level=-1 x_level=1 kb_level=-1 shape_bad=0 x_each_worker_once=1
CASE_PASS m=5 n=7 sve16_entries=0 expected=0 old_entries=0 packed_entries=0 packed_expected=0
ALLOC_PASS m=5 n=8 small=1 history_expected=0 history_calls=0 history_bytes=0 history_success=0 history_fail=0 x_calls=4 x_bytes=1280 x_success=0 x_fail=4 kb_calls=0 kb_bytes=0 kb_success=0 kb_fail=0 total=4 injected=4 history_level=-1 x_level=1 kb_level=-1 shape_bad=0 x_each_worker_once=1
CASE_PASS m=5 n=8 sve16_entries=0 expected=0 old_entries=0 packed_entries=0 packed_expected=0
ALLOC_PASS m=5 n=9 small=1 history_expected=0 history_calls=0 history_bytes=0 history_success=0 history_fail=0 x_calls=4 x_bytes=1280 x_success=0 x_fail=4 kb_calls=0 kb_bytes=0 kb_success=0 kb_fail=0 total=4 injected=4 history_level=-1 x_level=1 kb_level=-1 shape_bad=0 x_each_worker_once=1
CASE_PASS m=5 n=9 sve16_entries=0 expected=0 old_entries=0 packed_entries=0 packed_expected=0
ALLOC_PASS m=5 n=17 small=1 history_expected=0 history_calls=0 history_bytes=0 history_success=0 history_fail=0 x_calls=4 x_bytes=1280 x_success=0 x_fail=4 kb_calls=0 kb_bytes=0 kb_success=0 kb_fail=0 total=4 injected=4 history_level=-1 x_level=1 kb_level=-1 shape_bad=0 x_each_worker_once=1
CASE_PASS m=5 n=17 sve16_entries=0 expected=0 old_entries=0 packed_entries=0 packed_expected=0
ALLOC_PASS m=15 n=1 small=1 history_expected=0 history_calls=0 history_bytes=0 history_success=0 history_fail=0 x_calls=4 x_bytes=3840 x_success=0 x_fail=4 kb_calls=0 kb_bytes=0 kb_success=0 kb_fail=0 total=4 injected=4 history_level=-1 x_level=1 kb_level=-1 shape_bad=0 x_each_worker_once=1
CASE_PASS m=15 n=1 sve16_entries=0 expected=0 old_entries=0 packed_entries=0 packed_expected=0
ALLOC_PASS m=15 n=7 small=1 history_expected=0 history_calls=0 history_bytes=0 history_success=0 history_fail=0 x_calls=4 x_bytes=3840 x_success=0 x_fail=4 kb_calls=0 kb_bytes=0 kb_success=0 kb_fail=0 total=4 injected=4 history_level=-1 x_level=1 kb_level=-1 shape_bad=0 x_each_worker_once=1
CASE_PASS m=15 n=7 sve16_entries=0 expected=0 old_entries=0 packed_entries=0 packed_expected=0
ALLOC_PASS m=15 n=8 small=1 history_expected=0 history_calls=0 history_bytes=0 history_success=0 history_fail=0 x_calls=4 x_bytes=3840 x_success=0 x_fail=4 kb_calls=0 kb_bytes=0 kb_success=0 kb_fail=0 total=4 injected=4 history_level=-1 x_level=1 kb_level=-1 shape_bad=0 x_each_worker_once=1
CASE_PASS m=15 n=8 sve16_entries=0 expected=0 old_entries=0 packed_entries=0 packed_expected=0
ALLOC_PASS m=15 n=9 small=1 history_expected=0 history_calls=0 history_bytes=0 history_success=0 history_fail=0 x_calls=4 x_bytes=3840 x_success=0 x_fail=4 kb_calls=0 kb_bytes=0 kb_success=0 kb_fail=0 total=4 injected=4 history_level=-1 x_level=1 kb_level=-1 shape_bad=0 x_each_worker_once=1
CASE_PASS m=15 n=9 sve16_entries=0 expected=0 old_entries=0 packed_entries=0 packed_expected=0
ALLOC_PASS m=15 n=17 small=1 history_expected=0 history_calls=0 history_bytes=0 history_success=0 history_fail=0 x_calls=4 x_bytes=3840 x_success=0 x_fail=4 kb_calls=0 kb_bytes=0 kb_success=0 kb_fail=0 total=4 injected=4 history_level=-1 x_level=1 kb_level=-1 shape_bad=0 x_each_worker_once=1
CASE_PASS m=15 n=17 sve16_entries=0 expected=0 old_entries=0 packed_entries=0 packed_expected=0
ALLOC_PASS m=16 n=1 small=1 history_expected=0 history_calls=0 history_bytes=0 history_success=0 history_fail=0 x_calls=4 x_bytes=4096 x_success=0 x_fail=4 kb_calls=0 kb_bytes=0 kb_success=0 kb_fail=0 total=4 injected=4 history_level=-1 x_level=1 kb_level=-1 shape_bad=0 x_each_worker_once=1
CASE_PASS m=16 n=1 sve16_entries=0 expected=0 old_entries=0 packed_entries=0 packed_expected=0
ALLOC_PASS m=16 n=7 small=1 history_expected=0 history_calls=0 history_bytes=0 history_success=0 history_fail=0 x_calls=4 x_bytes=4096 x_success=0 x_fail=4 kb_calls=0 kb_bytes=0 kb_success=0 kb_fail=0 total=4 injected=4 history_level=-1 x_level=1 kb_level=-1 shape_bad=0 x_each_worker_once=1
CASE_PASS m=16 n=7 sve16_entries=0 expected=0 old_entries=0 packed_entries=0 packed_expected=0
ALLOC_PASS m=16 n=8 small=1 history_expected=0 history_calls=0 history_bytes=0 history_success=0 history_fail=0 x_calls=4 x_bytes=4096 x_success=0 x_fail=4 kb_calls=0 kb_bytes=0 kb_success=0 kb_fail=0 total=4 injected=4 history_level=-1 x_level=1 kb_level=-1 shape_bad=0 x_each_worker_once=1
CASE_PASS m=16 n=8 sve16_entries=0 expected=0 old_entries=0 packed_entries=0 packed_expected=0
ALLOC_PASS m=16 n=9 small=1 history_expected=0 history_calls=0 history_bytes=0 history_success=0 history_fail=0 x_calls=4 x_bytes=4096 x_success=0 x_fail=4 kb_calls=0 kb_bytes=0 kb_success=0 kb_fail=0 total=4 injected=4 history_level=-1 x_level=1 kb_level=-1 shape_bad=0 x_each_worker_once=1
CASE_PASS m=16 n=9 sve16_entries=0 expected=0 old_entries=0 packed_entries=0 packed_expected=0
ALLOC_PASS m=16 n=17 small=1 history_expected=0 history_calls=0 history_bytes=0 history_success=0 history_fail=0 x_calls=4 x_bytes=4096 x_success=0 x_fail=4 kb_calls=0 kb_bytes=0 kb_success=0 kb_fail=0 total=4 injected=4 history_level=-1 x_level=1 kb_level=-1 shape_bad=0 x_each_worker_once=1
CASE_PASS m=16 n=17 sve16_entries=0 expected=0 old_entries=0 packed_entries=0 packed_expected=0
ALLOC_PASS m=17 n=1 small=1 history_expected=0 history_calls=0 history_bytes=0 history_success=0 history_fail=0 x_calls=4 x_bytes=4352 x_success=0 x_fail=4 kb_calls=0 kb_bytes=0 kb_success=0 kb_fail=0 total=4 injected=4 history_level=-1 x_level=1 kb_level=-1 shape_bad=0 x_each_worker_once=1
CASE_PASS m=17 n=1 sve16_entries=0 expected=0 old_entries=0 packed_entries=0 packed_expected=0
ALLOC_PASS m=17 n=7 small=1 history_expected=0 history_calls=0 history_bytes=0 history_success=0 history_fail=0 x_calls=4 x_bytes=4352 x_success=0 x_fail=4 kb_calls=0 kb_bytes=0 kb_success=0 kb_fail=0 total=4 injected=4 history_level=-1 x_level=1 kb_level=-1 shape_bad=0 x_each_worker_once=1
CASE_PASS m=17 n=7 sve16_entries=0 expected=0 old_entries=0 packed_entries=0 packed_expected=0
ALLOC_PASS m=17 n=8 small=1 history_expected=0 history_calls=0 history_bytes=0 history_success=0 history_fail=0 x_calls=4 x_bytes=4352 x_success=0 x_fail=4 kb_calls=0 kb_bytes=0 kb_success=0 kb_fail=0 total=4 injected=4 history_level=-1 x_level=1 kb_level=-1 shape_bad=0 x_each_worker_once=1
CASE_PASS m=17 n=8 sve16_entries=0 expected=0 old_entries=0 packed_entries=0 packed_expected=0
ALLOC_PASS m=17 n=9 small=1 history_expected=0 history_calls=0 history_bytes=0 history_success=0 history_fail=0 x_calls=4 x_bytes=4352 x_success=0 x_fail=4 kb_calls=0 kb_bytes=0 kb_success=0 kb_fail=0 total=4 injected=4 history_level=-1 x_level=1 kb_level=-1 shape_bad=0 x_each_worker_once=1
CASE_PASS m=17 n=9 sve16_entries=0 expected=0 old_entries=0 packed_entries=0 packed_expected=0
ALLOC_PASS m=17 n=17 small=1 history_expected=0 history_calls=0 history_bytes=0 history_success=0 history_fail=0 x_calls=4 x_bytes=4352 x_success=0 x_fail=4 kb_calls=0 kb_bytes=0 kb_success=0 kb_fail=0 total=4 injected=4 history_level=-1 x_level=1 kb_level=-1 shape_bad=0 x_each_worker_once=1
CASE_PASS m=17 n=17 sve16_entries=0 expected=0 old_entries=0 packed_entries=0 packed_expected=0
ALLOC_PASS m=31 n=1 small=1 history_expected=0 history_calls=0 history_bytes=0 history_success=0 history_fail=0 x_calls=4 x_bytes=7936 x_success=0 x_fail=4 kb_calls=0 kb_bytes=0 kb_success=0 kb_fail=0 total=4 injected=4 history_level=-1 x_level=1 kb_level=-1 shape_bad=0 x_each_worker_once=1
CASE_PASS m=31 n=1 sve16_entries=0 expected=0 old_entries=0 packed_entries=0 packed_expected=0
ALLOC_PASS m=31 n=7 small=1 history_expected=0 history_calls=0 history_bytes=0 history_success=0 history_fail=0 x_calls=4 x_bytes=7936 x_success=0 x_fail=4 kb_calls=0 kb_bytes=0 kb_success=0 kb_fail=0 total=4 injected=4 history_level=-1 x_level=1 kb_level=-1 shape_bad=0 x_each_worker_once=1
CASE_PASS m=31 n=7 sve16_entries=0 expected=0 old_entries=0 packed_entries=0 packed_expected=0
ALLOC_PASS m=31 n=8 small=1 history_expected=0 history_calls=0 history_bytes=0 history_success=0 history_fail=0 x_calls=4 x_bytes=7936 x_success=0 x_fail=4 kb_calls=0 kb_bytes=0 kb_success=0 kb_fail=0 total=4 injected=4 history_level=-1 x_level=1 kb_level=-1 shape_bad=0 x_each_worker_once=1
CASE_PASS m=31 n=8 sve16_entries=0 expected=0 old_entries=0 packed_entries=0 packed_expected=0
ALLOC_PASS m=31 n=9 small=1 history_expected=0 history_calls=0 history_bytes=0 history_success=0 history_fail=0 x_calls=4 x_bytes=7936 x_success=0 x_fail=4 kb_calls=0 kb_bytes=0 kb_success=0 kb_fail=0 total=4 injected=4 history_level=-1 x_level=1 kb_level=-1 shape_bad=0 x_each_worker_once=1
CASE_PASS m=31 n=9 sve16_entries=0 expected=0 old_entries=0 packed_entries=0 packed_expected=0
ALLOC_PASS m=31 n=17 small=1 history_expected=0 history_calls=0 history_bytes=0 history_success=0 history_fail=0 x_calls=4 x_bytes=7936 x_success=0 x_fail=4 kb_calls=0 kb_bytes=0 kb_success=0 kb_fail=0 total=4 injected=4 history_level=-1 x_level=1 kb_level=-1 shape_bad=0 x_each_worker_once=1
CASE_PASS m=31 n=17 sve16_entries=0 expected=0 old_entries=0 packed_entries=0 packed_expected=0
ALLOC_PASS m=32 n=1 small=1 history_expected=0 history_calls=0 history_bytes=0 history_success=0 history_fail=0 x_calls=4 x_bytes=8192 x_success=0 x_fail=4 kb_calls=0 kb_bytes=0 kb_success=0 kb_fail=0 total=4 injected=4 history_level=-1 x_level=1 kb_level=-1 shape_bad=0 x_each_worker_once=1
CASE_PASS m=32 n=1 sve16_entries=0 expected=0 old_entries=0 packed_entries=0 packed_expected=0
ALLOC_PASS m=32 n=7 small=1 history_expected=0 history_calls=0 history_bytes=0 history_success=0 history_fail=0 x_calls=4 x_bytes=8192 x_success=0 x_fail=4 kb_calls=0 kb_bytes=0 kb_success=0 kb_fail=0 total=4 injected=4 history_level=-1 x_level=1 kb_level=-1 shape_bad=0 x_each_worker_once=1
CASE_PASS m=32 n=7 sve16_entries=0 expected=0 old_entries=0 packed_entries=0 packed_expected=0
ALLOC_PASS m=32 n=8 small=1 history_expected=0 history_calls=0 history_bytes=0 history_success=0 history_fail=0 x_calls=4 x_bytes=8192 x_success=0 x_fail=4 kb_calls=0 kb_bytes=0 kb_success=0 kb_fail=0 total=4 injected=4 history_level=-1 x_level=1 kb_level=-1 shape_bad=0 x_each_worker_once=1
CASE_PASS m=32 n=8 sve16_entries=0 expected=0 old_entries=0 packed_entries=0 packed_expected=0
ALLOC_PASS m=32 n=9 small=1 history_expected=0 history_calls=0 history_bytes=0 history_success=0 history_fail=0 x_calls=4 x_bytes=8192 x_success=0 x_fail=4 kb_calls=0 kb_bytes=0 kb_success=0 kb_fail=0 total=4 injected=4 history_level=-1 x_level=1 kb_level=-1 shape_bad=0 x_each_worker_once=1
CASE_PASS m=32 n=9 sve16_entries=0 expected=0 old_entries=0 packed_entries=0 packed_expected=0
ALLOC_PASS m=32 n=17 small=1 history_expected=0 history_calls=0 history_bytes=0 history_success=0 history_fail=0 x_calls=4 x_bytes=8192 x_success=0 x_fail=4 kb_calls=0 kb_bytes=0 kb_success=0 kb_fail=0 total=4 injected=4 history_level=-1 x_level=1 kb_level=-1 shape_bad=0 x_each_worker_once=1
CASE_PASS m=32 n=17 sve16_entries=0 expected=0 old_entries=0 packed_entries=0 packed_expected=0
ALLOC_PASS m=33 n=1 small=1 history_expected=0 history_calls=0 history_bytes=0 history_success=0 history_fail=0 x_calls=4 x_bytes=8448 x_success=0 x_fail=4 kb_calls=0 kb_bytes=0 kb_success=0 kb_fail=0 total=4 injected=4 history_level=-1 x_level=1 kb_level=-1 shape_bad=0 x_each_worker_once=1
CASE_PASS m=33 n=1 sve16_entries=0 expected=0 old_entries=0 packed_entries=0 packed_expected=0
ALLOC_PASS m=33 n=7 small=1 history_expected=0 history_calls=0 history_bytes=0 history_success=0 history_fail=0 x_calls=4 x_bytes=8448 x_success=0 x_fail=4 kb_calls=0 kb_bytes=0 kb_success=0 kb_fail=0 total=4 injected=4 history_level=-1 x_level=1 kb_level=-1 shape_bad=0 x_each_worker_once=1
CASE_PASS m=33 n=7 sve16_entries=0 expected=0 old_entries=0 packed_entries=0 packed_expected=0
ALLOC_PASS m=33 n=8 small=1 history_expected=0 history_calls=0 history_bytes=0 history_success=0 history_fail=0 x_calls=4 x_bytes=8448 x_success=0 x_fail=4 kb_calls=0 kb_bytes=0 kb_success=0 kb_fail=0 total=4 injected=4 history_level=-1 x_level=1 kb_level=-1 shape_bad=0 x_each_worker_once=1
CASE_PASS m=33 n=8 sve16_entries=0 expected=0 old_entries=0 packed_entries=0 packed_expected=0
ALLOC_PASS m=33 n=9 small=1 history_expected=0 history_calls=0 history_bytes=0 history_success=0 history_fail=0 x_calls=4 x_bytes=8448 x_success=0 x_fail=4 kb_calls=0 kb_bytes=0 kb_success=0 kb_fail=0 total=4 injected=4 history_level=-1 x_level=1 kb_level=-1 shape_bad=0 x_each_worker_once=1
CASE_PASS m=33 n=9 sve16_entries=0 expected=0 old_entries=0 packed_entries=0 packed_expected=0
ALLOC_PASS m=33 n=17 small=1 history_expected=0 history_calls=0 history_bytes=0 history_success=0 history_fail=0 x_calls=4 x_bytes=8448 x_success=0 x_fail=4 kb_calls=0 kb_bytes=0 kb_success=0 kb_fail=0 total=4 injected=4 history_level=-1 x_level=1 kb_level=-1 shape_bad=0 x_each_worker_once=1
CASE_PASS m=33 n=17 sve16_entries=0 expected=0 old_entries=0 packed_entries=0 packed_expected=0
ALLOC_PASS m=63 n=1 small=1 history_expected=0 history_calls=0 history_bytes=0 history_success=0 history_fail=0 x_calls=4 x_bytes=16128 x_success=0 x_fail=4 kb_calls=0 kb_bytes=0 kb_success=0 kb_fail=0 total=4 injected=4 history_level=-1 x_level=1 kb_level=-1 shape_bad=0 x_each_worker_once=1
CASE_PASS m=63 n=1 sve16_entries=0 expected=0 old_entries=0 packed_entries=0 packed_expected=0
ALLOC_PASS m=63 n=7 small=1 history_expected=0 history_calls=0 history_bytes=0 history_success=0 history_fail=0 x_calls=4 x_bytes=16128 x_success=0 x_fail=4 kb_calls=0 kb_bytes=0 kb_success=0 kb_fail=0 total=4 injected=4 history_level=-1 x_level=1 kb_level=-1 shape_bad=0 x_each_worker_once=1
CASE_PASS m=63 n=7 sve16_entries=0 expected=0 old_entries=0 packed_entries=0 packed_expected=0
ALLOC_PASS m=63 n=8 small=1 history_expected=0 history_calls=0 history_bytes=0 history_success=0 history_fail=0 x_calls=4 x_bytes=16128 x_success=0 x_fail=4 kb_calls=0 kb_bytes=0 kb_success=0 kb_fail=0 total=4 injected=4 history_level=-1 x_level=1 kb_level=-1 shape_bad=0 x_each_worker_once=1
CASE_PASS m=63 n=8 sve16_entries=0 expected=0 old_entries=0 packed_entries=0 packed_expected=0
ALLOC_PASS m=63 n=9 small=1 history_expected=0 history_calls=0 history_bytes=0 history_success=0 history_fail=0 x_calls=4 x_bytes=16128 x_success=0 x_fail=4 kb_calls=0 kb_bytes=0 kb_success=0 kb_fail=0 total=4 injected=4 history_level=-1 x_level=1 kb_level=-1 shape_bad=0 x_each_worker_once=1
CASE_PASS m=63 n=9 sve16_entries=0 expected=0 old_entries=0 packed_entries=0 packed_expected=0
ALLOC_PASS m=63 n=17 small=1 history_expected=0 history_calls=0 history_bytes=0 history_success=0 history_fail=0 x_calls=4 x_bytes=16128 x_success=0 x_fail=4 kb_calls=0 kb_bytes=0 kb_success=0 kb_fail=0 total=4 injected=4 history_level=-1 x_level=1 kb_level=-1 shape_bad=0 x_each_worker_once=1
CASE_PASS m=63 n=17 sve16_entries=0 expected=0 old_entries=0 packed_entries=0 packed_expected=0
ALLOC_PASS m=64 n=1 small=1 history_expected=0 history_calls=0 history_bytes=0 history_success=0 history_fail=0 x_calls=4 x_bytes=16384 x_success=0 x_fail=4 kb_calls=0 kb_bytes=0 kb_success=0 kb_fail=0 total=4 injected=4 history_level=-1 x_level=1 kb_level=-1 shape_bad=0 x_each_worker_once=1
CASE_PASS m=64 n=1 sve16_entries=0 expected=0 old_entries=0 packed_entries=0 packed_expected=0
ALLOC_PASS m=64 n=7 small=1 history_expected=0 history_calls=0 history_bytes=0 history_success=0 history_fail=0 x_calls=4 x_bytes=16384 x_success=0 x_fail=4 kb_calls=0 kb_bytes=0 kb_success=0 kb_fail=0 total=4 injected=4 history_level=-1 x_level=1 kb_level=-1 shape_bad=0 x_each_worker_once=1
CASE_PASS m=64 n=7 sve16_entries=0 expected=0 old_entries=0 packed_entries=0 packed_expected=0
ALLOC_PASS m=64 n=8 small=1 history_expected=0 history_calls=0 history_bytes=0 history_success=0 history_fail=0 x_calls=4 x_bytes=16384 x_success=0 x_fail=4 kb_calls=0 kb_bytes=0 kb_success=0 kb_fail=0 total=4 injected=4 history_level=-1 x_level=1 kb_level=-1 shape_bad=0 x_each_worker_once=1
CASE_PASS m=64 n=8 sve16_entries=0 expected=0 old_entries=0 packed_entries=0 packed_expected=0
ALLOC_PASS m=64 n=9 small=1 history_expected=0 history_calls=0 history_bytes=0 history_success=0 history_fail=0 x_calls=4 x_bytes=16384 x_success=0 x_fail=4 kb_calls=0 kb_bytes=0 kb_success=0 kb_fail=0 total=4 injected=4 history_level=-1 x_level=1 kb_level=-1 shape_bad=0 x_each_worker_once=1
CASE_PASS m=64 n=9 sve16_entries=0 expected=0 old_entries=0 packed_entries=0 packed_expected=0
ALLOC_PASS m=64 n=17 small=1 history_expected=0 history_calls=0 history_bytes=0 history_success=0 history_fail=0 x_calls=4 x_bytes=16384 x_success=0 x_fail=4 kb_calls=0 kb_bytes=0 kb_success=0 kb_fail=0 total=4 injected=4 history_level=-1 x_level=1 kb_level=-1 shape_bad=0 x_each_worker_once=1
CASE_PASS m=64 n=17 sve16_entries=0 expected=0 old_entries=0 packed_entries=0 packed_expected=0
ALLOC_PASS m=65 n=1 small=1 history_expected=0 history_calls=0 history_bytes=0 history_success=0 history_fail=0 x_calls=4 x_bytes=16640 x_success=0 x_fail=4 kb_calls=0 kb_bytes=0 kb_success=0 kb_fail=0 total=4 injected=4 history_level=-1 x_level=1 kb_level=-1 shape_bad=0 x_each_worker_once=1
CASE_PASS m=65 n=1 sve16_entries=0 expected=0 old_entries=0 packed_entries=0 packed_expected=0
ALLOC_PASS m=65 n=7 small=1 history_expected=0 history_calls=0 history_bytes=0 history_success=0 history_fail=0 x_calls=4 x_bytes=16640 x_success=0 x_fail=4 kb_calls=0 kb_bytes=0 kb_success=0 kb_fail=0 total=4 injected=4 history_level=-1 x_level=1 kb_level=-1 shape_bad=0 x_each_worker_once=1
CASE_PASS m=65 n=7 sve16_entries=0 expected=0 old_entries=0 packed_entries=0 packed_expected=0
ALLOC_PASS m=65 n=8 small=1 history_expected=0 history_calls=0 history_bytes=0 history_success=0 history_fail=0 x_calls=4 x_bytes=16640 x_success=0 x_fail=4 kb_calls=0 kb_bytes=0 kb_success=0 kb_fail=0 total=4 injected=4 history_level=-1 x_level=1 kb_level=-1 shape_bad=0 x_each_worker_once=1
CASE_PASS m=65 n=8 sve16_entries=0 expected=0 old_entries=0 packed_entries=0 packed_expected=0
ALLOC_PASS m=65 n=9 small=1 history_expected=0 history_calls=0 history_bytes=0 history_success=0 history_fail=0 x_calls=4 x_bytes=16640 x_success=0 x_fail=4 kb_calls=0 kb_bytes=0 kb_success=0 kb_fail=0 total=4 injected=4 history_level=-1 x_level=1 kb_level=-1 shape_bad=0 x_each_worker_once=1
CASE_PASS m=65 n=9 sve16_entries=0 expected=0 old_entries=0 packed_entries=0 packed_expected=0
ALLOC_PASS m=65 n=17 small=1 history_expected=0 history_calls=0 history_bytes=0 history_success=0 history_fail=0 x_calls=4 x_bytes=16640 x_success=0 x_fail=4 kb_calls=0 kb_bytes=0 kb_success=0 kb_fail=0 total=4 injected=4 history_level=-1 x_level=1 kb_level=-1 shape_bad=0 x_each_worker_once=1
CASE_PASS m=65 n=17 sve16_entries=0 expected=0 old_entries=0 packed_entries=0 packed_expected=0
ALLOC_PASS m=255 n=1 small=1 history_expected=0 history_calls=0 history_bytes=0 history_success=0 history_fail=0 x_calls=4 x_bytes=65280 x_success=0 x_fail=4 kb_calls=0 kb_bytes=0 kb_success=0 kb_fail=0 total=4 injected=4 history_level=-1 x_level=1 kb_level=-1 shape_bad=0 x_each_worker_once=1
CASE_PASS m=255 n=1 sve16_entries=0 expected=0 old_entries=0 packed_entries=0 packed_expected=0
ALLOC_PASS m=255 n=7 small=1 history_expected=0 history_calls=0 history_bytes=0 history_success=0 history_fail=0 x_calls=4 x_bytes=65280 x_success=0 x_fail=4 kb_calls=0 kb_bytes=0 kb_success=0 kb_fail=0 total=4 injected=4 history_level=-1 x_level=1 kb_level=-1 shape_bad=0 x_each_worker_once=1
CASE_PASS m=255 n=7 sve16_entries=0 expected=0 old_entries=0 packed_entries=0 packed_expected=0
ALLOC_PASS m=255 n=8 small=1 history_expected=0 history_calls=0 history_bytes=0 history_success=0 history_fail=0 x_calls=4 x_bytes=65280 x_success=0 x_fail=4 kb_calls=0 kb_bytes=0 kb_success=0 kb_fail=0 total=4 injected=4 history_level=-1 x_level=1 kb_level=-1 shape_bad=0 x_each_worker_once=1
CASE_PASS m=255 n=8 sve16_entries=0 expected=0 old_entries=0 packed_entries=0 packed_expected=0
ALLOC_PASS m=255 n=9 small=1 history_expected=0 history_calls=0 history_bytes=0 history_success=0 history_fail=0 x_calls=4 x_bytes=65280 x_success=0 x_fail=4 kb_calls=0 kb_bytes=0 kb_success=0 kb_fail=0 total=4 injected=4 history_level=-1 x_level=1 kb_level=-1 shape_bad=0 x_each_worker_once=1
CASE_PASS m=255 n=9 sve16_entries=0 expected=0 old_entries=0 packed_entries=0 packed_expected=0
ALLOC_PASS m=255 n=17 small=1 history_expected=0 history_calls=0 history_bytes=0 history_success=0 history_fail=0 x_calls=4 x_bytes=65280 x_success=0 x_fail=4 kb_calls=0 kb_bytes=0 kb_success=0 kb_fail=0 total=4 injected=4 history_level=-1 x_level=1 kb_level=-1 shape_bad=0 x_each_worker_once=1
CASE_PASS m=255 n=17 sve16_entries=0 expected=0 old_entries=0 packed_entries=0 packed_expected=0
ALLOC_PASS m=256 n=1 small=1 history_expected=0 history_calls=0 history_bytes=0 history_success=0 history_fail=0 x_calls=4 x_bytes=65536 x_success=0 x_fail=4 kb_calls=0 kb_bytes=0 kb_success=0 kb_fail=0 total=4 injected=4 history_level=-1 x_level=1 kb_level=-1 shape_bad=0 x_each_worker_once=1
CASE_PASS m=256 n=1 sve16_entries=0 expected=0 old_entries=0 packed_entries=0 packed_expected=0
ALLOC_PASS m=256 n=7 small=1 history_expected=0 history_calls=0 history_bytes=0 history_success=0 history_fail=0 x_calls=4 x_bytes=65536 x_success=0 x_fail=4 kb_calls=0 kb_bytes=0 kb_success=0 kb_fail=0 total=4 injected=4 history_level=-1 x_level=1 kb_level=-1 shape_bad=0 x_each_worker_once=1
CASE_PASS m=256 n=7 sve16_entries=0 expected=0 old_entries=0 packed_entries=0 packed_expected=0
ALLOC_PASS m=256 n=8 small=1 history_expected=0 history_calls=0 history_bytes=0 history_success=0 history_fail=0 x_calls=4 x_bytes=65536 x_success=0 x_fail=4 kb_calls=0 kb_bytes=0 kb_success=0 kb_fail=0 total=4 injected=4 history_level=-1 x_level=1 kb_level=-1 shape_bad=0 x_each_worker_once=1
CASE_PASS m=256 n=8 sve16_entries=0 expected=0 old_entries=0 packed_entries=0 packed_expected=0
ALLOC_PASS m=256 n=9 small=1 history_expected=0 history_calls=0 history_bytes=0 history_success=0 history_fail=0 x_calls=4 x_bytes=65536 x_success=0 x_fail=4 kb_calls=0 kb_bytes=0 kb_success=0 kb_fail=0 total=4 injected=4 history_level=-1 x_level=1 kb_level=-1 shape_bad=0 x_each_worker_once=1
CASE_PASS m=256 n=9 sve16_entries=0 expected=0 old_entries=0 packed_entries=0 packed_expected=0
ALLOC_PASS m=256 n=17 small=1 history_expected=0 history_calls=0 history_bytes=0 history_success=0 history_fail=0 x_calls=4 x_bytes=65536 x_success=0 x_fail=4 kb_calls=0 kb_bytes=0 kb_success=0 kb_fail=0 total=4 injected=4 history_level=-1 x_level=1 kb_level=-1 shape_bad=0 x_each_worker_once=1
CASE_PASS m=256 n=17 sve16_entries=0 expected=0 old_entries=0 packed_entries=0 packed_expected=0
ALLOC_PASS m=257 n=1 small=1 history_expected=0 history_calls=0 history_bytes=0 history_success=0 history_fail=0 x_calls=4 x_bytes=65792 x_success=0 x_fail=4 kb_calls=0 kb_bytes=0 kb_success=0 kb_fail=0 total=4 injected=4 history_level=-1 x_level=1 kb_level=-1 shape_bad=0 x_each_worker_once=1
CASE_PASS m=257 n=1 sve16_entries=0 expected=0 old_entries=0 packed_entries=0 packed_expected=0
ALLOC_PASS m=257 n=7 small=1 history_expected=0 history_calls=0 history_bytes=0 history_success=0 history_fail=0 x_calls=4 x_bytes=65792 x_success=0 x_fail=4 kb_calls=0 kb_bytes=0 kb_success=0 kb_fail=0 total=4 injected=4 history_level=-1 x_level=1 kb_level=-1 shape_bad=0 x_each_worker_once=1
CASE_PASS m=257 n=7 sve16_entries=0 expected=0 old_entries=0 packed_entries=0 packed_expected=0
ALLOC_PASS m=257 n=8 small=1 history_expected=0 history_calls=0 history_bytes=0 history_success=0 history_fail=0 x_calls=4 x_bytes=65792 x_success=0 x_fail=4 kb_calls=0 kb_bytes=0 kb_success=0 kb_fail=0 total=4 injected=4 history_level=-1 x_level=1 kb_level=-1 shape_bad=0 x_each_worker_once=1
CASE_PASS m=257 n=8 sve16_entries=0 expected=0 old_entries=0 packed_entries=0 packed_expected=0
ALLOC_PASS m=257 n=9 small=1 history_expected=0 history_calls=0 history_bytes=0 history_success=0 history_fail=0 x_calls=4 x_bytes=65792 x_success=0 x_fail=4 kb_calls=0 kb_bytes=0 kb_success=0 kb_fail=0 total=4 injected=4 history_level=-1 x_level=1 kb_level=-1 shape_bad=0 x_each_worker_once=1
CASE_PASS m=257 n=9 sve16_entries=0 expected=0 old_entries=0 packed_entries=0 packed_expected=0
ALLOC_PASS m=257 n=17 small=1 history_expected=0 history_calls=0 history_bytes=0 history_success=0 history_fail=0 x_calls=4 x_bytes=65792 x_success=0 x_fail=4 kb_calls=0 kb_bytes=0 kb_success=0 kb_fail=0 total=4 injected=4 history_level=-1 x_level=1 kb_level=-1 shape_bad=0 x_each_worker_once=1
CASE_PASS m=257 n=17 sve16_entries=0 expected=0 old_entries=0 packed_entries=0 packed_expected=0
ALLOCATION_SUMMARY_PASS cases=80 budget_cases=0 shared_injection_cases=0
PASS whole_cases=80 noop_cases=4 non_dyadic_long_double_RHS=1 padding_L_unchanged=1 max_error=1.1102230246251565e-16
SOURCE_FEATURES_PASS panel16=1 packedL16=0 has_budget=0 history_budget_bytes=0
MODE=full THREADS=4 NARROW_VL=1 EXPECT_SVE16=0 EXPECT_PACKEDL16=0
ALLOC_PASS m=1 n=1 small=1 history_expected=0 history_calls=0 history_bytes=0 history_success=0 history_fail=0 x_calls=4 x_bytes=256 x_success=4 x_fail=0 kb_calls=0 kb_bytes=0 kb_success=0 kb_fail=0 total=4 injected=0 history_level=-1 x_level=1 kb_level=-1 shape_bad=0 x_each_worker_once=1
CASE_PASS m=1 n=1 sve16_entries=0 expected=0 old_entries=0 packed_entries=0 packed_expected=0
ALLOC_PASS m=1 n=7 small=1 history_expected=0 history_calls=0 history_bytes=0 history_success=0 history_fail=0 x_calls=4 x_bytes=256 x_success=4 x_fail=0 kb_calls=0 kb_bytes=0 kb_success=0 kb_fail=0 total=4 injected=0 history_level=-1 x_level=1 kb_level=-1 shape_bad=0 x_each_worker_once=1
CASE_PASS m=1 n=7 sve16_entries=0 expected=0 old_entries=0 packed_entries=0 packed_expected=0
ALLOC_PASS m=1 n=8 small=1 history_expected=0 history_calls=0 history_bytes=0 history_success=0 history_fail=0 x_calls=4 x_bytes=256 x_success=4 x_fail=0 kb_calls=0 kb_bytes=0 kb_success=0 kb_fail=0 total=4 injected=0 history_level=-1 x_level=1 kb_level=-1 shape_bad=0 x_each_worker_once=1
CASE_PASS m=1 n=8 sve16_entries=0 expected=0 old_entries=0 packed_entries=0 packed_expected=0
ALLOC_PASS m=1 n=9 small=1 history_expected=0 history_calls=0 history_bytes=0 history_success=0 history_fail=0 x_calls=4 x_bytes=256 x_success=4 x_fail=0 kb_calls=0 kb_bytes=0 kb_success=0 kb_fail=0 total=4 injected=0 history_level=-1 x_level=1 kb_level=-1 shape_bad=0 x_each_worker_once=1
CASE_PASS m=1 n=9 sve16_entries=0 expected=0 old_entries=0 packed_entries=0 packed_expected=0
ALLOC_PASS m=1 n=17 small=1 history_expected=0 history_calls=0 history_bytes=0 history_success=0 history_fail=0 x_calls=4 x_bytes=256 x_success=4 x_fail=0 kb_calls=0 kb_bytes=0 kb_success=0 kb_fail=0 total=4 injected=0 history_level=-1 x_level=1 kb_level=-1 shape_bad=0 x_each_worker_once=1
CASE_PASS m=1 n=17 sve16_entries=0 expected=0 old_entries=0 packed_entries=0 packed_expected=0
ALLOC_PASS m=3 n=1 small=1 history_expected=0 history_calls=0 history_bytes=0 history_success=0 history_fail=0 x_calls=4 x_bytes=768 x_success=4 x_fail=0 kb_calls=0 kb_bytes=0 kb_success=0 kb_fail=0 total=4 injected=0 history_level=-1 x_level=1 kb_level=-1 shape_bad=0 x_each_worker_once=1
CASE_PASS m=3 n=1 sve16_entries=0 expected=0 old_entries=0 packed_entries=0 packed_expected=0
ALLOC_PASS m=3 n=7 small=1 history_expected=0 history_calls=0 history_bytes=0 history_success=0 history_fail=0 x_calls=4 x_bytes=768 x_success=4 x_fail=0 kb_calls=0 kb_bytes=0 kb_success=0 kb_fail=0 total=4 injected=0 history_level=-1 x_level=1 kb_level=-1 shape_bad=0 x_each_worker_once=1
CASE_PASS m=3 n=7 sve16_entries=0 expected=0 old_entries=0 packed_entries=0 packed_expected=0
ALLOC_PASS m=3 n=8 small=1 history_expected=0 history_calls=0 history_bytes=0 history_success=0 history_fail=0 x_calls=4 x_bytes=768 x_success=4 x_fail=0 kb_calls=0 kb_bytes=0 kb_success=0 kb_fail=0 total=4 injected=0 history_level=-1 x_level=1 kb_level=-1 shape_bad=0 x_each_worker_once=1
CASE_PASS m=3 n=8 sve16_entries=0 expected=0 old_entries=0 packed_entries=0 packed_expected=0
ALLOC_PASS m=3 n=9 small=1 history_expected=0 history_calls=0 history_bytes=0 history_success=0 history_fail=0 x_calls=4 x_bytes=768 x_success=4 x_fail=0 kb_calls=0 kb_bytes=0 kb_success=0 kb_fail=0 total=4 injected=0 history_level=-1 x_level=1 kb_level=-1 shape_bad=0 x_each_worker_once=1
CASE_PASS m=3 n=9 sve16_entries=0 expected=0 old_entries=0 packed_entries=0 packed_expected=0
ALLOC_PASS m=3 n=17 small=1 history_expected=0 history_calls=0 history_bytes=0 history_success=0 history_fail=0 x_calls=4 x_bytes=768 x_success=4 x_fail=0 kb_calls=0 kb_bytes=0 kb_success=0 kb_fail=0 total=4 injected=0 history_level=-1 x_level=1 kb_level=-1 shape_bad=0 x_each_worker_once=1
CASE_PASS m=3 n=17 sve16_entries=0 expected=0 old_entries=0 packed_entries=0 packed_expected=0
ALLOC_PASS m=4 n=1 small=1 history_expected=0 history_calls=0 history_bytes=0 history_success=0 history_fail=0 x_calls=4 x_bytes=1024 x_success=4 x_fail=0 kb_calls=0 kb_bytes=0 kb_success=0 kb_fail=0 total=4 injected=0 history_level=-1 x_level=1 kb_level=-1 shape_bad=0 x_each_worker_once=1
CASE_PASS m=4 n=1 sve16_entries=0 expected=0 old_entries=0 packed_entries=0 packed_expected=0
ALLOC_PASS m=4 n=7 small=1 history_expected=0 history_calls=0 history_bytes=0 history_success=0 history_fail=0 x_calls=4 x_bytes=1024 x_success=4 x_fail=0 kb_calls=0 kb_bytes=0 kb_success=0 kb_fail=0 total=4 injected=0 history_level=-1 x_level=1 kb_level=-1 shape_bad=0 x_each_worker_once=1
CASE_PASS m=4 n=7 sve16_entries=0 expected=0 old_entries=0 packed_entries=0 packed_expected=0
ALLOC_PASS m=4 n=8 small=1 history_expected=0 history_calls=0 history_bytes=0 history_success=0 history_fail=0 x_calls=4 x_bytes=1024 x_success=4 x_fail=0 kb_calls=0 kb_bytes=0 kb_success=0 kb_fail=0 total=4 injected=0 history_level=-1 x_level=1 kb_level=-1 shape_bad=0 x_each_worker_once=1
CASE_PASS m=4 n=8 sve16_entries=0 expected=0 old_entries=0 packed_entries=0 packed_expected=0
ALLOC_PASS m=4 n=9 small=1 history_expected=0 history_calls=0 history_bytes=0 history_success=0 history_fail=0 x_calls=4 x_bytes=1024 x_success=4 x_fail=0 kb_calls=0 kb_bytes=0 kb_success=0 kb_fail=0 total=4 injected=0 history_level=-1 x_level=1 kb_level=-1 shape_bad=0 x_each_worker_once=1
CASE_PASS m=4 n=9 sve16_entries=0 expected=0 old_entries=0 packed_entries=0 packed_expected=0
ALLOC_PASS m=4 n=17 small=1 history_expected=0 history_calls=0 history_bytes=0 history_success=0 history_fail=0 x_calls=4 x_bytes=1024 x_success=4 x_fail=0 kb_calls=0 kb_bytes=0 kb_success=0 kb_fail=0 total=4 injected=0 history_level=-1 x_level=1 kb_level=-1 shape_bad=0 x_each_worker_once=1
CASE_PASS m=4 n=17 sve16_entries=0 expected=0 old_entries=0 packed_entries=0 packed_expected=0
ALLOC_PASS m=5 n=1 small=1 history_expected=0 history_calls=0 history_bytes=0 history_success=0 history_fail=0 x_calls=4 x_bytes=1280 x_success=4 x_fail=0 kb_calls=0 kb_bytes=0 kb_success=0 kb_fail=0 total=4 injected=0 history_level=-1 x_level=1 kb_level=-1 shape_bad=0 x_each_worker_once=1
CASE_PASS m=5 n=1 sve16_entries=0 expected=0 old_entries=0 packed_entries=0 packed_expected=0
ALLOC_PASS m=5 n=7 small=1 history_expected=0 history_calls=0 history_bytes=0 history_success=0 history_fail=0 x_calls=4 x_bytes=1280 x_success=4 x_fail=0 kb_calls=0 kb_bytes=0 kb_success=0 kb_fail=0 total=4 injected=0 history_level=-1 x_level=1 kb_level=-1 shape_bad=0 x_each_worker_once=1
CASE_PASS m=5 n=7 sve16_entries=0 expected=0 old_entries=0 packed_entries=0 packed_expected=0
ALLOC_PASS m=5 n=8 small=1 history_expected=0 history_calls=0 history_bytes=0 history_success=0 history_fail=0 x_calls=4 x_bytes=1280 x_success=4 x_fail=0 kb_calls=0 kb_bytes=0 kb_success=0 kb_fail=0 total=4 injected=0 history_level=-1 x_level=1 kb_level=-1 shape_bad=0 x_each_worker_once=1
CASE_PASS m=5 n=8 sve16_entries=0 expected=0 old_entries=0 packed_entries=0 packed_expected=0
ALLOC_PASS m=5 n=9 small=1 history_expected=0 history_calls=0 history_bytes=0 history_success=0 history_fail=0 x_calls=4 x_bytes=1280 x_success=4 x_fail=0 kb_calls=0 kb_bytes=0 kb_success=0 kb_fail=0 total=4 injected=0 history_level=-1 x_level=1 kb_level=-1 shape_bad=0 x_each_worker_once=1
CASE_PASS m=5 n=9 sve16_entries=0 expected=0 old_entries=0 packed_entries=0 packed_expected=0
ALLOC_PASS m=5 n=17 small=1 history_expected=0 history_calls=0 history_bytes=0 history_success=0 history_fail=0 x_calls=4 x_bytes=1280 x_success=4 x_fail=0 kb_calls=0 kb_bytes=0 kb_success=0 kb_fail=0 total=4 injected=0 history_level=-1 x_level=1 kb_level=-1 shape_bad=0 x_each_worker_once=1
CASE_PASS m=5 n=17 sve16_entries=0 expected=0 old_entries=0 packed_entries=0 packed_expected=0
ALLOC_PASS m=15 n=1 small=1 history_expected=0 history_calls=0 history_bytes=0 history_success=0 history_fail=0 x_calls=4 x_bytes=3840 x_success=4 x_fail=0 kb_calls=0 kb_bytes=0 kb_success=0 kb_fail=0 total=4 injected=0 history_level=-1 x_level=1 kb_level=-1 shape_bad=0 x_each_worker_once=1
CASE_PASS m=15 n=1 sve16_entries=0 expected=0 old_entries=0 packed_entries=0 packed_expected=0
ALLOC_PASS m=15 n=7 small=1 history_expected=0 history_calls=0 history_bytes=0 history_success=0 history_fail=0 x_calls=4 x_bytes=3840 x_success=4 x_fail=0 kb_calls=0 kb_bytes=0 kb_success=0 kb_fail=0 total=4 injected=0 history_level=-1 x_level=1 kb_level=-1 shape_bad=0 x_each_worker_once=1
CASE_PASS m=15 n=7 sve16_entries=0 expected=0 old_entries=0 packed_entries=0 packed_expected=0
ALLOC_PASS m=15 n=8 small=1 history_expected=0 history_calls=0 history_bytes=0 history_success=0 history_fail=0 x_calls=4 x_bytes=3840 x_success=4 x_fail=0 kb_calls=0 kb_bytes=0 kb_success=0 kb_fail=0 total=4 injected=0 history_level=-1 x_level=1 kb_level=-1 shape_bad=0 x_each_worker_once=1
CASE_PASS m=15 n=8 sve16_entries=0 expected=0 old_entries=0 packed_entries=0 packed_expected=0
ALLOC_PASS m=15 n=9 small=1 history_expected=0 history_calls=0 history_bytes=0 history_success=0 history_fail=0 x_calls=4 x_bytes=3840 x_success=4 x_fail=0 kb_calls=0 kb_bytes=0 kb_success=0 kb_fail=0 total=4 injected=0 history_level=-1 x_level=1 kb_level=-1 shape_bad=0 x_each_worker_once=1
CASE_PASS m=15 n=9 sve16_entries=0 expected=0 old_entries=0 packed_entries=0 packed_expected=0
ALLOC_PASS m=15 n=17 small=1 history_expected=0 history_calls=0 history_bytes=0 history_success=0 history_fail=0 x_calls=4 x_bytes=3840 x_success=4 x_fail=0 kb_calls=0 kb_bytes=0 kb_success=0 kb_fail=0 total=4 injected=0 history_level=-1 x_level=1 kb_level=-1 shape_bad=0 x_each_worker_once=1
CASE_PASS m=15 n=17 sve16_entries=0 expected=0 old_entries=0 packed_entries=0 packed_expected=0
ALLOC_PASS m=16 n=1 small=1 history_expected=0 history_calls=0 history_bytes=0 history_success=0 history_fail=0 x_calls=4 x_bytes=4096 x_success=4 x_fail=0 kb_calls=0 kb_bytes=0 kb_success=0 kb_fail=0 total=4 injected=0 history_level=-1 x_level=1 kb_level=-1 shape_bad=0 x_each_worker_once=1
CASE_PASS m=16 n=1 sve16_entries=0 expected=0 old_entries=0 packed_entries=0 packed_expected=0
ALLOC_PASS m=16 n=7 small=1 history_expected=0 history_calls=0 history_bytes=0 history_success=0 history_fail=0 x_calls=4 x_bytes=4096 x_success=4 x_fail=0 kb_calls=0 kb_bytes=0 kb_success=0 kb_fail=0 total=4 injected=0 history_level=-1 x_level=1 kb_level=-1 shape_bad=0 x_each_worker_once=1
CASE_PASS m=16 n=7 sve16_entries=0 expected=0 old_entries=0 packed_entries=0 packed_expected=0
ALLOC_PASS m=16 n=8 small=1 history_expected=0 history_calls=0 history_bytes=0 history_success=0 history_fail=0 x_calls=4 x_bytes=4096 x_success=4 x_fail=0 kb_calls=0 kb_bytes=0 kb_success=0 kb_fail=0 total=4 injected=0 history_level=-1 x_level=1 kb_level=-1 shape_bad=0 x_each_worker_once=1
CASE_PASS m=16 n=8 sve16_entries=0 expected=0 old_entries=0 packed_entries=0 packed_expected=0
ALLOC_PASS m=16 n=9 small=1 history_expected=0 history_calls=0 history_bytes=0 history_success=0 history_fail=0 x_calls=4 x_bytes=4096 x_success=4 x_fail=0 kb_calls=0 kb_bytes=0 kb_success=0 kb_fail=0 total=4 injected=0 history_level=-1 x_level=1 kb_level=-1 shape_bad=0 x_each_worker_once=1
CASE_PASS m=16 n=9 sve16_entries=0 expected=0 old_entries=0 packed_entries=0 packed_expected=0
ALLOC_PASS m=16 n=17 small=1 history_expected=0 history_calls=0 history_bytes=0 history_success=0 history_fail=0 x_calls=4 x_bytes=4096 x_success=4 x_fail=0 kb_calls=0 kb_bytes=0 kb_success=0 kb_fail=0 total=4 injected=0 history_level=-1 x_level=1 kb_level=-1 shape_bad=0 x_each_worker_once=1
CASE_PASS m=16 n=17 sve16_entries=0 expected=0 old_entries=0 packed_entries=0 packed_expected=0
ALLOC_PASS m=17 n=1 small=1 history_expected=0 history_calls=0 history_bytes=0 history_success=0 history_fail=0 x_calls=4 x_bytes=4352 x_success=4 x_fail=0 kb_calls=0 kb_bytes=0 kb_success=0 kb_fail=0 total=4 injected=0 history_level=-1 x_level=1 kb_level=-1 shape_bad=0 x_each_worker_once=1
CASE_PASS m=17 n=1 sve16_entries=0 expected=0 old_entries=0 packed_entries=0 packed_expected=0
ALLOC_PASS m=17 n=7 small=1 history_expected=0 history_calls=0 history_bytes=0 history_success=0 history_fail=0 x_calls=4 x_bytes=4352 x_success=4 x_fail=0 kb_calls=0 kb_bytes=0 kb_success=0 kb_fail=0 total=4 injected=0 history_level=-1 x_level=1 kb_level=-1 shape_bad=0 x_each_worker_once=1
CASE_PASS m=17 n=7 sve16_entries=0 expected=0 old_entries=0 packed_entries=0 packed_expected=0
ALLOC_PASS m=17 n=8 small=1 history_expected=0 history_calls=0 history_bytes=0 history_success=0 history_fail=0 x_calls=4 x_bytes=4352 x_success=4 x_fail=0 kb_calls=0 kb_bytes=0 kb_success=0 kb_fail=0 total=4 injected=0 history_level=-1 x_level=1 kb_level=-1 shape_bad=0 x_each_worker_once=1
CASE_PASS m=17 n=8 sve16_entries=0 expected=0 old_entries=0 packed_entries=0 packed_expected=0
ALLOC_PASS m=17 n=9 small=1 history_expected=0 history_calls=0 history_bytes=0 history_success=0 history_fail=0 x_calls=4 x_bytes=4352 x_success=4 x_fail=0 kb_calls=0 kb_bytes=0 kb_success=0 kb_fail=0 total=4 injected=0 history_level=-1 x_level=1 kb_level=-1 shape_bad=0 x_each_worker_once=1
CASE_PASS m=17 n=9 sve16_entries=0 expected=0 old_entries=0 packed_entries=0 packed_expected=0
ALLOC_PASS m=17 n=17 small=1 history_expected=0 history_calls=0 history_bytes=0 history_success=0 history_fail=0 x_calls=4 x_bytes=4352 x_success=4 x_fail=0 kb_calls=0 kb_bytes=0 kb_success=0 kb_fail=0 total=4 injected=0 history_level=-1 x_level=1 kb_level=-1 shape_bad=0 x_each_worker_once=1
CASE_PASS m=17 n=17 sve16_entries=0 expected=0 old_entries=0 packed_entries=0 packed_expected=0
ALLOC_PASS m=31 n=1 small=1 history_expected=0 history_calls=0 history_bytes=0 history_success=0 history_fail=0 x_calls=4 x_bytes=7936 x_success=4 x_fail=0 kb_calls=0 kb_bytes=0 kb_success=0 kb_fail=0 total=4 injected=0 history_level=-1 x_level=1 kb_level=-1 shape_bad=0 x_each_worker_once=1
CASE_PASS m=31 n=1 sve16_entries=0 expected=0 old_entries=0 packed_entries=0 packed_expected=0
ALLOC_PASS m=31 n=7 small=1 history_expected=0 history_calls=0 history_bytes=0 history_success=0 history_fail=0 x_calls=4 x_bytes=7936 x_success=4 x_fail=0 kb_calls=0 kb_bytes=0 kb_success=0 kb_fail=0 total=4 injected=0 history_level=-1 x_level=1 kb_level=-1 shape_bad=0 x_each_worker_once=1
CASE_PASS m=31 n=7 sve16_entries=0 expected=0 old_entries=0 packed_entries=0 packed_expected=0
ALLOC_PASS m=31 n=8 small=1 history_expected=0 history_calls=0 history_bytes=0 history_success=0 history_fail=0 x_calls=4 x_bytes=7936 x_success=4 x_fail=0 kb_calls=0 kb_bytes=0 kb_success=0 kb_fail=0 total=4 injected=0 history_level=-1 x_level=1 kb_level=-1 shape_bad=0 x_each_worker_once=1
CASE_PASS m=31 n=8 sve16_entries=0 expected=0 old_entries=0 packed_entries=0 packed_expected=0
ALLOC_PASS m=31 n=9 small=1 history_expected=0 history_calls=0 history_bytes=0 history_success=0 history_fail=0 x_calls=4 x_bytes=7936 x_success=4 x_fail=0 kb_calls=0 kb_bytes=0 kb_success=0 kb_fail=0 total=4 injected=0 history_level=-1 x_level=1 kb_level=-1 shape_bad=0 x_each_worker_once=1
CASE_PASS m=31 n=9 sve16_entries=0 expected=0 old_entries=0 packed_entries=0 packed_expected=0
ALLOC_PASS m=31 n=17 small=1 history_expected=0 history_calls=0 history_bytes=0 history_success=0 history_fail=0 x_calls=4 x_bytes=7936 x_success=4 x_fail=0 kb_calls=0 kb_bytes=0 kb_success=0 kb_fail=0 total=4 injected=0 history_level=-1 x_level=1 kb_level=-1 shape_bad=0 x_each_worker_once=1
CASE_PASS m=31 n=17 sve16_entries=0 expected=0 old_entries=0 packed_entries=0 packed_expected=0
ALLOC_PASS m=32 n=1 small=1 history_expected=0 history_calls=0 history_bytes=0 history_success=0 history_fail=0 x_calls=4 x_bytes=8192 x_success=4 x_fail=0 kb_calls=0 kb_bytes=0 kb_success=0 kb_fail=0 total=4 injected=0 history_level=-1 x_level=1 kb_level=-1 shape_bad=0 x_each_worker_once=1
CASE_PASS m=32 n=1 sve16_entries=0 expected=0 old_entries=0 packed_entries=0 packed_expected=0
ALLOC_PASS m=32 n=7 small=1 history_expected=0 history_calls=0 history_bytes=0 history_success=0 history_fail=0 x_calls=4 x_bytes=8192 x_success=4 x_fail=0 kb_calls=0 kb_bytes=0 kb_success=0 kb_fail=0 total=4 injected=0 history_level=-1 x_level=1 kb_level=-1 shape_bad=0 x_each_worker_once=1
CASE_PASS m=32 n=7 sve16_entries=0 expected=0 old_entries=0 packed_entries=0 packed_expected=0
ALLOC_PASS m=32 n=8 small=1 history_expected=0 history_calls=0 history_bytes=0 history_success=0 history_fail=0 x_calls=4 x_bytes=8192 x_success=4 x_fail=0 kb_calls=0 kb_bytes=0 kb_success=0 kb_fail=0 total=4 injected=0 history_level=-1 x_level=1 kb_level=-1 shape_bad=0 x_each_worker_once=1
CASE_PASS m=32 n=8 sve16_entries=0 expected=0 old_entries=0 packed_entries=0 packed_expected=0
ALLOC_PASS m=32 n=9 small=1 history_expected=0 history_calls=0 history_bytes=0 history_success=0 history_fail=0 x_calls=4 x_bytes=8192 x_success=4 x_fail=0 kb_calls=0 kb_bytes=0 kb_success=0 kb_fail=0 total=4 injected=0 history_level=-1 x_level=1 kb_level=-1 shape_bad=0 x_each_worker_once=1
CASE_PASS m=32 n=9 sve16_entries=0 expected=0 old_entries=0 packed_entries=0 packed_expected=0
ALLOC_PASS m=32 n=17 small=1 history_expected=0 history_calls=0 history_bytes=0 history_success=0 history_fail=0 x_calls=4 x_bytes=8192 x_success=4 x_fail=0 kb_calls=0 kb_bytes=0 kb_success=0 kb_fail=0 total=4 injected=0 history_level=-1 x_level=1 kb_level=-1 shape_bad=0 x_each_worker_once=1
CASE_PASS m=32 n=17 sve16_entries=0 expected=0 old_entries=0 packed_entries=0 packed_expected=0
ALLOC_PASS m=33 n=1 small=1 history_expected=0 history_calls=0 history_bytes=0 history_success=0 history_fail=0 x_calls=4 x_bytes=8448 x_success=4 x_fail=0 kb_calls=0 kb_bytes=0 kb_success=0 kb_fail=0 total=4 injected=0 history_level=-1 x_level=1 kb_level=-1 shape_bad=0 x_each_worker_once=1
CASE_PASS m=33 n=1 sve16_entries=0 expected=0 old_entries=0 packed_entries=0 packed_expected=0
ALLOC_PASS m=33 n=7 small=1 history_expected=0 history_calls=0 history_bytes=0 history_success=0 history_fail=0 x_calls=4 x_bytes=8448 x_success=4 x_fail=0 kb_calls=0 kb_bytes=0 kb_success=0 kb_fail=0 total=4 injected=0 history_level=-1 x_level=1 kb_level=-1 shape_bad=0 x_each_worker_once=1
CASE_PASS m=33 n=7 sve16_entries=0 expected=0 old_entries=0 packed_entries=0 packed_expected=0
ALLOC_PASS m=33 n=8 small=1 history_expected=0 history_calls=0 history_bytes=0 history_success=0 history_fail=0 x_calls=4 x_bytes=8448 x_success=4 x_fail=0 kb_calls=0 kb_bytes=0 kb_success=0 kb_fail=0 total=4 injected=0 history_level=-1 x_level=1 kb_level=-1 shape_bad=0 x_each_worker_once=1
CASE_PASS m=33 n=8 sve16_entries=0 expected=0 old_entries=0 packed_entries=0 packed_expected=0
ALLOC_PASS m=33 n=9 small=1 history_expected=0 history_calls=0 history_bytes=0 history_success=0 history_fail=0 x_calls=4 x_bytes=8448 x_success=4 x_fail=0 kb_calls=0 kb_bytes=0 kb_success=0 kb_fail=0 total=4 injected=0 history_level=-1 x_level=1 kb_level=-1 shape_bad=0 x_each_worker_once=1
CASE_PASS m=33 n=9 sve16_entries=0 expected=0 old_entries=0 packed_entries=0 packed_expected=0
ALLOC_PASS m=33 n=17 small=1 history_expected=0 history_calls=0 history_bytes=0 history_success=0 history_fail=0 x_calls=4 x_bytes=8448 x_success=4 x_fail=0 kb_calls=0 kb_bytes=0 kb_success=0 kb_fail=0 total=4 injected=0 history_level=-1 x_level=1 kb_level=-1 shape_bad=0 x_each_worker_once=1
CASE_PASS m=33 n=17 sve16_entries=0 expected=0 old_entries=0 packed_entries=0 packed_expected=0
ALLOC_PASS m=63 n=1 small=1 history_expected=0 history_calls=0 history_bytes=0 history_success=0 history_fail=0 x_calls=4 x_bytes=16128 x_success=4 x_fail=0 kb_calls=0 kb_bytes=0 kb_success=0 kb_fail=0 total=4 injected=0 history_level=-1 x_level=1 kb_level=-1 shape_bad=0 x_each_worker_once=1
CASE_PASS m=63 n=1 sve16_entries=0 expected=0 old_entries=0 packed_entries=0 packed_expected=0
ALLOC_PASS m=63 n=7 small=1 history_expected=0 history_calls=0 history_bytes=0 history_success=0 history_fail=0 x_calls=4 x_bytes=16128 x_success=4 x_fail=0 kb_calls=0 kb_bytes=0 kb_success=0 kb_fail=0 total=4 injected=0 history_level=-1 x_level=1 kb_level=-1 shape_bad=0 x_each_worker_once=1
CASE_PASS m=63 n=7 sve16_entries=0 expected=0 old_entries=0 packed_entries=0 packed_expected=0
ALLOC_PASS m=63 n=8 small=1 history_expected=0 history_calls=0 history_bytes=0 history_success=0 history_fail=0 x_calls=4 x_bytes=16128 x_success=4 x_fail=0 kb_calls=0 kb_bytes=0 kb_success=0 kb_fail=0 total=4 injected=0 history_level=-1 x_level=1 kb_level=-1 shape_bad=0 x_each_worker_once=1
CASE_PASS m=63 n=8 sve16_entries=0 expected=0 old_entries=0 packed_entries=0 packed_expected=0
ALLOC_PASS m=63 n=9 small=1 history_expected=0 history_calls=0 history_bytes=0 history_success=0 history_fail=0 x_calls=4 x_bytes=16128 x_success=4 x_fail=0 kb_calls=0 kb_bytes=0 kb_success=0 kb_fail=0 total=4 injected=0 history_level=-1 x_level=1 kb_level=-1 shape_bad=0 x_each_worker_once=1
CASE_PASS m=63 n=9 sve16_entries=0 expected=0 old_entries=0 packed_entries=0 packed_expected=0
ALLOC_PASS m=63 n=17 small=1 history_expected=0 history_calls=0 history_bytes=0 history_success=0 history_fail=0 x_calls=4 x_bytes=16128 x_success=4 x_fail=0 kb_calls=0 kb_bytes=0 kb_success=0 kb_fail=0 total=4 injected=0 history_level=-1 x_level=1 kb_level=-1 shape_bad=0 x_each_worker_once=1
CASE_PASS m=63 n=17 sve16_entries=0 expected=0 old_entries=0 packed_entries=0 packed_expected=0
ALLOC_PASS m=64 n=1 small=1 history_expected=0 history_calls=0 history_bytes=0 history_success=0 history_fail=0 x_calls=4 x_bytes=16384 x_success=4 x_fail=0 kb_calls=0 kb_bytes=0 kb_success=0 kb_fail=0 total=4 injected=0 history_level=-1 x_level=1 kb_level=-1 shape_bad=0 x_each_worker_once=1
CASE_PASS m=64 n=1 sve16_entries=0 expected=0 old_entries=0 packed_entries=0 packed_expected=0
ALLOC_PASS m=64 n=7 small=1 history_expected=0 history_calls=0 history_bytes=0 history_success=0 history_fail=0 x_calls=4 x_bytes=16384 x_success=4 x_fail=0 kb_calls=0 kb_bytes=0 kb_success=0 kb_fail=0 total=4 injected=0 history_level=-1 x_level=1 kb_level=-1 shape_bad=0 x_each_worker_once=1
CASE_PASS m=64 n=7 sve16_entries=0 expected=0 old_entries=0 packed_entries=0 packed_expected=0
ALLOC_PASS m=64 n=8 small=1 history_expected=0 history_calls=0 history_bytes=0 history_success=0 history_fail=0 x_calls=4 x_bytes=16384 x_success=4 x_fail=0 kb_calls=0 kb_bytes=0 kb_success=0 kb_fail=0 total=4 injected=0 history_level=-1 x_level=1 kb_level=-1 shape_bad=0 x_each_worker_once=1
CASE_PASS m=64 n=8 sve16_entries=0 expected=0 old_entries=0 packed_entries=0 packed_expected=0
ALLOC_PASS m=64 n=9 small=1 history_expected=0 history_calls=0 history_bytes=0 history_success=0 history_fail=0 x_calls=4 x_bytes=16384 x_success=4 x_fail=0 kb_calls=0 kb_bytes=0 kb_success=0 kb_fail=0 total=4 injected=0 history_level=-1 x_level=1 kb_level=-1 shape_bad=0 x_each_worker_once=1
CASE_PASS m=64 n=9 sve16_entries=0 expected=0 old_entries=0 packed_entries=0 packed_expected=0
ALLOC_PASS m=64 n=17 small=1 history_expected=0 history_calls=0 history_bytes=0 history_success=0 history_fail=0 x_calls=4 x_bytes=16384 x_success=4 x_fail=0 kb_calls=0 kb_bytes=0 kb_success=0 kb_fail=0 total=4 injected=0 history_level=-1 x_level=1 kb_level=-1 shape_bad=0 x_each_worker_once=1
CASE_PASS m=64 n=17 sve16_entries=0 expected=0 old_entries=0 packed_entries=0 packed_expected=0
ALLOC_PASS m=65 n=1 small=1 history_expected=0 history_calls=0 history_bytes=0 history_success=0 history_fail=0 x_calls=4 x_bytes=16640 x_success=4 x_fail=0 kb_calls=0 kb_bytes=0 kb_success=0 kb_fail=0 total=4 injected=0 history_level=-1 x_level=1 kb_level=-1 shape_bad=0 x_each_worker_once=1
CASE_PASS m=65 n=1 sve16_entries=0 expected=0 old_entries=0 packed_entries=0 packed_expected=0
ALLOC_PASS m=65 n=7 small=1 history_expected=0 history_calls=0 history_bytes=0 history_success=0 history_fail=0 x_calls=4 x_bytes=16640 x_success=4 x_fail=0 kb_calls=0 kb_bytes=0 kb_success=0 kb_fail=0 total=4 injected=0 history_level=-1 x_level=1 kb_level=-1 shape_bad=0 x_each_worker_once=1
CASE_PASS m=65 n=7 sve16_entries=0 expected=0 old_entries=0 packed_entries=0 packed_expected=0
ALLOC_PASS m=65 n=8 small=1 history_expected=0 history_calls=0 history_bytes=0 history_success=0 history_fail=0 x_calls=4 x_bytes=16640 x_success=4 x_fail=0 kb_calls=0 kb_bytes=0 kb_success=0 kb_fail=0 total=4 injected=0 history_level=-1 x_level=1 kb_level=-1 shape_bad=0 x_each_worker_once=1
CASE_PASS m=65 n=8 sve16_entries=0 expected=0 old_entries=0 packed_entries=0 packed_expected=0
ALLOC_PASS m=65 n=9 small=1 history_expected=0 history_calls=0 history_bytes=0 history_success=0 history_fail=0 x_calls=4 x_bytes=16640 x_success=4 x_fail=0 kb_calls=0 kb_bytes=0 kb_success=0 kb_fail=0 total=4 injected=0 history_level=-1 x_level=1 kb_level=-1 shape_bad=0 x_each_worker_once=1
CASE_PASS m=65 n=9 sve16_entries=0 expected=0 old_entries=0 packed_entries=0 packed_expected=0
ALLOC_PASS m=65 n=17 small=1 history_expected=0 history_calls=0 history_bytes=0 history_success=0 history_fail=0 x_calls=4 x_bytes=16640 x_success=4 x_fail=0 kb_calls=0 kb_bytes=0 kb_success=0 kb_fail=0 total=4 injected=0 history_level=-1 x_level=1 kb_level=-1 shape_bad=0 x_each_worker_once=1
CASE_PASS m=65 n=17 sve16_entries=0 expected=0 old_entries=0 packed_entries=0 packed_expected=0
ALLOC_PASS m=255 n=1 small=1 history_expected=0 history_calls=0 history_bytes=0 history_success=0 history_fail=0 x_calls=4 x_bytes=65280 x_success=4 x_fail=0 kb_calls=0 kb_bytes=0 kb_success=0 kb_fail=0 total=4 injected=0 history_level=-1 x_level=1 kb_level=-1 shape_bad=0 x_each_worker_once=1
CASE_PASS m=255 n=1 sve16_entries=0 expected=0 old_entries=0 packed_entries=0 packed_expected=0
ALLOC_PASS m=255 n=7 small=1 history_expected=0 history_calls=0 history_bytes=0 history_success=0 history_fail=0 x_calls=4 x_bytes=65280 x_success=4 x_fail=0 kb_calls=0 kb_bytes=0 kb_success=0 kb_fail=0 total=4 injected=0 history_level=-1 x_level=1 kb_level=-1 shape_bad=0 x_each_worker_once=1
CASE_PASS m=255 n=7 sve16_entries=0 expected=0 old_entries=0 packed_entries=0 packed_expected=0
ALLOC_PASS m=255 n=8 small=1 history_expected=0 history_calls=0 history_bytes=0 history_success=0 history_fail=0 x_calls=4 x_bytes=65280 x_success=4 x_fail=0 kb_calls=0 kb_bytes=0 kb_success=0 kb_fail=0 total=4 injected=0 history_level=-1 x_level=1 kb_level=-1 shape_bad=0 x_each_worker_once=1
CASE_PASS m=255 n=8 sve16_entries=0 expected=0 old_entries=0 packed_entries=0 packed_expected=0
ALLOC_PASS m=255 n=9 small=1 history_expected=0 history_calls=0 history_bytes=0 history_success=0 history_fail=0 x_calls=4 x_bytes=65280 x_success=4 x_fail=0 kb_calls=0 kb_bytes=0 kb_success=0 kb_fail=0 total=4 injected=0 history_level=-1 x_level=1 kb_level=-1 shape_bad=0 x_each_worker_once=1
CASE_PASS m=255 n=9 sve16_entries=0 expected=0 old_entries=0 packed_entries=0 packed_expected=0
ALLOC_PASS m=255 n=17 small=1 history_expected=0 history_calls=0 history_bytes=0 history_success=0 history_fail=0 x_calls=4 x_bytes=65280 x_success=4 x_fail=0 kb_calls=0 kb_bytes=0 kb_success=0 kb_fail=0 total=4 injected=0 history_level=-1 x_level=1 kb_level=-1 shape_bad=0 x_each_worker_once=1
CASE_PASS m=255 n=17 sve16_entries=0 expected=0 old_entries=0 packed_entries=0 packed_expected=0
ALLOC_PASS m=256 n=1 small=1 history_expected=0 history_calls=0 history_bytes=0 history_success=0 history_fail=0 x_calls=4 x_bytes=65536 x_success=4 x_fail=0 kb_calls=0 kb_bytes=0 kb_success=0 kb_fail=0 total=4 injected=0 history_level=-1 x_level=1 kb_level=-1 shape_bad=0 x_each_worker_once=1
CASE_PASS m=256 n=1 sve16_entries=0 expected=0 old_entries=0 packed_entries=0 packed_expected=0
ALLOC_PASS m=256 n=7 small=1 history_expected=0 history_calls=0 history_bytes=0 history_success=0 history_fail=0 x_calls=4 x_bytes=65536 x_success=4 x_fail=0 kb_calls=0 kb_bytes=0 kb_success=0 kb_fail=0 total=4 injected=0 history_level=-1 x_level=1 kb_level=-1 shape_bad=0 x_each_worker_once=1
CASE_PASS m=256 n=7 sve16_entries=0 expected=0 old_entries=0 packed_entries=0 packed_expected=0
ALLOC_PASS m=256 n=8 small=1 history_expected=0 history_calls=0 history_bytes=0 history_success=0 history_fail=0 x_calls=4 x_bytes=65536 x_success=4 x_fail=0 kb_calls=0 kb_bytes=0 kb_success=0 kb_fail=0 total=4 injected=0 history_level=-1 x_level=1 kb_level=-1 shape_bad=0 x_each_worker_once=1
CASE_PASS m=256 n=8 sve16_entries=0 expected=0 old_entries=0 packed_entries=0 packed_expected=0
ALLOC_PASS m=256 n=9 small=1 history_expected=0 history_calls=0 history_bytes=0 history_success=0 history_fail=0 x_calls=4 x_bytes=65536 x_success=4 x_fail=0 kb_calls=0 kb_bytes=0 kb_success=0 kb_fail=0 total=4 injected=0 history_level=-1 x_level=1 kb_level=-1 shape_bad=0 x_each_worker_once=1
CASE_PASS m=256 n=9 sve16_entries=0 expected=0 old_entries=0 packed_entries=0 packed_expected=0
ALLOC_PASS m=256 n=17 small=1 history_expected=0 history_calls=0 history_bytes=0 history_success=0 history_fail=0 x_calls=4 x_bytes=65536 x_success=4 x_fail=0 kb_calls=0 kb_bytes=0 kb_success=0 kb_fail=0 total=4 injected=0 history_level=-1 x_level=1 kb_level=-1 shape_bad=0 x_each_worker_once=1
CASE_PASS m=256 n=17 sve16_entries=0 expected=0 old_entries=0 packed_entries=0 packed_expected=0
ALLOC_PASS m=257 n=1 small=1 history_expected=0 history_calls=0 history_bytes=0 history_success=0 history_fail=0 x_calls=4 x_bytes=65792 x_success=4 x_fail=0 kb_calls=0 kb_bytes=0 kb_success=0 kb_fail=0 total=4 injected=0 history_level=-1 x_level=1 kb_level=-1 shape_bad=0 x_each_worker_once=1
CASE_PASS m=257 n=1 sve16_entries=0 expected=0 old_entries=0 packed_entries=0 packed_expected=0
ALLOC_PASS m=257 n=7 small=1 history_expected=0 history_calls=0 history_bytes=0 history_success=0 history_fail=0 x_calls=4 x_bytes=65792 x_success=4 x_fail=0 kb_calls=0 kb_bytes=0 kb_success=0 kb_fail=0 total=4 injected=0 history_level=-1 x_level=1 kb_level=-1 shape_bad=0 x_each_worker_once=1
CASE_PASS m=257 n=7 sve16_entries=0 expected=0 old_entries=0 packed_entries=0 packed_expected=0
ALLOC_PASS m=257 n=8 small=1 history_expected=0 history_calls=0 history_bytes=0 history_success=0 history_fail=0 x_calls=4 x_bytes=65792 x_success=4 x_fail=0 kb_calls=0 kb_bytes=0 kb_success=0 kb_fail=0 total=4 injected=0 history_level=-1 x_level=1 kb_level=-1 shape_bad=0 x_each_worker_once=1
CASE_PASS m=257 n=8 sve16_entries=0 expected=0 old_entries=0 packed_entries=0 packed_expected=0
ALLOC_PASS m=257 n=9 small=1 history_expected=0 history_calls=0 history_bytes=0 history_success=0 history_fail=0 x_calls=4 x_bytes=65792 x_success=4 x_fail=0 kb_calls=0 kb_bytes=0 kb_success=0 kb_fail=0 total=4 injected=0 history_level=-1 x_level=1 kb_level=-1 shape_bad=0 x_each_worker_once=1
CASE_PASS m=257 n=9 sve16_entries=0 expected=0 old_entries=0 packed_entries=0 packed_expected=0
ALLOC_PASS m=257 n=17 small=1 history_expected=0 history_calls=0 history_bytes=0 history_success=0 history_fail=0 x_calls=4 x_bytes=65792 x_success=4 x_fail=0 kb_calls=0 kb_bytes=0 kb_success=0 kb_fail=0 total=4 injected=0 history_level=-1 x_level=1 kb_level=-1 shape_bad=0 x_each_worker_once=1
CASE_PASS m=257 n=17 sve16_entries=0 expected=0 old_entries=0 packed_entries=0 packed_expected=0
ALLOCATION_SUMMARY_PASS cases=80 budget_cases=0 shared_injection_cases=0
PASS whole_cases=80 noop_cases=4 non_dyadic_long_double_RHS=1 padding_L_unchanged=1 max_error=1.1102230246251565e-16
SOURCE_FEATURES_PASS panel16=1 packedL16=0 has_budget=0 history_budget_bytes=0
MODE=budget THREADS=1 NARROW_VL=0 EXPECT_SVE16=1 EXPECT_PACKEDL16=0
ALLOC_PASS m=1023 n=9 small=1 history_expected=0 history_calls=0 history_bytes=0 history_success=0 history_fail=0 x_calls=1 x_bytes=65472 x_success=1 x_fail=0 kb_calls=0 kb_bytes=0 kb_success=0 kb_fail=0 total=1 injected=0 history_level=-1 x_level=1 kb_level=-1 shape_bad=0 x_each_worker_once=1
CASE_PASS m=1023 n=9 sve16_entries=126 expected=126 old_entries=126 packed_entries=0 packed_expected=0
ALLOC_PASS m=1024 n=9 small=1 history_expected=0 history_calls=0 history_bytes=0 history_success=0 history_fail=0 x_calls=1 x_bytes=65536 x_success=1 x_fail=0 kb_calls=0 kb_bytes=0 kb_success=0 kb_fail=0 total=1 injected=0 history_level=-1 x_level=1 kb_level=-1 shape_bad=0 x_each_worker_once=1
CASE_PASS m=1024 n=9 sve16_entries=128 expected=128 old_entries=128 packed_entries=0 packed_expected=0
ALLOC_PASS m=1039 n=9 small=1 history_expected=0 history_calls=0 history_bytes=0 history_success=0 history_fail=0 x_calls=1 x_bytes=66496 x_success=1 x_fail=0 kb_calls=0 kb_bytes=0 kb_success=0 kb_fail=0 total=1 injected=0 history_level=-1 x_level=1 kb_level=-1 shape_bad=0 x_each_worker_once=1
CASE_PASS m=1039 n=9 sve16_entries=128 expected=128 old_entries=128 packed_entries=0 packed_expected=0
ALLOC_PASS m=1040 n=9 small=1 history_expected=0 history_calls=0 history_bytes=0 history_success=0 history_fail=0 x_calls=1 x_bytes=66560 x_success=1 x_fail=0 kb_calls=0 kb_bytes=0 kb_success=0 kb_fail=0 total=1 injected=0 history_level=-1 x_level=1 kb_level=-1 shape_bad=0 x_each_worker_once=1
CASE_PASS m=1040 n=9 sve16_entries=130 expected=130 old_entries=130 packed_entries=0 packed_expected=0
ALLOC_PASS m=1041 n=9 small=1 history_expected=0 history_calls=0 history_bytes=0 history_success=0 history_fail=0 x_calls=1 x_bytes=66624 x_success=1 x_fail=0 kb_calls=0 kb_bytes=0 kb_success=0 kb_fail=0 total=1 injected=0 history_level=-1 x_level=1 kb_level=-1 shape_bad=0 x_each_worker_once=1
CASE_PASS m=1041 n=9 sve16_entries=130 expected=130 old_entries=130 packed_entries=0 packed_expected=0
ALLOCATION_SUMMARY_PASS cases=5 budget_cases=5 shared_injection_cases=0
PASS whole_cases=5 noop_cases=4 non_dyadic_long_double_RHS=1 padding_L_unchanged=1 max_error=1.1102230246251565e-16
SOURCE_FEATURES_PASS panel16=1 packedL16=0 has_budget=0 history_budget_bytes=0
MODE=budget THREADS=4 NARROW_VL=0 EXPECT_SVE16=1 EXPECT_PACKEDL16=0
ALLOC_PASS m=1023 n=9 small=1 history_expected=0 history_calls=0 history_bytes=0 history_success=0 history_fail=0 x_calls=4 x_bytes=261888 x_success=4 x_fail=0 kb_calls=0 kb_bytes=0 kb_success=0 kb_fail=0 total=4 injected=0 history_level=-1 x_level=1 kb_level=-1 shape_bad=0 x_each_worker_once=1
CASE_PASS m=1023 n=9 sve16_entries=126 expected=126 old_entries=126 packed_entries=0 packed_expected=0
ALLOC_PASS m=1024 n=9 small=1 history_expected=0 history_calls=0 history_bytes=0 history_success=0 history_fail=0 x_calls=4 x_bytes=262144 x_success=4 x_fail=0 kb_calls=0 kb_bytes=0 kb_success=0 kb_fail=0 total=4 injected=0 history_level=-1 x_level=1 kb_level=-1 shape_bad=0 x_each_worker_once=1
CASE_PASS m=1024 n=9 sve16_entries=128 expected=128 old_entries=128 packed_entries=0 packed_expected=0
ALLOC_PASS m=1039 n=9 small=1 history_expected=0 history_calls=0 history_bytes=0 history_success=0 history_fail=0 x_calls=4 x_bytes=265984 x_success=4 x_fail=0 kb_calls=0 kb_bytes=0 kb_success=0 kb_fail=0 total=4 injected=0 history_level=-1 x_level=1 kb_level=-1 shape_bad=0 x_each_worker_once=1
CASE_PASS m=1039 n=9 sve16_entries=128 expected=128 old_entries=128 packed_entries=0 packed_expected=0
ALLOC_PASS m=1040 n=9 small=1 history_expected=0 history_calls=0 history_bytes=0 history_success=0 history_fail=0 x_calls=4 x_bytes=266240 x_success=4 x_fail=0 kb_calls=0 kb_bytes=0 kb_success=0 kb_fail=0 total=4 injected=0 history_level=-1 x_level=1 kb_level=-1 shape_bad=0 x_each_worker_once=1
CASE_PASS m=1040 n=9 sve16_entries=130 expected=130 old_entries=130 packed_entries=0 packed_expected=0
ALLOC_PASS m=1041 n=9 small=1 history_expected=0 history_calls=0 history_bytes=0 history_success=0 history_fail=0 x_calls=4 x_bytes=266496 x_success=4 x_fail=0 kb_calls=0 kb_bytes=0 kb_success=0 kb_fail=0 total=4 injected=0 history_level=-1 x_level=1 kb_level=-1 shape_bad=0 x_each_worker_once=1
CASE_PASS m=1041 n=9 sve16_entries=130 expected=130 old_entries=130 packed_entries=0 packed_expected=0
ALLOCATION_SUMMARY_PASS cases=5 budget_cases=5 shared_injection_cases=0
PASS whole_cases=5 noop_cases=4 non_dyadic_long_double_RHS=1 padding_L_unchanged=1 max_error=1.1102230246251565e-16
SOURCE_FEATURES_PASS panel16=1 packedL16=0 has_budget=0 history_budget_bytes=0
MODE=budget-smoke THREADS=38 NARROW_VL=0 EXPECT_SVE16=1 EXPECT_PACKEDL16=0
ALLOC_PASS m=1039 n=313 small=1 history_expected=0 history_calls=0 history_bytes=0 history_success=0 history_fail=0 x_calls=38 x_bytes=2526848 x_success=38 x_fail=0 kb_calls=0 kb_bytes=0 kb_success=0 kb_fail=0 total=38 injected=0 history_level=-1 x_level=1 kb_level=-1 shape_bad=0 x_each_worker_once=1
CASE_PASS m=1039 n=313 sve16_entries=2560 expected=2560 old_entries=2560 packed_entries=0 packed_expected=0
ALLOC_PASS m=1040 n=313 small=1 history_expected=0 history_calls=0 history_bytes=0 history_success=0 history_fail=0 x_calls=38 x_bytes=2529280 x_success=38 x_fail=0 kb_calls=0 kb_bytes=0 kb_success=0 kb_fail=0 total=38 injected=0 history_level=-1 x_level=1 kb_level=-1 shape_bad=0 x_each_worker_once=1
CASE_PASS m=1040 n=313 sve16_entries=2600 expected=2600 old_entries=2600 packed_entries=0 packed_expected=0
ALLOCATION_SUMMARY_PASS cases=2 budget_cases=2 shared_injection_cases=0
PASS whole_cases=2 noop_cases=4 non_dyadic_long_double_RHS=1 padding_L_unchanged=1 max_error=1.1102230246251565e-16
SOURCE_FEATURES_PASS panel16=1 packedL16=0 has_budget=0 history_budget_bytes=0
MODE=budget THREADS=4 NARROW_VL=0 EXPECT_SVE16=0 EXPECT_PACKEDL16=0
ALLOC_PASS m=1023 n=9 small=1 history_expected=0 history_calls=0 history_bytes=0 history_success=0 history_fail=0 x_calls=4 x_bytes=261888 x_success=0 x_fail=4 kb_calls=0 kb_bytes=0 kb_success=0 kb_fail=0 total=4 injected=4 history_level=-1 x_level=1 kb_level=-1 shape_bad=0 x_each_worker_once=1
CASE_PASS m=1023 n=9 sve16_entries=0 expected=0 old_entries=0 packed_entries=0 packed_expected=0
ALLOC_PASS m=1024 n=9 small=1 history_expected=0 history_calls=0 history_bytes=0 history_success=0 history_fail=0 x_calls=4 x_bytes=262144 x_success=0 x_fail=4 kb_calls=0 kb_bytes=0 kb_success=0 kb_fail=0 total=4 injected=4 history_level=-1 x_level=1 kb_level=-1 shape_bad=0 x_each_worker_once=1
CASE_PASS m=1024 n=9 sve16_entries=0 expected=0 old_entries=0 packed_entries=0 packed_expected=0
ALLOC_PASS m=1039 n=9 small=1 history_expected=0 history_calls=0 history_bytes=0 history_success=0 history_fail=0 x_calls=4 x_bytes=265984 x_success=0 x_fail=4 kb_calls=0 kb_bytes=0 kb_success=0 kb_fail=0 total=4 injected=4 history_level=-1 x_level=1 kb_level=-1 shape_bad=0 x_each_worker_once=1
CASE_PASS m=1039 n=9 sve16_entries=0 expected=0 old_entries=0 packed_entries=0 packed_expected=0
ALLOC_PASS m=1040 n=9 small=1 history_expected=0 history_calls=0 history_bytes=0 history_success=0 history_fail=0 x_calls=4 x_bytes=266240 x_success=0 x_fail=4 kb_calls=0 kb_bytes=0 kb_success=0 kb_fail=0 total=4 injected=4 history_level=-1 x_level=1 kb_level=-1 shape_bad=0 x_each_worker_once=1
CASE_PASS m=1040 n=9 sve16_entries=0 expected=0 old_entries=0 packed_entries=0 packed_expected=0
ALLOC_PASS m=1041 n=9 small=1 history_expected=0 history_calls=0 history_bytes=0 history_success=0 history_fail=0 x_calls=4 x_bytes=266496 x_success=0 x_fail=4 kb_calls=0 kb_bytes=0 kb_success=0 kb_fail=0 total=4 injected=4 history_level=-1 x_level=1 kb_level=-1 shape_bad=0 x_each_worker_once=1
CASE_PASS m=1041 n=9 sve16_entries=0 expected=0 old_entries=0 packed_entries=0 packed_expected=0
ALLOCATION_SUMMARY_PASS cases=5 budget_cases=5 shared_injection_cases=0
PASS whole_cases=5 noop_cases=4 non_dyadic_long_double_RHS=1 padding_L_unchanged=1 max_error=1.1102230246251565e-16
SOURCE_FEATURES_PASS panel16=1 packedL16=0 has_budget=0 history_budget_bytes=0
MODE=budget THREADS=4 NARROW_VL=0 EXPECT_SVE16=0 EXPECT_PACKEDL16=0
ALLOC_PASS m=1023 n=9 small=1 history_expected=0 history_calls=0 history_bytes=0 history_success=0 history_fail=0 x_calls=4 x_bytes=261888 x_success=4 x_fail=0 kb_calls=0 kb_bytes=0 kb_success=0 kb_fail=0 total=4 injected=0 history_level=-1 x_level=1 kb_level=-1 shape_bad=0 x_each_worker_once=1
CASE_PASS m=1023 n=9 sve16_entries=0 expected=0 old_entries=0 packed_entries=0 packed_expected=0
ALLOC_PASS m=1024 n=9 small=1 history_expected=0 history_calls=0 history_bytes=0 history_success=0 history_fail=0 x_calls=4 x_bytes=262144 x_success=4 x_fail=0 kb_calls=0 kb_bytes=0 kb_success=0 kb_fail=0 total=4 injected=0 history_level=-1 x_level=1 kb_level=-1 shape_bad=0 x_each_worker_once=1
CASE_PASS m=1024 n=9 sve16_entries=0 expected=0 old_entries=0 packed_entries=0 packed_expected=0
ALLOC_PASS m=1039 n=9 small=1 history_expected=0 history_calls=0 history_bytes=0 history_success=0 history_fail=0 x_calls=4 x_bytes=265984 x_success=4 x_fail=0 kb_calls=0 kb_bytes=0 kb_success=0 kb_fail=0 total=4 injected=0 history_level=-1 x_level=1 kb_level=-1 shape_bad=0 x_each_worker_once=1
CASE_PASS m=1039 n=9 sve16_entries=0 expected=0 old_entries=0 packed_entries=0 packed_expected=0
ALLOC_PASS m=1040 n=9 small=1 history_expected=0 history_calls=0 history_bytes=0 history_success=0 history_fail=0 x_calls=4 x_bytes=266240 x_success=4 x_fail=0 kb_calls=0 kb_bytes=0 kb_success=0 kb_fail=0 total=4 injected=0 history_level=-1 x_level=1 kb_level=-1 shape_bad=0 x_each_worker_once=1
CASE_PASS m=1040 n=9 sve16_entries=0 expected=0 old_entries=0 packed_entries=0 packed_expected=0
ALLOC_PASS m=1041 n=9 small=1 history_expected=0 history_calls=0 history_bytes=0 history_success=0 history_fail=0 x_calls=4 x_bytes=266496 x_success=4 x_fail=0 kb_calls=0 kb_bytes=0 kb_success=0 kb_fail=0 total=4 injected=0 history_level=-1 x_level=1 kb_level=-1 shape_bad=0 x_each_worker_once=1
CASE_PASS m=1041 n=9 sve16_entries=0 expected=0 old_entries=0 packed_entries=0 packed_expected=0
ALLOCATION_SUMMARY_PASS cases=5 budget_cases=5 shared_injection_cases=0
PASS whole_cases=5 noop_cases=4 non_dyadic_long_double_RHS=1 padding_L_unchanged=1 max_error=1.1102230246251565e-16
SOURCE_FEATURES_PASS panel16=1 packedL16=0 has_budget=0 history_budget_bytes=0
MODE=budget THREADS=4 NARROW_VL=1 EXPECT_SVE16=0 EXPECT_PACKEDL16=0
ALLOC_PASS m=1023 n=9 small=1 history_expected=0 history_calls=0 history_bytes=0 history_success=0 history_fail=0 x_calls=4 x_bytes=261888 x_success=4 x_fail=0 kb_calls=0 kb_bytes=0 kb_success=0 kb_fail=0 total=4 injected=0 history_level=-1 x_level=1 kb_level=-1 shape_bad=0 x_each_worker_once=1
CASE_PASS m=1023 n=9 sve16_entries=0 expected=0 old_entries=0 packed_entries=0 packed_expected=0
ALLOC_PASS m=1024 n=9 small=1 history_expected=0 history_calls=0 history_bytes=0 history_success=0 history_fail=0 x_calls=4 x_bytes=262144 x_success=4 x_fail=0 kb_calls=0 kb_bytes=0 kb_success=0 kb_fail=0 total=4 injected=0 history_level=-1 x_level=1 kb_level=-1 shape_bad=0 x_each_worker_once=1
CASE_PASS m=1024 n=9 sve16_entries=0 expected=0 old_entries=0 packed_entries=0 packed_expected=0
ALLOC_PASS m=1039 n=9 small=1 history_expected=0 history_calls=0 history_bytes=0 history_success=0 history_fail=0 x_calls=4 x_bytes=265984 x_success=4 x_fail=0 kb_calls=0 kb_bytes=0 kb_success=0 kb_fail=0 total=4 injected=0 history_level=-1 x_level=1 kb_level=-1 shape_bad=0 x_each_worker_once=1
CASE_PASS m=1039 n=9 sve16_entries=0 expected=0 old_entries=0 packed_entries=0 packed_expected=0
ALLOC_PASS m=1040 n=9 small=1 history_expected=0 history_calls=0 history_bytes=0 history_success=0 history_fail=0 x_calls=4 x_bytes=266240 x_success=4 x_fail=0 kb_calls=0 kb_bytes=0 kb_success=0 kb_fail=0 total=4 injected=0 history_level=-1 x_level=1 kb_level=-1 shape_bad=0 x_each_worker_once=1
CASE_PASS m=1040 n=9 sve16_entries=0 expected=0 old_entries=0 packed_entries=0 packed_expected=0
ALLOC_PASS m=1041 n=9 small=1 history_expected=0 history_calls=0 history_bytes=0 history_success=0 history_fail=0 x_calls=4 x_bytes=266496 x_success=4 x_fail=0 kb_calls=0 kb_bytes=0 kb_success=0 kb_fail=0 total=4 injected=0 history_level=-1 x_level=1 kb_level=-1 shape_bad=0 x_each_worker_once=1
CASE_PASS m=1041 n=9 sve16_entries=0 expected=0 old_entries=0 packed_entries=0 packed_expected=0
ALLOCATION_SUMMARY_PASS cases=5 budget_cases=5 shared_injection_cases=0
PASS whole_cases=5 noop_cases=4 non_dyadic_long_double_RHS=1 padding_L_unchanged=1 max_error=1.1102230246251565e-16
TRSM_PREFLIGHT_COMPLETE=1 MICRO_CASES=14 WHOLE_CASES=433 NOOP_CASES=52 OLD_MICRO_CASES=14 PACKED_MICRO_CASES=0 SHARED_FAIL_CASES=0 ALLOCATION_CASES=433 BUDGET_CASES=27 BUDGET_SHARED_INJECTIONS=0
{"allowed_cpu_count": 38, "allowed_cpus": [76, 77, 78, 79, 80, 81, 82, 83, 84, 85, 86, 87, 88, 89, 90, 91, 92, 93, 94, 95, 96, 97, 98, 99, 100, 101, 102, 103, 104, 105, 106, 107, 108, 109, 110, 111, 112, 113], "guard_pass": true, "host": "COMPUTE_NODE_1", "numa_nodes": ["node2"], "scheduler_job_id": "1579730"}
gcc (gcc for openEuler 3.0.2) 12.3.1
Copyright (C) 2022 Free Software Foundation, Inc.
This is free software; see the source for copying conditions.  There is NO
warranty; not even for MERCHANTABILITY or FITNESS FOR A PARTICULAR PURPOSE.

SOURCE_FEATURES_PASS panel16=1 packedL16=1 has_budget=0 history_budget_bytes=0
MODE=micro THREADS=1 NARROW_VL=0 EXPECT_SVE16=1 EXPECT_PACKEDL16=1
PASS micro_cases=14 ordered_FMA_bitwise=1 prefix_padding_L_unchanged=1 history_unchanged=1
SOURCE_FEATURES_PASS panel16=1 packedL16=1 has_budget=0 history_budget_bytes=0
MODE=packed-micro THREADS=1 NARROW_VL=0 EXPECT_SVE16=1 EXPECT_PACKEDL16=1
PASS packed_micro_cases=14 ordered_FMA_bitwise=1 prefix_padding_L_unchanged=1 history_unchanged=1
SOURCE_FEATURES_PASS panel16=1 packedL16=1 has_budget=0 history_budget_bytes=0
MODE=full THREADS=1 NARROW_VL=0 EXPECT_SVE16=1 EXPECT_PACKEDL16=1
ALLOC_PASS m=1 n=1 small=1 history_expected=0 history_calls=0 history_bytes=0 history_success=0 history_fail=0 x_calls=1 x_bytes=64 x_success=1 x_fail=0 kb_calls=0 kb_bytes=0 kb_success=0 kb_fail=0 total=1 injected=0 history_level=-1 x_level=1 kb_level=-1 shape_bad=0 x_each_worker_once=1
CASE_PASS m=1 n=1 sve16_entries=0 expected=0 old_entries=0 packed_entries=0 packed_expected=0
ALLOC_PASS m=1 n=7 small=1 history_expected=0 history_calls=0 history_bytes=0 history_success=0 history_fail=0 x_calls=1 x_bytes=64 x_success=1 x_fail=0 kb_calls=0 kb_bytes=0 kb_success=0 kb_fail=0 total=1 injected=0 history_level=-1 x_level=1 kb_level=-1 shape_bad=0 x_each_worker_once=1
CASE_PASS m=1 n=7 sve16_entries=0 expected=0 old_entries=0 packed_entries=0 packed_expected=0
ALLOC_PASS m=1 n=8 small=1 history_expected=0 history_calls=0 history_bytes=0 history_success=0 history_fail=0 x_calls=1 x_bytes=64 x_success=1 x_fail=0 kb_calls=0 kb_bytes=0 kb_success=0 kb_fail=0 total=1 injected=0 history_level=-1 x_level=1 kb_level=-1 shape_bad=0 x_each_worker_once=1
CASE_PASS m=1 n=8 sve16_entries=0 expected=0 old_entries=0 packed_entries=0 packed_expected=0
ALLOC_PASS m=1 n=9 small=1 history_expected=0 history_calls=0 history_bytes=0 history_success=0 history_fail=0 x_calls=1 x_bytes=64 x_success=1 x_fail=0 kb_calls=0 kb_bytes=0 kb_success=0 kb_fail=0 total=1 injected=0 history_level=-1 x_level=1 kb_level=-1 shape_bad=0 x_each_worker_once=1
CASE_PASS m=1 n=9 sve16_entries=0 expected=0 old_entries=0 packed_entries=0 packed_expected=0
ALLOC_PASS m=1 n=17 small=1 history_expected=0 history_calls=0 history_bytes=0 history_success=0 history_fail=0 x_calls=1 x_bytes=64 x_success=1 x_fail=0 kb_calls=0 kb_bytes=0 kb_success=0 kb_fail=0 total=1 injected=0 history_level=-1 x_level=1 kb_level=-1 shape_bad=0 x_each_worker_once=1
CASE_PASS m=1 n=17 sve16_entries=0 expected=0 old_entries=0 packed_entries=0 packed_expected=0
ALLOC_PASS m=3 n=1 small=1 history_expected=0 history_calls=0 history_bytes=0 history_success=0 history_fail=0 x_calls=1 x_bytes=192 x_success=1 x_fail=0 kb_calls=0 kb_bytes=0 kb_success=0 kb_fail=0 total=1 injected=0 history_level=-1 x_level=1 kb_level=-1 shape_bad=0 x_each_worker_once=1
CASE_PASS m=3 n=1 sve16_entries=0 expected=0 old_entries=0 packed_entries=0 packed_expected=0
ALLOC_PASS m=3 n=7 small=1 history_expected=0 history_calls=0 history_bytes=0 history_success=0 history_fail=0 x_calls=1 x_bytes=192 x_success=1 x_fail=0 kb_calls=0 kb_bytes=0 kb_success=0 kb_fail=0 total=1 injected=0 history_level=-1 x_level=1 kb_level=-1 shape_bad=0 x_each_worker_once=1
CASE_PASS m=3 n=7 sve16_entries=0 expected=0 old_entries=0 packed_entries=0 packed_expected=0
ALLOC_PASS m=3 n=8 small=1 history_expected=0 history_calls=0 history_bytes=0 history_success=0 history_fail=0 x_calls=1 x_bytes=192 x_success=1 x_fail=0 kb_calls=0 kb_bytes=0 kb_success=0 kb_fail=0 total=1 injected=0 history_level=-1 x_level=1 kb_level=-1 shape_bad=0 x_each_worker_once=1
CASE_PASS m=3 n=8 sve16_entries=0 expected=0 old_entries=0 packed_entries=0 packed_expected=0
ALLOC_PASS m=3 n=9 small=1 history_expected=0 history_calls=0 history_bytes=0 history_success=0 history_fail=0 x_calls=1 x_bytes=192 x_success=1 x_fail=0 kb_calls=0 kb_bytes=0 kb_success=0 kb_fail=0 total=1 injected=0 history_level=-1 x_level=1 kb_level=-1 shape_bad=0 x_each_worker_once=1
CASE_PASS m=3 n=9 sve16_entries=0 expected=0 old_entries=0 packed_entries=0 packed_expected=0
ALLOC_PASS m=3 n=17 small=1 history_expected=0 history_calls=0 history_bytes=0 history_success=0 history_fail=0 x_calls=1 x_bytes=192 x_success=1 x_fail=0 kb_calls=0 kb_bytes=0 kb_success=0 kb_fail=0 total=1 injected=0 history_level=-1 x_level=1 kb_level=-1 shape_bad=0 x_each_worker_once=1
CASE_PASS m=3 n=17 sve16_entries=0 expected=0 old_entries=0 packed_entries=0 packed_expected=0
ALLOC_PASS m=4 n=1 small=1 history_expected=0 history_calls=0 history_bytes=0 history_success=0 history_fail=0 x_calls=1 x_bytes=256 x_success=1 x_fail=0 kb_calls=0 kb_bytes=0 kb_success=0 kb_fail=0 total=1 injected=0 history_level=-1 x_level=1 kb_level=-1 shape_bad=0 x_each_worker_once=1
CASE_PASS m=4 n=1 sve16_entries=0 expected=0 old_entries=0 packed_entries=0 packed_expected=0
ALLOC_PASS m=4 n=7 small=1 history_expected=0 history_calls=0 history_bytes=0 history_success=0 history_fail=0 x_calls=1 x_bytes=256 x_success=1 x_fail=0 kb_calls=0 kb_bytes=0 kb_success=0 kb_fail=0 total=1 injected=0 history_level=-1 x_level=1 kb_level=-1 shape_bad=0 x_each_worker_once=1
CASE_PASS m=4 n=7 sve16_entries=0 expected=0 old_entries=0 packed_entries=0 packed_expected=0
ALLOC_PASS m=4 n=8 small=1 history_expected=0 history_calls=0 history_bytes=0 history_success=0 history_fail=0 x_calls=1 x_bytes=256 x_success=1 x_fail=0 kb_calls=0 kb_bytes=0 kb_success=0 kb_fail=0 total=1 injected=0 history_level=-1 x_level=1 kb_level=-1 shape_bad=0 x_each_worker_once=1
CASE_PASS m=4 n=8 sve16_entries=0 expected=0 old_entries=0 packed_entries=0 packed_expected=0
ALLOC_PASS m=4 n=9 small=1 history_expected=0 history_calls=0 history_bytes=0 history_success=0 history_fail=0 x_calls=1 x_bytes=256 x_success=1 x_fail=0 kb_calls=0 kb_bytes=0 kb_success=0 kb_fail=0 total=1 injected=0 history_level=-1 x_level=1 kb_level=-1 shape_bad=0 x_each_worker_once=1
CASE_PASS m=4 n=9 sve16_entries=0 expected=0 old_entries=0 packed_entries=0 packed_expected=0
ALLOC_PASS m=4 n=17 small=1 history_expected=0 history_calls=0 history_bytes=0 history_success=0 history_fail=0 x_calls=1 x_bytes=256 x_success=1 x_fail=0 kb_calls=0 kb_bytes=0 kb_success=0 kb_fail=0 total=1 injected=0 history_level=-1 x_level=1 kb_level=-1 shape_bad=0 x_each_worker_once=1
CASE_PASS m=4 n=17 sve16_entries=0 expected=0 old_entries=0 packed_entries=0 packed_expected=0
ALLOC_PASS m=5 n=1 small=1 history_expected=0 history_calls=0 history_bytes=0 history_success=0 history_fail=0 x_calls=1 x_bytes=320 x_success=1 x_fail=0 kb_calls=0 kb_bytes=0 kb_success=0 kb_fail=0 total=1 injected=0 history_level=-1 x_level=1 kb_level=-1 shape_bad=0 x_each_worker_once=1
CASE_PASS m=5 n=1 sve16_entries=0 expected=0 old_entries=0 packed_entries=0 packed_expected=0
ALLOC_PASS m=5 n=7 small=1 history_expected=0 history_calls=0 history_bytes=0 history_success=0 history_fail=0 x_calls=1 x_bytes=320 x_success=1 x_fail=0 kb_calls=0 kb_bytes=0 kb_success=0 kb_fail=0 total=1 injected=0 history_level=-1 x_level=1 kb_level=-1 shape_bad=0 x_each_worker_once=1
CASE_PASS m=5 n=7 sve16_entries=0 expected=0 old_entries=0 packed_entries=0 packed_expected=0
ALLOC_PASS m=5 n=8 small=1 history_expected=0 history_calls=0 history_bytes=0 history_success=0 history_fail=0 x_calls=1 x_bytes=320 x_success=1 x_fail=0 kb_calls=0 kb_bytes=0 kb_success=0 kb_fail=0 total=1 injected=0 history_level=-1 x_level=1 kb_level=-1 shape_bad=0 x_each_worker_once=1
CASE_PASS m=5 n=8 sve16_entries=0 expected=0 old_entries=0 packed_entries=0 packed_expected=0
ALLOC_PASS m=5 n=9 small=1 history_expected=0 history_calls=0 history_bytes=0 history_success=0 history_fail=0 x_calls=1 x_bytes=320 x_success=1 x_fail=0 kb_calls=0 kb_bytes=0 kb_success=0 kb_fail=0 total=1 injected=0 history_level=-1 x_level=1 kb_level=-1 shape_bad=0 x_each_worker_once=1
CASE_PASS m=5 n=9 sve16_entries=0 expected=0 old_entries=0 packed_entries=0 packed_expected=0
ALLOC_PASS m=5 n=17 small=1 history_expected=0 history_calls=0 history_bytes=0 history_success=0 history_fail=0 x_calls=1 x_bytes=320 x_success=1 x_fail=0 kb_calls=0 kb_bytes=0 kb_success=0 kb_fail=0 total=1 injected=0 history_level=-1 x_level=1 kb_level=-1 shape_bad=0 x_each_worker_once=1
CASE_PASS m=5 n=17 sve16_entries=0 expected=0 old_entries=0 packed_entries=0 packed_expected=0
ALLOC_PASS m=15 n=1 small=1 history_expected=0 history_calls=0 history_bytes=0 history_success=0 history_fail=0 x_calls=1 x_bytes=960 x_success=1 x_fail=0 kb_calls=0 kb_bytes=0 kb_success=0 kb_fail=0 total=1 injected=0 history_level=-1 x_level=1 kb_level=-1 shape_bad=0 x_each_worker_once=1
CASE_PASS m=15 n=1 sve16_entries=0 expected=0 old_entries=0 packed_entries=0 packed_expected=0
ALLOC_PASS m=15 n=7 small=1 history_expected=0 history_calls=0 history_bytes=0 history_success=0 history_fail=0 x_calls=1 x_bytes=960 x_success=1 x_fail=0 kb_calls=0 kb_bytes=0 kb_success=0 kb_fail=0 total=1 injected=0 history_level=-1 x_level=1 kb_level=-1 shape_bad=0 x_each_worker_once=1
CASE_PASS m=15 n=7 sve16_entries=0 expected=0 old_entries=0 packed_entries=0 packed_expected=0
ALLOC_PASS m=15 n=8 small=1 history_expected=0 history_calls=0 history_bytes=0 history_success=0 history_fail=0 x_calls=1 x_bytes=960 x_success=1 x_fail=0 kb_calls=0 kb_bytes=0 kb_success=0 kb_fail=0 total=1 injected=0 history_level=-1 x_level=1 kb_level=-1 shape_bad=0 x_each_worker_once=1
CASE_PASS m=15 n=8 sve16_entries=0 expected=0 old_entries=0 packed_entries=0 packed_expected=0
ALLOC_PASS m=15 n=9 small=1 history_expected=0 history_calls=0 history_bytes=0 history_success=0 history_fail=0 x_calls=1 x_bytes=960 x_success=1 x_fail=0 kb_calls=0 kb_bytes=0 kb_success=0 kb_fail=0 total=1 injected=0 history_level=-1 x_level=1 kb_level=-1 shape_bad=0 x_each_worker_once=1
CASE_PASS m=15 n=9 sve16_entries=0 expected=0 old_entries=0 packed_entries=0 packed_expected=0
ALLOC_PASS m=15 n=17 small=1 history_expected=0 history_calls=0 history_bytes=0 history_success=0 history_fail=0 x_calls=1 x_bytes=960 x_success=1 x_fail=0 kb_calls=0 kb_bytes=0 kb_success=0 kb_fail=0 total=1 injected=0 history_level=-1 x_level=1 kb_level=-1 shape_bad=0 x_each_worker_once=1
CASE_PASS m=15 n=17 sve16_entries=0 expected=0 old_entries=0 packed_entries=0 packed_expected=0
ALLOC_PASS m=16 n=1 small=1 history_expected=0 history_calls=0 history_bytes=0 history_success=0 history_fail=0 x_calls=1 x_bytes=1024 x_success=1 x_fail=0 kb_calls=0 kb_bytes=0 kb_success=0 kb_fail=0 total=1 injected=0 history_level=-1 x_level=1 kb_level=-1 shape_bad=0 x_each_worker_once=1
CASE_PASS m=16 n=1 sve16_entries=1 expected=1 old_entries=1 packed_entries=0 packed_expected=0
ALLOC_PASS m=16 n=7 small=1 history_expected=0 history_calls=0 history_bytes=0 history_success=0 history_fail=0 x_calls=1 x_bytes=1024 x_success=1 x_fail=0 kb_calls=0 kb_bytes=0 kb_success=0 kb_fail=0 total=1 injected=0 history_level=-1 x_level=1 kb_level=-1 shape_bad=0 x_each_worker_once=1
CASE_PASS m=16 n=7 sve16_entries=1 expected=1 old_entries=1 packed_entries=0 packed_expected=0
ALLOC_PASS m=16 n=8 small=1 history_expected=0 history_calls=0 history_bytes=0 history_success=0 history_fail=0 x_calls=1 x_bytes=1024 x_success=1 x_fail=0 kb_calls=0 kb_bytes=0 kb_success=0 kb_fail=0 total=1 injected=0 history_level=-1 x_level=1 kb_level=-1 shape_bad=0 x_each_worker_once=1
CASE_PASS m=16 n=8 sve16_entries=1 expected=1 old_entries=1 packed_entries=0 packed_expected=0
ALLOC_PASS m=16 n=9 small=1 history_expected=0 history_calls=0 history_bytes=0 history_success=0 history_fail=0 x_calls=1 x_bytes=1024 x_success=1 x_fail=0 kb_calls=0 kb_bytes=0 kb_success=0 kb_fail=0 total=1 injected=0 history_level=-1 x_level=1 kb_level=-1 shape_bad=0 x_each_worker_once=1
CASE_PASS m=16 n=9 sve16_entries=2 expected=2 old_entries=2 packed_entries=0 packed_expected=0
ALLOC_PASS m=16 n=17 small=1 history_expected=0 history_calls=0 history_bytes=0 history_success=0 history_fail=0 x_calls=1 x_bytes=1024 x_success=1 x_fail=0 kb_calls=0 kb_bytes=0 kb_success=0 kb_fail=0 total=1 injected=0 history_level=-1 x_level=1 kb_level=-1 shape_bad=0 x_each_worker_once=1
CASE_PASS m=16 n=17 sve16_entries=3 expected=3 old_entries=3 packed_entries=0 packed_expected=0
ALLOC_PASS m=17 n=1 small=1 history_expected=0 history_calls=0 history_bytes=0 history_success=0 history_fail=0 x_calls=1 x_bytes=1088 x_success=1 x_fail=0 kb_calls=0 kb_bytes=0 kb_success=0 kb_fail=0 total=1 injected=0 history_level=-1 x_level=1 kb_level=-1 shape_bad=0 x_each_worker_once=1
CASE_PASS m=17 n=1 sve16_entries=1 expected=1 old_entries=1 packed_entries=0 packed_expected=0
ALLOC_PASS m=17 n=7 small=1 history_expected=0 history_calls=0 history_bytes=0 history_success=0 history_fail=0 x_calls=1 x_bytes=1088 x_success=1 x_fail=0 kb_calls=0 kb_bytes=0 kb_success=0 kb_fail=0 total=1 injected=0 history_level=-1 x_level=1 kb_level=-1 shape_bad=0 x_each_worker_once=1
CASE_PASS m=17 n=7 sve16_entries=1 expected=1 old_entries=1 packed_entries=0 packed_expected=0
ALLOC_PASS m=17 n=8 small=1 history_expected=0 history_calls=0 history_bytes=0 history_success=0 history_fail=0 x_calls=1 x_bytes=1088 x_success=1 x_fail=0 kb_calls=0 kb_bytes=0 kb_success=0 kb_fail=0 total=1 injected=0 history_level=-1 x_level=1 kb_level=-1 shape_bad=0 x_each_worker_once=1
CASE_PASS m=17 n=8 sve16_entries=1 expected=1 old_entries=1 packed_entries=0 packed_expected=0
ALLOC_PASS m=17 n=9 small=1 history_expected=0 history_calls=0 history_bytes=0 history_success=0 history_fail=0 x_calls=1 x_bytes=1088 x_success=1 x_fail=0 kb_calls=0 kb_bytes=0 kb_success=0 kb_fail=0 total=1 injected=0 history_level=-1 x_level=1 kb_level=-1 shape_bad=0 x_each_worker_once=1
CASE_PASS m=17 n=9 sve16_entries=2 expected=2 old_entries=2 packed_entries=0 packed_expected=0
ALLOC_PASS m=17 n=17 small=1 history_expected=0 history_calls=0 history_bytes=0 history_success=0 history_fail=0 x_calls=1 x_bytes=1088 x_success=1 x_fail=0 kb_calls=0 kb_bytes=0 kb_success=0 kb_fail=0 total=1 injected=0 history_level=-1 x_level=1 kb_level=-1 shape_bad=0 x_each_worker_once=1
CASE_PASS m=17 n=17 sve16_entries=3 expected=3 old_entries=3 packed_entries=0 packed_expected=0
ALLOC_PASS m=31 n=1 small=1 history_expected=0 history_calls=0 history_bytes=0 history_success=0 history_fail=0 x_calls=1 x_bytes=1984 x_success=1 x_fail=0 kb_calls=0 kb_bytes=0 kb_success=0 kb_fail=0 total=1 injected=0 history_level=-1 x_level=1 kb_level=-1 shape_bad=0 x_each_worker_once=1
CASE_PASS m=31 n=1 sve16_entries=1 expected=1 old_entries=1 packed_entries=0 packed_expected=0
ALLOC_PASS m=31 n=7 small=1 history_expected=0 history_calls=0 history_bytes=0 history_success=0 history_fail=0 x_calls=1 x_bytes=1984 x_success=1 x_fail=0 kb_calls=0 kb_bytes=0 kb_success=0 kb_fail=0 total=1 injected=0 history_level=-1 x_level=1 kb_level=-1 shape_bad=0 x_each_worker_once=1
CASE_PASS m=31 n=7 sve16_entries=1 expected=1 old_entries=1 packed_entries=0 packed_expected=0
ALLOC_PASS m=31 n=8 small=1 history_expected=0 history_calls=0 history_bytes=0 history_success=0 history_fail=0 x_calls=1 x_bytes=1984 x_success=1 x_fail=0 kb_calls=0 kb_bytes=0 kb_success=0 kb_fail=0 total=1 injected=0 history_level=-1 x_level=1 kb_level=-1 shape_bad=0 x_each_worker_once=1
CASE_PASS m=31 n=8 sve16_entries=1 expected=1 old_entries=1 packed_entries=0 packed_expected=0
ALLOC_PASS m=31 n=9 small=1 history_expected=0 history_calls=0 history_bytes=0 history_success=0 history_fail=0 x_calls=1 x_bytes=1984 x_success=1 x_fail=0 kb_calls=0 kb_bytes=0 kb_success=0 kb_fail=0 total=1 injected=0 history_level=-1 x_level=1 kb_level=-1 shape_bad=0 x_each_worker_once=1
CASE_PASS m=31 n=9 sve16_entries=2 expected=2 old_entries=2 packed_entries=0 packed_expected=0
ALLOC_PASS m=31 n=17 small=1 history_expected=0 history_calls=0 history_bytes=0 history_success=0 history_fail=0 x_calls=1 x_bytes=1984 x_success=1 x_fail=0 kb_calls=0 kb_bytes=0 kb_success=0 kb_fail=0 total=1 injected=0 history_level=-1 x_level=1 kb_level=-1 shape_bad=0 x_each_worker_once=1
CASE_PASS m=31 n=17 sve16_entries=3 expected=3 old_entries=3 packed_entries=0 packed_expected=0
ALLOC_PASS m=32 n=1 small=1 history_expected=1 history_calls=1 history_bytes=2048 history_success=1 history_fail=0 x_calls=1 x_bytes=2048 x_success=1 x_fail=0 kb_calls=0 kb_bytes=0 kb_success=0 kb_fail=0 total=2 injected=0 history_level=0 x_level=1 kb_level=-1 shape_bad=0 x_each_worker_once=1
CASE_PASS m=32 n=1 sve16_entries=2 expected=2 old_entries=1 packed_entries=1 packed_expected=1
ALLOC_PASS m=32 n=7 small=1 history_expected=1 history_calls=1 history_bytes=2048 history_success=1 history_fail=0 x_calls=1 x_bytes=2048 x_success=1 x_fail=0 kb_calls=0 kb_bytes=0 kb_success=0 kb_fail=0 total=2 injected=0 history_level=0 x_level=1 kb_level=-1 shape_bad=0 x_each_worker_once=1
CASE_PASS m=32 n=7 sve16_entries=2 expected=2 old_entries=1 packed_entries=1 packed_expected=1
ALLOC_PASS m=32 n=8 small=1 history_expected=1 history_calls=1 history_bytes=2048 history_success=1 history_fail=0 x_calls=1 x_bytes=2048 x_success=1 x_fail=0 kb_calls=0 kb_bytes=0 kb_success=0 kb_fail=0 total=2 injected=0 history_level=0 x_level=1 kb_level=-1 shape_bad=0 x_each_worker_once=1
CASE_PASS m=32 n=8 sve16_entries=2 expected=2 old_entries=1 packed_entries=1 packed_expected=1
ALLOC_PASS m=32 n=9 small=1 history_expected=1 history_calls=1 history_bytes=2048 history_success=1 history_fail=0 x_calls=1 x_bytes=2048 x_success=1 x_fail=0 kb_calls=0 kb_bytes=0 kb_success=0 kb_fail=0 total=2 injected=0 history_level=0 x_level=1 kb_level=-1 shape_bad=0 x_each_worker_once=1
CASE_PASS m=32 n=9 sve16_entries=4 expected=4 old_entries=2 packed_entries=2 packed_expected=2
ALLOC_PASS m=32 n=17 small=1 history_expected=1 history_calls=1 history_bytes=2048 history_success=1 history_fail=0 x_calls=1 x_bytes=2048 x_success=1 x_fail=0 kb_calls=0 kb_bytes=0 kb_success=0 kb_fail=0 total=2 injected=0 history_level=0 x_level=1 kb_level=-1 shape_bad=0 x_each_worker_once=1
CASE_PASS m=32 n=17 sve16_entries=6 expected=6 old_entries=3 packed_entries=3 packed_expected=3
ALLOC_PASS m=33 n=1 small=1 history_expected=1 history_calls=1 history_bytes=2048 history_success=1 history_fail=0 x_calls=1 x_bytes=2112 x_success=1 x_fail=0 kb_calls=0 kb_bytes=0 kb_success=0 kb_fail=0 total=2 injected=0 history_level=0 x_level=1 kb_level=-1 shape_bad=0 x_each_worker_once=1
CASE_PASS m=33 n=1 sve16_entries=2 expected=2 old_entries=1 packed_entries=1 packed_expected=1
ALLOC_PASS m=33 n=7 small=1 history_expected=1 history_calls=1 history_bytes=2048 history_success=1 history_fail=0 x_calls=1 x_bytes=2112 x_success=1 x_fail=0 kb_calls=0 kb_bytes=0 kb_success=0 kb_fail=0 total=2 injected=0 history_level=0 x_level=1 kb_level=-1 shape_bad=0 x_each_worker_once=1
CASE_PASS m=33 n=7 sve16_entries=2 expected=2 old_entries=1 packed_entries=1 packed_expected=1
ALLOC_PASS m=33 n=8 small=1 history_expected=1 history_calls=1 history_bytes=2048 history_success=1 history_fail=0 x_calls=1 x_bytes=2112 x_success=1 x_fail=0 kb_calls=0 kb_bytes=0 kb_success=0 kb_fail=0 total=2 injected=0 history_level=0 x_level=1 kb_level=-1 shape_bad=0 x_each_worker_once=1
CASE_PASS m=33 n=8 sve16_entries=2 expected=2 old_entries=1 packed_entries=1 packed_expected=1
ALLOC_PASS m=33 n=9 small=1 history_expected=1 history_calls=1 history_bytes=2048 history_success=1 history_fail=0 x_calls=1 x_bytes=2112 x_success=1 x_fail=0 kb_calls=0 kb_bytes=0 kb_success=0 kb_fail=0 total=2 injected=0 history_level=0 x_level=1 kb_level=-1 shape_bad=0 x_each_worker_once=1
CASE_PASS m=33 n=9 sve16_entries=4 expected=4 old_entries=2 packed_entries=2 packed_expected=2
ALLOC_PASS m=33 n=17 small=1 history_expected=1 history_calls=1 history_bytes=2048 history_success=1 history_fail=0 x_calls=1 x_bytes=2112 x_success=1 x_fail=0 kb_calls=0 kb_bytes=0 kb_success=0 kb_fail=0 total=2 injected=0 history_level=0 x_level=1 kb_level=-1 shape_bad=0 x_each_worker_once=1
CASE_PASS m=33 n=17 sve16_entries=6 expected=6 old_entries=3 packed_entries=3 packed_expected=3
ALLOC_PASS m=63 n=1 small=1 history_expected=1 history_calls=1 history_bytes=6144 history_success=1 history_fail=0 x_calls=1 x_bytes=4032 x_success=1 x_fail=0 kb_calls=0 kb_bytes=0 kb_success=0 kb_fail=0 total=2 injected=0 history_level=0 x_level=1 kb_level=-1 shape_bad=0 x_each_worker_once=1
CASE_PASS m=63 n=1 sve16_entries=3 expected=3 old_entries=1 packed_entries=2 packed_expected=2
ALLOC_PASS m=63 n=7 small=1 history_expected=1 history_calls=1 history_bytes=6144 history_success=1 history_fail=0 x_calls=1 x_bytes=4032 x_success=1 x_fail=0 kb_calls=0 kb_bytes=0 kb_success=0 kb_fail=0 total=2 injected=0 history_level=0 x_level=1 kb_level=-1 shape_bad=0 x_each_worker_once=1
CASE_PASS m=63 n=7 sve16_entries=3 expected=3 old_entries=1 packed_entries=2 packed_expected=2
ALLOC_PASS m=63 n=8 small=1 history_expected=1 history_calls=1 history_bytes=6144 history_success=1 history_fail=0 x_calls=1 x_bytes=4032 x_success=1 x_fail=0 kb_calls=0 kb_bytes=0 kb_success=0 kb_fail=0 total=2 injected=0 history_level=0 x_level=1 kb_level=-1 shape_bad=0 x_each_worker_once=1
CASE_PASS m=63 n=8 sve16_entries=3 expected=3 old_entries=1 packed_entries=2 packed_expected=2
ALLOC_PASS m=63 n=9 small=1 history_expected=1 history_calls=1 history_bytes=6144 history_success=1 history_fail=0 x_calls=1 x_bytes=4032 x_success=1 x_fail=0 kb_calls=0 kb_bytes=0 kb_success=0 kb_fail=0 total=2 injected=0 history_level=0 x_level=1 kb_level=-1 shape_bad=0 x_each_worker_once=1
CASE_PASS m=63 n=9 sve16_entries=6 expected=6 old_entries=2 packed_entries=4 packed_expected=4
ALLOC_PASS m=63 n=17 small=1 history_expected=1 history_calls=1 history_bytes=6144 history_success=1 history_fail=0 x_calls=1 x_bytes=4032 x_success=1 x_fail=0 kb_calls=0 kb_bytes=0 kb_success=0 kb_fail=0 total=2 injected=0 history_level=0 x_level=1 kb_level=-1 shape_bad=0 x_each_worker_once=1
CASE_PASS m=63 n=17 sve16_entries=9 expected=9 old_entries=3 packed_entries=6 packed_expected=6
ALLOC_PASS m=64 n=1 small=1 history_expected=1 history_calls=1 history_bytes=12288 history_success=1 history_fail=0 x_calls=1 x_bytes=4096 x_success=1 x_fail=0 kb_calls=0 kb_bytes=0 kb_success=0 kb_fail=0 total=2 injected=0 history_level=0 x_level=1 kb_level=-1 shape_bad=0 x_each_worker_once=1
CASE_PASS m=64 n=1 sve16_entries=4 expected=4 old_entries=1 packed_entries=3 packed_expected=3
ALLOC_PASS m=64 n=7 small=1 history_expected=1 history_calls=1 history_bytes=12288 history_success=1 history_fail=0 x_calls=1 x_bytes=4096 x_success=1 x_fail=0 kb_calls=0 kb_bytes=0 kb_success=0 kb_fail=0 total=2 injected=0 history_level=0 x_level=1 kb_level=-1 shape_bad=0 x_each_worker_once=1
CASE_PASS m=64 n=7 sve16_entries=4 expected=4 old_entries=1 packed_entries=3 packed_expected=3
ALLOC_PASS m=64 n=8 small=1 history_expected=1 history_calls=1 history_bytes=12288 history_success=1 history_fail=0 x_calls=1 x_bytes=4096 x_success=1 x_fail=0 kb_calls=0 kb_bytes=0 kb_success=0 kb_fail=0 total=2 injected=0 history_level=0 x_level=1 kb_level=-1 shape_bad=0 x_each_worker_once=1
CASE_PASS m=64 n=8 sve16_entries=4 expected=4 old_entries=1 packed_entries=3 packed_expected=3
ALLOC_PASS m=64 n=9 small=1 history_expected=1 history_calls=1 history_bytes=12288 history_success=1 history_fail=0 x_calls=1 x_bytes=4096 x_success=1 x_fail=0 kb_calls=0 kb_bytes=0 kb_success=0 kb_fail=0 total=2 injected=0 history_level=0 x_level=1 kb_level=-1 shape_bad=0 x_each_worker_once=1
CASE_PASS m=64 n=9 sve16_entries=8 expected=8 old_entries=2 packed_entries=6 packed_expected=6
ALLOC_PASS m=64 n=17 small=1 history_expected=1 history_calls=1 history_bytes=12288 history_success=1 history_fail=0 x_calls=1 x_bytes=4096 x_success=1 x_fail=0 kb_calls=0 kb_bytes=0 kb_success=0 kb_fail=0 total=2 injected=0 history_level=0 x_level=1 kb_level=-1 shape_bad=0 x_each_worker_once=1
CASE_PASS m=64 n=17 sve16_entries=12 expected=12 old_entries=3 packed_entries=9 packed_expected=9
ALLOC_PASS m=65 n=1 small=1 history_expected=1 history_calls=1 history_bytes=12288 history_success=1 history_fail=0 x_calls=1 x_bytes=4160 x_success=1 x_fail=0 kb_calls=0 kb_bytes=0 kb_success=0 kb_fail=0 total=2 injected=0 history_level=0 x_level=1 kb_level=-1 shape_bad=0 x_each_worker_once=1
CASE_PASS m=65 n=1 sve16_entries=4 expected=4 old_entries=1 packed_entries=3 packed_expected=3
ALLOC_PASS m=65 n=7 small=1 history_expected=1 history_calls=1 history_bytes=12288 history_success=1 history_fail=0 x_calls=1 x_bytes=4160 x_success=1 x_fail=0 kb_calls=0 kb_bytes=0 kb_success=0 kb_fail=0 total=2 injected=0 history_level=0 x_level=1 kb_level=-1 shape_bad=0 x_each_worker_once=1
CASE_PASS m=65 n=7 sve16_entries=4 expected=4 old_entries=1 packed_entries=3 packed_expected=3
ALLOC_PASS m=65 n=8 small=1 history_expected=1 history_calls=1 history_bytes=12288 history_success=1 history_fail=0 x_calls=1 x_bytes=4160 x_success=1 x_fail=0 kb_calls=0 kb_bytes=0 kb_success=0 kb_fail=0 total=2 injected=0 history_level=0 x_level=1 kb_level=-1 shape_bad=0 x_each_worker_once=1
CASE_PASS m=65 n=8 sve16_entries=4 expected=4 old_entries=1 packed_entries=3 packed_expected=3
ALLOC_PASS m=65 n=9 small=1 history_expected=1 history_calls=1 history_bytes=12288 history_success=1 history_fail=0 x_calls=1 x_bytes=4160 x_success=1 x_fail=0 kb_calls=0 kb_bytes=0 kb_success=0 kb_fail=0 total=2 injected=0 history_level=0 x_level=1 kb_level=-1 shape_bad=0 x_each_worker_once=1
CASE_PASS m=65 n=9 sve16_entries=8 expected=8 old_entries=2 packed_entries=6 packed_expected=6
ALLOC_PASS m=65 n=17 small=1 history_expected=1 history_calls=1 history_bytes=12288 history_success=1 history_fail=0 x_calls=1 x_bytes=4160 x_success=1 x_fail=0 kb_calls=0 kb_bytes=0 kb_success=0 kb_fail=0 total=2 injected=0 history_level=0 x_level=1 kb_level=-1 shape_bad=0 x_each_worker_once=1
CASE_PASS m=65 n=17 sve16_entries=12 expected=12 old_entries=3 packed_entries=9 packed_expected=9
ALLOC_PASS m=255 n=1 small=1 history_expected=1 history_calls=1 history_bytes=215040 history_success=1 history_fail=0 x_calls=1 x_bytes=16320 x_success=1 x_fail=0 kb_calls=0 kb_bytes=0 kb_success=0 kb_fail=0 total=2 injected=0 history_level=0 x_level=1 kb_level=-1 shape_bad=0 x_each_worker_once=1
CASE_PASS m=255 n=1 sve16_entries=15 expected=15 old_entries=1 packed_entries=14 packed_expected=14
ALLOC_PASS m=255 n=7 small=1 history_expected=1 history_calls=1 history_bytes=215040 history_success=1 history_fail=0 x_calls=1 x_bytes=16320 x_success=1 x_fail=0 kb_calls=0 kb_bytes=0 kb_success=0 kb_fail=0 total=2 injected=0 history_level=0 x_level=1 kb_level=-1 shape_bad=0 x_each_worker_once=1
CASE_PASS m=255 n=7 sve16_entries=15 expected=15 old_entries=1 packed_entries=14 packed_expected=14
ALLOC_PASS m=255 n=8 small=1 history_expected=1 history_calls=1 history_bytes=215040 history_success=1 history_fail=0 x_calls=1 x_bytes=16320 x_success=1 x_fail=0 kb_calls=0 kb_bytes=0 kb_success=0 kb_fail=0 total=2 injected=0 history_level=0 x_level=1 kb_level=-1 shape_bad=0 x_each_worker_once=1
CASE_PASS m=255 n=8 sve16_entries=15 expected=15 old_entries=1 packed_entries=14 packed_expected=14
ALLOC_PASS m=255 n=9 small=1 history_expected=1 history_calls=1 history_bytes=215040 history_success=1 history_fail=0 x_calls=1 x_bytes=16320 x_success=1 x_fail=0 kb_calls=0 kb_bytes=0 kb_success=0 kb_fail=0 total=2 injected=0 history_level=0 x_level=1 kb_level=-1 shape_bad=0 x_each_worker_once=1
CASE_PASS m=255 n=9 sve16_entries=30 expected=30 old_entries=2 packed_entries=28 packed_expected=28
ALLOC_PASS m=255 n=17 small=1 history_expected=1 history_calls=1 history_bytes=215040 history_success=1 history_fail=0 x_calls=1 x_bytes=16320 x_success=1 x_fail=0 kb_calls=0 kb_bytes=0 kb_success=0 kb_fail=0 total=2 injected=0 history_level=0 x_level=1 kb_level=-1 shape_bad=0 x_each_worker_once=1
CASE_PASS m=255 n=17 sve16_entries=45 expected=45 old_entries=3 packed_entries=42 packed_expected=42
ALLOC_PASS m=256 n=1 small=1 history_expected=1 history_calls=1 history_bytes=245760 history_success=1 history_fail=0 x_calls=1 x_bytes=16384 x_success=1 x_fail=0 kb_calls=0 kb_bytes=0 kb_success=0 kb_fail=0 total=2 injected=0 history_level=0 x_level=1 kb_level=-1 shape_bad=0 x_each_worker_once=1
CASE_PASS m=256 n=1 sve16_entries=16 expected=16 old_entries=1 packed_entries=15 packed_expected=15
ALLOC_PASS m=256 n=7 small=1 history_expected=1 history_calls=1 history_bytes=245760 history_success=1 history_fail=0 x_calls=1 x_bytes=16384 x_success=1 x_fail=0 kb_calls=0 kb_bytes=0 kb_success=0 kb_fail=0 total=2 injected=0 history_level=0 x_level=1 kb_level=-1 shape_bad=0 x_each_worker_once=1
CASE_PASS m=256 n=7 sve16_entries=16 expected=16 old_entries=1 packed_entries=15 packed_expected=15
ALLOC_PASS m=256 n=8 small=1 history_expected=1 history_calls=1 history_bytes=245760 history_success=1 history_fail=0 x_calls=1 x_bytes=16384 x_success=1 x_fail=0 kb_calls=0 kb_bytes=0 kb_success=0 kb_fail=0 total=2 injected=0 history_level=0 x_level=1 kb_level=-1 shape_bad=0 x_each_worker_once=1
CASE_PASS m=256 n=8 sve16_entries=16 expected=16 old_entries=1 packed_entries=15 packed_expected=15
ALLOC_PASS m=256 n=9 small=1 history_expected=1 history_calls=1 history_bytes=245760 history_success=1 history_fail=0 x_calls=1 x_bytes=16384 x_success=1 x_fail=0 kb_calls=0 kb_bytes=0 kb_success=0 kb_fail=0 total=2 injected=0 history_level=0 x_level=1 kb_level=-1 shape_bad=0 x_each_worker_once=1
CASE_PASS m=256 n=9 sve16_entries=32 expected=32 old_entries=2 packed_entries=30 packed_expected=30
ALLOC_PASS m=256 n=17 small=1 history_expected=1 history_calls=1 history_bytes=245760 history_success=1 history_fail=0 x_calls=1 x_bytes=16384 x_success=1 x_fail=0 kb_calls=0 kb_bytes=0 kb_success=0 kb_fail=0 total=2 injected=0 history_level=0 x_level=1 kb_level=-1 shape_bad=0 x_each_worker_once=1
CASE_PASS m=256 n=17 sve16_entries=48 expected=48 old_entries=3 packed_entries=45 packed_expected=45
ALLOC_PASS m=257 n=1 small=1 history_expected=1 history_calls=1 history_bytes=245760 history_success=1 history_fail=0 x_calls=1 x_bytes=16448 x_success=1 x_fail=0 kb_calls=0 kb_bytes=0 kb_success=0 kb_fail=0 total=2 injected=0 history_level=0 x_level=1 kb_level=-1 shape_bad=0 x_each_worker_once=1
CASE_PASS m=257 n=1 sve16_entries=16 expected=16 old_entries=1 packed_entries=15 packed_expected=15
ALLOC_PASS m=257 n=7 small=1 history_expected=1 history_calls=1 history_bytes=245760 history_success=1 history_fail=0 x_calls=1 x_bytes=16448 x_success=1 x_fail=0 kb_calls=0 kb_bytes=0 kb_success=0 kb_fail=0 total=2 injected=0 history_level=0 x_level=1 kb_level=-1 shape_bad=0 x_each_worker_once=1
CASE_PASS m=257 n=7 sve16_entries=16 expected=16 old_entries=1 packed_entries=15 packed_expected=15
ALLOC_PASS m=257 n=8 small=1 history_expected=1 history_calls=1 history_bytes=245760 history_success=1 history_fail=0 x_calls=1 x_bytes=16448 x_success=1 x_fail=0 kb_calls=0 kb_bytes=0 kb_success=0 kb_fail=0 total=2 injected=0 history_level=0 x_level=1 kb_level=-1 shape_bad=0 x_each_worker_once=1
CASE_PASS m=257 n=8 sve16_entries=16 expected=16 old_entries=1 packed_entries=15 packed_expected=15
ALLOC_PASS m=257 n=9 small=1 history_expected=1 history_calls=1 history_bytes=245760 history_success=1 history_fail=0 x_calls=1 x_bytes=16448 x_success=1 x_fail=0 kb_calls=0 kb_bytes=0 kb_success=0 kb_fail=0 total=2 injected=0 history_level=0 x_level=1 kb_level=-1 shape_bad=0 x_each_worker_once=1
CASE_PASS m=257 n=9 sve16_entries=32 expected=32 old_entries=2 packed_entries=30 packed_expected=30
ALLOC_PASS m=257 n=17 small=1 history_expected=1 history_calls=1 history_bytes=245760 history_success=1 history_fail=0 x_calls=1 x_bytes=16448 x_success=1 x_fail=0 kb_calls=0 kb_bytes=0 kb_success=0 kb_fail=0 total=2 injected=0 history_level=0 x_level=1 kb_level=-1 shape_bad=0 x_each_worker_once=1
CASE_PASS m=257 n=17 sve16_entries=48 expected=48 old_entries=3 packed_entries=45 packed_expected=45
ALLOCATION_SUMMARY_PASS cases=80 budget_cases=0 shared_injection_cases=0
PASS whole_cases=80 noop_cases=4 non_dyadic_long_double_RHS=1 padding_L_unchanged=1 max_error=1.1102230246251565e-16
SOURCE_FEATURES_PASS panel16=1 packedL16=1 has_budget=0 history_budget_bytes=0
MODE=full THREADS=4 NARROW_VL=0 EXPECT_SVE16=1 EXPECT_PACKEDL16=1
ALLOC_PASS m=1 n=1 small=1 history_expected=0 history_calls=0 history_bytes=0 history_success=0 history_fail=0 x_calls=4 x_bytes=256 x_success=4 x_fail=0 kb_calls=0 kb_bytes=0 kb_success=0 kb_fail=0 total=4 injected=0 history_level=-1 x_level=1 kb_level=-1 shape_bad=0 x_each_worker_once=1
CASE_PASS m=1 n=1 sve16_entries=0 expected=0 old_entries=0 packed_entries=0 packed_expected=0
ALLOC_PASS m=1 n=7 small=1 history_expected=0 history_calls=0 history_bytes=0 history_success=0 history_fail=0 x_calls=4 x_bytes=256 x_success=4 x_fail=0 kb_calls=0 kb_bytes=0 kb_success=0 kb_fail=0 total=4 injected=0 history_level=-1 x_level=1 kb_level=-1 shape_bad=0 x_each_worker_once=1
CASE_PASS m=1 n=7 sve16_entries=0 expected=0 old_entries=0 packed_entries=0 packed_expected=0
ALLOC_PASS m=1 n=8 small=1 history_expected=0 history_calls=0 history_bytes=0 history_success=0 history_fail=0 x_calls=4 x_bytes=256 x_success=4 x_fail=0 kb_calls=0 kb_bytes=0 kb_success=0 kb_fail=0 total=4 injected=0 history_level=-1 x_level=1 kb_level=-1 shape_bad=0 x_each_worker_once=1
CASE_PASS m=1 n=8 sve16_entries=0 expected=0 old_entries=0 packed_entries=0 packed_expected=0
ALLOC_PASS m=1 n=9 small=1 history_expected=0 history_calls=0 history_bytes=0 history_success=0 history_fail=0 x_calls=4 x_bytes=256 x_success=4 x_fail=0 kb_calls=0 kb_bytes=0 kb_success=0 kb_fail=0 total=4 injected=0 history_level=-1 x_level=1 kb_level=-1 shape_bad=0 x_each_worker_once=1
CASE_PASS m=1 n=9 sve16_entries=0 expected=0 old_entries=0 packed_entries=0 packed_expected=0
ALLOC_PASS m=1 n=17 small=1 history_expected=0 history_calls=0 history_bytes=0 history_success=0 history_fail=0 x_calls=4 x_bytes=256 x_success=4 x_fail=0 kb_calls=0 kb_bytes=0 kb_success=0 kb_fail=0 total=4 injected=0 history_level=-1 x_level=1 kb_level=-1 shape_bad=0 x_each_worker_once=1
CASE_PASS m=1 n=17 sve16_entries=0 expected=0 old_entries=0 packed_entries=0 packed_expected=0
ALLOC_PASS m=3 n=1 small=1 history_expected=0 history_calls=0 history_bytes=0 history_success=0 history_fail=0 x_calls=4 x_bytes=768 x_success=4 x_fail=0 kb_calls=0 kb_bytes=0 kb_success=0 kb_fail=0 total=4 injected=0 history_level=-1 x_level=1 kb_level=-1 shape_bad=0 x_each_worker_once=1
CASE_PASS m=3 n=1 sve16_entries=0 expected=0 old_entries=0 packed_entries=0 packed_expected=0
ALLOC_PASS m=3 n=7 small=1 history_expected=0 history_calls=0 history_bytes=0 history_success=0 history_fail=0 x_calls=4 x_bytes=768 x_success=4 x_fail=0 kb_calls=0 kb_bytes=0 kb_success=0 kb_fail=0 total=4 injected=0 history_level=-1 x_level=1 kb_level=-1 shape_bad=0 x_each_worker_once=1
CASE_PASS m=3 n=7 sve16_entries=0 expected=0 old_entries=0 packed_entries=0 packed_expected=0
ALLOC_PASS m=3 n=8 small=1 history_expected=0 history_calls=0 history_bytes=0 history_success=0 history_fail=0 x_calls=4 x_bytes=768 x_success=4 x_fail=0 kb_calls=0 kb_bytes=0 kb_success=0 kb_fail=0 total=4 injected=0 history_level=-1 x_level=1 kb_level=-1 shape_bad=0 x_each_worker_once=1
CASE_PASS m=3 n=8 sve16_entries=0 expected=0 old_entries=0 packed_entries=0 packed_expected=0
ALLOC_PASS m=3 n=9 small=1 history_expected=0 history_calls=0 history_bytes=0 history_success=0 history_fail=0 x_calls=4 x_bytes=768 x_success=4 x_fail=0 kb_calls=0 kb_bytes=0 kb_success=0 kb_fail=0 total=4 injected=0 history_level=-1 x_level=1 kb_level=-1 shape_bad=0 x_each_worker_once=1
CASE_PASS m=3 n=9 sve16_entries=0 expected=0 old_entries=0 packed_entries=0 packed_expected=0
ALLOC_PASS m=3 n=17 small=1 history_expected=0 history_calls=0 history_bytes=0 history_success=0 history_fail=0 x_calls=4 x_bytes=768 x_success=4 x_fail=0 kb_calls=0 kb_bytes=0 kb_success=0 kb_fail=0 total=4 injected=0 history_level=-1 x_level=1 kb_level=-1 shape_bad=0 x_each_worker_once=1
CASE_PASS m=3 n=17 sve16_entries=0 expected=0 old_entries=0 packed_entries=0 packed_expected=0
ALLOC_PASS m=4 n=1 small=1 history_expected=0 history_calls=0 history_bytes=0 history_success=0 history_fail=0 x_calls=4 x_bytes=1024 x_success=4 x_fail=0 kb_calls=0 kb_bytes=0 kb_success=0 kb_fail=0 total=4 injected=0 history_level=-1 x_level=1 kb_level=-1 shape_bad=0 x_each_worker_once=1
CASE_PASS m=4 n=1 sve16_entries=0 expected=0 old_entries=0 packed_entries=0 packed_expected=0
ALLOC_PASS m=4 n=7 small=1 history_expected=0 history_calls=0 history_bytes=0 history_success=0 history_fail=0 x_calls=4 x_bytes=1024 x_success=4 x_fail=0 kb_calls=0 kb_bytes=0 kb_success=0 kb_fail=0 total=4 injected=0 history_level=-1 x_level=1 kb_level=-1 shape_bad=0 x_each_worker_once=1
CASE_PASS m=4 n=7 sve16_entries=0 expected=0 old_entries=0 packed_entries=0 packed_expected=0
ALLOC_PASS m=4 n=8 small=1 history_expected=0 history_calls=0 history_bytes=0 history_success=0 history_fail=0 x_calls=4 x_bytes=1024 x_success=4 x_fail=0 kb_calls=0 kb_bytes=0 kb_success=0 kb_fail=0 total=4 injected=0 history_level=-1 x_level=1 kb_level=-1 shape_bad=0 x_each_worker_once=1
CASE_PASS m=4 n=8 sve16_entries=0 expected=0 old_entries=0 packed_entries=0 packed_expected=0
ALLOC_PASS m=4 n=9 small=1 history_expected=0 history_calls=0 history_bytes=0 history_success=0 history_fail=0 x_calls=4 x_bytes=1024 x_success=4 x_fail=0 kb_calls=0 kb_bytes=0 kb_success=0 kb_fail=0 total=4 injected=0 history_level=-1 x_level=1 kb_level=-1 shape_bad=0 x_each_worker_once=1
CASE_PASS m=4 n=9 sve16_entries=0 expected=0 old_entries=0 packed_entries=0 packed_expected=0
ALLOC_PASS m=4 n=17 small=1 history_expected=0 history_calls=0 history_bytes=0 history_success=0 history_fail=0 x_calls=4 x_bytes=1024 x_success=4 x_fail=0 kb_calls=0 kb_bytes=0 kb_success=0 kb_fail=0 total=4 injected=0 history_level=-1 x_level=1 kb_level=-1 shape_bad=0 x_each_worker_once=1
CASE_PASS m=4 n=17 sve16_entries=0 expected=0 old_entries=0 packed_entries=0 packed_expected=0
ALLOC_PASS m=5 n=1 small=1 history_expected=0 history_calls=0 history_bytes=0 history_success=0 history_fail=0 x_calls=4 x_bytes=1280 x_success=4 x_fail=0 kb_calls=0 kb_bytes=0 kb_success=0 kb_fail=0 total=4 injected=0 history_level=-1 x_level=1 kb_level=-1 shape_bad=0 x_each_worker_once=1
CASE_PASS m=5 n=1 sve16_entries=0 expected=0 old_entries=0 packed_entries=0 packed_expected=0
ALLOC_PASS m=5 n=7 small=1 history_expected=0 history_calls=0 history_bytes=0 history_success=0 history_fail=0 x_calls=4 x_bytes=1280 x_success=4 x_fail=0 kb_calls=0 kb_bytes=0 kb_success=0 kb_fail=0 total=4 injected=0 history_level=-1 x_level=1 kb_level=-1 shape_bad=0 x_each_worker_once=1
CASE_PASS m=5 n=7 sve16_entries=0 expected=0 old_entries=0 packed_entries=0 packed_expected=0
ALLOC_PASS m=5 n=8 small=1 history_expected=0 history_calls=0 history_bytes=0 history_success=0 history_fail=0 x_calls=4 x_bytes=1280 x_success=4 x_fail=0 kb_calls=0 kb_bytes=0 kb_success=0 kb_fail=0 total=4 injected=0 history_level=-1 x_level=1 kb_level=-1 shape_bad=0 x_each_worker_once=1
CASE_PASS m=5 n=8 sve16_entries=0 expected=0 old_entries=0 packed_entries=0 packed_expected=0
ALLOC_PASS m=5 n=9 small=1 history_expected=0 history_calls=0 history_bytes=0 history_success=0 history_fail=0 x_calls=4 x_bytes=1280 x_success=4 x_fail=0 kb_calls=0 kb_bytes=0 kb_success=0 kb_fail=0 total=4 injected=0 history_level=-1 x_level=1 kb_level=-1 shape_bad=0 x_each_worker_once=1
CASE_PASS m=5 n=9 sve16_entries=0 expected=0 old_entries=0 packed_entries=0 packed_expected=0
ALLOC_PASS m=5 n=17 small=1 history_expected=0 history_calls=0 history_bytes=0 history_success=0 history_fail=0 x_calls=4 x_bytes=1280 x_success=4 x_fail=0 kb_calls=0 kb_bytes=0 kb_success=0 kb_fail=0 total=4 injected=0 history_level=-1 x_level=1 kb_level=-1 shape_bad=0 x_each_worker_once=1
CASE_PASS m=5 n=17 sve16_entries=0 expected=0 old_entries=0 packed_entries=0 packed_expected=0
ALLOC_PASS m=15 n=1 small=1 history_expected=0 history_calls=0 history_bytes=0 history_success=0 history_fail=0 x_calls=4 x_bytes=3840 x_success=4 x_fail=0 kb_calls=0 kb_bytes=0 kb_success=0 kb_fail=0 total=4 injected=0 history_level=-1 x_level=1 kb_level=-1 shape_bad=0 x_each_worker_once=1
CASE_PASS m=15 n=1 sve16_entries=0 expected=0 old_entries=0 packed_entries=0 packed_expected=0
ALLOC_PASS m=15 n=7 small=1 history_expected=0 history_calls=0 history_bytes=0 history_success=0 history_fail=0 x_calls=4 x_bytes=3840 x_success=4 x_fail=0 kb_calls=0 kb_bytes=0 kb_success=0 kb_fail=0 total=4 injected=0 history_level=-1 x_level=1 kb_level=-1 shape_bad=0 x_each_worker_once=1
CASE_PASS m=15 n=7 sve16_entries=0 expected=0 old_entries=0 packed_entries=0 packed_expected=0
ALLOC_PASS m=15 n=8 small=1 history_expected=0 history_calls=0 history_bytes=0 history_success=0 history_fail=0 x_calls=4 x_bytes=3840 x_success=4 x_fail=0 kb_calls=0 kb_bytes=0 kb_success=0 kb_fail=0 total=4 injected=0 history_level=-1 x_level=1 kb_level=-1 shape_bad=0 x_each_worker_once=1
CASE_PASS m=15 n=8 sve16_entries=0 expected=0 old_entries=0 packed_entries=0 packed_expected=0
ALLOC_PASS m=15 n=9 small=1 history_expected=0 history_calls=0 history_bytes=0 history_success=0 history_fail=0 x_calls=4 x_bytes=3840 x_success=4 x_fail=0 kb_calls=0 kb_bytes=0 kb_success=0 kb_fail=0 total=4 injected=0 history_level=-1 x_level=1 kb_level=-1 shape_bad=0 x_each_worker_once=1
CASE_PASS m=15 n=9 sve16_entries=0 expected=0 old_entries=0 packed_entries=0 packed_expected=0
ALLOC_PASS m=15 n=17 small=1 history_expected=0 history_calls=0 history_bytes=0 history_success=0 history_fail=0 x_calls=4 x_bytes=3840 x_success=4 x_fail=0 kb_calls=0 kb_bytes=0 kb_success=0 kb_fail=0 total=4 injected=0 history_level=-1 x_level=1 kb_level=-1 shape_bad=0 x_each_worker_once=1
CASE_PASS m=15 n=17 sve16_entries=0 expected=0 old_entries=0 packed_entries=0 packed_expected=0
ALLOC_PASS m=16 n=1 small=1 history_expected=0 history_calls=0 history_bytes=0 history_success=0 history_fail=0 x_calls=4 x_bytes=4096 x_success=4 x_fail=0 kb_calls=0 kb_bytes=0 kb_success=0 kb_fail=0 total=4 injected=0 history_level=-1 x_level=1 kb_level=-1 shape_bad=0 x_each_worker_once=1
CASE_PASS m=16 n=1 sve16_entries=1 expected=1 old_entries=1 packed_entries=0 packed_expected=0
ALLOC_PASS m=16 n=7 small=1 history_expected=0 history_calls=0 history_bytes=0 history_success=0 history_fail=0 x_calls=4 x_bytes=4096 x_success=4 x_fail=0 kb_calls=0 kb_bytes=0 kb_success=0 kb_fail=0 total=4 injected=0 history_level=-1 x_level=1 kb_level=-1 shape_bad=0 x_each_worker_once=1
CASE_PASS m=16 n=7 sve16_entries=1 expected=1 old_entries=1 packed_entries=0 packed_expected=0
ALLOC_PASS m=16 n=8 small=1 history_expected=0 history_calls=0 history_bytes=0 history_success=0 history_fail=0 x_calls=4 x_bytes=4096 x_success=4 x_fail=0 kb_calls=0 kb_bytes=0 kb_success=0 kb_fail=0 total=4 injected=0 history_level=-1 x_level=1 kb_level=-1 shape_bad=0 x_each_worker_once=1
CASE_PASS m=16 n=8 sve16_entries=1 expected=1 old_entries=1 packed_entries=0 packed_expected=0
ALLOC_PASS m=16 n=9 small=1 history_expected=0 history_calls=0 history_bytes=0 history_success=0 history_fail=0 x_calls=4 x_bytes=4096 x_success=4 x_fail=0 kb_calls=0 kb_bytes=0 kb_success=0 kb_fail=0 total=4 injected=0 history_level=-1 x_level=1 kb_level=-1 shape_bad=0 x_each_worker_once=1
CASE_PASS m=16 n=9 sve16_entries=2 expected=2 old_entries=2 packed_entries=0 packed_expected=0
ALLOC_PASS m=16 n=17 small=1 history_expected=0 history_calls=0 history_bytes=0 history_success=0 history_fail=0 x_calls=4 x_bytes=4096 x_success=4 x_fail=0 kb_calls=0 kb_bytes=0 kb_success=0 kb_fail=0 total=4 injected=0 history_level=-1 x_level=1 kb_level=-1 shape_bad=0 x_each_worker_once=1
CASE_PASS m=16 n=17 sve16_entries=3 expected=3 old_entries=3 packed_entries=0 packed_expected=0
ALLOC_PASS m=17 n=1 small=1 history_expected=0 history_calls=0 history_bytes=0 history_success=0 history_fail=0 x_calls=4 x_bytes=4352 x_success=4 x_fail=0 kb_calls=0 kb_bytes=0 kb_success=0 kb_fail=0 total=4 injected=0 history_level=-1 x_level=1 kb_level=-1 shape_bad=0 x_each_worker_once=1
CASE_PASS m=17 n=1 sve16_entries=1 expected=1 old_entries=1 packed_entries=0 packed_expected=0
ALLOC_PASS m=17 n=7 small=1 history_expected=0 history_calls=0 history_bytes=0 history_success=0 history_fail=0 x_calls=4 x_bytes=4352 x_success=4 x_fail=0 kb_calls=0 kb_bytes=0 kb_success=0 kb_fail=0 total=4 injected=0 history_level=-1 x_level=1 kb_level=-1 shape_bad=0 x_each_worker_once=1
CASE_PASS m=17 n=7 sve16_entries=1 expected=1 old_entries=1 packed_entries=0 packed_expected=0
ALLOC_PASS m=17 n=8 small=1 history_expected=0 history_calls=0 history_bytes=0 history_success=0 history_fail=0 x_calls=4 x_bytes=4352 x_success=4 x_fail=0 kb_calls=0 kb_bytes=0 kb_success=0 kb_fail=0 total=4 injected=0 history_level=-1 x_level=1 kb_level=-1 shape_bad=0 x_each_worker_once=1
CASE_PASS m=17 n=8 sve16_entries=1 expected=1 old_entries=1 packed_entries=0 packed_expected=0
ALLOC_PASS m=17 n=9 small=1 history_expected=0 history_calls=0 history_bytes=0 history_success=0 history_fail=0 x_calls=4 x_bytes=4352 x_success=4 x_fail=0 kb_calls=0 kb_bytes=0 kb_success=0 kb_fail=0 total=4 injected=0 history_level=-1 x_level=1 kb_level=-1 shape_bad=0 x_each_worker_once=1
CASE_PASS m=17 n=9 sve16_entries=2 expected=2 old_entries=2 packed_entries=0 packed_expected=0
ALLOC_PASS m=17 n=17 small=1 history_expected=0 history_calls=0 history_bytes=0 history_success=0 history_fail=0 x_calls=4 x_bytes=4352 x_success=4 x_fail=0 kb_calls=0 kb_bytes=0 kb_success=0 kb_fail=0 total=4 injected=0 history_level=-1 x_level=1 kb_level=-1 shape_bad=0 x_each_worker_once=1
CASE_PASS m=17 n=17 sve16_entries=3 expected=3 old_entries=3 packed_entries=0 packed_expected=0
ALLOC_PASS m=31 n=1 small=1 history_expected=0 history_calls=0 history_bytes=0 history_success=0 history_fail=0 x_calls=4 x_bytes=7936 x_success=4 x_fail=0 kb_calls=0 kb_bytes=0 kb_success=0 kb_fail=0 total=4 injected=0 history_level=-1 x_level=1 kb_level=-1 shape_bad=0 x_each_worker_once=1
CASE_PASS m=31 n=1 sve16_entries=1 expected=1 old_entries=1 packed_entries=0 packed_expected=0
ALLOC_PASS m=31 n=7 small=1 history_expected=0 history_calls=0 history_bytes=0 history_success=0 history_fail=0 x_calls=4 x_bytes=7936 x_success=4 x_fail=0 kb_calls=0 kb_bytes=0 kb_success=0 kb_fail=0 total=4 injected=0 history_level=-1 x_level=1 kb_level=-1 shape_bad=0 x_each_worker_once=1
CASE_PASS m=31 n=7 sve16_entries=1 expected=1 old_entries=1 packed_entries=0 packed_expected=0
ALLOC_PASS m=31 n=8 small=1 history_expected=0 history_calls=0 history_bytes=0 history_success=0 history_fail=0 x_calls=4 x_bytes=7936 x_success=4 x_fail=0 kb_calls=0 kb_bytes=0 kb_success=0 kb_fail=0 total=4 injected=0 history_level=-1 x_level=1 kb_level=-1 shape_bad=0 x_each_worker_once=1
CASE_PASS m=31 n=8 sve16_entries=1 expected=1 old_entries=1 packed_entries=0 packed_expected=0
ALLOC_PASS m=31 n=9 small=1 history_expected=0 history_calls=0 history_bytes=0 history_success=0 history_fail=0 x_calls=4 x_bytes=7936 x_success=4 x_fail=0 kb_calls=0 kb_bytes=0 kb_success=0 kb_fail=0 total=4 injected=0 history_level=-1 x_level=1 kb_level=-1 shape_bad=0 x_each_worker_once=1
CASE_PASS m=31 n=9 sve16_entries=2 expected=2 old_entries=2 packed_entries=0 packed_expected=0
ALLOC_PASS m=31 n=17 small=1 history_expected=0 history_calls=0 history_bytes=0 history_success=0 history_fail=0 x_calls=4 x_bytes=7936 x_success=4 x_fail=0 kb_calls=0 kb_bytes=0 kb_success=0 kb_fail=0 total=4 injected=0 history_level=-1 x_level=1 kb_level=-1 shape_bad=0 x_each_worker_once=1
CASE_PASS m=31 n=17 sve16_entries=3 expected=3 old_entries=3 packed_entries=0 packed_expected=0
ALLOC_PASS m=32 n=1 small=1 history_expected=1 history_calls=1 history_bytes=2048 history_success=1 history_fail=0 x_calls=4 x_bytes=8192 x_success=4 x_fail=0 kb_calls=0 kb_bytes=0 kb_success=0 kb_fail=0 total=5 injected=0 history_level=0 x_level=1 kb_level=-1 shape_bad=0 x_each_worker_once=1
CASE_PASS m=32 n=1 sve16_entries=2 expected=2 old_entries=1 packed_entries=1 packed_expected=1
ALLOC_PASS m=32 n=7 small=1 history_expected=1 history_calls=1 history_bytes=2048 history_success=1 history_fail=0 x_calls=4 x_bytes=8192 x_success=4 x_fail=0 kb_calls=0 kb_bytes=0 kb_success=0 kb_fail=0 total=5 injected=0 history_level=0 x_level=1 kb_level=-1 shape_bad=0 x_each_worker_once=1
CASE_PASS m=32 n=7 sve16_entries=2 expected=2 old_entries=1 packed_entries=1 packed_expected=1
ALLOC_PASS m=32 n=8 small=1 history_expected=1 history_calls=1 history_bytes=2048 history_success=1 history_fail=0 x_calls=4 x_bytes=8192 x_success=4 x_fail=0 kb_calls=0 kb_bytes=0 kb_success=0 kb_fail=0 total=5 injected=0 history_level=0 x_level=1 kb_level=-1 shape_bad=0 x_each_worker_once=1
CASE_PASS m=32 n=8 sve16_entries=2 expected=2 old_entries=1 packed_entries=1 packed_expected=1
ALLOC_PASS m=32 n=9 small=1 history_expected=1 history_calls=1 history_bytes=2048 history_success=1 history_fail=0 x_calls=4 x_bytes=8192 x_success=4 x_fail=0 kb_calls=0 kb_bytes=0 kb_success=0 kb_fail=0 total=5 injected=0 history_level=0 x_level=1 kb_level=-1 shape_bad=0 x_each_worker_once=1
CASE_PASS m=32 n=9 sve16_entries=4 expected=4 old_entries=2 packed_entries=2 packed_expected=2
ALLOC_PASS m=32 n=17 small=1 history_expected=1 history_calls=1 history_bytes=2048 history_success=1 history_fail=0 x_calls=4 x_bytes=8192 x_success=4 x_fail=0 kb_calls=0 kb_bytes=0 kb_success=0 kb_fail=0 total=5 injected=0 history_level=0 x_level=1 kb_level=-1 shape_bad=0 x_each_worker_once=1
CASE_PASS m=32 n=17 sve16_entries=6 expected=6 old_entries=3 packed_entries=3 packed_expected=3
ALLOC_PASS m=33 n=1 small=1 history_expected=1 history_calls=1 history_bytes=2048 history_success=1 history_fail=0 x_calls=4 x_bytes=8448 x_success=4 x_fail=0 kb_calls=0 kb_bytes=0 kb_success=0 kb_fail=0 total=5 injected=0 history_level=0 x_level=1 kb_level=-1 shape_bad=0 x_each_worker_once=1
CASE_PASS m=33 n=1 sve16_entries=2 expected=2 old_entries=1 packed_entries=1 packed_expected=1
ALLOC_PASS m=33 n=7 small=1 history_expected=1 history_calls=1 history_bytes=2048 history_success=1 history_fail=0 x_calls=4 x_bytes=8448 x_success=4 x_fail=0 kb_calls=0 kb_bytes=0 kb_success=0 kb_fail=0 total=5 injected=0 history_level=0 x_level=1 kb_level=-1 shape_bad=0 x_each_worker_once=1
CASE_PASS m=33 n=7 sve16_entries=2 expected=2 old_entries=1 packed_entries=1 packed_expected=1
ALLOC_PASS m=33 n=8 small=1 history_expected=1 history_calls=1 history_bytes=2048 history_success=1 history_fail=0 x_calls=4 x_bytes=8448 x_success=4 x_fail=0 kb_calls=0 kb_bytes=0 kb_success=0 kb_fail=0 total=5 injected=0 history_level=0 x_level=1 kb_level=-1 shape_bad=0 x_each_worker_once=1
CASE_PASS m=33 n=8 sve16_entries=2 expected=2 old_entries=1 packed_entries=1 packed_expected=1
ALLOC_PASS m=33 n=9 small=1 history_expected=1 history_calls=1 history_bytes=2048 history_success=1 history_fail=0 x_calls=4 x_bytes=8448 x_success=4 x_fail=0 kb_calls=0 kb_bytes=0 kb_success=0 kb_fail=0 total=5 injected=0 history_level=0 x_level=1 kb_level=-1 shape_bad=0 x_each_worker_once=1
CASE_PASS m=33 n=9 sve16_entries=4 expected=4 old_entries=2 packed_entries=2 packed_expected=2
ALLOC_PASS m=33 n=17 small=1 history_expected=1 history_calls=1 history_bytes=2048 history_success=1 history_fail=0 x_calls=4 x_bytes=8448 x_success=4 x_fail=0 kb_calls=0 kb_bytes=0 kb_success=0 kb_fail=0 total=5 injected=0 history_level=0 x_level=1 kb_level=-1 shape_bad=0 x_each_worker_once=1
CASE_PASS m=33 n=17 sve16_entries=6 expected=6 old_entries=3 packed_entries=3 packed_expected=3
ALLOC_PASS m=63 n=1 small=1 history_expected=1 history_calls=1 history_bytes=6144 history_success=1 history_fail=0 x_calls=4 x_bytes=16128 x_success=4 x_fail=0 kb_calls=0 kb_bytes=0 kb_success=0 kb_fail=0 total=5 injected=0 history_level=0 x_level=1 kb_level=-1 shape_bad=0 x_each_worker_once=1
CASE_PASS m=63 n=1 sve16_entries=3 expected=3 old_entries=1 packed_entries=2 packed_expected=2
ALLOC_PASS m=63 n=7 small=1 history_expected=1 history_calls=1 history_bytes=6144 history_success=1 history_fail=0 x_calls=4 x_bytes=16128 x_success=4 x_fail=0 kb_calls=0 kb_bytes=0 kb_success=0 kb_fail=0 total=5 injected=0 history_level=0 x_level=1 kb_level=-1 shape_bad=0 x_each_worker_once=1
CASE_PASS m=63 n=7 sve16_entries=3 expected=3 old_entries=1 packed_entries=2 packed_expected=2
ALLOC_PASS m=63 n=8 small=1 history_expected=1 history_calls=1 history_bytes=6144 history_success=1 history_fail=0 x_calls=4 x_bytes=16128 x_success=4 x_fail=0 kb_calls=0 kb_bytes=0 kb_success=0 kb_fail=0 total=5 injected=0 history_level=0 x_level=1 kb_level=-1 shape_bad=0 x_each_worker_once=1
CASE_PASS m=63 n=8 sve16_entries=3 expected=3 old_entries=1 packed_entries=2 packed_expected=2
ALLOC_PASS m=63 n=9 small=1 history_expected=1 history_calls=1 history_bytes=6144 history_success=1 history_fail=0 x_calls=4 x_bytes=16128 x_success=4 x_fail=0 kb_calls=0 kb_bytes=0 kb_success=0 kb_fail=0 total=5 injected=0 history_level=0 x_level=1 kb_level=-1 shape_bad=0 x_each_worker_once=1
CASE_PASS m=63 n=9 sve16_entries=6 expected=6 old_entries=2 packed_entries=4 packed_expected=4
ALLOC_PASS m=63 n=17 small=1 history_expected=1 history_calls=1 history_bytes=6144 history_success=1 history_fail=0 x_calls=4 x_bytes=16128 x_success=4 x_fail=0 kb_calls=0 kb_bytes=0 kb_success=0 kb_fail=0 total=5 injected=0 history_level=0 x_level=1 kb_level=-1 shape_bad=0 x_each_worker_once=1
CASE_PASS m=63 n=17 sve16_entries=9 expected=9 old_entries=3 packed_entries=6 packed_expected=6
ALLOC_PASS m=64 n=1 small=1 history_expected=1 history_calls=1 history_bytes=12288 history_success=1 history_fail=0 x_calls=4 x_bytes=16384 x_success=4 x_fail=0 kb_calls=0 kb_bytes=0 kb_success=0 kb_fail=0 total=5 injected=0 history_level=0 x_level=1 kb_level=-1 shape_bad=0 x_each_worker_once=1
CASE_PASS m=64 n=1 sve16_entries=4 expected=4 old_entries=1 packed_entries=3 packed_expected=3
ALLOC_PASS m=64 n=7 small=1 history_expected=1 history_calls=1 history_bytes=12288 history_success=1 history_fail=0 x_calls=4 x_bytes=16384 x_success=4 x_fail=0 kb_calls=0 kb_bytes=0 kb_success=0 kb_fail=0 total=5 injected=0 history_level=0 x_level=1 kb_level=-1 shape_bad=0 x_each_worker_once=1
CASE_PASS m=64 n=7 sve16_entries=4 expected=4 old_entries=1 packed_entries=3 packed_expected=3
ALLOC_PASS m=64 n=8 small=1 history_expected=1 history_calls=1 history_bytes=12288 history_success=1 history_fail=0 x_calls=4 x_bytes=16384 x_success=4 x_fail=0 kb_calls=0 kb_bytes=0 kb_success=0 kb_fail=0 total=5 injected=0 history_level=0 x_level=1 kb_level=-1 shape_bad=0 x_each_worker_once=1
CASE_PASS m=64 n=8 sve16_entries=4 expected=4 old_entries=1 packed_entries=3 packed_expected=3
ALLOC_PASS m=64 n=9 small=1 history_expected=1 history_calls=1 history_bytes=12288 history_success=1 history_fail=0 x_calls=4 x_bytes=16384 x_success=4 x_fail=0 kb_calls=0 kb_bytes=0 kb_success=0 kb_fail=0 total=5 injected=0 history_level=0 x_level=1 kb_level=-1 shape_bad=0 x_each_worker_once=1
CASE_PASS m=64 n=9 sve16_entries=8 expected=8 old_entries=2 packed_entries=6 packed_expected=6
ALLOC_PASS m=64 n=17 small=1 history_expected=1 history_calls=1 history_bytes=12288 history_success=1 history_fail=0 x_calls=4 x_bytes=16384 x_success=4 x_fail=0 kb_calls=0 kb_bytes=0 kb_success=0 kb_fail=0 total=5 injected=0 history_level=0 x_level=1 kb_level=-1 shape_bad=0 x_each_worker_once=1
CASE_PASS m=64 n=17 sve16_entries=12 expected=12 old_entries=3 packed_entries=9 packed_expected=9
ALLOC_PASS m=65 n=1 small=1 history_expected=1 history_calls=1 history_bytes=12288 history_success=1 history_fail=0 x_calls=4 x_bytes=16640 x_success=4 x_fail=0 kb_calls=0 kb_bytes=0 kb_success=0 kb_fail=0 total=5 injected=0 history_level=0 x_level=1 kb_level=-1 shape_bad=0 x_each_worker_once=1
CASE_PASS m=65 n=1 sve16_entries=4 expected=4 old_entries=1 packed_entries=3 packed_expected=3
ALLOC_PASS m=65 n=7 small=1 history_expected=1 history_calls=1 history_bytes=12288 history_success=1 history_fail=0 x_calls=4 x_bytes=16640 x_success=4 x_fail=0 kb_calls=0 kb_bytes=0 kb_success=0 kb_fail=0 total=5 injected=0 history_level=0 x_level=1 kb_level=-1 shape_bad=0 x_each_worker_once=1
CASE_PASS m=65 n=7 sve16_entries=4 expected=4 old_entries=1 packed_entries=3 packed_expected=3
ALLOC_PASS m=65 n=8 small=1 history_expected=1 history_calls=1 history_bytes=12288 history_success=1 history_fail=0 x_calls=4 x_bytes=16640 x_success=4 x_fail=0 kb_calls=0 kb_bytes=0 kb_success=0 kb_fail=0 total=5 injected=0 history_level=0 x_level=1 kb_level=-1 shape_bad=0 x_each_worker_once=1
CASE_PASS m=65 n=8 sve16_entries=4 expected=4 old_entries=1 packed_entries=3 packed_expected=3
ALLOC_PASS m=65 n=9 small=1 history_expected=1 history_calls=1 history_bytes=12288 history_success=1 history_fail=0 x_calls=4 x_bytes=16640 x_success=4 x_fail=0 kb_calls=0 kb_bytes=0 kb_success=0 kb_fail=0 total=5 injected=0 history_level=0 x_level=1 kb_level=-1 shape_bad=0 x_each_worker_once=1
CASE_PASS m=65 n=9 sve16_entries=8 expected=8 old_entries=2 packed_entries=6 packed_expected=6
ALLOC_PASS m=65 n=17 small=1 history_expected=1 history_calls=1 history_bytes=12288 history_success=1 history_fail=0 x_calls=4 x_bytes=16640 x_success=4 x_fail=0 kb_calls=0 kb_bytes=0 kb_success=0 kb_fail=0 total=5 injected=0 history_level=0 x_level=1 kb_level=-1 shape_bad=0 x_each_worker_once=1
CASE_PASS m=65 n=17 sve16_entries=12 expected=12 old_entries=3 packed_entries=9 packed_expected=9
ALLOC_PASS m=255 n=1 small=1 history_expected=1 history_calls=1 history_bytes=215040 history_success=1 history_fail=0 x_calls=4 x_bytes=65280 x_success=4 x_fail=0 kb_calls=0 kb_bytes=0 kb_success=0 kb_fail=0 total=5 injected=0 history_level=0 x_level=1 kb_level=-1 shape_bad=0 x_each_worker_once=1
CASE_PASS m=255 n=1 sve16_entries=15 expected=15 old_entries=1 packed_entries=14 packed_expected=14
ALLOC_PASS m=255 n=7 small=1 history_expected=1 history_calls=1 history_bytes=215040 history_success=1 history_fail=0 x_calls=4 x_bytes=65280 x_success=4 x_fail=0 kb_calls=0 kb_bytes=0 kb_success=0 kb_fail=0 total=5 injected=0 history_level=0 x_level=1 kb_level=-1 shape_bad=0 x_each_worker_once=1
CASE_PASS m=255 n=7 sve16_entries=15 expected=15 old_entries=1 packed_entries=14 packed_expected=14
ALLOC_PASS m=255 n=8 small=1 history_expected=1 history_calls=1 history_bytes=215040 history_success=1 history_fail=0 x_calls=4 x_bytes=65280 x_success=4 x_fail=0 kb_calls=0 kb_bytes=0 kb_success=0 kb_fail=0 total=5 injected=0 history_level=0 x_level=1 kb_level=-1 shape_bad=0 x_each_worker_once=1
CASE_PASS m=255 n=8 sve16_entries=15 expected=15 old_entries=1 packed_entries=14 packed_expected=14
ALLOC_PASS m=255 n=9 small=1 history_expected=1 history_calls=1 history_bytes=215040 history_success=1 history_fail=0 x_calls=4 x_bytes=65280 x_success=4 x_fail=0 kb_calls=0 kb_bytes=0 kb_success=0 kb_fail=0 total=5 injected=0 history_level=0 x_level=1 kb_level=-1 shape_bad=0 x_each_worker_once=1
CASE_PASS m=255 n=9 sve16_entries=30 expected=30 old_entries=2 packed_entries=28 packed_expected=28
ALLOC_PASS m=255 n=17 small=1 history_expected=1 history_calls=1 history_bytes=215040 history_success=1 history_fail=0 x_calls=4 x_bytes=65280 x_success=4 x_fail=0 kb_calls=0 kb_bytes=0 kb_success=0 kb_fail=0 total=5 injected=0 history_level=0 x_level=1 kb_level=-1 shape_bad=0 x_each_worker_once=1
CASE_PASS m=255 n=17 sve16_entries=45 expected=45 old_entries=3 packed_entries=42 packed_expected=42
ALLOC_PASS m=256 n=1 small=1 history_expected=1 history_calls=1 history_bytes=245760 history_success=1 history_fail=0 x_calls=4 x_bytes=65536 x_success=4 x_fail=0 kb_calls=0 kb_bytes=0 kb_success=0 kb_fail=0 total=5 injected=0 history_level=0 x_level=1 kb_level=-1 shape_bad=0 x_each_worker_once=1
CASE_PASS m=256 n=1 sve16_entries=16 expected=16 old_entries=1 packed_entries=15 packed_expected=15
ALLOC_PASS m=256 n=7 small=1 history_expected=1 history_calls=1 history_bytes=245760 history_success=1 history_fail=0 x_calls=4 x_bytes=65536 x_success=4 x_fail=0 kb_calls=0 kb_bytes=0 kb_success=0 kb_fail=0 total=5 injected=0 history_level=0 x_level=1 kb_level=-1 shape_bad=0 x_each_worker_once=1
CASE_PASS m=256 n=7 sve16_entries=16 expected=16 old_entries=1 packed_entries=15 packed_expected=15
ALLOC_PASS m=256 n=8 small=1 history_expected=1 history_calls=1 history_bytes=245760 history_success=1 history_fail=0 x_calls=4 x_bytes=65536 x_success=4 x_fail=0 kb_calls=0 kb_bytes=0 kb_success=0 kb_fail=0 total=5 injected=0 history_level=0 x_level=1 kb_level=-1 shape_bad=0 x_each_worker_once=1
CASE_PASS m=256 n=8 sve16_entries=16 expected=16 old_entries=1 packed_entries=15 packed_expected=15
ALLOC_PASS m=256 n=9 small=1 history_expected=1 history_calls=1 history_bytes=245760 history_success=1 history_fail=0 x_calls=4 x_bytes=65536 x_success=4 x_fail=0 kb_calls=0 kb_bytes=0 kb_success=0 kb_fail=0 total=5 injected=0 history_level=0 x_level=1 kb_level=-1 shape_bad=0 x_each_worker_once=1
CASE_PASS m=256 n=9 sve16_entries=32 expected=32 old_entries=2 packed_entries=30 packed_expected=30
ALLOC_PASS m=256 n=17 small=1 history_expected=1 history_calls=1 history_bytes=245760 history_success=1 history_fail=0 x_calls=4 x_bytes=65536 x_success=4 x_fail=0 kb_calls=0 kb_bytes=0 kb_success=0 kb_fail=0 total=5 injected=0 history_level=0 x_level=1 kb_level=-1 shape_bad=0 x_each_worker_once=1
CASE_PASS m=256 n=17 sve16_entries=48 expected=48 old_entries=3 packed_entries=45 packed_expected=45
ALLOC_PASS m=257 n=1 small=1 history_expected=1 history_calls=1 history_bytes=245760 history_success=1 history_fail=0 x_calls=4 x_bytes=65792 x_success=4 x_fail=0 kb_calls=0 kb_bytes=0 kb_success=0 kb_fail=0 total=5 injected=0 history_level=0 x_level=1 kb_level=-1 shape_bad=0 x_each_worker_once=1
CASE_PASS m=257 n=1 sve16_entries=16 expected=16 old_entries=1 packed_entries=15 packed_expected=15
ALLOC_PASS m=257 n=7 small=1 history_expected=1 history_calls=1 history_bytes=245760 history_success=1 history_fail=0 x_calls=4 x_bytes=65792 x_success=4 x_fail=0 kb_calls=0 kb_bytes=0 kb_success=0 kb_fail=0 total=5 injected=0 history_level=0 x_level=1 kb_level=-1 shape_bad=0 x_each_worker_once=1
CASE_PASS m=257 n=7 sve16_entries=16 expected=16 old_entries=1 packed_entries=15 packed_expected=15
ALLOC_PASS m=257 n=8 small=1 history_expected=1 history_calls=1 history_bytes=245760 history_success=1 history_fail=0 x_calls=4 x_bytes=65792 x_success=4 x_fail=0 kb_calls=0 kb_bytes=0 kb_success=0 kb_fail=0 total=5 injected=0 history_level=0 x_level=1 kb_level=-1 shape_bad=0 x_each_worker_once=1
CASE_PASS m=257 n=8 sve16_entries=16 expected=16 old_entries=1 packed_entries=15 packed_expected=15
ALLOC_PASS m=257 n=9 small=1 history_expected=1 history_calls=1 history_bytes=245760 history_success=1 history_fail=0 x_calls=4 x_bytes=65792 x_success=4 x_fail=0 kb_calls=0 kb_bytes=0 kb_success=0 kb_fail=0 total=5 injected=0 history_level=0 x_level=1 kb_level=-1 shape_bad=0 x_each_worker_once=1
CASE_PASS m=257 n=9 sve16_entries=32 expected=32 old_entries=2 packed_entries=30 packed_expected=30
ALLOC_PASS m=257 n=17 small=1 history_expected=1 history_calls=1 history_bytes=245760 history_success=1 history_fail=0 x_calls=4 x_bytes=65792 x_success=4 x_fail=0 kb_calls=0 kb_bytes=0 kb_success=0 kb_fail=0 total=5 injected=0 history_level=0 x_level=1 kb_level=-1 shape_bad=0 x_each_worker_once=1
CASE_PASS m=257 n=17 sve16_entries=48 expected=48 old_entries=3 packed_entries=45 packed_expected=45
ALLOCATION_SUMMARY_PASS cases=80 budget_cases=0 shared_injection_cases=0
PASS whole_cases=80 noop_cases=4 non_dyadic_long_double_RHS=1 padding_L_unchanged=1 max_error=1.1102230246251565e-16
SOURCE_FEATURES_PASS panel16=1 packedL16=1 has_budget=0 history_budget_bytes=0
MODE=smoke THREADS=38 NARROW_VL=0 EXPECT_SVE16=1 EXPECT_PACKEDL16=1
ALLOC_PASS m=15 n=9 small=1 history_expected=0 history_calls=0 history_bytes=0 history_success=0 history_fail=0 x_calls=38 x_bytes=36480 x_success=38 x_fail=0 kb_calls=0 kb_bytes=0 kb_success=0 kb_fail=0 total=38 injected=0 history_level=-1 x_level=1 kb_level=-1 shape_bad=0 x_each_worker_once=1
CASE_PASS m=15 n=9 sve16_entries=0 expected=0 old_entries=0 packed_entries=0 packed_expected=0
ALLOC_PASS m=16 n=17 small=1 history_expected=0 history_calls=0 history_bytes=0 history_success=0 history_fail=0 x_calls=38 x_bytes=38912 x_success=38 x_fail=0 kb_calls=0 kb_bytes=0 kb_success=0 kb_fail=0 total=38 injected=0 history_level=-1 x_level=1 kb_level=-1 shape_bad=0 x_each_worker_once=1
CASE_PASS m=16 n=17 sve16_entries=3 expected=3 old_entries=3 packed_entries=0 packed_expected=0
ALLOC_PASS m=33 n=313 small=1 history_expected=1 history_calls=1 history_bytes=2048 history_success=1 history_fail=0 x_calls=38 x_bytes=80256 x_success=38 x_fail=0 kb_calls=0 kb_bytes=0 kb_success=0 kb_fail=0 total=39 injected=0 history_level=0 x_level=1 kb_level=-1 shape_bad=0 x_each_worker_once=1
CASE_PASS m=33 n=313 sve16_entries=80 expected=80 old_entries=40 packed_entries=40 packed_expected=40
ALLOC_PASS m=257 n=313 small=1 history_expected=1 history_calls=1 history_bytes=245760 history_success=1 history_fail=0 x_calls=38 x_bytes=625024 x_success=38 x_fail=0 kb_calls=0 kb_bytes=0 kb_success=0 kb_fail=0 total=39 injected=0 history_level=0 x_level=1 kb_level=-1 shape_bad=0 x_each_worker_once=1
CASE_PASS m=257 n=313 sve16_entries=640 expected=640 old_entries=40 packed_entries=600 packed_expected=600
ALLOCATION_SUMMARY_PASS cases=4 budget_cases=0 shared_injection_cases=0
PASS whole_cases=4 noop_cases=4 non_dyadic_long_double_RHS=1 padding_L_unchanged=1 max_error=1.1102230246251565e-16
SOURCE_FEATURES_PASS panel16=1 packedL16=1 has_budget=0 history_budget_bytes=0
MODE=boundary THREADS=1 NARROW_VL=0 EXPECT_SVE16=1 EXPECT_PACKEDL16=1
ALLOC_PASS m=4095 n=9 small=1 history_expected=1 history_calls=1 history_bytes=66324480 history_success=1 history_fail=0 x_calls=1 x_bytes=262080 x_success=1 x_fail=0 kb_calls=0 kb_bytes=0 kb_success=0 kb_fail=0 total=2 injected=0 history_level=0 x_level=1 kb_level=-1 shape_bad=0 x_each_worker_once=1
CASE_PASS m=4095 n=9 sve16_entries=510 expected=510 old_entries=2 packed_entries=508 packed_expected=508
ALLOC_PASS m=4097 n=9 small=0 history_expected=0 history_calls=0 history_bytes=0 history_success=0 history_fail=0 x_calls=0 x_bytes=0 x_success=0 x_fail=0 kb_calls=1 kb_bytes=32768 kb_success=1 kb_fail=0 total=1 injected=0 history_level=-1 x_level=-1 kb_level=0 shape_bad=0 x_each_worker_once=1
CASE_PASS m=4097 n=9 sve16_entries=0 expected=0 old_entries=0 packed_entries=0 packed_expected=0
ALLOCATION_SUMMARY_PASS cases=2 budget_cases=0 shared_injection_cases=0
PASS whole_cases=2 noop_cases=4 non_dyadic_long_double_RHS=1 padding_L_unchanged=1 max_error=3.8857805861880479e-16
SOURCE_FEATURES_PASS panel16=1 packedL16=1 has_budget=0 history_budget_bytes=0
MODE=full THREADS=4 NARROW_VL=0 EXPECT_SVE16=0 EXPECT_PACKEDL16=0
ALLOC_PASS m=1 n=1 small=1 history_expected=0 history_calls=0 history_bytes=0 history_success=0 history_fail=0 x_calls=4 x_bytes=256 x_success=4 x_fail=0 kb_calls=0 kb_bytes=0 kb_success=0 kb_fail=0 total=4 injected=0 history_level=-1 x_level=1 kb_level=-1 shape_bad=0 x_each_worker_once=1
CASE_PASS m=1 n=1 sve16_entries=0 expected=0 old_entries=0 packed_entries=0 packed_expected=0
ALLOC_PASS m=1 n=7 small=1 history_expected=0 history_calls=0 history_bytes=0 history_success=0 history_fail=0 x_calls=4 x_bytes=256 x_success=4 x_fail=0 kb_calls=0 kb_bytes=0 kb_success=0 kb_fail=0 total=4 injected=0 history_level=-1 x_level=1 kb_level=-1 shape_bad=0 x_each_worker_once=1
CASE_PASS m=1 n=7 sve16_entries=0 expected=0 old_entries=0 packed_entries=0 packed_expected=0
ALLOC_PASS m=1 n=8 small=1 history_expected=0 history_calls=0 history_bytes=0 history_success=0 history_fail=0 x_calls=4 x_bytes=256 x_success=4 x_fail=0 kb_calls=0 kb_bytes=0 kb_success=0 kb_fail=0 total=4 injected=0 history_level=-1 x_level=1 kb_level=-1 shape_bad=0 x_each_worker_once=1
CASE_PASS m=1 n=8 sve16_entries=0 expected=0 old_entries=0 packed_entries=0 packed_expected=0
ALLOC_PASS m=1 n=9 small=1 history_expected=0 history_calls=0 history_bytes=0 history_success=0 history_fail=0 x_calls=4 x_bytes=256 x_success=4 x_fail=0 kb_calls=0 kb_bytes=0 kb_success=0 kb_fail=0 total=4 injected=0 history_level=-1 x_level=1 kb_level=-1 shape_bad=0 x_each_worker_once=1
CASE_PASS m=1 n=9 sve16_entries=0 expected=0 old_entries=0 packed_entries=0 packed_expected=0
ALLOC_PASS m=1 n=17 small=1 history_expected=0 history_calls=0 history_bytes=0 history_success=0 history_fail=0 x_calls=4 x_bytes=256 x_success=4 x_fail=0 kb_calls=0 kb_bytes=0 kb_success=0 kb_fail=0 total=4 injected=0 history_level=-1 x_level=1 kb_level=-1 shape_bad=0 x_each_worker_once=1
CASE_PASS m=1 n=17 sve16_entries=0 expected=0 old_entries=0 packed_entries=0 packed_expected=0
ALLOC_PASS m=3 n=1 small=1 history_expected=0 history_calls=0 history_bytes=0 history_success=0 history_fail=0 x_calls=4 x_bytes=768 x_success=4 x_fail=0 kb_calls=0 kb_bytes=0 kb_success=0 kb_fail=0 total=4 injected=0 history_level=-1 x_level=1 kb_level=-1 shape_bad=0 x_each_worker_once=1
CASE_PASS m=3 n=1 sve16_entries=0 expected=0 old_entries=0 packed_entries=0 packed_expected=0
ALLOC_PASS m=3 n=7 small=1 history_expected=0 history_calls=0 history_bytes=0 history_success=0 history_fail=0 x_calls=4 x_bytes=768 x_success=4 x_fail=0 kb_calls=0 kb_bytes=0 kb_success=0 kb_fail=0 total=4 injected=0 history_level=-1 x_level=1 kb_level=-1 shape_bad=0 x_each_worker_once=1
CASE_PASS m=3 n=7 sve16_entries=0 expected=0 old_entries=0 packed_entries=0 packed_expected=0
ALLOC_PASS m=3 n=8 small=1 history_expected=0 history_calls=0 history_bytes=0 history_success=0 history_fail=0 x_calls=4 x_bytes=768 x_success=4 x_fail=0 kb_calls=0 kb_bytes=0 kb_success=0 kb_fail=0 total=4 injected=0 history_level=-1 x_level=1 kb_level=-1 shape_bad=0 x_each_worker_once=1
CASE_PASS m=3 n=8 sve16_entries=0 expected=0 old_entries=0 packed_entries=0 packed_expected=0
ALLOC_PASS m=3 n=9 small=1 history_expected=0 history_calls=0 history_bytes=0 history_success=0 history_fail=0 x_calls=4 x_bytes=768 x_success=4 x_fail=0 kb_calls=0 kb_bytes=0 kb_success=0 kb_fail=0 total=4 injected=0 history_level=-1 x_level=1 kb_level=-1 shape_bad=0 x_each_worker_once=1
CASE_PASS m=3 n=9 sve16_entries=0 expected=0 old_entries=0 packed_entries=0 packed_expected=0
ALLOC_PASS m=3 n=17 small=1 history_expected=0 history_calls=0 history_bytes=0 history_success=0 history_fail=0 x_calls=4 x_bytes=768 x_success=4 x_fail=0 kb_calls=0 kb_bytes=0 kb_success=0 kb_fail=0 total=4 injected=0 history_level=-1 x_level=1 kb_level=-1 shape_bad=0 x_each_worker_once=1
CASE_PASS m=3 n=17 sve16_entries=0 expected=0 old_entries=0 packed_entries=0 packed_expected=0
ALLOC_PASS m=4 n=1 small=1 history_expected=0 history_calls=0 history_bytes=0 history_success=0 history_fail=0 x_calls=4 x_bytes=1024 x_success=4 x_fail=0 kb_calls=0 kb_bytes=0 kb_success=0 kb_fail=0 total=4 injected=0 history_level=-1 x_level=1 kb_level=-1 shape_bad=0 x_each_worker_once=1
CASE_PASS m=4 n=1 sve16_entries=0 expected=0 old_entries=0 packed_entries=0 packed_expected=0
ALLOC_PASS m=4 n=7 small=1 history_expected=0 history_calls=0 history_bytes=0 history_success=0 history_fail=0 x_calls=4 x_bytes=1024 x_success=4 x_fail=0 kb_calls=0 kb_bytes=0 kb_success=0 kb_fail=0 total=4 injected=0 history_level=-1 x_level=1 kb_level=-1 shape_bad=0 x_each_worker_once=1
CASE_PASS m=4 n=7 sve16_entries=0 expected=0 old_entries=0 packed_entries=0 packed_expected=0
ALLOC_PASS m=4 n=8 small=1 history_expected=0 history_calls=0 history_bytes=0 history_success=0 history_fail=0 x_calls=4 x_bytes=1024 x_success=4 x_fail=0 kb_calls=0 kb_bytes=0 kb_success=0 kb_fail=0 total=4 injected=0 history_level=-1 x_level=1 kb_level=-1 shape_bad=0 x_each_worker_once=1
CASE_PASS m=4 n=8 sve16_entries=0 expected=0 old_entries=0 packed_entries=0 packed_expected=0
ALLOC_PASS m=4 n=9 small=1 history_expected=0 history_calls=0 history_bytes=0 history_success=0 history_fail=0 x_calls=4 x_bytes=1024 x_success=4 x_fail=0 kb_calls=0 kb_bytes=0 kb_success=0 kb_fail=0 total=4 injected=0 history_level=-1 x_level=1 kb_level=-1 shape_bad=0 x_each_worker_once=1
CASE_PASS m=4 n=9 sve16_entries=0 expected=0 old_entries=0 packed_entries=0 packed_expected=0
ALLOC_PASS m=4 n=17 small=1 history_expected=0 history_calls=0 history_bytes=0 history_success=0 history_fail=0 x_calls=4 x_bytes=1024 x_success=4 x_fail=0 kb_calls=0 kb_bytes=0 kb_success=0 kb_fail=0 total=4 injected=0 history_level=-1 x_level=1 kb_level=-1 shape_bad=0 x_each_worker_once=1
CASE_PASS m=4 n=17 sve16_entries=0 expected=0 old_entries=0 packed_entries=0 packed_expected=0
ALLOC_PASS m=5 n=1 small=1 history_expected=0 history_calls=0 history_bytes=0 history_success=0 history_fail=0 x_calls=4 x_bytes=1280 x_success=4 x_fail=0 kb_calls=0 kb_bytes=0 kb_success=0 kb_fail=0 total=4 injected=0 history_level=-1 x_level=1 kb_level=-1 shape_bad=0 x_each_worker_once=1
CASE_PASS m=5 n=1 sve16_entries=0 expected=0 old_entries=0 packed_entries=0 packed_expected=0
ALLOC_PASS m=5 n=7 small=1 history_expected=0 history_calls=0 history_bytes=0 history_success=0 history_fail=0 x_calls=4 x_bytes=1280 x_success=4 x_fail=0 kb_calls=0 kb_bytes=0 kb_success=0 kb_fail=0 total=4 injected=0 history_level=-1 x_level=1 kb_level=-1 shape_bad=0 x_each_worker_once=1
CASE_PASS m=5 n=7 sve16_entries=0 expected=0 old_entries=0 packed_entries=0 packed_expected=0
ALLOC_PASS m=5 n=8 small=1 history_expected=0 history_calls=0 history_bytes=0 history_success=0 history_fail=0 x_calls=4 x_bytes=1280 x_success=4 x_fail=0 kb_calls=0 kb_bytes=0 kb_success=0 kb_fail=0 total=4 injected=0 history_level=-1 x_level=1 kb_level=-1 shape_bad=0 x_each_worker_once=1
CASE_PASS m=5 n=8 sve16_entries=0 expected=0 old_entries=0 packed_entries=0 packed_expected=0
ALLOC_PASS m=5 n=9 small=1 history_expected=0 history_calls=0 history_bytes=0 history_success=0 history_fail=0 x_calls=4 x_bytes=1280 x_success=4 x_fail=0 kb_calls=0 kb_bytes=0 kb_success=0 kb_fail=0 total=4 injected=0 history_level=-1 x_level=1 kb_level=-1 shape_bad=0 x_each_worker_once=1
CASE_PASS m=5 n=9 sve16_entries=0 expected=0 old_entries=0 packed_entries=0 packed_expected=0
ALLOC_PASS m=5 n=17 small=1 history_expected=0 history_calls=0 history_bytes=0 history_success=0 history_fail=0 x_calls=4 x_bytes=1280 x_success=4 x_fail=0 kb_calls=0 kb_bytes=0 kb_success=0 kb_fail=0 total=4 injected=0 history_level=-1 x_level=1 kb_level=-1 shape_bad=0 x_each_worker_once=1
CASE_PASS m=5 n=17 sve16_entries=0 expected=0 old_entries=0 packed_entries=0 packed_expected=0
ALLOC_PASS m=15 n=1 small=1 history_expected=0 history_calls=0 history_bytes=0 history_success=0 history_fail=0 x_calls=4 x_bytes=3840 x_success=4 x_fail=0 kb_calls=0 kb_bytes=0 kb_success=0 kb_fail=0 total=4 injected=0 history_level=-1 x_level=1 kb_level=-1 shape_bad=0 x_each_worker_once=1
CASE_PASS m=15 n=1 sve16_entries=0 expected=0 old_entries=0 packed_entries=0 packed_expected=0
ALLOC_PASS m=15 n=7 small=1 history_expected=0 history_calls=0 history_bytes=0 history_success=0 history_fail=0 x_calls=4 x_bytes=3840 x_success=4 x_fail=0 kb_calls=0 kb_bytes=0 kb_success=0 kb_fail=0 total=4 injected=0 history_level=-1 x_level=1 kb_level=-1 shape_bad=0 x_each_worker_once=1
CASE_PASS m=15 n=7 sve16_entries=0 expected=0 old_entries=0 packed_entries=0 packed_expected=0
ALLOC_PASS m=15 n=8 small=1 history_expected=0 history_calls=0 history_bytes=0 history_success=0 history_fail=0 x_calls=4 x_bytes=3840 x_success=4 x_fail=0 kb_calls=0 kb_bytes=0 kb_success=0 kb_fail=0 total=4 injected=0 history_level=-1 x_level=1 kb_level=-1 shape_bad=0 x_each_worker_once=1
CASE_PASS m=15 n=8 sve16_entries=0 expected=0 old_entries=0 packed_entries=0 packed_expected=0
ALLOC_PASS m=15 n=9 small=1 history_expected=0 history_calls=0 history_bytes=0 history_success=0 history_fail=0 x_calls=4 x_bytes=3840 x_success=4 x_fail=0 kb_calls=0 kb_bytes=0 kb_success=0 kb_fail=0 total=4 injected=0 history_level=-1 x_level=1 kb_level=-1 shape_bad=0 x_each_worker_once=1
CASE_PASS m=15 n=9 sve16_entries=0 expected=0 old_entries=0 packed_entries=0 packed_expected=0
ALLOC_PASS m=15 n=17 small=1 history_expected=0 history_calls=0 history_bytes=0 history_success=0 history_fail=0 x_calls=4 x_bytes=3840 x_success=4 x_fail=0 kb_calls=0 kb_bytes=0 kb_success=0 kb_fail=0 total=4 injected=0 history_level=-1 x_level=1 kb_level=-1 shape_bad=0 x_each_worker_once=1
CASE_PASS m=15 n=17 sve16_entries=0 expected=0 old_entries=0 packed_entries=0 packed_expected=0
ALLOC_PASS m=16 n=1 small=1 history_expected=0 history_calls=0 history_bytes=0 history_success=0 history_fail=0 x_calls=4 x_bytes=4096 x_success=4 x_fail=0 kb_calls=0 kb_bytes=0 kb_success=0 kb_fail=0 total=4 injected=0 history_level=-1 x_level=1 kb_level=-1 shape_bad=0 x_each_worker_once=1
CASE_PASS m=16 n=1 sve16_entries=0 expected=0 old_entries=0 packed_entries=0 packed_expected=0
ALLOC_PASS m=16 n=7 small=1 history_expected=0 history_calls=0 history_bytes=0 history_success=0 history_fail=0 x_calls=4 x_bytes=4096 x_success=4 x_fail=0 kb_calls=0 kb_bytes=0 kb_success=0 kb_fail=0 total=4 injected=0 history_level=-1 x_level=1 kb_level=-1 shape_bad=0 x_each_worker_once=1
CASE_PASS m=16 n=7 sve16_entries=0 expected=0 old_entries=0 packed_entries=0 packed_expected=0
ALLOC_PASS m=16 n=8 small=1 history_expected=0 history_calls=0 history_bytes=0 history_success=0 history_fail=0 x_calls=4 x_bytes=4096 x_success=4 x_fail=0 kb_calls=0 kb_bytes=0 kb_success=0 kb_fail=0 total=4 injected=0 history_level=-1 x_level=1 kb_level=-1 shape_bad=0 x_each_worker_once=1
CASE_PASS m=16 n=8 sve16_entries=0 expected=0 old_entries=0 packed_entries=0 packed_expected=0
ALLOC_PASS m=16 n=9 small=1 history_expected=0 history_calls=0 history_bytes=0 history_success=0 history_fail=0 x_calls=4 x_bytes=4096 x_success=4 x_fail=0 kb_calls=0 kb_bytes=0 kb_success=0 kb_fail=0 total=4 injected=0 history_level=-1 x_level=1 kb_level=-1 shape_bad=0 x_each_worker_once=1
CASE_PASS m=16 n=9 sve16_entries=0 expected=0 old_entries=0 packed_entries=0 packed_expected=0
ALLOC_PASS m=16 n=17 small=1 history_expected=0 history_calls=0 history_bytes=0 history_success=0 history_fail=0 x_calls=4 x_bytes=4096 x_success=4 x_fail=0 kb_calls=0 kb_bytes=0 kb_success=0 kb_fail=0 total=4 injected=0 history_level=-1 x_level=1 kb_level=-1 shape_bad=0 x_each_worker_once=1
CASE_PASS m=16 n=17 sve16_entries=0 expected=0 old_entries=0 packed_entries=0 packed_expected=0
ALLOC_PASS m=17 n=1 small=1 history_expected=0 history_calls=0 history_bytes=0 history_success=0 history_fail=0 x_calls=4 x_bytes=4352 x_success=4 x_fail=0 kb_calls=0 kb_bytes=0 kb_success=0 kb_fail=0 total=4 injected=0 history_level=-1 x_level=1 kb_level=-1 shape_bad=0 x_each_worker_once=1
CASE_PASS m=17 n=1 sve16_entries=0 expected=0 old_entries=0 packed_entries=0 packed_expected=0
ALLOC_PASS m=17 n=7 small=1 history_expected=0 history_calls=0 history_bytes=0 history_success=0 history_fail=0 x_calls=4 x_bytes=4352 x_success=4 x_fail=0 kb_calls=0 kb_bytes=0 kb_success=0 kb_fail=0 total=4 injected=0 history_level=-1 x_level=1 kb_level=-1 shape_bad=0 x_each_worker_once=1
CASE_PASS m=17 n=7 sve16_entries=0 expected=0 old_entries=0 packed_entries=0 packed_expected=0
ALLOC_PASS m=17 n=8 small=1 history_expected=0 history_calls=0 history_bytes=0 history_success=0 history_fail=0 x_calls=4 x_bytes=4352 x_success=4 x_fail=0 kb_calls=0 kb_bytes=0 kb_success=0 kb_fail=0 total=4 injected=0 history_level=-1 x_level=1 kb_level=-1 shape_bad=0 x_each_worker_once=1
CASE_PASS m=17 n=8 sve16_entries=0 expected=0 old_entries=0 packed_entries=0 packed_expected=0
ALLOC_PASS m=17 n=9 small=1 history_expected=0 history_calls=0 history_bytes=0 history_success=0 history_fail=0 x_calls=4 x_bytes=4352 x_success=4 x_fail=0 kb_calls=0 kb_bytes=0 kb_success=0 kb_fail=0 total=4 injected=0 history_level=-1 x_level=1 kb_level=-1 shape_bad=0 x_each_worker_once=1
CASE_PASS m=17 n=9 sve16_entries=0 expected=0 old_entries=0 packed_entries=0 packed_expected=0
ALLOC_PASS m=17 n=17 small=1 history_expected=0 history_calls=0 history_bytes=0 history_success=0 history_fail=0 x_calls=4 x_bytes=4352 x_success=4 x_fail=0 kb_calls=0 kb_bytes=0 kb_success=0 kb_fail=0 total=4 injected=0 history_level=-1 x_level=1 kb_level=-1 shape_bad=0 x_each_worker_once=1
CASE_PASS m=17 n=17 sve16_entries=0 expected=0 old_entries=0 packed_entries=0 packed_expected=0
ALLOC_PASS m=31 n=1 small=1 history_expected=0 history_calls=0 history_bytes=0 history_success=0 history_fail=0 x_calls=4 x_bytes=7936 x_success=4 x_fail=0 kb_calls=0 kb_bytes=0 kb_success=0 kb_fail=0 total=4 injected=0 history_level=-1 x_level=1 kb_level=-1 shape_bad=0 x_each_worker_once=1
CASE_PASS m=31 n=1 sve16_entries=0 expected=0 old_entries=0 packed_entries=0 packed_expected=0
ALLOC_PASS m=31 n=7 small=1 history_expected=0 history_calls=0 history_bytes=0 history_success=0 history_fail=0 x_calls=4 x_bytes=7936 x_success=4 x_fail=0 kb_calls=0 kb_bytes=0 kb_success=0 kb_fail=0 total=4 injected=0 history_level=-1 x_level=1 kb_level=-1 shape_bad=0 x_each_worker_once=1
CASE_PASS m=31 n=7 sve16_entries=0 expected=0 old_entries=0 packed_entries=0 packed_expected=0
ALLOC_PASS m=31 n=8 small=1 history_expected=0 history_calls=0 history_bytes=0 history_success=0 history_fail=0 x_calls=4 x_bytes=7936 x_success=4 x_fail=0 kb_calls=0 kb_bytes=0 kb_success=0 kb_fail=0 total=4 injected=0 history_level=-1 x_level=1 kb_level=-1 shape_bad=0 x_each_worker_once=1
CASE_PASS m=31 n=8 sve16_entries=0 expected=0 old_entries=0 packed_entries=0 packed_expected=0
ALLOC_PASS m=31 n=9 small=1 history_expected=0 history_calls=0 history_bytes=0 history_success=0 history_fail=0 x_calls=4 x_bytes=7936 x_success=4 x_fail=0 kb_calls=0 kb_bytes=0 kb_success=0 kb_fail=0 total=4 injected=0 history_level=-1 x_level=1 kb_level=-1 shape_bad=0 x_each_worker_once=1
CASE_PASS m=31 n=9 sve16_entries=0 expected=0 old_entries=0 packed_entries=0 packed_expected=0
ALLOC_PASS m=31 n=17 small=1 history_expected=0 history_calls=0 history_bytes=0 history_success=0 history_fail=0 x_calls=4 x_bytes=7936 x_success=4 x_fail=0 kb_calls=0 kb_bytes=0 kb_success=0 kb_fail=0 total=4 injected=0 history_level=-1 x_level=1 kb_level=-1 shape_bad=0 x_each_worker_once=1
CASE_PASS m=31 n=17 sve16_entries=0 expected=0 old_entries=0 packed_entries=0 packed_expected=0
ALLOC_PASS m=32 n=1 small=1 history_expected=0 history_calls=0 history_bytes=0 history_success=0 history_fail=0 x_calls=4 x_bytes=8192 x_success=4 x_fail=0 kb_calls=0 kb_bytes=0 kb_success=0 kb_fail=0 total=4 injected=0 history_level=-1 x_level=1 kb_level=-1 shape_bad=0 x_each_worker_once=1
CASE_PASS m=32 n=1 sve16_entries=0 expected=0 old_entries=0 packed_entries=0 packed_expected=0
ALLOC_PASS m=32 n=7 small=1 history_expected=0 history_calls=0 history_bytes=0 history_success=0 history_fail=0 x_calls=4 x_bytes=8192 x_success=4 x_fail=0 kb_calls=0 kb_bytes=0 kb_success=0 kb_fail=0 total=4 injected=0 history_level=-1 x_level=1 kb_level=-1 shape_bad=0 x_each_worker_once=1
CASE_PASS m=32 n=7 sve16_entries=0 expected=0 old_entries=0 packed_entries=0 packed_expected=0
ALLOC_PASS m=32 n=8 small=1 history_expected=0 history_calls=0 history_bytes=0 history_success=0 history_fail=0 x_calls=4 x_bytes=8192 x_success=4 x_fail=0 kb_calls=0 kb_bytes=0 kb_success=0 kb_fail=0 total=4 injected=0 history_level=-1 x_level=1 kb_level=-1 shape_bad=0 x_each_worker_once=1
CASE_PASS m=32 n=8 sve16_entries=0 expected=0 old_entries=0 packed_entries=0 packed_expected=0
ALLOC_PASS m=32 n=9 small=1 history_expected=0 history_calls=0 history_bytes=0 history_success=0 history_fail=0 x_calls=4 x_bytes=8192 x_success=4 x_fail=0 kb_calls=0 kb_bytes=0 kb_success=0 kb_fail=0 total=4 injected=0 history_level=-1 x_level=1 kb_level=-1 shape_bad=0 x_each_worker_once=1
CASE_PASS m=32 n=9 sve16_entries=0 expected=0 old_entries=0 packed_entries=0 packed_expected=0
ALLOC_PASS m=32 n=17 small=1 history_expected=0 history_calls=0 history_bytes=0 history_success=0 history_fail=0 x_calls=4 x_bytes=8192 x_success=4 x_fail=0 kb_calls=0 kb_bytes=0 kb_success=0 kb_fail=0 total=4 injected=0 history_level=-1 x_level=1 kb_level=-1 shape_bad=0 x_each_worker_once=1
CASE_PASS m=32 n=17 sve16_entries=0 expected=0 old_entries=0 packed_entries=0 packed_expected=0
ALLOC_PASS m=33 n=1 small=1 history_expected=0 history_calls=0 history_bytes=0 history_success=0 history_fail=0 x_calls=4 x_bytes=8448 x_success=4 x_fail=0 kb_calls=0 kb_bytes=0 kb_success=0 kb_fail=0 total=4 injected=0 history_level=-1 x_level=1 kb_level=-1 shape_bad=0 x_each_worker_once=1
CASE_PASS m=33 n=1 sve16_entries=0 expected=0 old_entries=0 packed_entries=0 packed_expected=0
ALLOC_PASS m=33 n=7 small=1 history_expected=0 history_calls=0 history_bytes=0 history_success=0 history_fail=0 x_calls=4 x_bytes=8448 x_success=4 x_fail=0 kb_calls=0 kb_bytes=0 kb_success=0 kb_fail=0 total=4 injected=0 history_level=-1 x_level=1 kb_level=-1 shape_bad=0 x_each_worker_once=1
CASE_PASS m=33 n=7 sve16_entries=0 expected=0 old_entries=0 packed_entries=0 packed_expected=0
ALLOC_PASS m=33 n=8 small=1 history_expected=0 history_calls=0 history_bytes=0 history_success=0 history_fail=0 x_calls=4 x_bytes=8448 x_success=4 x_fail=0 kb_calls=0 kb_bytes=0 kb_success=0 kb_fail=0 total=4 injected=0 history_level=-1 x_level=1 kb_level=-1 shape_bad=0 x_each_worker_once=1
CASE_PASS m=33 n=8 sve16_entries=0 expected=0 old_entries=0 packed_entries=0 packed_expected=0
ALLOC_PASS m=33 n=9 small=1 history_expected=0 history_calls=0 history_bytes=0 history_success=0 history_fail=0 x_calls=4 x_bytes=8448 x_success=4 x_fail=0 kb_calls=0 kb_bytes=0 kb_success=0 kb_fail=0 total=4 injected=0 history_level=-1 x_level=1 kb_level=-1 shape_bad=0 x_each_worker_once=1
CASE_PASS m=33 n=9 sve16_entries=0 expected=0 old_entries=0 packed_entries=0 packed_expected=0
ALLOC_PASS m=33 n=17 small=1 history_expected=0 history_calls=0 history_bytes=0 history_success=0 history_fail=0 x_calls=4 x_bytes=8448 x_success=4 x_fail=0 kb_calls=0 kb_bytes=0 kb_success=0 kb_fail=0 total=4 injected=0 history_level=-1 x_level=1 kb_level=-1 shape_bad=0 x_each_worker_once=1
CASE_PASS m=33 n=17 sve16_entries=0 expected=0 old_entries=0 packed_entries=0 packed_expected=0
ALLOC_PASS m=63 n=1 small=1 history_expected=0 history_calls=0 history_bytes=0 history_success=0 history_fail=0 x_calls=4 x_bytes=16128 x_success=4 x_fail=0 kb_calls=0 kb_bytes=0 kb_success=0 kb_fail=0 total=4 injected=0 history_level=-1 x_level=1 kb_level=-1 shape_bad=0 x_each_worker_once=1
CASE_PASS m=63 n=1 sve16_entries=0 expected=0 old_entries=0 packed_entries=0 packed_expected=0
ALLOC_PASS m=63 n=7 small=1 history_expected=0 history_calls=0 history_bytes=0 history_success=0 history_fail=0 x_calls=4 x_bytes=16128 x_success=4 x_fail=0 kb_calls=0 kb_bytes=0 kb_success=0 kb_fail=0 total=4 injected=0 history_level=-1 x_level=1 kb_level=-1 shape_bad=0 x_each_worker_once=1
CASE_PASS m=63 n=7 sve16_entries=0 expected=0 old_entries=0 packed_entries=0 packed_expected=0
ALLOC_PASS m=63 n=8 small=1 history_expected=0 history_calls=0 history_bytes=0 history_success=0 history_fail=0 x_calls=4 x_bytes=16128 x_success=4 x_fail=0 kb_calls=0 kb_bytes=0 kb_success=0 kb_fail=0 total=4 injected=0 history_level=-1 x_level=1 kb_level=-1 shape_bad=0 x_each_worker_once=1
CASE_PASS m=63 n=8 sve16_entries=0 expected=0 old_entries=0 packed_entries=0 packed_expected=0
ALLOC_PASS m=63 n=9 small=1 history_expected=0 history_calls=0 history_bytes=0 history_success=0 history_fail=0 x_calls=4 x_bytes=16128 x_success=4 x_fail=0 kb_calls=0 kb_bytes=0 kb_success=0 kb_fail=0 total=4 injected=0 history_level=-1 x_level=1 kb_level=-1 shape_bad=0 x_each_worker_once=1
CASE_PASS m=63 n=9 sve16_entries=0 expected=0 old_entries=0 packed_entries=0 packed_expected=0
ALLOC_PASS m=63 n=17 small=1 history_expected=0 history_calls=0 history_bytes=0 history_success=0 history_fail=0 x_calls=4 x_bytes=16128 x_success=4 x_fail=0 kb_calls=0 kb_bytes=0 kb_success=0 kb_fail=0 total=4 injected=0 history_level=-1 x_level=1 kb_level=-1 shape_bad=0 x_each_worker_once=1
CASE_PASS m=63 n=17 sve16_entries=0 expected=0 old_entries=0 packed_entries=0 packed_expected=0
ALLOC_PASS m=64 n=1 small=1 history_expected=0 history_calls=0 history_bytes=0 history_success=0 history_fail=0 x_calls=4 x_bytes=16384 x_success=4 x_fail=0 kb_calls=0 kb_bytes=0 kb_success=0 kb_fail=0 total=4 injected=0 history_level=-1 x_level=1 kb_level=-1 shape_bad=0 x_each_worker_once=1
CASE_PASS m=64 n=1 sve16_entries=0 expected=0 old_entries=0 packed_entries=0 packed_expected=0
ALLOC_PASS m=64 n=7 small=1 history_expected=0 history_calls=0 history_bytes=0 history_success=0 history_fail=0 x_calls=4 x_bytes=16384 x_success=4 x_fail=0 kb_calls=0 kb_bytes=0 kb_success=0 kb_fail=0 total=4 injected=0 history_level=-1 x_level=1 kb_level=-1 shape_bad=0 x_each_worker_once=1
CASE_PASS m=64 n=7 sve16_entries=0 expected=0 old_entries=0 packed_entries=0 packed_expected=0
ALLOC_PASS m=64 n=8 small=1 history_expected=0 history_calls=0 history_bytes=0 history_success=0 history_fail=0 x_calls=4 x_bytes=16384 x_success=4 x_fail=0 kb_calls=0 kb_bytes=0 kb_success=0 kb_fail=0 total=4 injected=0 history_level=-1 x_level=1 kb_level=-1 shape_bad=0 x_each_worker_once=1
CASE_PASS m=64 n=8 sve16_entries=0 expected=0 old_entries=0 packed_entries=0 packed_expected=0
ALLOC_PASS m=64 n=9 small=1 history_expected=0 history_calls=0 history_bytes=0 history_success=0 history_fail=0 x_calls=4 x_bytes=16384 x_success=4 x_fail=0 kb_calls=0 kb_bytes=0 kb_success=0 kb_fail=0 total=4 injected=0 history_level=-1 x_level=1 kb_level=-1 shape_bad=0 x_each_worker_once=1
CASE_PASS m=64 n=9 sve16_entries=0 expected=0 old_entries=0 packed_entries=0 packed_expected=0
ALLOC_PASS m=64 n=17 small=1 history_expected=0 history_calls=0 history_bytes=0 history_success=0 history_fail=0 x_calls=4 x_bytes=16384 x_success=4 x_fail=0 kb_calls=0 kb_bytes=0 kb_success=0 kb_fail=0 total=4 injected=0 history_level=-1 x_level=1 kb_level=-1 shape_bad=0 x_each_worker_once=1
CASE_PASS m=64 n=17 sve16_entries=0 expected=0 old_entries=0 packed_entries=0 packed_expected=0
ALLOC_PASS m=65 n=1 small=1 history_expected=0 history_calls=0 history_bytes=0 history_success=0 history_fail=0 x_calls=4 x_bytes=16640 x_success=4 x_fail=0 kb_calls=0 kb_bytes=0 kb_success=0 kb_fail=0 total=4 injected=0 history_level=-1 x_level=1 kb_level=-1 shape_bad=0 x_each_worker_once=1
CASE_PASS m=65 n=1 sve16_entries=0 expected=0 old_entries=0 packed_entries=0 packed_expected=0
ALLOC_PASS m=65 n=7 small=1 history_expected=0 history_calls=0 history_bytes=0 history_success=0 history_fail=0 x_calls=4 x_bytes=16640 x_success=4 x_fail=0 kb_calls=0 kb_bytes=0 kb_success=0 kb_fail=0 total=4 injected=0 history_level=-1 x_level=1 kb_level=-1 shape_bad=0 x_each_worker_once=1
CASE_PASS m=65 n=7 sve16_entries=0 expected=0 old_entries=0 packed_entries=0 packed_expected=0
ALLOC_PASS m=65 n=8 small=1 history_expected=0 history_calls=0 history_bytes=0 history_success=0 history_fail=0 x_calls=4 x_bytes=16640 x_success=4 x_fail=0 kb_calls=0 kb_bytes=0 kb_success=0 kb_fail=0 total=4 injected=0 history_level=-1 x_level=1 kb_level=-1 shape_bad=0 x_each_worker_once=1
CASE_PASS m=65 n=8 sve16_entries=0 expected=0 old_entries=0 packed_entries=0 packed_expected=0
ALLOC_PASS m=65 n=9 small=1 history_expected=0 history_calls=0 history_bytes=0 history_success=0 history_fail=0 x_calls=4 x_bytes=16640 x_success=4 x_fail=0 kb_calls=0 kb_bytes=0 kb_success=0 kb_fail=0 total=4 injected=0 history_level=-1 x_level=1 kb_level=-1 shape_bad=0 x_each_worker_once=1
CASE_PASS m=65 n=9 sve16_entries=0 expected=0 old_entries=0 packed_entries=0 packed_expected=0
ALLOC_PASS m=65 n=17 small=1 history_expected=0 history_calls=0 history_bytes=0 history_success=0 history_fail=0 x_calls=4 x_bytes=16640 x_success=4 x_fail=0 kb_calls=0 kb_bytes=0 kb_success=0 kb_fail=0 total=4 injected=0 history_level=-1 x_level=1 kb_level=-1 shape_bad=0 x_each_worker_once=1
CASE_PASS m=65 n=17 sve16_entries=0 expected=0 old_entries=0 packed_entries=0 packed_expected=0
ALLOC_PASS m=255 n=1 small=1 history_expected=0 history_calls=0 history_bytes=0 history_success=0 history_fail=0 x_calls=4 x_bytes=65280 x_success=4 x_fail=0 kb_calls=0 kb_bytes=0 kb_success=0 kb_fail=0 total=4 injected=0 history_level=-1 x_level=1 kb_level=-1 shape_bad=0 x_each_worker_once=1
CASE_PASS m=255 n=1 sve16_entries=0 expected=0 old_entries=0 packed_entries=0 packed_expected=0
ALLOC_PASS m=255 n=7 small=1 history_expected=0 history_calls=0 history_bytes=0 history_success=0 history_fail=0 x_calls=4 x_bytes=65280 x_success=4 x_fail=0 kb_calls=0 kb_bytes=0 kb_success=0 kb_fail=0 total=4 injected=0 history_level=-1 x_level=1 kb_level=-1 shape_bad=0 x_each_worker_once=1
CASE_PASS m=255 n=7 sve16_entries=0 expected=0 old_entries=0 packed_entries=0 packed_expected=0
ALLOC_PASS m=255 n=8 small=1 history_expected=0 history_calls=0 history_bytes=0 history_success=0 history_fail=0 x_calls=4 x_bytes=65280 x_success=4 x_fail=0 kb_calls=0 kb_bytes=0 kb_success=0 kb_fail=0 total=4 injected=0 history_level=-1 x_level=1 kb_level=-1 shape_bad=0 x_each_worker_once=1
CASE_PASS m=255 n=8 sve16_entries=0 expected=0 old_entries=0 packed_entries=0 packed_expected=0
ALLOC_PASS m=255 n=9 small=1 history_expected=0 history_calls=0 history_bytes=0 history_success=0 history_fail=0 x_calls=4 x_bytes=65280 x_success=4 x_fail=0 kb_calls=0 kb_bytes=0 kb_success=0 kb_fail=0 total=4 injected=0 history_level=-1 x_level=1 kb_level=-1 shape_bad=0 x_each_worker_once=1
CASE_PASS m=255 n=9 sve16_entries=0 expected=0 old_entries=0 packed_entries=0 packed_expected=0
ALLOC_PASS m=255 n=17 small=1 history_expected=0 history_calls=0 history_bytes=0 history_success=0 history_fail=0 x_calls=4 x_bytes=65280 x_success=4 x_fail=0 kb_calls=0 kb_bytes=0 kb_success=0 kb_fail=0 total=4 injected=0 history_level=-1 x_level=1 kb_level=-1 shape_bad=0 x_each_worker_once=1
CASE_PASS m=255 n=17 sve16_entries=0 expected=0 old_entries=0 packed_entries=0 packed_expected=0
ALLOC_PASS m=256 n=1 small=1 history_expected=0 history_calls=0 history_bytes=0 history_success=0 history_fail=0 x_calls=4 x_bytes=65536 x_success=4 x_fail=0 kb_calls=0 kb_bytes=0 kb_success=0 kb_fail=0 total=4 injected=0 history_level=-1 x_level=1 kb_level=-1 shape_bad=0 x_each_worker_once=1
CASE_PASS m=256 n=1 sve16_entries=0 expected=0 old_entries=0 packed_entries=0 packed_expected=0
ALLOC_PASS m=256 n=7 small=1 history_expected=0 history_calls=0 history_bytes=0 history_success=0 history_fail=0 x_calls=4 x_bytes=65536 x_success=4 x_fail=0 kb_calls=0 kb_bytes=0 kb_success=0 kb_fail=0 total=4 injected=0 history_level=-1 x_level=1 kb_level=-1 shape_bad=0 x_each_worker_once=1
CASE_PASS m=256 n=7 sve16_entries=0 expected=0 old_entries=0 packed_entries=0 packed_expected=0
ALLOC_PASS m=256 n=8 small=1 history_expected=0 history_calls=0 history_bytes=0 history_success=0 history_fail=0 x_calls=4 x_bytes=65536 x_success=4 x_fail=0 kb_calls=0 kb_bytes=0 kb_success=0 kb_fail=0 total=4 injected=0 history_level=-1 x_level=1 kb_level=-1 shape_bad=0 x_each_worker_once=1
CASE_PASS m=256 n=8 sve16_entries=0 expected=0 old_entries=0 packed_entries=0 packed_expected=0
ALLOC_PASS m=256 n=9 small=1 history_expected=0 history_calls=0 history_bytes=0 history_success=0 history_fail=0 x_calls=4 x_bytes=65536 x_success=4 x_fail=0 kb_calls=0 kb_bytes=0 kb_success=0 kb_fail=0 total=4 injected=0 history_level=-1 x_level=1 kb_level=-1 shape_bad=0 x_each_worker_once=1
CASE_PASS m=256 n=9 sve16_entries=0 expected=0 old_entries=0 packed_entries=0 packed_expected=0
ALLOC_PASS m=256 n=17 small=1 history_expected=0 history_calls=0 history_bytes=0 history_success=0 history_fail=0 x_calls=4 x_bytes=65536 x_success=4 x_fail=0 kb_calls=0 kb_bytes=0 kb_success=0 kb_fail=0 total=4 injected=0 history_level=-1 x_level=1 kb_level=-1 shape_bad=0 x_each_worker_once=1
CASE_PASS m=256 n=17 sve16_entries=0 expected=0 old_entries=0 packed_entries=0 packed_expected=0
ALLOC_PASS m=257 n=1 small=1 history_expected=0 history_calls=0 history_bytes=0 history_success=0 history_fail=0 x_calls=4 x_bytes=65792 x_success=4 x_fail=0 kb_calls=0 kb_bytes=0 kb_success=0 kb_fail=0 total=4 injected=0 history_level=-1 x_level=1 kb_level=-1 shape_bad=0 x_each_worker_once=1
CASE_PASS m=257 n=1 sve16_entries=0 expected=0 old_entries=0 packed_entries=0 packed_expected=0
ALLOC_PASS m=257 n=7 small=1 history_expected=0 history_calls=0 history_bytes=0 history_success=0 history_fail=0 x_calls=4 x_bytes=65792 x_success=4 x_fail=0 kb_calls=0 kb_bytes=0 kb_success=0 kb_fail=0 total=4 injected=0 history_level=-1 x_level=1 kb_level=-1 shape_bad=0 x_each_worker_once=1
CASE_PASS m=257 n=7 sve16_entries=0 expected=0 old_entries=0 packed_entries=0 packed_expected=0
ALLOC_PASS m=257 n=8 small=1 history_expected=0 history_calls=0 history_bytes=0 history_success=0 history_fail=0 x_calls=4 x_bytes=65792 x_success=4 x_fail=0 kb_calls=0 kb_bytes=0 kb_success=0 kb_fail=0 total=4 injected=0 history_level=-1 x_level=1 kb_level=-1 shape_bad=0 x_each_worker_once=1
CASE_PASS m=257 n=8 sve16_entries=0 expected=0 old_entries=0 packed_entries=0 packed_expected=0
ALLOC_PASS m=257 n=9 small=1 history_expected=0 history_calls=0 history_bytes=0 history_success=0 history_fail=0 x_calls=4 x_bytes=65792 x_success=4 x_fail=0 kb_calls=0 kb_bytes=0 kb_success=0 kb_fail=0 total=4 injected=0 history_level=-1 x_level=1 kb_level=-1 shape_bad=0 x_each_worker_once=1
CASE_PASS m=257 n=9 sve16_entries=0 expected=0 old_entries=0 packed_entries=0 packed_expected=0
ALLOC_PASS m=257 n=17 small=1 history_expected=0 history_calls=0 history_bytes=0 history_success=0 history_fail=0 x_calls=4 x_bytes=65792 x_success=4 x_fail=0 kb_calls=0 kb_bytes=0 kb_success=0 kb_fail=0 total=4 injected=0 history_level=-1 x_level=1 kb_level=-1 shape_bad=0 x_each_worker_once=1
CASE_PASS m=257 n=17 sve16_entries=0 expected=0 old_entries=0 packed_entries=0 packed_expected=0
ALLOCATION_SUMMARY_PASS cases=80 budget_cases=0 shared_injection_cases=0
PASS whole_cases=80 noop_cases=4 non_dyadic_long_double_RHS=1 padding_L_unchanged=1 max_error=1.1102230246251565e-16
SOURCE_FEATURES_PASS panel16=1 packedL16=1 has_budget=0 history_budget_bytes=0
MODE=full THREADS=4 NARROW_VL=0 EXPECT_SVE16=0 EXPECT_PACKEDL16=0
ALLOC_PASS m=1 n=1 small=1 history_expected=0 history_calls=0 history_bytes=0 history_success=0 history_fail=0 x_calls=4 x_bytes=256 x_success=0 x_fail=4 kb_calls=0 kb_bytes=0 kb_success=0 kb_fail=0 total=4 injected=4 history_level=-1 x_level=1 kb_level=-1 shape_bad=0 x_each_worker_once=1
CASE_PASS m=1 n=1 sve16_entries=0 expected=0 old_entries=0 packed_entries=0 packed_expected=0
ALLOC_PASS m=1 n=7 small=1 history_expected=0 history_calls=0 history_bytes=0 history_success=0 history_fail=0 x_calls=4 x_bytes=256 x_success=0 x_fail=4 kb_calls=0 kb_bytes=0 kb_success=0 kb_fail=0 total=4 injected=4 history_level=-1 x_level=1 kb_level=-1 shape_bad=0 x_each_worker_once=1
CASE_PASS m=1 n=7 sve16_entries=0 expected=0 old_entries=0 packed_entries=0 packed_expected=0
ALLOC_PASS m=1 n=8 small=1 history_expected=0 history_calls=0 history_bytes=0 history_success=0 history_fail=0 x_calls=4 x_bytes=256 x_success=0 x_fail=4 kb_calls=0 kb_bytes=0 kb_success=0 kb_fail=0 total=4 injected=4 history_level=-1 x_level=1 kb_level=-1 shape_bad=0 x_each_worker_once=1
CASE_PASS m=1 n=8 sve16_entries=0 expected=0 old_entries=0 packed_entries=0 packed_expected=0
ALLOC_PASS m=1 n=9 small=1 history_expected=0 history_calls=0 history_bytes=0 history_success=0 history_fail=0 x_calls=4 x_bytes=256 x_success=0 x_fail=4 kb_calls=0 kb_bytes=0 kb_success=0 kb_fail=0 total=4 injected=4 history_level=-1 x_level=1 kb_level=-1 shape_bad=0 x_each_worker_once=1
CASE_PASS m=1 n=9 sve16_entries=0 expected=0 old_entries=0 packed_entries=0 packed_expected=0
ALLOC_PASS m=1 n=17 small=1 history_expected=0 history_calls=0 history_bytes=0 history_success=0 history_fail=0 x_calls=4 x_bytes=256 x_success=0 x_fail=4 kb_calls=0 kb_bytes=0 kb_success=0 kb_fail=0 total=4 injected=4 history_level=-1 x_level=1 kb_level=-1 shape_bad=0 x_each_worker_once=1
CASE_PASS m=1 n=17 sve16_entries=0 expected=0 old_entries=0 packed_entries=0 packed_expected=0
ALLOC_PASS m=3 n=1 small=1 history_expected=0 history_calls=0 history_bytes=0 history_success=0 history_fail=0 x_calls=4 x_bytes=768 x_success=0 x_fail=4 kb_calls=0 kb_bytes=0 kb_success=0 kb_fail=0 total=4 injected=4 history_level=-1 x_level=1 kb_level=-1 shape_bad=0 x_each_worker_once=1
CASE_PASS m=3 n=1 sve16_entries=0 expected=0 old_entries=0 packed_entries=0 packed_expected=0
ALLOC_PASS m=3 n=7 small=1 history_expected=0 history_calls=0 history_bytes=0 history_success=0 history_fail=0 x_calls=4 x_bytes=768 x_success=0 x_fail=4 kb_calls=0 kb_bytes=0 kb_success=0 kb_fail=0 total=4 injected=4 history_level=-1 x_level=1 kb_level=-1 shape_bad=0 x_each_worker_once=1
CASE_PASS m=3 n=7 sve16_entries=0 expected=0 old_entries=0 packed_entries=0 packed_expected=0
ALLOC_PASS m=3 n=8 small=1 history_expected=0 history_calls=0 history_bytes=0 history_success=0 history_fail=0 x_calls=4 x_bytes=768 x_success=0 x_fail=4 kb_calls=0 kb_bytes=0 kb_success=0 kb_fail=0 total=4 injected=4 history_level=-1 x_level=1 kb_level=-1 shape_bad=0 x_each_worker_once=1
CASE_PASS m=3 n=8 sve16_entries=0 expected=0 old_entries=0 packed_entries=0 packed_expected=0
ALLOC_PASS m=3 n=9 small=1 history_expected=0 history_calls=0 history_bytes=0 history_success=0 history_fail=0 x_calls=4 x_bytes=768 x_success=0 x_fail=4 kb_calls=0 kb_bytes=0 kb_success=0 kb_fail=0 total=4 injected=4 history_level=-1 x_level=1 kb_level=-1 shape_bad=0 x_each_worker_once=1
CASE_PASS m=3 n=9 sve16_entries=0 expected=0 old_entries=0 packed_entries=0 packed_expected=0
ALLOC_PASS m=3 n=17 small=1 history_expected=0 history_calls=0 history_bytes=0 history_success=0 history_fail=0 x_calls=4 x_bytes=768 x_success=0 x_fail=4 kb_calls=0 kb_bytes=0 kb_success=0 kb_fail=0 total=4 injected=4 history_level=-1 x_level=1 kb_level=-1 shape_bad=0 x_each_worker_once=1
CASE_PASS m=3 n=17 sve16_entries=0 expected=0 old_entries=0 packed_entries=0 packed_expected=0
ALLOC_PASS m=4 n=1 small=1 history_expected=0 history_calls=0 history_bytes=0 history_success=0 history_fail=0 x_calls=4 x_bytes=1024 x_success=0 x_fail=4 kb_calls=0 kb_bytes=0 kb_success=0 kb_fail=0 total=4 injected=4 history_level=-1 x_level=1 kb_level=-1 shape_bad=0 x_each_worker_once=1
CASE_PASS m=4 n=1 sve16_entries=0 expected=0 old_entries=0 packed_entries=0 packed_expected=0
ALLOC_PASS m=4 n=7 small=1 history_expected=0 history_calls=0 history_bytes=0 history_success=0 history_fail=0 x_calls=4 x_bytes=1024 x_success=0 x_fail=4 kb_calls=0 kb_bytes=0 kb_success=0 kb_fail=0 total=4 injected=4 history_level=-1 x_level=1 kb_level=-1 shape_bad=0 x_each_worker_once=1
CASE_PASS m=4 n=7 sve16_entries=0 expected=0 old_entries=0 packed_entries=0 packed_expected=0
ALLOC_PASS m=4 n=8 small=1 history_expected=0 history_calls=0 history_bytes=0 history_success=0 history_fail=0 x_calls=4 x_bytes=1024 x_success=0 x_fail=4 kb_calls=0 kb_bytes=0 kb_success=0 kb_fail=0 total=4 injected=4 history_level=-1 x_level=1 kb_level=-1 shape_bad=0 x_each_worker_once=1
CASE_PASS m=4 n=8 sve16_entries=0 expected=0 old_entries=0 packed_entries=0 packed_expected=0
ALLOC_PASS m=4 n=9 small=1 history_expected=0 history_calls=0 history_bytes=0 history_success=0 history_fail=0 x_calls=4 x_bytes=1024 x_success=0 x_fail=4 kb_calls=0 kb_bytes=0 kb_success=0 kb_fail=0 total=4 injected=4 history_level=-1 x_level=1 kb_level=-1 shape_bad=0 x_each_worker_once=1
CASE_PASS m=4 n=9 sve16_entries=0 expected=0 old_entries=0 packed_entries=0 packed_expected=0
ALLOC_PASS m=4 n=17 small=1 history_expected=0 history_calls=0 history_bytes=0 history_success=0 history_fail=0 x_calls=4 x_bytes=1024 x_success=0 x_fail=4 kb_calls=0 kb_bytes=0 kb_success=0 kb_fail=0 total=4 injected=4 history_level=-1 x_level=1 kb_level=-1 shape_bad=0 x_each_worker_once=1
CASE_PASS m=4 n=17 sve16_entries=0 expected=0 old_entries=0 packed_entries=0 packed_expected=0
ALLOC_PASS m=5 n=1 small=1 history_expected=0 history_calls=0 history_bytes=0 history_success=0 history_fail=0 x_calls=4 x_bytes=1280 x_success=0 x_fail=4 kb_calls=0 kb_bytes=0 kb_success=0 kb_fail=0 total=4 injected=4 history_level=-1 x_level=1 kb_level=-1 shape_bad=0 x_each_worker_once=1
CASE_PASS m=5 n=1 sve16_entries=0 expected=0 old_entries=0 packed_entries=0 packed_expected=0
ALLOC_PASS m=5 n=7 small=1 history_expected=0 history_calls=0 history_bytes=0 history_success=0 history_fail=0 x_calls=4 x_bytes=1280 x_success=0 x_fail=4 kb_calls=0 kb_bytes=0 kb_success=0 kb_fail=0 total=4 injected=4 history_level=-1 x_level=1 kb_level=-1 shape_bad=0 x_each_worker_once=1
CASE_PASS m=5 n=7 sve16_entries=0 expected=0 old_entries=0 packed_entries=0 packed_expected=0
ALLOC_PASS m=5 n=8 small=1 history_expected=0 history_calls=0 history_bytes=0 history_success=0 history_fail=0 x_calls=4 x_bytes=1280 x_success=0 x_fail=4 kb_calls=0 kb_bytes=0 kb_success=0 kb_fail=0 total=4 injected=4 history_level=-1 x_level=1 kb_level=-1 shape_bad=0 x_each_worker_once=1
CASE_PASS m=5 n=8 sve16_entries=0 expected=0 old_entries=0 packed_entries=0 packed_expected=0
ALLOC_PASS m=5 n=9 small=1 history_expected=0 history_calls=0 history_bytes=0 history_success=0 history_fail=0 x_calls=4 x_bytes=1280 x_success=0 x_fail=4 kb_calls=0 kb_bytes=0 kb_success=0 kb_fail=0 total=4 injected=4 history_level=-1 x_level=1 kb_level=-1 shape_bad=0 x_each_worker_once=1
CASE_PASS m=5 n=9 sve16_entries=0 expected=0 old_entries=0 packed_entries=0 packed_expected=0
ALLOC_PASS m=5 n=17 small=1 history_expected=0 history_calls=0 history_bytes=0 history_success=0 history_fail=0 x_calls=4 x_bytes=1280 x_success=0 x_fail=4 kb_calls=0 kb_bytes=0 kb_success=0 kb_fail=0 total=4 injected=4 history_level=-1 x_level=1 kb_level=-1 shape_bad=0 x_each_worker_once=1
CASE_PASS m=5 n=17 sve16_entries=0 expected=0 old_entries=0 packed_entries=0 packed_expected=0
ALLOC_PASS m=15 n=1 small=1 history_expected=0 history_calls=0 history_bytes=0 history_success=0 history_fail=0 x_calls=4 x_bytes=3840 x_success=0 x_fail=4 kb_calls=0 kb_bytes=0 kb_success=0 kb_fail=0 total=4 injected=4 history_level=-1 x_level=1 kb_level=-1 shape_bad=0 x_each_worker_once=1
CASE_PASS m=15 n=1 sve16_entries=0 expected=0 old_entries=0 packed_entries=0 packed_expected=0
ALLOC_PASS m=15 n=7 small=1 history_expected=0 history_calls=0 history_bytes=0 history_success=0 history_fail=0 x_calls=4 x_bytes=3840 x_success=0 x_fail=4 kb_calls=0 kb_bytes=0 kb_success=0 kb_fail=0 total=4 injected=4 history_level=-1 x_level=1 kb_level=-1 shape_bad=0 x_each_worker_once=1
CASE_PASS m=15 n=7 sve16_entries=0 expected=0 old_entries=0 packed_entries=0 packed_expected=0
ALLOC_PASS m=15 n=8 small=1 history_expected=0 history_calls=0 history_bytes=0 history_success=0 history_fail=0 x_calls=4 x_bytes=3840 x_success=0 x_fail=4 kb_calls=0 kb_bytes=0 kb_success=0 kb_fail=0 total=4 injected=4 history_level=-1 x_level=1 kb_level=-1 shape_bad=0 x_each_worker_once=1
CASE_PASS m=15 n=8 sve16_entries=0 expected=0 old_entries=0 packed_entries=0 packed_expected=0
ALLOC_PASS m=15 n=9 small=1 history_expected=0 history_calls=0 history_bytes=0 history_success=0 history_fail=0 x_calls=4 x_bytes=3840 x_success=0 x_fail=4 kb_calls=0 kb_bytes=0 kb_success=0 kb_fail=0 total=4 injected=4 history_level=-1 x_level=1 kb_level=-1 shape_bad=0 x_each_worker_once=1
CASE_PASS m=15 n=9 sve16_entries=0 expected=0 old_entries=0 packed_entries=0 packed_expected=0
ALLOC_PASS m=15 n=17 small=1 history_expected=0 history_calls=0 history_bytes=0 history_success=0 history_fail=0 x_calls=4 x_bytes=3840 x_success=0 x_fail=4 kb_calls=0 kb_bytes=0 kb_success=0 kb_fail=0 total=4 injected=4 history_level=-1 x_level=1 kb_level=-1 shape_bad=0 x_each_worker_once=1
CASE_PASS m=15 n=17 sve16_entries=0 expected=0 old_entries=0 packed_entries=0 packed_expected=0
ALLOC_PASS m=16 n=1 small=1 history_expected=0 history_calls=0 history_bytes=0 history_success=0 history_fail=0 x_calls=4 x_bytes=4096 x_success=0 x_fail=4 kb_calls=0 kb_bytes=0 kb_success=0 kb_fail=0 total=4 injected=4 history_level=-1 x_level=1 kb_level=-1 shape_bad=0 x_each_worker_once=1
CASE_PASS m=16 n=1 sve16_entries=0 expected=0 old_entries=0 packed_entries=0 packed_expected=0
ALLOC_PASS m=16 n=7 small=1 history_expected=0 history_calls=0 history_bytes=0 history_success=0 history_fail=0 x_calls=4 x_bytes=4096 x_success=0 x_fail=4 kb_calls=0 kb_bytes=0 kb_success=0 kb_fail=0 total=4 injected=4 history_level=-1 x_level=1 kb_level=-1 shape_bad=0 x_each_worker_once=1
CASE_PASS m=16 n=7 sve16_entries=0 expected=0 old_entries=0 packed_entries=0 packed_expected=0
ALLOC_PASS m=16 n=8 small=1 history_expected=0 history_calls=0 history_bytes=0 history_success=0 history_fail=0 x_calls=4 x_bytes=4096 x_success=0 x_fail=4 kb_calls=0 kb_bytes=0 kb_success=0 kb_fail=0 total=4 injected=4 history_level=-1 x_level=1 kb_level=-1 shape_bad=0 x_each_worker_once=1
CASE_PASS m=16 n=8 sve16_entries=0 expected=0 old_entries=0 packed_entries=0 packed_expected=0
ALLOC_PASS m=16 n=9 small=1 history_expected=0 history_calls=0 history_bytes=0 history_success=0 history_fail=0 x_calls=4 x_bytes=4096 x_success=0 x_fail=4 kb_calls=0 kb_bytes=0 kb_success=0 kb_fail=0 total=4 injected=4 history_level=-1 x_level=1 kb_level=-1 shape_bad=0 x_each_worker_once=1
CASE_PASS m=16 n=9 sve16_entries=0 expected=0 old_entries=0 packed_entries=0 packed_expected=0
ALLOC_PASS m=16 n=17 small=1 history_expected=0 history_calls=0 history_bytes=0 history_success=0 history_fail=0 x_calls=4 x_bytes=4096 x_success=0 x_fail=4 kb_calls=0 kb_bytes=0 kb_success=0 kb_fail=0 total=4 injected=4 history_level=-1 x_level=1 kb_level=-1 shape_bad=0 x_each_worker_once=1
CASE_PASS m=16 n=17 sve16_entries=0 expected=0 old_entries=0 packed_entries=0 packed_expected=0
ALLOC_PASS m=17 n=1 small=1 history_expected=0 history_calls=0 history_bytes=0 history_success=0 history_fail=0 x_calls=4 x_bytes=4352 x_success=0 x_fail=4 kb_calls=0 kb_bytes=0 kb_success=0 kb_fail=0 total=4 injected=4 history_level=-1 x_level=1 kb_level=-1 shape_bad=0 x_each_worker_once=1
CASE_PASS m=17 n=1 sve16_entries=0 expected=0 old_entries=0 packed_entries=0 packed_expected=0
ALLOC_PASS m=17 n=7 small=1 history_expected=0 history_calls=0 history_bytes=0 history_success=0 history_fail=0 x_calls=4 x_bytes=4352 x_success=0 x_fail=4 kb_calls=0 kb_bytes=0 kb_success=0 kb_fail=0 total=4 injected=4 history_level=-1 x_level=1 kb_level=-1 shape_bad=0 x_each_worker_once=1
CASE_PASS m=17 n=7 sve16_entries=0 expected=0 old_entries=0 packed_entries=0 packed_expected=0
ALLOC_PASS m=17 n=8 small=1 history_expected=0 history_calls=0 history_bytes=0 history_success=0 history_fail=0 x_calls=4 x_bytes=4352 x_success=0 x_fail=4 kb_calls=0 kb_bytes=0 kb_success=0 kb_fail=0 total=4 injected=4 history_level=-1 x_level=1 kb_level=-1 shape_bad=0 x_each_worker_once=1
CASE_PASS m=17 n=8 sve16_entries=0 expected=0 old_entries=0 packed_entries=0 packed_expected=0
ALLOC_PASS m=17 n=9 small=1 history_expected=0 history_calls=0 history_bytes=0 history_success=0 history_fail=0 x_calls=4 x_bytes=4352 x_success=0 x_fail=4 kb_calls=0 kb_bytes=0 kb_success=0 kb_fail=0 total=4 injected=4 history_level=-1 x_level=1 kb_level=-1 shape_bad=0 x_each_worker_once=1
CASE_PASS m=17 n=9 sve16_entries=0 expected=0 old_entries=0 packed_entries=0 packed_expected=0
ALLOC_PASS m=17 n=17 small=1 history_expected=0 history_calls=0 history_bytes=0 history_success=0 history_fail=0 x_calls=4 x_bytes=4352 x_success=0 x_fail=4 kb_calls=0 kb_bytes=0 kb_success=0 kb_fail=0 total=4 injected=4 history_level=-1 x_level=1 kb_level=-1 shape_bad=0 x_each_worker_once=1
CASE_PASS m=17 n=17 sve16_entries=0 expected=0 old_entries=0 packed_entries=0 packed_expected=0
ALLOC_PASS m=31 n=1 small=1 history_expected=0 history_calls=0 history_bytes=0 history_success=0 history_fail=0 x_calls=4 x_bytes=7936 x_success=0 x_fail=4 kb_calls=0 kb_bytes=0 kb_success=0 kb_fail=0 total=4 injected=4 history_level=-1 x_level=1 kb_level=-1 shape_bad=0 x_each_worker_once=1
CASE_PASS m=31 n=1 sve16_entries=0 expected=0 old_entries=0 packed_entries=0 packed_expected=0
ALLOC_PASS m=31 n=7 small=1 history_expected=0 history_calls=0 history_bytes=0 history_success=0 history_fail=0 x_calls=4 x_bytes=7936 x_success=0 x_fail=4 kb_calls=0 kb_bytes=0 kb_success=0 kb_fail=0 total=4 injected=4 history_level=-1 x_level=1 kb_level=-1 shape_bad=0 x_each_worker_once=1
CASE_PASS m=31 n=7 sve16_entries=0 expected=0 old_entries=0 packed_entries=0 packed_expected=0
ALLOC_PASS m=31 n=8 small=1 history_expected=0 history_calls=0 history_bytes=0 history_success=0 history_fail=0 x_calls=4 x_bytes=7936 x_success=0 x_fail=4 kb_calls=0 kb_bytes=0 kb_success=0 kb_fail=0 total=4 injected=4 history_level=-1 x_level=1 kb_level=-1 shape_bad=0 x_each_worker_once=1
CASE_PASS m=31 n=8 sve16_entries=0 expected=0 old_entries=0 packed_entries=0 packed_expected=0
ALLOC_PASS m=31 n=9 small=1 history_expected=0 history_calls=0 history_bytes=0 history_success=0 history_fail=0 x_calls=4 x_bytes=7936 x_success=0 x_fail=4 kb_calls=0 kb_bytes=0 kb_success=0 kb_fail=0 total=4 injected=4 history_level=-1 x_level=1 kb_level=-1 shape_bad=0 x_each_worker_once=1
CASE_PASS m=31 n=9 sve16_entries=0 expected=0 old_entries=0 packed_entries=0 packed_expected=0
ALLOC_PASS m=31 n=17 small=1 history_expected=0 history_calls=0 history_bytes=0 history_success=0 history_fail=0 x_calls=4 x_bytes=7936 x_success=0 x_fail=4 kb_calls=0 kb_bytes=0 kb_success=0 kb_fail=0 total=4 injected=4 history_level=-1 x_level=1 kb_level=-1 shape_bad=0 x_each_worker_once=1
CASE_PASS m=31 n=17 sve16_entries=0 expected=0 old_entries=0 packed_entries=0 packed_expected=0
ALLOC_PASS m=32 n=1 small=1 history_expected=1 history_calls=1 history_bytes=2048 history_success=0 history_fail=1 x_calls=4 x_bytes=8192 x_success=0 x_fail=4 kb_calls=0 kb_bytes=0 kb_success=0 kb_fail=0 total=5 injected=5 history_level=0 x_level=1 kb_level=-1 shape_bad=0 x_each_worker_once=1
CASE_PASS m=32 n=1 sve16_entries=0 expected=0 old_entries=0 packed_entries=0 packed_expected=0
ALLOC_PASS m=32 n=7 small=1 history_expected=1 history_calls=1 history_bytes=2048 history_success=0 history_fail=1 x_calls=4 x_bytes=8192 x_success=0 x_fail=4 kb_calls=0 kb_bytes=0 kb_success=0 kb_fail=0 total=5 injected=5 history_level=0 x_level=1 kb_level=-1 shape_bad=0 x_each_worker_once=1
CASE_PASS m=32 n=7 sve16_entries=0 expected=0 old_entries=0 packed_entries=0 packed_expected=0
ALLOC_PASS m=32 n=8 small=1 history_expected=1 history_calls=1 history_bytes=2048 history_success=0 history_fail=1 x_calls=4 x_bytes=8192 x_success=0 x_fail=4 kb_calls=0 kb_bytes=0 kb_success=0 kb_fail=0 total=5 injected=5 history_level=0 x_level=1 kb_level=-1 shape_bad=0 x_each_worker_once=1
CASE_PASS m=32 n=8 sve16_entries=0 expected=0 old_entries=0 packed_entries=0 packed_expected=0
ALLOC_PASS m=32 n=9 small=1 history_expected=1 history_calls=1 history_bytes=2048 history_success=0 history_fail=1 x_calls=4 x_bytes=8192 x_success=0 x_fail=4 kb_calls=0 kb_bytes=0 kb_success=0 kb_fail=0 total=5 injected=5 history_level=0 x_level=1 kb_level=-1 shape_bad=0 x_each_worker_once=1
CASE_PASS m=32 n=9 sve16_entries=0 expected=0 old_entries=0 packed_entries=0 packed_expected=0
ALLOC_PASS m=32 n=17 small=1 history_expected=1 history_calls=1 history_bytes=2048 history_success=0 history_fail=1 x_calls=4 x_bytes=8192 x_success=0 x_fail=4 kb_calls=0 kb_bytes=0 kb_success=0 kb_fail=0 total=5 injected=5 history_level=0 x_level=1 kb_level=-1 shape_bad=0 x_each_worker_once=1
CASE_PASS m=32 n=17 sve16_entries=0 expected=0 old_entries=0 packed_entries=0 packed_expected=0
ALLOC_PASS m=33 n=1 small=1 history_expected=1 history_calls=1 history_bytes=2048 history_success=0 history_fail=1 x_calls=4 x_bytes=8448 x_success=0 x_fail=4 kb_calls=0 kb_bytes=0 kb_success=0 kb_fail=0 total=5 injected=5 history_level=0 x_level=1 kb_level=-1 shape_bad=0 x_each_worker_once=1
CASE_PASS m=33 n=1 sve16_entries=0 expected=0 old_entries=0 packed_entries=0 packed_expected=0
ALLOC_PASS m=33 n=7 small=1 history_expected=1 history_calls=1 history_bytes=2048 history_success=0 history_fail=1 x_calls=4 x_bytes=8448 x_success=0 x_fail=4 kb_calls=0 kb_bytes=0 kb_success=0 kb_fail=0 total=5 injected=5 history_level=0 x_level=1 kb_level=-1 shape_bad=0 x_each_worker_once=1
CASE_PASS m=33 n=7 sve16_entries=0 expected=0 old_entries=0 packed_entries=0 packed_expected=0
ALLOC_PASS m=33 n=8 small=1 history_expected=1 history_calls=1 history_bytes=2048 history_success=0 history_fail=1 x_calls=4 x_bytes=8448 x_success=0 x_fail=4 kb_calls=0 kb_bytes=0 kb_success=0 kb_fail=0 total=5 injected=5 history_level=0 x_level=1 kb_level=-1 shape_bad=0 x_each_worker_once=1
CASE_PASS m=33 n=8 sve16_entries=0 expected=0 old_entries=0 packed_entries=0 packed_expected=0
ALLOC_PASS m=33 n=9 small=1 history_expected=1 history_calls=1 history_bytes=2048 history_success=0 history_fail=1 x_calls=4 x_bytes=8448 x_success=0 x_fail=4 kb_calls=0 kb_bytes=0 kb_success=0 kb_fail=0 total=5 injected=5 history_level=0 x_level=1 kb_level=-1 shape_bad=0 x_each_worker_once=1
CASE_PASS m=33 n=9 sve16_entries=0 expected=0 old_entries=0 packed_entries=0 packed_expected=0
ALLOC_PASS m=33 n=17 small=1 history_expected=1 history_calls=1 history_bytes=2048 history_success=0 history_fail=1 x_calls=4 x_bytes=8448 x_success=0 x_fail=4 kb_calls=0 kb_bytes=0 kb_success=0 kb_fail=0 total=5 injected=5 history_level=0 x_level=1 kb_level=-1 shape_bad=0 x_each_worker_once=1
CASE_PASS m=33 n=17 sve16_entries=0 expected=0 old_entries=0 packed_entries=0 packed_expected=0
ALLOC_PASS m=63 n=1 small=1 history_expected=1 history_calls=1 history_bytes=6144 history_success=0 history_fail=1 x_calls=4 x_bytes=16128 x_success=0 x_fail=4 kb_calls=0 kb_bytes=0 kb_success=0 kb_fail=0 total=5 injected=5 history_level=0 x_level=1 kb_level=-1 shape_bad=0 x_each_worker_once=1
CASE_PASS m=63 n=1 sve16_entries=0 expected=0 old_entries=0 packed_entries=0 packed_expected=0
ALLOC_PASS m=63 n=7 small=1 history_expected=1 history_calls=1 history_bytes=6144 history_success=0 history_fail=1 x_calls=4 x_bytes=16128 x_success=0 x_fail=4 kb_calls=0 kb_bytes=0 kb_success=0 kb_fail=0 total=5 injected=5 history_level=0 x_level=1 kb_level=-1 shape_bad=0 x_each_worker_once=1
CASE_PASS m=63 n=7 sve16_entries=0 expected=0 old_entries=0 packed_entries=0 packed_expected=0
ALLOC_PASS m=63 n=8 small=1 history_expected=1 history_calls=1 history_bytes=6144 history_success=0 history_fail=1 x_calls=4 x_bytes=16128 x_success=0 x_fail=4 kb_calls=0 kb_bytes=0 kb_success=0 kb_fail=0 total=5 injected=5 history_level=0 x_level=1 kb_level=-1 shape_bad=0 x_each_worker_once=1
CASE_PASS m=63 n=8 sve16_entries=0 expected=0 old_entries=0 packed_entries=0 packed_expected=0
ALLOC_PASS m=63 n=9 small=1 history_expected=1 history_calls=1 history_bytes=6144 history_success=0 history_fail=1 x_calls=4 x_bytes=16128 x_success=0 x_fail=4 kb_calls=0 kb_bytes=0 kb_success=0 kb_fail=0 total=5 injected=5 history_level=0 x_level=1 kb_level=-1 shape_bad=0 x_each_worker_once=1
CASE_PASS m=63 n=9 sve16_entries=0 expected=0 old_entries=0 packed_entries=0 packed_expected=0
ALLOC_PASS m=63 n=17 small=1 history_expected=1 history_calls=1 history_bytes=6144 history_success=0 history_fail=1 x_calls=4 x_bytes=16128 x_success=0 x_fail=4 kb_calls=0 kb_bytes=0 kb_success=0 kb_fail=0 total=5 injected=5 history_level=0 x_level=1 kb_level=-1 shape_bad=0 x_each_worker_once=1
CASE_PASS m=63 n=17 sve16_entries=0 expected=0 old_entries=0 packed_entries=0 packed_expected=0
ALLOC_PASS m=64 n=1 small=1 history_expected=1 history_calls=1 history_bytes=12288 history_success=0 history_fail=1 x_calls=4 x_bytes=16384 x_success=0 x_fail=4 kb_calls=0 kb_bytes=0 kb_success=0 kb_fail=0 total=5 injected=5 history_level=0 x_level=1 kb_level=-1 shape_bad=0 x_each_worker_once=1
CASE_PASS m=64 n=1 sve16_entries=0 expected=0 old_entries=0 packed_entries=0 packed_expected=0
ALLOC_PASS m=64 n=7 small=1 history_expected=1 history_calls=1 history_bytes=12288 history_success=0 history_fail=1 x_calls=4 x_bytes=16384 x_success=0 x_fail=4 kb_calls=0 kb_bytes=0 kb_success=0 kb_fail=0 total=5 injected=5 history_level=0 x_level=1 kb_level=-1 shape_bad=0 x_each_worker_once=1
CASE_PASS m=64 n=7 sve16_entries=0 expected=0 old_entries=0 packed_entries=0 packed_expected=0
ALLOC_PASS m=64 n=8 small=1 history_expected=1 history_calls=1 history_bytes=12288 history_success=0 history_fail=1 x_calls=4 x_bytes=16384 x_success=0 x_fail=4 kb_calls=0 kb_bytes=0 kb_success=0 kb_fail=0 total=5 injected=5 history_level=0 x_level=1 kb_level=-1 shape_bad=0 x_each_worker_once=1
CASE_PASS m=64 n=8 sve16_entries=0 expected=0 old_entries=0 packed_entries=0 packed_expected=0
ALLOC_PASS m=64 n=9 small=1 history_expected=1 history_calls=1 history_bytes=12288 history_success=0 history_fail=1 x_calls=4 x_bytes=16384 x_success=0 x_fail=4 kb_calls=0 kb_bytes=0 kb_success=0 kb_fail=0 total=5 injected=5 history_level=0 x_level=1 kb_level=-1 shape_bad=0 x_each_worker_once=1
CASE_PASS m=64 n=9 sve16_entries=0 expected=0 old_entries=0 packed_entries=0 packed_expected=0
ALLOC_PASS m=64 n=17 small=1 history_expected=1 history_calls=1 history_bytes=12288 history_success=0 history_fail=1 x_calls=4 x_bytes=16384 x_success=0 x_fail=4 kb_calls=0 kb_bytes=0 kb_success=0 kb_fail=0 total=5 injected=5 history_level=0 x_level=1 kb_level=-1 shape_bad=0 x_each_worker_once=1
CASE_PASS m=64 n=17 sve16_entries=0 expected=0 old_entries=0 packed_entries=0 packed_expected=0
ALLOC_PASS m=65 n=1 small=1 history_expected=1 history_calls=1 history_bytes=12288 history_success=0 history_fail=1 x_calls=4 x_bytes=16640 x_success=0 x_fail=4 kb_calls=0 kb_bytes=0 kb_success=0 kb_fail=0 total=5 injected=5 history_level=0 x_level=1 kb_level=-1 shape_bad=0 x_each_worker_once=1
CASE_PASS m=65 n=1 sve16_entries=0 expected=0 old_entries=0 packed_entries=0 packed_expected=0
ALLOC_PASS m=65 n=7 small=1 history_expected=1 history_calls=1 history_bytes=12288 history_success=0 history_fail=1 x_calls=4 x_bytes=16640 x_success=0 x_fail=4 kb_calls=0 kb_bytes=0 kb_success=0 kb_fail=0 total=5 injected=5 history_level=0 x_level=1 kb_level=-1 shape_bad=0 x_each_worker_once=1
CASE_PASS m=65 n=7 sve16_entries=0 expected=0 old_entries=0 packed_entries=0 packed_expected=0
ALLOC_PASS m=65 n=8 small=1 history_expected=1 history_calls=1 history_bytes=12288 history_success=0 history_fail=1 x_calls=4 x_bytes=16640 x_success=0 x_fail=4 kb_calls=0 kb_bytes=0 kb_success=0 kb_fail=0 total=5 injected=5 history_level=0 x_level=1 kb_level=-1 shape_bad=0 x_each_worker_once=1
CASE_PASS m=65 n=8 sve16_entries=0 expected=0 old_entries=0 packed_entries=0 packed_expected=0
ALLOC_PASS m=65 n=9 small=1 history_expected=1 history_calls=1 history_bytes=12288 history_success=0 history_fail=1 x_calls=4 x_bytes=16640 x_success=0 x_fail=4 kb_calls=0 kb_bytes=0 kb_success=0 kb_fail=0 total=5 injected=5 history_level=0 x_level=1 kb_level=-1 shape_bad=0 x_each_worker_once=1
CASE_PASS m=65 n=9 sve16_entries=0 expected=0 old_entries=0 packed_entries=0 packed_expected=0
ALLOC_PASS m=65 n=17 small=1 history_expected=1 history_calls=1 history_bytes=12288 history_success=0 history_fail=1 x_calls=4 x_bytes=16640 x_success=0 x_fail=4 kb_calls=0 kb_bytes=0 kb_success=0 kb_fail=0 total=5 injected=5 history_level=0 x_level=1 kb_level=-1 shape_bad=0 x_each_worker_once=1
CASE_PASS m=65 n=17 sve16_entries=0 expected=0 old_entries=0 packed_entries=0 packed_expected=0
ALLOC_PASS m=255 n=1 small=1 history_expected=1 history_calls=1 history_bytes=215040 history_success=0 history_fail=1 x_calls=4 x_bytes=65280 x_success=0 x_fail=4 kb_calls=0 kb_bytes=0 kb_success=0 kb_fail=0 total=5 injected=5 history_level=0 x_level=1 kb_level=-1 shape_bad=0 x_each_worker_once=1
CASE_PASS m=255 n=1 sve16_entries=0 expected=0 old_entries=0 packed_entries=0 packed_expected=0
ALLOC_PASS m=255 n=7 small=1 history_expected=1 history_calls=1 history_bytes=215040 history_success=0 history_fail=1 x_calls=4 x_bytes=65280 x_success=0 x_fail=4 kb_calls=0 kb_bytes=0 kb_success=0 kb_fail=0 total=5 injected=5 history_level=0 x_level=1 kb_level=-1 shape_bad=0 x_each_worker_once=1
CASE_PASS m=255 n=7 sve16_entries=0 expected=0 old_entries=0 packed_entries=0 packed_expected=0
ALLOC_PASS m=255 n=8 small=1 history_expected=1 history_calls=1 history_bytes=215040 history_success=0 history_fail=1 x_calls=4 x_bytes=65280 x_success=0 x_fail=4 kb_calls=0 kb_bytes=0 kb_success=0 kb_fail=0 total=5 injected=5 history_level=0 x_level=1 kb_level=-1 shape_bad=0 x_each_worker_once=1
CASE_PASS m=255 n=8 sve16_entries=0 expected=0 old_entries=0 packed_entries=0 packed_expected=0
ALLOC_PASS m=255 n=9 small=1 history_expected=1 history_calls=1 history_bytes=215040 history_success=0 history_fail=1 x_calls=4 x_bytes=65280 x_success=0 x_fail=4 kb_calls=0 kb_bytes=0 kb_success=0 kb_fail=0 total=5 injected=5 history_level=0 x_level=1 kb_level=-1 shape_bad=0 x_each_worker_once=1
CASE_PASS m=255 n=9 sve16_entries=0 expected=0 old_entries=0 packed_entries=0 packed_expected=0
ALLOC_PASS m=255 n=17 small=1 history_expected=1 history_calls=1 history_bytes=215040 history_success=0 history_fail=1 x_calls=4 x_bytes=65280 x_success=0 x_fail=4 kb_calls=0 kb_bytes=0 kb_success=0 kb_fail=0 total=5 injected=5 history_level=0 x_level=1 kb_level=-1 shape_bad=0 x_each_worker_once=1
CASE_PASS m=255 n=17 sve16_entries=0 expected=0 old_entries=0 packed_entries=0 packed_expected=0
ALLOC_PASS m=256 n=1 small=1 history_expected=1 history_calls=1 history_bytes=245760 history_success=0 history_fail=1 x_calls=4 x_bytes=65536 x_success=0 x_fail=4 kb_calls=0 kb_bytes=0 kb_success=0 kb_fail=0 total=5 injected=5 history_level=0 x_level=1 kb_level=-1 shape_bad=0 x_each_worker_once=1
CASE_PASS m=256 n=1 sve16_entries=0 expected=0 old_entries=0 packed_entries=0 packed_expected=0
ALLOC_PASS m=256 n=7 small=1 history_expected=1 history_calls=1 history_bytes=245760 history_success=0 history_fail=1 x_calls=4 x_bytes=65536 x_success=0 x_fail=4 kb_calls=0 kb_bytes=0 kb_success=0 kb_fail=0 total=5 injected=5 history_level=0 x_level=1 kb_level=-1 shape_bad=0 x_each_worker_once=1
CASE_PASS m=256 n=7 sve16_entries=0 expected=0 old_entries=0 packed_entries=0 packed_expected=0
ALLOC_PASS m=256 n=8 small=1 history_expected=1 history_calls=1 history_bytes=245760 history_success=0 history_fail=1 x_calls=4 x_bytes=65536 x_success=0 x_fail=4 kb_calls=0 kb_bytes=0 kb_success=0 kb_fail=0 total=5 injected=5 history_level=0 x_level=1 kb_level=-1 shape_bad=0 x_each_worker_once=1
CASE_PASS m=256 n=8 sve16_entries=0 expected=0 old_entries=0 packed_entries=0 packed_expected=0
ALLOC_PASS m=256 n=9 small=1 history_expected=1 history_calls=1 history_bytes=245760 history_success=0 history_fail=1 x_calls=4 x_bytes=65536 x_success=0 x_fail=4 kb_calls=0 kb_bytes=0 kb_success=0 kb_fail=0 total=5 injected=5 history_level=0 x_level=1 kb_level=-1 shape_bad=0 x_each_worker_once=1
CASE_PASS m=256 n=9 sve16_entries=0 expected=0 old_entries=0 packed_entries=0 packed_expected=0
ALLOC_PASS m=256 n=17 small=1 history_expected=1 history_calls=1 history_bytes=245760 history_success=0 history_fail=1 x_calls=4 x_bytes=65536 x_success=0 x_fail=4 kb_calls=0 kb_bytes=0 kb_success=0 kb_fail=0 total=5 injected=5 history_level=0 x_level=1 kb_level=-1 shape_bad=0 x_each_worker_once=1
CASE_PASS m=256 n=17 sve16_entries=0 expected=0 old_entries=0 packed_entries=0 packed_expected=0
ALLOC_PASS m=257 n=1 small=1 history_expected=1 history_calls=1 history_bytes=245760 history_success=0 history_fail=1 x_calls=4 x_bytes=65792 x_success=0 x_fail=4 kb_calls=0 kb_bytes=0 kb_success=0 kb_fail=0 total=5 injected=5 history_level=0 x_level=1 kb_level=-1 shape_bad=0 x_each_worker_once=1
CASE_PASS m=257 n=1 sve16_entries=0 expected=0 old_entries=0 packed_entries=0 packed_expected=0
ALLOC_PASS m=257 n=7 small=1 history_expected=1 history_calls=1 history_bytes=245760 history_success=0 history_fail=1 x_calls=4 x_bytes=65792 x_success=0 x_fail=4 kb_calls=0 kb_bytes=0 kb_success=0 kb_fail=0 total=5 injected=5 history_level=0 x_level=1 kb_level=-1 shape_bad=0 x_each_worker_once=1
CASE_PASS m=257 n=7 sve16_entries=0 expected=0 old_entries=0 packed_entries=0 packed_expected=0
ALLOC_PASS m=257 n=8 small=1 history_expected=1 history_calls=1 history_bytes=245760 history_success=0 history_fail=1 x_calls=4 x_bytes=65792 x_success=0 x_fail=4 kb_calls=0 kb_bytes=0 kb_success=0 kb_fail=0 total=5 injected=5 history_level=0 x_level=1 kb_level=-1 shape_bad=0 x_each_worker_once=1
CASE_PASS m=257 n=8 sve16_entries=0 expected=0 old_entries=0 packed_entries=0 packed_expected=0
ALLOC_PASS m=257 n=9 small=1 history_expected=1 history_calls=1 history_bytes=245760 history_success=0 history_fail=1 x_calls=4 x_bytes=65792 x_success=0 x_fail=4 kb_calls=0 kb_bytes=0 kb_success=0 kb_fail=0 total=5 injected=5 history_level=0 x_level=1 kb_level=-1 shape_bad=0 x_each_worker_once=1
CASE_PASS m=257 n=9 sve16_entries=0 expected=0 old_entries=0 packed_entries=0 packed_expected=0
ALLOC_PASS m=257 n=17 small=1 history_expected=1 history_calls=1 history_bytes=245760 history_success=0 history_fail=1 x_calls=4 x_bytes=65792 x_success=0 x_fail=4 kb_calls=0 kb_bytes=0 kb_success=0 kb_fail=0 total=5 injected=5 history_level=0 x_level=1 kb_level=-1 shape_bad=0 x_each_worker_once=1
CASE_PASS m=257 n=17 sve16_entries=0 expected=0 old_entries=0 packed_entries=0 packed_expected=0
ALLOCATION_SUMMARY_PASS cases=80 budget_cases=0 shared_injection_cases=0
PASS whole_cases=80 noop_cases=4 non_dyadic_long_double_RHS=1 padding_L_unchanged=1 max_error=1.1102230246251565e-16
SOURCE_FEATURES_PASS panel16=1 packedL16=1 has_budget=0 history_budget_bytes=0
MODE=full THREADS=4 NARROW_VL=1 EXPECT_SVE16=0 EXPECT_PACKEDL16=0
ALLOC_PASS m=1 n=1 small=1 history_expected=0 history_calls=0 history_bytes=0 history_success=0 history_fail=0 x_calls=4 x_bytes=256 x_success=4 x_fail=0 kb_calls=0 kb_bytes=0 kb_success=0 kb_fail=0 total=4 injected=0 history_level=-1 x_level=1 kb_level=-1 shape_bad=0 x_each_worker_once=1
CASE_PASS m=1 n=1 sve16_entries=0 expected=0 old_entries=0 packed_entries=0 packed_expected=0
ALLOC_PASS m=1 n=7 small=1 history_expected=0 history_calls=0 history_bytes=0 history_success=0 history_fail=0 x_calls=4 x_bytes=256 x_success=4 x_fail=0 kb_calls=0 kb_bytes=0 kb_success=0 kb_fail=0 total=4 injected=0 history_level=-1 x_level=1 kb_level=-1 shape_bad=0 x_each_worker_once=1
CASE_PASS m=1 n=7 sve16_entries=0 expected=0 old_entries=0 packed_entries=0 packed_expected=0
ALLOC_PASS m=1 n=8 small=1 history_expected=0 history_calls=0 history_bytes=0 history_success=0 history_fail=0 x_calls=4 x_bytes=256 x_success=4 x_fail=0 kb_calls=0 kb_bytes=0 kb_success=0 kb_fail=0 total=4 injected=0 history_level=-1 x_level=1 kb_level=-1 shape_bad=0 x_each_worker_once=1
CASE_PASS m=1 n=8 sve16_entries=0 expected=0 old_entries=0 packed_entries=0 packed_expected=0
ALLOC_PASS m=1 n=9 small=1 history_expected=0 history_calls=0 history_bytes=0 history_success=0 history_fail=0 x_calls=4 x_bytes=256 x_success=4 x_fail=0 kb_calls=0 kb_bytes=0 kb_success=0 kb_fail=0 total=4 injected=0 history_level=-1 x_level=1 kb_level=-1 shape_bad=0 x_each_worker_once=1
CASE_PASS m=1 n=9 sve16_entries=0 expected=0 old_entries=0 packed_entries=0 packed_expected=0
ALLOC_PASS m=1 n=17 small=1 history_expected=0 history_calls=0 history_bytes=0 history_success=0 history_fail=0 x_calls=4 x_bytes=256 x_success=4 x_fail=0 kb_calls=0 kb_bytes=0 kb_success=0 kb_fail=0 total=4 injected=0 history_level=-1 x_level=1 kb_level=-1 shape_bad=0 x_each_worker_once=1
CASE_PASS m=1 n=17 sve16_entries=0 expected=0 old_entries=0 packed_entries=0 packed_expected=0
ALLOC_PASS m=3 n=1 small=1 history_expected=0 history_calls=0 history_bytes=0 history_success=0 history_fail=0 x_calls=4 x_bytes=768 x_success=4 x_fail=0 kb_calls=0 kb_bytes=0 kb_success=0 kb_fail=0 total=4 injected=0 history_level=-1 x_level=1 kb_level=-1 shape_bad=0 x_each_worker_once=1
CASE_PASS m=3 n=1 sve16_entries=0 expected=0 old_entries=0 packed_entries=0 packed_expected=0
ALLOC_PASS m=3 n=7 small=1 history_expected=0 history_calls=0 history_bytes=0 history_success=0 history_fail=0 x_calls=4 x_bytes=768 x_success=4 x_fail=0 kb_calls=0 kb_bytes=0 kb_success=0 kb_fail=0 total=4 injected=0 history_level=-1 x_level=1 kb_level=-1 shape_bad=0 x_each_worker_once=1
CASE_PASS m=3 n=7 sve16_entries=0 expected=0 old_entries=0 packed_entries=0 packed_expected=0
ALLOC_PASS m=3 n=8 small=1 history_expected=0 history_calls=0 history_bytes=0 history_success=0 history_fail=0 x_calls=4 x_bytes=768 x_success=4 x_fail=0 kb_calls=0 kb_bytes=0 kb_success=0 kb_fail=0 total=4 injected=0 history_level=-1 x_level=1 kb_level=-1 shape_bad=0 x_each_worker_once=1
CASE_PASS m=3 n=8 sve16_entries=0 expected=0 old_entries=0 packed_entries=0 packed_expected=0
ALLOC_PASS m=3 n=9 small=1 history_expected=0 history_calls=0 history_bytes=0 history_success=0 history_fail=0 x_calls=4 x_bytes=768 x_success=4 x_fail=0 kb_calls=0 kb_bytes=0 kb_success=0 kb_fail=0 total=4 injected=0 history_level=-1 x_level=1 kb_level=-1 shape_bad=0 x_each_worker_once=1
CASE_PASS m=3 n=9 sve16_entries=0 expected=0 old_entries=0 packed_entries=0 packed_expected=0
ALLOC_PASS m=3 n=17 small=1 history_expected=0 history_calls=0 history_bytes=0 history_success=0 history_fail=0 x_calls=4 x_bytes=768 x_success=4 x_fail=0 kb_calls=0 kb_bytes=0 kb_success=0 kb_fail=0 total=4 injected=0 history_level=-1 x_level=1 kb_level=-1 shape_bad=0 x_each_worker_once=1
CASE_PASS m=3 n=17 sve16_entries=0 expected=0 old_entries=0 packed_entries=0 packed_expected=0
ALLOC_PASS m=4 n=1 small=1 history_expected=0 history_calls=0 history_bytes=0 history_success=0 history_fail=0 x_calls=4 x_bytes=1024 x_success=4 x_fail=0 kb_calls=0 kb_bytes=0 kb_success=0 kb_fail=0 total=4 injected=0 history_level=-1 x_level=1 kb_level=-1 shape_bad=0 x_each_worker_once=1
CASE_PASS m=4 n=1 sve16_entries=0 expected=0 old_entries=0 packed_entries=0 packed_expected=0
ALLOC_PASS m=4 n=7 small=1 history_expected=0 history_calls=0 history_bytes=0 history_success=0 history_fail=0 x_calls=4 x_bytes=1024 x_success=4 x_fail=0 kb_calls=0 kb_bytes=0 kb_success=0 kb_fail=0 total=4 injected=0 history_level=-1 x_level=1 kb_level=-1 shape_bad=0 x_each_worker_once=1
CASE_PASS m=4 n=7 sve16_entries=0 expected=0 old_entries=0 packed_entries=0 packed_expected=0
ALLOC_PASS m=4 n=8 small=1 history_expected=0 history_calls=0 history_bytes=0 history_success=0 history_fail=0 x_calls=4 x_bytes=1024 x_success=4 x_fail=0 kb_calls=0 kb_bytes=0 kb_success=0 kb_fail=0 total=4 injected=0 history_level=-1 x_level=1 kb_level=-1 shape_bad=0 x_each_worker_once=1
CASE_PASS m=4 n=8 sve16_entries=0 expected=0 old_entries=0 packed_entries=0 packed_expected=0
ALLOC_PASS m=4 n=9 small=1 history_expected=0 history_calls=0 history_bytes=0 history_success=0 history_fail=0 x_calls=4 x_bytes=1024 x_success=4 x_fail=0 kb_calls=0 kb_bytes=0 kb_success=0 kb_fail=0 total=4 injected=0 history_level=-1 x_level=1 kb_level=-1 shape_bad=0 x_each_worker_once=1
CASE_PASS m=4 n=9 sve16_entries=0 expected=0 old_entries=0 packed_entries=0 packed_expected=0
ALLOC_PASS m=4 n=17 small=1 history_expected=0 history_calls=0 history_bytes=0 history_success=0 history_fail=0 x_calls=4 x_bytes=1024 x_success=4 x_fail=0 kb_calls=0 kb_bytes=0 kb_success=0 kb_fail=0 total=4 injected=0 history_level=-1 x_level=1 kb_level=-1 shape_bad=0 x_each_worker_once=1
CASE_PASS m=4 n=17 sve16_entries=0 expected=0 old_entries=0 packed_entries=0 packed_expected=0
ALLOC_PASS m=5 n=1 small=1 history_expected=0 history_calls=0 history_bytes=0 history_success=0 history_fail=0 x_calls=4 x_bytes=1280 x_success=4 x_fail=0 kb_calls=0 kb_bytes=0 kb_success=0 kb_fail=0 total=4 injected=0 history_level=-1 x_level=1 kb_level=-1 shape_bad=0 x_each_worker_once=1
CASE_PASS m=5 n=1 sve16_entries=0 expected=0 old_entries=0 packed_entries=0 packed_expected=0
ALLOC_PASS m=5 n=7 small=1 history_expected=0 history_calls=0 history_bytes=0 history_success=0 history_fail=0 x_calls=4 x_bytes=1280 x_success=4 x_fail=0 kb_calls=0 kb_bytes=0 kb_success=0 kb_fail=0 total=4 injected=0 history_level=-1 x_level=1 kb_level=-1 shape_bad=0 x_each_worker_once=1
CASE_PASS m=5 n=7 sve16_entries=0 expected=0 old_entries=0 packed_entries=0 packed_expected=0
ALLOC_PASS m=5 n=8 small=1 history_expected=0 history_calls=0 history_bytes=0 history_success=0 history_fail=0 x_calls=4 x_bytes=1280 x_success=4 x_fail=0 kb_calls=0 kb_bytes=0 kb_success=0 kb_fail=0 total=4 injected=0 history_level=-1 x_level=1 kb_level=-1 shape_bad=0 x_each_worker_once=1
CASE_PASS m=5 n=8 sve16_entries=0 expected=0 old_entries=0 packed_entries=0 packed_expected=0
ALLOC_PASS m=5 n=9 small=1 history_expected=0 history_calls=0 history_bytes=0 history_success=0 history_fail=0 x_calls=4 x_bytes=1280 x_success=4 x_fail=0 kb_calls=0 kb_bytes=0 kb_success=0 kb_fail=0 total=4 injected=0 history_level=-1 x_level=1 kb_level=-1 shape_bad=0 x_each_worker_once=1
CASE_PASS m=5 n=9 sve16_entries=0 expected=0 old_entries=0 packed_entries=0 packed_expected=0
ALLOC_PASS m=5 n=17 small=1 history_expected=0 history_calls=0 history_bytes=0 history_success=0 history_fail=0 x_calls=4 x_bytes=1280 x_success=4 x_fail=0 kb_calls=0 kb_bytes=0 kb_success=0 kb_fail=0 total=4 injected=0 history_level=-1 x_level=1 kb_level=-1 shape_bad=0 x_each_worker_once=1
CASE_PASS m=5 n=17 sve16_entries=0 expected=0 old_entries=0 packed_entries=0 packed_expected=0
ALLOC_PASS m=15 n=1 small=1 history_expected=0 history_calls=0 history_bytes=0 history_success=0 history_fail=0 x_calls=4 x_bytes=3840 x_success=4 x_fail=0 kb_calls=0 kb_bytes=0 kb_success=0 kb_fail=0 total=4 injected=0 history_level=-1 x_level=1 kb_level=-1 shape_bad=0 x_each_worker_once=1
CASE_PASS m=15 n=1 sve16_entries=0 expected=0 old_entries=0 packed_entries=0 packed_expected=0
ALLOC_PASS m=15 n=7 small=1 history_expected=0 history_calls=0 history_bytes=0 history_success=0 history_fail=0 x_calls=4 x_bytes=3840 x_success=4 x_fail=0 kb_calls=0 kb_bytes=0 kb_success=0 kb_fail=0 total=4 injected=0 history_level=-1 x_level=1 kb_level=-1 shape_bad=0 x_each_worker_once=1
CASE_PASS m=15 n=7 sve16_entries=0 expected=0 old_entries=0 packed_entries=0 packed_expected=0
ALLOC_PASS m=15 n=8 small=1 history_expected=0 history_calls=0 history_bytes=0 history_success=0 history_fail=0 x_calls=4 x_bytes=3840 x_success=4 x_fail=0 kb_calls=0 kb_bytes=0 kb_success=0 kb_fail=0 total=4 injected=0 history_level=-1 x_level=1 kb_level=-1 shape_bad=0 x_each_worker_once=1
CASE_PASS m=15 n=8 sve16_entries=0 expected=0 old_entries=0 packed_entries=0 packed_expected=0
ALLOC_PASS m=15 n=9 small=1 history_expected=0 history_calls=0 history_bytes=0 history_success=0 history_fail=0 x_calls=4 x_bytes=3840 x_success=4 x_fail=0 kb_calls=0 kb_bytes=0 kb_success=0 kb_fail=0 total=4 injected=0 history_level=-1 x_level=1 kb_level=-1 shape_bad=0 x_each_worker_once=1
CASE_PASS m=15 n=9 sve16_entries=0 expected=0 old_entries=0 packed_entries=0 packed_expected=0
ALLOC_PASS m=15 n=17 small=1 history_expected=0 history_calls=0 history_bytes=0 history_success=0 history_fail=0 x_calls=4 x_bytes=3840 x_success=4 x_fail=0 kb_calls=0 kb_bytes=0 kb_success=0 kb_fail=0 total=4 injected=0 history_level=-1 x_level=1 kb_level=-1 shape_bad=0 x_each_worker_once=1
CASE_PASS m=15 n=17 sve16_entries=0 expected=0 old_entries=0 packed_entries=0 packed_expected=0
ALLOC_PASS m=16 n=1 small=1 history_expected=0 history_calls=0 history_bytes=0 history_success=0 history_fail=0 x_calls=4 x_bytes=4096 x_success=4 x_fail=0 kb_calls=0 kb_bytes=0 kb_success=0 kb_fail=0 total=4 injected=0 history_level=-1 x_level=1 kb_level=-1 shape_bad=0 x_each_worker_once=1
CASE_PASS m=16 n=1 sve16_entries=0 expected=0 old_entries=0 packed_entries=0 packed_expected=0
ALLOC_PASS m=16 n=7 small=1 history_expected=0 history_calls=0 history_bytes=0 history_success=0 history_fail=0 x_calls=4 x_bytes=4096 x_success=4 x_fail=0 kb_calls=0 kb_bytes=0 kb_success=0 kb_fail=0 total=4 injected=0 history_level=-1 x_level=1 kb_level=-1 shape_bad=0 x_each_worker_once=1
CASE_PASS m=16 n=7 sve16_entries=0 expected=0 old_entries=0 packed_entries=0 packed_expected=0
ALLOC_PASS m=16 n=8 small=1 history_expected=0 history_calls=0 history_bytes=0 history_success=0 history_fail=0 x_calls=4 x_bytes=4096 x_success=4 x_fail=0 kb_calls=0 kb_bytes=0 kb_success=0 kb_fail=0 total=4 injected=0 history_level=-1 x_level=1 kb_level=-1 shape_bad=0 x_each_worker_once=1
CASE_PASS m=16 n=8 sve16_entries=0 expected=0 old_entries=0 packed_entries=0 packed_expected=0
ALLOC_PASS m=16 n=9 small=1 history_expected=0 history_calls=0 history_bytes=0 history_success=0 history_fail=0 x_calls=4 x_bytes=4096 x_success=4 x_fail=0 kb_calls=0 kb_bytes=0 kb_success=0 kb_fail=0 total=4 injected=0 history_level=-1 x_level=1 kb_level=-1 shape_bad=0 x_each_worker_once=1
CASE_PASS m=16 n=9 sve16_entries=0 expected=0 old_entries=0 packed_entries=0 packed_expected=0
ALLOC_PASS m=16 n=17 small=1 history_expected=0 history_calls=0 history_bytes=0 history_success=0 history_fail=0 x_calls=4 x_bytes=4096 x_success=4 x_fail=0 kb_calls=0 kb_bytes=0 kb_success=0 kb_fail=0 total=4 injected=0 history_level=-1 x_level=1 kb_level=-1 shape_bad=0 x_each_worker_once=1
CASE_PASS m=16 n=17 sve16_entries=0 expected=0 old_entries=0 packed_entries=0 packed_expected=0
ALLOC_PASS m=17 n=1 small=1 history_expected=0 history_calls=0 history_bytes=0 history_success=0 history_fail=0 x_calls=4 x_bytes=4352 x_success=4 x_fail=0 kb_calls=0 kb_bytes=0 kb_success=0 kb_fail=0 total=4 injected=0 history_level=-1 x_level=1 kb_level=-1 shape_bad=0 x_each_worker_once=1
CASE_PASS m=17 n=1 sve16_entries=0 expected=0 old_entries=0 packed_entries=0 packed_expected=0
ALLOC_PASS m=17 n=7 small=1 history_expected=0 history_calls=0 history_bytes=0 history_success=0 history_fail=0 x_calls=4 x_bytes=4352 x_success=4 x_fail=0 kb_calls=0 kb_bytes=0 kb_success=0 kb_fail=0 total=4 injected=0 history_level=-1 x_level=1 kb_level=-1 shape_bad=0 x_each_worker_once=1
CASE_PASS m=17 n=7 sve16_entries=0 expected=0 old_entries=0 packed_entries=0 packed_expected=0
ALLOC_PASS m=17 n=8 small=1 history_expected=0 history_calls=0 history_bytes=0 history_success=0 history_fail=0 x_calls=4 x_bytes=4352 x_success=4 x_fail=0 kb_calls=0 kb_bytes=0 kb_success=0 kb_fail=0 total=4 injected=0 history_level=-1 x_level=1 kb_level=-1 shape_bad=0 x_each_worker_once=1
CASE_PASS m=17 n=8 sve16_entries=0 expected=0 old_entries=0 packed_entries=0 packed_expected=0
ALLOC_PASS m=17 n=9 small=1 history_expected=0 history_calls=0 history_bytes=0 history_success=0 history_fail=0 x_calls=4 x_bytes=4352 x_success=4 x_fail=0 kb_calls=0 kb_bytes=0 kb_success=0 kb_fail=0 total=4 injected=0 history_level=-1 x_level=1 kb_level=-1 shape_bad=0 x_each_worker_once=1
CASE_PASS m=17 n=9 sve16_entries=0 expected=0 old_entries=0 packed_entries=0 packed_expected=0
ALLOC_PASS m=17 n=17 small=1 history_expected=0 history_calls=0 history_bytes=0 history_success=0 history_fail=0 x_calls=4 x_bytes=4352 x_success=4 x_fail=0 kb_calls=0 kb_bytes=0 kb_success=0 kb_fail=0 total=4 injected=0 history_level=-1 x_level=1 kb_level=-1 shape_bad=0 x_each_worker_once=1
CASE_PASS m=17 n=17 sve16_entries=0 expected=0 old_entries=0 packed_entries=0 packed_expected=0
ALLOC_PASS m=31 n=1 small=1 history_expected=0 history_calls=0 history_bytes=0 history_success=0 history_fail=0 x_calls=4 x_bytes=7936 x_success=4 x_fail=0 kb_calls=0 kb_bytes=0 kb_success=0 kb_fail=0 total=4 injected=0 history_level=-1 x_level=1 kb_level=-1 shape_bad=0 x_each_worker_once=1
CASE_PASS m=31 n=1 sve16_entries=0 expected=0 old_entries=0 packed_entries=0 packed_expected=0
ALLOC_PASS m=31 n=7 small=1 history_expected=0 history_calls=0 history_bytes=0 history_success=0 history_fail=0 x_calls=4 x_bytes=7936 x_success=4 x_fail=0 kb_calls=0 kb_bytes=0 kb_success=0 kb_fail=0 total=4 injected=0 history_level=-1 x_level=1 kb_level=-1 shape_bad=0 x_each_worker_once=1
CASE_PASS m=31 n=7 sve16_entries=0 expected=0 old_entries=0 packed_entries=0 packed_expected=0
ALLOC_PASS m=31 n=8 small=1 history_expected=0 history_calls=0 history_bytes=0 history_success=0 history_fail=0 x_calls=4 x_bytes=7936 x_success=4 x_fail=0 kb_calls=0 kb_bytes=0 kb_success=0 kb_fail=0 total=4 injected=0 history_level=-1 x_level=1 kb_level=-1 shape_bad=0 x_each_worker_once=1
CASE_PASS m=31 n=8 sve16_entries=0 expected=0 old_entries=0 packed_entries=0 packed_expected=0
ALLOC_PASS m=31 n=9 small=1 history_expected=0 history_calls=0 history_bytes=0 history_success=0 history_fail=0 x_calls=4 x_bytes=7936 x_success=4 x_fail=0 kb_calls=0 kb_bytes=0 kb_success=0 kb_fail=0 total=4 injected=0 history_level=-1 x_level=1 kb_level=-1 shape_bad=0 x_each_worker_once=1
CASE_PASS m=31 n=9 sve16_entries=0 expected=0 old_entries=0 packed_entries=0 packed_expected=0
ALLOC_PASS m=31 n=17 small=1 history_expected=0 history_calls=0 history_bytes=0 history_success=0 history_fail=0 x_calls=4 x_bytes=7936 x_success=4 x_fail=0 kb_calls=0 kb_bytes=0 kb_success=0 kb_fail=0 total=4 injected=0 history_level=-1 x_level=1 kb_level=-1 shape_bad=0 x_each_worker_once=1
CASE_PASS m=31 n=17 sve16_entries=0 expected=0 old_entries=0 packed_entries=0 packed_expected=0
ALLOC_PASS m=32 n=1 small=1 history_expected=1 history_calls=1 history_bytes=2048 history_success=1 history_fail=0 x_calls=4 x_bytes=8192 x_success=4 x_fail=0 kb_calls=0 kb_bytes=0 kb_success=0 kb_fail=0 total=5 injected=0 history_level=0 x_level=1 kb_level=-1 shape_bad=0 x_each_worker_once=1
CASE_PASS m=32 n=1 sve16_entries=0 expected=0 old_entries=0 packed_entries=0 packed_expected=0
ALLOC_PASS m=32 n=7 small=1 history_expected=1 history_calls=1 history_bytes=2048 history_success=1 history_fail=0 x_calls=4 x_bytes=8192 x_success=4 x_fail=0 kb_calls=0 kb_bytes=0 kb_success=0 kb_fail=0 total=5 injected=0 history_level=0 x_level=1 kb_level=-1 shape_bad=0 x_each_worker_once=1
CASE_PASS m=32 n=7 sve16_entries=0 expected=0 old_entries=0 packed_entries=0 packed_expected=0
ALLOC_PASS m=32 n=8 small=1 history_expected=1 history_calls=1 history_bytes=2048 history_success=1 history_fail=0 x_calls=4 x_bytes=8192 x_success=4 x_fail=0 kb_calls=0 kb_bytes=0 kb_success=0 kb_fail=0 total=5 injected=0 history_level=0 x_level=1 kb_level=-1 shape_bad=0 x_each_worker_once=1
CASE_PASS m=32 n=8 sve16_entries=0 expected=0 old_entries=0 packed_entries=0 packed_expected=0
ALLOC_PASS m=32 n=9 small=1 history_expected=1 history_calls=1 history_bytes=2048 history_success=1 history_fail=0 x_calls=4 x_bytes=8192 x_success=4 x_fail=0 kb_calls=0 kb_bytes=0 kb_success=0 kb_fail=0 total=5 injected=0 history_level=0 x_level=1 kb_level=-1 shape_bad=0 x_each_worker_once=1
CASE_PASS m=32 n=9 sve16_entries=0 expected=0 old_entries=0 packed_entries=0 packed_expected=0
ALLOC_PASS m=32 n=17 small=1 history_expected=1 history_calls=1 history_bytes=2048 history_success=1 history_fail=0 x_calls=4 x_bytes=8192 x_success=4 x_fail=0 kb_calls=0 kb_bytes=0 kb_success=0 kb_fail=0 total=5 injected=0 history_level=0 x_level=1 kb_level=-1 shape_bad=0 x_each_worker_once=1
CASE_PASS m=32 n=17 sve16_entries=0 expected=0 old_entries=0 packed_entries=0 packed_expected=0
ALLOC_PASS m=33 n=1 small=1 history_expected=1 history_calls=1 history_bytes=2048 history_success=1 history_fail=0 x_calls=4 x_bytes=8448 x_success=4 x_fail=0 kb_calls=0 kb_bytes=0 kb_success=0 kb_fail=0 total=5 injected=0 history_level=0 x_level=1 kb_level=-1 shape_bad=0 x_each_worker_once=1
CASE_PASS m=33 n=1 sve16_entries=0 expected=0 old_entries=0 packed_entries=0 packed_expected=0
ALLOC_PASS m=33 n=7 small=1 history_expected=1 history_calls=1 history_bytes=2048 history_success=1 history_fail=0 x_calls=4 x_bytes=8448 x_success=4 x_fail=0 kb_calls=0 kb_bytes=0 kb_success=0 kb_fail=0 total=5 injected=0 history_level=0 x_level=1 kb_level=-1 shape_bad=0 x_each_worker_once=1
CASE_PASS m=33 n=7 sve16_entries=0 expected=0 old_entries=0 packed_entries=0 packed_expected=0
ALLOC_PASS m=33 n=8 small=1 history_expected=1 history_calls=1 history_bytes=2048 history_success=1 history_fail=0 x_calls=4 x_bytes=8448 x_success=4 x_fail=0 kb_calls=0 kb_bytes=0 kb_success=0 kb_fail=0 total=5 injected=0 history_level=0 x_level=1 kb_level=-1 shape_bad=0 x_each_worker_once=1
CASE_PASS m=33 n=8 sve16_entries=0 expected=0 old_entries=0 packed_entries=0 packed_expected=0
ALLOC_PASS m=33 n=9 small=1 history_expected=1 history_calls=1 history_bytes=2048 history_success=1 history_fail=0 x_calls=4 x_bytes=8448 x_success=4 x_fail=0 kb_calls=0 kb_bytes=0 kb_success=0 kb_fail=0 total=5 injected=0 history_level=0 x_level=1 kb_level=-1 shape_bad=0 x_each_worker_once=1
CASE_PASS m=33 n=9 sve16_entries=0 expected=0 old_entries=0 packed_entries=0 packed_expected=0
ALLOC_PASS m=33 n=17 small=1 history_expected=1 history_calls=1 history_bytes=2048 history_success=1 history_fail=0 x_calls=4 x_bytes=8448 x_success=4 x_fail=0 kb_calls=0 kb_bytes=0 kb_success=0 kb_fail=0 total=5 injected=0 history_level=0 x_level=1 kb_level=-1 shape_bad=0 x_each_worker_once=1
CASE_PASS m=33 n=17 sve16_entries=0 expected=0 old_entries=0 packed_entries=0 packed_expected=0
ALLOC_PASS m=63 n=1 small=1 history_expected=1 history_calls=1 history_bytes=6144 history_success=1 history_fail=0 x_calls=4 x_bytes=16128 x_success=4 x_fail=0 kb_calls=0 kb_bytes=0 kb_success=0 kb_fail=0 total=5 injected=0 history_level=0 x_level=1 kb_level=-1 shape_bad=0 x_each_worker_once=1
CASE_PASS m=63 n=1 sve16_entries=0 expected=0 old_entries=0 packed_entries=0 packed_expected=0
ALLOC_PASS m=63 n=7 small=1 history_expected=1 history_calls=1 history_bytes=6144 history_success=1 history_fail=0 x_calls=4 x_bytes=16128 x_success=4 x_fail=0 kb_calls=0 kb_bytes=0 kb_success=0 kb_fail=0 total=5 injected=0 history_level=0 x_level=1 kb_level=-1 shape_bad=0 x_each_worker_once=1
CASE_PASS m=63 n=7 sve16_entries=0 expected=0 old_entries=0 packed_entries=0 packed_expected=0
ALLOC_PASS m=63 n=8 small=1 history_expected=1 history_calls=1 history_bytes=6144 history_success=1 history_fail=0 x_calls=4 x_bytes=16128 x_success=4 x_fail=0 kb_calls=0 kb_bytes=0 kb_success=0 kb_fail=0 total=5 injected=0 history_level=0 x_level=1 kb_level=-1 shape_bad=0 x_each_worker_once=1
CASE_PASS m=63 n=8 sve16_entries=0 expected=0 old_entries=0 packed_entries=0 packed_expected=0
ALLOC_PASS m=63 n=9 small=1 history_expected=1 history_calls=1 history_bytes=6144 history_success=1 history_fail=0 x_calls=4 x_bytes=16128 x_success=4 x_fail=0 kb_calls=0 kb_bytes=0 kb_success=0 kb_fail=0 total=5 injected=0 history_level=0 x_level=1 kb_level=-1 shape_bad=0 x_each_worker_once=1
CASE_PASS m=63 n=9 sve16_entries=0 expected=0 old_entries=0 packed_entries=0 packed_expected=0
ALLOC_PASS m=63 n=17 small=1 history_expected=1 history_calls=1 history_bytes=6144 history_success=1 history_fail=0 x_calls=4 x_bytes=16128 x_success=4 x_fail=0 kb_calls=0 kb_bytes=0 kb_success=0 kb_fail=0 total=5 injected=0 history_level=0 x_level=1 kb_level=-1 shape_bad=0 x_each_worker_once=1
CASE_PASS m=63 n=17 sve16_entries=0 expected=0 old_entries=0 packed_entries=0 packed_expected=0
ALLOC_PASS m=64 n=1 small=1 history_expected=1 history_calls=1 history_bytes=12288 history_success=1 history_fail=0 x_calls=4 x_bytes=16384 x_success=4 x_fail=0 kb_calls=0 kb_bytes=0 kb_success=0 kb_fail=0 total=5 injected=0 history_level=0 x_level=1 kb_level=-1 shape_bad=0 x_each_worker_once=1
CASE_PASS m=64 n=1 sve16_entries=0 expected=0 old_entries=0 packed_entries=0 packed_expected=0
ALLOC_PASS m=64 n=7 small=1 history_expected=1 history_calls=1 history_bytes=12288 history_success=1 history_fail=0 x_calls=4 x_bytes=16384 x_success=4 x_fail=0 kb_calls=0 kb_bytes=0 kb_success=0 kb_fail=0 total=5 injected=0 history_level=0 x_level=1 kb_level=-1 shape_bad=0 x_each_worker_once=1
CASE_PASS m=64 n=7 sve16_entries=0 expected=0 old_entries=0 packed_entries=0 packed_expected=0
ALLOC_PASS m=64 n=8 small=1 history_expected=1 history_calls=1 history_bytes=12288 history_success=1 history_fail=0 x_calls=4 x_bytes=16384 x_success=4 x_fail=0 kb_calls=0 kb_bytes=0 kb_success=0 kb_fail=0 total=5 injected=0 history_level=0 x_level=1 kb_level=-1 shape_bad=0 x_each_worker_once=1
CASE_PASS m=64 n=8 sve16_entries=0 expected=0 old_entries=0 packed_entries=0 packed_expected=0
ALLOC_PASS m=64 n=9 small=1 history_expected=1 history_calls=1 history_bytes=12288 history_success=1 history_fail=0 x_calls=4 x_bytes=16384 x_success=4 x_fail=0 kb_calls=0 kb_bytes=0 kb_success=0 kb_fail=0 total=5 injected=0 history_level=0 x_level=1 kb_level=-1 shape_bad=0 x_each_worker_once=1
CASE_PASS m=64 n=9 sve16_entries=0 expected=0 old_entries=0 packed_entries=0 packed_expected=0
ALLOC_PASS m=64 n=17 small=1 history_expected=1 history_calls=1 history_bytes=12288 history_success=1 history_fail=0 x_calls=4 x_bytes=16384 x_success=4 x_fail=0 kb_calls=0 kb_bytes=0 kb_success=0 kb_fail=0 total=5 injected=0 history_level=0 x_level=1 kb_level=-1 shape_bad=0 x_each_worker_once=1
CASE_PASS m=64 n=17 sve16_entries=0 expected=0 old_entries=0 packed_entries=0 packed_expected=0
ALLOC_PASS m=65 n=1 small=1 history_expected=1 history_calls=1 history_bytes=12288 history_success=1 history_fail=0 x_calls=4 x_bytes=16640 x_success=4 x_fail=0 kb_calls=0 kb_bytes=0 kb_success=0 kb_fail=0 total=5 injected=0 history_level=0 x_level=1 kb_level=-1 shape_bad=0 x_each_worker_once=1
CASE_PASS m=65 n=1 sve16_entries=0 expected=0 old_entries=0 packed_entries=0 packed_expected=0
ALLOC_PASS m=65 n=7 small=1 history_expected=1 history_calls=1 history_bytes=12288 history_success=1 history_fail=0 x_calls=4 x_bytes=16640 x_success=4 x_fail=0 kb_calls=0 kb_bytes=0 kb_success=0 kb_fail=0 total=5 injected=0 history_level=0 x_level=1 kb_level=-1 shape_bad=0 x_each_worker_once=1
CASE_PASS m=65 n=7 sve16_entries=0 expected=0 old_entries=0 packed_entries=0 packed_expected=0
ALLOC_PASS m=65 n=8 small=1 history_expected=1 history_calls=1 history_bytes=12288 history_success=1 history_fail=0 x_calls=4 x_bytes=16640 x_success=4 x_fail=0 kb_calls=0 kb_bytes=0 kb_success=0 kb_fail=0 total=5 injected=0 history_level=0 x_level=1 kb_level=-1 shape_bad=0 x_each_worker_once=1
CASE_PASS m=65 n=8 sve16_entries=0 expected=0 old_entries=0 packed_entries=0 packed_expected=0
ALLOC_PASS m=65 n=9 small=1 history_expected=1 history_calls=1 history_bytes=12288 history_success=1 history_fail=0 x_calls=4 x_bytes=16640 x_success=4 x_fail=0 kb_calls=0 kb_bytes=0 kb_success=0 kb_fail=0 total=5 injected=0 history_level=0 x_level=1 kb_level=-1 shape_bad=0 x_each_worker_once=1
CASE_PASS m=65 n=9 sve16_entries=0 expected=0 old_entries=0 packed_entries=0 packed_expected=0
ALLOC_PASS m=65 n=17 small=1 history_expected=1 history_calls=1 history_bytes=12288 history_success=1 history_fail=0 x_calls=4 x_bytes=16640 x_success=4 x_fail=0 kb_calls=0 kb_bytes=0 kb_success=0 kb_fail=0 total=5 injected=0 history_level=0 x_level=1 kb_level=-1 shape_bad=0 x_each_worker_once=1
CASE_PASS m=65 n=17 sve16_entries=0 expected=0 old_entries=0 packed_entries=0 packed_expected=0
ALLOC_PASS m=255 n=1 small=1 history_expected=1 history_calls=1 history_bytes=215040 history_success=1 history_fail=0 x_calls=4 x_bytes=65280 x_success=4 x_fail=0 kb_calls=0 kb_bytes=0 kb_success=0 kb_fail=0 total=5 injected=0 history_level=0 x_level=1 kb_level=-1 shape_bad=0 x_each_worker_once=1
CASE_PASS m=255 n=1 sve16_entries=0 expected=0 old_entries=0 packed_entries=0 packed_expected=0
ALLOC_PASS m=255 n=7 small=1 history_expected=1 history_calls=1 history_bytes=215040 history_success=1 history_fail=0 x_calls=4 x_bytes=65280 x_success=4 x_fail=0 kb_calls=0 kb_bytes=0 kb_success=0 kb_fail=0 total=5 injected=0 history_level=0 x_level=1 kb_level=-1 shape_bad=0 x_each_worker_once=1
CASE_PASS m=255 n=7 sve16_entries=0 expected=0 old_entries=0 packed_entries=0 packed_expected=0
ALLOC_PASS m=255 n=8 small=1 history_expected=1 history_calls=1 history_bytes=215040 history_success=1 history_fail=0 x_calls=4 x_bytes=65280 x_success=4 x_fail=0 kb_calls=0 kb_bytes=0 kb_success=0 kb_fail=0 total=5 injected=0 history_level=0 x_level=1 kb_level=-1 shape_bad=0 x_each_worker_once=1
CASE_PASS m=255 n=8 sve16_entries=0 expected=0 old_entries=0 packed_entries=0 packed_expected=0
ALLOC_PASS m=255 n=9 small=1 history_expected=1 history_calls=1 history_bytes=215040 history_success=1 history_fail=0 x_calls=4 x_bytes=65280 x_success=4 x_fail=0 kb_calls=0 kb_bytes=0 kb_success=0 kb_fail=0 total=5 injected=0 history_level=0 x_level=1 kb_level=-1 shape_bad=0 x_each_worker_once=1
CASE_PASS m=255 n=9 sve16_entries=0 expected=0 old_entries=0 packed_entries=0 packed_expected=0
ALLOC_PASS m=255 n=17 small=1 history_expected=1 history_calls=1 history_bytes=215040 history_success=1 history_fail=0 x_calls=4 x_bytes=65280 x_success=4 x_fail=0 kb_calls=0 kb_bytes=0 kb_success=0 kb_fail=0 total=5 injected=0 history_level=0 x_level=1 kb_level=-1 shape_bad=0 x_each_worker_once=1
CASE_PASS m=255 n=17 sve16_entries=0 expected=0 old_entries=0 packed_entries=0 packed_expected=0
ALLOC_PASS m=256 n=1 small=1 history_expected=1 history_calls=1 history_bytes=245760 history_success=1 history_fail=0 x_calls=4 x_bytes=65536 x_success=4 x_fail=0 kb_calls=0 kb_bytes=0 kb_success=0 kb_fail=0 total=5 injected=0 history_level=0 x_level=1 kb_level=-1 shape_bad=0 x_each_worker_once=1
CASE_PASS m=256 n=1 sve16_entries=0 expected=0 old_entries=0 packed_entries=0 packed_expected=0
ALLOC_PASS m=256 n=7 small=1 history_expected=1 history_calls=1 history_bytes=245760 history_success=1 history_fail=0 x_calls=4 x_bytes=65536 x_success=4 x_fail=0 kb_calls=0 kb_bytes=0 kb_success=0 kb_fail=0 total=5 injected=0 history_level=0 x_level=1 kb_level=-1 shape_bad=0 x_each_worker_once=1
CASE_PASS m=256 n=7 sve16_entries=0 expected=0 old_entries=0 packed_entries=0 packed_expected=0
ALLOC_PASS m=256 n=8 small=1 history_expected=1 history_calls=1 history_bytes=245760 history_success=1 history_fail=0 x_calls=4 x_bytes=65536 x_success=4 x_fail=0 kb_calls=0 kb_bytes=0 kb_success=0 kb_fail=0 total=5 injected=0 history_level=0 x_level=1 kb_level=-1 shape_bad=0 x_each_worker_once=1
CASE_PASS m=256 n=8 sve16_entries=0 expected=0 old_entries=0 packed_entries=0 packed_expected=0
ALLOC_PASS m=256 n=9 small=1 history_expected=1 history_calls=1 history_bytes=245760 history_success=1 history_fail=0 x_calls=4 x_bytes=65536 x_success=4 x_fail=0 kb_calls=0 kb_bytes=0 kb_success=0 kb_fail=0 total=5 injected=0 history_level=0 x_level=1 kb_level=-1 shape_bad=0 x_each_worker_once=1
CASE_PASS m=256 n=9 sve16_entries=0 expected=0 old_entries=0 packed_entries=0 packed_expected=0
ALLOC_PASS m=256 n=17 small=1 history_expected=1 history_calls=1 history_bytes=245760 history_success=1 history_fail=0 x_calls=4 x_bytes=65536 x_success=4 x_fail=0 kb_calls=0 kb_bytes=0 kb_success=0 kb_fail=0 total=5 injected=0 history_level=0 x_level=1 kb_level=-1 shape_bad=0 x_each_worker_once=1
CASE_PASS m=256 n=17 sve16_entries=0 expected=0 old_entries=0 packed_entries=0 packed_expected=0
ALLOC_PASS m=257 n=1 small=1 history_expected=1 history_calls=1 history_bytes=245760 history_success=1 history_fail=0 x_calls=4 x_bytes=65792 x_success=4 x_fail=0 kb_calls=0 kb_bytes=0 kb_success=0 kb_fail=0 total=5 injected=0 history_level=0 x_level=1 kb_level=-1 shape_bad=0 x_each_worker_once=1
CASE_PASS m=257 n=1 sve16_entries=0 expected=0 old_entries=0 packed_entries=0 packed_expected=0
ALLOC_PASS m=257 n=7 small=1 history_expected=1 history_calls=1 history_bytes=245760 history_success=1 history_fail=0 x_calls=4 x_bytes=65792 x_success=4 x_fail=0 kb_calls=0 kb_bytes=0 kb_success=0 kb_fail=0 total=5 injected=0 history_level=0 x_level=1 kb_level=-1 shape_bad=0 x_each_worker_once=1
CASE_PASS m=257 n=7 sve16_entries=0 expected=0 old_entries=0 packed_entries=0 packed_expected=0
ALLOC_PASS m=257 n=8 small=1 history_expected=1 history_calls=1 history_bytes=245760 history_success=1 history_fail=0 x_calls=4 x_bytes=65792 x_success=4 x_fail=0 kb_calls=0 kb_bytes=0 kb_success=0 kb_fail=0 total=5 injected=0 history_level=0 x_level=1 kb_level=-1 shape_bad=0 x_each_worker_once=1
CASE_PASS m=257 n=8 sve16_entries=0 expected=0 old_entries=0 packed_entries=0 packed_expected=0
ALLOC_PASS m=257 n=9 small=1 history_expected=1 history_calls=1 history_bytes=245760 history_success=1 history_fail=0 x_calls=4 x_bytes=65792 x_success=4 x_fail=0 kb_calls=0 kb_bytes=0 kb_success=0 kb_fail=0 total=5 injected=0 history_level=0 x_level=1 kb_level=-1 shape_bad=0 x_each_worker_once=1
CASE_PASS m=257 n=9 sve16_entries=0 expected=0 old_entries=0 packed_entries=0 packed_expected=0
ALLOC_PASS m=257 n=17 small=1 history_expected=1 history_calls=1 history_bytes=245760 history_success=1 history_fail=0 x_calls=4 x_bytes=65792 x_success=4 x_fail=0 kb_calls=0 kb_bytes=0 kb_success=0 kb_fail=0 total=5 injected=0 history_level=0 x_level=1 kb_level=-1 shape_bad=0 x_each_worker_once=1
CASE_PASS m=257 n=17 sve16_entries=0 expected=0 old_entries=0 packed_entries=0 packed_expected=0
ALLOCATION_SUMMARY_PASS cases=80 budget_cases=0 shared_injection_cases=0
PASS whole_cases=80 noop_cases=4 non_dyadic_long_double_RHS=1 padding_L_unchanged=1 max_error=1.1102230246251565e-16
SOURCE_FEATURES_PASS panel16=1 packedL16=1 has_budget=0 history_budget_bytes=0
MODE=shared-fail THREADS=1 NARROW_VL=0 EXPECT_SVE16=1 EXPECT_PACKEDL16=0
ALLOC_PASS m=32 n=1 small=1 history_expected=1 history_calls=1 history_bytes=2048 history_success=0 history_fail=1 x_calls=1 x_bytes=2048 x_success=1 x_fail=0 kb_calls=0 kb_bytes=0 kb_success=0 kb_fail=0 total=2 injected=1 history_level=0 x_level=1 kb_level=-1 shape_bad=0 x_each_worker_once=1
CASE_PASS m=32 n=1 sve16_entries=2 expected=2 old_entries=2 packed_entries=0 packed_expected=0
SHARED_ALLOC_PASS m=32 n=1 calls=2 injected=1 shared_first=1 later_X_success=1
ALLOC_PASS m=32 n=7 small=1 history_expected=1 history_calls=1 history_bytes=2048 history_success=0 history_fail=1 x_calls=1 x_bytes=2048 x_success=1 x_fail=0 kb_calls=0 kb_bytes=0 kb_success=0 kb_fail=0 total=2 injected=1 history_level=0 x_level=1 kb_level=-1 shape_bad=0 x_each_worker_once=1
CASE_PASS m=32 n=7 sve16_entries=2 expected=2 old_entries=2 packed_entries=0 packed_expected=0
SHARED_ALLOC_PASS m=32 n=7 calls=2 injected=1 shared_first=1 later_X_success=1
ALLOC_PASS m=32 n=8 small=1 history_expected=1 history_calls=1 history_bytes=2048 history_success=0 history_fail=1 x_calls=1 x_bytes=2048 x_success=1 x_fail=0 kb_calls=0 kb_bytes=0 kb_success=0 kb_fail=0 total=2 injected=1 history_level=0 x_level=1 kb_level=-1 shape_bad=0 x_each_worker_once=1
CASE_PASS m=32 n=8 sve16_entries=2 expected=2 old_entries=2 packed_entries=0 packed_expected=0
SHARED_ALLOC_PASS m=32 n=8 calls=2 injected=1 shared_first=1 later_X_success=1
ALLOC_PASS m=32 n=9 small=1 history_expected=1 history_calls=1 history_bytes=2048 history_success=0 history_fail=1 x_calls=1 x_bytes=2048 x_success=1 x_fail=0 kb_calls=0 kb_bytes=0 kb_success=0 kb_fail=0 total=2 injected=1 history_level=0 x_level=1 kb_level=-1 shape_bad=0 x_each_worker_once=1
CASE_PASS m=32 n=9 sve16_entries=4 expected=4 old_entries=4 packed_entries=0 packed_expected=0
SHARED_ALLOC_PASS m=32 n=9 calls=2 injected=1 shared_first=1 later_X_success=1
ALLOC_PASS m=32 n=17 small=1 history_expected=1 history_calls=1 history_bytes=2048 history_success=0 history_fail=1 x_calls=1 x_bytes=2048 x_success=1 x_fail=0 kb_calls=0 kb_bytes=0 kb_success=0 kb_fail=0 total=2 injected=1 history_level=0 x_level=1 kb_level=-1 shape_bad=0 x_each_worker_once=1
CASE_PASS m=32 n=17 sve16_entries=6 expected=6 old_entries=6 packed_entries=0 packed_expected=0
SHARED_ALLOC_PASS m=32 n=17 calls=2 injected=1 shared_first=1 later_X_success=1
ALLOC_PASS m=33 n=1 small=1 history_expected=1 history_calls=1 history_bytes=2048 history_success=0 history_fail=1 x_calls=1 x_bytes=2112 x_success=1 x_fail=0 kb_calls=0 kb_bytes=0 kb_success=0 kb_fail=0 total=2 injected=1 history_level=0 x_level=1 kb_level=-1 shape_bad=0 x_each_worker_once=1
CASE_PASS m=33 n=1 sve16_entries=2 expected=2 old_entries=2 packed_entries=0 packed_expected=0
SHARED_ALLOC_PASS m=33 n=1 calls=2 injected=1 shared_first=1 later_X_success=1
ALLOC_PASS m=33 n=7 small=1 history_expected=1 history_calls=1 history_bytes=2048 history_success=0 history_fail=1 x_calls=1 x_bytes=2112 x_success=1 x_fail=0 kb_calls=0 kb_bytes=0 kb_success=0 kb_fail=0 total=2 injected=1 history_level=0 x_level=1 kb_level=-1 shape_bad=0 x_each_worker_once=1
CASE_PASS m=33 n=7 sve16_entries=2 expected=2 old_entries=2 packed_entries=0 packed_expected=0
SHARED_ALLOC_PASS m=33 n=7 calls=2 injected=1 shared_first=1 later_X_success=1
ALLOC_PASS m=33 n=8 small=1 history_expected=1 history_calls=1 history_bytes=2048 history_success=0 history_fail=1 x_calls=1 x_bytes=2112 x_success=1 x_fail=0 kb_calls=0 kb_bytes=0 kb_success=0 kb_fail=0 total=2 injected=1 history_level=0 x_level=1 kb_level=-1 shape_bad=0 x_each_worker_once=1
CASE_PASS m=33 n=8 sve16_entries=2 expected=2 old_entries=2 packed_entries=0 packed_expected=0
SHARED_ALLOC_PASS m=33 n=8 calls=2 injected=1 shared_first=1 later_X_success=1
ALLOC_PASS m=33 n=9 small=1 history_expected=1 history_calls=1 history_bytes=2048 history_success=0 history_fail=1 x_calls=1 x_bytes=2112 x_success=1 x_fail=0 kb_calls=0 kb_bytes=0 kb_success=0 kb_fail=0 total=2 injected=1 history_level=0 x_level=1 kb_level=-1 shape_bad=0 x_each_worker_once=1
CASE_PASS m=33 n=9 sve16_entries=4 expected=4 old_entries=4 packed_entries=0 packed_expected=0
SHARED_ALLOC_PASS m=33 n=9 calls=2 injected=1 shared_first=1 later_X_success=1
ALLOC_PASS m=33 n=17 small=1 history_expected=1 history_calls=1 history_bytes=2048 history_success=0 history_fail=1 x_calls=1 x_bytes=2112 x_success=1 x_fail=0 kb_calls=0 kb_bytes=0 kb_success=0 kb_fail=0 total=2 injected=1 history_level=0 x_level=1 kb_level=-1 shape_bad=0 x_each_worker_once=1
CASE_PASS m=33 n=17 sve16_entries=6 expected=6 old_entries=6 packed_entries=0 packed_expected=0
SHARED_ALLOC_PASS m=33 n=17 calls=2 injected=1 shared_first=1 later_X_success=1
ALLOC_PASS m=63 n=1 small=1 history_expected=1 history_calls=1 history_bytes=6144 history_success=0 history_fail=1 x_calls=1 x_bytes=4032 x_success=1 x_fail=0 kb_calls=0 kb_bytes=0 kb_success=0 kb_fail=0 total=2 injected=1 history_level=0 x_level=1 kb_level=-1 shape_bad=0 x_each_worker_once=1
CASE_PASS m=63 n=1 sve16_entries=3 expected=3 old_entries=3 packed_entries=0 packed_expected=0
SHARED_ALLOC_PASS m=63 n=1 calls=2 injected=1 shared_first=1 later_X_success=1
ALLOC_PASS m=63 n=7 small=1 history_expected=1 history_calls=1 history_bytes=6144 history_success=0 history_fail=1 x_calls=1 x_bytes=4032 x_success=1 x_fail=0 kb_calls=0 kb_bytes=0 kb_success=0 kb_fail=0 total=2 injected=1 history_level=0 x_level=1 kb_level=-1 shape_bad=0 x_each_worker_once=1
CASE_PASS m=63 n=7 sve16_entries=3 expected=3 old_entries=3 packed_entries=0 packed_expected=0
SHARED_ALLOC_PASS m=63 n=7 calls=2 injected=1 shared_first=1 later_X_success=1
ALLOC_PASS m=63 n=8 small=1 history_expected=1 history_calls=1 history_bytes=6144 history_success=0 history_fail=1 x_calls=1 x_bytes=4032 x_success=1 x_fail=0 kb_calls=0 kb_bytes=0 kb_success=0 kb_fail=0 total=2 injected=1 history_level=0 x_level=1 kb_level=-1 shape_bad=0 x_each_worker_once=1
CASE_PASS m=63 n=8 sve16_entries=3 expected=3 old_entries=3 packed_entries=0 packed_expected=0
SHARED_ALLOC_PASS m=63 n=8 calls=2 injected=1 shared_first=1 later_X_success=1
ALLOC_PASS m=63 n=9 small=1 history_expected=1 history_calls=1 history_bytes=6144 history_success=0 history_fail=1 x_calls=1 x_bytes=4032 x_success=1 x_fail=0 kb_calls=0 kb_bytes=0 kb_success=0 kb_fail=0 total=2 injected=1 history_level=0 x_level=1 kb_level=-1 shape_bad=0 x_each_worker_once=1
CASE_PASS m=63 n=9 sve16_entries=6 expected=6 old_entries=6 packed_entries=0 packed_expected=0
SHARED_ALLOC_PASS m=63 n=9 calls=2 injected=1 shared_first=1 later_X_success=1
ALLOC_PASS m=63 n=17 small=1 history_expected=1 history_calls=1 history_bytes=6144 history_success=0 history_fail=1 x_calls=1 x_bytes=4032 x_success=1 x_fail=0 kb_calls=0 kb_bytes=0 kb_success=0 kb_fail=0 total=2 injected=1 history_level=0 x_level=1 kb_level=-1 shape_bad=0 x_each_worker_once=1
CASE_PASS m=63 n=17 sve16_entries=9 expected=9 old_entries=9 packed_entries=0 packed_expected=0
SHARED_ALLOC_PASS m=63 n=17 calls=2 injected=1 shared_first=1 later_X_success=1
ALLOC_PASS m=64 n=1 small=1 history_expected=1 history_calls=1 history_bytes=12288 history_success=0 history_fail=1 x_calls=1 x_bytes=4096 x_success=1 x_fail=0 kb_calls=0 kb_bytes=0 kb_success=0 kb_fail=0 total=2 injected=1 history_level=0 x_level=1 kb_level=-1 shape_bad=0 x_each_worker_once=1
CASE_PASS m=64 n=1 sve16_entries=4 expected=4 old_entries=4 packed_entries=0 packed_expected=0
SHARED_ALLOC_PASS m=64 n=1 calls=2 injected=1 shared_first=1 later_X_success=1
ALLOC_PASS m=64 n=7 small=1 history_expected=1 history_calls=1 history_bytes=12288 history_success=0 history_fail=1 x_calls=1 x_bytes=4096 x_success=1 x_fail=0 kb_calls=0 kb_bytes=0 kb_success=0 kb_fail=0 total=2 injected=1 history_level=0 x_level=1 kb_level=-1 shape_bad=0 x_each_worker_once=1
CASE_PASS m=64 n=7 sve16_entries=4 expected=4 old_entries=4 packed_entries=0 packed_expected=0
SHARED_ALLOC_PASS m=64 n=7 calls=2 injected=1 shared_first=1 later_X_success=1
ALLOC_PASS m=64 n=8 small=1 history_expected=1 history_calls=1 history_bytes=12288 history_success=0 history_fail=1 x_calls=1 x_bytes=4096 x_success=1 x_fail=0 kb_calls=0 kb_bytes=0 kb_success=0 kb_fail=0 total=2 injected=1 history_level=0 x_level=1 kb_level=-1 shape_bad=0 x_each_worker_once=1
CASE_PASS m=64 n=8 sve16_entries=4 expected=4 old_entries=4 packed_entries=0 packed_expected=0
SHARED_ALLOC_PASS m=64 n=8 calls=2 injected=1 shared_first=1 later_X_success=1
ALLOC_PASS m=64 n=9 small=1 history_expected=1 history_calls=1 history_bytes=12288 history_success=0 history_fail=1 x_calls=1 x_bytes=4096 x_success=1 x_fail=0 kb_calls=0 kb_bytes=0 kb_success=0 kb_fail=0 total=2 injected=1 history_level=0 x_level=1 kb_level=-1 shape_bad=0 x_each_worker_once=1
CASE_PASS m=64 n=9 sve16_entries=8 expected=8 old_entries=8 packed_entries=0 packed_expected=0
SHARED_ALLOC_PASS m=64 n=9 calls=2 injected=1 shared_first=1 later_X_success=1
ALLOC_PASS m=64 n=17 small=1 history_expected=1 history_calls=1 history_bytes=12288 history_success=0 history_fail=1 x_calls=1 x_bytes=4096 x_success=1 x_fail=0 kb_calls=0 kb_bytes=0 kb_success=0 kb_fail=0 total=2 injected=1 history_level=0 x_level=1 kb_level=-1 shape_bad=0 x_each_worker_once=1
CASE_PASS m=64 n=17 sve16_entries=12 expected=12 old_entries=12 packed_entries=0 packed_expected=0
SHARED_ALLOC_PASS m=64 n=17 calls=2 injected=1 shared_first=1 later_X_success=1
ALLOC_PASS m=65 n=1 small=1 history_expected=1 history_calls=1 history_bytes=12288 history_success=0 history_fail=1 x_calls=1 x_bytes=4160 x_success=1 x_fail=0 kb_calls=0 kb_bytes=0 kb_success=0 kb_fail=0 total=2 injected=1 history_level=0 x_level=1 kb_level=-1 shape_bad=0 x_each_worker_once=1
CASE_PASS m=65 n=1 sve16_entries=4 expected=4 old_entries=4 packed_entries=0 packed_expected=0
SHARED_ALLOC_PASS m=65 n=1 calls=2 injected=1 shared_first=1 later_X_success=1
ALLOC_PASS m=65 n=7 small=1 history_expected=1 history_calls=1 history_bytes=12288 history_success=0 history_fail=1 x_calls=1 x_bytes=4160 x_success=1 x_fail=0 kb_calls=0 kb_bytes=0 kb_success=0 kb_fail=0 total=2 injected=1 history_level=0 x_level=1 kb_level=-1 shape_bad=0 x_each_worker_once=1
CASE_PASS m=65 n=7 sve16_entries=4 expected=4 old_entries=4 packed_entries=0 packed_expected=0
SHARED_ALLOC_PASS m=65 n=7 calls=2 injected=1 shared_first=1 later_X_success=1
ALLOC_PASS m=65 n=8 small=1 history_expected=1 history_calls=1 history_bytes=12288 history_success=0 history_fail=1 x_calls=1 x_bytes=4160 x_success=1 x_fail=0 kb_calls=0 kb_bytes=0 kb_success=0 kb_fail=0 total=2 injected=1 history_level=0 x_level=1 kb_level=-1 shape_bad=0 x_each_worker_once=1
CASE_PASS m=65 n=8 sve16_entries=4 expected=4 old_entries=4 packed_entries=0 packed_expected=0
SHARED_ALLOC_PASS m=65 n=8 calls=2 injected=1 shared_first=1 later_X_success=1
ALLOC_PASS m=65 n=9 small=1 history_expected=1 history_calls=1 history_bytes=12288 history_success=0 history_fail=1 x_calls=1 x_bytes=4160 x_success=1 x_fail=0 kb_calls=0 kb_bytes=0 kb_success=0 kb_fail=0 total=2 injected=1 history_level=0 x_level=1 kb_level=-1 shape_bad=0 x_each_worker_once=1
CASE_PASS m=65 n=9 sve16_entries=8 expected=8 old_entries=8 packed_entries=0 packed_expected=0
SHARED_ALLOC_PASS m=65 n=9 calls=2 injected=1 shared_first=1 later_X_success=1
ALLOC_PASS m=65 n=17 small=1 history_expected=1 history_calls=1 history_bytes=12288 history_success=0 history_fail=1 x_calls=1 x_bytes=4160 x_success=1 x_fail=0 kb_calls=0 kb_bytes=0 kb_success=0 kb_fail=0 total=2 injected=1 history_level=0 x_level=1 kb_level=-1 shape_bad=0 x_each_worker_once=1
CASE_PASS m=65 n=17 sve16_entries=12 expected=12 old_entries=12 packed_entries=0 packed_expected=0
SHARED_ALLOC_PASS m=65 n=17 calls=2 injected=1 shared_first=1 later_X_success=1
ALLOC_PASS m=255 n=1 small=1 history_expected=1 history_calls=1 history_bytes=215040 history_success=0 history_fail=1 x_calls=1 x_bytes=16320 x_success=1 x_fail=0 kb_calls=0 kb_bytes=0 kb_success=0 kb_fail=0 total=2 injected=1 history_level=0 x_level=1 kb_level=-1 shape_bad=0 x_each_worker_once=1
CASE_PASS m=255 n=1 sve16_entries=15 expected=15 old_entries=15 packed_entries=0 packed_expected=0
SHARED_ALLOC_PASS m=255 n=1 calls=2 injected=1 shared_first=1 later_X_success=1
ALLOC_PASS m=255 n=7 small=1 history_expected=1 history_calls=1 history_bytes=215040 history_success=0 history_fail=1 x_calls=1 x_bytes=16320 x_success=1 x_fail=0 kb_calls=0 kb_bytes=0 kb_success=0 kb_fail=0 total=2 injected=1 history_level=0 x_level=1 kb_level=-1 shape_bad=0 x_each_worker_once=1
CASE_PASS m=255 n=7 sve16_entries=15 expected=15 old_entries=15 packed_entries=0 packed_expected=0
SHARED_ALLOC_PASS m=255 n=7 calls=2 injected=1 shared_first=1 later_X_success=1
ALLOC_PASS m=255 n=8 small=1 history_expected=1 history_calls=1 history_bytes=215040 history_success=0 history_fail=1 x_calls=1 x_bytes=16320 x_success=1 x_fail=0 kb_calls=0 kb_bytes=0 kb_success=0 kb_fail=0 total=2 injected=1 history_level=0 x_level=1 kb_level=-1 shape_bad=0 x_each_worker_once=1
CASE_PASS m=255 n=8 sve16_entries=15 expected=15 old_entries=15 packed_entries=0 packed_expected=0
SHARED_ALLOC_PASS m=255 n=8 calls=2 injected=1 shared_first=1 later_X_success=1
ALLOC_PASS m=255 n=9 small=1 history_expected=1 history_calls=1 history_bytes=215040 history_success=0 history_fail=1 x_calls=1 x_bytes=16320 x_success=1 x_fail=0 kb_calls=0 kb_bytes=0 kb_success=0 kb_fail=0 total=2 injected=1 history_level=0 x_level=1 kb_level=-1 shape_bad=0 x_each_worker_once=1
CASE_PASS m=255 n=9 sve16_entries=30 expected=30 old_entries=30 packed_entries=0 packed_expected=0
SHARED_ALLOC_PASS m=255 n=9 calls=2 injected=1 shared_first=1 later_X_success=1
ALLOC_PASS m=255 n=17 small=1 history_expected=1 history_calls=1 history_bytes=215040 history_success=0 history_fail=1 x_calls=1 x_bytes=16320 x_success=1 x_fail=0 kb_calls=0 kb_bytes=0 kb_success=0 kb_fail=0 total=2 injected=1 history_level=0 x_level=1 kb_level=-1 shape_bad=0 x_each_worker_once=1
CASE_PASS m=255 n=17 sve16_entries=45 expected=45 old_entries=45 packed_entries=0 packed_expected=0
SHARED_ALLOC_PASS m=255 n=17 calls=2 injected=1 shared_first=1 later_X_success=1
ALLOC_PASS m=256 n=1 small=1 history_expected=1 history_calls=1 history_bytes=245760 history_success=0 history_fail=1 x_calls=1 x_bytes=16384 x_success=1 x_fail=0 kb_calls=0 kb_bytes=0 kb_success=0 kb_fail=0 total=2 injected=1 history_level=0 x_level=1 kb_level=-1 shape_bad=0 x_each_worker_once=1
CASE_PASS m=256 n=1 sve16_entries=16 expected=16 old_entries=16 packed_entries=0 packed_expected=0
SHARED_ALLOC_PASS m=256 n=1 calls=2 injected=1 shared_first=1 later_X_success=1
ALLOC_PASS m=256 n=7 small=1 history_expected=1 history_calls=1 history_bytes=245760 history_success=0 history_fail=1 x_calls=1 x_bytes=16384 x_success=1 x_fail=0 kb_calls=0 kb_bytes=0 kb_success=0 kb_fail=0 total=2 injected=1 history_level=0 x_level=1 kb_level=-1 shape_bad=0 x_each_worker_once=1
CASE_PASS m=256 n=7 sve16_entries=16 expected=16 old_entries=16 packed_entries=0 packed_expected=0
SHARED_ALLOC_PASS m=256 n=7 calls=2 injected=1 shared_first=1 later_X_success=1
ALLOC_PASS m=256 n=8 small=1 history_expected=1 history_calls=1 history_bytes=245760 history_success=0 history_fail=1 x_calls=1 x_bytes=16384 x_success=1 x_fail=0 kb_calls=0 kb_bytes=0 kb_success=0 kb_fail=0 total=2 injected=1 history_level=0 x_level=1 kb_level=-1 shape_bad=0 x_each_worker_once=1
CASE_PASS m=256 n=8 sve16_entries=16 expected=16 old_entries=16 packed_entries=0 packed_expected=0
SHARED_ALLOC_PASS m=256 n=8 calls=2 injected=1 shared_first=1 later_X_success=1
ALLOC_PASS m=256 n=9 small=1 history_expected=1 history_calls=1 history_bytes=245760 history_success=0 history_fail=1 x_calls=1 x_bytes=16384 x_success=1 x_fail=0 kb_calls=0 kb_bytes=0 kb_success=0 kb_fail=0 total=2 injected=1 history_level=0 x_level=1 kb_level=-1 shape_bad=0 x_each_worker_once=1
CASE_PASS m=256 n=9 sve16_entries=32 expected=32 old_entries=32 packed_entries=0 packed_expected=0
SHARED_ALLOC_PASS m=256 n=9 calls=2 injected=1 shared_first=1 later_X_success=1
ALLOC_PASS m=256 n=17 small=1 history_expected=1 history_calls=1 history_bytes=245760 history_success=0 history_fail=1 x_calls=1 x_bytes=16384 x_success=1 x_fail=0 kb_calls=0 kb_bytes=0 kb_success=0 kb_fail=0 total=2 injected=1 history_level=0 x_level=1 kb_level=-1 shape_bad=0 x_each_worker_once=1
CASE_PASS m=256 n=17 sve16_entries=48 expected=48 old_entries=48 packed_entries=0 packed_expected=0
SHARED_ALLOC_PASS m=256 n=17 calls=2 injected=1 shared_first=1 later_X_success=1
ALLOC_PASS m=257 n=1 small=1 history_expected=1 history_calls=1 history_bytes=245760 history_success=0 history_fail=1 x_calls=1 x_bytes=16448 x_success=1 x_fail=0 kb_calls=0 kb_bytes=0 kb_success=0 kb_fail=0 total=2 injected=1 history_level=0 x_level=1 kb_level=-1 shape_bad=0 x_each_worker_once=1
CASE_PASS m=257 n=1 sve16_entries=16 expected=16 old_entries=16 packed_entries=0 packed_expected=0
SHARED_ALLOC_PASS m=257 n=1 calls=2 injected=1 shared_first=1 later_X_success=1
ALLOC_PASS m=257 n=7 small=1 history_expected=1 history_calls=1 history_bytes=245760 history_success=0 history_fail=1 x_calls=1 x_bytes=16448 x_success=1 x_fail=0 kb_calls=0 kb_bytes=0 kb_success=0 kb_fail=0 total=2 injected=1 history_level=0 x_level=1 kb_level=-1 shape_bad=0 x_each_worker_once=1
CASE_PASS m=257 n=7 sve16_entries=16 expected=16 old_entries=16 packed_entries=0 packed_expected=0
SHARED_ALLOC_PASS m=257 n=7 calls=2 injected=1 shared_first=1 later_X_success=1
ALLOC_PASS m=257 n=8 small=1 history_expected=1 history_calls=1 history_bytes=245760 history_success=0 history_fail=1 x_calls=1 x_bytes=16448 x_success=1 x_fail=0 kb_calls=0 kb_bytes=0 kb_success=0 kb_fail=0 total=2 injected=1 history_level=0 x_level=1 kb_level=-1 shape_bad=0 x_each_worker_once=1
CASE_PASS m=257 n=8 sve16_entries=16 expected=16 old_entries=16 packed_entries=0 packed_expected=0
SHARED_ALLOC_PASS m=257 n=8 calls=2 injected=1 shared_first=1 later_X_success=1
ALLOC_PASS m=257 n=9 small=1 history_expected=1 history_calls=1 history_bytes=245760 history_success=0 history_fail=1 x_calls=1 x_bytes=16448 x_success=1 x_fail=0 kb_calls=0 kb_bytes=0 kb_success=0 kb_fail=0 total=2 injected=1 history_level=0 x_level=1 kb_level=-1 shape_bad=0 x_each_worker_once=1
CASE_PASS m=257 n=9 sve16_entries=32 expected=32 old_entries=32 packed_entries=0 packed_expected=0
SHARED_ALLOC_PASS m=257 n=9 calls=2 injected=1 shared_first=1 later_X_success=1
ALLOC_PASS m=257 n=17 small=1 history_expected=1 history_calls=1 history_bytes=245760 history_success=0 history_fail=1 x_calls=1 x_bytes=16448 x_success=1 x_fail=0 kb_calls=0 kb_bytes=0 kb_success=0 kb_fail=0 total=2 injected=1 history_level=0 x_level=1 kb_level=-1 shape_bad=0 x_each_worker_once=1
CASE_PASS m=257 n=17 sve16_entries=48 expected=48 old_entries=48 packed_entries=0 packed_expected=0
SHARED_ALLOC_PASS m=257 n=17 calls=2 injected=1 shared_first=1 later_X_success=1
ALLOCATION_SUMMARY_PASS cases=40 budget_cases=0 shared_injection_cases=40
PASS whole_cases=40 noop_cases=4 non_dyadic_long_double_RHS=1 padding_L_unchanged=1 max_error=1.1102230246251565e-16
SOURCE_FEATURES_PASS panel16=1 packedL16=1 has_budget=0 history_budget_bytes=0
MODE=shared-fail THREADS=4 NARROW_VL=0 EXPECT_SVE16=1 EXPECT_PACKEDL16=0
ALLOC_PASS m=32 n=1 small=1 history_expected=1 history_calls=1 history_bytes=2048 history_success=0 history_fail=1 x_calls=4 x_bytes=8192 x_success=4 x_fail=0 kb_calls=0 kb_bytes=0 kb_success=0 kb_fail=0 total=5 injected=1 history_level=0 x_level=1 kb_level=-1 shape_bad=0 x_each_worker_once=1
CASE_PASS m=32 n=1 sve16_entries=2 expected=2 old_entries=2 packed_entries=0 packed_expected=0
SHARED_ALLOC_PASS m=32 n=1 calls=5 injected=1 shared_first=1 later_X_success=4
ALLOC_PASS m=32 n=7 small=1 history_expected=1 history_calls=1 history_bytes=2048 history_success=0 history_fail=1 x_calls=4 x_bytes=8192 x_success=4 x_fail=0 kb_calls=0 kb_bytes=0 kb_success=0 kb_fail=0 total=5 injected=1 history_level=0 x_level=1 kb_level=-1 shape_bad=0 x_each_worker_once=1
CASE_PASS m=32 n=7 sve16_entries=2 expected=2 old_entries=2 packed_entries=0 packed_expected=0
SHARED_ALLOC_PASS m=32 n=7 calls=5 injected=1 shared_first=1 later_X_success=4
ALLOC_PASS m=32 n=8 small=1 history_expected=1 history_calls=1 history_bytes=2048 history_success=0 history_fail=1 x_calls=4 x_bytes=8192 x_success=4 x_fail=0 kb_calls=0 kb_bytes=0 kb_success=0 kb_fail=0 total=5 injected=1 history_level=0 x_level=1 kb_level=-1 shape_bad=0 x_each_worker_once=1
CASE_PASS m=32 n=8 sve16_entries=2 expected=2 old_entries=2 packed_entries=0 packed_expected=0
SHARED_ALLOC_PASS m=32 n=8 calls=5 injected=1 shared_first=1 later_X_success=4
ALLOC_PASS m=32 n=9 small=1 history_expected=1 history_calls=1 history_bytes=2048 history_success=0 history_fail=1 x_calls=4 x_bytes=8192 x_success=4 x_fail=0 kb_calls=0 kb_bytes=0 kb_success=0 kb_fail=0 total=5 injected=1 history_level=0 x_level=1 kb_level=-1 shape_bad=0 x_each_worker_once=1
CASE_PASS m=32 n=9 sve16_entries=4 expected=4 old_entries=4 packed_entries=0 packed_expected=0
SHARED_ALLOC_PASS m=32 n=9 calls=5 injected=1 shared_first=1 later_X_success=4
ALLOC_PASS m=32 n=17 small=1 history_expected=1 history_calls=1 history_bytes=2048 history_success=0 history_fail=1 x_calls=4 x_bytes=8192 x_success=4 x_fail=0 kb_calls=0 kb_bytes=0 kb_success=0 kb_fail=0 total=5 injected=1 history_level=0 x_level=1 kb_level=-1 shape_bad=0 x_each_worker_once=1
CASE_PASS m=32 n=17 sve16_entries=6 expected=6 old_entries=6 packed_entries=0 packed_expected=0
SHARED_ALLOC_PASS m=32 n=17 calls=5 injected=1 shared_first=1 later_X_success=4
ALLOC_PASS m=33 n=1 small=1 history_expected=1 history_calls=1 history_bytes=2048 history_success=0 history_fail=1 x_calls=4 x_bytes=8448 x_success=4 x_fail=0 kb_calls=0 kb_bytes=0 kb_success=0 kb_fail=0 total=5 injected=1 history_level=0 x_level=1 kb_level=-1 shape_bad=0 x_each_worker_once=1
CASE_PASS m=33 n=1 sve16_entries=2 expected=2 old_entries=2 packed_entries=0 packed_expected=0
SHARED_ALLOC_PASS m=33 n=1 calls=5 injected=1 shared_first=1 later_X_success=4
ALLOC_PASS m=33 n=7 small=1 history_expected=1 history_calls=1 history_bytes=2048 history_success=0 history_fail=1 x_calls=4 x_bytes=8448 x_success=4 x_fail=0 kb_calls=0 kb_bytes=0 kb_success=0 kb_fail=0 total=5 injected=1 history_level=0 x_level=1 kb_level=-1 shape_bad=0 x_each_worker_once=1
CASE_PASS m=33 n=7 sve16_entries=2 expected=2 old_entries=2 packed_entries=0 packed_expected=0
SHARED_ALLOC_PASS m=33 n=7 calls=5 injected=1 shared_first=1 later_X_success=4
ALLOC_PASS m=33 n=8 small=1 history_expected=1 history_calls=1 history_bytes=2048 history_success=0 history_fail=1 x_calls=4 x_bytes=8448 x_success=4 x_fail=0 kb_calls=0 kb_bytes=0 kb_success=0 kb_fail=0 total=5 injected=1 history_level=0 x_level=1 kb_level=-1 shape_bad=0 x_each_worker_once=1
CASE_PASS m=33 n=8 sve16_entries=2 expected=2 old_entries=2 packed_entries=0 packed_expected=0
SHARED_ALLOC_PASS m=33 n=8 calls=5 injected=1 shared_first=1 later_X_success=4
ALLOC_PASS m=33 n=9 small=1 history_expected=1 history_calls=1 history_bytes=2048 history_success=0 history_fail=1 x_calls=4 x_bytes=8448 x_success=4 x_fail=0 kb_calls=0 kb_bytes=0 kb_success=0 kb_fail=0 total=5 injected=1 history_level=0 x_level=1 kb_level=-1 shape_bad=0 x_each_worker_once=1
CASE_PASS m=33 n=9 sve16_entries=4 expected=4 old_entries=4 packed_entries=0 packed_expected=0
SHARED_ALLOC_PASS m=33 n=9 calls=5 injected=1 shared_first=1 later_X_success=4
ALLOC_PASS m=33 n=17 small=1 history_expected=1 history_calls=1 history_bytes=2048 history_success=0 history_fail=1 x_calls=4 x_bytes=8448 x_success=4 x_fail=0 kb_calls=0 kb_bytes=0 kb_success=0 kb_fail=0 total=5 injected=1 history_level=0 x_level=1 kb_level=-1 shape_bad=0 x_each_worker_once=1
CASE_PASS m=33 n=17 sve16_entries=6 expected=6 old_entries=6 packed_entries=0 packed_expected=0
SHARED_ALLOC_PASS m=33 n=17 calls=5 injected=1 shared_first=1 later_X_success=4
ALLOC_PASS m=63 n=1 small=1 history_expected=1 history_calls=1 history_bytes=6144 history_success=0 history_fail=1 x_calls=4 x_bytes=16128 x_success=4 x_fail=0 kb_calls=0 kb_bytes=0 kb_success=0 kb_fail=0 total=5 injected=1 history_level=0 x_level=1 kb_level=-1 shape_bad=0 x_each_worker_once=1
CASE_PASS m=63 n=1 sve16_entries=3 expected=3 old_entries=3 packed_entries=0 packed_expected=0
SHARED_ALLOC_PASS m=63 n=1 calls=5 injected=1 shared_first=1 later_X_success=4
ALLOC_PASS m=63 n=7 small=1 history_expected=1 history_calls=1 history_bytes=6144 history_success=0 history_fail=1 x_calls=4 x_bytes=16128 x_success=4 x_fail=0 kb_calls=0 kb_bytes=0 kb_success=0 kb_fail=0 total=5 injected=1 history_level=0 x_level=1 kb_level=-1 shape_bad=0 x_each_worker_once=1
CASE_PASS m=63 n=7 sve16_entries=3 expected=3 old_entries=3 packed_entries=0 packed_expected=0
SHARED_ALLOC_PASS m=63 n=7 calls=5 injected=1 shared_first=1 later_X_success=4
ALLOC_PASS m=63 n=8 small=1 history_expected=1 history_calls=1 history_bytes=6144 history_success=0 history_fail=1 x_calls=4 x_bytes=16128 x_success=4 x_fail=0 kb_calls=0 kb_bytes=0 kb_success=0 kb_fail=0 total=5 injected=1 history_level=0 x_level=1 kb_level=-1 shape_bad=0 x_each_worker_once=1
CASE_PASS m=63 n=8 sve16_entries=3 expected=3 old_entries=3 packed_entries=0 packed_expected=0
SHARED_ALLOC_PASS m=63 n=8 calls=5 injected=1 shared_first=1 later_X_success=4
ALLOC_PASS m=63 n=9 small=1 history_expected=1 history_calls=1 history_bytes=6144 history_success=0 history_fail=1 x_calls=4 x_bytes=16128 x_success=4 x_fail=0 kb_calls=0 kb_bytes=0 kb_success=0 kb_fail=0 total=5 injected=1 history_level=0 x_level=1 kb_level=-1 shape_bad=0 x_each_worker_once=1
CASE_PASS m=63 n=9 sve16_entries=6 expected=6 old_entries=6 packed_entries=0 packed_expected=0
SHARED_ALLOC_PASS m=63 n=9 calls=5 injected=1 shared_first=1 later_X_success=4
ALLOC_PASS m=63 n=17 small=1 history_expected=1 history_calls=1 history_bytes=6144 history_success=0 history_fail=1 x_calls=4 x_bytes=16128 x_success=4 x_fail=0 kb_calls=0 kb_bytes=0 kb_success=0 kb_fail=0 total=5 injected=1 history_level=0 x_level=1 kb_level=-1 shape_bad=0 x_each_worker_once=1
CASE_PASS m=63 n=17 sve16_entries=9 expected=9 old_entries=9 packed_entries=0 packed_expected=0
SHARED_ALLOC_PASS m=63 n=17 calls=5 injected=1 shared_first=1 later_X_success=4
ALLOC_PASS m=64 n=1 small=1 history_expected=1 history_calls=1 history_bytes=12288 history_success=0 history_fail=1 x_calls=4 x_bytes=16384 x_success=4 x_fail=0 kb_calls=0 kb_bytes=0 kb_success=0 kb_fail=0 total=5 injected=1 history_level=0 x_level=1 kb_level=-1 shape_bad=0 x_each_worker_once=1
CASE_PASS m=64 n=1 sve16_entries=4 expected=4 old_entries=4 packed_entries=0 packed_expected=0
SHARED_ALLOC_PASS m=64 n=1 calls=5 injected=1 shared_first=1 later_X_success=4
ALLOC_PASS m=64 n=7 small=1 history_expected=1 history_calls=1 history_bytes=12288 history_success=0 history_fail=1 x_calls=4 x_bytes=16384 x_success=4 x_fail=0 kb_calls=0 kb_bytes=0 kb_success=0 kb_fail=0 total=5 injected=1 history_level=0 x_level=1 kb_level=-1 shape_bad=0 x_each_worker_once=1
CASE_PASS m=64 n=7 sve16_entries=4 expected=4 old_entries=4 packed_entries=0 packed_expected=0
SHARED_ALLOC_PASS m=64 n=7 calls=5 injected=1 shared_first=1 later_X_success=4
ALLOC_PASS m=64 n=8 small=1 history_expected=1 history_calls=1 history_bytes=12288 history_success=0 history_fail=1 x_calls=4 x_bytes=16384 x_success=4 x_fail=0 kb_calls=0 kb_bytes=0 kb_success=0 kb_fail=0 total=5 injected=1 history_level=0 x_level=1 kb_level=-1 shape_bad=0 x_each_worker_once=1
CASE_PASS m=64 n=8 sve16_entries=4 expected=4 old_entries=4 packed_entries=0 packed_expected=0
SHARED_ALLOC_PASS m=64 n=8 calls=5 injected=1 shared_first=1 later_X_success=4
ALLOC_PASS m=64 n=9 small=1 history_expected=1 history_calls=1 history_bytes=12288 history_success=0 history_fail=1 x_calls=4 x_bytes=16384 x_success=4 x_fail=0 kb_calls=0 kb_bytes=0 kb_success=0 kb_fail=0 total=5 injected=1 history_level=0 x_level=1 kb_level=-1 shape_bad=0 x_each_worker_once=1
CASE_PASS m=64 n=9 sve16_entries=8 expected=8 old_entries=8 packed_entries=0 packed_expected=0
SHARED_ALLOC_PASS m=64 n=9 calls=5 injected=1 shared_first=1 later_X_success=4
ALLOC_PASS m=64 n=17 small=1 history_expected=1 history_calls=1 history_bytes=12288 history_success=0 history_fail=1 x_calls=4 x_bytes=16384 x_success=4 x_fail=0 kb_calls=0 kb_bytes=0 kb_success=0 kb_fail=0 total=5 injected=1 history_level=0 x_level=1 kb_level=-1 shape_bad=0 x_each_worker_once=1
CASE_PASS m=64 n=17 sve16_entries=12 expected=12 old_entries=12 packed_entries=0 packed_expected=0
SHARED_ALLOC_PASS m=64 n=17 calls=5 injected=1 shared_first=1 later_X_success=4
ALLOC_PASS m=65 n=1 small=1 history_expected=1 history_calls=1 history_bytes=12288 history_success=0 history_fail=1 x_calls=4 x_bytes=16640 x_success=4 x_fail=0 kb_calls=0 kb_bytes=0 kb_success=0 kb_fail=0 total=5 injected=1 history_level=0 x_level=1 kb_level=-1 shape_bad=0 x_each_worker_once=1
CASE_PASS m=65 n=1 sve16_entries=4 expected=4 old_entries=4 packed_entries=0 packed_expected=0
SHARED_ALLOC_PASS m=65 n=1 calls=5 injected=1 shared_first=1 later_X_success=4
ALLOC_PASS m=65 n=7 small=1 history_expected=1 history_calls=1 history_bytes=12288 history_success=0 history_fail=1 x_calls=4 x_bytes=16640 x_success=4 x_fail=0 kb_calls=0 kb_bytes=0 kb_success=0 kb_fail=0 total=5 injected=1 history_level=0 x_level=1 kb_level=-1 shape_bad=0 x_each_worker_once=1
CASE_PASS m=65 n=7 sve16_entries=4 expected=4 old_entries=4 packed_entries=0 packed_expected=0
SHARED_ALLOC_PASS m=65 n=7 calls=5 injected=1 shared_first=1 later_X_success=4
ALLOC_PASS m=65 n=8 small=1 history_expected=1 history_calls=1 history_bytes=12288 history_success=0 history_fail=1 x_calls=4 x_bytes=16640 x_success=4 x_fail=0 kb_calls=0 kb_bytes=0 kb_success=0 kb_fail=0 total=5 injected=1 history_level=0 x_level=1 kb_level=-1 shape_bad=0 x_each_worker_once=1
CASE_PASS m=65 n=8 sve16_entries=4 expected=4 old_entries=4 packed_entries=0 packed_expected=0
SHARED_ALLOC_PASS m=65 n=8 calls=5 injected=1 shared_first=1 later_X_success=4
ALLOC_PASS m=65 n=9 small=1 history_expected=1 history_calls=1 history_bytes=12288 history_success=0 history_fail=1 x_calls=4 x_bytes=16640 x_success=4 x_fail=0 kb_calls=0 kb_bytes=0 kb_success=0 kb_fail=0 total=5 injected=1 history_level=0 x_level=1 kb_level=-1 shape_bad=0 x_each_worker_once=1
CASE_PASS m=65 n=9 sve16_entries=8 expected=8 old_entries=8 packed_entries=0 packed_expected=0
SHARED_ALLOC_PASS m=65 n=9 calls=5 injected=1 shared_first=1 later_X_success=4
ALLOC_PASS m=65 n=17 small=1 history_expected=1 history_calls=1 history_bytes=12288 history_success=0 history_fail=1 x_calls=4 x_bytes=16640 x_success=4 x_fail=0 kb_calls=0 kb_bytes=0 kb_success=0 kb_fail=0 total=5 injected=1 history_level=0 x_level=1 kb_level=-1 shape_bad=0 x_each_worker_once=1
CASE_PASS m=65 n=17 sve16_entries=12 expected=12 old_entries=12 packed_entries=0 packed_expected=0
SHARED_ALLOC_PASS m=65 n=17 calls=5 injected=1 shared_first=1 later_X_success=4
ALLOC_PASS m=255 n=1 small=1 history_expected=1 history_calls=1 history_bytes=215040 history_success=0 history_fail=1 x_calls=4 x_bytes=65280 x_success=4 x_fail=0 kb_calls=0 kb_bytes=0 kb_success=0 kb_fail=0 total=5 injected=1 history_level=0 x_level=1 kb_level=-1 shape_bad=0 x_each_worker_once=1
CASE_PASS m=255 n=1 sve16_entries=15 expected=15 old_entries=15 packed_entries=0 packed_expected=0
SHARED_ALLOC_PASS m=255 n=1 calls=5 injected=1 shared_first=1 later_X_success=4
ALLOC_PASS m=255 n=7 small=1 history_expected=1 history_calls=1 history_bytes=215040 history_success=0 history_fail=1 x_calls=4 x_bytes=65280 x_success=4 x_fail=0 kb_calls=0 kb_bytes=0 kb_success=0 kb_fail=0 total=5 injected=1 history_level=0 x_level=1 kb_level=-1 shape_bad=0 x_each_worker_once=1
CASE_PASS m=255 n=7 sve16_entries=15 expected=15 old_entries=15 packed_entries=0 packed_expected=0
SHARED_ALLOC_PASS m=255 n=7 calls=5 injected=1 shared_first=1 later_X_success=4
ALLOC_PASS m=255 n=8 small=1 history_expected=1 history_calls=1 history_bytes=215040 history_success=0 history_fail=1 x_calls=4 x_bytes=65280 x_success=4 x_fail=0 kb_calls=0 kb_bytes=0 kb_success=0 kb_fail=0 total=5 injected=1 history_level=0 x_level=1 kb_level=-1 shape_bad=0 x_each_worker_once=1
CASE_PASS m=255 n=8 sve16_entries=15 expected=15 old_entries=15 packed_entries=0 packed_expected=0
SHARED_ALLOC_PASS m=255 n=8 calls=5 injected=1 shared_first=1 later_X_success=4
ALLOC_PASS m=255 n=9 small=1 history_expected=1 history_calls=1 history_bytes=215040 history_success=0 history_fail=1 x_calls=4 x_bytes=65280 x_success=4 x_fail=0 kb_calls=0 kb_bytes=0 kb_success=0 kb_fail=0 total=5 injected=1 history_level=0 x_level=1 kb_level=-1 shape_bad=0 x_each_worker_once=1
CASE_PASS m=255 n=9 sve16_entries=30 expected=30 old_entries=30 packed_entries=0 packed_expected=0
SHARED_ALLOC_PASS m=255 n=9 calls=5 injected=1 shared_first=1 later_X_success=4
ALLOC_PASS m=255 n=17 small=1 history_expected=1 history_calls=1 history_bytes=215040 history_success=0 history_fail=1 x_calls=4 x_bytes=65280 x_success=4 x_fail=0 kb_calls=0 kb_bytes=0 kb_success=0 kb_fail=0 total=5 injected=1 history_level=0 x_level=1 kb_level=-1 shape_bad=0 x_each_worker_once=1
CASE_PASS m=255 n=17 sve16_entries=45 expected=45 old_entries=45 packed_entries=0 packed_expected=0
SHARED_ALLOC_PASS m=255 n=17 calls=5 injected=1 shared_first=1 later_X_success=4
ALLOC_PASS m=256 n=1 small=1 history_expected=1 history_calls=1 history_bytes=245760 history_success=0 history_fail=1 x_calls=4 x_bytes=65536 x_success=4 x_fail=0 kb_calls=0 kb_bytes=0 kb_success=0 kb_fail=0 total=5 injected=1 history_level=0 x_level=1 kb_level=-1 shape_bad=0 x_each_worker_once=1
CASE_PASS m=256 n=1 sve16_entries=16 expected=16 old_entries=16 packed_entries=0 packed_expected=0
SHARED_ALLOC_PASS m=256 n=1 calls=5 injected=1 shared_first=1 later_X_success=4
ALLOC_PASS m=256 n=7 small=1 history_expected=1 history_calls=1 history_bytes=245760 history_success=0 history_fail=1 x_calls=4 x_bytes=65536 x_success=4 x_fail=0 kb_calls=0 kb_bytes=0 kb_success=0 kb_fail=0 total=5 injected=1 history_level=0 x_level=1 kb_level=-1 shape_bad=0 x_each_worker_once=1
CASE_PASS m=256 n=7 sve16_entries=16 expected=16 old_entries=16 packed_entries=0 packed_expected=0
SHARED_ALLOC_PASS m=256 n=7 calls=5 injected=1 shared_first=1 later_X_success=4
ALLOC_PASS m=256 n=8 small=1 history_expected=1 history_calls=1 history_bytes=245760 history_success=0 history_fail=1 x_calls=4 x_bytes=65536 x_success=4 x_fail=0 kb_calls=0 kb_bytes=0 kb_success=0 kb_fail=0 total=5 injected=1 history_level=0 x_level=1 kb_level=-1 shape_bad=0 x_each_worker_once=1
CASE_PASS m=256 n=8 sve16_entries=16 expected=16 old_entries=16 packed_entries=0 packed_expected=0
SHARED_ALLOC_PASS m=256 n=8 calls=5 injected=1 shared_first=1 later_X_success=4
ALLOC_PASS m=256 n=9 small=1 history_expected=1 history_calls=1 history_bytes=245760 history_success=0 history_fail=1 x_calls=4 x_bytes=65536 x_success=4 x_fail=0 kb_calls=0 kb_bytes=0 kb_success=0 kb_fail=0 total=5 injected=1 history_level=0 x_level=1 kb_level=-1 shape_bad=0 x_each_worker_once=1
CASE_PASS m=256 n=9 sve16_entries=32 expected=32 old_entries=32 packed_entries=0 packed_expected=0
SHARED_ALLOC_PASS m=256 n=9 calls=5 injected=1 shared_first=1 later_X_success=4
ALLOC_PASS m=256 n=17 small=1 history_expected=1 history_calls=1 history_bytes=245760 history_success=0 history_fail=1 x_calls=4 x_bytes=65536 x_success=4 x_fail=0 kb_calls=0 kb_bytes=0 kb_success=0 kb_fail=0 total=5 injected=1 history_level=0 x_level=1 kb_level=-1 shape_bad=0 x_each_worker_once=1
CASE_PASS m=256 n=17 sve16_entries=48 expected=48 old_entries=48 packed_entries=0 packed_expected=0
SHARED_ALLOC_PASS m=256 n=17 calls=5 injected=1 shared_first=1 later_X_success=4
ALLOC_PASS m=257 n=1 small=1 history_expected=1 history_calls=1 history_bytes=245760 history_success=0 history_fail=1 x_calls=4 x_bytes=65792 x_success=4 x_fail=0 kb_calls=0 kb_bytes=0 kb_success=0 kb_fail=0 total=5 injected=1 history_level=0 x_level=1 kb_level=-1 shape_bad=0 x_each_worker_once=1
CASE_PASS m=257 n=1 sve16_entries=16 expected=16 old_entries=16 packed_entries=0 packed_expected=0
SHARED_ALLOC_PASS m=257 n=1 calls=5 injected=1 shared_first=1 later_X_success=4
ALLOC_PASS m=257 n=7 small=1 history_expected=1 history_calls=1 history_bytes=245760 history_success=0 history_fail=1 x_calls=4 x_bytes=65792 x_success=4 x_fail=0 kb_calls=0 kb_bytes=0 kb_success=0 kb_fail=0 total=5 injected=1 history_level=0 x_level=1 kb_level=-1 shape_bad=0 x_each_worker_once=1
CASE_PASS m=257 n=7 sve16_entries=16 expected=16 old_entries=16 packed_entries=0 packed_expected=0
SHARED_ALLOC_PASS m=257 n=7 calls=5 injected=1 shared_first=1 later_X_success=4
ALLOC_PASS m=257 n=8 small=1 history_expected=1 history_calls=1 history_bytes=245760 history_success=0 history_fail=1 x_calls=4 x_bytes=65792 x_success=4 x_fail=0 kb_calls=0 kb_bytes=0 kb_success=0 kb_fail=0 total=5 injected=1 history_level=0 x_level=1 kb_level=-1 shape_bad=0 x_each_worker_once=1
CASE_PASS m=257 n=8 sve16_entries=16 expected=16 old_entries=16 packed_entries=0 packed_expected=0
SHARED_ALLOC_PASS m=257 n=8 calls=5 injected=1 shared_first=1 later_X_success=4
ALLOC_PASS m=257 n=9 small=1 history_expected=1 history_calls=1 history_bytes=245760 history_success=0 history_fail=1 x_calls=4 x_bytes=65792 x_success=4 x_fail=0 kb_calls=0 kb_bytes=0 kb_success=0 kb_fail=0 total=5 injected=1 history_level=0 x_level=1 kb_level=-1 shape_bad=0 x_each_worker_once=1
CASE_PASS m=257 n=9 sve16_entries=32 expected=32 old_entries=32 packed_entries=0 packed_expected=0
SHARED_ALLOC_PASS m=257 n=9 calls=5 injected=1 shared_first=1 later_X_success=4
ALLOC_PASS m=257 n=17 small=1 history_expected=1 history_calls=1 history_bytes=245760 history_success=0 history_fail=1 x_calls=4 x_bytes=65792 x_success=4 x_fail=0 kb_calls=0 kb_bytes=0 kb_success=0 kb_fail=0 total=5 injected=1 history_level=0 x_level=1 kb_level=-1 shape_bad=0 x_each_worker_once=1
CASE_PASS m=257 n=17 sve16_entries=48 expected=48 old_entries=48 packed_entries=0 packed_expected=0
SHARED_ALLOC_PASS m=257 n=17 calls=5 injected=1 shared_first=1 later_X_success=4
ALLOCATION_SUMMARY_PASS cases=40 budget_cases=0 shared_injection_cases=40
PASS whole_cases=40 noop_cases=4 non_dyadic_long_double_RHS=1 padding_L_unchanged=1 max_error=1.1102230246251565e-16
SOURCE_FEATURES_PASS panel16=1 packedL16=1 has_budget=0 history_budget_bytes=0
MODE=budget THREADS=1 NARROW_VL=0 EXPECT_SVE16=1 EXPECT_PACKEDL16=1
ALLOC_PASS m=1023 n=9 small=1 history_expected=1 history_calls=1 history_bytes=3999744 history_success=1 history_fail=0 x_calls=1 x_bytes=65472 x_success=1 x_fail=0 kb_calls=0 kb_bytes=0 kb_success=0 kb_fail=0 total=2 injected=0 history_level=0 x_level=1 kb_level=-1 shape_bad=0 x_each_worker_once=1
CASE_PASS m=1023 n=9 sve16_entries=126 expected=126 old_entries=2 packed_entries=124 packed_expected=124
ALLOC_PASS m=1024 n=9 small=1 history_expected=1 history_calls=1 history_bytes=4128768 history_success=1 history_fail=0 x_calls=1 x_bytes=65536 x_success=1 x_fail=0 kb_calls=0 kb_bytes=0 kb_success=0 kb_fail=0 total=2 injected=0 history_level=0 x_level=1 kb_level=-1 shape_bad=0 x_each_worker_once=1
CASE_PASS m=1024 n=9 sve16_entries=128 expected=128 old_entries=2 packed_entries=126 packed_expected=126
ALLOC_PASS m=1039 n=9 small=1 history_expected=1 history_calls=1 history_bytes=4128768 history_success=1 history_fail=0 x_calls=1 x_bytes=66496 x_success=1 x_fail=0 kb_calls=0 kb_bytes=0 kb_success=0 kb_fail=0 total=2 injected=0 history_level=0 x_level=1 kb_level=-1 shape_bad=0 x_each_worker_once=1
CASE_PASS m=1039 n=9 sve16_entries=128 expected=128 old_entries=2 packed_entries=126 packed_expected=126
ALLOC_PASS m=1040 n=9 small=1 history_expected=1 history_calls=1 history_bytes=4259840 history_success=1 history_fail=0 x_calls=1 x_bytes=66560 x_success=1 x_fail=0 kb_calls=0 kb_bytes=0 kb_success=0 kb_fail=0 total=2 injected=0 history_level=0 x_level=1 kb_level=-1 shape_bad=0 x_each_worker_once=1
CASE_PASS m=1040 n=9 sve16_entries=130 expected=130 old_entries=2 packed_entries=128 packed_expected=128
ALLOC_PASS m=1041 n=9 small=1 history_expected=1 history_calls=1 history_bytes=4259840 history_success=1 history_fail=0 x_calls=1 x_bytes=66624 x_success=1 x_fail=0 kb_calls=0 kb_bytes=0 kb_success=0 kb_fail=0 total=2 injected=0 history_level=0 x_level=1 kb_level=-1 shape_bad=0 x_each_worker_once=1
CASE_PASS m=1041 n=9 sve16_entries=130 expected=130 old_entries=2 packed_entries=128 packed_expected=128
ALLOCATION_SUMMARY_PASS cases=5 budget_cases=5 shared_injection_cases=0
PASS whole_cases=5 noop_cases=4 non_dyadic_long_double_RHS=1 padding_L_unchanged=1 max_error=1.1102230246251565e-16
SOURCE_FEATURES_PASS panel16=1 packedL16=1 has_budget=0 history_budget_bytes=0
MODE=budget THREADS=4 NARROW_VL=0 EXPECT_SVE16=1 EXPECT_PACKEDL16=1
ALLOC_PASS m=1023 n=9 small=1 history_expected=1 history_calls=1 history_bytes=3999744 history_success=1 history_fail=0 x_calls=4 x_bytes=261888 x_success=4 x_fail=0 kb_calls=0 kb_bytes=0 kb_success=0 kb_fail=0 total=5 injected=0 history_level=0 x_level=1 kb_level=-1 shape_bad=0 x_each_worker_once=1
CASE_PASS m=1023 n=9 sve16_entries=126 expected=126 old_entries=2 packed_entries=124 packed_expected=124
ALLOC_PASS m=1024 n=9 small=1 history_expected=1 history_calls=1 history_bytes=4128768 history_success=1 history_fail=0 x_calls=4 x_bytes=262144 x_success=4 x_fail=0 kb_calls=0 kb_bytes=0 kb_success=0 kb_fail=0 total=5 injected=0 history_level=0 x_level=1 kb_level=-1 shape_bad=0 x_each_worker_once=1
CASE_PASS m=1024 n=9 sve16_entries=128 expected=128 old_entries=2 packed_entries=126 packed_expected=126
ALLOC_PASS m=1039 n=9 small=1 history_expected=1 history_calls=1 history_bytes=4128768 history_success=1 history_fail=0 x_calls=4 x_bytes=265984 x_success=4 x_fail=0 kb_calls=0 kb_bytes=0 kb_success=0 kb_fail=0 total=5 injected=0 history_level=0 x_level=1 kb_level=-1 shape_bad=0 x_each_worker_once=1
CASE_PASS m=1039 n=9 sve16_entries=128 expected=128 old_entries=2 packed_entries=126 packed_expected=126
ALLOC_PASS m=1040 n=9 small=1 history_expected=1 history_calls=1 history_bytes=4259840 history_success=1 history_fail=0 x_calls=4 x_bytes=266240 x_success=4 x_fail=0 kb_calls=0 kb_bytes=0 kb_success=0 kb_fail=0 total=5 injected=0 history_level=0 x_level=1 kb_level=-1 shape_bad=0 x_each_worker_once=1
CASE_PASS m=1040 n=9 sve16_entries=130 expected=130 old_entries=2 packed_entries=128 packed_expected=128
ALLOC_PASS m=1041 n=9 small=1 history_expected=1 history_calls=1 history_bytes=4259840 history_success=1 history_fail=0 x_calls=4 x_bytes=266496 x_success=4 x_fail=0 kb_calls=0 kb_bytes=0 kb_success=0 kb_fail=0 total=5 injected=0 history_level=0 x_level=1 kb_level=-1 shape_bad=0 x_each_worker_once=1
CASE_PASS m=1041 n=9 sve16_entries=130 expected=130 old_entries=2 packed_entries=128 packed_expected=128
ALLOCATION_SUMMARY_PASS cases=5 budget_cases=5 shared_injection_cases=0
PASS whole_cases=5 noop_cases=4 non_dyadic_long_double_RHS=1 padding_L_unchanged=1 max_error=1.1102230246251565e-16
SOURCE_FEATURES_PASS panel16=1 packedL16=1 has_budget=0 history_budget_bytes=0
MODE=budget-smoke THREADS=38 NARROW_VL=0 EXPECT_SVE16=1 EXPECT_PACKEDL16=1
ALLOC_PASS m=1039 n=313 small=1 history_expected=1 history_calls=1 history_bytes=4128768 history_success=1 history_fail=0 x_calls=38 x_bytes=2526848 x_success=38 x_fail=0 kb_calls=0 kb_bytes=0 kb_success=0 kb_fail=0 total=39 injected=0 history_level=0 x_level=1 kb_level=-1 shape_bad=0 x_each_worker_once=1
CASE_PASS m=1039 n=313 sve16_entries=2560 expected=2560 old_entries=40 packed_entries=2520 packed_expected=2520
ALLOC_PASS m=1040 n=313 small=1 history_expected=1 history_calls=1 history_bytes=4259840 history_success=1 history_fail=0 x_calls=38 x_bytes=2529280 x_success=38 x_fail=0 kb_calls=0 kb_bytes=0 kb_success=0 kb_fail=0 total=39 injected=0 history_level=0 x_level=1 kb_level=-1 shape_bad=0 x_each_worker_once=1
CASE_PASS m=1040 n=313 sve16_entries=2600 expected=2600 old_entries=40 packed_entries=2560 packed_expected=2560
ALLOCATION_SUMMARY_PASS cases=2 budget_cases=2 shared_injection_cases=0
PASS whole_cases=2 noop_cases=4 non_dyadic_long_double_RHS=1 padding_L_unchanged=1 max_error=1.1102230246251565e-16
SOURCE_FEATURES_PASS panel16=1 packedL16=1 has_budget=0 history_budget_bytes=0
MODE=budget THREADS=4 NARROW_VL=0 EXPECT_SVE16=0 EXPECT_PACKEDL16=0
ALLOC_PASS m=1023 n=9 small=1 history_expected=1 history_calls=1 history_bytes=3999744 history_success=1 history_fail=0 x_calls=4 x_bytes=261888 x_success=0 x_fail=4 kb_calls=0 kb_bytes=0 kb_success=0 kb_fail=0 total=5 injected=4 history_level=0 x_level=1 kb_level=-1 shape_bad=0 x_each_worker_once=1
CASE_PASS m=1023 n=9 sve16_entries=0 expected=0 old_entries=0 packed_entries=0 packed_expected=0
ALLOC_PASS m=1024 n=9 small=1 history_expected=1 history_calls=1 history_bytes=4128768 history_success=1 history_fail=0 x_calls=4 x_bytes=262144 x_success=0 x_fail=4 kb_calls=0 kb_bytes=0 kb_success=0 kb_fail=0 total=5 injected=4 history_level=0 x_level=1 kb_level=-1 shape_bad=0 x_each_worker_once=1
CASE_PASS m=1024 n=9 sve16_entries=0 expected=0 old_entries=0 packed_entries=0 packed_expected=0
ALLOC_PASS m=1039 n=9 small=1 history_expected=1 history_calls=1 history_bytes=4128768 history_success=1 history_fail=0 x_calls=4 x_bytes=265984 x_success=0 x_fail=4 kb_calls=0 kb_bytes=0 kb_success=0 kb_fail=0 total=5 injected=4 history_level=0 x_level=1 kb_level=-1 shape_bad=0 x_each_worker_once=1
CASE_PASS m=1039 n=9 sve16_entries=0 expected=0 old_entries=0 packed_entries=0 packed_expected=0
ALLOC_PASS m=1040 n=9 small=1 history_expected=1 history_calls=1 history_bytes=4259840 history_success=1 history_fail=0 x_calls=4 x_bytes=266240 x_success=0 x_fail=4 kb_calls=0 kb_bytes=0 kb_success=0 kb_fail=0 total=5 injected=4 history_level=0 x_level=1 kb_level=-1 shape_bad=0 x_each_worker_once=1
CASE_PASS m=1040 n=9 sve16_entries=0 expected=0 old_entries=0 packed_entries=0 packed_expected=0
ALLOC_PASS m=1041 n=9 small=1 history_expected=1 history_calls=1 history_bytes=4259840 history_success=1 history_fail=0 x_calls=4 x_bytes=266496 x_success=0 x_fail=4 kb_calls=0 kb_bytes=0 kb_success=0 kb_fail=0 total=5 injected=4 history_level=0 x_level=1 kb_level=-1 shape_bad=0 x_each_worker_once=1
CASE_PASS m=1041 n=9 sve16_entries=0 expected=0 old_entries=0 packed_entries=0 packed_expected=0
ALLOCATION_SUMMARY_PASS cases=5 budget_cases=5 shared_injection_cases=0
PASS whole_cases=5 noop_cases=4 non_dyadic_long_double_RHS=1 padding_L_unchanged=1 max_error=1.1102230246251565e-16
SOURCE_FEATURES_PASS panel16=1 packedL16=1 has_budget=0 history_budget_bytes=0
MODE=budget THREADS=4 NARROW_VL=0 EXPECT_SVE16=0 EXPECT_PACKEDL16=0
ALLOC_PASS m=1023 n=9 small=1 history_expected=0 history_calls=0 history_bytes=0 history_success=0 history_fail=0 x_calls=4 x_bytes=261888 x_success=4 x_fail=0 kb_calls=0 kb_bytes=0 kb_success=0 kb_fail=0 total=4 injected=0 history_level=-1 x_level=1 kb_level=-1 shape_bad=0 x_each_worker_once=1
CASE_PASS m=1023 n=9 sve16_entries=0 expected=0 old_entries=0 packed_entries=0 packed_expected=0
ALLOC_PASS m=1024 n=9 small=1 history_expected=0 history_calls=0 history_bytes=0 history_success=0 history_fail=0 x_calls=4 x_bytes=262144 x_success=4 x_fail=0 kb_calls=0 kb_bytes=0 kb_success=0 kb_fail=0 total=4 injected=0 history_level=-1 x_level=1 kb_level=-1 shape_bad=0 x_each_worker_once=1
CASE_PASS m=1024 n=9 sve16_entries=0 expected=0 old_entries=0 packed_entries=0 packed_expected=0
ALLOC_PASS m=1039 n=9 small=1 history_expected=0 history_calls=0 history_bytes=0 history_success=0 history_fail=0 x_calls=4 x_bytes=265984 x_success=4 x_fail=0 kb_calls=0 kb_bytes=0 kb_success=0 kb_fail=0 total=4 injected=0 history_level=-1 x_level=1 kb_level=-1 shape_bad=0 x_each_worker_once=1
CASE_PASS m=1039 n=9 sve16_entries=0 expected=0 old_entries=0 packed_entries=0 packed_expected=0
ALLOC_PASS m=1040 n=9 small=1 history_expected=0 history_calls=0 history_bytes=0 history_success=0 history_fail=0 x_calls=4 x_bytes=266240 x_success=4 x_fail=0 kb_calls=0 kb_bytes=0 kb_success=0 kb_fail=0 total=4 injected=0 history_level=-1 x_level=1 kb_level=-1 shape_bad=0 x_each_worker_once=1
CASE_PASS m=1040 n=9 sve16_entries=0 expected=0 old_entries=0 packed_entries=0 packed_expected=0
ALLOC_PASS m=1041 n=9 small=1 history_expected=0 history_calls=0 history_bytes=0 history_success=0 history_fail=0 x_calls=4 x_bytes=266496 x_success=4 x_fail=0 kb_calls=0 kb_bytes=0 kb_success=0 kb_fail=0 total=4 injected=0 history_level=-1 x_level=1 kb_level=-1 shape_bad=0 x_each_worker_once=1
CASE_PASS m=1041 n=9 sve16_entries=0 expected=0 old_entries=0 packed_entries=0 packed_expected=0
ALLOCATION_SUMMARY_PASS cases=5 budget_cases=5 shared_injection_cases=0
PASS whole_cases=5 noop_cases=4 non_dyadic_long_double_RHS=1 padding_L_unchanged=1 max_error=1.1102230246251565e-16
SOURCE_FEATURES_PASS panel16=1 packedL16=1 has_budget=0 history_budget_bytes=0
MODE=budget THREADS=4 NARROW_VL=1 EXPECT_SVE16=0 EXPECT_PACKEDL16=0
ALLOC_PASS m=1023 n=9 small=1 history_expected=1 history_calls=1 history_bytes=3999744 history_success=1 history_fail=0 x_calls=4 x_bytes=261888 x_success=4 x_fail=0 kb_calls=0 kb_bytes=0 kb_success=0 kb_fail=0 total=5 injected=0 history_level=0 x_level=1 kb_level=-1 shape_bad=0 x_each_worker_once=1
CASE_PASS m=1023 n=9 sve16_entries=0 expected=0 old_entries=0 packed_entries=0 packed_expected=0
ALLOC_PASS m=1024 n=9 small=1 history_expected=1 history_calls=1 history_bytes=4128768 history_success=1 history_fail=0 x_calls=4 x_bytes=262144 x_success=4 x_fail=0 kb_calls=0 kb_bytes=0 kb_success=0 kb_fail=0 total=5 injected=0 history_level=0 x_level=1 kb_level=-1 shape_bad=0 x_each_worker_once=1
CASE_PASS m=1024 n=9 sve16_entries=0 expected=0 old_entries=0 packed_entries=0 packed_expected=0
ALLOC_PASS m=1039 n=9 small=1 history_expected=1 history_calls=1 history_bytes=4128768 history_success=1 history_fail=0 x_calls=4 x_bytes=265984 x_success=4 x_fail=0 kb_calls=0 kb_bytes=0 kb_success=0 kb_fail=0 total=5 injected=0 history_level=0 x_level=1 kb_level=-1 shape_bad=0 x_each_worker_once=1
CASE_PASS m=1039 n=9 sve16_entries=0 expected=0 old_entries=0 packed_entries=0 packed_expected=0
ALLOC_PASS m=1040 n=9 small=1 history_expected=1 history_calls=1 history_bytes=4259840 history_success=1 history_fail=0 x_calls=4 x_bytes=266240 x_success=4 x_fail=0 kb_calls=0 kb_bytes=0 kb_success=0 kb_fail=0 total=5 injected=0 history_level=0 x_level=1 kb_level=-1 shape_bad=0 x_each_worker_once=1
CASE_PASS m=1040 n=9 sve16_entries=0 expected=0 old_entries=0 packed_entries=0 packed_expected=0
ALLOC_PASS m=1041 n=9 small=1 history_expected=1 history_calls=1 history_bytes=4259840 history_success=1 history_fail=0 x_calls=4 x_bytes=266496 x_success=4 x_fail=0 kb_calls=0 kb_bytes=0 kb_success=0 kb_fail=0 total=5 injected=0 history_level=0 x_level=1 kb_level=-1 shape_bad=0 x_each_worker_once=1
CASE_PASS m=1041 n=9 sve16_entries=0 expected=0 old_entries=0 packed_entries=0 packed_expected=0
ALLOCATION_SUMMARY_PASS cases=5 budget_cases=5 shared_injection_cases=0
PASS whole_cases=5 noop_cases=4 non_dyadic_long_double_RHS=1 padding_L_unchanged=1 max_error=1.1102230246251565e-16
SOURCE_FEATURES_PASS panel16=1 packedL16=1 has_budget=0 history_budget_bytes=0
MODE=budget THREADS=4 NARROW_VL=0 EXPECT_SVE16=1 EXPECT_PACKEDL16=0
ALLOC_PASS m=1023 n=9 small=1 history_expected=1 history_calls=1 history_bytes=3999744 history_success=0 history_fail=1 x_calls=4 x_bytes=261888 x_success=4 x_fail=0 kb_calls=0 kb_bytes=0 kb_success=0 kb_fail=0 total=5 injected=1 history_level=0 x_level=1 kb_level=-1 shape_bad=0 x_each_worker_once=1
CASE_PASS m=1023 n=9 sve16_entries=126 expected=126 old_entries=126 packed_entries=0 packed_expected=0
SHARED_ALLOC_PASS m=1023 n=9 calls=5 injected=1 shared_first=1 later_X_success=4
ALLOC_PASS m=1024 n=9 small=1 history_expected=1 history_calls=1 history_bytes=4128768 history_success=0 history_fail=1 x_calls=4 x_bytes=262144 x_success=4 x_fail=0 kb_calls=0 kb_bytes=0 kb_success=0 kb_fail=0 total=5 injected=1 history_level=0 x_level=1 kb_level=-1 shape_bad=0 x_each_worker_once=1
CASE_PASS m=1024 n=9 sve16_entries=128 expected=128 old_entries=128 packed_entries=0 packed_expected=0
SHARED_ALLOC_PASS m=1024 n=9 calls=5 injected=1 shared_first=1 later_X_success=4
ALLOC_PASS m=1039 n=9 small=1 history_expected=1 history_calls=1 history_bytes=4128768 history_success=0 history_fail=1 x_calls=4 x_bytes=265984 x_success=4 x_fail=0 kb_calls=0 kb_bytes=0 kb_success=0 kb_fail=0 total=5 injected=1 history_level=0 x_level=1 kb_level=-1 shape_bad=0 x_each_worker_once=1
CASE_PASS m=1039 n=9 sve16_entries=128 expected=128 old_entries=128 packed_entries=0 packed_expected=0
SHARED_ALLOC_PASS m=1039 n=9 calls=5 injected=1 shared_first=1 later_X_success=4
ALLOC_PASS m=1040 n=9 small=1 history_expected=1 history_calls=1 history_bytes=4259840 history_success=0 history_fail=1 x_calls=4 x_bytes=266240 x_success=4 x_fail=0 kb_calls=0 kb_bytes=0 kb_success=0 kb_fail=0 total=5 injected=1 history_level=0 x_level=1 kb_level=-1 shape_bad=0 x_each_worker_once=1
CASE_PASS m=1040 n=9 sve16_entries=130 expected=130 old_entries=130 packed_entries=0 packed_expected=0
SHARED_ALLOC_PASS m=1040 n=9 calls=5 injected=1 shared_first=1 later_X_success=4
ALLOC_PASS m=1041 n=9 small=1 history_expected=1 history_calls=1 history_bytes=4259840 history_success=0 history_fail=1 x_calls=4 x_bytes=266496 x_success=4 x_fail=0 kb_calls=0 kb_bytes=0 kb_success=0 kb_fail=0 total=5 injected=1 history_level=0 x_level=1 kb_level=-1 shape_bad=0 x_each_worker_once=1
CASE_PASS m=1041 n=9 sve16_entries=130 expected=130 old_entries=130 packed_entries=0 packed_expected=0
SHARED_ALLOC_PASS m=1041 n=9 calls=5 injected=1 shared_first=1 later_X_success=4
ALLOCATION_SUMMARY_PASS cases=5 budget_cases=5 shared_injection_cases=5
PASS whole_cases=5 noop_cases=4 non_dyadic_long_double_RHS=1 padding_L_unchanged=1 max_error=1.1102230246251565e-16
TRSM_PREFLIGHT_COMPLETE=1 MICRO_CASES=28 WHOLE_CASES=518 NOOP_CASES=64 OLD_MICRO_CASES=14 PACKED_MICRO_CASES=14 SHARED_FAIL_CASES=85 ALLOCATION_CASES=518 BUDGET_CASES=32 BUDGET_SHARED_INJECTIONS=5
{"allowed_cpu_count": 38, "allowed_cpus": [76, 77, 78, 79, 80, 81, 82, 83, 84, 85, 86, 87, 88, 89, 90, 91, 92, 93, 94, 95, 96, 97, 98, 99, 100, 101, 102, 103, 104, 105, 106, 107, 108, 109, 110, 111, 112, 113], "guard_pass": true, "host": "COMPUTE_NODE_1", "numa_nodes": ["node2"], "scheduler_job_id": "1579730"}
gcc (gcc for openEuler 3.0.2) 12.3.1
Copyright (C) 2022 Free Software Foundation, Inc.
This is free software; see the source for copying conditions.  There is NO
warranty; not even for MERCHANTABILITY or FITNESS FOR A PARTICULAR PURPOSE.

SOURCE_FEATURES_PASS panel16=1 packedL16=1 has_budget=1 history_budget_bytes=4194304
MODE=micro THREADS=1 NARROW_VL=0 EXPECT_SVE16=1 EXPECT_PACKEDL16=1
PASS micro_cases=14 ordered_FMA_bitwise=1 prefix_padding_L_unchanged=1 history_unchanged=1
SOURCE_FEATURES_PASS panel16=1 packedL16=1 has_budget=1 history_budget_bytes=4194304
MODE=packed-micro THREADS=1 NARROW_VL=0 EXPECT_SVE16=1 EXPECT_PACKEDL16=1
PASS packed_micro_cases=14 ordered_FMA_bitwise=1 prefix_padding_L_unchanged=1 history_unchanged=1
SOURCE_FEATURES_PASS panel16=1 packedL16=1 has_budget=1 history_budget_bytes=4194304
MODE=full THREADS=1 NARROW_VL=0 EXPECT_SVE16=1 EXPECT_PACKEDL16=1
ALLOC_PASS m=1 n=1 small=1 history_expected=0 history_calls=0 history_bytes=0 history_success=0 history_fail=0 x_calls=1 x_bytes=64 x_success=1 x_fail=0 kb_calls=0 kb_bytes=0 kb_success=0 kb_fail=0 total=1 injected=0 history_level=-1 x_level=1 kb_level=-1 shape_bad=0 x_each_worker_once=1
CASE_PASS m=1 n=1 sve16_entries=0 expected=0 old_entries=0 packed_entries=0 packed_expected=0
ALLOC_PASS m=1 n=7 small=1 history_expected=0 history_calls=0 history_bytes=0 history_success=0 history_fail=0 x_calls=1 x_bytes=64 x_success=1 x_fail=0 kb_calls=0 kb_bytes=0 kb_success=0 kb_fail=0 total=1 injected=0 history_level=-1 x_level=1 kb_level=-1 shape_bad=0 x_each_worker_once=1
CASE_PASS m=1 n=7 sve16_entries=0 expected=0 old_entries=0 packed_entries=0 packed_expected=0
ALLOC_PASS m=1 n=8 small=1 history_expected=0 history_calls=0 history_bytes=0 history_success=0 history_fail=0 x_calls=1 x_bytes=64 x_success=1 x_fail=0 kb_calls=0 kb_bytes=0 kb_success=0 kb_fail=0 total=1 injected=0 history_level=-1 x_level=1 kb_level=-1 shape_bad=0 x_each_worker_once=1
CASE_PASS m=1 n=8 sve16_entries=0 expected=0 old_entries=0 packed_entries=0 packed_expected=0
ALLOC_PASS m=1 n=9 small=1 history_expected=0 history_calls=0 history_bytes=0 history_success=0 history_fail=0 x_calls=1 x_bytes=64 x_success=1 x_fail=0 kb_calls=0 kb_bytes=0 kb_success=0 kb_fail=0 total=1 injected=0 history_level=-1 x_level=1 kb_level=-1 shape_bad=0 x_each_worker_once=1
CASE_PASS m=1 n=9 sve16_entries=0 expected=0 old_entries=0 packed_entries=0 packed_expected=0
ALLOC_PASS m=1 n=17 small=1 history_expected=0 history_calls=0 history_bytes=0 history_success=0 history_fail=0 x_calls=1 x_bytes=64 x_success=1 x_fail=0 kb_calls=0 kb_bytes=0 kb_success=0 kb_fail=0 total=1 injected=0 history_level=-1 x_level=1 kb_level=-1 shape_bad=0 x_each_worker_once=1
CASE_PASS m=1 n=17 sve16_entries=0 expected=0 old_entries=0 packed_entries=0 packed_expected=0
ALLOC_PASS m=3 n=1 small=1 history_expected=0 history_calls=0 history_bytes=0 history_success=0 history_fail=0 x_calls=1 x_bytes=192 x_success=1 x_fail=0 kb_calls=0 kb_bytes=0 kb_success=0 kb_fail=0 total=1 injected=0 history_level=-1 x_level=1 kb_level=-1 shape_bad=0 x_each_worker_once=1
CASE_PASS m=3 n=1 sve16_entries=0 expected=0 old_entries=0 packed_entries=0 packed_expected=0
ALLOC_PASS m=3 n=7 small=1 history_expected=0 history_calls=0 history_bytes=0 history_success=0 history_fail=0 x_calls=1 x_bytes=192 x_success=1 x_fail=0 kb_calls=0 kb_bytes=0 kb_success=0 kb_fail=0 total=1 injected=0 history_level=-1 x_level=1 kb_level=-1 shape_bad=0 x_each_worker_once=1
CASE_PASS m=3 n=7 sve16_entries=0 expected=0 old_entries=0 packed_entries=0 packed_expected=0
ALLOC_PASS m=3 n=8 small=1 history_expected=0 history_calls=0 history_bytes=0 history_success=0 history_fail=0 x_calls=1 x_bytes=192 x_success=1 x_fail=0 kb_calls=0 kb_bytes=0 kb_success=0 kb_fail=0 total=1 injected=0 history_level=-1 x_level=1 kb_level=-1 shape_bad=0 x_each_worker_once=1
CASE_PASS m=3 n=8 sve16_entries=0 expected=0 old_entries=0 packed_entries=0 packed_expected=0
ALLOC_PASS m=3 n=9 small=1 history_expected=0 history_calls=0 history_bytes=0 history_success=0 history_fail=0 x_calls=1 x_bytes=192 x_success=1 x_fail=0 kb_calls=0 kb_bytes=0 kb_success=0 kb_fail=0 total=1 injected=0 history_level=-1 x_level=1 kb_level=-1 shape_bad=0 x_each_worker_once=1
CASE_PASS m=3 n=9 sve16_entries=0 expected=0 old_entries=0 packed_entries=0 packed_expected=0
ALLOC_PASS m=3 n=17 small=1 history_expected=0 history_calls=0 history_bytes=0 history_success=0 history_fail=0 x_calls=1 x_bytes=192 x_success=1 x_fail=0 kb_calls=0 kb_bytes=0 kb_success=0 kb_fail=0 total=1 injected=0 history_level=-1 x_level=1 kb_level=-1 shape_bad=0 x_each_worker_once=1
CASE_PASS m=3 n=17 sve16_entries=0 expected=0 old_entries=0 packed_entries=0 packed_expected=0
ALLOC_PASS m=4 n=1 small=1 history_expected=0 history_calls=0 history_bytes=0 history_success=0 history_fail=0 x_calls=1 x_bytes=256 x_success=1 x_fail=0 kb_calls=0 kb_bytes=0 kb_success=0 kb_fail=0 total=1 injected=0 history_level=-1 x_level=1 kb_level=-1 shape_bad=0 x_each_worker_once=1
CASE_PASS m=4 n=1 sve16_entries=0 expected=0 old_entries=0 packed_entries=0 packed_expected=0
ALLOC_PASS m=4 n=7 small=1 history_expected=0 history_calls=0 history_bytes=0 history_success=0 history_fail=0 x_calls=1 x_bytes=256 x_success=1 x_fail=0 kb_calls=0 kb_bytes=0 kb_success=0 kb_fail=0 total=1 injected=0 history_level=-1 x_level=1 kb_level=-1 shape_bad=0 x_each_worker_once=1
CASE_PASS m=4 n=7 sve16_entries=0 expected=0 old_entries=0 packed_entries=0 packed_expected=0
ALLOC_PASS m=4 n=8 small=1 history_expected=0 history_calls=0 history_bytes=0 history_success=0 history_fail=0 x_calls=1 x_bytes=256 x_success=1 x_fail=0 kb_calls=0 kb_bytes=0 kb_success=0 kb_fail=0 total=1 injected=0 history_level=-1 x_level=1 kb_level=-1 shape_bad=0 x_each_worker_once=1
CASE_PASS m=4 n=8 sve16_entries=0 expected=0 old_entries=0 packed_entries=0 packed_expected=0
ALLOC_PASS m=4 n=9 small=1 history_expected=0 history_calls=0 history_bytes=0 history_success=0 history_fail=0 x_calls=1 x_bytes=256 x_success=1 x_fail=0 kb_calls=0 kb_bytes=0 kb_success=0 kb_fail=0 total=1 injected=0 history_level=-1 x_level=1 kb_level=-1 shape_bad=0 x_each_worker_once=1
CASE_PASS m=4 n=9 sve16_entries=0 expected=0 old_entries=0 packed_entries=0 packed_expected=0
ALLOC_PASS m=4 n=17 small=1 history_expected=0 history_calls=0 history_bytes=0 history_success=0 history_fail=0 x_calls=1 x_bytes=256 x_success=1 x_fail=0 kb_calls=0 kb_bytes=0 kb_success=0 kb_fail=0 total=1 injected=0 history_level=-1 x_level=1 kb_level=-1 shape_bad=0 x_each_worker_once=1
CASE_PASS m=4 n=17 sve16_entries=0 expected=0 old_entries=0 packed_entries=0 packed_expected=0
ALLOC_PASS m=5 n=1 small=1 history_expected=0 history_calls=0 history_bytes=0 history_success=0 history_fail=0 x_calls=1 x_bytes=320 x_success=1 x_fail=0 kb_calls=0 kb_bytes=0 kb_success=0 kb_fail=0 total=1 injected=0 history_level=-1 x_level=1 kb_level=-1 shape_bad=0 x_each_worker_once=1
CASE_PASS m=5 n=1 sve16_entries=0 expected=0 old_entries=0 packed_entries=0 packed_expected=0
ALLOC_PASS m=5 n=7 small=1 history_expected=0 history_calls=0 history_bytes=0 history_success=0 history_fail=0 x_calls=1 x_bytes=320 x_success=1 x_fail=0 kb_calls=0 kb_bytes=0 kb_success=0 kb_fail=0 total=1 injected=0 history_level=-1 x_level=1 kb_level=-1 shape_bad=0 x_each_worker_once=1
CASE_PASS m=5 n=7 sve16_entries=0 expected=0 old_entries=0 packed_entries=0 packed_expected=0
ALLOC_PASS m=5 n=8 small=1 history_expected=0 history_calls=0 history_bytes=0 history_success=0 history_fail=0 x_calls=1 x_bytes=320 x_success=1 x_fail=0 kb_calls=0 kb_bytes=0 kb_success=0 kb_fail=0 total=1 injected=0 history_level=-1 x_level=1 kb_level=-1 shape_bad=0 x_each_worker_once=1
CASE_PASS m=5 n=8 sve16_entries=0 expected=0 old_entries=0 packed_entries=0 packed_expected=0
ALLOC_PASS m=5 n=9 small=1 history_expected=0 history_calls=0 history_bytes=0 history_success=0 history_fail=0 x_calls=1 x_bytes=320 x_success=1 x_fail=0 kb_calls=0 kb_bytes=0 kb_success=0 kb_fail=0 total=1 injected=0 history_level=-1 x_level=1 kb_level=-1 shape_bad=0 x_each_worker_once=1
CASE_PASS m=5 n=9 sve16_entries=0 expected=0 old_entries=0 packed_entries=0 packed_expected=0
ALLOC_PASS m=5 n=17 small=1 history_expected=0 history_calls=0 history_bytes=0 history_success=0 history_fail=0 x_calls=1 x_bytes=320 x_success=1 x_fail=0 kb_calls=0 kb_bytes=0 kb_success=0 kb_fail=0 total=1 injected=0 history_level=-1 x_level=1 kb_level=-1 shape_bad=0 x_each_worker_once=1
CASE_PASS m=5 n=17 sve16_entries=0 expected=0 old_entries=0 packed_entries=0 packed_expected=0
ALLOC_PASS m=15 n=1 small=1 history_expected=0 history_calls=0 history_bytes=0 history_success=0 history_fail=0 x_calls=1 x_bytes=960 x_success=1 x_fail=0 kb_calls=0 kb_bytes=0 kb_success=0 kb_fail=0 total=1 injected=0 history_level=-1 x_level=1 kb_level=-1 shape_bad=0 x_each_worker_once=1
CASE_PASS m=15 n=1 sve16_entries=0 expected=0 old_entries=0 packed_entries=0 packed_expected=0
ALLOC_PASS m=15 n=7 small=1 history_expected=0 history_calls=0 history_bytes=0 history_success=0 history_fail=0 x_calls=1 x_bytes=960 x_success=1 x_fail=0 kb_calls=0 kb_bytes=0 kb_success=0 kb_fail=0 total=1 injected=0 history_level=-1 x_level=1 kb_level=-1 shape_bad=0 x_each_worker_once=1
CASE_PASS m=15 n=7 sve16_entries=0 expected=0 old_entries=0 packed_entries=0 packed_expected=0
ALLOC_PASS m=15 n=8 small=1 history_expected=0 history_calls=0 history_bytes=0 history_success=0 history_fail=0 x_calls=1 x_bytes=960 x_success=1 x_fail=0 kb_calls=0 kb_bytes=0 kb_success=0 kb_fail=0 total=1 injected=0 history_level=-1 x_level=1 kb_level=-1 shape_bad=0 x_each_worker_once=1
CASE_PASS m=15 n=8 sve16_entries=0 expected=0 old_entries=0 packed_entries=0 packed_expected=0
ALLOC_PASS m=15 n=9 small=1 history_expected=0 history_calls=0 history_bytes=0 history_success=0 history_fail=0 x_calls=1 x_bytes=960 x_success=1 x_fail=0 kb_calls=0 kb_bytes=0 kb_success=0 kb_fail=0 total=1 injected=0 history_level=-1 x_level=1 kb_level=-1 shape_bad=0 x_each_worker_once=1
CASE_PASS m=15 n=9 sve16_entries=0 expected=0 old_entries=0 packed_entries=0 packed_expected=0
ALLOC_PASS m=15 n=17 small=1 history_expected=0 history_calls=0 history_bytes=0 history_success=0 history_fail=0 x_calls=1 x_bytes=960 x_success=1 x_fail=0 kb_calls=0 kb_bytes=0 kb_success=0 kb_fail=0 total=1 injected=0 history_level=-1 x_level=1 kb_level=-1 shape_bad=0 x_each_worker_once=1
CASE_PASS m=15 n=17 sve16_entries=0 expected=0 old_entries=0 packed_entries=0 packed_expected=0
ALLOC_PASS m=16 n=1 small=1 history_expected=0 history_calls=0 history_bytes=0 history_success=0 history_fail=0 x_calls=1 x_bytes=1024 x_success=1 x_fail=0 kb_calls=0 kb_bytes=0 kb_success=0 kb_fail=0 total=1 injected=0 history_level=-1 x_level=1 kb_level=-1 shape_bad=0 x_each_worker_once=1
CASE_PASS m=16 n=1 sve16_entries=1 expected=1 old_entries=1 packed_entries=0 packed_expected=0
ALLOC_PASS m=16 n=7 small=1 history_expected=0 history_calls=0 history_bytes=0 history_success=0 history_fail=0 x_calls=1 x_bytes=1024 x_success=1 x_fail=0 kb_calls=0 kb_bytes=0 kb_success=0 kb_fail=0 total=1 injected=0 history_level=-1 x_level=1 kb_level=-1 shape_bad=0 x_each_worker_once=1
CASE_PASS m=16 n=7 sve16_entries=1 expected=1 old_entries=1 packed_entries=0 packed_expected=0
ALLOC_PASS m=16 n=8 small=1 history_expected=0 history_calls=0 history_bytes=0 history_success=0 history_fail=0 x_calls=1 x_bytes=1024 x_success=1 x_fail=0 kb_calls=0 kb_bytes=0 kb_success=0 kb_fail=0 total=1 injected=0 history_level=-1 x_level=1 kb_level=-1 shape_bad=0 x_each_worker_once=1
CASE_PASS m=16 n=8 sve16_entries=1 expected=1 old_entries=1 packed_entries=0 packed_expected=0
ALLOC_PASS m=16 n=9 small=1 history_expected=0 history_calls=0 history_bytes=0 history_success=0 history_fail=0 x_calls=1 x_bytes=1024 x_success=1 x_fail=0 kb_calls=0 kb_bytes=0 kb_success=0 kb_fail=0 total=1 injected=0 history_level=-1 x_level=1 kb_level=-1 shape_bad=0 x_each_worker_once=1
CASE_PASS m=16 n=9 sve16_entries=2 expected=2 old_entries=2 packed_entries=0 packed_expected=0
ALLOC_PASS m=16 n=17 small=1 history_expected=0 history_calls=0 history_bytes=0 history_success=0 history_fail=0 x_calls=1 x_bytes=1024 x_success=1 x_fail=0 kb_calls=0 kb_bytes=0 kb_success=0 kb_fail=0 total=1 injected=0 history_level=-1 x_level=1 kb_level=-1 shape_bad=0 x_each_worker_once=1
CASE_PASS m=16 n=17 sve16_entries=3 expected=3 old_entries=3 packed_entries=0 packed_expected=0
ALLOC_PASS m=17 n=1 small=1 history_expected=0 history_calls=0 history_bytes=0 history_success=0 history_fail=0 x_calls=1 x_bytes=1088 x_success=1 x_fail=0 kb_calls=0 kb_bytes=0 kb_success=0 kb_fail=0 total=1 injected=0 history_level=-1 x_level=1 kb_level=-1 shape_bad=0 x_each_worker_once=1
CASE_PASS m=17 n=1 sve16_entries=1 expected=1 old_entries=1 packed_entries=0 packed_expected=0
ALLOC_PASS m=17 n=7 small=1 history_expected=0 history_calls=0 history_bytes=0 history_success=0 history_fail=0 x_calls=1 x_bytes=1088 x_success=1 x_fail=0 kb_calls=0 kb_bytes=0 kb_success=0 kb_fail=0 total=1 injected=0 history_level=-1 x_level=1 kb_level=-1 shape_bad=0 x_each_worker_once=1
CASE_PASS m=17 n=7 sve16_entries=1 expected=1 old_entries=1 packed_entries=0 packed_expected=0
ALLOC_PASS m=17 n=8 small=1 history_expected=0 history_calls=0 history_bytes=0 history_success=0 history_fail=0 x_calls=1 x_bytes=1088 x_success=1 x_fail=0 kb_calls=0 kb_bytes=0 kb_success=0 kb_fail=0 total=1 injected=0 history_level=-1 x_level=1 kb_level=-1 shape_bad=0 x_each_worker_once=1
CASE_PASS m=17 n=8 sve16_entries=1 expected=1 old_entries=1 packed_entries=0 packed_expected=0
ALLOC_PASS m=17 n=9 small=1 history_expected=0 history_calls=0 history_bytes=0 history_success=0 history_fail=0 x_calls=1 x_bytes=1088 x_success=1 x_fail=0 kb_calls=0 kb_bytes=0 kb_success=0 kb_fail=0 total=1 injected=0 history_level=-1 x_level=1 kb_level=-1 shape_bad=0 x_each_worker_once=1
CASE_PASS m=17 n=9 sve16_entries=2 expected=2 old_entries=2 packed_entries=0 packed_expected=0
ALLOC_PASS m=17 n=17 small=1 history_expected=0 history_calls=0 history_bytes=0 history_success=0 history_fail=0 x_calls=1 x_bytes=1088 x_success=1 x_fail=0 kb_calls=0 kb_bytes=0 kb_success=0 kb_fail=0 total=1 injected=0 history_level=-1 x_level=1 kb_level=-1 shape_bad=0 x_each_worker_once=1
CASE_PASS m=17 n=17 sve16_entries=3 expected=3 old_entries=3 packed_entries=0 packed_expected=0
ALLOC_PASS m=31 n=1 small=1 history_expected=0 history_calls=0 history_bytes=0 history_success=0 history_fail=0 x_calls=1 x_bytes=1984 x_success=1 x_fail=0 kb_calls=0 kb_bytes=0 kb_success=0 kb_fail=0 total=1 injected=0 history_level=-1 x_level=1 kb_level=-1 shape_bad=0 x_each_worker_once=1
CASE_PASS m=31 n=1 sve16_entries=1 expected=1 old_entries=1 packed_entries=0 packed_expected=0
ALLOC_PASS m=31 n=7 small=1 history_expected=0 history_calls=0 history_bytes=0 history_success=0 history_fail=0 x_calls=1 x_bytes=1984 x_success=1 x_fail=0 kb_calls=0 kb_bytes=0 kb_success=0 kb_fail=0 total=1 injected=0 history_level=-1 x_level=1 kb_level=-1 shape_bad=0 x_each_worker_once=1
CASE_PASS m=31 n=7 sve16_entries=1 expected=1 old_entries=1 packed_entries=0 packed_expected=0
ALLOC_PASS m=31 n=8 small=1 history_expected=0 history_calls=0 history_bytes=0 history_success=0 history_fail=0 x_calls=1 x_bytes=1984 x_success=1 x_fail=0 kb_calls=0 kb_bytes=0 kb_success=0 kb_fail=0 total=1 injected=0 history_level=-1 x_level=1 kb_level=-1 shape_bad=0 x_each_worker_once=1
CASE_PASS m=31 n=8 sve16_entries=1 expected=1 old_entries=1 packed_entries=0 packed_expected=0
ALLOC_PASS m=31 n=9 small=1 history_expected=0 history_calls=0 history_bytes=0 history_success=0 history_fail=0 x_calls=1 x_bytes=1984 x_success=1 x_fail=0 kb_calls=0 kb_bytes=0 kb_success=0 kb_fail=0 total=1 injected=0 history_level=-1 x_level=1 kb_level=-1 shape_bad=0 x_each_worker_once=1
CASE_PASS m=31 n=9 sve16_entries=2 expected=2 old_entries=2 packed_entries=0 packed_expected=0
ALLOC_PASS m=31 n=17 small=1 history_expected=0 history_calls=0 history_bytes=0 history_success=0 history_fail=0 x_calls=1 x_bytes=1984 x_success=1 x_fail=0 kb_calls=0 kb_bytes=0 kb_success=0 kb_fail=0 total=1 injected=0 history_level=-1 x_level=1 kb_level=-1 shape_bad=0 x_each_worker_once=1
CASE_PASS m=31 n=17 sve16_entries=3 expected=3 old_entries=3 packed_entries=0 packed_expected=0
ALLOC_PASS m=32 n=1 small=1 history_expected=1 history_calls=1 history_bytes=2048 history_success=1 history_fail=0 x_calls=1 x_bytes=2048 x_success=1 x_fail=0 kb_calls=0 kb_bytes=0 kb_success=0 kb_fail=0 total=2 injected=0 history_level=0 x_level=1 kb_level=-1 shape_bad=0 x_each_worker_once=1
CASE_PASS m=32 n=1 sve16_entries=2 expected=2 old_entries=1 packed_entries=1 packed_expected=1
ALLOC_PASS m=32 n=7 small=1 history_expected=1 history_calls=1 history_bytes=2048 history_success=1 history_fail=0 x_calls=1 x_bytes=2048 x_success=1 x_fail=0 kb_calls=0 kb_bytes=0 kb_success=0 kb_fail=0 total=2 injected=0 history_level=0 x_level=1 kb_level=-1 shape_bad=0 x_each_worker_once=1
CASE_PASS m=32 n=7 sve16_entries=2 expected=2 old_entries=1 packed_entries=1 packed_expected=1
ALLOC_PASS m=32 n=8 small=1 history_expected=1 history_calls=1 history_bytes=2048 history_success=1 history_fail=0 x_calls=1 x_bytes=2048 x_success=1 x_fail=0 kb_calls=0 kb_bytes=0 kb_success=0 kb_fail=0 total=2 injected=0 history_level=0 x_level=1 kb_level=-1 shape_bad=0 x_each_worker_once=1
CASE_PASS m=32 n=8 sve16_entries=2 expected=2 old_entries=1 packed_entries=1 packed_expected=1
ALLOC_PASS m=32 n=9 small=1 history_expected=1 history_calls=1 history_bytes=2048 history_success=1 history_fail=0 x_calls=1 x_bytes=2048 x_success=1 x_fail=0 kb_calls=0 kb_bytes=0 kb_success=0 kb_fail=0 total=2 injected=0 history_level=0 x_level=1 kb_level=-1 shape_bad=0 x_each_worker_once=1
CASE_PASS m=32 n=9 sve16_entries=4 expected=4 old_entries=2 packed_entries=2 packed_expected=2
ALLOC_PASS m=32 n=17 small=1 history_expected=1 history_calls=1 history_bytes=2048 history_success=1 history_fail=0 x_calls=1 x_bytes=2048 x_success=1 x_fail=0 kb_calls=0 kb_bytes=0 kb_success=0 kb_fail=0 total=2 injected=0 history_level=0 x_level=1 kb_level=-1 shape_bad=0 x_each_worker_once=1
CASE_PASS m=32 n=17 sve16_entries=6 expected=6 old_entries=3 packed_entries=3 packed_expected=3
ALLOC_PASS m=33 n=1 small=1 history_expected=1 history_calls=1 history_bytes=2048 history_success=1 history_fail=0 x_calls=1 x_bytes=2112 x_success=1 x_fail=0 kb_calls=0 kb_bytes=0 kb_success=0 kb_fail=0 total=2 injected=0 history_level=0 x_level=1 kb_level=-1 shape_bad=0 x_each_worker_once=1
CASE_PASS m=33 n=1 sve16_entries=2 expected=2 old_entries=1 packed_entries=1 packed_expected=1
ALLOC_PASS m=33 n=7 small=1 history_expected=1 history_calls=1 history_bytes=2048 history_success=1 history_fail=0 x_calls=1 x_bytes=2112 x_success=1 x_fail=0 kb_calls=0 kb_bytes=0 kb_success=0 kb_fail=0 total=2 injected=0 history_level=0 x_level=1 kb_level=-1 shape_bad=0 x_each_worker_once=1
CASE_PASS m=33 n=7 sve16_entries=2 expected=2 old_entries=1 packed_entries=1 packed_expected=1
ALLOC_PASS m=33 n=8 small=1 history_expected=1 history_calls=1 history_bytes=2048 history_success=1 history_fail=0 x_calls=1 x_bytes=2112 x_success=1 x_fail=0 kb_calls=0 kb_bytes=0 kb_success=0 kb_fail=0 total=2 injected=0 history_level=0 x_level=1 kb_level=-1 shape_bad=0 x_each_worker_once=1
CASE_PASS m=33 n=8 sve16_entries=2 expected=2 old_entries=1 packed_entries=1 packed_expected=1
ALLOC_PASS m=33 n=9 small=1 history_expected=1 history_calls=1 history_bytes=2048 history_success=1 history_fail=0 x_calls=1 x_bytes=2112 x_success=1 x_fail=0 kb_calls=0 kb_bytes=0 kb_success=0 kb_fail=0 total=2 injected=0 history_level=0 x_level=1 kb_level=-1 shape_bad=0 x_each_worker_once=1
CASE_PASS m=33 n=9 sve16_entries=4 expected=4 old_entries=2 packed_entries=2 packed_expected=2
ALLOC_PASS m=33 n=17 small=1 history_expected=1 history_calls=1 history_bytes=2048 history_success=1 history_fail=0 x_calls=1 x_bytes=2112 x_success=1 x_fail=0 kb_calls=0 kb_bytes=0 kb_success=0 kb_fail=0 total=2 injected=0 history_level=0 x_level=1 kb_level=-1 shape_bad=0 x_each_worker_once=1
CASE_PASS m=33 n=17 sve16_entries=6 expected=6 old_entries=3 packed_entries=3 packed_expected=3
ALLOC_PASS m=63 n=1 small=1 history_expected=1 history_calls=1 history_bytes=6144 history_success=1 history_fail=0 x_calls=1 x_bytes=4032 x_success=1 x_fail=0 kb_calls=0 kb_bytes=0 kb_success=0 kb_fail=0 total=2 injected=0 history_level=0 x_level=1 kb_level=-1 shape_bad=0 x_each_worker_once=1
CASE_PASS m=63 n=1 sve16_entries=3 expected=3 old_entries=1 packed_entries=2 packed_expected=2
ALLOC_PASS m=63 n=7 small=1 history_expected=1 history_calls=1 history_bytes=6144 history_success=1 history_fail=0 x_calls=1 x_bytes=4032 x_success=1 x_fail=0 kb_calls=0 kb_bytes=0 kb_success=0 kb_fail=0 total=2 injected=0 history_level=0 x_level=1 kb_level=-1 shape_bad=0 x_each_worker_once=1
CASE_PASS m=63 n=7 sve16_entries=3 expected=3 old_entries=1 packed_entries=2 packed_expected=2
ALLOC_PASS m=63 n=8 small=1 history_expected=1 history_calls=1 history_bytes=6144 history_success=1 history_fail=0 x_calls=1 x_bytes=4032 x_success=1 x_fail=0 kb_calls=0 kb_bytes=0 kb_success=0 kb_fail=0 total=2 injected=0 history_level=0 x_level=1 kb_level=-1 shape_bad=0 x_each_worker_once=1
CASE_PASS m=63 n=8 sve16_entries=3 expected=3 old_entries=1 packed_entries=2 packed_expected=2
ALLOC_PASS m=63 n=9 small=1 history_expected=1 history_calls=1 history_bytes=6144 history_success=1 history_fail=0 x_calls=1 x_bytes=4032 x_success=1 x_fail=0 kb_calls=0 kb_bytes=0 kb_success=0 kb_fail=0 total=2 injected=0 history_level=0 x_level=1 kb_level=-1 shape_bad=0 x_each_worker_once=1
CASE_PASS m=63 n=9 sve16_entries=6 expected=6 old_entries=2 packed_entries=4 packed_expected=4
ALLOC_PASS m=63 n=17 small=1 history_expected=1 history_calls=1 history_bytes=6144 history_success=1 history_fail=0 x_calls=1 x_bytes=4032 x_success=1 x_fail=0 kb_calls=0 kb_bytes=0 kb_success=0 kb_fail=0 total=2 injected=0 history_level=0 x_level=1 kb_level=-1 shape_bad=0 x_each_worker_once=1
CASE_PASS m=63 n=17 sve16_entries=9 expected=9 old_entries=3 packed_entries=6 packed_expected=6
ALLOC_PASS m=64 n=1 small=1 history_expected=1 history_calls=1 history_bytes=12288 history_success=1 history_fail=0 x_calls=1 x_bytes=4096 x_success=1 x_fail=0 kb_calls=0 kb_bytes=0 kb_success=0 kb_fail=0 total=2 injected=0 history_level=0 x_level=1 kb_level=-1 shape_bad=0 x_each_worker_once=1
CASE_PASS m=64 n=1 sve16_entries=4 expected=4 old_entries=1 packed_entries=3 packed_expected=3
ALLOC_PASS m=64 n=7 small=1 history_expected=1 history_calls=1 history_bytes=12288 history_success=1 history_fail=0 x_calls=1 x_bytes=4096 x_success=1 x_fail=0 kb_calls=0 kb_bytes=0 kb_success=0 kb_fail=0 total=2 injected=0 history_level=0 x_level=1 kb_level=-1 shape_bad=0 x_each_worker_once=1
CASE_PASS m=64 n=7 sve16_entries=4 expected=4 old_entries=1 packed_entries=3 packed_expected=3
ALLOC_PASS m=64 n=8 small=1 history_expected=1 history_calls=1 history_bytes=12288 history_success=1 history_fail=0 x_calls=1 x_bytes=4096 x_success=1 x_fail=0 kb_calls=0 kb_bytes=0 kb_success=0 kb_fail=0 total=2 injected=0 history_level=0 x_level=1 kb_level=-1 shape_bad=0 x_each_worker_once=1
CASE_PASS m=64 n=8 sve16_entries=4 expected=4 old_entries=1 packed_entries=3 packed_expected=3
ALLOC_PASS m=64 n=9 small=1 history_expected=1 history_calls=1 history_bytes=12288 history_success=1 history_fail=0 x_calls=1 x_bytes=4096 x_success=1 x_fail=0 kb_calls=0 kb_bytes=0 kb_success=0 kb_fail=0 total=2 injected=0 history_level=0 x_level=1 kb_level=-1 shape_bad=0 x_each_worker_once=1
CASE_PASS m=64 n=9 sve16_entries=8 expected=8 old_entries=2 packed_entries=6 packed_expected=6
ALLOC_PASS m=64 n=17 small=1 history_expected=1 history_calls=1 history_bytes=12288 history_success=1 history_fail=0 x_calls=1 x_bytes=4096 x_success=1 x_fail=0 kb_calls=0 kb_bytes=0 kb_success=0 kb_fail=0 total=2 injected=0 history_level=0 x_level=1 kb_level=-1 shape_bad=0 x_each_worker_once=1
CASE_PASS m=64 n=17 sve16_entries=12 expected=12 old_entries=3 packed_entries=9 packed_expected=9
ALLOC_PASS m=65 n=1 small=1 history_expected=1 history_calls=1 history_bytes=12288 history_success=1 history_fail=0 x_calls=1 x_bytes=4160 x_success=1 x_fail=0 kb_calls=0 kb_bytes=0 kb_success=0 kb_fail=0 total=2 injected=0 history_level=0 x_level=1 kb_level=-1 shape_bad=0 x_each_worker_once=1
CASE_PASS m=65 n=1 sve16_entries=4 expected=4 old_entries=1 packed_entries=3 packed_expected=3
ALLOC_PASS m=65 n=7 small=1 history_expected=1 history_calls=1 history_bytes=12288 history_success=1 history_fail=0 x_calls=1 x_bytes=4160 x_success=1 x_fail=0 kb_calls=0 kb_bytes=0 kb_success=0 kb_fail=0 total=2 injected=0 history_level=0 x_level=1 kb_level=-1 shape_bad=0 x_each_worker_once=1
CASE_PASS m=65 n=7 sve16_entries=4 expected=4 old_entries=1 packed_entries=3 packed_expected=3
ALLOC_PASS m=65 n=8 small=1 history_expected=1 history_calls=1 history_bytes=12288 history_success=1 history_fail=0 x_calls=1 x_bytes=4160 x_success=1 x_fail=0 kb_calls=0 kb_bytes=0 kb_success=0 kb_fail=0 total=2 injected=0 history_level=0 x_level=1 kb_level=-1 shape_bad=0 x_each_worker_once=1
CASE_PASS m=65 n=8 sve16_entries=4 expected=4 old_entries=1 packed_entries=3 packed_expected=3
ALLOC_PASS m=65 n=9 small=1 history_expected=1 history_calls=1 history_bytes=12288 history_success=1 history_fail=0 x_calls=1 x_bytes=4160 x_success=1 x_fail=0 kb_calls=0 kb_bytes=0 kb_success=0 kb_fail=0 total=2 injected=0 history_level=0 x_level=1 kb_level=-1 shape_bad=0 x_each_worker_once=1
CASE_PASS m=65 n=9 sve16_entries=8 expected=8 old_entries=2 packed_entries=6 packed_expected=6
ALLOC_PASS m=65 n=17 small=1 history_expected=1 history_calls=1 history_bytes=12288 history_success=1 history_fail=0 x_calls=1 x_bytes=4160 x_success=1 x_fail=0 kb_calls=0 kb_bytes=0 kb_success=0 kb_fail=0 total=2 injected=0 history_level=0 x_level=1 kb_level=-1 shape_bad=0 x_each_worker_once=1
CASE_PASS m=65 n=17 sve16_entries=12 expected=12 old_entries=3 packed_entries=9 packed_expected=9
ALLOC_PASS m=255 n=1 small=1 history_expected=1 history_calls=1 history_bytes=215040 history_success=1 history_fail=0 x_calls=1 x_bytes=16320 x_success=1 x_fail=0 kb_calls=0 kb_bytes=0 kb_success=0 kb_fail=0 total=2 injected=0 history_level=0 x_level=1 kb_level=-1 shape_bad=0 x_each_worker_once=1
CASE_PASS m=255 n=1 sve16_entries=15 expected=15 old_entries=1 packed_entries=14 packed_expected=14
ALLOC_PASS m=255 n=7 small=1 history_expected=1 history_calls=1 history_bytes=215040 history_success=1 history_fail=0 x_calls=1 x_bytes=16320 x_success=1 x_fail=0 kb_calls=0 kb_bytes=0 kb_success=0 kb_fail=0 total=2 injected=0 history_level=0 x_level=1 kb_level=-1 shape_bad=0 x_each_worker_once=1
CASE_PASS m=255 n=7 sve16_entries=15 expected=15 old_entries=1 packed_entries=14 packed_expected=14
ALLOC_PASS m=255 n=8 small=1 history_expected=1 history_calls=1 history_bytes=215040 history_success=1 history_fail=0 x_calls=1 x_bytes=16320 x_success=1 x_fail=0 kb_calls=0 kb_bytes=0 kb_success=0 kb_fail=0 total=2 injected=0 history_level=0 x_level=1 kb_level=-1 shape_bad=0 x_each_worker_once=1
CASE_PASS m=255 n=8 sve16_entries=15 expected=15 old_entries=1 packed_entries=14 packed_expected=14
ALLOC_PASS m=255 n=9 small=1 history_expected=1 history_calls=1 history_bytes=215040 history_success=1 history_fail=0 x_calls=1 x_bytes=16320 x_success=1 x_fail=0 kb_calls=0 kb_bytes=0 kb_success=0 kb_fail=0 total=2 injected=0 history_level=0 x_level=1 kb_level=-1 shape_bad=0 x_each_worker_once=1
CASE_PASS m=255 n=9 sve16_entries=30 expected=30 old_entries=2 packed_entries=28 packed_expected=28
ALLOC_PASS m=255 n=17 small=1 history_expected=1 history_calls=1 history_bytes=215040 history_success=1 history_fail=0 x_calls=1 x_bytes=16320 x_success=1 x_fail=0 kb_calls=0 kb_bytes=0 kb_success=0 kb_fail=0 total=2 injected=0 history_level=0 x_level=1 kb_level=-1 shape_bad=0 x_each_worker_once=1
CASE_PASS m=255 n=17 sve16_entries=45 expected=45 old_entries=3 packed_entries=42 packed_expected=42
ALLOC_PASS m=256 n=1 small=1 history_expected=1 history_calls=1 history_bytes=245760 history_success=1 history_fail=0 x_calls=1 x_bytes=16384 x_success=1 x_fail=0 kb_calls=0 kb_bytes=0 kb_success=0 kb_fail=0 total=2 injected=0 history_level=0 x_level=1 kb_level=-1 shape_bad=0 x_each_worker_once=1
CASE_PASS m=256 n=1 sve16_entries=16 expected=16 old_entries=1 packed_entries=15 packed_expected=15
ALLOC_PASS m=256 n=7 small=1 history_expected=1 history_calls=1 history_bytes=245760 history_success=1 history_fail=0 x_calls=1 x_bytes=16384 x_success=1 x_fail=0 kb_calls=0 kb_bytes=0 kb_success=0 kb_fail=0 total=2 injected=0 history_level=0 x_level=1 kb_level=-1 shape_bad=0 x_each_worker_once=1
CASE_PASS m=256 n=7 sve16_entries=16 expected=16 old_entries=1 packed_entries=15 packed_expected=15
ALLOC_PASS m=256 n=8 small=1 history_expected=1 history_calls=1 history_bytes=245760 history_success=1 history_fail=0 x_calls=1 x_bytes=16384 x_success=1 x_fail=0 kb_calls=0 kb_bytes=0 kb_success=0 kb_fail=0 total=2 injected=0 history_level=0 x_level=1 kb_level=-1 shape_bad=0 x_each_worker_once=1
CASE_PASS m=256 n=8 sve16_entries=16 expected=16 old_entries=1 packed_entries=15 packed_expected=15
ALLOC_PASS m=256 n=9 small=1 history_expected=1 history_calls=1 history_bytes=245760 history_success=1 history_fail=0 x_calls=1 x_bytes=16384 x_success=1 x_fail=0 kb_calls=0 kb_bytes=0 kb_success=0 kb_fail=0 total=2 injected=0 history_level=0 x_level=1 kb_level=-1 shape_bad=0 x_each_worker_once=1
CASE_PASS m=256 n=9 sve16_entries=32 expected=32 old_entries=2 packed_entries=30 packed_expected=30
ALLOC_PASS m=256 n=17 small=1 history_expected=1 history_calls=1 history_bytes=245760 history_success=1 history_fail=0 x_calls=1 x_bytes=16384 x_success=1 x_fail=0 kb_calls=0 kb_bytes=0 kb_success=0 kb_fail=0 total=2 injected=0 history_level=0 x_level=1 kb_level=-1 shape_bad=0 x_each_worker_once=1
CASE_PASS m=256 n=17 sve16_entries=48 expected=48 old_entries=3 packed_entries=45 packed_expected=45
ALLOC_PASS m=257 n=1 small=1 history_expected=1 history_calls=1 history_bytes=245760 history_success=1 history_fail=0 x_calls=1 x_bytes=16448 x_success=1 x_fail=0 kb_calls=0 kb_bytes=0 kb_success=0 kb_fail=0 total=2 injected=0 history_level=0 x_level=1 kb_level=-1 shape_bad=0 x_each_worker_once=1
CASE_PASS m=257 n=1 sve16_entries=16 expected=16 old_entries=1 packed_entries=15 packed_expected=15
ALLOC_PASS m=257 n=7 small=1 history_expected=1 history_calls=1 history_bytes=245760 history_success=1 history_fail=0 x_calls=1 x_bytes=16448 x_success=1 x_fail=0 kb_calls=0 kb_bytes=0 kb_success=0 kb_fail=0 total=2 injected=0 history_level=0 x_level=1 kb_level=-1 shape_bad=0 x_each_worker_once=1
CASE_PASS m=257 n=7 sve16_entries=16 expected=16 old_entries=1 packed_entries=15 packed_expected=15
ALLOC_PASS m=257 n=8 small=1 history_expected=1 history_calls=1 history_bytes=245760 history_success=1 history_fail=0 x_calls=1 x_bytes=16448 x_success=1 x_fail=0 kb_calls=0 kb_bytes=0 kb_success=0 kb_fail=0 total=2 injected=0 history_level=0 x_level=1 kb_level=-1 shape_bad=0 x_each_worker_once=1
CASE_PASS m=257 n=8 sve16_entries=16 expected=16 old_entries=1 packed_entries=15 packed_expected=15
ALLOC_PASS m=257 n=9 small=1 history_expected=1 history_calls=1 history_bytes=245760 history_success=1 history_fail=0 x_calls=1 x_bytes=16448 x_success=1 x_fail=0 kb_calls=0 kb_bytes=0 kb_success=0 kb_fail=0 total=2 injected=0 history_level=0 x_level=1 kb_level=-1 shape_bad=0 x_each_worker_once=1
CASE_PASS m=257 n=9 sve16_entries=32 expected=32 old_entries=2 packed_entries=30 packed_expected=30
ALLOC_PASS m=257 n=17 small=1 history_expected=1 history_calls=1 history_bytes=245760 history_success=1 history_fail=0 x_calls=1 x_bytes=16448 x_success=1 x_fail=0 kb_calls=0 kb_bytes=0 kb_success=0 kb_fail=0 total=2 injected=0 history_level=0 x_level=1 kb_level=-1 shape_bad=0 x_each_worker_once=1
CASE_PASS m=257 n=17 sve16_entries=48 expected=48 old_entries=3 packed_entries=45 packed_expected=45
ALLOCATION_SUMMARY_PASS cases=80 budget_cases=0 shared_injection_cases=0
PASS whole_cases=80 noop_cases=4 non_dyadic_long_double_RHS=1 padding_L_unchanged=1 max_error=1.1102230246251565e-16
SOURCE_FEATURES_PASS panel16=1 packedL16=1 has_budget=1 history_budget_bytes=4194304
MODE=full THREADS=4 NARROW_VL=0 EXPECT_SVE16=1 EXPECT_PACKEDL16=1
ALLOC_PASS m=1 n=1 small=1 history_expected=0 history_calls=0 history_bytes=0 history_success=0 history_fail=0 x_calls=4 x_bytes=256 x_success=4 x_fail=0 kb_calls=0 kb_bytes=0 kb_success=0 kb_fail=0 total=4 injected=0 history_level=-1 x_level=1 kb_level=-1 shape_bad=0 x_each_worker_once=1
CASE_PASS m=1 n=1 sve16_entries=0 expected=0 old_entries=0 packed_entries=0 packed_expected=0
ALLOC_PASS m=1 n=7 small=1 history_expected=0 history_calls=0 history_bytes=0 history_success=0 history_fail=0 x_calls=4 x_bytes=256 x_success=4 x_fail=0 kb_calls=0 kb_bytes=0 kb_success=0 kb_fail=0 total=4 injected=0 history_level=-1 x_level=1 kb_level=-1 shape_bad=0 x_each_worker_once=1
CASE_PASS m=1 n=7 sve16_entries=0 expected=0 old_entries=0 packed_entries=0 packed_expected=0
ALLOC_PASS m=1 n=8 small=1 history_expected=0 history_calls=0 history_bytes=0 history_success=0 history_fail=0 x_calls=4 x_bytes=256 x_success=4 x_fail=0 kb_calls=0 kb_bytes=0 kb_success=0 kb_fail=0 total=4 injected=0 history_level=-1 x_level=1 kb_level=-1 shape_bad=0 x_each_worker_once=1
CASE_PASS m=1 n=8 sve16_entries=0 expected=0 old_entries=0 packed_entries=0 packed_expected=0
ALLOC_PASS m=1 n=9 small=1 history_expected=0 history_calls=0 history_bytes=0 history_success=0 history_fail=0 x_calls=4 x_bytes=256 x_success=4 x_fail=0 kb_calls=0 kb_bytes=0 kb_success=0 kb_fail=0 total=4 injected=0 history_level=-1 x_level=1 kb_level=-1 shape_bad=0 x_each_worker_once=1
CASE_PASS m=1 n=9 sve16_entries=0 expected=0 old_entries=0 packed_entries=0 packed_expected=0
ALLOC_PASS m=1 n=17 small=1 history_expected=0 history_calls=0 history_bytes=0 history_success=0 history_fail=0 x_calls=4 x_bytes=256 x_success=4 x_fail=0 kb_calls=0 kb_bytes=0 kb_success=0 kb_fail=0 total=4 injected=0 history_level=-1 x_level=1 kb_level=-1 shape_bad=0 x_each_worker_once=1
CASE_PASS m=1 n=17 sve16_entries=0 expected=0 old_entries=0 packed_entries=0 packed_expected=0
ALLOC_PASS m=3 n=1 small=1 history_expected=0 history_calls=0 history_bytes=0 history_success=0 history_fail=0 x_calls=4 x_bytes=768 x_success=4 x_fail=0 kb_calls=0 kb_bytes=0 kb_success=0 kb_fail=0 total=4 injected=0 history_level=-1 x_level=1 kb_level=-1 shape_bad=0 x_each_worker_once=1
CASE_PASS m=3 n=1 sve16_entries=0 expected=0 old_entries=0 packed_entries=0 packed_expected=0
ALLOC_PASS m=3 n=7 small=1 history_expected=0 history_calls=0 history_bytes=0 history_success=0 history_fail=0 x_calls=4 x_bytes=768 x_success=4 x_fail=0 kb_calls=0 kb_bytes=0 kb_success=0 kb_fail=0 total=4 injected=0 history_level=-1 x_level=1 kb_level=-1 shape_bad=0 x_each_worker_once=1
CASE_PASS m=3 n=7 sve16_entries=0 expected=0 old_entries=0 packed_entries=0 packed_expected=0
ALLOC_PASS m=3 n=8 small=1 history_expected=0 history_calls=0 history_bytes=0 history_success=0 history_fail=0 x_calls=4 x_bytes=768 x_success=4 x_fail=0 kb_calls=0 kb_bytes=0 kb_success=0 kb_fail=0 total=4 injected=0 history_level=-1 x_level=1 kb_level=-1 shape_bad=0 x_each_worker_once=1
CASE_PASS m=3 n=8 sve16_entries=0 expected=0 old_entries=0 packed_entries=0 packed_expected=0
ALLOC_PASS m=3 n=9 small=1 history_expected=0 history_calls=0 history_bytes=0 history_success=0 history_fail=0 x_calls=4 x_bytes=768 x_success=4 x_fail=0 kb_calls=0 kb_bytes=0 kb_success=0 kb_fail=0 total=4 injected=0 history_level=-1 x_level=1 kb_level=-1 shape_bad=0 x_each_worker_once=1
CASE_PASS m=3 n=9 sve16_entries=0 expected=0 old_entries=0 packed_entries=0 packed_expected=0
ALLOC_PASS m=3 n=17 small=1 history_expected=0 history_calls=0 history_bytes=0 history_success=0 history_fail=0 x_calls=4 x_bytes=768 x_success=4 x_fail=0 kb_calls=0 kb_bytes=0 kb_success=0 kb_fail=0 total=4 injected=0 history_level=-1 x_level=1 kb_level=-1 shape_bad=0 x_each_worker_once=1
CASE_PASS m=3 n=17 sve16_entries=0 expected=0 old_entries=0 packed_entries=0 packed_expected=0
ALLOC_PASS m=4 n=1 small=1 history_expected=0 history_calls=0 history_bytes=0 history_success=0 history_fail=0 x_calls=4 x_bytes=1024 x_success=4 x_fail=0 kb_calls=0 kb_bytes=0 kb_success=0 kb_fail=0 total=4 injected=0 history_level=-1 x_level=1 kb_level=-1 shape_bad=0 x_each_worker_once=1
CASE_PASS m=4 n=1 sve16_entries=0 expected=0 old_entries=0 packed_entries=0 packed_expected=0
ALLOC_PASS m=4 n=7 small=1 history_expected=0 history_calls=0 history_bytes=0 history_success=0 history_fail=0 x_calls=4 x_bytes=1024 x_success=4 x_fail=0 kb_calls=0 kb_bytes=0 kb_success=0 kb_fail=0 total=4 injected=0 history_level=-1 x_level=1 kb_level=-1 shape_bad=0 x_each_worker_once=1
CASE_PASS m=4 n=7 sve16_entries=0 expected=0 old_entries=0 packed_entries=0 packed_expected=0
ALLOC_PASS m=4 n=8 small=1 history_expected=0 history_calls=0 history_bytes=0 history_success=0 history_fail=0 x_calls=4 x_bytes=1024 x_success=4 x_fail=0 kb_calls=0 kb_bytes=0 kb_success=0 kb_fail=0 total=4 injected=0 history_level=-1 x_level=1 kb_level=-1 shape_bad=0 x_each_worker_once=1
CASE_PASS m=4 n=8 sve16_entries=0 expected=0 old_entries=0 packed_entries=0 packed_expected=0
ALLOC_PASS m=4 n=9 small=1 history_expected=0 history_calls=0 history_bytes=0 history_success=0 history_fail=0 x_calls=4 x_bytes=1024 x_success=4 x_fail=0 kb_calls=0 kb_bytes=0 kb_success=0 kb_fail=0 total=4 injected=0 history_level=-1 x_level=1 kb_level=-1 shape_bad=0 x_each_worker_once=1
CASE_PASS m=4 n=9 sve16_entries=0 expected=0 old_entries=0 packed_entries=0 packed_expected=0
ALLOC_PASS m=4 n=17 small=1 history_expected=0 history_calls=0 history_bytes=0 history_success=0 history_fail=0 x_calls=4 x_bytes=1024 x_success=4 x_fail=0 kb_calls=0 kb_bytes=0 kb_success=0 kb_fail=0 total=4 injected=0 history_level=-1 x_level=1 kb_level=-1 shape_bad=0 x_each_worker_once=1
CASE_PASS m=4 n=17 sve16_entries=0 expected=0 old_entries=0 packed_entries=0 packed_expected=0
ALLOC_PASS m=5 n=1 small=1 history_expected=0 history_calls=0 history_bytes=0 history_success=0 history_fail=0 x_calls=4 x_bytes=1280 x_success=4 x_fail=0 kb_calls=0 kb_bytes=0 kb_success=0 kb_fail=0 total=4 injected=0 history_level=-1 x_level=1 kb_level=-1 shape_bad=0 x_each_worker_once=1
CASE_PASS m=5 n=1 sve16_entries=0 expected=0 old_entries=0 packed_entries=0 packed_expected=0
ALLOC_PASS m=5 n=7 small=1 history_expected=0 history_calls=0 history_bytes=0 history_success=0 history_fail=0 x_calls=4 x_bytes=1280 x_success=4 x_fail=0 kb_calls=0 kb_bytes=0 kb_success=0 kb_fail=0 total=4 injected=0 history_level=-1 x_level=1 kb_level=-1 shape_bad=0 x_each_worker_once=1
CASE_PASS m=5 n=7 sve16_entries=0 expected=0 old_entries=0 packed_entries=0 packed_expected=0
ALLOC_PASS m=5 n=8 small=1 history_expected=0 history_calls=0 history_bytes=0 history_success=0 history_fail=0 x_calls=4 x_bytes=1280 x_success=4 x_fail=0 kb_calls=0 kb_bytes=0 kb_success=0 kb_fail=0 total=4 injected=0 history_level=-1 x_level=1 kb_level=-1 shape_bad=0 x_each_worker_once=1
CASE_PASS m=5 n=8 sve16_entries=0 expected=0 old_entries=0 packed_entries=0 packed_expected=0
ALLOC_PASS m=5 n=9 small=1 history_expected=0 history_calls=0 history_bytes=0 history_success=0 history_fail=0 x_calls=4 x_bytes=1280 x_success=4 x_fail=0 kb_calls=0 kb_bytes=0 kb_success=0 kb_fail=0 total=4 injected=0 history_level=-1 x_level=1 kb_level=-1 shape_bad=0 x_each_worker_once=1
CASE_PASS m=5 n=9 sve16_entries=0 expected=0 old_entries=0 packed_entries=0 packed_expected=0
ALLOC_PASS m=5 n=17 small=1 history_expected=0 history_calls=0 history_bytes=0 history_success=0 history_fail=0 x_calls=4 x_bytes=1280 x_success=4 x_fail=0 kb_calls=0 kb_bytes=0 kb_success=0 kb_fail=0 total=4 injected=0 history_level=-1 x_level=1 kb_level=-1 shape_bad=0 x_each_worker_once=1
CASE_PASS m=5 n=17 sve16_entries=0 expected=0 old_entries=0 packed_entries=0 packed_expected=0
ALLOC_PASS m=15 n=1 small=1 history_expected=0 history_calls=0 history_bytes=0 history_success=0 history_fail=0 x_calls=4 x_bytes=3840 x_success=4 x_fail=0 kb_calls=0 kb_bytes=0 kb_success=0 kb_fail=0 total=4 injected=0 history_level=-1 x_level=1 kb_level=-1 shape_bad=0 x_each_worker_once=1
CASE_PASS m=15 n=1 sve16_entries=0 expected=0 old_entries=0 packed_entries=0 packed_expected=0
ALLOC_PASS m=15 n=7 small=1 history_expected=0 history_calls=0 history_bytes=0 history_success=0 history_fail=0 x_calls=4 x_bytes=3840 x_success=4 x_fail=0 kb_calls=0 kb_bytes=0 kb_success=0 kb_fail=0 total=4 injected=0 history_level=-1 x_level=1 kb_level=-1 shape_bad=0 x_each_worker_once=1
CASE_PASS m=15 n=7 sve16_entries=0 expected=0 old_entries=0 packed_entries=0 packed_expected=0
ALLOC_PASS m=15 n=8 small=1 history_expected=0 history_calls=0 history_bytes=0 history_success=0 history_fail=0 x_calls=4 x_bytes=3840 x_success=4 x_fail=0 kb_calls=0 kb_bytes=0 kb_success=0 kb_fail=0 total=4 injected=0 history_level=-1 x_level=1 kb_level=-1 shape_bad=0 x_each_worker_once=1
CASE_PASS m=15 n=8 sve16_entries=0 expected=0 old_entries=0 packed_entries=0 packed_expected=0
ALLOC_PASS m=15 n=9 small=1 history_expected=0 history_calls=0 history_bytes=0 history_success=0 history_fail=0 x_calls=4 x_bytes=3840 x_success=4 x_fail=0 kb_calls=0 kb_bytes=0 kb_success=0 kb_fail=0 total=4 injected=0 history_level=-1 x_level=1 kb_level=-1 shape_bad=0 x_each_worker_once=1
CASE_PASS m=15 n=9 sve16_entries=0 expected=0 old_entries=0 packed_entries=0 packed_expected=0
ALLOC_PASS m=15 n=17 small=1 history_expected=0 history_calls=0 history_bytes=0 history_success=0 history_fail=0 x_calls=4 x_bytes=3840 x_success=4 x_fail=0 kb_calls=0 kb_bytes=0 kb_success=0 kb_fail=0 total=4 injected=0 history_level=-1 x_level=1 kb_level=-1 shape_bad=0 x_each_worker_once=1
CASE_PASS m=15 n=17 sve16_entries=0 expected=0 old_entries=0 packed_entries=0 packed_expected=0
ALLOC_PASS m=16 n=1 small=1 history_expected=0 history_calls=0 history_bytes=0 history_success=0 history_fail=0 x_calls=4 x_bytes=4096 x_success=4 x_fail=0 kb_calls=0 kb_bytes=0 kb_success=0 kb_fail=0 total=4 injected=0 history_level=-1 x_level=1 kb_level=-1 shape_bad=0 x_each_worker_once=1
CASE_PASS m=16 n=1 sve16_entries=1 expected=1 old_entries=1 packed_entries=0 packed_expected=0
ALLOC_PASS m=16 n=7 small=1 history_expected=0 history_calls=0 history_bytes=0 history_success=0 history_fail=0 x_calls=4 x_bytes=4096 x_success=4 x_fail=0 kb_calls=0 kb_bytes=0 kb_success=0 kb_fail=0 total=4 injected=0 history_level=-1 x_level=1 kb_level=-1 shape_bad=0 x_each_worker_once=1
CASE_PASS m=16 n=7 sve16_entries=1 expected=1 old_entries=1 packed_entries=0 packed_expected=0
ALLOC_PASS m=16 n=8 small=1 history_expected=0 history_calls=0 history_bytes=0 history_success=0 history_fail=0 x_calls=4 x_bytes=4096 x_success=4 x_fail=0 kb_calls=0 kb_bytes=0 kb_success=0 kb_fail=0 total=4 injected=0 history_level=-1 x_level=1 kb_level=-1 shape_bad=0 x_each_worker_once=1
CASE_PASS m=16 n=8 sve16_entries=1 expected=1 old_entries=1 packed_entries=0 packed_expected=0
ALLOC_PASS m=16 n=9 small=1 history_expected=0 history_calls=0 history_bytes=0 history_success=0 history_fail=0 x_calls=4 x_bytes=4096 x_success=4 x_fail=0 kb_calls=0 kb_bytes=0 kb_success=0 kb_fail=0 total=4 injected=0 history_level=-1 x_level=1 kb_level=-1 shape_bad=0 x_each_worker_once=1
CASE_PASS m=16 n=9 sve16_entries=2 expected=2 old_entries=2 packed_entries=0 packed_expected=0
ALLOC_PASS m=16 n=17 small=1 history_expected=0 history_calls=0 history_bytes=0 history_success=0 history_fail=0 x_calls=4 x_bytes=4096 x_success=4 x_fail=0 kb_calls=0 kb_bytes=0 kb_success=0 kb_fail=0 total=4 injected=0 history_level=-1 x_level=1 kb_level=-1 shape_bad=0 x_each_worker_once=1
CASE_PASS m=16 n=17 sve16_entries=3 expected=3 old_entries=3 packed_entries=0 packed_expected=0
ALLOC_PASS m=17 n=1 small=1 history_expected=0 history_calls=0 history_bytes=0 history_success=0 history_fail=0 x_calls=4 x_bytes=4352 x_success=4 x_fail=0 kb_calls=0 kb_bytes=0 kb_success=0 kb_fail=0 total=4 injected=0 history_level=-1 x_level=1 kb_level=-1 shape_bad=0 x_each_worker_once=1
CASE_PASS m=17 n=1 sve16_entries=1 expected=1 old_entries=1 packed_entries=0 packed_expected=0
ALLOC_PASS m=17 n=7 small=1 history_expected=0 history_calls=0 history_bytes=0 history_success=0 history_fail=0 x_calls=4 x_bytes=4352 x_success=4 x_fail=0 kb_calls=0 kb_bytes=0 kb_success=0 kb_fail=0 total=4 injected=0 history_level=-1 x_level=1 kb_level=-1 shape_bad=0 x_each_worker_once=1
CASE_PASS m=17 n=7 sve16_entries=1 expected=1 old_entries=1 packed_entries=0 packed_expected=0
ALLOC_PASS m=17 n=8 small=1 history_expected=0 history_calls=0 history_bytes=0 history_success=0 history_fail=0 x_calls=4 x_bytes=4352 x_success=4 x_fail=0 kb_calls=0 kb_bytes=0 kb_success=0 kb_fail=0 total=4 injected=0 history_level=-1 x_level=1 kb_level=-1 shape_bad=0 x_each_worker_once=1
CASE_PASS m=17 n=8 sve16_entries=1 expected=1 old_entries=1 packed_entries=0 packed_expected=0
ALLOC_PASS m=17 n=9 small=1 history_expected=0 history_calls=0 history_bytes=0 history_success=0 history_fail=0 x_calls=4 x_bytes=4352 x_success=4 x_fail=0 kb_calls=0 kb_bytes=0 kb_success=0 kb_fail=0 total=4 injected=0 history_level=-1 x_level=1 kb_level=-1 shape_bad=0 x_each_worker_once=1
CASE_PASS m=17 n=9 sve16_entries=2 expected=2 old_entries=2 packed_entries=0 packed_expected=0
ALLOC_PASS m=17 n=17 small=1 history_expected=0 history_calls=0 history_bytes=0 history_success=0 history_fail=0 x_calls=4 x_bytes=4352 x_success=4 x_fail=0 kb_calls=0 kb_bytes=0 kb_success=0 kb_fail=0 total=4 injected=0 history_level=-1 x_level=1 kb_level=-1 shape_bad=0 x_each_worker_once=1
CASE_PASS m=17 n=17 sve16_entries=3 expected=3 old_entries=3 packed_entries=0 packed_expected=0
ALLOC_PASS m=31 n=1 small=1 history_expected=0 history_calls=0 history_bytes=0 history_success=0 history_fail=0 x_calls=4 x_bytes=7936 x_success=4 x_fail=0 kb_calls=0 kb_bytes=0 kb_success=0 kb_fail=0 total=4 injected=0 history_level=-1 x_level=1 kb_level=-1 shape_bad=0 x_each_worker_once=1
CASE_PASS m=31 n=1 sve16_entries=1 expected=1 old_entries=1 packed_entries=0 packed_expected=0
ALLOC_PASS m=31 n=7 small=1 history_expected=0 history_calls=0 history_bytes=0 history_success=0 history_fail=0 x_calls=4 x_bytes=7936 x_success=4 x_fail=0 kb_calls=0 kb_bytes=0 kb_success=0 kb_fail=0 total=4 injected=0 history_level=-1 x_level=1 kb_level=-1 shape_bad=0 x_each_worker_once=1
CASE_PASS m=31 n=7 sve16_entries=1 expected=1 old_entries=1 packed_entries=0 packed_expected=0
ALLOC_PASS m=31 n=8 small=1 history_expected=0 history_calls=0 history_bytes=0 history_success=0 history_fail=0 x_calls=4 x_bytes=7936 x_success=4 x_fail=0 kb_calls=0 kb_bytes=0 kb_success=0 kb_fail=0 total=4 injected=0 history_level=-1 x_level=1 kb_level=-1 shape_bad=0 x_each_worker_once=1
CASE_PASS m=31 n=8 sve16_entries=1 expected=1 old_entries=1 packed_entries=0 packed_expected=0
ALLOC_PASS m=31 n=9 small=1 history_expected=0 history_calls=0 history_bytes=0 history_success=0 history_fail=0 x_calls=4 x_bytes=7936 x_success=4 x_fail=0 kb_calls=0 kb_bytes=0 kb_success=0 kb_fail=0 total=4 injected=0 history_level=-1 x_level=1 kb_level=-1 shape_bad=0 x_each_worker_once=1
CASE_PASS m=31 n=9 sve16_entries=2 expected=2 old_entries=2 packed_entries=0 packed_expected=0
ALLOC_PASS m=31 n=17 small=1 history_expected=0 history_calls=0 history_bytes=0 history_success=0 history_fail=0 x_calls=4 x_bytes=7936 x_success=4 x_fail=0 kb_calls=0 kb_bytes=0 kb_success=0 kb_fail=0 total=4 injected=0 history_level=-1 x_level=1 kb_level=-1 shape_bad=0 x_each_worker_once=1
CASE_PASS m=31 n=17 sve16_entries=3 expected=3 old_entries=3 packed_entries=0 packed_expected=0
ALLOC_PASS m=32 n=1 small=1 history_expected=1 history_calls=1 history_bytes=2048 history_success=1 history_fail=0 x_calls=4 x_bytes=8192 x_success=4 x_fail=0 kb_calls=0 kb_bytes=0 kb_success=0 kb_fail=0 total=5 injected=0 history_level=0 x_level=1 kb_level=-1 shape_bad=0 x_each_worker_once=1
CASE_PASS m=32 n=1 sve16_entries=2 expected=2 old_entries=1 packed_entries=1 packed_expected=1
ALLOC_PASS m=32 n=7 small=1 history_expected=1 history_calls=1 history_bytes=2048 history_success=1 history_fail=0 x_calls=4 x_bytes=8192 x_success=4 x_fail=0 kb_calls=0 kb_bytes=0 kb_success=0 kb_fail=0 total=5 injected=0 history_level=0 x_level=1 kb_level=-1 shape_bad=0 x_each_worker_once=1
CASE_PASS m=32 n=7 sve16_entries=2 expected=2 old_entries=1 packed_entries=1 packed_expected=1
ALLOC_PASS m=32 n=8 small=1 history_expected=1 history_calls=1 history_bytes=2048 history_success=1 history_fail=0 x_calls=4 x_bytes=8192 x_success=4 x_fail=0 kb_calls=0 kb_bytes=0 kb_success=0 kb_fail=0 total=5 injected=0 history_level=0 x_level=1 kb_level=-1 shape_bad=0 x_each_worker_once=1
CASE_PASS m=32 n=8 sve16_entries=2 expected=2 old_entries=1 packed_entries=1 packed_expected=1
ALLOC_PASS m=32 n=9 small=1 history_expected=1 history_calls=1 history_bytes=2048 history_success=1 history_fail=0 x_calls=4 x_bytes=8192 x_success=4 x_fail=0 kb_calls=0 kb_bytes=0 kb_success=0 kb_fail=0 total=5 injected=0 history_level=0 x_level=1 kb_level=-1 shape_bad=0 x_each_worker_once=1
CASE_PASS m=32 n=9 sve16_entries=4 expected=4 old_entries=2 packed_entries=2 packed_expected=2
ALLOC_PASS m=32 n=17 small=1 history_expected=1 history_calls=1 history_bytes=2048 history_success=1 history_fail=0 x_calls=4 x_bytes=8192 x_success=4 x_fail=0 kb_calls=0 kb_bytes=0 kb_success=0 kb_fail=0 total=5 injected=0 history_level=0 x_level=1 kb_level=-1 shape_bad=0 x_each_worker_once=1
CASE_PASS m=32 n=17 sve16_entries=6 expected=6 old_entries=3 packed_entries=3 packed_expected=3
ALLOC_PASS m=33 n=1 small=1 history_expected=1 history_calls=1 history_bytes=2048 history_success=1 history_fail=0 x_calls=4 x_bytes=8448 x_success=4 x_fail=0 kb_calls=0 kb_bytes=0 kb_success=0 kb_fail=0 total=5 injected=0 history_level=0 x_level=1 kb_level=-1 shape_bad=0 x_each_worker_once=1
CASE_PASS m=33 n=1 sve16_entries=2 expected=2 old_entries=1 packed_entries=1 packed_expected=1
ALLOC_PASS m=33 n=7 small=1 history_expected=1 history_calls=1 history_bytes=2048 history_success=1 history_fail=0 x_calls=4 x_bytes=8448 x_success=4 x_fail=0 kb_calls=0 kb_bytes=0 kb_success=0 kb_fail=0 total=5 injected=0 history_level=0 x_level=1 kb_level=-1 shape_bad=0 x_each_worker_once=1
CASE_PASS m=33 n=7 sve16_entries=2 expected=2 old_entries=1 packed_entries=1 packed_expected=1
ALLOC_PASS m=33 n=8 small=1 history_expected=1 history_calls=1 history_bytes=2048 history_success=1 history_fail=0 x_calls=4 x_bytes=8448 x_success=4 x_fail=0 kb_calls=0 kb_bytes=0 kb_success=0 kb_fail=0 total=5 injected=0 history_level=0 x_level=1 kb_level=-1 shape_bad=0 x_each_worker_once=1
CASE_PASS m=33 n=8 sve16_entries=2 expected=2 old_entries=1 packed_entries=1 packed_expected=1
ALLOC_PASS m=33 n=9 small=1 history_expected=1 history_calls=1 history_bytes=2048 history_success=1 history_fail=0 x_calls=4 x_bytes=8448 x_success=4 x_fail=0 kb_calls=0 kb_bytes=0 kb_success=0 kb_fail=0 total=5 injected=0 history_level=0 x_level=1 kb_level=-1 shape_bad=0 x_each_worker_once=1
CASE_PASS m=33 n=9 sve16_entries=4 expected=4 old_entries=2 packed_entries=2 packed_expected=2
ALLOC_PASS m=33 n=17 small=1 history_expected=1 history_calls=1 history_bytes=2048 history_success=1 history_fail=0 x_calls=4 x_bytes=8448 x_success=4 x_fail=0 kb_calls=0 kb_bytes=0 kb_success=0 kb_fail=0 total=5 injected=0 history_level=0 x_level=1 kb_level=-1 shape_bad=0 x_each_worker_once=1
CASE_PASS m=33 n=17 sve16_entries=6 expected=6 old_entries=3 packed_entries=3 packed_expected=3
ALLOC_PASS m=63 n=1 small=1 history_expected=1 history_calls=1 history_bytes=6144 history_success=1 history_fail=0 x_calls=4 x_bytes=16128 x_success=4 x_fail=0 kb_calls=0 kb_bytes=0 kb_success=0 kb_fail=0 total=5 injected=0 history_level=0 x_level=1 kb_level=-1 shape_bad=0 x_each_worker_once=1
CASE_PASS m=63 n=1 sve16_entries=3 expected=3 old_entries=1 packed_entries=2 packed_expected=2
ALLOC_PASS m=63 n=7 small=1 history_expected=1 history_calls=1 history_bytes=6144 history_success=1 history_fail=0 x_calls=4 x_bytes=16128 x_success=4 x_fail=0 kb_calls=0 kb_bytes=0 kb_success=0 kb_fail=0 total=5 injected=0 history_level=0 x_level=1 kb_level=-1 shape_bad=0 x_each_worker_once=1
CASE_PASS m=63 n=7 sve16_entries=3 expected=3 old_entries=1 packed_entries=2 packed_expected=2
ALLOC_PASS m=63 n=8 small=1 history_expected=1 history_calls=1 history_bytes=6144 history_success=1 history_fail=0 x_calls=4 x_bytes=16128 x_success=4 x_fail=0 kb_calls=0 kb_bytes=0 kb_success=0 kb_fail=0 total=5 injected=0 history_level=0 x_level=1 kb_level=-1 shape_bad=0 x_each_worker_once=1
CASE_PASS m=63 n=8 sve16_entries=3 expected=3 old_entries=1 packed_entries=2 packed_expected=2
ALLOC_PASS m=63 n=9 small=1 history_expected=1 history_calls=1 history_bytes=6144 history_success=1 history_fail=0 x_calls=4 x_bytes=16128 x_success=4 x_fail=0 kb_calls=0 kb_bytes=0 kb_success=0 kb_fail=0 total=5 injected=0 history_level=0 x_level=1 kb_level=-1 shape_bad=0 x_each_worker_once=1
CASE_PASS m=63 n=9 sve16_entries=6 expected=6 old_entries=2 packed_entries=4 packed_expected=4
ALLOC_PASS m=63 n=17 small=1 history_expected=1 history_calls=1 history_bytes=6144 history_success=1 history_fail=0 x_calls=4 x_bytes=16128 x_success=4 x_fail=0 kb_calls=0 kb_bytes=0 kb_success=0 kb_fail=0 total=5 injected=0 history_level=0 x_level=1 kb_level=-1 shape_bad=0 x_each_worker_once=1
CASE_PASS m=63 n=17 sve16_entries=9 expected=9 old_entries=3 packed_entries=6 packed_expected=6
ALLOC_PASS m=64 n=1 small=1 history_expected=1 history_calls=1 history_bytes=12288 history_success=1 history_fail=0 x_calls=4 x_bytes=16384 x_success=4 x_fail=0 kb_calls=0 kb_bytes=0 kb_success=0 kb_fail=0 total=5 injected=0 history_level=0 x_level=1 kb_level=-1 shape_bad=0 x_each_worker_once=1
CASE_PASS m=64 n=1 sve16_entries=4 expected=4 old_entries=1 packed_entries=3 packed_expected=3
ALLOC_PASS m=64 n=7 small=1 history_expected=1 history_calls=1 history_bytes=12288 history_success=1 history_fail=0 x_calls=4 x_bytes=16384 x_success=4 x_fail=0 kb_calls=0 kb_bytes=0 kb_success=0 kb_fail=0 total=5 injected=0 history_level=0 x_level=1 kb_level=-1 shape_bad=0 x_each_worker_once=1
CASE_PASS m=64 n=7 sve16_entries=4 expected=4 old_entries=1 packed_entries=3 packed_expected=3
ALLOC_PASS m=64 n=8 small=1 history_expected=1 history_calls=1 history_bytes=12288 history_success=1 history_fail=0 x_calls=4 x_bytes=16384 x_success=4 x_fail=0 kb_calls=0 kb_bytes=0 kb_success=0 kb_fail=0 total=5 injected=0 history_level=0 x_level=1 kb_level=-1 shape_bad=0 x_each_worker_once=1
CASE_PASS m=64 n=8 sve16_entries=4 expected=4 old_entries=1 packed_entries=3 packed_expected=3
ALLOC_PASS m=64 n=9 small=1 history_expected=1 history_calls=1 history_bytes=12288 history_success=1 history_fail=0 x_calls=4 x_bytes=16384 x_success=4 x_fail=0 kb_calls=0 kb_bytes=0 kb_success=0 kb_fail=0 total=5 injected=0 history_level=0 x_level=1 kb_level=-1 shape_bad=0 x_each_worker_once=1
CASE_PASS m=64 n=9 sve16_entries=8 expected=8 old_entries=2 packed_entries=6 packed_expected=6
ALLOC_PASS m=64 n=17 small=1 history_expected=1 history_calls=1 history_bytes=12288 history_success=1 history_fail=0 x_calls=4 x_bytes=16384 x_success=4 x_fail=0 kb_calls=0 kb_bytes=0 kb_success=0 kb_fail=0 total=5 injected=0 history_level=0 x_level=1 kb_level=-1 shape_bad=0 x_each_worker_once=1
CASE_PASS m=64 n=17 sve16_entries=12 expected=12 old_entries=3 packed_entries=9 packed_expected=9
ALLOC_PASS m=65 n=1 small=1 history_expected=1 history_calls=1 history_bytes=12288 history_success=1 history_fail=0 x_calls=4 x_bytes=16640 x_success=4 x_fail=0 kb_calls=0 kb_bytes=0 kb_success=0 kb_fail=0 total=5 injected=0 history_level=0 x_level=1 kb_level=-1 shape_bad=0 x_each_worker_once=1
CASE_PASS m=65 n=1 sve16_entries=4 expected=4 old_entries=1 packed_entries=3 packed_expected=3
ALLOC_PASS m=65 n=7 small=1 history_expected=1 history_calls=1 history_bytes=12288 history_success=1 history_fail=0 x_calls=4 x_bytes=16640 x_success=4 x_fail=0 kb_calls=0 kb_bytes=0 kb_success=0 kb_fail=0 total=5 injected=0 history_level=0 x_level=1 kb_level=-1 shape_bad=0 x_each_worker_once=1
CASE_PASS m=65 n=7 sve16_entries=4 expected=4 old_entries=1 packed_entries=3 packed_expected=3
ALLOC_PASS m=65 n=8 small=1 history_expected=1 history_calls=1 history_bytes=12288 history_success=1 history_fail=0 x_calls=4 x_bytes=16640 x_success=4 x_fail=0 kb_calls=0 kb_bytes=0 kb_success=0 kb_fail=0 total=5 injected=0 history_level=0 x_level=1 kb_level=-1 shape_bad=0 x_each_worker_once=1
CASE_PASS m=65 n=8 sve16_entries=4 expected=4 old_entries=1 packed_entries=3 packed_expected=3
ALLOC_PASS m=65 n=9 small=1 history_expected=1 history_calls=1 history_bytes=12288 history_success=1 history_fail=0 x_calls=4 x_bytes=16640 x_success=4 x_fail=0 kb_calls=0 kb_bytes=0 kb_success=0 kb_fail=0 total=5 injected=0 history_level=0 x_level=1 kb_level=-1 shape_bad=0 x_each_worker_once=1
CASE_PASS m=65 n=9 sve16_entries=8 expected=8 old_entries=2 packed_entries=6 packed_expected=6
ALLOC_PASS m=65 n=17 small=1 history_expected=1 history_calls=1 history_bytes=12288 history_success=1 history_fail=0 x_calls=4 x_bytes=16640 x_success=4 x_fail=0 kb_calls=0 kb_bytes=0 kb_success=0 kb_fail=0 total=5 injected=0 history_level=0 x_level=1 kb_level=-1 shape_bad=0 x_each_worker_once=1
CASE_PASS m=65 n=17 sve16_entries=12 expected=12 old_entries=3 packed_entries=9 packed_expected=9
ALLOC_PASS m=255 n=1 small=1 history_expected=1 history_calls=1 history_bytes=215040 history_success=1 history_fail=0 x_calls=4 x_bytes=65280 x_success=4 x_fail=0 kb_calls=0 kb_bytes=0 kb_success=0 kb_fail=0 total=5 injected=0 history_level=0 x_level=1 kb_level=-1 shape_bad=0 x_each_worker_once=1
CASE_PASS m=255 n=1 sve16_entries=15 expected=15 old_entries=1 packed_entries=14 packed_expected=14
ALLOC_PASS m=255 n=7 small=1 history_expected=1 history_calls=1 history_bytes=215040 history_success=1 history_fail=0 x_calls=4 x_bytes=65280 x_success=4 x_fail=0 kb_calls=0 kb_bytes=0 kb_success=0 kb_fail=0 total=5 injected=0 history_level=0 x_level=1 kb_level=-1 shape_bad=0 x_each_worker_once=1
CASE_PASS m=255 n=7 sve16_entries=15 expected=15 old_entries=1 packed_entries=14 packed_expected=14
ALLOC_PASS m=255 n=8 small=1 history_expected=1 history_calls=1 history_bytes=215040 history_success=1 history_fail=0 x_calls=4 x_bytes=65280 x_success=4 x_fail=0 kb_calls=0 kb_bytes=0 kb_success=0 kb_fail=0 total=5 injected=0 history_level=0 x_level=1 kb_level=-1 shape_bad=0 x_each_worker_once=1
CASE_PASS m=255 n=8 sve16_entries=15 expected=15 old_entries=1 packed_entries=14 packed_expected=14
ALLOC_PASS m=255 n=9 small=1 history_expected=1 history_calls=1 history_bytes=215040 history_success=1 history_fail=0 x_calls=4 x_bytes=65280 x_success=4 x_fail=0 kb_calls=0 kb_bytes=0 kb_success=0 kb_fail=0 total=5 injected=0 history_level=0 x_level=1 kb_level=-1 shape_bad=0 x_each_worker_once=1
CASE_PASS m=255 n=9 sve16_entries=30 expected=30 old_entries=2 packed_entries=28 packed_expected=28
ALLOC_PASS m=255 n=17 small=1 history_expected=1 history_calls=1 history_bytes=215040 history_success=1 history_fail=0 x_calls=4 x_bytes=65280 x_success=4 x_fail=0 kb_calls=0 kb_bytes=0 kb_success=0 kb_fail=0 total=5 injected=0 history_level=0 x_level=1 kb_level=-1 shape_bad=0 x_each_worker_once=1
CASE_PASS m=255 n=17 sve16_entries=45 expected=45 old_entries=3 packed_entries=42 packed_expected=42
ALLOC_PASS m=256 n=1 small=1 history_expected=1 history_calls=1 history_bytes=245760 history_success=1 history_fail=0 x_calls=4 x_bytes=65536 x_success=4 x_fail=0 kb_calls=0 kb_bytes=0 kb_success=0 kb_fail=0 total=5 injected=0 history_level=0 x_level=1 kb_level=-1 shape_bad=0 x_each_worker_once=1
CASE_PASS m=256 n=1 sve16_entries=16 expected=16 old_entries=1 packed_entries=15 packed_expected=15
ALLOC_PASS m=256 n=7 small=1 history_expected=1 history_calls=1 history_bytes=245760 history_success=1 history_fail=0 x_calls=4 x_bytes=65536 x_success=4 x_fail=0 kb_calls=0 kb_bytes=0 kb_success=0 kb_fail=0 total=5 injected=0 history_level=0 x_level=1 kb_level=-1 shape_bad=0 x_each_worker_once=1
CASE_PASS m=256 n=7 sve16_entries=16 expected=16 old_entries=1 packed_entries=15 packed_expected=15
ALLOC_PASS m=256 n=8 small=1 history_expected=1 history_calls=1 history_bytes=245760 history_success=1 history_fail=0 x_calls=4 x_bytes=65536 x_success=4 x_fail=0 kb_calls=0 kb_bytes=0 kb_success=0 kb_fail=0 total=5 injected=0 history_level=0 x_level=1 kb_level=-1 shape_bad=0 x_each_worker_once=1
CASE_PASS m=256 n=8 sve16_entries=16 expected=16 old_entries=1 packed_entries=15 packed_expected=15
ALLOC_PASS m=256 n=9 small=1 history_expected=1 history_calls=1 history_bytes=245760 history_success=1 history_fail=0 x_calls=4 x_bytes=65536 x_success=4 x_fail=0 kb_calls=0 kb_bytes=0 kb_success=0 kb_fail=0 total=5 injected=0 history_level=0 x_level=1 kb_level=-1 shape_bad=0 x_each_worker_once=1
CASE_PASS m=256 n=9 sve16_entries=32 expected=32 old_entries=2 packed_entries=30 packed_expected=30
ALLOC_PASS m=256 n=17 small=1 history_expected=1 history_calls=1 history_bytes=245760 history_success=1 history_fail=0 x_calls=4 x_bytes=65536 x_success=4 x_fail=0 kb_calls=0 kb_bytes=0 kb_success=0 kb_fail=0 total=5 injected=0 history_level=0 x_level=1 kb_level=-1 shape_bad=0 x_each_worker_once=1
CASE_PASS m=256 n=17 sve16_entries=48 expected=48 old_entries=3 packed_entries=45 packed_expected=45
ALLOC_PASS m=257 n=1 small=1 history_expected=1 history_calls=1 history_bytes=245760 history_success=1 history_fail=0 x_calls=4 x_bytes=65792 x_success=4 x_fail=0 kb_calls=0 kb_bytes=0 kb_success=0 kb_fail=0 total=5 injected=0 history_level=0 x_level=1 kb_level=-1 shape_bad=0 x_each_worker_once=1
CASE_PASS m=257 n=1 sve16_entries=16 expected=16 old_entries=1 packed_entries=15 packed_expected=15
ALLOC_PASS m=257 n=7 small=1 history_expected=1 history_calls=1 history_bytes=245760 history_success=1 history_fail=0 x_calls=4 x_bytes=65792 x_success=4 x_fail=0 kb_calls=0 kb_bytes=0 kb_success=0 kb_fail=0 total=5 injected=0 history_level=0 x_level=1 kb_level=-1 shape_bad=0 x_each_worker_once=1
CASE_PASS m=257 n=7 sve16_entries=16 expected=16 old_entries=1 packed_entries=15 packed_expected=15
ALLOC_PASS m=257 n=8 small=1 history_expected=1 history_calls=1 history_bytes=245760 history_success=1 history_fail=0 x_calls=4 x_bytes=65792 x_success=4 x_fail=0 kb_calls=0 kb_bytes=0 kb_success=0 kb_fail=0 total=5 injected=0 history_level=0 x_level=1 kb_level=-1 shape_bad=0 x_each_worker_once=1
CASE_PASS m=257 n=8 sve16_entries=16 expected=16 old_entries=1 packed_entries=15 packed_expected=15
ALLOC_PASS m=257 n=9 small=1 history_expected=1 history_calls=1 history_bytes=245760 history_success=1 history_fail=0 x_calls=4 x_bytes=65792 x_success=4 x_fail=0 kb_calls=0 kb_bytes=0 kb_success=0 kb_fail=0 total=5 injected=0 history_level=0 x_level=1 kb_level=-1 shape_bad=0 x_each_worker_once=1
CASE_PASS m=257 n=9 sve16_entries=32 expected=32 old_entries=2 packed_entries=30 packed_expected=30
ALLOC_PASS m=257 n=17 small=1 history_expected=1 history_calls=1 history_bytes=245760 history_success=1 history_fail=0 x_calls=4 x_bytes=65792 x_success=4 x_fail=0 kb_calls=0 kb_bytes=0 kb_success=0 kb_fail=0 total=5 injected=0 history_level=0 x_level=1 kb_level=-1 shape_bad=0 x_each_worker_once=1
CASE_PASS m=257 n=17 sve16_entries=48 expected=48 old_entries=3 packed_entries=45 packed_expected=45
ALLOCATION_SUMMARY_PASS cases=80 budget_cases=0 shared_injection_cases=0
PASS whole_cases=80 noop_cases=4 non_dyadic_long_double_RHS=1 padding_L_unchanged=1 max_error=1.1102230246251565e-16
SOURCE_FEATURES_PASS panel16=1 packedL16=1 has_budget=1 history_budget_bytes=4194304
MODE=smoke THREADS=38 NARROW_VL=0 EXPECT_SVE16=1 EXPECT_PACKEDL16=1
ALLOC_PASS m=15 n=9 small=1 history_expected=0 history_calls=0 history_bytes=0 history_success=0 history_fail=0 x_calls=38 x_bytes=36480 x_success=38 x_fail=0 kb_calls=0 kb_bytes=0 kb_success=0 kb_fail=0 total=38 injected=0 history_level=-1 x_level=1 kb_level=-1 shape_bad=0 x_each_worker_once=1
CASE_PASS m=15 n=9 sve16_entries=0 expected=0 old_entries=0 packed_entries=0 packed_expected=0
ALLOC_PASS m=16 n=17 small=1 history_expected=0 history_calls=0 history_bytes=0 history_success=0 history_fail=0 x_calls=38 x_bytes=38912 x_success=38 x_fail=0 kb_calls=0 kb_bytes=0 kb_success=0 kb_fail=0 total=38 injected=0 history_level=-1 x_level=1 kb_level=-1 shape_bad=0 x_each_worker_once=1
CASE_PASS m=16 n=17 sve16_entries=3 expected=3 old_entries=3 packed_entries=0 packed_expected=0
ALLOC_PASS m=33 n=313 small=1 history_expected=1 history_calls=1 history_bytes=2048 history_success=1 history_fail=0 x_calls=38 x_bytes=80256 x_success=38 x_fail=0 kb_calls=0 kb_bytes=0 kb_success=0 kb_fail=0 total=39 injected=0 history_level=0 x_level=1 kb_level=-1 shape_bad=0 x_each_worker_once=1
CASE_PASS m=33 n=313 sve16_entries=80 expected=80 old_entries=40 packed_entries=40 packed_expected=40
ALLOC_PASS m=257 n=313 small=1 history_expected=1 history_calls=1 history_bytes=245760 history_success=1 history_fail=0 x_calls=38 x_bytes=625024 x_success=38 x_fail=0 kb_calls=0 kb_bytes=0 kb_success=0 kb_fail=0 total=39 injected=0 history_level=0 x_level=1 kb_level=-1 shape_bad=0 x_each_worker_once=1
CASE_PASS m=257 n=313 sve16_entries=640 expected=640 old_entries=40 packed_entries=600 packed_expected=600
ALLOCATION_SUMMARY_PASS cases=4 budget_cases=0 shared_injection_cases=0
PASS whole_cases=4 noop_cases=4 non_dyadic_long_double_RHS=1 padding_L_unchanged=1 max_error=1.1102230246251565e-16
SOURCE_FEATURES_PASS panel16=1 packedL16=1 has_budget=1 history_budget_bytes=4194304
MODE=boundary THREADS=1 NARROW_VL=0 EXPECT_SVE16=1 EXPECT_PACKEDL16=1
ALLOC_PASS m=4095 n=9 small=1 history_expected=0 history_calls=0 history_bytes=0 history_success=0 history_fail=0 x_calls=1 x_bytes=262080 x_success=1 x_fail=0 kb_calls=0 kb_bytes=0 kb_success=0 kb_fail=0 total=1 injected=0 history_level=-1 x_level=1 kb_level=-1 shape_bad=0 x_each_worker_once=1
CASE_PASS m=4095 n=9 sve16_entries=510 expected=510 old_entries=510 packed_entries=0 packed_expected=0
ALLOC_PASS m=4097 n=9 small=0 history_expected=0 history_calls=0 history_bytes=0 history_success=0 history_fail=0 x_calls=0 x_bytes=0 x_success=0 x_fail=0 kb_calls=1 kb_bytes=32768 kb_success=1 kb_fail=0 total=1 injected=0 history_level=-1 x_level=-1 kb_level=0 shape_bad=0 x_each_worker_once=1
CASE_PASS m=4097 n=9 sve16_entries=0 expected=0 old_entries=0 packed_entries=0 packed_expected=0
ALLOCATION_SUMMARY_PASS cases=2 budget_cases=0 shared_injection_cases=0
PASS whole_cases=2 noop_cases=4 non_dyadic_long_double_RHS=1 padding_L_unchanged=1 max_error=3.8857805861880479e-16
SOURCE_FEATURES_PASS panel16=1 packedL16=1 has_budget=1 history_budget_bytes=4194304
MODE=full THREADS=4 NARROW_VL=0 EXPECT_SVE16=0 EXPECT_PACKEDL16=0
ALLOC_PASS m=1 n=1 small=1 history_expected=0 history_calls=0 history_bytes=0 history_success=0 history_fail=0 x_calls=4 x_bytes=256 x_success=4 x_fail=0 kb_calls=0 kb_bytes=0 kb_success=0 kb_fail=0 total=4 injected=0 history_level=-1 x_level=1 kb_level=-1 shape_bad=0 x_each_worker_once=1
CASE_PASS m=1 n=1 sve16_entries=0 expected=0 old_entries=0 packed_entries=0 packed_expected=0
ALLOC_PASS m=1 n=7 small=1 history_expected=0 history_calls=0 history_bytes=0 history_success=0 history_fail=0 x_calls=4 x_bytes=256 x_success=4 x_fail=0 kb_calls=0 kb_bytes=0 kb_success=0 kb_fail=0 total=4 injected=0 history_level=-1 x_level=1 kb_level=-1 shape_bad=0 x_each_worker_once=1
CASE_PASS m=1 n=7 sve16_entries=0 expected=0 old_entries=0 packed_entries=0 packed_expected=0
ALLOC_PASS m=1 n=8 small=1 history_expected=0 history_calls=0 history_bytes=0 history_success=0 history_fail=0 x_calls=4 x_bytes=256 x_success=4 x_fail=0 kb_calls=0 kb_bytes=0 kb_success=0 kb_fail=0 total=4 injected=0 history_level=-1 x_level=1 kb_level=-1 shape_bad=0 x_each_worker_once=1
CASE_PASS m=1 n=8 sve16_entries=0 expected=0 old_entries=0 packed_entries=0 packed_expected=0
ALLOC_PASS m=1 n=9 small=1 history_expected=0 history_calls=0 history_bytes=0 history_success=0 history_fail=0 x_calls=4 x_bytes=256 x_success=4 x_fail=0 kb_calls=0 kb_bytes=0 kb_success=0 kb_fail=0 total=4 injected=0 history_level=-1 x_level=1 kb_level=-1 shape_bad=0 x_each_worker_once=1
CASE_PASS m=1 n=9 sve16_entries=0 expected=0 old_entries=0 packed_entries=0 packed_expected=0
ALLOC_PASS m=1 n=17 small=1 history_expected=0 history_calls=0 history_bytes=0 history_success=0 history_fail=0 x_calls=4 x_bytes=256 x_success=4 x_fail=0 kb_calls=0 kb_bytes=0 kb_success=0 kb_fail=0 total=4 injected=0 history_level=-1 x_level=1 kb_level=-1 shape_bad=0 x_each_worker_once=1
CASE_PASS m=1 n=17 sve16_entries=0 expected=0 old_entries=0 packed_entries=0 packed_expected=0
ALLOC_PASS m=3 n=1 small=1 history_expected=0 history_calls=0 history_bytes=0 history_success=0 history_fail=0 x_calls=4 x_bytes=768 x_success=4 x_fail=0 kb_calls=0 kb_bytes=0 kb_success=0 kb_fail=0 total=4 injected=0 history_level=-1 x_level=1 kb_level=-1 shape_bad=0 x_each_worker_once=1
CASE_PASS m=3 n=1 sve16_entries=0 expected=0 old_entries=0 packed_entries=0 packed_expected=0
ALLOC_PASS m=3 n=7 small=1 history_expected=0 history_calls=0 history_bytes=0 history_success=0 history_fail=0 x_calls=4 x_bytes=768 x_success=4 x_fail=0 kb_calls=0 kb_bytes=0 kb_success=0 kb_fail=0 total=4 injected=0 history_level=-1 x_level=1 kb_level=-1 shape_bad=0 x_each_worker_once=1
CASE_PASS m=3 n=7 sve16_entries=0 expected=0 old_entries=0 packed_entries=0 packed_expected=0
ALLOC_PASS m=3 n=8 small=1 history_expected=0 history_calls=0 history_bytes=0 history_success=0 history_fail=0 x_calls=4 x_bytes=768 x_success=4 x_fail=0 kb_calls=0 kb_bytes=0 kb_success=0 kb_fail=0 total=4 injected=0 history_level=-1 x_level=1 kb_level=-1 shape_bad=0 x_each_worker_once=1
CASE_PASS m=3 n=8 sve16_entries=0 expected=0 old_entries=0 packed_entries=0 packed_expected=0
ALLOC_PASS m=3 n=9 small=1 history_expected=0 history_calls=0 history_bytes=0 history_success=0 history_fail=0 x_calls=4 x_bytes=768 x_success=4 x_fail=0 kb_calls=0 kb_bytes=0 kb_success=0 kb_fail=0 total=4 injected=0 history_level=-1 x_level=1 kb_level=-1 shape_bad=0 x_each_worker_once=1
CASE_PASS m=3 n=9 sve16_entries=0 expected=0 old_entries=0 packed_entries=0 packed_expected=0
ALLOC_PASS m=3 n=17 small=1 history_expected=0 history_calls=0 history_bytes=0 history_success=0 history_fail=0 x_calls=4 x_bytes=768 x_success=4 x_fail=0 kb_calls=0 kb_bytes=0 kb_success=0 kb_fail=0 total=4 injected=0 history_level=-1 x_level=1 kb_level=-1 shape_bad=0 x_each_worker_once=1
CASE_PASS m=3 n=17 sve16_entries=0 expected=0 old_entries=0 packed_entries=0 packed_expected=0
ALLOC_PASS m=4 n=1 small=1 history_expected=0 history_calls=0 history_bytes=0 history_success=0 history_fail=0 x_calls=4 x_bytes=1024 x_success=4 x_fail=0 kb_calls=0 kb_bytes=0 kb_success=0 kb_fail=0 total=4 injected=0 history_level=-1 x_level=1 kb_level=-1 shape_bad=0 x_each_worker_once=1
CASE_PASS m=4 n=1 sve16_entries=0 expected=0 old_entries=0 packed_entries=0 packed_expected=0
ALLOC_PASS m=4 n=7 small=1 history_expected=0 history_calls=0 history_bytes=0 history_success=0 history_fail=0 x_calls=4 x_bytes=1024 x_success=4 x_fail=0 kb_calls=0 kb_bytes=0 kb_success=0 kb_fail=0 total=4 injected=0 history_level=-1 x_level=1 kb_level=-1 shape_bad=0 x_each_worker_once=1
CASE_PASS m=4 n=7 sve16_entries=0 expected=0 old_entries=0 packed_entries=0 packed_expected=0
ALLOC_PASS m=4 n=8 small=1 history_expected=0 history_calls=0 history_bytes=0 history_success=0 history_fail=0 x_calls=4 x_bytes=1024 x_success=4 x_fail=0 kb_calls=0 kb_bytes=0 kb_success=0 kb_fail=0 total=4 injected=0 history_level=-1 x_level=1 kb_level=-1 shape_bad=0 x_each_worker_once=1
CASE_PASS m=4 n=8 sve16_entries=0 expected=0 old_entries=0 packed_entries=0 packed_expected=0
ALLOC_PASS m=4 n=9 small=1 history_expected=0 history_calls=0 history_bytes=0 history_success=0 history_fail=0 x_calls=4 x_bytes=1024 x_success=4 x_fail=0 kb_calls=0 kb_bytes=0 kb_success=0 kb_fail=0 total=4 injected=0 history_level=-1 x_level=1 kb_level=-1 shape_bad=0 x_each_worker_once=1
CASE_PASS m=4 n=9 sve16_entries=0 expected=0 old_entries=0 packed_entries=0 packed_expected=0
ALLOC_PASS m=4 n=17 small=1 history_expected=0 history_calls=0 history_bytes=0 history_success=0 history_fail=0 x_calls=4 x_bytes=1024 x_success=4 x_fail=0 kb_calls=0 kb_bytes=0 kb_success=0 kb_fail=0 total=4 injected=0 history_level=-1 x_level=1 kb_level=-1 shape_bad=0 x_each_worker_once=1
CASE_PASS m=4 n=17 sve16_entries=0 expected=0 old_entries=0 packed_entries=0 packed_expected=0
ALLOC_PASS m=5 n=1 small=1 history_expected=0 history_calls=0 history_bytes=0 history_success=0 history_fail=0 x_calls=4 x_bytes=1280 x_success=4 x_fail=0 kb_calls=0 kb_bytes=0 kb_success=0 kb_fail=0 total=4 injected=0 history_level=-1 x_level=1 kb_level=-1 shape_bad=0 x_each_worker_once=1
CASE_PASS m=5 n=1 sve16_entries=0 expected=0 old_entries=0 packed_entries=0 packed_expected=0
ALLOC_PASS m=5 n=7 small=1 history_expected=0 history_calls=0 history_bytes=0 history_success=0 history_fail=0 x_calls=4 x_bytes=1280 x_success=4 x_fail=0 kb_calls=0 kb_bytes=0 kb_success=0 kb_fail=0 total=4 injected=0 history_level=-1 x_level=1 kb_level=-1 shape_bad=0 x_each_worker_once=1
CASE_PASS m=5 n=7 sve16_entries=0 expected=0 old_entries=0 packed_entries=0 packed_expected=0
ALLOC_PASS m=5 n=8 small=1 history_expected=0 history_calls=0 history_bytes=0 history_success=0 history_fail=0 x_calls=4 x_bytes=1280 x_success=4 x_fail=0 kb_calls=0 kb_bytes=0 kb_success=0 kb_fail=0 total=4 injected=0 history_level=-1 x_level=1 kb_level=-1 shape_bad=0 x_each_worker_once=1
CASE_PASS m=5 n=8 sve16_entries=0 expected=0 old_entries=0 packed_entries=0 packed_expected=0
ALLOC_PASS m=5 n=9 small=1 history_expected=0 history_calls=0 history_bytes=0 history_success=0 history_fail=0 x_calls=4 x_bytes=1280 x_success=4 x_fail=0 kb_calls=0 kb_bytes=0 kb_success=0 kb_fail=0 total=4 injected=0 history_level=-1 x_level=1 kb_level=-1 shape_bad=0 x_each_worker_once=1
CASE_PASS m=5 n=9 sve16_entries=0 expected=0 old_entries=0 packed_entries=0 packed_expected=0
ALLOC_PASS m=5 n=17 small=1 history_expected=0 history_calls=0 history_bytes=0 history_success=0 history_fail=0 x_calls=4 x_bytes=1280 x_success=4 x_fail=0 kb_calls=0 kb_bytes=0 kb_success=0 kb_fail=0 total=4 injected=0 history_level=-1 x_level=1 kb_level=-1 shape_bad=0 x_each_worker_once=1
CASE_PASS m=5 n=17 sve16_entries=0 expected=0 old_entries=0 packed_entries=0 packed_expected=0
ALLOC_PASS m=15 n=1 small=1 history_expected=0 history_calls=0 history_bytes=0 history_success=0 history_fail=0 x_calls=4 x_bytes=3840 x_success=4 x_fail=0 kb_calls=0 kb_bytes=0 kb_success=0 kb_fail=0 total=4 injected=0 history_level=-1 x_level=1 kb_level=-1 shape_bad=0 x_each_worker_once=1
CASE_PASS m=15 n=1 sve16_entries=0 expected=0 old_entries=0 packed_entries=0 packed_expected=0
ALLOC_PASS m=15 n=7 small=1 history_expected=0 history_calls=0 history_bytes=0 history_success=0 history_fail=0 x_calls=4 x_bytes=3840 x_success=4 x_fail=0 kb_calls=0 kb_bytes=0 kb_success=0 kb_fail=0 total=4 injected=0 history_level=-1 x_level=1 kb_level=-1 shape_bad=0 x_each_worker_once=1
CASE_PASS m=15 n=7 sve16_entries=0 expected=0 old_entries=0 packed_entries=0 packed_expected=0
ALLOC_PASS m=15 n=8 small=1 history_expected=0 history_calls=0 history_bytes=0 history_success=0 history_fail=0 x_calls=4 x_bytes=3840 x_success=4 x_fail=0 kb_calls=0 kb_bytes=0 kb_success=0 kb_fail=0 total=4 injected=0 history_level=-1 x_level=1 kb_level=-1 shape_bad=0 x_each_worker_once=1
CASE_PASS m=15 n=8 sve16_entries=0 expected=0 old_entries=0 packed_entries=0 packed_expected=0
ALLOC_PASS m=15 n=9 small=1 history_expected=0 history_calls=0 history_bytes=0 history_success=0 history_fail=0 x_calls=4 x_bytes=3840 x_success=4 x_fail=0 kb_calls=0 kb_bytes=0 kb_success=0 kb_fail=0 total=4 injected=0 history_level=-1 x_level=1 kb_level=-1 shape_bad=0 x_each_worker_once=1
CASE_PASS m=15 n=9 sve16_entries=0 expected=0 old_entries=0 packed_entries=0 packed_expected=0
ALLOC_PASS m=15 n=17 small=1 history_expected=0 history_calls=0 history_bytes=0 history_success=0 history_fail=0 x_calls=4 x_bytes=3840 x_success=4 x_fail=0 kb_calls=0 kb_bytes=0 kb_success=0 kb_fail=0 total=4 injected=0 history_level=-1 x_level=1 kb_level=-1 shape_bad=0 x_each_worker_once=1
CASE_PASS m=15 n=17 sve16_entries=0 expected=0 old_entries=0 packed_entries=0 packed_expected=0
ALLOC_PASS m=16 n=1 small=1 history_expected=0 history_calls=0 history_bytes=0 history_success=0 history_fail=0 x_calls=4 x_bytes=4096 x_success=4 x_fail=0 kb_calls=0 kb_bytes=0 kb_success=0 kb_fail=0 total=4 injected=0 history_level=-1 x_level=1 kb_level=-1 shape_bad=0 x_each_worker_once=1
CASE_PASS m=16 n=1 sve16_entries=0 expected=0 old_entries=0 packed_entries=0 packed_expected=0
ALLOC_PASS m=16 n=7 small=1 history_expected=0 history_calls=0 history_bytes=0 history_success=0 history_fail=0 x_calls=4 x_bytes=4096 x_success=4 x_fail=0 kb_calls=0 kb_bytes=0 kb_success=0 kb_fail=0 total=4 injected=0 history_level=-1 x_level=1 kb_level=-1 shape_bad=0 x_each_worker_once=1
CASE_PASS m=16 n=7 sve16_entries=0 expected=0 old_entries=0 packed_entries=0 packed_expected=0
ALLOC_PASS m=16 n=8 small=1 history_expected=0 history_calls=0 history_bytes=0 history_success=0 history_fail=0 x_calls=4 x_bytes=4096 x_success=4 x_fail=0 kb_calls=0 kb_bytes=0 kb_success=0 kb_fail=0 total=4 injected=0 history_level=-1 x_level=1 kb_level=-1 shape_bad=0 x_each_worker_once=1
CASE_PASS m=16 n=8 sve16_entries=0 expected=0 old_entries=0 packed_entries=0 packed_expected=0
ALLOC_PASS m=16 n=9 small=1 history_expected=0 history_calls=0 history_bytes=0 history_success=0 history_fail=0 x_calls=4 x_bytes=4096 x_success=4 x_fail=0 kb_calls=0 kb_bytes=0 kb_success=0 kb_fail=0 total=4 injected=0 history_level=-1 x_level=1 kb_level=-1 shape_bad=0 x_each_worker_once=1
CASE_PASS m=16 n=9 sve16_entries=0 expected=0 old_entries=0 packed_entries=0 packed_expected=0
ALLOC_PASS m=16 n=17 small=1 history_expected=0 history_calls=0 history_bytes=0 history_success=0 history_fail=0 x_calls=4 x_bytes=4096 x_success=4 x_fail=0 kb_calls=0 kb_bytes=0 kb_success=0 kb_fail=0 total=4 injected=0 history_level=-1 x_level=1 kb_level=-1 shape_bad=0 x_each_worker_once=1
CASE_PASS m=16 n=17 sve16_entries=0 expected=0 old_entries=0 packed_entries=0 packed_expected=0
ALLOC_PASS m=17 n=1 small=1 history_expected=0 history_calls=0 history_bytes=0 history_success=0 history_fail=0 x_calls=4 x_bytes=4352 x_success=4 x_fail=0 kb_calls=0 kb_bytes=0 kb_success=0 kb_fail=0 total=4 injected=0 history_level=-1 x_level=1 kb_level=-1 shape_bad=0 x_each_worker_once=1
CASE_PASS m=17 n=1 sve16_entries=0 expected=0 old_entries=0 packed_entries=0 packed_expected=0
ALLOC_PASS m=17 n=7 small=1 history_expected=0 history_calls=0 history_bytes=0 history_success=0 history_fail=0 x_calls=4 x_bytes=4352 x_success=4 x_fail=0 kb_calls=0 kb_bytes=0 kb_success=0 kb_fail=0 total=4 injected=0 history_level=-1 x_level=1 kb_level=-1 shape_bad=0 x_each_worker_once=1
CASE_PASS m=17 n=7 sve16_entries=0 expected=0 old_entries=0 packed_entries=0 packed_expected=0
ALLOC_PASS m=17 n=8 small=1 history_expected=0 history_calls=0 history_bytes=0 history_success=0 history_fail=0 x_calls=4 x_bytes=4352 x_success=4 x_fail=0 kb_calls=0 kb_bytes=0 kb_success=0 kb_fail=0 total=4 injected=0 history_level=-1 x_level=1 kb_level=-1 shape_bad=0 x_each_worker_once=1
CASE_PASS m=17 n=8 sve16_entries=0 expected=0 old_entries=0 packed_entries=0 packed_expected=0
ALLOC_PASS m=17 n=9 small=1 history_expected=0 history_calls=0 history_bytes=0 history_success=0 history_fail=0 x_calls=4 x_bytes=4352 x_success=4 x_fail=0 kb_calls=0 kb_bytes=0 kb_success=0 kb_fail=0 total=4 injected=0 history_level=-1 x_level=1 kb_level=-1 shape_bad=0 x_each_worker_once=1
CASE_PASS m=17 n=9 sve16_entries=0 expected=0 old_entries=0 packed_entries=0 packed_expected=0
ALLOC_PASS m=17 n=17 small=1 history_expected=0 history_calls=0 history_bytes=0 history_success=0 history_fail=0 x_calls=4 x_bytes=4352 x_success=4 x_fail=0 kb_calls=0 kb_bytes=0 kb_success=0 kb_fail=0 total=4 injected=0 history_level=-1 x_level=1 kb_level=-1 shape_bad=0 x_each_worker_once=1
CASE_PASS m=17 n=17 sve16_entries=0 expected=0 old_entries=0 packed_entries=0 packed_expected=0
ALLOC_PASS m=31 n=1 small=1 history_expected=0 history_calls=0 history_bytes=0 history_success=0 history_fail=0 x_calls=4 x_bytes=7936 x_success=4 x_fail=0 kb_calls=0 kb_bytes=0 kb_success=0 kb_fail=0 total=4 injected=0 history_level=-1 x_level=1 kb_level=-1 shape_bad=0 x_each_worker_once=1
CASE_PASS m=31 n=1 sve16_entries=0 expected=0 old_entries=0 packed_entries=0 packed_expected=0
ALLOC_PASS m=31 n=7 small=1 history_expected=0 history_calls=0 history_bytes=0 history_success=0 history_fail=0 x_calls=4 x_bytes=7936 x_success=4 x_fail=0 kb_calls=0 kb_bytes=0 kb_success=0 kb_fail=0 total=4 injected=0 history_level=-1 x_level=1 kb_level=-1 shape_bad=0 x_each_worker_once=1
CASE_PASS m=31 n=7 sve16_entries=0 expected=0 old_entries=0 packed_entries=0 packed_expected=0
ALLOC_PASS m=31 n=8 small=1 history_expected=0 history_calls=0 history_bytes=0 history_success=0 history_fail=0 x_calls=4 x_bytes=7936 x_success=4 x_fail=0 kb_calls=0 kb_bytes=0 kb_success=0 kb_fail=0 total=4 injected=0 history_level=-1 x_level=1 kb_level=-1 shape_bad=0 x_each_worker_once=1
CASE_PASS m=31 n=8 sve16_entries=0 expected=0 old_entries=0 packed_entries=0 packed_expected=0
ALLOC_PASS m=31 n=9 small=1 history_expected=0 history_calls=0 history_bytes=0 history_success=0 history_fail=0 x_calls=4 x_bytes=7936 x_success=4 x_fail=0 kb_calls=0 kb_bytes=0 kb_success=0 kb_fail=0 total=4 injected=0 history_level=-1 x_level=1 kb_level=-1 shape_bad=0 x_each_worker_once=1
CASE_PASS m=31 n=9 sve16_entries=0 expected=0 old_entries=0 packed_entries=0 packed_expected=0
ALLOC_PASS m=31 n=17 small=1 history_expected=0 history_calls=0 history_bytes=0 history_success=0 history_fail=0 x_calls=4 x_bytes=7936 x_success=4 x_fail=0 kb_calls=0 kb_bytes=0 kb_success=0 kb_fail=0 total=4 injected=0 history_level=-1 x_level=1 kb_level=-1 shape_bad=0 x_each_worker_once=1
CASE_PASS m=31 n=17 sve16_entries=0 expected=0 old_entries=0 packed_entries=0 packed_expected=0
ALLOC_PASS m=32 n=1 small=1 history_expected=0 history_calls=0 history_bytes=0 history_success=0 history_fail=0 x_calls=4 x_bytes=8192 x_success=4 x_fail=0 kb_calls=0 kb_bytes=0 kb_success=0 kb_fail=0 total=4 injected=0 history_level=-1 x_level=1 kb_level=-1 shape_bad=0 x_each_worker_once=1
CASE_PASS m=32 n=1 sve16_entries=0 expected=0 old_entries=0 packed_entries=0 packed_expected=0
ALLOC_PASS m=32 n=7 small=1 history_expected=0 history_calls=0 history_bytes=0 history_success=0 history_fail=0 x_calls=4 x_bytes=8192 x_success=4 x_fail=0 kb_calls=0 kb_bytes=0 kb_success=0 kb_fail=0 total=4 injected=0 history_level=-1 x_level=1 kb_level=-1 shape_bad=0 x_each_worker_once=1
CASE_PASS m=32 n=7 sve16_entries=0 expected=0 old_entries=0 packed_entries=0 packed_expected=0
ALLOC_PASS m=32 n=8 small=1 history_expected=0 history_calls=0 history_bytes=0 history_success=0 history_fail=0 x_calls=4 x_bytes=8192 x_success=4 x_fail=0 kb_calls=0 kb_bytes=0 kb_success=0 kb_fail=0 total=4 injected=0 history_level=-1 x_level=1 kb_level=-1 shape_bad=0 x_each_worker_once=1
CASE_PASS m=32 n=8 sve16_entries=0 expected=0 old_entries=0 packed_entries=0 packed_expected=0
ALLOC_PASS m=32 n=9 small=1 history_expected=0 history_calls=0 history_bytes=0 history_success=0 history_fail=0 x_calls=4 x_bytes=8192 x_success=4 x_fail=0 kb_calls=0 kb_bytes=0 kb_success=0 kb_fail=0 total=4 injected=0 history_level=-1 x_level=1 kb_level=-1 shape_bad=0 x_each_worker_once=1
CASE_PASS m=32 n=9 sve16_entries=0 expected=0 old_entries=0 packed_entries=0 packed_expected=0
ALLOC_PASS m=32 n=17 small=1 history_expected=0 history_calls=0 history_bytes=0 history_success=0 history_fail=0 x_calls=4 x_bytes=8192 x_success=4 x_fail=0 kb_calls=0 kb_bytes=0 kb_success=0 kb_fail=0 total=4 injected=0 history_level=-1 x_level=1 kb_level=-1 shape_bad=0 x_each_worker_once=1
CASE_PASS m=32 n=17 sve16_entries=0 expected=0 old_entries=0 packed_entries=0 packed_expected=0
ALLOC_PASS m=33 n=1 small=1 history_expected=0 history_calls=0 history_bytes=0 history_success=0 history_fail=0 x_calls=4 x_bytes=8448 x_success=4 x_fail=0 kb_calls=0 kb_bytes=0 kb_success=0 kb_fail=0 total=4 injected=0 history_level=-1 x_level=1 kb_level=-1 shape_bad=0 x_each_worker_once=1
CASE_PASS m=33 n=1 sve16_entries=0 expected=0 old_entries=0 packed_entries=0 packed_expected=0
ALLOC_PASS m=33 n=7 small=1 history_expected=0 history_calls=0 history_bytes=0 history_success=0 history_fail=0 x_calls=4 x_bytes=8448 x_success=4 x_fail=0 kb_calls=0 kb_bytes=0 kb_success=0 kb_fail=0 total=4 injected=0 history_level=-1 x_level=1 kb_level=-1 shape_bad=0 x_each_worker_once=1
CASE_PASS m=33 n=7 sve16_entries=0 expected=0 old_entries=0 packed_entries=0 packed_expected=0
ALLOC_PASS m=33 n=8 small=1 history_expected=0 history_calls=0 history_bytes=0 history_success=0 history_fail=0 x_calls=4 x_bytes=8448 x_success=4 x_fail=0 kb_calls=0 kb_bytes=0 kb_success=0 kb_fail=0 total=4 injected=0 history_level=-1 x_level=1 kb_level=-1 shape_bad=0 x_each_worker_once=1
CASE_PASS m=33 n=8 sve16_entries=0 expected=0 old_entries=0 packed_entries=0 packed_expected=0
ALLOC_PASS m=33 n=9 small=1 history_expected=0 history_calls=0 history_bytes=0 history_success=0 history_fail=0 x_calls=4 x_bytes=8448 x_success=4 x_fail=0 kb_calls=0 kb_bytes=0 kb_success=0 kb_fail=0 total=4 injected=0 history_level=-1 x_level=1 kb_level=-1 shape_bad=0 x_each_worker_once=1
CASE_PASS m=33 n=9 sve16_entries=0 expected=0 old_entries=0 packed_entries=0 packed_expected=0
ALLOC_PASS m=33 n=17 small=1 history_expected=0 history_calls=0 history_bytes=0 history_success=0 history_fail=0 x_calls=4 x_bytes=8448 x_success=4 x_fail=0 kb_calls=0 kb_bytes=0 kb_success=0 kb_fail=0 total=4 injected=0 history_level=-1 x_level=1 kb_level=-1 shape_bad=0 x_each_worker_once=1
CASE_PASS m=33 n=17 sve16_entries=0 expected=0 old_entries=0 packed_entries=0 packed_expected=0
ALLOC_PASS m=63 n=1 small=1 history_expected=0 history_calls=0 history_bytes=0 history_success=0 history_fail=0 x_calls=4 x_bytes=16128 x_success=4 x_fail=0 kb_calls=0 kb_bytes=0 kb_success=0 kb_fail=0 total=4 injected=0 history_level=-1 x_level=1 kb_level=-1 shape_bad=0 x_each_worker_once=1
CASE_PASS m=63 n=1 sve16_entries=0 expected=0 old_entries=0 packed_entries=0 packed_expected=0
ALLOC_PASS m=63 n=7 small=1 history_expected=0 history_calls=0 history_bytes=0 history_success=0 history_fail=0 x_calls=4 x_bytes=16128 x_success=4 x_fail=0 kb_calls=0 kb_bytes=0 kb_success=0 kb_fail=0 total=4 injected=0 history_level=-1 x_level=1 kb_level=-1 shape_bad=0 x_each_worker_once=1
CASE_PASS m=63 n=7 sve16_entries=0 expected=0 old_entries=0 packed_entries=0 packed_expected=0
ALLOC_PASS m=63 n=8 small=1 history_expected=0 history_calls=0 history_bytes=0 history_success=0 history_fail=0 x_calls=4 x_bytes=16128 x_success=4 x_fail=0 kb_calls=0 kb_bytes=0 kb_success=0 kb_fail=0 total=4 injected=0 history_level=-1 x_level=1 kb_level=-1 shape_bad=0 x_each_worker_once=1
CASE_PASS m=63 n=8 sve16_entries=0 expected=0 old_entries=0 packed_entries=0 packed_expected=0
ALLOC_PASS m=63 n=9 small=1 history_expected=0 history_calls=0 history_bytes=0 history_success=0 history_fail=0 x_calls=4 x_bytes=16128 x_success=4 x_fail=0 kb_calls=0 kb_bytes=0 kb_success=0 kb_fail=0 total=4 injected=0 history_level=-1 x_level=1 kb_level=-1 shape_bad=0 x_each_worker_once=1
CASE_PASS m=63 n=9 sve16_entries=0 expected=0 old_entries=0 packed_entries=0 packed_expected=0
ALLOC_PASS m=63 n=17 small=1 history_expected=0 history_calls=0 history_bytes=0 history_success=0 history_fail=0 x_calls=4 x_bytes=16128 x_success=4 x_fail=0 kb_calls=0 kb_bytes=0 kb_success=0 kb_fail=0 total=4 injected=0 history_level=-1 x_level=1 kb_level=-1 shape_bad=0 x_each_worker_once=1
CASE_PASS m=63 n=17 sve16_entries=0 expected=0 old_entries=0 packed_entries=0 packed_expected=0
ALLOC_PASS m=64 n=1 small=1 history_expected=0 history_calls=0 history_bytes=0 history_success=0 history_fail=0 x_calls=4 x_bytes=16384 x_success=4 x_fail=0 kb_calls=0 kb_bytes=0 kb_success=0 kb_fail=0 total=4 injected=0 history_level=-1 x_level=1 kb_level=-1 shape_bad=0 x_each_worker_once=1
CASE_PASS m=64 n=1 sve16_entries=0 expected=0 old_entries=0 packed_entries=0 packed_expected=0
ALLOC_PASS m=64 n=7 small=1 history_expected=0 history_calls=0 history_bytes=0 history_success=0 history_fail=0 x_calls=4 x_bytes=16384 x_success=4 x_fail=0 kb_calls=0 kb_bytes=0 kb_success=0 kb_fail=0 total=4 injected=0 history_level=-1 x_level=1 kb_level=-1 shape_bad=0 x_each_worker_once=1
CASE_PASS m=64 n=7 sve16_entries=0 expected=0 old_entries=0 packed_entries=0 packed_expected=0
ALLOC_PASS m=64 n=8 small=1 history_expected=0 history_calls=0 history_bytes=0 history_success=0 history_fail=0 x_calls=4 x_bytes=16384 x_success=4 x_fail=0 kb_calls=0 kb_bytes=0 kb_success=0 kb_fail=0 total=4 injected=0 history_level=-1 x_level=1 kb_level=-1 shape_bad=0 x_each_worker_once=1
CASE_PASS m=64 n=8 sve16_entries=0 expected=0 old_entries=0 packed_entries=0 packed_expected=0
ALLOC_PASS m=64 n=9 small=1 history_expected=0 history_calls=0 history_bytes=0 history_success=0 history_fail=0 x_calls=4 x_bytes=16384 x_success=4 x_fail=0 kb_calls=0 kb_bytes=0 kb_success=0 kb_fail=0 total=4 injected=0 history_level=-1 x_level=1 kb_level=-1 shape_bad=0 x_each_worker_once=1
CASE_PASS m=64 n=9 sve16_entries=0 expected=0 old_entries=0 packed_entries=0 packed_expected=0
ALLOC_PASS m=64 n=17 small=1 history_expected=0 history_calls=0 history_bytes=0 history_success=0 history_fail=0 x_calls=4 x_bytes=16384 x_success=4 x_fail=0 kb_calls=0 kb_bytes=0 kb_success=0 kb_fail=0 total=4 injected=0 history_level=-1 x_level=1 kb_level=-1 shape_bad=0 x_each_worker_once=1
CASE_PASS m=64 n=17 sve16_entries=0 expected=0 old_entries=0 packed_entries=0 packed_expected=0
ALLOC_PASS m=65 n=1 small=1 history_expected=0 history_calls=0 history_bytes=0 history_success=0 history_fail=0 x_calls=4 x_bytes=16640 x_success=4 x_fail=0 kb_calls=0 kb_bytes=0 kb_success=0 kb_fail=0 total=4 injected=0 history_level=-1 x_level=1 kb_level=-1 shape_bad=0 x_each_worker_once=1
CASE_PASS m=65 n=1 sve16_entries=0 expected=0 old_entries=0 packed_entries=0 packed_expected=0
ALLOC_PASS m=65 n=7 small=1 history_expected=0 history_calls=0 history_bytes=0 history_success=0 history_fail=0 x_calls=4 x_bytes=16640 x_success=4 x_fail=0 kb_calls=0 kb_bytes=0 kb_success=0 kb_fail=0 total=4 injected=0 history_level=-1 x_level=1 kb_level=-1 shape_bad=0 x_each_worker_once=1
CASE_PASS m=65 n=7 sve16_entries=0 expected=0 old_entries=0 packed_entries=0 packed_expected=0
ALLOC_PASS m=65 n=8 small=1 history_expected=0 history_calls=0 history_bytes=0 history_success=0 history_fail=0 x_calls=4 x_bytes=16640 x_success=4 x_fail=0 kb_calls=0 kb_bytes=0 kb_success=0 kb_fail=0 total=4 injected=0 history_level=-1 x_level=1 kb_level=-1 shape_bad=0 x_each_worker_once=1
CASE_PASS m=65 n=8 sve16_entries=0 expected=0 old_entries=0 packed_entries=0 packed_expected=0
ALLOC_PASS m=65 n=9 small=1 history_expected=0 history_calls=0 history_bytes=0 history_success=0 history_fail=0 x_calls=4 x_bytes=16640 x_success=4 x_fail=0 kb_calls=0 kb_bytes=0 kb_success=0 kb_fail=0 total=4 injected=0 history_level=-1 x_level=1 kb_level=-1 shape_bad=0 x_each_worker_once=1
CASE_PASS m=65 n=9 sve16_entries=0 expected=0 old_entries=0 packed_entries=0 packed_expected=0
ALLOC_PASS m=65 n=17 small=1 history_expected=0 history_calls=0 history_bytes=0 history_success=0 history_fail=0 x_calls=4 x_bytes=16640 x_success=4 x_fail=0 kb_calls=0 kb_bytes=0 kb_success=0 kb_fail=0 total=4 injected=0 history_level=-1 x_level=1 kb_level=-1 shape_bad=0 x_each_worker_once=1
CASE_PASS m=65 n=17 sve16_entries=0 expected=0 old_entries=0 packed_entries=0 packed_expected=0
ALLOC_PASS m=255 n=1 small=1 history_expected=0 history_calls=0 history_bytes=0 history_success=0 history_fail=0 x_calls=4 x_bytes=65280 x_success=4 x_fail=0 kb_calls=0 kb_bytes=0 kb_success=0 kb_fail=0 total=4 injected=0 history_level=-1 x_level=1 kb_level=-1 shape_bad=0 x_each_worker_once=1
CASE_PASS m=255 n=1 sve16_entries=0 expected=0 old_entries=0 packed_entries=0 packed_expected=0
ALLOC_PASS m=255 n=7 small=1 history_expected=0 history_calls=0 history_bytes=0 history_success=0 history_fail=0 x_calls=4 x_bytes=65280 x_success=4 x_fail=0 kb_calls=0 kb_bytes=0 kb_success=0 kb_fail=0 total=4 injected=0 history_level=-1 x_level=1 kb_level=-1 shape_bad=0 x_each_worker_once=1
CASE_PASS m=255 n=7 sve16_entries=0 expected=0 old_entries=0 packed_entries=0 packed_expected=0
ALLOC_PASS m=255 n=8 small=1 history_expected=0 history_calls=0 history_bytes=0 history_success=0 history_fail=0 x_calls=4 x_bytes=65280 x_success=4 x_fail=0 kb_calls=0 kb_bytes=0 kb_success=0 kb_fail=0 total=4 injected=0 history_level=-1 x_level=1 kb_level=-1 shape_bad=0 x_each_worker_once=1
CASE_PASS m=255 n=8 sve16_entries=0 expected=0 old_entries=0 packed_entries=0 packed_expected=0
ALLOC_PASS m=255 n=9 small=1 history_expected=0 history_calls=0 history_bytes=0 history_success=0 history_fail=0 x_calls=4 x_bytes=65280 x_success=4 x_fail=0 kb_calls=0 kb_bytes=0 kb_success=0 kb_fail=0 total=4 injected=0 history_level=-1 x_level=1 kb_level=-1 shape_bad=0 x_each_worker_once=1
CASE_PASS m=255 n=9 sve16_entries=0 expected=0 old_entries=0 packed_entries=0 packed_expected=0
ALLOC_PASS m=255 n=17 small=1 history_expected=0 history_calls=0 history_bytes=0 history_success=0 history_fail=0 x_calls=4 x_bytes=65280 x_success=4 x_fail=0 kb_calls=0 kb_bytes=0 kb_success=0 kb_fail=0 total=4 injected=0 history_level=-1 x_level=1 kb_level=-1 shape_bad=0 x_each_worker_once=1
CASE_PASS m=255 n=17 sve16_entries=0 expected=0 old_entries=0 packed_entries=0 packed_expected=0
ALLOC_PASS m=256 n=1 small=1 history_expected=0 history_calls=0 history_bytes=0 history_success=0 history_fail=0 x_calls=4 x_bytes=65536 x_success=4 x_fail=0 kb_calls=0 kb_bytes=0 kb_success=0 kb_fail=0 total=4 injected=0 history_level=-1 x_level=1 kb_level=-1 shape_bad=0 x_each_worker_once=1
CASE_PASS m=256 n=1 sve16_entries=0 expected=0 old_entries=0 packed_entries=0 packed_expected=0
ALLOC_PASS m=256 n=7 small=1 history_expected=0 history_calls=0 history_bytes=0 history_success=0 history_fail=0 x_calls=4 x_bytes=65536 x_success=4 x_fail=0 kb_calls=0 kb_bytes=0 kb_success=0 kb_fail=0 total=4 injected=0 history_level=-1 x_level=1 kb_level=-1 shape_bad=0 x_each_worker_once=1
CASE_PASS m=256 n=7 sve16_entries=0 expected=0 old_entries=0 packed_entries=0 packed_expected=0
ALLOC_PASS m=256 n=8 small=1 history_expected=0 history_calls=0 history_bytes=0 history_success=0 history_fail=0 x_calls=4 x_bytes=65536 x_success=4 x_fail=0 kb_calls=0 kb_bytes=0 kb_success=0 kb_fail=0 total=4 injected=0 history_level=-1 x_level=1 kb_level=-1 shape_bad=0 x_each_worker_once=1
CASE_PASS m=256 n=8 sve16_entries=0 expected=0 old_entries=0 packed_entries=0 packed_expected=0
ALLOC_PASS m=256 n=9 small=1 history_expected=0 history_calls=0 history_bytes=0 history_success=0 history_fail=0 x_calls=4 x_bytes=65536 x_success=4 x_fail=0 kb_calls=0 kb_bytes=0 kb_success=0 kb_fail=0 total=4 injected=0 history_level=-1 x_level=1 kb_level=-1 shape_bad=0 x_each_worker_once=1
CASE_PASS m=256 n=9 sve16_entries=0 expected=0 old_entries=0 packed_entries=0 packed_expected=0
ALLOC_PASS m=256 n=17 small=1 history_expected=0 history_calls=0 history_bytes=0 history_success=0 history_fail=0 x_calls=4 x_bytes=65536 x_success=4 x_fail=0 kb_calls=0 kb_bytes=0 kb_success=0 kb_fail=0 total=4 injected=0 history_level=-1 x_level=1 kb_level=-1 shape_bad=0 x_each_worker_once=1
CASE_PASS m=256 n=17 sve16_entries=0 expected=0 old_entries=0 packed_entries=0 packed_expected=0
ALLOC_PASS m=257 n=1 small=1 history_expected=0 history_calls=0 history_bytes=0 history_success=0 history_fail=0 x_calls=4 x_bytes=65792 x_success=4 x_fail=0 kb_calls=0 kb_bytes=0 kb_success=0 kb_fail=0 total=4 injected=0 history_level=-1 x_level=1 kb_level=-1 shape_bad=0 x_each_worker_once=1
CASE_PASS m=257 n=1 sve16_entries=0 expected=0 old_entries=0 packed_entries=0 packed_expected=0
ALLOC_PASS m=257 n=7 small=1 history_expected=0 history_calls=0 history_bytes=0 history_success=0 history_fail=0 x_calls=4 x_bytes=65792 x_success=4 x_fail=0 kb_calls=0 kb_bytes=0 kb_success=0 kb_fail=0 total=4 injected=0 history_level=-1 x_level=1 kb_level=-1 shape_bad=0 x_each_worker_once=1
CASE_PASS m=257 n=7 sve16_entries=0 expected=0 old_entries=0 packed_entries=0 packed_expected=0
ALLOC_PASS m=257 n=8 small=1 history_expected=0 history_calls=0 history_bytes=0 history_success=0 history_fail=0 x_calls=4 x_bytes=65792 x_success=4 x_fail=0 kb_calls=0 kb_bytes=0 kb_success=0 kb_fail=0 total=4 injected=0 history_level=-1 x_level=1 kb_level=-1 shape_bad=0 x_each_worker_once=1
CASE_PASS m=257 n=8 sve16_entries=0 expected=0 old_entries=0 packed_entries=0 packed_expected=0
ALLOC_PASS m=257 n=9 small=1 history_expected=0 history_calls=0 history_bytes=0 history_success=0 history_fail=0 x_calls=4 x_bytes=65792 x_success=4 x_fail=0 kb_calls=0 kb_bytes=0 kb_success=0 kb_fail=0 total=4 injected=0 history_level=-1 x_level=1 kb_level=-1 shape_bad=0 x_each_worker_once=1
CASE_PASS m=257 n=9 sve16_entries=0 expected=0 old_entries=0 packed_entries=0 packed_expected=0
ALLOC_PASS m=257 n=17 small=1 history_expected=0 history_calls=0 history_bytes=0 history_success=0 history_fail=0 x_calls=4 x_bytes=65792 x_success=4 x_fail=0 kb_calls=0 kb_bytes=0 kb_success=0 kb_fail=0 total=4 injected=0 history_level=-1 x_level=1 kb_level=-1 shape_bad=0 x_each_worker_once=1
CASE_PASS m=257 n=17 sve16_entries=0 expected=0 old_entries=0 packed_entries=0 packed_expected=0
ALLOCATION_SUMMARY_PASS cases=80 budget_cases=0 shared_injection_cases=0
PASS whole_cases=80 noop_cases=4 non_dyadic_long_double_RHS=1 padding_L_unchanged=1 max_error=1.1102230246251565e-16
SOURCE_FEATURES_PASS panel16=1 packedL16=1 has_budget=1 history_budget_bytes=4194304
MODE=full THREADS=4 NARROW_VL=0 EXPECT_SVE16=0 EXPECT_PACKEDL16=0
ALLOC_PASS m=1 n=1 small=1 history_expected=0 history_calls=0 history_bytes=0 history_success=0 history_fail=0 x_calls=4 x_bytes=256 x_success=0 x_fail=4 kb_calls=0 kb_bytes=0 kb_success=0 kb_fail=0 total=4 injected=4 history_level=-1 x_level=1 kb_level=-1 shape_bad=0 x_each_worker_once=1
CASE_PASS m=1 n=1 sve16_entries=0 expected=0 old_entries=0 packed_entries=0 packed_expected=0
ALLOC_PASS m=1 n=7 small=1 history_expected=0 history_calls=0 history_bytes=0 history_success=0 history_fail=0 x_calls=4 x_bytes=256 x_success=0 x_fail=4 kb_calls=0 kb_bytes=0 kb_success=0 kb_fail=0 total=4 injected=4 history_level=-1 x_level=1 kb_level=-1 shape_bad=0 x_each_worker_once=1
CASE_PASS m=1 n=7 sve16_entries=0 expected=0 old_entries=0 packed_entries=0 packed_expected=0
ALLOC_PASS m=1 n=8 small=1 history_expected=0 history_calls=0 history_bytes=0 history_success=0 history_fail=0 x_calls=4 x_bytes=256 x_success=0 x_fail=4 kb_calls=0 kb_bytes=0 kb_success=0 kb_fail=0 total=4 injected=4 history_level=-1 x_level=1 kb_level=-1 shape_bad=0 x_each_worker_once=1
CASE_PASS m=1 n=8 sve16_entries=0 expected=0 old_entries=0 packed_entries=0 packed_expected=0
ALLOC_PASS m=1 n=9 small=1 history_expected=0 history_calls=0 history_bytes=0 history_success=0 history_fail=0 x_calls=4 x_bytes=256 x_success=0 x_fail=4 kb_calls=0 kb_bytes=0 kb_success=0 kb_fail=0 total=4 injected=4 history_level=-1 x_level=1 kb_level=-1 shape_bad=0 x_each_worker_once=1
CASE_PASS m=1 n=9 sve16_entries=0 expected=0 old_entries=0 packed_entries=0 packed_expected=0
ALLOC_PASS m=1 n=17 small=1 history_expected=0 history_calls=0 history_bytes=0 history_success=0 history_fail=0 x_calls=4 x_bytes=256 x_success=0 x_fail=4 kb_calls=0 kb_bytes=0 kb_success=0 kb_fail=0 total=4 injected=4 history_level=-1 x_level=1 kb_level=-1 shape_bad=0 x_each_worker_once=1
CASE_PASS m=1 n=17 sve16_entries=0 expected=0 old_entries=0 packed_entries=0 packed_expected=0
ALLOC_PASS m=3 n=1 small=1 history_expected=0 history_calls=0 history_bytes=0 history_success=0 history_fail=0 x_calls=4 x_bytes=768 x_success=0 x_fail=4 kb_calls=0 kb_bytes=0 kb_success=0 kb_fail=0 total=4 injected=4 history_level=-1 x_level=1 kb_level=-1 shape_bad=0 x_each_worker_once=1
CASE_PASS m=3 n=1 sve16_entries=0 expected=0 old_entries=0 packed_entries=0 packed_expected=0
ALLOC_PASS m=3 n=7 small=1 history_expected=0 history_calls=0 history_bytes=0 history_success=0 history_fail=0 x_calls=4 x_bytes=768 x_success=0 x_fail=4 kb_calls=0 kb_bytes=0 kb_success=0 kb_fail=0 total=4 injected=4 history_level=-1 x_level=1 kb_level=-1 shape_bad=0 x_each_worker_once=1
CASE_PASS m=3 n=7 sve16_entries=0 expected=0 old_entries=0 packed_entries=0 packed_expected=0
ALLOC_PASS m=3 n=8 small=1 history_expected=0 history_calls=0 history_bytes=0 history_success=0 history_fail=0 x_calls=4 x_bytes=768 x_success=0 x_fail=4 kb_calls=0 kb_bytes=0 kb_success=0 kb_fail=0 total=4 injected=4 history_level=-1 x_level=1 kb_level=-1 shape_bad=0 x_each_worker_once=1
CASE_PASS m=3 n=8 sve16_entries=0 expected=0 old_entries=0 packed_entries=0 packed_expected=0
ALLOC_PASS m=3 n=9 small=1 history_expected=0 history_calls=0 history_bytes=0 history_success=0 history_fail=0 x_calls=4 x_bytes=768 x_success=0 x_fail=4 kb_calls=0 kb_bytes=0 kb_success=0 kb_fail=0 total=4 injected=4 history_level=-1 x_level=1 kb_level=-1 shape_bad=0 x_each_worker_once=1
CASE_PASS m=3 n=9 sve16_entries=0 expected=0 old_entries=0 packed_entries=0 packed_expected=0
ALLOC_PASS m=3 n=17 small=1 history_expected=0 history_calls=0 history_bytes=0 history_success=0 history_fail=0 x_calls=4 x_bytes=768 x_success=0 x_fail=4 kb_calls=0 kb_bytes=0 kb_success=0 kb_fail=0 total=4 injected=4 history_level=-1 x_level=1 kb_level=-1 shape_bad=0 x_each_worker_once=1
CASE_PASS m=3 n=17 sve16_entries=0 expected=0 old_entries=0 packed_entries=0 packed_expected=0
ALLOC_PASS m=4 n=1 small=1 history_expected=0 history_calls=0 history_bytes=0 history_success=0 history_fail=0 x_calls=4 x_bytes=1024 x_success=0 x_fail=4 kb_calls=0 kb_bytes=0 kb_success=0 kb_fail=0 total=4 injected=4 history_level=-1 x_level=1 kb_level=-1 shape_bad=0 x_each_worker_once=1
CASE_PASS m=4 n=1 sve16_entries=0 expected=0 old_entries=0 packed_entries=0 packed_expected=0
ALLOC_PASS m=4 n=7 small=1 history_expected=0 history_calls=0 history_bytes=0 history_success=0 history_fail=0 x_calls=4 x_bytes=1024 x_success=0 x_fail=4 kb_calls=0 kb_bytes=0 kb_success=0 kb_fail=0 total=4 injected=4 history_level=-1 x_level=1 kb_level=-1 shape_bad=0 x_each_worker_once=1
CASE_PASS m=4 n=7 sve16_entries=0 expected=0 old_entries=0 packed_entries=0 packed_expected=0
ALLOC_PASS m=4 n=8 small=1 history_expected=0 history_calls=0 history_bytes=0 history_success=0 history_fail=0 x_calls=4 x_bytes=1024 x_success=0 x_fail=4 kb_calls=0 kb_bytes=0 kb_success=0 kb_fail=0 total=4 injected=4 history_level=-1 x_level=1 kb_level=-1 shape_bad=0 x_each_worker_once=1
CASE_PASS m=4 n=8 sve16_entries=0 expected=0 old_entries=0 packed_entries=0 packed_expected=0
ALLOC_PASS m=4 n=9 small=1 history_expected=0 history_calls=0 history_bytes=0 history_success=0 history_fail=0 x_calls=4 x_bytes=1024 x_success=0 x_fail=4 kb_calls=0 kb_bytes=0 kb_success=0 kb_fail=0 total=4 injected=4 history_level=-1 x_level=1 kb_level=-1 shape_bad=0 x_each_worker_once=1
CASE_PASS m=4 n=9 sve16_entries=0 expected=0 old_entries=0 packed_entries=0 packed_expected=0
ALLOC_PASS m=4 n=17 small=1 history_expected=0 history_calls=0 history_bytes=0 history_success=0 history_fail=0 x_calls=4 x_bytes=1024 x_success=0 x_fail=4 kb_calls=0 kb_bytes=0 kb_success=0 kb_fail=0 total=4 injected=4 history_level=-1 x_level=1 kb_level=-1 shape_bad=0 x_each_worker_once=1
CASE_PASS m=4 n=17 sve16_entries=0 expected=0 old_entries=0 packed_entries=0 packed_expected=0
ALLOC_PASS m=5 n=1 small=1 history_expected=0 history_calls=0 history_bytes=0 history_success=0 history_fail=0 x_calls=4 x_bytes=1280 x_success=0 x_fail=4 kb_calls=0 kb_bytes=0 kb_success=0 kb_fail=0 total=4 injected=4 history_level=-1 x_level=1 kb_level=-1 shape_bad=0 x_each_worker_once=1
CASE_PASS m=5 n=1 sve16_entries=0 expected=0 old_entries=0 packed_entries=0 packed_expected=0
ALLOC_PASS m=5 n=7 small=1 history_expected=0 history_calls=0 history_bytes=0 history_success=0 history_fail=0 x_calls=4 x_bytes=1280 x_success=0 x_fail=4 kb_calls=0 kb_bytes=0 kb_success=0 kb_fail=0 total=4 injected=4 history_level=-1 x_level=1 kb_level=-1 shape_bad=0 x_each_worker_once=1
CASE_PASS m=5 n=7 sve16_entries=0 expected=0 old_entries=0 packed_entries=0 packed_expected=0
ALLOC_PASS m=5 n=8 small=1 history_expected=0 history_calls=0 history_bytes=0 history_success=0 history_fail=0 x_calls=4 x_bytes=1280 x_success=0 x_fail=4 kb_calls=0 kb_bytes=0 kb_success=0 kb_fail=0 total=4 injected=4 history_level=-1 x_level=1 kb_level=-1 shape_bad=0 x_each_worker_once=1
CASE_PASS m=5 n=8 sve16_entries=0 expected=0 old_entries=0 packed_entries=0 packed_expected=0
ALLOC_PASS m=5 n=9 small=1 history_expected=0 history_calls=0 history_bytes=0 history_success=0 history_fail=0 x_calls=4 x_bytes=1280 x_success=0 x_fail=4 kb_calls=0 kb_bytes=0 kb_success=0 kb_fail=0 total=4 injected=4 history_level=-1 x_level=1 kb_level=-1 shape_bad=0 x_each_worker_once=1
CASE_PASS m=5 n=9 sve16_entries=0 expected=0 old_entries=0 packed_entries=0 packed_expected=0
ALLOC_PASS m=5 n=17 small=1 history_expected=0 history_calls=0 history_bytes=0 history_success=0 history_fail=0 x_calls=4 x_bytes=1280 x_success=0 x_fail=4 kb_calls=0 kb_bytes=0 kb_success=0 kb_fail=0 total=4 injected=4 history_level=-1 x_level=1 kb_level=-1 shape_bad=0 x_each_worker_once=1
CASE_PASS m=5 n=17 sve16_entries=0 expected=0 old_entries=0 packed_entries=0 packed_expected=0
ALLOC_PASS m=15 n=1 small=1 history_expected=0 history_calls=0 history_bytes=0 history_success=0 history_fail=0 x_calls=4 x_bytes=3840 x_success=0 x_fail=4 kb_calls=0 kb_bytes=0 kb_success=0 kb_fail=0 total=4 injected=4 history_level=-1 x_level=1 kb_level=-1 shape_bad=0 x_each_worker_once=1
CASE_PASS m=15 n=1 sve16_entries=0 expected=0 old_entries=0 packed_entries=0 packed_expected=0
ALLOC_PASS m=15 n=7 small=1 history_expected=0 history_calls=0 history_bytes=0 history_success=0 history_fail=0 x_calls=4 x_bytes=3840 x_success=0 x_fail=4 kb_calls=0 kb_bytes=0 kb_success=0 kb_fail=0 total=4 injected=4 history_level=-1 x_level=1 kb_level=-1 shape_bad=0 x_each_worker_once=1
CASE_PASS m=15 n=7 sve16_entries=0 expected=0 old_entries=0 packed_entries=0 packed_expected=0
ALLOC_PASS m=15 n=8 small=1 history_expected=0 history_calls=0 history_bytes=0 history_success=0 history_fail=0 x_calls=4 x_bytes=3840 x_success=0 x_fail=4 kb_calls=0 kb_bytes=0 kb_success=0 kb_fail=0 total=4 injected=4 history_level=-1 x_level=1 kb_level=-1 shape_bad=0 x_each_worker_once=1
CASE_PASS m=15 n=8 sve16_entries=0 expected=0 old_entries=0 packed_entries=0 packed_expected=0
ALLOC_PASS m=15 n=9 small=1 history_expected=0 history_calls=0 history_bytes=0 history_success=0 history_fail=0 x_calls=4 x_bytes=3840 x_success=0 x_fail=4 kb_calls=0 kb_bytes=0 kb_success=0 kb_fail=0 total=4 injected=4 history_level=-1 x_level=1 kb_level=-1 shape_bad=0 x_each_worker_once=1
CASE_PASS m=15 n=9 sve16_entries=0 expected=0 old_entries=0 packed_entries=0 packed_expected=0
ALLOC_PASS m=15 n=17 small=1 history_expected=0 history_calls=0 history_bytes=0 history_success=0 history_fail=0 x_calls=4 x_bytes=3840 x_success=0 x_fail=4 kb_calls=0 kb_bytes=0 kb_success=0 kb_fail=0 total=4 injected=4 history_level=-1 x_level=1 kb_level=-1 shape_bad=0 x_each_worker_once=1
CASE_PASS m=15 n=17 sve16_entries=0 expected=0 old_entries=0 packed_entries=0 packed_expected=0
ALLOC_PASS m=16 n=1 small=1 history_expected=0 history_calls=0 history_bytes=0 history_success=0 history_fail=0 x_calls=4 x_bytes=4096 x_success=0 x_fail=4 kb_calls=0 kb_bytes=0 kb_success=0 kb_fail=0 total=4 injected=4 history_level=-1 x_level=1 kb_level=-1 shape_bad=0 x_each_worker_once=1
CASE_PASS m=16 n=1 sve16_entries=0 expected=0 old_entries=0 packed_entries=0 packed_expected=0
ALLOC_PASS m=16 n=7 small=1 history_expected=0 history_calls=0 history_bytes=0 history_success=0 history_fail=0 x_calls=4 x_bytes=4096 x_success=0 x_fail=4 kb_calls=0 kb_bytes=0 kb_success=0 kb_fail=0 total=4 injected=4 history_level=-1 x_level=1 kb_level=-1 shape_bad=0 x_each_worker_once=1
CASE_PASS m=16 n=7 sve16_entries=0 expected=0 old_entries=0 packed_entries=0 packed_expected=0
ALLOC_PASS m=16 n=8 small=1 history_expected=0 history_calls=0 history_bytes=0 history_success=0 history_fail=0 x_calls=4 x_bytes=4096 x_success=0 x_fail=4 kb_calls=0 kb_bytes=0 kb_success=0 kb_fail=0 total=4 injected=4 history_level=-1 x_level=1 kb_level=-1 shape_bad=0 x_each_worker_once=1
CASE_PASS m=16 n=8 sve16_entries=0 expected=0 old_entries=0 packed_entries=0 packed_expected=0
ALLOC_PASS m=16 n=9 small=1 history_expected=0 history_calls=0 history_bytes=0 history_success=0 history_fail=0 x_calls=4 x_bytes=4096 x_success=0 x_fail=4 kb_calls=0 kb_bytes=0 kb_success=0 kb_fail=0 total=4 injected=4 history_level=-1 x_level=1 kb_level=-1 shape_bad=0 x_each_worker_once=1
CASE_PASS m=16 n=9 sve16_entries=0 expected=0 old_entries=0 packed_entries=0 packed_expected=0
ALLOC_PASS m=16 n=17 small=1 history_expected=0 history_calls=0 history_bytes=0 history_success=0 history_fail=0 x_calls=4 x_bytes=4096 x_success=0 x_fail=4 kb_calls=0 kb_bytes=0 kb_success=0 kb_fail=0 total=4 injected=4 history_level=-1 x_level=1 kb_level=-1 shape_bad=0 x_each_worker_once=1
CASE_PASS m=16 n=17 sve16_entries=0 expected=0 old_entries=0 packed_entries=0 packed_expected=0
ALLOC_PASS m=17 n=1 small=1 history_expected=0 history_calls=0 history_bytes=0 history_success=0 history_fail=0 x_calls=4 x_bytes=4352 x_success=0 x_fail=4 kb_calls=0 kb_bytes=0 kb_success=0 kb_fail=0 total=4 injected=4 history_level=-1 x_level=1 kb_level=-1 shape_bad=0 x_each_worker_once=1
CASE_PASS m=17 n=1 sve16_entries=0 expected=0 old_entries=0 packed_entries=0 packed_expected=0
ALLOC_PASS m=17 n=7 small=1 history_expected=0 history_calls=0 history_bytes=0 history_success=0 history_fail=0 x_calls=4 x_bytes=4352 x_success=0 x_fail=4 kb_calls=0 kb_bytes=0 kb_success=0 kb_fail=0 total=4 injected=4 history_level=-1 x_level=1 kb_level=-1 shape_bad=0 x_each_worker_once=1
CASE_PASS m=17 n=7 sve16_entries=0 expected=0 old_entries=0 packed_entries=0 packed_expected=0
ALLOC_PASS m=17 n=8 small=1 history_expected=0 history_calls=0 history_bytes=0 history_success=0 history_fail=0 x_calls=4 x_bytes=4352 x_success=0 x_fail=4 kb_calls=0 kb_bytes=0 kb_success=0 kb_fail=0 total=4 injected=4 history_level=-1 x_level=1 kb_level=-1 shape_bad=0 x_each_worker_once=1
CASE_PASS m=17 n=8 sve16_entries=0 expected=0 old_entries=0 packed_entries=0 packed_expected=0
ALLOC_PASS m=17 n=9 small=1 history_expected=0 history_calls=0 history_bytes=0 history_success=0 history_fail=0 x_calls=4 x_bytes=4352 x_success=0 x_fail=4 kb_calls=0 kb_bytes=0 kb_success=0 kb_fail=0 total=4 injected=4 history_level=-1 x_level=1 kb_level=-1 shape_bad=0 x_each_worker_once=1
CASE_PASS m=17 n=9 sve16_entries=0 expected=0 old_entries=0 packed_entries=0 packed_expected=0
ALLOC_PASS m=17 n=17 small=1 history_expected=0 history_calls=0 history_bytes=0 history_success=0 history_fail=0 x_calls=4 x_bytes=4352 x_success=0 x_fail=4 kb_calls=0 kb_bytes=0 kb_success=0 kb_fail=0 total=4 injected=4 history_level=-1 x_level=1 kb_level=-1 shape_bad=0 x_each_worker_once=1
CASE_PASS m=17 n=17 sve16_entries=0 expected=0 old_entries=0 packed_entries=0 packed_expected=0
ALLOC_PASS m=31 n=1 small=1 history_expected=0 history_calls=0 history_bytes=0 history_success=0 history_fail=0 x_calls=4 x_bytes=7936 x_success=0 x_fail=4 kb_calls=0 kb_bytes=0 kb_success=0 kb_fail=0 total=4 injected=4 history_level=-1 x_level=1 kb_level=-1 shape_bad=0 x_each_worker_once=1
CASE_PASS m=31 n=1 sve16_entries=0 expected=0 old_entries=0 packed_entries=0 packed_expected=0
ALLOC_PASS m=31 n=7 small=1 history_expected=0 history_calls=0 history_bytes=0 history_success=0 history_fail=0 x_calls=4 x_bytes=7936 x_success=0 x_fail=4 kb_calls=0 kb_bytes=0 kb_success=0 kb_fail=0 total=4 injected=4 history_level=-1 x_level=1 kb_level=-1 shape_bad=0 x_each_worker_once=1
CASE_PASS m=31 n=7 sve16_entries=0 expected=0 old_entries=0 packed_entries=0 packed_expected=0
ALLOC_PASS m=31 n=8 small=1 history_expected=0 history_calls=0 history_bytes=0 history_success=0 history_fail=0 x_calls=4 x_bytes=7936 x_success=0 x_fail=4 kb_calls=0 kb_bytes=0 kb_success=0 kb_fail=0 total=4 injected=4 history_level=-1 x_level=1 kb_level=-1 shape_bad=0 x_each_worker_once=1
CASE_PASS m=31 n=8 sve16_entries=0 expected=0 old_entries=0 packed_entries=0 packed_expected=0
ALLOC_PASS m=31 n=9 small=1 history_expected=0 history_calls=0 history_bytes=0 history_success=0 history_fail=0 x_calls=4 x_bytes=7936 x_success=0 x_fail=4 kb_calls=0 kb_bytes=0 kb_success=0 kb_fail=0 total=4 injected=4 history_level=-1 x_level=1 kb_level=-1 shape_bad=0 x_each_worker_once=1
CASE_PASS m=31 n=9 sve16_entries=0 expected=0 old_entries=0 packed_entries=0 packed_expected=0
ALLOC_PASS m=31 n=17 small=1 history_expected=0 history_calls=0 history_bytes=0 history_success=0 history_fail=0 x_calls=4 x_bytes=7936 x_success=0 x_fail=4 kb_calls=0 kb_bytes=0 kb_success=0 kb_fail=0 total=4 injected=4 history_level=-1 x_level=1 kb_level=-1 shape_bad=0 x_each_worker_once=1
CASE_PASS m=31 n=17 sve16_entries=0 expected=0 old_entries=0 packed_entries=0 packed_expected=0
ALLOC_PASS m=32 n=1 small=1 history_expected=1 history_calls=1 history_bytes=2048 history_success=0 history_fail=1 x_calls=4 x_bytes=8192 x_success=0 x_fail=4 kb_calls=0 kb_bytes=0 kb_success=0 kb_fail=0 total=5 injected=5 history_level=0 x_level=1 kb_level=-1 shape_bad=0 x_each_worker_once=1
CASE_PASS m=32 n=1 sve16_entries=0 expected=0 old_entries=0 packed_entries=0 packed_expected=0
ALLOC_PASS m=32 n=7 small=1 history_expected=1 history_calls=1 history_bytes=2048 history_success=0 history_fail=1 x_calls=4 x_bytes=8192 x_success=0 x_fail=4 kb_calls=0 kb_bytes=0 kb_success=0 kb_fail=0 total=5 injected=5 history_level=0 x_level=1 kb_level=-1 shape_bad=0 x_each_worker_once=1
CASE_PASS m=32 n=7 sve16_entries=0 expected=0 old_entries=0 packed_entries=0 packed_expected=0
ALLOC_PASS m=32 n=8 small=1 history_expected=1 history_calls=1 history_bytes=2048 history_success=0 history_fail=1 x_calls=4 x_bytes=8192 x_success=0 x_fail=4 kb_calls=0 kb_bytes=0 kb_success=0 kb_fail=0 total=5 injected=5 history_level=0 x_level=1 kb_level=-1 shape_bad=0 x_each_worker_once=1
CASE_PASS m=32 n=8 sve16_entries=0 expected=0 old_entries=0 packed_entries=0 packed_expected=0
ALLOC_PASS m=32 n=9 small=1 history_expected=1 history_calls=1 history_bytes=2048 history_success=0 history_fail=1 x_calls=4 x_bytes=8192 x_success=0 x_fail=4 kb_calls=0 kb_bytes=0 kb_success=0 kb_fail=0 total=5 injected=5 history_level=0 x_level=1 kb_level=-1 shape_bad=0 x_each_worker_once=1
CASE_PASS m=32 n=9 sve16_entries=0 expected=0 old_entries=0 packed_entries=0 packed_expected=0
ALLOC_PASS m=32 n=17 small=1 history_expected=1 history_calls=1 history_bytes=2048 history_success=0 history_fail=1 x_calls=4 x_bytes=8192 x_success=0 x_fail=4 kb_calls=0 kb_bytes=0 kb_success=0 kb_fail=0 total=5 injected=5 history_level=0 x_level=1 kb_level=-1 shape_bad=0 x_each_worker_once=1
CASE_PASS m=32 n=17 sve16_entries=0 expected=0 old_entries=0 packed_entries=0 packed_expected=0
ALLOC_PASS m=33 n=1 small=1 history_expected=1 history_calls=1 history_bytes=2048 history_success=0 history_fail=1 x_calls=4 x_bytes=8448 x_success=0 x_fail=4 kb_calls=0 kb_bytes=0 kb_success=0 kb_fail=0 total=5 injected=5 history_level=0 x_level=1 kb_level=-1 shape_bad=0 x_each_worker_once=1
CASE_PASS m=33 n=1 sve16_entries=0 expected=0 old_entries=0 packed_entries=0 packed_expected=0
ALLOC_PASS m=33 n=7 small=1 history_expected=1 history_calls=1 history_bytes=2048 history_success=0 history_fail=1 x_calls=4 x_bytes=8448 x_success=0 x_fail=4 kb_calls=0 kb_bytes=0 kb_success=0 kb_fail=0 total=5 injected=5 history_level=0 x_level=1 kb_level=-1 shape_bad=0 x_each_worker_once=1
CASE_PASS m=33 n=7 sve16_entries=0 expected=0 old_entries=0 packed_entries=0 packed_expected=0
ALLOC_PASS m=33 n=8 small=1 history_expected=1 history_calls=1 history_bytes=2048 history_success=0 history_fail=1 x_calls=4 x_bytes=8448 x_success=0 x_fail=4 kb_calls=0 kb_bytes=0 kb_success=0 kb_fail=0 total=5 injected=5 history_level=0 x_level=1 kb_level=-1 shape_bad=0 x_each_worker_once=1
CASE_PASS m=33 n=8 sve16_entries=0 expected=0 old_entries=0 packed_entries=0 packed_expected=0
ALLOC_PASS m=33 n=9 small=1 history_expected=1 history_calls=1 history_bytes=2048 history_success=0 history_fail=1 x_calls=4 x_bytes=8448 x_success=0 x_fail=4 kb_calls=0 kb_bytes=0 kb_success=0 kb_fail=0 total=5 injected=5 history_level=0 x_level=1 kb_level=-1 shape_bad=0 x_each_worker_once=1
CASE_PASS m=33 n=9 sve16_entries=0 expected=0 old_entries=0 packed_entries=0 packed_expected=0
ALLOC_PASS m=33 n=17 small=1 history_expected=1 history_calls=1 history_bytes=2048 history_success=0 history_fail=1 x_calls=4 x_bytes=8448 x_success=0 x_fail=4 kb_calls=0 kb_bytes=0 kb_success=0 kb_fail=0 total=5 injected=5 history_level=0 x_level=1 kb_level=-1 shape_bad=0 x_each_worker_once=1
CASE_PASS m=33 n=17 sve16_entries=0 expected=0 old_entries=0 packed_entries=0 packed_expected=0
ALLOC_PASS m=63 n=1 small=1 history_expected=1 history_calls=1 history_bytes=6144 history_success=0 history_fail=1 x_calls=4 x_bytes=16128 x_success=0 x_fail=4 kb_calls=0 kb_bytes=0 kb_success=0 kb_fail=0 total=5 injected=5 history_level=0 x_level=1 kb_level=-1 shape_bad=0 x_each_worker_once=1
CASE_PASS m=63 n=1 sve16_entries=0 expected=0 old_entries=0 packed_entries=0 packed_expected=0
ALLOC_PASS m=63 n=7 small=1 history_expected=1 history_calls=1 history_bytes=6144 history_success=0 history_fail=1 x_calls=4 x_bytes=16128 x_success=0 x_fail=4 kb_calls=0 kb_bytes=0 kb_success=0 kb_fail=0 total=5 injected=5 history_level=0 x_level=1 kb_level=-1 shape_bad=0 x_each_worker_once=1
CASE_PASS m=63 n=7 sve16_entries=0 expected=0 old_entries=0 packed_entries=0 packed_expected=0
ALLOC_PASS m=63 n=8 small=1 history_expected=1 history_calls=1 history_bytes=6144 history_success=0 history_fail=1 x_calls=4 x_bytes=16128 x_success=0 x_fail=4 kb_calls=0 kb_bytes=0 kb_success=0 kb_fail=0 total=5 injected=5 history_level=0 x_level=1 kb_level=-1 shape_bad=0 x_each_worker_once=1
CASE_PASS m=63 n=8 sve16_entries=0 expected=0 old_entries=0 packed_entries=0 packed_expected=0
ALLOC_PASS m=63 n=9 small=1 history_expected=1 history_calls=1 history_bytes=6144 history_success=0 history_fail=1 x_calls=4 x_bytes=16128 x_success=0 x_fail=4 kb_calls=0 kb_bytes=0 kb_success=0 kb_fail=0 total=5 injected=5 history_level=0 x_level=1 kb_level=-1 shape_bad=0 x_each_worker_once=1
CASE_PASS m=63 n=9 sve16_entries=0 expected=0 old_entries=0 packed_entries=0 packed_expected=0
ALLOC_PASS m=63 n=17 small=1 history_expected=1 history_calls=1 history_bytes=6144 history_success=0 history_fail=1 x_calls=4 x_bytes=16128 x_success=0 x_fail=4 kb_calls=0 kb_bytes=0 kb_success=0 kb_fail=0 total=5 injected=5 history_level=0 x_level=1 kb_level=-1 shape_bad=0 x_each_worker_once=1
CASE_PASS m=63 n=17 sve16_entries=0 expected=0 old_entries=0 packed_entries=0 packed_expected=0
ALLOC_PASS m=64 n=1 small=1 history_expected=1 history_calls=1 history_bytes=12288 history_success=0 history_fail=1 x_calls=4 x_bytes=16384 x_success=0 x_fail=4 kb_calls=0 kb_bytes=0 kb_success=0 kb_fail=0 total=5 injected=5 history_level=0 x_level=1 kb_level=-1 shape_bad=0 x_each_worker_once=1
CASE_PASS m=64 n=1 sve16_entries=0 expected=0 old_entries=0 packed_entries=0 packed_expected=0
ALLOC_PASS m=64 n=7 small=1 history_expected=1 history_calls=1 history_bytes=12288 history_success=0 history_fail=1 x_calls=4 x_bytes=16384 x_success=0 x_fail=4 kb_calls=0 kb_bytes=0 kb_success=0 kb_fail=0 total=5 injected=5 history_level=0 x_level=1 kb_level=-1 shape_bad=0 x_each_worker_once=1
CASE_PASS m=64 n=7 sve16_entries=0 expected=0 old_entries=0 packed_entries=0 packed_expected=0
ALLOC_PASS m=64 n=8 small=1 history_expected=1 history_calls=1 history_bytes=12288 history_success=0 history_fail=1 x_calls=4 x_bytes=16384 x_success=0 x_fail=4 kb_calls=0 kb_bytes=0 kb_success=0 kb_fail=0 total=5 injected=5 history_level=0 x_level=1 kb_level=-1 shape_bad=0 x_each_worker_once=1
CASE_PASS m=64 n=8 sve16_entries=0 expected=0 old_entries=0 packed_entries=0 packed_expected=0
ALLOC_PASS m=64 n=9 small=1 history_expected=1 history_calls=1 history_bytes=12288 history_success=0 history_fail=1 x_calls=4 x_bytes=16384 x_success=0 x_fail=4 kb_calls=0 kb_bytes=0 kb_success=0 kb_fail=0 total=5 injected=5 history_level=0 x_level=1 kb_level=-1 shape_bad=0 x_each_worker_once=1
CASE_PASS m=64 n=9 sve16_entries=0 expected=0 old_entries=0 packed_entries=0 packed_expected=0
ALLOC_PASS m=64 n=17 small=1 history_expected=1 history_calls=1 history_bytes=12288 history_success=0 history_fail=1 x_calls=4 x_bytes=16384 x_success=0 x_fail=4 kb_calls=0 kb_bytes=0 kb_success=0 kb_fail=0 total=5 injected=5 history_level=0 x_level=1 kb_level=-1 shape_bad=0 x_each_worker_once=1
CASE_PASS m=64 n=17 sve16_entries=0 expected=0 old_entries=0 packed_entries=0 packed_expected=0
ALLOC_PASS m=65 n=1 small=1 history_expected=1 history_calls=1 history_bytes=12288 history_success=0 history_fail=1 x_calls=4 x_bytes=16640 x_success=0 x_fail=4 kb_calls=0 kb_bytes=0 kb_success=0 kb_fail=0 total=5 injected=5 history_level=0 x_level=1 kb_level=-1 shape_bad=0 x_each_worker_once=1
CASE_PASS m=65 n=1 sve16_entries=0 expected=0 old_entries=0 packed_entries=0 packed_expected=0
ALLOC_PASS m=65 n=7 small=1 history_expected=1 history_calls=1 history_bytes=12288 history_success=0 history_fail=1 x_calls=4 x_bytes=16640 x_success=0 x_fail=4 kb_calls=0 kb_bytes=0 kb_success=0 kb_fail=0 total=5 injected=5 history_level=0 x_level=1 kb_level=-1 shape_bad=0 x_each_worker_once=1
CASE_PASS m=65 n=7 sve16_entries=0 expected=0 old_entries=0 packed_entries=0 packed_expected=0
ALLOC_PASS m=65 n=8 small=1 history_expected=1 history_calls=1 history_bytes=12288 history_success=0 history_fail=1 x_calls=4 x_bytes=16640 x_success=0 x_fail=4 kb_calls=0 kb_bytes=0 kb_success=0 kb_fail=0 total=5 injected=5 history_level=0 x_level=1 kb_level=-1 shape_bad=0 x_each_worker_once=1
CASE_PASS m=65 n=8 sve16_entries=0 expected=0 old_entries=0 packed_entries=0 packed_expected=0
ALLOC_PASS m=65 n=9 small=1 history_expected=1 history_calls=1 history_bytes=12288 history_success=0 history_fail=1 x_calls=4 x_bytes=16640 x_success=0 x_fail=4 kb_calls=0 kb_bytes=0 kb_success=0 kb_fail=0 total=5 injected=5 history_level=0 x_level=1 kb_level=-1 shape_bad=0 x_each_worker_once=1
CASE_PASS m=65 n=9 sve16_entries=0 expected=0 old_entries=0 packed_entries=0 packed_expected=0
ALLOC_PASS m=65 n=17 small=1 history_expected=1 history_calls=1 history_bytes=12288 history_success=0 history_fail=1 x_calls=4 x_bytes=16640 x_success=0 x_fail=4 kb_calls=0 kb_bytes=0 kb_success=0 kb_fail=0 total=5 injected=5 history_level=0 x_level=1 kb_level=-1 shape_bad=0 x_each_worker_once=1
CASE_PASS m=65 n=17 sve16_entries=0 expected=0 old_entries=0 packed_entries=0 packed_expected=0
ALLOC_PASS m=255 n=1 small=1 history_expected=1 history_calls=1 history_bytes=215040 history_success=0 history_fail=1 x_calls=4 x_bytes=65280 x_success=0 x_fail=4 kb_calls=0 kb_bytes=0 kb_success=0 kb_fail=0 total=5 injected=5 history_level=0 x_level=1 kb_level=-1 shape_bad=0 x_each_worker_once=1
CASE_PASS m=255 n=1 sve16_entries=0 expected=0 old_entries=0 packed_entries=0 packed_expected=0
ALLOC_PASS m=255 n=7 small=1 history_expected=1 history_calls=1 history_bytes=215040 history_success=0 history_fail=1 x_calls=4 x_bytes=65280 x_success=0 x_fail=4 kb_calls=0 kb_bytes=0 kb_success=0 kb_fail=0 total=5 injected=5 history_level=0 x_level=1 kb_level=-1 shape_bad=0 x_each_worker_once=1
CASE_PASS m=255 n=7 sve16_entries=0 expected=0 old_entries=0 packed_entries=0 packed_expected=0
ALLOC_PASS m=255 n=8 small=1 history_expected=1 history_calls=1 history_bytes=215040 history_success=0 history_fail=1 x_calls=4 x_bytes=65280 x_success=0 x_fail=4 kb_calls=0 kb_bytes=0 kb_success=0 kb_fail=0 total=5 injected=5 history_level=0 x_level=1 kb_level=-1 shape_bad=0 x_each_worker_once=1
CASE_PASS m=255 n=8 sve16_entries=0 expected=0 old_entries=0 packed_entries=0 packed_expected=0
ALLOC_PASS m=255 n=9 small=1 history_expected=1 history_calls=1 history_bytes=215040 history_success=0 history_fail=1 x_calls=4 x_bytes=65280 x_success=0 x_fail=4 kb_calls=0 kb_bytes=0 kb_success=0 kb_fail=0 total=5 injected=5 history_level=0 x_level=1 kb_level=-1 shape_bad=0 x_each_worker_once=1
CASE_PASS m=255 n=9 sve16_entries=0 expected=0 old_entries=0 packed_entries=0 packed_expected=0
ALLOC_PASS m=255 n=17 small=1 history_expected=1 history_calls=1 history_bytes=215040 history_success=0 history_fail=1 x_calls=4 x_bytes=65280 x_success=0 x_fail=4 kb_calls=0 kb_bytes=0 kb_success=0 kb_fail=0 total=5 injected=5 history_level=0 x_level=1 kb_level=-1 shape_bad=0 x_each_worker_once=1
CASE_PASS m=255 n=17 sve16_entries=0 expected=0 old_entries=0 packed_entries=0 packed_expected=0
ALLOC_PASS m=256 n=1 small=1 history_expected=1 history_calls=1 history_bytes=245760 history_success=0 history_fail=1 x_calls=4 x_bytes=65536 x_success=0 x_fail=4 kb_calls=0 kb_bytes=0 kb_success=0 kb_fail=0 total=5 injected=5 history_level=0 x_level=1 kb_level=-1 shape_bad=0 x_each_worker_once=1
CASE_PASS m=256 n=1 sve16_entries=0 expected=0 old_entries=0 packed_entries=0 packed_expected=0
ALLOC_PASS m=256 n=7 small=1 history_expected=1 history_calls=1 history_bytes=245760 history_success=0 history_fail=1 x_calls=4 x_bytes=65536 x_success=0 x_fail=4 kb_calls=0 kb_bytes=0 kb_success=0 kb_fail=0 total=5 injected=5 history_level=0 x_level=1 kb_level=-1 shape_bad=0 x_each_worker_once=1
CASE_PASS m=256 n=7 sve16_entries=0 expected=0 old_entries=0 packed_entries=0 packed_expected=0
ALLOC_PASS m=256 n=8 small=1 history_expected=1 history_calls=1 history_bytes=245760 history_success=0 history_fail=1 x_calls=4 x_bytes=65536 x_success=0 x_fail=4 kb_calls=0 kb_bytes=0 kb_success=0 kb_fail=0 total=5 injected=5 history_level=0 x_level=1 kb_level=-1 shape_bad=0 x_each_worker_once=1
CASE_PASS m=256 n=8 sve16_entries=0 expected=0 old_entries=0 packed_entries=0 packed_expected=0
ALLOC_PASS m=256 n=9 small=1 history_expected=1 history_calls=1 history_bytes=245760 history_success=0 history_fail=1 x_calls=4 x_bytes=65536 x_success=0 x_fail=4 kb_calls=0 kb_bytes=0 kb_success=0 kb_fail=0 total=5 injected=5 history_level=0 x_level=1 kb_level=-1 shape_bad=0 x_each_worker_once=1
CASE_PASS m=256 n=9 sve16_entries=0 expected=0 old_entries=0 packed_entries=0 packed_expected=0
ALLOC_PASS m=256 n=17 small=1 history_expected=1 history_calls=1 history_bytes=245760 history_success=0 history_fail=1 x_calls=4 x_bytes=65536 x_success=0 x_fail=4 kb_calls=0 kb_bytes=0 kb_success=0 kb_fail=0 total=5 injected=5 history_level=0 x_level=1 kb_level=-1 shape_bad=0 x_each_worker_once=1
CASE_PASS m=256 n=17 sve16_entries=0 expected=0 old_entries=0 packed_entries=0 packed_expected=0
ALLOC_PASS m=257 n=1 small=1 history_expected=1 history_calls=1 history_bytes=245760 history_success=0 history_fail=1 x_calls=4 x_bytes=65792 x_success=0 x_fail=4 kb_calls=0 kb_bytes=0 kb_success=0 kb_fail=0 total=5 injected=5 history_level=0 x_level=1 kb_level=-1 shape_bad=0 x_each_worker_once=1
CASE_PASS m=257 n=1 sve16_entries=0 expected=0 old_entries=0 packed_entries=0 packed_expected=0
ALLOC_PASS m=257 n=7 small=1 history_expected=1 history_calls=1 history_bytes=245760 history_success=0 history_fail=1 x_calls=4 x_bytes=65792 x_success=0 x_fail=4 kb_calls=0 kb_bytes=0 kb_success=0 kb_fail=0 total=5 injected=5 history_level=0 x_level=1 kb_level=-1 shape_bad=0 x_each_worker_once=1
CASE_PASS m=257 n=7 sve16_entries=0 expected=0 old_entries=0 packed_entries=0 packed_expected=0
ALLOC_PASS m=257 n=8 small=1 history_expected=1 history_calls=1 history_bytes=245760 history_success=0 history_fail=1 x_calls=4 x_bytes=65792 x_success=0 x_fail=4 kb_calls=0 kb_bytes=0 kb_success=0 kb_fail=0 total=5 injected=5 history_level=0 x_level=1 kb_level=-1 shape_bad=0 x_each_worker_once=1
CASE_PASS m=257 n=8 sve16_entries=0 expected=0 old_entries=0 packed_entries=0 packed_expected=0
ALLOC_PASS m=257 n=9 small=1 history_expected=1 history_calls=1 history_bytes=245760 history_success=0 history_fail=1 x_calls=4 x_bytes=65792 x_success=0 x_fail=4 kb_calls=0 kb_bytes=0 kb_success=0 kb_fail=0 total=5 injected=5 history_level=0 x_level=1 kb_level=-1 shape_bad=0 x_each_worker_once=1
CASE_PASS m=257 n=9 sve16_entries=0 expected=0 old_entries=0 packed_entries=0 packed_expected=0
ALLOC_PASS m=257 n=17 small=1 history_expected=1 history_calls=1 history_bytes=245760 history_success=0 history_fail=1 x_calls=4 x_bytes=65792 x_success=0 x_fail=4 kb_calls=0 kb_bytes=0 kb_success=0 kb_fail=0 total=5 injected=5 history_level=0 x_level=1 kb_level=-1 shape_bad=0 x_each_worker_once=1
CASE_PASS m=257 n=17 sve16_entries=0 expected=0 old_entries=0 packed_entries=0 packed_expected=0
ALLOCATION_SUMMARY_PASS cases=80 budget_cases=0 shared_injection_cases=0
PASS whole_cases=80 noop_cases=4 non_dyadic_long_double_RHS=1 padding_L_unchanged=1 max_error=1.1102230246251565e-16
SOURCE_FEATURES_PASS panel16=1 packedL16=1 has_budget=1 history_budget_bytes=4194304
MODE=full THREADS=4 NARROW_VL=1 EXPECT_SVE16=0 EXPECT_PACKEDL16=0
ALLOC_PASS m=1 n=1 small=1 history_expected=0 history_calls=0 history_bytes=0 history_success=0 history_fail=0 x_calls=4 x_bytes=256 x_success=4 x_fail=0 kb_calls=0 kb_bytes=0 kb_success=0 kb_fail=0 total=4 injected=0 history_level=-1 x_level=1 kb_level=-1 shape_bad=0 x_each_worker_once=1
CASE_PASS m=1 n=1 sve16_entries=0 expected=0 old_entries=0 packed_entries=0 packed_expected=0
ALLOC_PASS m=1 n=7 small=1 history_expected=0 history_calls=0 history_bytes=0 history_success=0 history_fail=0 x_calls=4 x_bytes=256 x_success=4 x_fail=0 kb_calls=0 kb_bytes=0 kb_success=0 kb_fail=0 total=4 injected=0 history_level=-1 x_level=1 kb_level=-1 shape_bad=0 x_each_worker_once=1
CASE_PASS m=1 n=7 sve16_entries=0 expected=0 old_entries=0 packed_entries=0 packed_expected=0
ALLOC_PASS m=1 n=8 small=1 history_expected=0 history_calls=0 history_bytes=0 history_success=0 history_fail=0 x_calls=4 x_bytes=256 x_success=4 x_fail=0 kb_calls=0 kb_bytes=0 kb_success=0 kb_fail=0 total=4 injected=0 history_level=-1 x_level=1 kb_level=-1 shape_bad=0 x_each_worker_once=1
CASE_PASS m=1 n=8 sve16_entries=0 expected=0 old_entries=0 packed_entries=0 packed_expected=0
ALLOC_PASS m=1 n=9 small=1 history_expected=0 history_calls=0 history_bytes=0 history_success=0 history_fail=0 x_calls=4 x_bytes=256 x_success=4 x_fail=0 kb_calls=0 kb_bytes=0 kb_success=0 kb_fail=0 total=4 injected=0 history_level=-1 x_level=1 kb_level=-1 shape_bad=0 x_each_worker_once=1
CASE_PASS m=1 n=9 sve16_entries=0 expected=0 old_entries=0 packed_entries=0 packed_expected=0
ALLOC_PASS m=1 n=17 small=1 history_expected=0 history_calls=0 history_bytes=0 history_success=0 history_fail=0 x_calls=4 x_bytes=256 x_success=4 x_fail=0 kb_calls=0 kb_bytes=0 kb_success=0 kb_fail=0 total=4 injected=0 history_level=-1 x_level=1 kb_level=-1 shape_bad=0 x_each_worker_once=1
CASE_PASS m=1 n=17 sve16_entries=0 expected=0 old_entries=0 packed_entries=0 packed_expected=0
ALLOC_PASS m=3 n=1 small=1 history_expected=0 history_calls=0 history_bytes=0 history_success=0 history_fail=0 x_calls=4 x_bytes=768 x_success=4 x_fail=0 kb_calls=0 kb_bytes=0 kb_success=0 kb_fail=0 total=4 injected=0 history_level=-1 x_level=1 kb_level=-1 shape_bad=0 x_each_worker_once=1
CASE_PASS m=3 n=1 sve16_entries=0 expected=0 old_entries=0 packed_entries=0 packed_expected=0
ALLOC_PASS m=3 n=7 small=1 history_expected=0 history_calls=0 history_bytes=0 history_success=0 history_fail=0 x_calls=4 x_bytes=768 x_success=4 x_fail=0 kb_calls=0 kb_bytes=0 kb_success=0 kb_fail=0 total=4 injected=0 history_level=-1 x_level=1 kb_level=-1 shape_bad=0 x_each_worker_once=1
CASE_PASS m=3 n=7 sve16_entries=0 expected=0 old_entries=0 packed_entries=0 packed_expected=0
ALLOC_PASS m=3 n=8 small=1 history_expected=0 history_calls=0 history_bytes=0 history_success=0 history_fail=0 x_calls=4 x_bytes=768 x_success=4 x_fail=0 kb_calls=0 kb_bytes=0 kb_success=0 kb_fail=0 total=4 injected=0 history_level=-1 x_level=1 kb_level=-1 shape_bad=0 x_each_worker_once=1
CASE_PASS m=3 n=8 sve16_entries=0 expected=0 old_entries=0 packed_entries=0 packed_expected=0
ALLOC_PASS m=3 n=9 small=1 history_expected=0 history_calls=0 history_bytes=0 history_success=0 history_fail=0 x_calls=4 x_bytes=768 x_success=4 x_fail=0 kb_calls=0 kb_bytes=0 kb_success=0 kb_fail=0 total=4 injected=0 history_level=-1 x_level=1 kb_level=-1 shape_bad=0 x_each_worker_once=1
CASE_PASS m=3 n=9 sve16_entries=0 expected=0 old_entries=0 packed_entries=0 packed_expected=0
ALLOC_PASS m=3 n=17 small=1 history_expected=0 history_calls=0 history_bytes=0 history_success=0 history_fail=0 x_calls=4 x_bytes=768 x_success=4 x_fail=0 kb_calls=0 kb_bytes=0 kb_success=0 kb_fail=0 total=4 injected=0 history_level=-1 x_level=1 kb_level=-1 shape_bad=0 x_each_worker_once=1
CASE_PASS m=3 n=17 sve16_entries=0 expected=0 old_entries=0 packed_entries=0 packed_expected=0
ALLOC_PASS m=4 n=1 small=1 history_expected=0 history_calls=0 history_bytes=0 history_success=0 history_fail=0 x_calls=4 x_bytes=1024 x_success=4 x_fail=0 kb_calls=0 kb_bytes=0 kb_success=0 kb_fail=0 total=4 injected=0 history_level=-1 x_level=1 kb_level=-1 shape_bad=0 x_each_worker_once=1
CASE_PASS m=4 n=1 sve16_entries=0 expected=0 old_entries=0 packed_entries=0 packed_expected=0
ALLOC_PASS m=4 n=7 small=1 history_expected=0 history_calls=0 history_bytes=0 history_success=0 history_fail=0 x_calls=4 x_bytes=1024 x_success=4 x_fail=0 kb_calls=0 kb_bytes=0 kb_success=0 kb_fail=0 total=4 injected=0 history_level=-1 x_level=1 kb_level=-1 shape_bad=0 x_each_worker_once=1
CASE_PASS m=4 n=7 sve16_entries=0 expected=0 old_entries=0 packed_entries=0 packed_expected=0
ALLOC_PASS m=4 n=8 small=1 history_expected=0 history_calls=0 history_bytes=0 history_success=0 history_fail=0 x_calls=4 x_bytes=1024 x_success=4 x_fail=0 kb_calls=0 kb_bytes=0 kb_success=0 kb_fail=0 total=4 injected=0 history_level=-1 x_level=1 kb_level=-1 shape_bad=0 x_each_worker_once=1
CASE_PASS m=4 n=8 sve16_entries=0 expected=0 old_entries=0 packed_entries=0 packed_expected=0
ALLOC_PASS m=4 n=9 small=1 history_expected=0 history_calls=0 history_bytes=0 history_success=0 history_fail=0 x_calls=4 x_bytes=1024 x_success=4 x_fail=0 kb_calls=0 kb_bytes=0 kb_success=0 kb_fail=0 total=4 injected=0 history_level=-1 x_level=1 kb_level=-1 shape_bad=0 x_each_worker_once=1
CASE_PASS m=4 n=9 sve16_entries=0 expected=0 old_entries=0 packed_entries=0 packed_expected=0
ALLOC_PASS m=4 n=17 small=1 history_expected=0 history_calls=0 history_bytes=0 history_success=0 history_fail=0 x_calls=4 x_bytes=1024 x_success=4 x_fail=0 kb_calls=0 kb_bytes=0 kb_success=0 kb_fail=0 total=4 injected=0 history_level=-1 x_level=1 kb_level=-1 shape_bad=0 x_each_worker_once=1
CASE_PASS m=4 n=17 sve16_entries=0 expected=0 old_entries=0 packed_entries=0 packed_expected=0
ALLOC_PASS m=5 n=1 small=1 history_expected=0 history_calls=0 history_bytes=0 history_success=0 history_fail=0 x_calls=4 x_bytes=1280 x_success=4 x_fail=0 kb_calls=0 kb_bytes=0 kb_success=0 kb_fail=0 total=4 injected=0 history_level=-1 x_level=1 kb_level=-1 shape_bad=0 x_each_worker_once=1
CASE_PASS m=5 n=1 sve16_entries=0 expected=0 old_entries=0 packed_entries=0 packed_expected=0
ALLOC_PASS m=5 n=7 small=1 history_expected=0 history_calls=0 history_bytes=0 history_success=0 history_fail=0 x_calls=4 x_bytes=1280 x_success=4 x_fail=0 kb_calls=0 kb_bytes=0 kb_success=0 kb_fail=0 total=4 injected=0 history_level=-1 x_level=1 kb_level=-1 shape_bad=0 x_each_worker_once=1
CASE_PASS m=5 n=7 sve16_entries=0 expected=0 old_entries=0 packed_entries=0 packed_expected=0
ALLOC_PASS m=5 n=8 small=1 history_expected=0 history_calls=0 history_bytes=0 history_success=0 history_fail=0 x_calls=4 x_bytes=1280 x_success=4 x_fail=0 kb_calls=0 kb_bytes=0 kb_success=0 kb_fail=0 total=4 injected=0 history_level=-1 x_level=1 kb_level=-1 shape_bad=0 x_each_worker_once=1
CASE_PASS m=5 n=8 sve16_entries=0 expected=0 old_entries=0 packed_entries=0 packed_expected=0
ALLOC_PASS m=5 n=9 small=1 history_expected=0 history_calls=0 history_bytes=0 history_success=0 history_fail=0 x_calls=4 x_bytes=1280 x_success=4 x_fail=0 kb_calls=0 kb_bytes=0 kb_success=0 kb_fail=0 total=4 injected=0 history_level=-1 x_level=1 kb_level=-1 shape_bad=0 x_each_worker_once=1
CASE_PASS m=5 n=9 sve16_entries=0 expected=0 old_entries=0 packed_entries=0 packed_expected=0
ALLOC_PASS m=5 n=17 small=1 history_expected=0 history_calls=0 history_bytes=0 history_success=0 history_fail=0 x_calls=4 x_bytes=1280 x_success=4 x_fail=0 kb_calls=0 kb_bytes=0 kb_success=0 kb_fail=0 total=4 injected=0 history_level=-1 x_level=1 kb_level=-1 shape_bad=0 x_each_worker_once=1
CASE_PASS m=5 n=17 sve16_entries=0 expected=0 old_entries=0 packed_entries=0 packed_expected=0
ALLOC_PASS m=15 n=1 small=1 history_expected=0 history_calls=0 history_bytes=0 history_success=0 history_fail=0 x_calls=4 x_bytes=3840 x_success=4 x_fail=0 kb_calls=0 kb_bytes=0 kb_success=0 kb_fail=0 total=4 injected=0 history_level=-1 x_level=1 kb_level=-1 shape_bad=0 x_each_worker_once=1
CASE_PASS m=15 n=1 sve16_entries=0 expected=0 old_entries=0 packed_entries=0 packed_expected=0
ALLOC_PASS m=15 n=7 small=1 history_expected=0 history_calls=0 history_bytes=0 history_success=0 history_fail=0 x_calls=4 x_bytes=3840 x_success=4 x_fail=0 kb_calls=0 kb_bytes=0 kb_success=0 kb_fail=0 total=4 injected=0 history_level=-1 x_level=1 kb_level=-1 shape_bad=0 x_each_worker_once=1
CASE_PASS m=15 n=7 sve16_entries=0 expected=0 old_entries=0 packed_entries=0 packed_expected=0
ALLOC_PASS m=15 n=8 small=1 history_expected=0 history_calls=0 history_bytes=0 history_success=0 history_fail=0 x_calls=4 x_bytes=3840 x_success=4 x_fail=0 kb_calls=0 kb_bytes=0 kb_success=0 kb_fail=0 total=4 injected=0 history_level=-1 x_level=1 kb_level=-1 shape_bad=0 x_each_worker_once=1
CASE_PASS m=15 n=8 sve16_entries=0 expected=0 old_entries=0 packed_entries=0 packed_expected=0
ALLOC_PASS m=15 n=9 small=1 history_expected=0 history_calls=0 history_bytes=0 history_success=0 history_fail=0 x_calls=4 x_bytes=3840 x_success=4 x_fail=0 kb_calls=0 kb_bytes=0 kb_success=0 kb_fail=0 total=4 injected=0 history_level=-1 x_level=1 kb_level=-1 shape_bad=0 x_each_worker_once=1
CASE_PASS m=15 n=9 sve16_entries=0 expected=0 old_entries=0 packed_entries=0 packed_expected=0
ALLOC_PASS m=15 n=17 small=1 history_expected=0 history_calls=0 history_bytes=0 history_success=0 history_fail=0 x_calls=4 x_bytes=3840 x_success=4 x_fail=0 kb_calls=0 kb_bytes=0 kb_success=0 kb_fail=0 total=4 injected=0 history_level=-1 x_level=1 kb_level=-1 shape_bad=0 x_each_worker_once=1
CASE_PASS m=15 n=17 sve16_entries=0 expected=0 old_entries=0 packed_entries=0 packed_expected=0
ALLOC_PASS m=16 n=1 small=1 history_expected=0 history_calls=0 history_bytes=0 history_success=0 history_fail=0 x_calls=4 x_bytes=4096 x_success=4 x_fail=0 kb_calls=0 kb_bytes=0 kb_success=0 kb_fail=0 total=4 injected=0 history_level=-1 x_level=1 kb_level=-1 shape_bad=0 x_each_worker_once=1
CASE_PASS m=16 n=1 sve16_entries=0 expected=0 old_entries=0 packed_entries=0 packed_expected=0
ALLOC_PASS m=16 n=7 small=1 history_expected=0 history_calls=0 history_bytes=0 history_success=0 history_fail=0 x_calls=4 x_bytes=4096 x_success=4 x_fail=0 kb_calls=0 kb_bytes=0 kb_success=0 kb_fail=0 total=4 injected=0 history_level=-1 x_level=1 kb_level=-1 shape_bad=0 x_each_worker_once=1
CASE_PASS m=16 n=7 sve16_entries=0 expected=0 old_entries=0 packed_entries=0 packed_expected=0
ALLOC_PASS m=16 n=8 small=1 history_expected=0 history_calls=0 history_bytes=0 history_success=0 history_fail=0 x_calls=4 x_bytes=4096 x_success=4 x_fail=0 kb_calls=0 kb_bytes=0 kb_success=0 kb_fail=0 total=4 injected=0 history_level=-1 x_level=1 kb_level=-1 shape_bad=0 x_each_worker_once=1
CASE_PASS m=16 n=8 sve16_entries=0 expected=0 old_entries=0 packed_entries=0 packed_expected=0
ALLOC_PASS m=16 n=9 small=1 history_expected=0 history_calls=0 history_bytes=0 history_success=0 history_fail=0 x_calls=4 x_bytes=4096 x_success=4 x_fail=0 kb_calls=0 kb_bytes=0 kb_success=0 kb_fail=0 total=4 injected=0 history_level=-1 x_level=1 kb_level=-1 shape_bad=0 x_each_worker_once=1
CASE_PASS m=16 n=9 sve16_entries=0 expected=0 old_entries=0 packed_entries=0 packed_expected=0
ALLOC_PASS m=16 n=17 small=1 history_expected=0 history_calls=0 history_bytes=0 history_success=0 history_fail=0 x_calls=4 x_bytes=4096 x_success=4 x_fail=0 kb_calls=0 kb_bytes=0 kb_success=0 kb_fail=0 total=4 injected=0 history_level=-1 x_level=1 kb_level=-1 shape_bad=0 x_each_worker_once=1
CASE_PASS m=16 n=17 sve16_entries=0 expected=0 old_entries=0 packed_entries=0 packed_expected=0
ALLOC_PASS m=17 n=1 small=1 history_expected=0 history_calls=0 history_bytes=0 history_success=0 history_fail=0 x_calls=4 x_bytes=4352 x_success=4 x_fail=0 kb_calls=0 kb_bytes=0 kb_success=0 kb_fail=0 total=4 injected=0 history_level=-1 x_level=1 kb_level=-1 shape_bad=0 x_each_worker_once=1
CASE_PASS m=17 n=1 sve16_entries=0 expected=0 old_entries=0 packed_entries=0 packed_expected=0
ALLOC_PASS m=17 n=7 small=1 history_expected=0 history_calls=0 history_bytes=0 history_success=0 history_fail=0 x_calls=4 x_bytes=4352 x_success=4 x_fail=0 kb_calls=0 kb_bytes=0 kb_success=0 kb_fail=0 total=4 injected=0 history_level=-1 x_level=1 kb_level=-1 shape_bad=0 x_each_worker_once=1
CASE_PASS m=17 n=7 sve16_entries=0 expected=0 old_entries=0 packed_entries=0 packed_expected=0
ALLOC_PASS m=17 n=8 small=1 history_expected=0 history_calls=0 history_bytes=0 history_success=0 history_fail=0 x_calls=4 x_bytes=4352 x_success=4 x_fail=0 kb_calls=0 kb_bytes=0 kb_success=0 kb_fail=0 total=4 injected=0 history_level=-1 x_level=1 kb_level=-1 shape_bad=0 x_each_worker_once=1
CASE_PASS m=17 n=8 sve16_entries=0 expected=0 old_entries=0 packed_entries=0 packed_expected=0
ALLOC_PASS m=17 n=9 small=1 history_expected=0 history_calls=0 history_bytes=0 history_success=0 history_fail=0 x_calls=4 x_bytes=4352 x_success=4 x_fail=0 kb_calls=0 kb_bytes=0 kb_success=0 kb_fail=0 total=4 injected=0 history_level=-1 x_level=1 kb_level=-1 shape_bad=0 x_each_worker_once=1
CASE_PASS m=17 n=9 sve16_entries=0 expected=0 old_entries=0 packed_entries=0 packed_expected=0
ALLOC_PASS m=17 n=17 small=1 history_expected=0 history_calls=0 history_bytes=0 history_success=0 history_fail=0 x_calls=4 x_bytes=4352 x_success=4 x_fail=0 kb_calls=0 kb_bytes=0 kb_success=0 kb_fail=0 total=4 injected=0 history_level=-1 x_level=1 kb_level=-1 shape_bad=0 x_each_worker_once=1
CASE_PASS m=17 n=17 sve16_entries=0 expected=0 old_entries=0 packed_entries=0 packed_expected=0
ALLOC_PASS m=31 n=1 small=1 history_expected=0 history_calls=0 history_bytes=0 history_success=0 history_fail=0 x_calls=4 x_bytes=7936 x_success=4 x_fail=0 kb_calls=0 kb_bytes=0 kb_success=0 kb_fail=0 total=4 injected=0 history_level=-1 x_level=1 kb_level=-1 shape_bad=0 x_each_worker_once=1
CASE_PASS m=31 n=1 sve16_entries=0 expected=0 old_entries=0 packed_entries=0 packed_expected=0
ALLOC_PASS m=31 n=7 small=1 history_expected=0 history_calls=0 history_bytes=0 history_success=0 history_fail=0 x_calls=4 x_bytes=7936 x_success=4 x_fail=0 kb_calls=0 kb_bytes=0 kb_success=0 kb_fail=0 total=4 injected=0 history_level=-1 x_level=1 kb_level=-1 shape_bad=0 x_each_worker_once=1
CASE_PASS m=31 n=7 sve16_entries=0 expected=0 old_entries=0 packed_entries=0 packed_expected=0
ALLOC_PASS m=31 n=8 small=1 history_expected=0 history_calls=0 history_bytes=0 history_success=0 history_fail=0 x_calls=4 x_bytes=7936 x_success=4 x_fail=0 kb_calls=0 kb_bytes=0 kb_success=0 kb_fail=0 total=4 injected=0 history_level=-1 x_level=1 kb_level=-1 shape_bad=0 x_each_worker_once=1
CASE_PASS m=31 n=8 sve16_entries=0 expected=0 old_entries=0 packed_entries=0 packed_expected=0
ALLOC_PASS m=31 n=9 small=1 history_expected=0 history_calls=0 history_bytes=0 history_success=0 history_fail=0 x_calls=4 x_bytes=7936 x_success=4 x_fail=0 kb_calls=0 kb_bytes=0 kb_success=0 kb_fail=0 total=4 injected=0 history_level=-1 x_level=1 kb_level=-1 shape_bad=0 x_each_worker_once=1
CASE_PASS m=31 n=9 sve16_entries=0 expected=0 old_entries=0 packed_entries=0 packed_expected=0
ALLOC_PASS m=31 n=17 small=1 history_expected=0 history_calls=0 history_bytes=0 history_success=0 history_fail=0 x_calls=4 x_bytes=7936 x_success=4 x_fail=0 kb_calls=0 kb_bytes=0 kb_success=0 kb_fail=0 total=4 injected=0 history_level=-1 x_level=1 kb_level=-1 shape_bad=0 x_each_worker_once=1
CASE_PASS m=31 n=17 sve16_entries=0 expected=0 old_entries=0 packed_entries=0 packed_expected=0
ALLOC_PASS m=32 n=1 small=1 history_expected=1 history_calls=1 history_bytes=2048 history_success=1 history_fail=0 x_calls=4 x_bytes=8192 x_success=4 x_fail=0 kb_calls=0 kb_bytes=0 kb_success=0 kb_fail=0 total=5 injected=0 history_level=0 x_level=1 kb_level=-1 shape_bad=0 x_each_worker_once=1
CASE_PASS m=32 n=1 sve16_entries=0 expected=0 old_entries=0 packed_entries=0 packed_expected=0
ALLOC_PASS m=32 n=7 small=1 history_expected=1 history_calls=1 history_bytes=2048 history_success=1 history_fail=0 x_calls=4 x_bytes=8192 x_success=4 x_fail=0 kb_calls=0 kb_bytes=0 kb_success=0 kb_fail=0 total=5 injected=0 history_level=0 x_level=1 kb_level=-1 shape_bad=0 x_each_worker_once=1
CASE_PASS m=32 n=7 sve16_entries=0 expected=0 old_entries=0 packed_entries=0 packed_expected=0
ALLOC_PASS m=32 n=8 small=1 history_expected=1 history_calls=1 history_bytes=2048 history_success=1 history_fail=0 x_calls=4 x_bytes=8192 x_success=4 x_fail=0 kb_calls=0 kb_bytes=0 kb_success=0 kb_fail=0 total=5 injected=0 history_level=0 x_level=1 kb_level=-1 shape_bad=0 x_each_worker_once=1
CASE_PASS m=32 n=8 sve16_entries=0 expected=0 old_entries=0 packed_entries=0 packed_expected=0
ALLOC_PASS m=32 n=9 small=1 history_expected=1 history_calls=1 history_bytes=2048 history_success=1 history_fail=0 x_calls=4 x_bytes=8192 x_success=4 x_fail=0 kb_calls=0 kb_bytes=0 kb_success=0 kb_fail=0 total=5 injected=0 history_level=0 x_level=1 kb_level=-1 shape_bad=0 x_each_worker_once=1
CASE_PASS m=32 n=9 sve16_entries=0 expected=0 old_entries=0 packed_entries=0 packed_expected=0
ALLOC_PASS m=32 n=17 small=1 history_expected=1 history_calls=1 history_bytes=2048 history_success=1 history_fail=0 x_calls=4 x_bytes=8192 x_success=4 x_fail=0 kb_calls=0 kb_bytes=0 kb_success=0 kb_fail=0 total=5 injected=0 history_level=0 x_level=1 kb_level=-1 shape_bad=0 x_each_worker_once=1
CASE_PASS m=32 n=17 sve16_entries=0 expected=0 old_entries=0 packed_entries=0 packed_expected=0
ALLOC_PASS m=33 n=1 small=1 history_expected=1 history_calls=1 history_bytes=2048 history_success=1 history_fail=0 x_calls=4 x_bytes=8448 x_success=4 x_fail=0 kb_calls=0 kb_bytes=0 kb_success=0 kb_fail=0 total=5 injected=0 history_level=0 x_level=1 kb_level=-1 shape_bad=0 x_each_worker_once=1
CASE_PASS m=33 n=1 sve16_entries=0 expected=0 old_entries=0 packed_entries=0 packed_expected=0
ALLOC_PASS m=33 n=7 small=1 history_expected=1 history_calls=1 history_bytes=2048 history_success=1 history_fail=0 x_calls=4 x_bytes=8448 x_success=4 x_fail=0 kb_calls=0 kb_bytes=0 kb_success=0 kb_fail=0 total=5 injected=0 history_level=0 x_level=1 kb_level=-1 shape_bad=0 x_each_worker_once=1
CASE_PASS m=33 n=7 sve16_entries=0 expected=0 old_entries=0 packed_entries=0 packed_expected=0
ALLOC_PASS m=33 n=8 small=1 history_expected=1 history_calls=1 history_bytes=2048 history_success=1 history_fail=0 x_calls=4 x_bytes=8448 x_success=4 x_fail=0 kb_calls=0 kb_bytes=0 kb_success=0 kb_fail=0 total=5 injected=0 history_level=0 x_level=1 kb_level=-1 shape_bad=0 x_each_worker_once=1
CASE_PASS m=33 n=8 sve16_entries=0 expected=0 old_entries=0 packed_entries=0 packed_expected=0
ALLOC_PASS m=33 n=9 small=1 history_expected=1 history_calls=1 history_bytes=2048 history_success=1 history_fail=0 x_calls=4 x_bytes=8448 x_success=4 x_fail=0 kb_calls=0 kb_bytes=0 kb_success=0 kb_fail=0 total=5 injected=0 history_level=0 x_level=1 kb_level=-1 shape_bad=0 x_each_worker_once=1
CASE_PASS m=33 n=9 sve16_entries=0 expected=0 old_entries=0 packed_entries=0 packed_expected=0
ALLOC_PASS m=33 n=17 small=1 history_expected=1 history_calls=1 history_bytes=2048 history_success=1 history_fail=0 x_calls=4 x_bytes=8448 x_success=4 x_fail=0 kb_calls=0 kb_bytes=0 kb_success=0 kb_fail=0 total=5 injected=0 history_level=0 x_level=1 kb_level=-1 shape_bad=0 x_each_worker_once=1
CASE_PASS m=33 n=17 sve16_entries=0 expected=0 old_entries=0 packed_entries=0 packed_expected=0
ALLOC_PASS m=63 n=1 small=1 history_expected=1 history_calls=1 history_bytes=6144 history_success=1 history_fail=0 x_calls=4 x_bytes=16128 x_success=4 x_fail=0 kb_calls=0 kb_bytes=0 kb_success=0 kb_fail=0 total=5 injected=0 history_level=0 x_level=1 kb_level=-1 shape_bad=0 x_each_worker_once=1
CASE_PASS m=63 n=1 sve16_entries=0 expected=0 old_entries=0 packed_entries=0 packed_expected=0
ALLOC_PASS m=63 n=7 small=1 history_expected=1 history_calls=1 history_bytes=6144 history_success=1 history_fail=0 x_calls=4 x_bytes=16128 x_success=4 x_fail=0 kb_calls=0 kb_bytes=0 kb_success=0 kb_fail=0 total=5 injected=0 history_level=0 x_level=1 kb_level=-1 shape_bad=0 x_each_worker_once=1
CASE_PASS m=63 n=7 sve16_entries=0 expected=0 old_entries=0 packed_entries=0 packed_expected=0
ALLOC_PASS m=63 n=8 small=1 history_expected=1 history_calls=1 history_bytes=6144 history_success=1 history_fail=0 x_calls=4 x_bytes=16128 x_success=4 x_fail=0 kb_calls=0 kb_bytes=0 kb_success=0 kb_fail=0 total=5 injected=0 history_level=0 x_level=1 kb_level=-1 shape_bad=0 x_each_worker_once=1
CASE_PASS m=63 n=8 sve16_entries=0 expected=0 old_entries=0 packed_entries=0 packed_expected=0
ALLOC_PASS m=63 n=9 small=1 history_expected=1 history_calls=1 history_bytes=6144 history_success=1 history_fail=0 x_calls=4 x_bytes=16128 x_success=4 x_fail=0 kb_calls=0 kb_bytes=0 kb_success=0 kb_fail=0 total=5 injected=0 history_level=0 x_level=1 kb_level=-1 shape_bad=0 x_each_worker_once=1
CASE_PASS m=63 n=9 sve16_entries=0 expected=0 old_entries=0 packed_entries=0 packed_expected=0
ALLOC_PASS m=63 n=17 small=1 history_expected=1 history_calls=1 history_bytes=6144 history_success=1 history_fail=0 x_calls=4 x_bytes=16128 x_success=4 x_fail=0 kb_calls=0 kb_bytes=0 kb_success=0 kb_fail=0 total=5 injected=0 history_level=0 x_level=1 kb_level=-1 shape_bad=0 x_each_worker_once=1
CASE_PASS m=63 n=17 sve16_entries=0 expected=0 old_entries=0 packed_entries=0 packed_expected=0
ALLOC_PASS m=64 n=1 small=1 history_expected=1 history_calls=1 history_bytes=12288 history_success=1 history_fail=0 x_calls=4 x_bytes=16384 x_success=4 x_fail=0 kb_calls=0 kb_bytes=0 kb_success=0 kb_fail=0 total=5 injected=0 history_level=0 x_level=1 kb_level=-1 shape_bad=0 x_each_worker_once=1
CASE_PASS m=64 n=1 sve16_entries=0 expected=0 old_entries=0 packed_entries=0 packed_expected=0
ALLOC_PASS m=64 n=7 small=1 history_expected=1 history_calls=1 history_bytes=12288 history_success=1 history_fail=0 x_calls=4 x_bytes=16384 x_success=4 x_fail=0 kb_calls=0 kb_bytes=0 kb_success=0 kb_fail=0 total=5 injected=0 history_level=0 x_level=1 kb_level=-1 shape_bad=0 x_each_worker_once=1
CASE_PASS m=64 n=7 sve16_entries=0 expected=0 old_entries=0 packed_entries=0 packed_expected=0
ALLOC_PASS m=64 n=8 small=1 history_expected=1 history_calls=1 history_bytes=12288 history_success=1 history_fail=0 x_calls=4 x_bytes=16384 x_success=4 x_fail=0 kb_calls=0 kb_bytes=0 kb_success=0 kb_fail=0 total=5 injected=0 history_level=0 x_level=1 kb_level=-1 shape_bad=0 x_each_worker_once=1
CASE_PASS m=64 n=8 sve16_entries=0 expected=0 old_entries=0 packed_entries=0 packed_expected=0
ALLOC_PASS m=64 n=9 small=1 history_expected=1 history_calls=1 history_bytes=12288 history_success=1 history_fail=0 x_calls=4 x_bytes=16384 x_success=4 x_fail=0 kb_calls=0 kb_bytes=0 kb_success=0 kb_fail=0 total=5 injected=0 history_level=0 x_level=1 kb_level=-1 shape_bad=0 x_each_worker_once=1
CASE_PASS m=64 n=9 sve16_entries=0 expected=0 old_entries=0 packed_entries=0 packed_expected=0
ALLOC_PASS m=64 n=17 small=1 history_expected=1 history_calls=1 history_bytes=12288 history_success=1 history_fail=0 x_calls=4 x_bytes=16384 x_success=4 x_fail=0 kb_calls=0 kb_bytes=0 kb_success=0 kb_fail=0 total=5 injected=0 history_level=0 x_level=1 kb_level=-1 shape_bad=0 x_each_worker_once=1
CASE_PASS m=64 n=17 sve16_entries=0 expected=0 old_entries=0 packed_entries=0 packed_expected=0
ALLOC_PASS m=65 n=1 small=1 history_expected=1 history_calls=1 history_bytes=12288 history_success=1 history_fail=0 x_calls=4 x_bytes=16640 x_success=4 x_fail=0 kb_calls=0 kb_bytes=0 kb_success=0 kb_fail=0 total=5 injected=0 history_level=0 x_level=1 kb_level=-1 shape_bad=0 x_each_worker_once=1
CASE_PASS m=65 n=1 sve16_entries=0 expected=0 old_entries=0 packed_entries=0 packed_expected=0
ALLOC_PASS m=65 n=7 small=1 history_expected=1 history_calls=1 history_bytes=12288 history_success=1 history_fail=0 x_calls=4 x_bytes=16640 x_success=4 x_fail=0 kb_calls=0 kb_bytes=0 kb_success=0 kb_fail=0 total=5 injected=0 history_level=0 x_level=1 kb_level=-1 shape_bad=0 x_each_worker_once=1
CASE_PASS m=65 n=7 sve16_entries=0 expected=0 old_entries=0 packed_entries=0 packed_expected=0
ALLOC_PASS m=65 n=8 small=1 history_expected=1 history_calls=1 history_bytes=12288 history_success=1 history_fail=0 x_calls=4 x_bytes=16640 x_success=4 x_fail=0 kb_calls=0 kb_bytes=0 kb_success=0 kb_fail=0 total=5 injected=0 history_level=0 x_level=1 kb_level=-1 shape_bad=0 x_each_worker_once=1
CASE_PASS m=65 n=8 sve16_entries=0 expected=0 old_entries=0 packed_entries=0 packed_expected=0
ALLOC_PASS m=65 n=9 small=1 history_expected=1 history_calls=1 history_bytes=12288 history_success=1 history_fail=0 x_calls=4 x_bytes=16640 x_success=4 x_fail=0 kb_calls=0 kb_bytes=0 kb_success=0 kb_fail=0 total=5 injected=0 history_level=0 x_level=1 kb_level=-1 shape_bad=0 x_each_worker_once=1
CASE_PASS m=65 n=9 sve16_entries=0 expected=0 old_entries=0 packed_entries=0 packed_expected=0
ALLOC_PASS m=65 n=17 small=1 history_expected=1 history_calls=1 history_bytes=12288 history_success=1 history_fail=0 x_calls=4 x_bytes=16640 x_success=4 x_fail=0 kb_calls=0 kb_bytes=0 kb_success=0 kb_fail=0 total=5 injected=0 history_level=0 x_level=1 kb_level=-1 shape_bad=0 x_each_worker_once=1
CASE_PASS m=65 n=17 sve16_entries=0 expected=0 old_entries=0 packed_entries=0 packed_expected=0
ALLOC_PASS m=255 n=1 small=1 history_expected=1 history_calls=1 history_bytes=215040 history_success=1 history_fail=0 x_calls=4 x_bytes=65280 x_success=4 x_fail=0 kb_calls=0 kb_bytes=0 kb_success=0 kb_fail=0 total=5 injected=0 history_level=0 x_level=1 kb_level=-1 shape_bad=0 x_each_worker_once=1
CASE_PASS m=255 n=1 sve16_entries=0 expected=0 old_entries=0 packed_entries=0 packed_expected=0
ALLOC_PASS m=255 n=7 small=1 history_expected=1 history_calls=1 history_bytes=215040 history_success=1 history_fail=0 x_calls=4 x_bytes=65280 x_success=4 x_fail=0 kb_calls=0 kb_bytes=0 kb_success=0 kb_fail=0 total=5 injected=0 history_level=0 x_level=1 kb_level=-1 shape_bad=0 x_each_worker_once=1
CASE_PASS m=255 n=7 sve16_entries=0 expected=0 old_entries=0 packed_entries=0 packed_expected=0
ALLOC_PASS m=255 n=8 small=1 history_expected=1 history_calls=1 history_bytes=215040 history_success=1 history_fail=0 x_calls=4 x_bytes=65280 x_success=4 x_fail=0 kb_calls=0 kb_bytes=0 kb_success=0 kb_fail=0 total=5 injected=0 history_level=0 x_level=1 kb_level=-1 shape_bad=0 x_each_worker_once=1
CASE_PASS m=255 n=8 sve16_entries=0 expected=0 old_entries=0 packed_entries=0 packed_expected=0
ALLOC_PASS m=255 n=9 small=1 history_expected=1 history_calls=1 history_bytes=215040 history_success=1 history_fail=0 x_calls=4 x_bytes=65280 x_success=4 x_fail=0 kb_calls=0 kb_bytes=0 kb_success=0 kb_fail=0 total=5 injected=0 history_level=0 x_level=1 kb_level=-1 shape_bad=0 x_each_worker_once=1
CASE_PASS m=255 n=9 sve16_entries=0 expected=0 old_entries=0 packed_entries=0 packed_expected=0
ALLOC_PASS m=255 n=17 small=1 history_expected=1 history_calls=1 history_bytes=215040 history_success=1 history_fail=0 x_calls=4 x_bytes=65280 x_success=4 x_fail=0 kb_calls=0 kb_bytes=0 kb_success=0 kb_fail=0 total=5 injected=0 history_level=0 x_level=1 kb_level=-1 shape_bad=0 x_each_worker_once=1
CASE_PASS m=255 n=17 sve16_entries=0 expected=0 old_entries=0 packed_entries=0 packed_expected=0
ALLOC_PASS m=256 n=1 small=1 history_expected=1 history_calls=1 history_bytes=245760 history_success=1 history_fail=0 x_calls=4 x_bytes=65536 x_success=4 x_fail=0 kb_calls=0 kb_bytes=0 kb_success=0 kb_fail=0 total=5 injected=0 history_level=0 x_level=1 kb_level=-1 shape_bad=0 x_each_worker_once=1
CASE_PASS m=256 n=1 sve16_entries=0 expected=0 old_entries=0 packed_entries=0 packed_expected=0
ALLOC_PASS m=256 n=7 small=1 history_expected=1 history_calls=1 history_bytes=245760 history_success=1 history_fail=0 x_calls=4 x_bytes=65536 x_success=4 x_fail=0 kb_calls=0 kb_bytes=0 kb_success=0 kb_fail=0 total=5 injected=0 history_level=0 x_level=1 kb_level=-1 shape_bad=0 x_each_worker_once=1
CASE_PASS m=256 n=7 sve16_entries=0 expected=0 old_entries=0 packed_entries=0 packed_expected=0
ALLOC_PASS m=256 n=8 small=1 history_expected=1 history_calls=1 history_bytes=245760 history_success=1 history_fail=0 x_calls=4 x_bytes=65536 x_success=4 x_fail=0 kb_calls=0 kb_bytes=0 kb_success=0 kb_fail=0 total=5 injected=0 history_level=0 x_level=1 kb_level=-1 shape_bad=0 x_each_worker_once=1
CASE_PASS m=256 n=8 sve16_entries=0 expected=0 old_entries=0 packed_entries=0 packed_expected=0
ALLOC_PASS m=256 n=9 small=1 history_expected=1 history_calls=1 history_bytes=245760 history_success=1 history_fail=0 x_calls=4 x_bytes=65536 x_success=4 x_fail=0 kb_calls=0 kb_bytes=0 kb_success=0 kb_fail=0 total=5 injected=0 history_level=0 x_level=1 kb_level=-1 shape_bad=0 x_each_worker_once=1
CASE_PASS m=256 n=9 sve16_entries=0 expected=0 old_entries=0 packed_entries=0 packed_expected=0
ALLOC_PASS m=256 n=17 small=1 history_expected=1 history_calls=1 history_bytes=245760 history_success=1 history_fail=0 x_calls=4 x_bytes=65536 x_success=4 x_fail=0 kb_calls=0 kb_bytes=0 kb_success=0 kb_fail=0 total=5 injected=0 history_level=0 x_level=1 kb_level=-1 shape_bad=0 x_each_worker_once=1
CASE_PASS m=256 n=17 sve16_entries=0 expected=0 old_entries=0 packed_entries=0 packed_expected=0
ALLOC_PASS m=257 n=1 small=1 history_expected=1 history_calls=1 history_bytes=245760 history_success=1 history_fail=0 x_calls=4 x_bytes=65792 x_success=4 x_fail=0 kb_calls=0 kb_bytes=0 kb_success=0 kb_fail=0 total=5 injected=0 history_level=0 x_level=1 kb_level=-1 shape_bad=0 x_each_worker_once=1
CASE_PASS m=257 n=1 sve16_entries=0 expected=0 old_entries=0 packed_entries=0 packed_expected=0
ALLOC_PASS m=257 n=7 small=1 history_expected=1 history_calls=1 history_bytes=245760 history_success=1 history_fail=0 x_calls=4 x_bytes=65792 x_success=4 x_fail=0 kb_calls=0 kb_bytes=0 kb_success=0 kb_fail=0 total=5 injected=0 history_level=0 x_level=1 kb_level=-1 shape_bad=0 x_each_worker_once=1
CASE_PASS m=257 n=7 sve16_entries=0 expected=0 old_entries=0 packed_entries=0 packed_expected=0
ALLOC_PASS m=257 n=8 small=1 history_expected=1 history_calls=1 history_bytes=245760 history_success=1 history_fail=0 x_calls=4 x_bytes=65792 x_success=4 x_fail=0 kb_calls=0 kb_bytes=0 kb_success=0 kb_fail=0 total=5 injected=0 history_level=0 x_level=1 kb_level=-1 shape_bad=0 x_each_worker_once=1
CASE_PASS m=257 n=8 sve16_entries=0 expected=0 old_entries=0 packed_entries=0 packed_expected=0
ALLOC_PASS m=257 n=9 small=1 history_expected=1 history_calls=1 history_bytes=245760 history_success=1 history_fail=0 x_calls=4 x_bytes=65792 x_success=4 x_fail=0 kb_calls=0 kb_bytes=0 kb_success=0 kb_fail=0 total=5 injected=0 history_level=0 x_level=1 kb_level=-1 shape_bad=0 x_each_worker_once=1
CASE_PASS m=257 n=9 sve16_entries=0 expected=0 old_entries=0 packed_entries=0 packed_expected=0
ALLOC_PASS m=257 n=17 small=1 history_expected=1 history_calls=1 history_bytes=245760 history_success=1 history_fail=0 x_calls=4 x_bytes=65792 x_success=4 x_fail=0 kb_calls=0 kb_bytes=0 kb_success=0 kb_fail=0 total=5 injected=0 history_level=0 x_level=1 kb_level=-1 shape_bad=0 x_each_worker_once=1
CASE_PASS m=257 n=17 sve16_entries=0 expected=0 old_entries=0 packed_entries=0 packed_expected=0
ALLOCATION_SUMMARY_PASS cases=80 budget_cases=0 shared_injection_cases=0
PASS whole_cases=80 noop_cases=4 non_dyadic_long_double_RHS=1 padding_L_unchanged=1 max_error=1.1102230246251565e-16
SOURCE_FEATURES_PASS panel16=1 packedL16=1 has_budget=1 history_budget_bytes=4194304
MODE=shared-fail THREADS=1 NARROW_VL=0 EXPECT_SVE16=1 EXPECT_PACKEDL16=0
ALLOC_PASS m=32 n=1 small=1 history_expected=1 history_calls=1 history_bytes=2048 history_success=0 history_fail=1 x_calls=1 x_bytes=2048 x_success=1 x_fail=0 kb_calls=0 kb_bytes=0 kb_success=0 kb_fail=0 total=2 injected=1 history_level=0 x_level=1 kb_level=-1 shape_bad=0 x_each_worker_once=1
CASE_PASS m=32 n=1 sve16_entries=2 expected=2 old_entries=2 packed_entries=0 packed_expected=0
SHARED_ALLOC_PASS m=32 n=1 calls=2 injected=1 shared_first=1 later_X_success=1
ALLOC_PASS m=32 n=7 small=1 history_expected=1 history_calls=1 history_bytes=2048 history_success=0 history_fail=1 x_calls=1 x_bytes=2048 x_success=1 x_fail=0 kb_calls=0 kb_bytes=0 kb_success=0 kb_fail=0 total=2 injected=1 history_level=0 x_level=1 kb_level=-1 shape_bad=0 x_each_worker_once=1
CASE_PASS m=32 n=7 sve16_entries=2 expected=2 old_entries=2 packed_entries=0 packed_expected=0
SHARED_ALLOC_PASS m=32 n=7 calls=2 injected=1 shared_first=1 later_X_success=1
ALLOC_PASS m=32 n=8 small=1 history_expected=1 history_calls=1 history_bytes=2048 history_success=0 history_fail=1 x_calls=1 x_bytes=2048 x_success=1 x_fail=0 kb_calls=0 kb_bytes=0 kb_success=0 kb_fail=0 total=2 injected=1 history_level=0 x_level=1 kb_level=-1 shape_bad=0 x_each_worker_once=1
CASE_PASS m=32 n=8 sve16_entries=2 expected=2 old_entries=2 packed_entries=0 packed_expected=0
SHARED_ALLOC_PASS m=32 n=8 calls=2 injected=1 shared_first=1 later_X_success=1
ALLOC_PASS m=32 n=9 small=1 history_expected=1 history_calls=1 history_bytes=2048 history_success=0 history_fail=1 x_calls=1 x_bytes=2048 x_success=1 x_fail=0 kb_calls=0 kb_bytes=0 kb_success=0 kb_fail=0 total=2 injected=1 history_level=0 x_level=1 kb_level=-1 shape_bad=0 x_each_worker_once=1
CASE_PASS m=32 n=9 sve16_entries=4 expected=4 old_entries=4 packed_entries=0 packed_expected=0
SHARED_ALLOC_PASS m=32 n=9 calls=2 injected=1 shared_first=1 later_X_success=1
ALLOC_PASS m=32 n=17 small=1 history_expected=1 history_calls=1 history_bytes=2048 history_success=0 history_fail=1 x_calls=1 x_bytes=2048 x_success=1 x_fail=0 kb_calls=0 kb_bytes=0 kb_success=0 kb_fail=0 total=2 injected=1 history_level=0 x_level=1 kb_level=-1 shape_bad=0 x_each_worker_once=1
CASE_PASS m=32 n=17 sve16_entries=6 expected=6 old_entries=6 packed_entries=0 packed_expected=0
SHARED_ALLOC_PASS m=32 n=17 calls=2 injected=1 shared_first=1 later_X_success=1
ALLOC_PASS m=33 n=1 small=1 history_expected=1 history_calls=1 history_bytes=2048 history_success=0 history_fail=1 x_calls=1 x_bytes=2112 x_success=1 x_fail=0 kb_calls=0 kb_bytes=0 kb_success=0 kb_fail=0 total=2 injected=1 history_level=0 x_level=1 kb_level=-1 shape_bad=0 x_each_worker_once=1
CASE_PASS m=33 n=1 sve16_entries=2 expected=2 old_entries=2 packed_entries=0 packed_expected=0
SHARED_ALLOC_PASS m=33 n=1 calls=2 injected=1 shared_first=1 later_X_success=1
ALLOC_PASS m=33 n=7 small=1 history_expected=1 history_calls=1 history_bytes=2048 history_success=0 history_fail=1 x_calls=1 x_bytes=2112 x_success=1 x_fail=0 kb_calls=0 kb_bytes=0 kb_success=0 kb_fail=0 total=2 injected=1 history_level=0 x_level=1 kb_level=-1 shape_bad=0 x_each_worker_once=1
CASE_PASS m=33 n=7 sve16_entries=2 expected=2 old_entries=2 packed_entries=0 packed_expected=0
SHARED_ALLOC_PASS m=33 n=7 calls=2 injected=1 shared_first=1 later_X_success=1
ALLOC_PASS m=33 n=8 small=1 history_expected=1 history_calls=1 history_bytes=2048 history_success=0 history_fail=1 x_calls=1 x_bytes=2112 x_success=1 x_fail=0 kb_calls=0 kb_bytes=0 kb_success=0 kb_fail=0 total=2 injected=1 history_level=0 x_level=1 kb_level=-1 shape_bad=0 x_each_worker_once=1
CASE_PASS m=33 n=8 sve16_entries=2 expected=2 old_entries=2 packed_entries=0 packed_expected=0
SHARED_ALLOC_PASS m=33 n=8 calls=2 injected=1 shared_first=1 later_X_success=1
ALLOC_PASS m=33 n=9 small=1 history_expected=1 history_calls=1 history_bytes=2048 history_success=0 history_fail=1 x_calls=1 x_bytes=2112 x_success=1 x_fail=0 kb_calls=0 kb_bytes=0 kb_success=0 kb_fail=0 total=2 injected=1 history_level=0 x_level=1 kb_level=-1 shape_bad=0 x_each_worker_once=1
CASE_PASS m=33 n=9 sve16_entries=4 expected=4 old_entries=4 packed_entries=0 packed_expected=0
SHARED_ALLOC_PASS m=33 n=9 calls=2 injected=1 shared_first=1 later_X_success=1
ALLOC_PASS m=33 n=17 small=1 history_expected=1 history_calls=1 history_bytes=2048 history_success=0 history_fail=1 x_calls=1 x_bytes=2112 x_success=1 x_fail=0 kb_calls=0 kb_bytes=0 kb_success=0 kb_fail=0 total=2 injected=1 history_level=0 x_level=1 kb_level=-1 shape_bad=0 x_each_worker_once=1
CASE_PASS m=33 n=17 sve16_entries=6 expected=6 old_entries=6 packed_entries=0 packed_expected=0
SHARED_ALLOC_PASS m=33 n=17 calls=2 injected=1 shared_first=1 later_X_success=1
ALLOC_PASS m=63 n=1 small=1 history_expected=1 history_calls=1 history_bytes=6144 history_success=0 history_fail=1 x_calls=1 x_bytes=4032 x_success=1 x_fail=0 kb_calls=0 kb_bytes=0 kb_success=0 kb_fail=0 total=2 injected=1 history_level=0 x_level=1 kb_level=-1 shape_bad=0 x_each_worker_once=1
CASE_PASS m=63 n=1 sve16_entries=3 expected=3 old_entries=3 packed_entries=0 packed_expected=0
SHARED_ALLOC_PASS m=63 n=1 calls=2 injected=1 shared_first=1 later_X_success=1
ALLOC_PASS m=63 n=7 small=1 history_expected=1 history_calls=1 history_bytes=6144 history_success=0 history_fail=1 x_calls=1 x_bytes=4032 x_success=1 x_fail=0 kb_calls=0 kb_bytes=0 kb_success=0 kb_fail=0 total=2 injected=1 history_level=0 x_level=1 kb_level=-1 shape_bad=0 x_each_worker_once=1
CASE_PASS m=63 n=7 sve16_entries=3 expected=3 old_entries=3 packed_entries=0 packed_expected=0
SHARED_ALLOC_PASS m=63 n=7 calls=2 injected=1 shared_first=1 later_X_success=1
ALLOC_PASS m=63 n=8 small=1 history_expected=1 history_calls=1 history_bytes=6144 history_success=0 history_fail=1 x_calls=1 x_bytes=4032 x_success=1 x_fail=0 kb_calls=0 kb_bytes=0 kb_success=0 kb_fail=0 total=2 injected=1 history_level=0 x_level=1 kb_level=-1 shape_bad=0 x_each_worker_once=1
CASE_PASS m=63 n=8 sve16_entries=3 expected=3 old_entries=3 packed_entries=0 packed_expected=0
SHARED_ALLOC_PASS m=63 n=8 calls=2 injected=1 shared_first=1 later_X_success=1
ALLOC_PASS m=63 n=9 small=1 history_expected=1 history_calls=1 history_bytes=6144 history_success=0 history_fail=1 x_calls=1 x_bytes=4032 x_success=1 x_fail=0 kb_calls=0 kb_bytes=0 kb_success=0 kb_fail=0 total=2 injected=1 history_level=0 x_level=1 kb_level=-1 shape_bad=0 x_each_worker_once=1
CASE_PASS m=63 n=9 sve16_entries=6 expected=6 old_entries=6 packed_entries=0 packed_expected=0
SHARED_ALLOC_PASS m=63 n=9 calls=2 injected=1 shared_first=1 later_X_success=1
ALLOC_PASS m=63 n=17 small=1 history_expected=1 history_calls=1 history_bytes=6144 history_success=0 history_fail=1 x_calls=1 x_bytes=4032 x_success=1 x_fail=0 kb_calls=0 kb_bytes=0 kb_success=0 kb_fail=0 total=2 injected=1 history_level=0 x_level=1 kb_level=-1 shape_bad=0 x_each_worker_once=1
CASE_PASS m=63 n=17 sve16_entries=9 expected=9 old_entries=9 packed_entries=0 packed_expected=0
SHARED_ALLOC_PASS m=63 n=17 calls=2 injected=1 shared_first=1 later_X_success=1
ALLOC_PASS m=64 n=1 small=1 history_expected=1 history_calls=1 history_bytes=12288 history_success=0 history_fail=1 x_calls=1 x_bytes=4096 x_success=1 x_fail=0 kb_calls=0 kb_bytes=0 kb_success=0 kb_fail=0 total=2 injected=1 history_level=0 x_level=1 kb_level=-1 shape_bad=0 x_each_worker_once=1
CASE_PASS m=64 n=1 sve16_entries=4 expected=4 old_entries=4 packed_entries=0 packed_expected=0
SHARED_ALLOC_PASS m=64 n=1 calls=2 injected=1 shared_first=1 later_X_success=1
ALLOC_PASS m=64 n=7 small=1 history_expected=1 history_calls=1 history_bytes=12288 history_success=0 history_fail=1 x_calls=1 x_bytes=4096 x_success=1 x_fail=0 kb_calls=0 kb_bytes=0 kb_success=0 kb_fail=0 total=2 injected=1 history_level=0 x_level=1 kb_level=-1 shape_bad=0 x_each_worker_once=1
CASE_PASS m=64 n=7 sve16_entries=4 expected=4 old_entries=4 packed_entries=0 packed_expected=0
SHARED_ALLOC_PASS m=64 n=7 calls=2 injected=1 shared_first=1 later_X_success=1
ALLOC_PASS m=64 n=8 small=1 history_expected=1 history_calls=1 history_bytes=12288 history_success=0 history_fail=1 x_calls=1 x_bytes=4096 x_success=1 x_fail=0 kb_calls=0 kb_bytes=0 kb_success=0 kb_fail=0 total=2 injected=1 history_level=0 x_level=1 kb_level=-1 shape_bad=0 x_each_worker_once=1
CASE_PASS m=64 n=8 sve16_entries=4 expected=4 old_entries=4 packed_entries=0 packed_expected=0
SHARED_ALLOC_PASS m=64 n=8 calls=2 injected=1 shared_first=1 later_X_success=1
ALLOC_PASS m=64 n=9 small=1 history_expected=1 history_calls=1 history_bytes=12288 history_success=0 history_fail=1 x_calls=1 x_bytes=4096 x_success=1 x_fail=0 kb_calls=0 kb_bytes=0 kb_success=0 kb_fail=0 total=2 injected=1 history_level=0 x_level=1 kb_level=-1 shape_bad=0 x_each_worker_once=1
CASE_PASS m=64 n=9 sve16_entries=8 expected=8 old_entries=8 packed_entries=0 packed_expected=0
SHARED_ALLOC_PASS m=64 n=9 calls=2 injected=1 shared_first=1 later_X_success=1
ALLOC_PASS m=64 n=17 small=1 history_expected=1 history_calls=1 history_bytes=12288 history_success=0 history_fail=1 x_calls=1 x_bytes=4096 x_success=1 x_fail=0 kb_calls=0 kb_bytes=0 kb_success=0 kb_fail=0 total=2 injected=1 history_level=0 x_level=1 kb_level=-1 shape_bad=0 x_each_worker_once=1
CASE_PASS m=64 n=17 sve16_entries=12 expected=12 old_entries=12 packed_entries=0 packed_expected=0
SHARED_ALLOC_PASS m=64 n=17 calls=2 injected=1 shared_first=1 later_X_success=1
ALLOC_PASS m=65 n=1 small=1 history_expected=1 history_calls=1 history_bytes=12288 history_success=0 history_fail=1 x_calls=1 x_bytes=4160 x_success=1 x_fail=0 kb_calls=0 kb_bytes=0 kb_success=0 kb_fail=0 total=2 injected=1 history_level=0 x_level=1 kb_level=-1 shape_bad=0 x_each_worker_once=1
CASE_PASS m=65 n=1 sve16_entries=4 expected=4 old_entries=4 packed_entries=0 packed_expected=0
SHARED_ALLOC_PASS m=65 n=1 calls=2 injected=1 shared_first=1 later_X_success=1
ALLOC_PASS m=65 n=7 small=1 history_expected=1 history_calls=1 history_bytes=12288 history_success=0 history_fail=1 x_calls=1 x_bytes=4160 x_success=1 x_fail=0 kb_calls=0 kb_bytes=0 kb_success=0 kb_fail=0 total=2 injected=1 history_level=0 x_level=1 kb_level=-1 shape_bad=0 x_each_worker_once=1
CASE_PASS m=65 n=7 sve16_entries=4 expected=4 old_entries=4 packed_entries=0 packed_expected=0
SHARED_ALLOC_PASS m=65 n=7 calls=2 injected=1 shared_first=1 later_X_success=1
ALLOC_PASS m=65 n=8 small=1 history_expected=1 history_calls=1 history_bytes=12288 history_success=0 history_fail=1 x_calls=1 x_bytes=4160 x_success=1 x_fail=0 kb_calls=0 kb_bytes=0 kb_success=0 kb_fail=0 total=2 injected=1 history_level=0 x_level=1 kb_level=-1 shape_bad=0 x_each_worker_once=1
CASE_PASS m=65 n=8 sve16_entries=4 expected=4 old_entries=4 packed_entries=0 packed_expected=0
SHARED_ALLOC_PASS m=65 n=8 calls=2 injected=1 shared_first=1 later_X_success=1
ALLOC_PASS m=65 n=9 small=1 history_expected=1 history_calls=1 history_bytes=12288 history_success=0 history_fail=1 x_calls=1 x_bytes=4160 x_success=1 x_fail=0 kb_calls=0 kb_bytes=0 kb_success=0 kb_fail=0 total=2 injected=1 history_level=0 x_level=1 kb_level=-1 shape_bad=0 x_each_worker_once=1
CASE_PASS m=65 n=9 sve16_entries=8 expected=8 old_entries=8 packed_entries=0 packed_expected=0
SHARED_ALLOC_PASS m=65 n=9 calls=2 injected=1 shared_first=1 later_X_success=1
ALLOC_PASS m=65 n=17 small=1 history_expected=1 history_calls=1 history_bytes=12288 history_success=0 history_fail=1 x_calls=1 x_bytes=4160 x_success=1 x_fail=0 kb_calls=0 kb_bytes=0 kb_success=0 kb_fail=0 total=2 injected=1 history_level=0 x_level=1 kb_level=-1 shape_bad=0 x_each_worker_once=1
CASE_PASS m=65 n=17 sve16_entries=12 expected=12 old_entries=12 packed_entries=0 packed_expected=0
SHARED_ALLOC_PASS m=65 n=17 calls=2 injected=1 shared_first=1 later_X_success=1
ALLOC_PASS m=255 n=1 small=1 history_expected=1 history_calls=1 history_bytes=215040 history_success=0 history_fail=1 x_calls=1 x_bytes=16320 x_success=1 x_fail=0 kb_calls=0 kb_bytes=0 kb_success=0 kb_fail=0 total=2 injected=1 history_level=0 x_level=1 kb_level=-1 shape_bad=0 x_each_worker_once=1
CASE_PASS m=255 n=1 sve16_entries=15 expected=15 old_entries=15 packed_entries=0 packed_expected=0
SHARED_ALLOC_PASS m=255 n=1 calls=2 injected=1 shared_first=1 later_X_success=1
ALLOC_PASS m=255 n=7 small=1 history_expected=1 history_calls=1 history_bytes=215040 history_success=0 history_fail=1 x_calls=1 x_bytes=16320 x_success=1 x_fail=0 kb_calls=0 kb_bytes=0 kb_success=0 kb_fail=0 total=2 injected=1 history_level=0 x_level=1 kb_level=-1 shape_bad=0 x_each_worker_once=1
CASE_PASS m=255 n=7 sve16_entries=15 expected=15 old_entries=15 packed_entries=0 packed_expected=0
SHARED_ALLOC_PASS m=255 n=7 calls=2 injected=1 shared_first=1 later_X_success=1
ALLOC_PASS m=255 n=8 small=1 history_expected=1 history_calls=1 history_bytes=215040 history_success=0 history_fail=1 x_calls=1 x_bytes=16320 x_success=1 x_fail=0 kb_calls=0 kb_bytes=0 kb_success=0 kb_fail=0 total=2 injected=1 history_level=0 x_level=1 kb_level=-1 shape_bad=0 x_each_worker_once=1
CASE_PASS m=255 n=8 sve16_entries=15 expected=15 old_entries=15 packed_entries=0 packed_expected=0
SHARED_ALLOC_PASS m=255 n=8 calls=2 injected=1 shared_first=1 later_X_success=1
ALLOC_PASS m=255 n=9 small=1 history_expected=1 history_calls=1 history_bytes=215040 history_success=0 history_fail=1 x_calls=1 x_bytes=16320 x_success=1 x_fail=0 kb_calls=0 kb_bytes=0 kb_success=0 kb_fail=0 total=2 injected=1 history_level=0 x_level=1 kb_level=-1 shape_bad=0 x_each_worker_once=1
CASE_PASS m=255 n=9 sve16_entries=30 expected=30 old_entries=30 packed_entries=0 packed_expected=0
SHARED_ALLOC_PASS m=255 n=9 calls=2 injected=1 shared_first=1 later_X_success=1
ALLOC_PASS m=255 n=17 small=1 history_expected=1 history_calls=1 history_bytes=215040 history_success=0 history_fail=1 x_calls=1 x_bytes=16320 x_success=1 x_fail=0 kb_calls=0 kb_bytes=0 kb_success=0 kb_fail=0 total=2 injected=1 history_level=0 x_level=1 kb_level=-1 shape_bad=0 x_each_worker_once=1
CASE_PASS m=255 n=17 sve16_entries=45 expected=45 old_entries=45 packed_entries=0 packed_expected=0
SHARED_ALLOC_PASS m=255 n=17 calls=2 injected=1 shared_first=1 later_X_success=1
ALLOC_PASS m=256 n=1 small=1 history_expected=1 history_calls=1 history_bytes=245760 history_success=0 history_fail=1 x_calls=1 x_bytes=16384 x_success=1 x_fail=0 kb_calls=0 kb_bytes=0 kb_success=0 kb_fail=0 total=2 injected=1 history_level=0 x_level=1 kb_level=-1 shape_bad=0 x_each_worker_once=1
CASE_PASS m=256 n=1 sve16_entries=16 expected=16 old_entries=16 packed_entries=0 packed_expected=0
SHARED_ALLOC_PASS m=256 n=1 calls=2 injected=1 shared_first=1 later_X_success=1
ALLOC_PASS m=256 n=7 small=1 history_expected=1 history_calls=1 history_bytes=245760 history_success=0 history_fail=1 x_calls=1 x_bytes=16384 x_success=1 x_fail=0 kb_calls=0 kb_bytes=0 kb_success=0 kb_fail=0 total=2 injected=1 history_level=0 x_level=1 kb_level=-1 shape_bad=0 x_each_worker_once=1
CASE_PASS m=256 n=7 sve16_entries=16 expected=16 old_entries=16 packed_entries=0 packed_expected=0
SHARED_ALLOC_PASS m=256 n=7 calls=2 injected=1 shared_first=1 later_X_success=1
ALLOC_PASS m=256 n=8 small=1 history_expected=1 history_calls=1 history_bytes=245760 history_success=0 history_fail=1 x_calls=1 x_bytes=16384 x_success=1 x_fail=0 kb_calls=0 kb_bytes=0 kb_success=0 kb_fail=0 total=2 injected=1 history_level=0 x_level=1 kb_level=-1 shape_bad=0 x_each_worker_once=1
CASE_PASS m=256 n=8 sve16_entries=16 expected=16 old_entries=16 packed_entries=0 packed_expected=0
SHARED_ALLOC_PASS m=256 n=8 calls=2 injected=1 shared_first=1 later_X_success=1
ALLOC_PASS m=256 n=9 small=1 history_expected=1 history_calls=1 history_bytes=245760 history_success=0 history_fail=1 x_calls=1 x_bytes=16384 x_success=1 x_fail=0 kb_calls=0 kb_bytes=0 kb_success=0 kb_fail=0 total=2 injected=1 history_level=0 x_level=1 kb_level=-1 shape_bad=0 x_each_worker_once=1
CASE_PASS m=256 n=9 sve16_entries=32 expected=32 old_entries=32 packed_entries=0 packed_expected=0
SHARED_ALLOC_PASS m=256 n=9 calls=2 injected=1 shared_first=1 later_X_success=1
ALLOC_PASS m=256 n=17 small=1 history_expected=1 history_calls=1 history_bytes=245760 history_success=0 history_fail=1 x_calls=1 x_bytes=16384 x_success=1 x_fail=0 kb_calls=0 kb_bytes=0 kb_success=0 kb_fail=0 total=2 injected=1 history_level=0 x_level=1 kb_level=-1 shape_bad=0 x_each_worker_once=1
CASE_PASS m=256 n=17 sve16_entries=48 expected=48 old_entries=48 packed_entries=0 packed_expected=0
SHARED_ALLOC_PASS m=256 n=17 calls=2 injected=1 shared_first=1 later_X_success=1
ALLOC_PASS m=257 n=1 small=1 history_expected=1 history_calls=1 history_bytes=245760 history_success=0 history_fail=1 x_calls=1 x_bytes=16448 x_success=1 x_fail=0 kb_calls=0 kb_bytes=0 kb_success=0 kb_fail=0 total=2 injected=1 history_level=0 x_level=1 kb_level=-1 shape_bad=0 x_each_worker_once=1
CASE_PASS m=257 n=1 sve16_entries=16 expected=16 old_entries=16 packed_entries=0 packed_expected=0
SHARED_ALLOC_PASS m=257 n=1 calls=2 injected=1 shared_first=1 later_X_success=1
ALLOC_PASS m=257 n=7 small=1 history_expected=1 history_calls=1 history_bytes=245760 history_success=0 history_fail=1 x_calls=1 x_bytes=16448 x_success=1 x_fail=0 kb_calls=0 kb_bytes=0 kb_success=0 kb_fail=0 total=2 injected=1 history_level=0 x_level=1 kb_level=-1 shape_bad=0 x_each_worker_once=1
CASE_PASS m=257 n=7 sve16_entries=16 expected=16 old_entries=16 packed_entries=0 packed_expected=0
SHARED_ALLOC_PASS m=257 n=7 calls=2 injected=1 shared_first=1 later_X_success=1
ALLOC_PASS m=257 n=8 small=1 history_expected=1 history_calls=1 history_bytes=245760 history_success=0 history_fail=1 x_calls=1 x_bytes=16448 x_success=1 x_fail=0 kb_calls=0 kb_bytes=0 kb_success=0 kb_fail=0 total=2 injected=1 history_level=0 x_level=1 kb_level=-1 shape_bad=0 x_each_worker_once=1
CASE_PASS m=257 n=8 sve16_entries=16 expected=16 old_entries=16 packed_entries=0 packed_expected=0
SHARED_ALLOC_PASS m=257 n=8 calls=2 injected=1 shared_first=1 later_X_success=1
ALLOC_PASS m=257 n=9 small=1 history_expected=1 history_calls=1 history_bytes=245760 history_success=0 history_fail=1 x_calls=1 x_bytes=16448 x_success=1 x_fail=0 kb_calls=0 kb_bytes=0 kb_success=0 kb_fail=0 total=2 injected=1 history_level=0 x_level=1 kb_level=-1 shape_bad=0 x_each_worker_once=1
CASE_PASS m=257 n=9 sve16_entries=32 expected=32 old_entries=32 packed_entries=0 packed_expected=0
SHARED_ALLOC_PASS m=257 n=9 calls=2 injected=1 shared_first=1 later_X_success=1
ALLOC_PASS m=257 n=17 small=1 history_expected=1 history_calls=1 history_bytes=245760 history_success=0 history_fail=1 x_calls=1 x_bytes=16448 x_success=1 x_fail=0 kb_calls=0 kb_bytes=0 kb_success=0 kb_fail=0 total=2 injected=1 history_level=0 x_level=1 kb_level=-1 shape_bad=0 x_each_worker_once=1
CASE_PASS m=257 n=17 sve16_entries=48 expected=48 old_entries=48 packed_entries=0 packed_expected=0
SHARED_ALLOC_PASS m=257 n=17 calls=2 injected=1 shared_first=1 later_X_success=1
ALLOCATION_SUMMARY_PASS cases=40 budget_cases=0 shared_injection_cases=40
PASS whole_cases=40 noop_cases=4 non_dyadic_long_double_RHS=1 padding_L_unchanged=1 max_error=1.1102230246251565e-16
SOURCE_FEATURES_PASS panel16=1 packedL16=1 has_budget=1 history_budget_bytes=4194304
MODE=shared-fail THREADS=4 NARROW_VL=0 EXPECT_SVE16=1 EXPECT_PACKEDL16=0
ALLOC_PASS m=32 n=1 small=1 history_expected=1 history_calls=1 history_bytes=2048 history_success=0 history_fail=1 x_calls=4 x_bytes=8192 x_success=4 x_fail=0 kb_calls=0 kb_bytes=0 kb_success=0 kb_fail=0 total=5 injected=1 history_level=0 x_level=1 kb_level=-1 shape_bad=0 x_each_worker_once=1
CASE_PASS m=32 n=1 sve16_entries=2 expected=2 old_entries=2 packed_entries=0 packed_expected=0
SHARED_ALLOC_PASS m=32 n=1 calls=5 injected=1 shared_first=1 later_X_success=4
ALLOC_PASS m=32 n=7 small=1 history_expected=1 history_calls=1 history_bytes=2048 history_success=0 history_fail=1 x_calls=4 x_bytes=8192 x_success=4 x_fail=0 kb_calls=0 kb_bytes=0 kb_success=0 kb_fail=0 total=5 injected=1 history_level=0 x_level=1 kb_level=-1 shape_bad=0 x_each_worker_once=1
CASE_PASS m=32 n=7 sve16_entries=2 expected=2 old_entries=2 packed_entries=0 packed_expected=0
SHARED_ALLOC_PASS m=32 n=7 calls=5 injected=1 shared_first=1 later_X_success=4
ALLOC_PASS m=32 n=8 small=1 history_expected=1 history_calls=1 history_bytes=2048 history_success=0 history_fail=1 x_calls=4 x_bytes=8192 x_success=4 x_fail=0 kb_calls=0 kb_bytes=0 kb_success=0 kb_fail=0 total=5 injected=1 history_level=0 x_level=1 kb_level=-1 shape_bad=0 x_each_worker_once=1
CASE_PASS m=32 n=8 sve16_entries=2 expected=2 old_entries=2 packed_entries=0 packed_expected=0
SHARED_ALLOC_PASS m=32 n=8 calls=5 injected=1 shared_first=1 later_X_success=4
ALLOC_PASS m=32 n=9 small=1 history_expected=1 history_calls=1 history_bytes=2048 history_success=0 history_fail=1 x_calls=4 x_bytes=8192 x_success=4 x_fail=0 kb_calls=0 kb_bytes=0 kb_success=0 kb_fail=0 total=5 injected=1 history_level=0 x_level=1 kb_level=-1 shape_bad=0 x_each_worker_once=1
CASE_PASS m=32 n=9 sve16_entries=4 expected=4 old_entries=4 packed_entries=0 packed_expected=0
SHARED_ALLOC_PASS m=32 n=9 calls=5 injected=1 shared_first=1 later_X_success=4
ALLOC_PASS m=32 n=17 small=1 history_expected=1 history_calls=1 history_bytes=2048 history_success=0 history_fail=1 x_calls=4 x_bytes=8192 x_success=4 x_fail=0 kb_calls=0 kb_bytes=0 kb_success=0 kb_fail=0 total=5 injected=1 history_level=0 x_level=1 kb_level=-1 shape_bad=0 x_each_worker_once=1
CASE_PASS m=32 n=17 sve16_entries=6 expected=6 old_entries=6 packed_entries=0 packed_expected=0
SHARED_ALLOC_PASS m=32 n=17 calls=5 injected=1 shared_first=1 later_X_success=4
ALLOC_PASS m=33 n=1 small=1 history_expected=1 history_calls=1 history_bytes=2048 history_success=0 history_fail=1 x_calls=4 x_bytes=8448 x_success=4 x_fail=0 kb_calls=0 kb_bytes=0 kb_success=0 kb_fail=0 total=5 injected=1 history_level=0 x_level=1 kb_level=-1 shape_bad=0 x_each_worker_once=1
CASE_PASS m=33 n=1 sve16_entries=2 expected=2 old_entries=2 packed_entries=0 packed_expected=0
SHARED_ALLOC_PASS m=33 n=1 calls=5 injected=1 shared_first=1 later_X_success=4
ALLOC_PASS m=33 n=7 small=1 history_expected=1 history_calls=1 history_bytes=2048 history_success=0 history_fail=1 x_calls=4 x_bytes=8448 x_success=4 x_fail=0 kb_calls=0 kb_bytes=0 kb_success=0 kb_fail=0 total=5 injected=1 history_level=0 x_level=1 kb_level=-1 shape_bad=0 x_each_worker_once=1
CASE_PASS m=33 n=7 sve16_entries=2 expected=2 old_entries=2 packed_entries=0 packed_expected=0
SHARED_ALLOC_PASS m=33 n=7 calls=5 injected=1 shared_first=1 later_X_success=4
ALLOC_PASS m=33 n=8 small=1 history_expected=1 history_calls=1 history_bytes=2048 history_success=0 history_fail=1 x_calls=4 x_bytes=8448 x_success=4 x_fail=0 kb_calls=0 kb_bytes=0 kb_success=0 kb_fail=0 total=5 injected=1 history_level=0 x_level=1 kb_level=-1 shape_bad=0 x_each_worker_once=1
CASE_PASS m=33 n=8 sve16_entries=2 expected=2 old_entries=2 packed_entries=0 packed_expected=0
SHARED_ALLOC_PASS m=33 n=8 calls=5 injected=1 shared_first=1 later_X_success=4
ALLOC_PASS m=33 n=9 small=1 history_expected=1 history_calls=1 history_bytes=2048 history_success=0 history_fail=1 x_calls=4 x_bytes=8448 x_success=4 x_fail=0 kb_calls=0 kb_bytes=0 kb_success=0 kb_fail=0 total=5 injected=1 history_level=0 x_level=1 kb_level=-1 shape_bad=0 x_each_worker_once=1
CASE_PASS m=33 n=9 sve16_entries=4 expected=4 old_entries=4 packed_entries=0 packed_expected=0
SHARED_ALLOC_PASS m=33 n=9 calls=5 injected=1 shared_first=1 later_X_success=4
ALLOC_PASS m=33 n=17 small=1 history_expected=1 history_calls=1 history_bytes=2048 history_success=0 history_fail=1 x_calls=4 x_bytes=8448 x_success=4 x_fail=0 kb_calls=0 kb_bytes=0 kb_success=0 kb_fail=0 total=5 injected=1 history_level=0 x_level=1 kb_level=-1 shape_bad=0 x_each_worker_once=1
CASE_PASS m=33 n=17 sve16_entries=6 expected=6 old_entries=6 packed_entries=0 packed_expected=0
SHARED_ALLOC_PASS m=33 n=17 calls=5 injected=1 shared_first=1 later_X_success=4
ALLOC_PASS m=63 n=1 small=1 history_expected=1 history_calls=1 history_bytes=6144 history_success=0 history_fail=1 x_calls=4 x_bytes=16128 x_success=4 x_fail=0 kb_calls=0 kb_bytes=0 kb_success=0 kb_fail=0 total=5 injected=1 history_level=0 x_level=1 kb_level=-1 shape_bad=0 x_each_worker_once=1
CASE_PASS m=63 n=1 sve16_entries=3 expected=3 old_entries=3 packed_entries=0 packed_expected=0
SHARED_ALLOC_PASS m=63 n=1 calls=5 injected=1 shared_first=1 later_X_success=4
ALLOC_PASS m=63 n=7 small=1 history_expected=1 history_calls=1 history_bytes=6144 history_success=0 history_fail=1 x_calls=4 x_bytes=16128 x_success=4 x_fail=0 kb_calls=0 kb_bytes=0 kb_success=0 kb_fail=0 total=5 injected=1 history_level=0 x_level=1 kb_level=-1 shape_bad=0 x_each_worker_once=1
CASE_PASS m=63 n=7 sve16_entries=3 expected=3 old_entries=3 packed_entries=0 packed_expected=0
SHARED_ALLOC_PASS m=63 n=7 calls=5 injected=1 shared_first=1 later_X_success=4
ALLOC_PASS m=63 n=8 small=1 history_expected=1 history_calls=1 history_bytes=6144 history_success=0 history_fail=1 x_calls=4 x_bytes=16128 x_success=4 x_fail=0 kb_calls=0 kb_bytes=0 kb_success=0 kb_fail=0 total=5 injected=1 history_level=0 x_level=1 kb_level=-1 shape_bad=0 x_each_worker_once=1
CASE_PASS m=63 n=8 sve16_entries=3 expected=3 old_entries=3 packed_entries=0 packed_expected=0
SHARED_ALLOC_PASS m=63 n=8 calls=5 injected=1 shared_first=1 later_X_success=4
ALLOC_PASS m=63 n=9 small=1 history_expected=1 history_calls=1 history_bytes=6144 history_success=0 history_fail=1 x_calls=4 x_bytes=16128 x_success=4 x_fail=0 kb_calls=0 kb_bytes=0 kb_success=0 kb_fail=0 total=5 injected=1 history_level=0 x_level=1 kb_level=-1 shape_bad=0 x_each_worker_once=1
CASE_PASS m=63 n=9 sve16_entries=6 expected=6 old_entries=6 packed_entries=0 packed_expected=0
SHARED_ALLOC_PASS m=63 n=9 calls=5 injected=1 shared_first=1 later_X_success=4
ALLOC_PASS m=63 n=17 small=1 history_expected=1 history_calls=1 history_bytes=6144 history_success=0 history_fail=1 x_calls=4 x_bytes=16128 x_success=4 x_fail=0 kb_calls=0 kb_bytes=0 kb_success=0 kb_fail=0 total=5 injected=1 history_level=0 x_level=1 kb_level=-1 shape_bad=0 x_each_worker_once=1
CASE_PASS m=63 n=17 sve16_entries=9 expected=9 old_entries=9 packed_entries=0 packed_expected=0
SHARED_ALLOC_PASS m=63 n=17 calls=5 injected=1 shared_first=1 later_X_success=4
ALLOC_PASS m=64 n=1 small=1 history_expected=1 history_calls=1 history_bytes=12288 history_success=0 history_fail=1 x_calls=4 x_bytes=16384 x_success=4 x_fail=0 kb_calls=0 kb_bytes=0 kb_success=0 kb_fail=0 total=5 injected=1 history_level=0 x_level=1 kb_level=-1 shape_bad=0 x_each_worker_once=1
CASE_PASS m=64 n=1 sve16_entries=4 expected=4 old_entries=4 packed_entries=0 packed_expected=0
SHARED_ALLOC_PASS m=64 n=1 calls=5 injected=1 shared_first=1 later_X_success=4
ALLOC_PASS m=64 n=7 small=1 history_expected=1 history_calls=1 history_bytes=12288 history_success=0 history_fail=1 x_calls=4 x_bytes=16384 x_success=4 x_fail=0 kb_calls=0 kb_bytes=0 kb_success=0 kb_fail=0 total=5 injected=1 history_level=0 x_level=1 kb_level=-1 shape_bad=0 x_each_worker_once=1
CASE_PASS m=64 n=7 sve16_entries=4 expected=4 old_entries=4 packed_entries=0 packed_expected=0
SHARED_ALLOC_PASS m=64 n=7 calls=5 injected=1 shared_first=1 later_X_success=4
ALLOC_PASS m=64 n=8 small=1 history_expected=1 history_calls=1 history_bytes=12288 history_success=0 history_fail=1 x_calls=4 x_bytes=16384 x_success=4 x_fail=0 kb_calls=0 kb_bytes=0 kb_success=0 kb_fail=0 total=5 injected=1 history_level=0 x_level=1 kb_level=-1 shape_bad=0 x_each_worker_once=1
CASE_PASS m=64 n=8 sve16_entries=4 expected=4 old_entries=4 packed_entries=0 packed_expected=0
SHARED_ALLOC_PASS m=64 n=8 calls=5 injected=1 shared_first=1 later_X_success=4
ALLOC_PASS m=64 n=9 small=1 history_expected=1 history_calls=1 history_bytes=12288 history_success=0 history_fail=1 x_calls=4 x_bytes=16384 x_success=4 x_fail=0 kb_calls=0 kb_bytes=0 kb_success=0 kb_fail=0 total=5 injected=1 history_level=0 x_level=1 kb_level=-1 shape_bad=0 x_each_worker_once=1
CASE_PASS m=64 n=9 sve16_entries=8 expected=8 old_entries=8 packed_entries=0 packed_expected=0
SHARED_ALLOC_PASS m=64 n=9 calls=5 injected=1 shared_first=1 later_X_success=4
ALLOC_PASS m=64 n=17 small=1 history_expected=1 history_calls=1 history_bytes=12288 history_success=0 history_fail=1 x_calls=4 x_bytes=16384 x_success=4 x_fail=0 kb_calls=0 kb_bytes=0 kb_success=0 kb_fail=0 total=5 injected=1 history_level=0 x_level=1 kb_level=-1 shape_bad=0 x_each_worker_once=1
CASE_PASS m=64 n=17 sve16_entries=12 expected=12 old_entries=12 packed_entries=0 packed_expected=0
SHARED_ALLOC_PASS m=64 n=17 calls=5 injected=1 shared_first=1 later_X_success=4
ALLOC_PASS m=65 n=1 small=1 history_expected=1 history_calls=1 history_bytes=12288 history_success=0 history_fail=1 x_calls=4 x_bytes=16640 x_success=4 x_fail=0 kb_calls=0 kb_bytes=0 kb_success=0 kb_fail=0 total=5 injected=1 history_level=0 x_level=1 kb_level=-1 shape_bad=0 x_each_worker_once=1
CASE_PASS m=65 n=1 sve16_entries=4 expected=4 old_entries=4 packed_entries=0 packed_expected=0
SHARED_ALLOC_PASS m=65 n=1 calls=5 injected=1 shared_first=1 later_X_success=4
ALLOC_PASS m=65 n=7 small=1 history_expected=1 history_calls=1 history_bytes=12288 history_success=0 history_fail=1 x_calls=4 x_bytes=16640 x_success=4 x_fail=0 kb_calls=0 kb_bytes=0 kb_success=0 kb_fail=0 total=5 injected=1 history_level=0 x_level=1 kb_level=-1 shape_bad=0 x_each_worker_once=1
CASE_PASS m=65 n=7 sve16_entries=4 expected=4 old_entries=4 packed_entries=0 packed_expected=0
SHARED_ALLOC_PASS m=65 n=7 calls=5 injected=1 shared_first=1 later_X_success=4
ALLOC_PASS m=65 n=8 small=1 history_expected=1 history_calls=1 history_bytes=12288 history_success=0 history_fail=1 x_calls=4 x_bytes=16640 x_success=4 x_fail=0 kb_calls=0 kb_bytes=0 kb_success=0 kb_fail=0 total=5 injected=1 history_level=0 x_level=1 kb_level=-1 shape_bad=0 x_each_worker_once=1
CASE_PASS m=65 n=8 sve16_entries=4 expected=4 old_entries=4 packed_entries=0 packed_expected=0
SHARED_ALLOC_PASS m=65 n=8 calls=5 injected=1 shared_first=1 later_X_success=4
ALLOC_PASS m=65 n=9 small=1 history_expected=1 history_calls=1 history_bytes=12288 history_success=0 history_fail=1 x_calls=4 x_bytes=16640 x_success=4 x_fail=0 kb_calls=0 kb_bytes=0 kb_success=0 kb_fail=0 total=5 injected=1 history_level=0 x_level=1 kb_level=-1 shape_bad=0 x_each_worker_once=1
CASE_PASS m=65 n=9 sve16_entries=8 expected=8 old_entries=8 packed_entries=0 packed_expected=0
SHARED_ALLOC_PASS m=65 n=9 calls=5 injected=1 shared_first=1 later_X_success=4
ALLOC_PASS m=65 n=17 small=1 history_expected=1 history_calls=1 history_bytes=12288 history_success=0 history_fail=1 x_calls=4 x_bytes=16640 x_success=4 x_fail=0 kb_calls=0 kb_bytes=0 kb_success=0 kb_fail=0 total=5 injected=1 history_level=0 x_level=1 kb_level=-1 shape_bad=0 x_each_worker_once=1
CASE_PASS m=65 n=17 sve16_entries=12 expected=12 old_entries=12 packed_entries=0 packed_expected=0
SHARED_ALLOC_PASS m=65 n=17 calls=5 injected=1 shared_first=1 later_X_success=4
ALLOC_PASS m=255 n=1 small=1 history_expected=1 history_calls=1 history_bytes=215040 history_success=0 history_fail=1 x_calls=4 x_bytes=65280 x_success=4 x_fail=0 kb_calls=0 kb_bytes=0 kb_success=0 kb_fail=0 total=5 injected=1 history_level=0 x_level=1 kb_level=-1 shape_bad=0 x_each_worker_once=1
CASE_PASS m=255 n=1 sve16_entries=15 expected=15 old_entries=15 packed_entries=0 packed_expected=0
SHARED_ALLOC_PASS m=255 n=1 calls=5 injected=1 shared_first=1 later_X_success=4
ALLOC_PASS m=255 n=7 small=1 history_expected=1 history_calls=1 history_bytes=215040 history_success=0 history_fail=1 x_calls=4 x_bytes=65280 x_success=4 x_fail=0 kb_calls=0 kb_bytes=0 kb_success=0 kb_fail=0 total=5 injected=1 history_level=0 x_level=1 kb_level=-1 shape_bad=0 x_each_worker_once=1
CASE_PASS m=255 n=7 sve16_entries=15 expected=15 old_entries=15 packed_entries=0 packed_expected=0
SHARED_ALLOC_PASS m=255 n=7 calls=5 injected=1 shared_first=1 later_X_success=4
ALLOC_PASS m=255 n=8 small=1 history_expected=1 history_calls=1 history_bytes=215040 history_success=0 history_fail=1 x_calls=4 x_bytes=65280 x_success=4 x_fail=0 kb_calls=0 kb_bytes=0 kb_success=0 kb_fail=0 total=5 injected=1 history_level=0 x_level=1 kb_level=-1 shape_bad=0 x_each_worker_once=1
CASE_PASS m=255 n=8 sve16_entries=15 expected=15 old_entries=15 packed_entries=0 packed_expected=0
SHARED_ALLOC_PASS m=255 n=8 calls=5 injected=1 shared_first=1 later_X_success=4
ALLOC_PASS m=255 n=9 small=1 history_expected=1 history_calls=1 history_bytes=215040 history_success=0 history_fail=1 x_calls=4 x_bytes=65280 x_success=4 x_fail=0 kb_calls=0 kb_bytes=0 kb_success=0 kb_fail=0 total=5 injected=1 history_level=0 x_level=1 kb_level=-1 shape_bad=0 x_each_worker_once=1
CASE_PASS m=255 n=9 sve16_entries=30 expected=30 old_entries=30 packed_entries=0 packed_expected=0
SHARED_ALLOC_PASS m=255 n=9 calls=5 injected=1 shared_first=1 later_X_success=4
ALLOC_PASS m=255 n=17 small=1 history_expected=1 history_calls=1 history_bytes=215040 history_success=0 history_fail=1 x_calls=4 x_bytes=65280 x_success=4 x_fail=0 kb_calls=0 kb_bytes=0 kb_success=0 kb_fail=0 total=5 injected=1 history_level=0 x_level=1 kb_level=-1 shape_bad=0 x_each_worker_once=1
CASE_PASS m=255 n=17 sve16_entries=45 expected=45 old_entries=45 packed_entries=0 packed_expected=0
SHARED_ALLOC_PASS m=255 n=17 calls=5 injected=1 shared_first=1 later_X_success=4
ALLOC_PASS m=256 n=1 small=1 history_expected=1 history_calls=1 history_bytes=245760 history_success=0 history_fail=1 x_calls=4 x_bytes=65536 x_success=4 x_fail=0 kb_calls=0 kb_bytes=0 kb_success=0 kb_fail=0 total=5 injected=1 history_level=0 x_level=1 kb_level=-1 shape_bad=0 x_each_worker_once=1
CASE_PASS m=256 n=1 sve16_entries=16 expected=16 old_entries=16 packed_entries=0 packed_expected=0
SHARED_ALLOC_PASS m=256 n=1 calls=5 injected=1 shared_first=1 later_X_success=4
ALLOC_PASS m=256 n=7 small=1 history_expected=1 history_calls=1 history_bytes=245760 history_success=0 history_fail=1 x_calls=4 x_bytes=65536 x_success=4 x_fail=0 kb_calls=0 kb_bytes=0 kb_success=0 kb_fail=0 total=5 injected=1 history_level=0 x_level=1 kb_level=-1 shape_bad=0 x_each_worker_once=1
CASE_PASS m=256 n=7 sve16_entries=16 expected=16 old_entries=16 packed_entries=0 packed_expected=0
SHARED_ALLOC_PASS m=256 n=7 calls=5 injected=1 shared_first=1 later_X_success=4
ALLOC_PASS m=256 n=8 small=1 history_expected=1 history_calls=1 history_bytes=245760 history_success=0 history_fail=1 x_calls=4 x_bytes=65536 x_success=4 x_fail=0 kb_calls=0 kb_bytes=0 kb_success=0 kb_fail=0 total=5 injected=1 history_level=0 x_level=1 kb_level=-1 shape_bad=0 x_each_worker_once=1
CASE_PASS m=256 n=8 sve16_entries=16 expected=16 old_entries=16 packed_entries=0 packed_expected=0
SHARED_ALLOC_PASS m=256 n=8 calls=5 injected=1 shared_first=1 later_X_success=4
ALLOC_PASS m=256 n=9 small=1 history_expected=1 history_calls=1 history_bytes=245760 history_success=0 history_fail=1 x_calls=4 x_bytes=65536 x_success=4 x_fail=0 kb_calls=0 kb_bytes=0 kb_success=0 kb_fail=0 total=5 injected=1 history_level=0 x_level=1 kb_level=-1 shape_bad=0 x_each_worker_once=1
CASE_PASS m=256 n=9 sve16_entries=32 expected=32 old_entries=32 packed_entries=0 packed_expected=0
SHARED_ALLOC_PASS m=256 n=9 calls=5 injected=1 shared_first=1 later_X_success=4
ALLOC_PASS m=256 n=17 small=1 history_expected=1 history_calls=1 history_bytes=245760 history_success=0 history_fail=1 x_calls=4 x_bytes=65536 x_success=4 x_fail=0 kb_calls=0 kb_bytes=0 kb_success=0 kb_fail=0 total=5 injected=1 history_level=0 x_level=1 kb_level=-1 shape_bad=0 x_each_worker_once=1
CASE_PASS m=256 n=17 sve16_entries=48 expected=48 old_entries=48 packed_entries=0 packed_expected=0
SHARED_ALLOC_PASS m=256 n=17 calls=5 injected=1 shared_first=1 later_X_success=4
ALLOC_PASS m=257 n=1 small=1 history_expected=1 history_calls=1 history_bytes=245760 history_success=0 history_fail=1 x_calls=4 x_bytes=65792 x_success=4 x_fail=0 kb_calls=0 kb_bytes=0 kb_success=0 kb_fail=0 total=5 injected=1 history_level=0 x_level=1 kb_level=-1 shape_bad=0 x_each_worker_once=1
CASE_PASS m=257 n=1 sve16_entries=16 expected=16 old_entries=16 packed_entries=0 packed_expected=0
SHARED_ALLOC_PASS m=257 n=1 calls=5 injected=1 shared_first=1 later_X_success=4
ALLOC_PASS m=257 n=7 small=1 history_expected=1 history_calls=1 history_bytes=245760 history_success=0 history_fail=1 x_calls=4 x_bytes=65792 x_success=4 x_fail=0 kb_calls=0 kb_bytes=0 kb_success=0 kb_fail=0 total=5 injected=1 history_level=0 x_level=1 kb_level=-1 shape_bad=0 x_each_worker_once=1
CASE_PASS m=257 n=7 sve16_entries=16 expected=16 old_entries=16 packed_entries=0 packed_expected=0
SHARED_ALLOC_PASS m=257 n=7 calls=5 injected=1 shared_first=1 later_X_success=4
ALLOC_PASS m=257 n=8 small=1 history_expected=1 history_calls=1 history_bytes=245760 history_success=0 history_fail=1 x_calls=4 x_bytes=65792 x_success=4 x_fail=0 kb_calls=0 kb_bytes=0 kb_success=0 kb_fail=0 total=5 injected=1 history_level=0 x_level=1 kb_level=-1 shape_bad=0 x_each_worker_once=1
CASE_PASS m=257 n=8 sve16_entries=16 expected=16 old_entries=16 packed_entries=0 packed_expected=0
SHARED_ALLOC_PASS m=257 n=8 calls=5 injected=1 shared_first=1 later_X_success=4
ALLOC_PASS m=257 n=9 small=1 history_expected=1 history_calls=1 history_bytes=245760 history_success=0 history_fail=1 x_calls=4 x_bytes=65792 x_success=4 x_fail=0 kb_calls=0 kb_bytes=0 kb_success=0 kb_fail=0 total=5 injected=1 history_level=0 x_level=1 kb_level=-1 shape_bad=0 x_each_worker_once=1
CASE_PASS m=257 n=9 sve16_entries=32 expected=32 old_entries=32 packed_entries=0 packed_expected=0
SHARED_ALLOC_PASS m=257 n=9 calls=5 injected=1 shared_first=1 later_X_success=4
ALLOC_PASS m=257 n=17 small=1 history_expected=1 history_calls=1 history_bytes=245760 history_success=0 history_fail=1 x_calls=4 x_bytes=65792 x_success=4 x_fail=0 kb_calls=0 kb_bytes=0 kb_success=0 kb_fail=0 total=5 injected=1 history_level=0 x_level=1 kb_level=-1 shape_bad=0 x_each_worker_once=1
CASE_PASS m=257 n=17 sve16_entries=48 expected=48 old_entries=48 packed_entries=0 packed_expected=0
SHARED_ALLOC_PASS m=257 n=17 calls=5 injected=1 shared_first=1 later_X_success=4
ALLOCATION_SUMMARY_PASS cases=40 budget_cases=0 shared_injection_cases=40
PASS whole_cases=40 noop_cases=4 non_dyadic_long_double_RHS=1 padding_L_unchanged=1 max_error=1.1102230246251565e-16
SOURCE_FEATURES_PASS panel16=1 packedL16=1 has_budget=1 history_budget_bytes=4194304
MODE=budget THREADS=1 NARROW_VL=0 EXPECT_SVE16=1 EXPECT_PACKEDL16=1
ALLOC_PASS m=1023 n=9 small=1 history_expected=1 history_calls=1 history_bytes=3999744 history_success=1 history_fail=0 x_calls=1 x_bytes=65472 x_success=1 x_fail=0 kb_calls=0 kb_bytes=0 kb_success=0 kb_fail=0 total=2 injected=0 history_level=0 x_level=1 kb_level=-1 shape_bad=0 x_each_worker_once=1
CASE_PASS m=1023 n=9 sve16_entries=126 expected=126 old_entries=2 packed_entries=124 packed_expected=124
ALLOC_PASS m=1024 n=9 small=1 history_expected=1 history_calls=1 history_bytes=4128768 history_success=1 history_fail=0 x_calls=1 x_bytes=65536 x_success=1 x_fail=0 kb_calls=0 kb_bytes=0 kb_success=0 kb_fail=0 total=2 injected=0 history_level=0 x_level=1 kb_level=-1 shape_bad=0 x_each_worker_once=1
CASE_PASS m=1024 n=9 sve16_entries=128 expected=128 old_entries=2 packed_entries=126 packed_expected=126
ALLOC_PASS m=1039 n=9 small=1 history_expected=1 history_calls=1 history_bytes=4128768 history_success=1 history_fail=0 x_calls=1 x_bytes=66496 x_success=1 x_fail=0 kb_calls=0 kb_bytes=0 kb_success=0 kb_fail=0 total=2 injected=0 history_level=0 x_level=1 kb_level=-1 shape_bad=0 x_each_worker_once=1
CASE_PASS m=1039 n=9 sve16_entries=128 expected=128 old_entries=2 packed_entries=126 packed_expected=126
ALLOC_PASS m=1040 n=9 small=1 history_expected=0 history_calls=0 history_bytes=0 history_success=0 history_fail=0 x_calls=1 x_bytes=66560 x_success=1 x_fail=0 kb_calls=0 kb_bytes=0 kb_success=0 kb_fail=0 total=1 injected=0 history_level=-1 x_level=1 kb_level=-1 shape_bad=0 x_each_worker_once=1
CASE_PASS m=1040 n=9 sve16_entries=130 expected=130 old_entries=130 packed_entries=0 packed_expected=0
ALLOC_PASS m=1041 n=9 small=1 history_expected=0 history_calls=0 history_bytes=0 history_success=0 history_fail=0 x_calls=1 x_bytes=66624 x_success=1 x_fail=0 kb_calls=0 kb_bytes=0 kb_success=0 kb_fail=0 total=1 injected=0 history_level=-1 x_level=1 kb_level=-1 shape_bad=0 x_each_worker_once=1
CASE_PASS m=1041 n=9 sve16_entries=130 expected=130 old_entries=130 packed_entries=0 packed_expected=0
ALLOCATION_SUMMARY_PASS cases=5 budget_cases=5 shared_injection_cases=0
PASS whole_cases=5 noop_cases=4 non_dyadic_long_double_RHS=1 padding_L_unchanged=1 max_error=1.1102230246251565e-16
SOURCE_FEATURES_PASS panel16=1 packedL16=1 has_budget=1 history_budget_bytes=4194304
MODE=budget THREADS=4 NARROW_VL=0 EXPECT_SVE16=1 EXPECT_PACKEDL16=1
ALLOC_PASS m=1023 n=9 small=1 history_expected=1 history_calls=1 history_bytes=3999744 history_success=1 history_fail=0 x_calls=4 x_bytes=261888 x_success=4 x_fail=0 kb_calls=0 kb_bytes=0 kb_success=0 kb_fail=0 total=5 injected=0 history_level=0 x_level=1 kb_level=-1 shape_bad=0 x_each_worker_once=1
CASE_PASS m=1023 n=9 sve16_entries=126 expected=126 old_entries=2 packed_entries=124 packed_expected=124
ALLOC_PASS m=1024 n=9 small=1 history_expected=1 history_calls=1 history_bytes=4128768 history_success=1 history_fail=0 x_calls=4 x_bytes=262144 x_success=4 x_fail=0 kb_calls=0 kb_bytes=0 kb_success=0 kb_fail=0 total=5 injected=0 history_level=0 x_level=1 kb_level=-1 shape_bad=0 x_each_worker_once=1
CASE_PASS m=1024 n=9 sve16_entries=128 expected=128 old_entries=2 packed_entries=126 packed_expected=126
ALLOC_PASS m=1039 n=9 small=1 history_expected=1 history_calls=1 history_bytes=4128768 history_success=1 history_fail=0 x_calls=4 x_bytes=265984 x_success=4 x_fail=0 kb_calls=0 kb_bytes=0 kb_success=0 kb_fail=0 total=5 injected=0 history_level=0 x_level=1 kb_level=-1 shape_bad=0 x_each_worker_once=1
CASE_PASS m=1039 n=9 sve16_entries=128 expected=128 old_entries=2 packed_entries=126 packed_expected=126
ALLOC_PASS m=1040 n=9 small=1 history_expected=0 history_calls=0 history_bytes=0 history_success=0 history_fail=0 x_calls=4 x_bytes=266240 x_success=4 x_fail=0 kb_calls=0 kb_bytes=0 kb_success=0 kb_fail=0 total=4 injected=0 history_level=-1 x_level=1 kb_level=-1 shape_bad=0 x_each_worker_once=1
CASE_PASS m=1040 n=9 sve16_entries=130 expected=130 old_entries=130 packed_entries=0 packed_expected=0
ALLOC_PASS m=1041 n=9 small=1 history_expected=0 history_calls=0 history_bytes=0 history_success=0 history_fail=0 x_calls=4 x_bytes=266496 x_success=4 x_fail=0 kb_calls=0 kb_bytes=0 kb_success=0 kb_fail=0 total=4 injected=0 history_level=-1 x_level=1 kb_level=-1 shape_bad=0 x_each_worker_once=1
CASE_PASS m=1041 n=9 sve16_entries=130 expected=130 old_entries=130 packed_entries=0 packed_expected=0
ALLOCATION_SUMMARY_PASS cases=5 budget_cases=5 shared_injection_cases=0
PASS whole_cases=5 noop_cases=4 non_dyadic_long_double_RHS=1 padding_L_unchanged=1 max_error=1.1102230246251565e-16
SOURCE_FEATURES_PASS panel16=1 packedL16=1 has_budget=1 history_budget_bytes=4194304
MODE=budget-smoke THREADS=38 NARROW_VL=0 EXPECT_SVE16=1 EXPECT_PACKEDL16=1
ALLOC_PASS m=1039 n=313 small=1 history_expected=1 history_calls=1 history_bytes=4128768 history_success=1 history_fail=0 x_calls=38 x_bytes=2526848 x_success=38 x_fail=0 kb_calls=0 kb_bytes=0 kb_success=0 kb_fail=0 total=39 injected=0 history_level=0 x_level=1 kb_level=-1 shape_bad=0 x_each_worker_once=1
CASE_PASS m=1039 n=313 sve16_entries=2560 expected=2560 old_entries=40 packed_entries=2520 packed_expected=2520
ALLOC_PASS m=1040 n=313 small=1 history_expected=0 history_calls=0 history_bytes=0 history_success=0 history_fail=0 x_calls=38 x_bytes=2529280 x_success=38 x_fail=0 kb_calls=0 kb_bytes=0 kb_success=0 kb_fail=0 total=38 injected=0 history_level=-1 x_level=1 kb_level=-1 shape_bad=0 x_each_worker_once=1
CASE_PASS m=1040 n=313 sve16_entries=2600 expected=2600 old_entries=2600 packed_entries=0 packed_expected=0
ALLOCATION_SUMMARY_PASS cases=2 budget_cases=2 shared_injection_cases=0
PASS whole_cases=2 noop_cases=4 non_dyadic_long_double_RHS=1 padding_L_unchanged=1 max_error=1.1102230246251565e-16
SOURCE_FEATURES_PASS panel16=1 packedL16=1 has_budget=1 history_budget_bytes=4194304
MODE=budget THREADS=4 NARROW_VL=0 EXPECT_SVE16=0 EXPECT_PACKEDL16=0
ALLOC_PASS m=1023 n=9 small=1 history_expected=1 history_calls=1 history_bytes=3999744 history_success=1 history_fail=0 x_calls=4 x_bytes=261888 x_success=0 x_fail=4 kb_calls=0 kb_bytes=0 kb_success=0 kb_fail=0 total=5 injected=4 history_level=0 x_level=1 kb_level=-1 shape_bad=0 x_each_worker_once=1
CASE_PASS m=1023 n=9 sve16_entries=0 expected=0 old_entries=0 packed_entries=0 packed_expected=0
ALLOC_PASS m=1024 n=9 small=1 history_expected=1 history_calls=1 history_bytes=4128768 history_success=1 history_fail=0 x_calls=4 x_bytes=262144 x_success=0 x_fail=4 kb_calls=0 kb_bytes=0 kb_success=0 kb_fail=0 total=5 injected=4 history_level=0 x_level=1 kb_level=-1 shape_bad=0 x_each_worker_once=1
CASE_PASS m=1024 n=9 sve16_entries=0 expected=0 old_entries=0 packed_entries=0 packed_expected=0
ALLOC_PASS m=1039 n=9 small=1 history_expected=1 history_calls=1 history_bytes=4128768 history_success=1 history_fail=0 x_calls=4 x_bytes=265984 x_success=0 x_fail=4 kb_calls=0 kb_bytes=0 kb_success=0 kb_fail=0 total=5 injected=4 history_level=0 x_level=1 kb_level=-1 shape_bad=0 x_each_worker_once=1
CASE_PASS m=1039 n=9 sve16_entries=0 expected=0 old_entries=0 packed_entries=0 packed_expected=0
ALLOC_PASS m=1040 n=9 small=1 history_expected=0 history_calls=0 history_bytes=0 history_success=0 history_fail=0 x_calls=4 x_bytes=266240 x_success=0 x_fail=4 kb_calls=0 kb_bytes=0 kb_success=0 kb_fail=0 total=4 injected=4 history_level=-1 x_level=1 kb_level=-1 shape_bad=0 x_each_worker_once=1
CASE_PASS m=1040 n=9 sve16_entries=0 expected=0 old_entries=0 packed_entries=0 packed_expected=0
ALLOC_PASS m=1041 n=9 small=1 history_expected=0 history_calls=0 history_bytes=0 history_success=0 history_fail=0 x_calls=4 x_bytes=266496 x_success=0 x_fail=4 kb_calls=0 kb_bytes=0 kb_success=0 kb_fail=0 total=4 injected=4 history_level=-1 x_level=1 kb_level=-1 shape_bad=0 x_each_worker_once=1
CASE_PASS m=1041 n=9 sve16_entries=0 expected=0 old_entries=0 packed_entries=0 packed_expected=0
ALLOCATION_SUMMARY_PASS cases=5 budget_cases=5 shared_injection_cases=0
PASS whole_cases=5 noop_cases=4 non_dyadic_long_double_RHS=1 padding_L_unchanged=1 max_error=1.1102230246251565e-16
SOURCE_FEATURES_PASS panel16=1 packedL16=1 has_budget=1 history_budget_bytes=4194304
MODE=budget THREADS=4 NARROW_VL=0 EXPECT_SVE16=0 EXPECT_PACKEDL16=0
ALLOC_PASS m=1023 n=9 small=1 history_expected=0 history_calls=0 history_bytes=0 history_success=0 history_fail=0 x_calls=4 x_bytes=261888 x_success=4 x_fail=0 kb_calls=0 kb_bytes=0 kb_success=0 kb_fail=0 total=4 injected=0 history_level=-1 x_level=1 kb_level=-1 shape_bad=0 x_each_worker_once=1
CASE_PASS m=1023 n=9 sve16_entries=0 expected=0 old_entries=0 packed_entries=0 packed_expected=0
ALLOC_PASS m=1024 n=9 small=1 history_expected=0 history_calls=0 history_bytes=0 history_success=0 history_fail=0 x_calls=4 x_bytes=262144 x_success=4 x_fail=0 kb_calls=0 kb_bytes=0 kb_success=0 kb_fail=0 total=4 injected=0 history_level=-1 x_level=1 kb_level=-1 shape_bad=0 x_each_worker_once=1
CASE_PASS m=1024 n=9 sve16_entries=0 expected=0 old_entries=0 packed_entries=0 packed_expected=0
ALLOC_PASS m=1039 n=9 small=1 history_expected=0 history_calls=0 history_bytes=0 history_success=0 history_fail=0 x_calls=4 x_bytes=265984 x_success=4 x_fail=0 kb_calls=0 kb_bytes=0 kb_success=0 kb_fail=0 total=4 injected=0 history_level=-1 x_level=1 kb_level=-1 shape_bad=0 x_each_worker_once=1
CASE_PASS m=1039 n=9 sve16_entries=0 expected=0 old_entries=0 packed_entries=0 packed_expected=0
ALLOC_PASS m=1040 n=9 small=1 history_expected=0 history_calls=0 history_bytes=0 history_success=0 history_fail=0 x_calls=4 x_bytes=266240 x_success=4 x_fail=0 kb_calls=0 kb_bytes=0 kb_success=0 kb_fail=0 total=4 injected=0 history_level=-1 x_level=1 kb_level=-1 shape_bad=0 x_each_worker_once=1
CASE_PASS m=1040 n=9 sve16_entries=0 expected=0 old_entries=0 packed_entries=0 packed_expected=0
ALLOC_PASS m=1041 n=9 small=1 history_expected=0 history_calls=0 history_bytes=0 history_success=0 history_fail=0 x_calls=4 x_bytes=266496 x_success=4 x_fail=0 kb_calls=0 kb_bytes=0 kb_success=0 kb_fail=0 total=4 injected=0 history_level=-1 x_level=1 kb_level=-1 shape_bad=0 x_each_worker_once=1
CASE_PASS m=1041 n=9 sve16_entries=0 expected=0 old_entries=0 packed_entries=0 packed_expected=0
ALLOCATION_SUMMARY_PASS cases=5 budget_cases=5 shared_injection_cases=0
PASS whole_cases=5 noop_cases=4 non_dyadic_long_double_RHS=1 padding_L_unchanged=1 max_error=1.1102230246251565e-16
SOURCE_FEATURES_PASS panel16=1 packedL16=1 has_budget=1 history_budget_bytes=4194304
MODE=budget THREADS=4 NARROW_VL=1 EXPECT_SVE16=0 EXPECT_PACKEDL16=0
ALLOC_PASS m=1023 n=9 small=1 history_expected=1 history_calls=1 history_bytes=3999744 history_success=1 history_fail=0 x_calls=4 x_bytes=261888 x_success=4 x_fail=0 kb_calls=0 kb_bytes=0 kb_success=0 kb_fail=0 total=5 injected=0 history_level=0 x_level=1 kb_level=-1 shape_bad=0 x_each_worker_once=1
CASE_PASS m=1023 n=9 sve16_entries=0 expected=0 old_entries=0 packed_entries=0 packed_expected=0
ALLOC_PASS m=1024 n=9 small=1 history_expected=1 history_calls=1 history_bytes=4128768 history_success=1 history_fail=0 x_calls=4 x_bytes=262144 x_success=4 x_fail=0 kb_calls=0 kb_bytes=0 kb_success=0 kb_fail=0 total=5 injected=0 history_level=0 x_level=1 kb_level=-1 shape_bad=0 x_each_worker_once=1
CASE_PASS m=1024 n=9 sve16_entries=0 expected=0 old_entries=0 packed_entries=0 packed_expected=0
ALLOC_PASS m=1039 n=9 small=1 history_expected=1 history_calls=1 history_bytes=4128768 history_success=1 history_fail=0 x_calls=4 x_bytes=265984 x_success=4 x_fail=0 kb_calls=0 kb_bytes=0 kb_success=0 kb_fail=0 total=5 injected=0 history_level=0 x_level=1 kb_level=-1 shape_bad=0 x_each_worker_once=1
CASE_PASS m=1039 n=9 sve16_entries=0 expected=0 old_entries=0 packed_entries=0 packed_expected=0
ALLOC_PASS m=1040 n=9 small=1 history_expected=0 history_calls=0 history_bytes=0 history_success=0 history_fail=0 x_calls=4 x_bytes=266240 x_success=4 x_fail=0 kb_calls=0 kb_bytes=0 kb_success=0 kb_fail=0 total=4 injected=0 history_level=-1 x_level=1 kb_level=-1 shape_bad=0 x_each_worker_once=1
CASE_PASS m=1040 n=9 sve16_entries=0 expected=0 old_entries=0 packed_entries=0 packed_expected=0
ALLOC_PASS m=1041 n=9 small=1 history_expected=0 history_calls=0 history_bytes=0 history_success=0 history_fail=0 x_calls=4 x_bytes=266496 x_success=4 x_fail=0 kb_calls=0 kb_bytes=0 kb_success=0 kb_fail=0 total=4 injected=0 history_level=-1 x_level=1 kb_level=-1 shape_bad=0 x_each_worker_once=1
CASE_PASS m=1041 n=9 sve16_entries=0 expected=0 old_entries=0 packed_entries=0 packed_expected=0
ALLOCATION_SUMMARY_PASS cases=5 budget_cases=5 shared_injection_cases=0
PASS whole_cases=5 noop_cases=4 non_dyadic_long_double_RHS=1 padding_L_unchanged=1 max_error=1.1102230246251565e-16
SOURCE_FEATURES_PASS panel16=1 packedL16=1 has_budget=1 history_budget_bytes=4194304
MODE=budget THREADS=4 NARROW_VL=0 EXPECT_SVE16=1 EXPECT_PACKEDL16=0
ALLOC_PASS m=1023 n=9 small=1 history_expected=1 history_calls=1 history_bytes=3999744 history_success=0 history_fail=1 x_calls=4 x_bytes=261888 x_success=4 x_fail=0 kb_calls=0 kb_bytes=0 kb_success=0 kb_fail=0 total=5 injected=1 history_level=0 x_level=1 kb_level=-1 shape_bad=0 x_each_worker_once=1
CASE_PASS m=1023 n=9 sve16_entries=126 expected=126 old_entries=126 packed_entries=0 packed_expected=0
SHARED_ALLOC_PASS m=1023 n=9 calls=5 injected=1 shared_first=1 later_X_success=4
ALLOC_PASS m=1024 n=9 small=1 history_expected=1 history_calls=1 history_bytes=4128768 history_success=0 history_fail=1 x_calls=4 x_bytes=262144 x_success=4 x_fail=0 kb_calls=0 kb_bytes=0 kb_success=0 kb_fail=0 total=5 injected=1 history_level=0 x_level=1 kb_level=-1 shape_bad=0 x_each_worker_once=1
CASE_PASS m=1024 n=9 sve16_entries=128 expected=128 old_entries=128 packed_entries=0 packed_expected=0
SHARED_ALLOC_PASS m=1024 n=9 calls=5 injected=1 shared_first=1 later_X_success=4
ALLOC_PASS m=1039 n=9 small=1 history_expected=1 history_calls=1 history_bytes=4128768 history_success=0 history_fail=1 x_calls=4 x_bytes=265984 x_success=4 x_fail=0 kb_calls=0 kb_bytes=0 kb_success=0 kb_fail=0 total=5 injected=1 history_level=0 x_level=1 kb_level=-1 shape_bad=0 x_each_worker_once=1
CASE_PASS m=1039 n=9 sve16_entries=128 expected=128 old_entries=128 packed_entries=0 packed_expected=0
SHARED_ALLOC_PASS m=1039 n=9 calls=5 injected=1 shared_first=1 later_X_success=4
ALLOC_PASS m=1040 n=9 small=1 history_expected=0 history_calls=0 history_bytes=0 history_success=0 history_fail=0 x_calls=4 x_bytes=266240 x_success=4 x_fail=0 kb_calls=0 kb_bytes=0 kb_success=0 kb_fail=0 total=4 injected=0 history_level=-1 x_level=1 kb_level=-1 shape_bad=0 x_each_worker_once=1
CASE_PASS m=1040 n=9 sve16_entries=130 expected=130 old_entries=130 packed_entries=0 packed_expected=0
ALLOC_PASS m=1041 n=9 small=1 history_expected=0 history_calls=0 history_bytes=0 history_success=0 history_fail=0 x_calls=4 x_bytes=266496 x_success=4 x_fail=0 kb_calls=0 kb_bytes=0 kb_success=0 kb_fail=0 total=4 injected=0 history_level=-1 x_level=1 kb_level=-1 shape_bad=0 x_each_worker_once=1
CASE_PASS m=1041 n=9 sve16_entries=130 expected=130 old_entries=130 packed_entries=0 packed_expected=0
ALLOCATION_SUMMARY_PASS cases=5 budget_cases=5 shared_injection_cases=3
PASS whole_cases=5 noop_cases=4 non_dyadic_long_double_RHS=1 padding_L_unchanged=1 max_error=1.1102230246251565e-16
TRSM_PREFLIGHT_COMPLETE=1 MICRO_CASES=28 WHOLE_CASES=518 NOOP_CASES=64 OLD_MICRO_CASES=14 PACKED_MICRO_CASES=14 SHARED_FAIL_CASES=83 ALLOCATION_CASES=518 BUDGET_CASES=32 BUDGET_SHARED_INJECTIONS=3
{"allowed_cpu_count": 38, "allowed_cpus": [76, 77, 78, 79, 80, 81, 82, 83, 84, 85, 86, 87, 88, 89, 90, 91, 92, 93, 94, 95, 96, 97, 98, 99, 100, 101, 102, 103, 104, 105, 106, 107, 108, 109, 110, 111, 112, 113], "guard_pass": true, "host": "COMPUTE_NODE_1", "numa_nodes": ["node2"], "scheduler_job_id": "1579730"}
gcc (gcc for openEuler 3.0.2) 12.3.1
Copyright (C) 2022 Free Software Foundation, Inc.
This is free software; see the source for copying conditions.  There is NO
warranty; not even for MERCHANTABILITY or FITNESS FOR A PARTICULAR PURPOSE.

SOURCE_FEATURES_PASS panel16=1 packedL16=1 has_budget=1 history_budget_bytes=4194304
MODE=micro THREADS=1 NARROW_VL=0 EXPECT_SVE16=1 EXPECT_PACKEDL16=1
PASS micro_cases=14 ordered_FMA_bitwise=1 prefix_padding_L_unchanged=1 history_unchanged=1
SOURCE_FEATURES_PASS panel16=1 packedL16=1 has_budget=1 history_budget_bytes=4194304
MODE=packed-micro THREADS=1 NARROW_VL=0 EXPECT_SVE16=1 EXPECT_PACKEDL16=1
PASS packed_micro_cases=14 ordered_FMA_bitwise=1 prefix_padding_L_unchanged=1 history_unchanged=1
SOURCE_FEATURES_PASS panel16=1 packedL16=1 has_budget=1 history_budget_bytes=4194304
MODE=full THREADS=1 NARROW_VL=0 EXPECT_SVE16=1 EXPECT_PACKEDL16=1
ALLOC_PASS m=1 n=1 small=1 history_expected=0 history_calls=0 history_bytes=0 history_success=0 history_fail=0 x_calls=1 x_bytes=64 x_success=1 x_fail=0 kb_calls=0 kb_bytes=0 kb_success=0 kb_fail=0 total=1 injected=0 history_level=-1 x_level=1 kb_level=-1 shape_bad=0 x_each_worker_once=1
CASE_PASS m=1 n=1 sve16_entries=0 expected=0 old_entries=0 packed_entries=0 packed_expected=0
ALLOC_PASS m=1 n=7 small=1 history_expected=0 history_calls=0 history_bytes=0 history_success=0 history_fail=0 x_calls=1 x_bytes=64 x_success=1 x_fail=0 kb_calls=0 kb_bytes=0 kb_success=0 kb_fail=0 total=1 injected=0 history_level=-1 x_level=1 kb_level=-1 shape_bad=0 x_each_worker_once=1
CASE_PASS m=1 n=7 sve16_entries=0 expected=0 old_entries=0 packed_entries=0 packed_expected=0
ALLOC_PASS m=1 n=8 small=1 history_expected=0 history_calls=0 history_bytes=0 history_success=0 history_fail=0 x_calls=1 x_bytes=64 x_success=1 x_fail=0 kb_calls=0 kb_bytes=0 kb_success=0 kb_fail=0 total=1 injected=0 history_level=-1 x_level=1 kb_level=-1 shape_bad=0 x_each_worker_once=1
CASE_PASS m=1 n=8 sve16_entries=0 expected=0 old_entries=0 packed_entries=0 packed_expected=0
ALLOC_PASS m=1 n=9 small=1 history_expected=0 history_calls=0 history_bytes=0 history_success=0 history_fail=0 x_calls=1 x_bytes=64 x_success=1 x_fail=0 kb_calls=0 kb_bytes=0 kb_success=0 kb_fail=0 total=1 injected=0 history_level=-1 x_level=1 kb_level=-1 shape_bad=0 x_each_worker_once=1
CASE_PASS m=1 n=9 sve16_entries=0 expected=0 old_entries=0 packed_entries=0 packed_expected=0
ALLOC_PASS m=1 n=17 small=1 history_expected=0 history_calls=0 history_bytes=0 history_success=0 history_fail=0 x_calls=1 x_bytes=64 x_success=1 x_fail=0 kb_calls=0 kb_bytes=0 kb_success=0 kb_fail=0 total=1 injected=0 history_level=-1 x_level=1 kb_level=-1 shape_bad=0 x_each_worker_once=1
CASE_PASS m=1 n=17 sve16_entries=0 expected=0 old_entries=0 packed_entries=0 packed_expected=0
ALLOC_PASS m=3 n=1 small=1 history_expected=0 history_calls=0 history_bytes=0 history_success=0 history_fail=0 x_calls=1 x_bytes=192 x_success=1 x_fail=0 kb_calls=0 kb_bytes=0 kb_success=0 kb_fail=0 total=1 injected=0 history_level=-1 x_level=1 kb_level=-1 shape_bad=0 x_each_worker_once=1
CASE_PASS m=3 n=1 sve16_entries=0 expected=0 old_entries=0 packed_entries=0 packed_expected=0
ALLOC_PASS m=3 n=7 small=1 history_expected=0 history_calls=0 history_bytes=0 history_success=0 history_fail=0 x_calls=1 x_bytes=192 x_success=1 x_fail=0 kb_calls=0 kb_bytes=0 kb_success=0 kb_fail=0 total=1 injected=0 history_level=-1 x_level=1 kb_level=-1 shape_bad=0 x_each_worker_once=1
CASE_PASS m=3 n=7 sve16_entries=0 expected=0 old_entries=0 packed_entries=0 packed_expected=0
ALLOC_PASS m=3 n=8 small=1 history_expected=0 history_calls=0 history_bytes=0 history_success=0 history_fail=0 x_calls=1 x_bytes=192 x_success=1 x_fail=0 kb_calls=0 kb_bytes=0 kb_success=0 kb_fail=0 total=1 injected=0 history_level=-1 x_level=1 kb_level=-1 shape_bad=0 x_each_worker_once=1
CASE_PASS m=3 n=8 sve16_entries=0 expected=0 old_entries=0 packed_entries=0 packed_expected=0
ALLOC_PASS m=3 n=9 small=1 history_expected=0 history_calls=0 history_bytes=0 history_success=0 history_fail=0 x_calls=1 x_bytes=192 x_success=1 x_fail=0 kb_calls=0 kb_bytes=0 kb_success=0 kb_fail=0 total=1 injected=0 history_level=-1 x_level=1 kb_level=-1 shape_bad=0 x_each_worker_once=1
CASE_PASS m=3 n=9 sve16_entries=0 expected=0 old_entries=0 packed_entries=0 packed_expected=0
ALLOC_PASS m=3 n=17 small=1 history_expected=0 history_calls=0 history_bytes=0 history_success=0 history_fail=0 x_calls=1 x_bytes=192 x_success=1 x_fail=0 kb_calls=0 kb_bytes=0 kb_success=0 kb_fail=0 total=1 injected=0 history_level=-1 x_level=1 kb_level=-1 shape_bad=0 x_each_worker_once=1
CASE_PASS m=3 n=17 sve16_entries=0 expected=0 old_entries=0 packed_entries=0 packed_expected=0
ALLOC_PASS m=4 n=1 small=1 history_expected=0 history_calls=0 history_bytes=0 history_success=0 history_fail=0 x_calls=1 x_bytes=256 x_success=1 x_fail=0 kb_calls=0 kb_bytes=0 kb_success=0 kb_fail=0 total=1 injected=0 history_level=-1 x_level=1 kb_level=-1 shape_bad=0 x_each_worker_once=1
CASE_PASS m=4 n=1 sve16_entries=0 expected=0 old_entries=0 packed_entries=0 packed_expected=0
ALLOC_PASS m=4 n=7 small=1 history_expected=0 history_calls=0 history_bytes=0 history_success=0 history_fail=0 x_calls=1 x_bytes=256 x_success=1 x_fail=0 kb_calls=0 kb_bytes=0 kb_success=0 kb_fail=0 total=1 injected=0 history_level=-1 x_level=1 kb_level=-1 shape_bad=0 x_each_worker_once=1
CASE_PASS m=4 n=7 sve16_entries=0 expected=0 old_entries=0 packed_entries=0 packed_expected=0
ALLOC_PASS m=4 n=8 small=1 history_expected=0 history_calls=0 history_bytes=0 history_success=0 history_fail=0 x_calls=1 x_bytes=256 x_success=1 x_fail=0 kb_calls=0 kb_bytes=0 kb_success=0 kb_fail=0 total=1 injected=0 history_level=-1 x_level=1 kb_level=-1 shape_bad=0 x_each_worker_once=1
CASE_PASS m=4 n=8 sve16_entries=0 expected=0 old_entries=0 packed_entries=0 packed_expected=0
ALLOC_PASS m=4 n=9 small=1 history_expected=0 history_calls=0 history_bytes=0 history_success=0 history_fail=0 x_calls=1 x_bytes=256 x_success=1 x_fail=0 kb_calls=0 kb_bytes=0 kb_success=0 kb_fail=0 total=1 injected=0 history_level=-1 x_level=1 kb_level=-1 shape_bad=0 x_each_worker_once=1
CASE_PASS m=4 n=9 sve16_entries=0 expected=0 old_entries=0 packed_entries=0 packed_expected=0
ALLOC_PASS m=4 n=17 small=1 history_expected=0 history_calls=0 history_bytes=0 history_success=0 history_fail=0 x_calls=1 x_bytes=256 x_success=1 x_fail=0 kb_calls=0 kb_bytes=0 kb_success=0 kb_fail=0 total=1 injected=0 history_level=-1 x_level=1 kb_level=-1 shape_bad=0 x_each_worker_once=1
CASE_PASS m=4 n=17 sve16_entries=0 expected=0 old_entries=0 packed_entries=0 packed_expected=0
ALLOC_PASS m=5 n=1 small=1 history_expected=0 history_calls=0 history_bytes=0 history_success=0 history_fail=0 x_calls=1 x_bytes=320 x_success=1 x_fail=0 kb_calls=0 kb_bytes=0 kb_success=0 kb_fail=0 total=1 injected=0 history_level=-1 x_level=1 kb_level=-1 shape_bad=0 x_each_worker_once=1
CASE_PASS m=5 n=1 sve16_entries=0 expected=0 old_entries=0 packed_entries=0 packed_expected=0
ALLOC_PASS m=5 n=7 small=1 history_expected=0 history_calls=0 history_bytes=0 history_success=0 history_fail=0 x_calls=1 x_bytes=320 x_success=1 x_fail=0 kb_calls=0 kb_bytes=0 kb_success=0 kb_fail=0 total=1 injected=0 history_level=-1 x_level=1 kb_level=-1 shape_bad=0 x_each_worker_once=1
CASE_PASS m=5 n=7 sve16_entries=0 expected=0 old_entries=0 packed_entries=0 packed_expected=0
ALLOC_PASS m=5 n=8 small=1 history_expected=0 history_calls=0 history_bytes=0 history_success=0 history_fail=0 x_calls=1 x_bytes=320 x_success=1 x_fail=0 kb_calls=0 kb_bytes=0 kb_success=0 kb_fail=0 total=1 injected=0 history_level=-1 x_level=1 kb_level=-1 shape_bad=0 x_each_worker_once=1
CASE_PASS m=5 n=8 sve16_entries=0 expected=0 old_entries=0 packed_entries=0 packed_expected=0
ALLOC_PASS m=5 n=9 small=1 history_expected=0 history_calls=0 history_bytes=0 history_success=0 history_fail=0 x_calls=1 x_bytes=320 x_success=1 x_fail=0 kb_calls=0 kb_bytes=0 kb_success=0 kb_fail=0 total=1 injected=0 history_level=-1 x_level=1 kb_level=-1 shape_bad=0 x_each_worker_once=1
CASE_PASS m=5 n=9 sve16_entries=0 expected=0 old_entries=0 packed_entries=0 packed_expected=0
ALLOC_PASS m=5 n=17 small=1 history_expected=0 history_calls=0 history_bytes=0 history_success=0 history_fail=0 x_calls=1 x_bytes=320 x_success=1 x_fail=0 kb_calls=0 kb_bytes=0 kb_success=0 kb_fail=0 total=1 injected=0 history_level=-1 x_level=1 kb_level=-1 shape_bad=0 x_each_worker_once=1
CASE_PASS m=5 n=17 sve16_entries=0 expected=0 old_entries=0 packed_entries=0 packed_expected=0
ALLOC_PASS m=15 n=1 small=1 history_expected=0 history_calls=0 history_bytes=0 history_success=0 history_fail=0 x_calls=1 x_bytes=960 x_success=1 x_fail=0 kb_calls=0 kb_bytes=0 kb_success=0 kb_fail=0 total=1 injected=0 history_level=-1 x_level=1 kb_level=-1 shape_bad=0 x_each_worker_once=1
CASE_PASS m=15 n=1 sve16_entries=0 expected=0 old_entries=0 packed_entries=0 packed_expected=0
ALLOC_PASS m=15 n=7 small=1 history_expected=0 history_calls=0 history_bytes=0 history_success=0 history_fail=0 x_calls=1 x_bytes=960 x_success=1 x_fail=0 kb_calls=0 kb_bytes=0 kb_success=0 kb_fail=0 total=1 injected=0 history_level=-1 x_level=1 kb_level=-1 shape_bad=0 x_each_worker_once=1
CASE_PASS m=15 n=7 sve16_entries=0 expected=0 old_entries=0 packed_entries=0 packed_expected=0
ALLOC_PASS m=15 n=8 small=1 history_expected=0 history_calls=0 history_bytes=0 history_success=0 history_fail=0 x_calls=1 x_bytes=960 x_success=1 x_fail=0 kb_calls=0 kb_bytes=0 kb_success=0 kb_fail=0 total=1 injected=0 history_level=-1 x_level=1 kb_level=-1 shape_bad=0 x_each_worker_once=1
CASE_PASS m=15 n=8 sve16_entries=0 expected=0 old_entries=0 packed_entries=0 packed_expected=0
ALLOC_PASS m=15 n=9 small=1 history_expected=0 history_calls=0 history_bytes=0 history_success=0 history_fail=0 x_calls=1 x_bytes=960 x_success=1 x_fail=0 kb_calls=0 kb_bytes=0 kb_success=0 kb_fail=0 total=1 injected=0 history_level=-1 x_level=1 kb_level=-1 shape_bad=0 x_each_worker_once=1
CASE_PASS m=15 n=9 sve16_entries=0 expected=0 old_entries=0 packed_entries=0 packed_expected=0
ALLOC_PASS m=15 n=17 small=1 history_expected=0 history_calls=0 history_bytes=0 history_success=0 history_fail=0 x_calls=1 x_bytes=960 x_success=1 x_fail=0 kb_calls=0 kb_bytes=0 kb_success=0 kb_fail=0 total=1 injected=0 history_level=-1 x_level=1 kb_level=-1 shape_bad=0 x_each_worker_once=1
CASE_PASS m=15 n=17 sve16_entries=0 expected=0 old_entries=0 packed_entries=0 packed_expected=0
ALLOC_PASS m=16 n=1 small=1 history_expected=0 history_calls=0 history_bytes=0 history_success=0 history_fail=0 x_calls=1 x_bytes=1024 x_success=1 x_fail=0 kb_calls=0 kb_bytes=0 kb_success=0 kb_fail=0 total=1 injected=0 history_level=-1 x_level=1 kb_level=-1 shape_bad=0 x_each_worker_once=1
CASE_PASS m=16 n=1 sve16_entries=1 expected=1 old_entries=1 packed_entries=0 packed_expected=0
ALLOC_PASS m=16 n=7 small=1 history_expected=0 history_calls=0 history_bytes=0 history_success=0 history_fail=0 x_calls=1 x_bytes=1024 x_success=1 x_fail=0 kb_calls=0 kb_bytes=0 kb_success=0 kb_fail=0 total=1 injected=0 history_level=-1 x_level=1 kb_level=-1 shape_bad=0 x_each_worker_once=1
CASE_PASS m=16 n=7 sve16_entries=1 expected=1 old_entries=1 packed_entries=0 packed_expected=0
ALLOC_PASS m=16 n=8 small=1 history_expected=0 history_calls=0 history_bytes=0 history_success=0 history_fail=0 x_calls=1 x_bytes=1024 x_success=1 x_fail=0 kb_calls=0 kb_bytes=0 kb_success=0 kb_fail=0 total=1 injected=0 history_level=-1 x_level=1 kb_level=-1 shape_bad=0 x_each_worker_once=1
CASE_PASS m=16 n=8 sve16_entries=1 expected=1 old_entries=1 packed_entries=0 packed_expected=0
ALLOC_PASS m=16 n=9 small=1 history_expected=0 history_calls=0 history_bytes=0 history_success=0 history_fail=0 x_calls=1 x_bytes=1024 x_success=1 x_fail=0 kb_calls=0 kb_bytes=0 kb_success=0 kb_fail=0 total=1 injected=0 history_level=-1 x_level=1 kb_level=-1 shape_bad=0 x_each_worker_once=1
CASE_PASS m=16 n=9 sve16_entries=2 expected=2 old_entries=2 packed_entries=0 packed_expected=0
ALLOC_PASS m=16 n=17 small=1 history_expected=0 history_calls=0 history_bytes=0 history_success=0 history_fail=0 x_calls=1 x_bytes=1024 x_success=1 x_fail=0 kb_calls=0 kb_bytes=0 kb_success=0 kb_fail=0 total=1 injected=0 history_level=-1 x_level=1 kb_level=-1 shape_bad=0 x_each_worker_once=1
CASE_PASS m=16 n=17 sve16_entries=3 expected=3 old_entries=3 packed_entries=0 packed_expected=0
ALLOC_PASS m=17 n=1 small=1 history_expected=0 history_calls=0 history_bytes=0 history_success=0 history_fail=0 x_calls=1 x_bytes=1088 x_success=1 x_fail=0 kb_calls=0 kb_bytes=0 kb_success=0 kb_fail=0 total=1 injected=0 history_level=-1 x_level=1 kb_level=-1 shape_bad=0 x_each_worker_once=1
CASE_PASS m=17 n=1 sve16_entries=1 expected=1 old_entries=1 packed_entries=0 packed_expected=0
ALLOC_PASS m=17 n=7 small=1 history_expected=0 history_calls=0 history_bytes=0 history_success=0 history_fail=0 x_calls=1 x_bytes=1088 x_success=1 x_fail=0 kb_calls=0 kb_bytes=0 kb_success=0 kb_fail=0 total=1 injected=0 history_level=-1 x_level=1 kb_level=-1 shape_bad=0 x_each_worker_once=1
CASE_PASS m=17 n=7 sve16_entries=1 expected=1 old_entries=1 packed_entries=0 packed_expected=0
ALLOC_PASS m=17 n=8 small=1 history_expected=0 history_calls=0 history_bytes=0 history_success=0 history_fail=0 x_calls=1 x_bytes=1088 x_success=1 x_fail=0 kb_calls=0 kb_bytes=0 kb_success=0 kb_fail=0 total=1 injected=0 history_level=-1 x_level=1 kb_level=-1 shape_bad=0 x_each_worker_once=1
CASE_PASS m=17 n=8 sve16_entries=1 expected=1 old_entries=1 packed_entries=0 packed_expected=0
ALLOC_PASS m=17 n=9 small=1 history_expected=0 history_calls=0 history_bytes=0 history_success=0 history_fail=0 x_calls=1 x_bytes=1088 x_success=1 x_fail=0 kb_calls=0 kb_bytes=0 kb_success=0 kb_fail=0 total=1 injected=0 history_level=-1 x_level=1 kb_level=-1 shape_bad=0 x_each_worker_once=1
CASE_PASS m=17 n=9 sve16_entries=2 expected=2 old_entries=2 packed_entries=0 packed_expected=0
ALLOC_PASS m=17 n=17 small=1 history_expected=0 history_calls=0 history_bytes=0 history_success=0 history_fail=0 x_calls=1 x_bytes=1088 x_success=1 x_fail=0 kb_calls=0 kb_bytes=0 kb_success=0 kb_fail=0 total=1 injected=0 history_level=-1 x_level=1 kb_level=-1 shape_bad=0 x_each_worker_once=1
CASE_PASS m=17 n=17 sve16_entries=3 expected=3 old_entries=3 packed_entries=0 packed_expected=0
ALLOC_PASS m=31 n=1 small=1 history_expected=0 history_calls=0 history_bytes=0 history_success=0 history_fail=0 x_calls=1 x_bytes=1984 x_success=1 x_fail=0 kb_calls=0 kb_bytes=0 kb_success=0 kb_fail=0 total=1 injected=0 history_level=-1 x_level=1 kb_level=-1 shape_bad=0 x_each_worker_once=1
CASE_PASS m=31 n=1 sve16_entries=1 expected=1 old_entries=1 packed_entries=0 packed_expected=0
ALLOC_PASS m=31 n=7 small=1 history_expected=0 history_calls=0 history_bytes=0 history_success=0 history_fail=0 x_calls=1 x_bytes=1984 x_success=1 x_fail=0 kb_calls=0 kb_bytes=0 kb_success=0 kb_fail=0 total=1 injected=0 history_level=-1 x_level=1 kb_level=-1 shape_bad=0 x_each_worker_once=1
CASE_PASS m=31 n=7 sve16_entries=1 expected=1 old_entries=1 packed_entries=0 packed_expected=0
ALLOC_PASS m=31 n=8 small=1 history_expected=0 history_calls=0 history_bytes=0 history_success=0 history_fail=0 x_calls=1 x_bytes=1984 x_success=1 x_fail=0 kb_calls=0 kb_bytes=0 kb_success=0 kb_fail=0 total=1 injected=0 history_level=-1 x_level=1 kb_level=-1 shape_bad=0 x_each_worker_once=1
CASE_PASS m=31 n=8 sve16_entries=1 expected=1 old_entries=1 packed_entries=0 packed_expected=0
ALLOC_PASS m=31 n=9 small=1 history_expected=0 history_calls=0 history_bytes=0 history_success=0 history_fail=0 x_calls=1 x_bytes=1984 x_success=1 x_fail=0 kb_calls=0 kb_bytes=0 kb_success=0 kb_fail=0 total=1 injected=0 history_level=-1 x_level=1 kb_level=-1 shape_bad=0 x_each_worker_once=1
CASE_PASS m=31 n=9 sve16_entries=2 expected=2 old_entries=2 packed_entries=0 packed_expected=0
ALLOC_PASS m=31 n=17 small=1 history_expected=0 history_calls=0 history_bytes=0 history_success=0 history_fail=0 x_calls=1 x_bytes=1984 x_success=1 x_fail=0 kb_calls=0 kb_bytes=0 kb_success=0 kb_fail=0 total=1 injected=0 history_level=-1 x_level=1 kb_level=-1 shape_bad=0 x_each_worker_once=1
CASE_PASS m=31 n=17 sve16_entries=3 expected=3 old_entries=3 packed_entries=0 packed_expected=0
ALLOC_PASS m=32 n=1 small=1 history_expected=1 history_calls=1 history_bytes=2048 history_success=1 history_fail=0 x_calls=1 x_bytes=2048 x_success=1 x_fail=0 kb_calls=0 kb_bytes=0 kb_success=0 kb_fail=0 total=2 injected=0 history_level=0 x_level=1 kb_level=-1 shape_bad=0 x_each_worker_once=1
CASE_PASS m=32 n=1 sve16_entries=2 expected=2 old_entries=1 packed_entries=1 packed_expected=1
ALLOC_PASS m=32 n=7 small=1 history_expected=1 history_calls=1 history_bytes=2048 history_success=1 history_fail=0 x_calls=1 x_bytes=2048 x_success=1 x_fail=0 kb_calls=0 kb_bytes=0 kb_success=0 kb_fail=0 total=2 injected=0 history_level=0 x_level=1 kb_level=-1 shape_bad=0 x_each_worker_once=1
CASE_PASS m=32 n=7 sve16_entries=2 expected=2 old_entries=1 packed_entries=1 packed_expected=1
ALLOC_PASS m=32 n=8 small=1 history_expected=1 history_calls=1 history_bytes=2048 history_success=1 history_fail=0 x_calls=1 x_bytes=2048 x_success=1 x_fail=0 kb_calls=0 kb_bytes=0 kb_success=0 kb_fail=0 total=2 injected=0 history_level=0 x_level=1 kb_level=-1 shape_bad=0 x_each_worker_once=1
CASE_PASS m=32 n=8 sve16_entries=2 expected=2 old_entries=1 packed_entries=1 packed_expected=1
ALLOC_PASS m=32 n=9 small=1 history_expected=1 history_calls=1 history_bytes=2048 history_success=1 history_fail=0 x_calls=1 x_bytes=2048 x_success=1 x_fail=0 kb_calls=0 kb_bytes=0 kb_success=0 kb_fail=0 total=2 injected=0 history_level=0 x_level=1 kb_level=-1 shape_bad=0 x_each_worker_once=1
CASE_PASS m=32 n=9 sve16_entries=4 expected=4 old_entries=2 packed_entries=2 packed_expected=2
ALLOC_PASS m=32 n=17 small=1 history_expected=1 history_calls=1 history_bytes=2048 history_success=1 history_fail=0 x_calls=1 x_bytes=2048 x_success=1 x_fail=0 kb_calls=0 kb_bytes=0 kb_success=0 kb_fail=0 total=2 injected=0 history_level=0 x_level=1 kb_level=-1 shape_bad=0 x_each_worker_once=1
CASE_PASS m=32 n=17 sve16_entries=6 expected=6 old_entries=3 packed_entries=3 packed_expected=3
ALLOC_PASS m=33 n=1 small=1 history_expected=1 history_calls=1 history_bytes=2048 history_success=1 history_fail=0 x_calls=1 x_bytes=2112 x_success=1 x_fail=0 kb_calls=0 kb_bytes=0 kb_success=0 kb_fail=0 total=2 injected=0 history_level=0 x_level=1 kb_level=-1 shape_bad=0 x_each_worker_once=1
CASE_PASS m=33 n=1 sve16_entries=2 expected=2 old_entries=1 packed_entries=1 packed_expected=1
ALLOC_PASS m=33 n=7 small=1 history_expected=1 history_calls=1 history_bytes=2048 history_success=1 history_fail=0 x_calls=1 x_bytes=2112 x_success=1 x_fail=0 kb_calls=0 kb_bytes=0 kb_success=0 kb_fail=0 total=2 injected=0 history_level=0 x_level=1 kb_level=-1 shape_bad=0 x_each_worker_once=1
CASE_PASS m=33 n=7 sve16_entries=2 expected=2 old_entries=1 packed_entries=1 packed_expected=1
ALLOC_PASS m=33 n=8 small=1 history_expected=1 history_calls=1 history_bytes=2048 history_success=1 history_fail=0 x_calls=1 x_bytes=2112 x_success=1 x_fail=0 kb_calls=0 kb_bytes=0 kb_success=0 kb_fail=0 total=2 injected=0 history_level=0 x_level=1 kb_level=-1 shape_bad=0 x_each_worker_once=1
CASE_PASS m=33 n=8 sve16_entries=2 expected=2 old_entries=1 packed_entries=1 packed_expected=1
ALLOC_PASS m=33 n=9 small=1 history_expected=1 history_calls=1 history_bytes=2048 history_success=1 history_fail=0 x_calls=1 x_bytes=2112 x_success=1 x_fail=0 kb_calls=0 kb_bytes=0 kb_success=0 kb_fail=0 total=2 injected=0 history_level=0 x_level=1 kb_level=-1 shape_bad=0 x_each_worker_once=1
CASE_PASS m=33 n=9 sve16_entries=4 expected=4 old_entries=2 packed_entries=2 packed_expected=2
ALLOC_PASS m=33 n=17 small=1 history_expected=1 history_calls=1 history_bytes=2048 history_success=1 history_fail=0 x_calls=1 x_bytes=2112 x_success=1 x_fail=0 kb_calls=0 kb_bytes=0 kb_success=0 kb_fail=0 total=2 injected=0 history_level=0 x_level=1 kb_level=-1 shape_bad=0 x_each_worker_once=1
CASE_PASS m=33 n=17 sve16_entries=6 expected=6 old_entries=3 packed_entries=3 packed_expected=3
ALLOC_PASS m=63 n=1 small=1 history_expected=1 history_calls=1 history_bytes=6144 history_success=1 history_fail=0 x_calls=1 x_bytes=4032 x_success=1 x_fail=0 kb_calls=0 kb_bytes=0 kb_success=0 kb_fail=0 total=2 injected=0 history_level=0 x_level=1 kb_level=-1 shape_bad=0 x_each_worker_once=1
CASE_PASS m=63 n=1 sve16_entries=3 expected=3 old_entries=1 packed_entries=2 packed_expected=2
ALLOC_PASS m=63 n=7 small=1 history_expected=1 history_calls=1 history_bytes=6144 history_success=1 history_fail=0 x_calls=1 x_bytes=4032 x_success=1 x_fail=0 kb_calls=0 kb_bytes=0 kb_success=0 kb_fail=0 total=2 injected=0 history_level=0 x_level=1 kb_level=-1 shape_bad=0 x_each_worker_once=1
CASE_PASS m=63 n=7 sve16_entries=3 expected=3 old_entries=1 packed_entries=2 packed_expected=2
ALLOC_PASS m=63 n=8 small=1 history_expected=1 history_calls=1 history_bytes=6144 history_success=1 history_fail=0 x_calls=1 x_bytes=4032 x_success=1 x_fail=0 kb_calls=0 kb_bytes=0 kb_success=0 kb_fail=0 total=2 injected=0 history_level=0 x_level=1 kb_level=-1 shape_bad=0 x_each_worker_once=1
CASE_PASS m=63 n=8 sve16_entries=3 expected=3 old_entries=1 packed_entries=2 packed_expected=2
ALLOC_PASS m=63 n=9 small=1 history_expected=1 history_calls=1 history_bytes=6144 history_success=1 history_fail=0 x_calls=1 x_bytes=4032 x_success=1 x_fail=0 kb_calls=0 kb_bytes=0 kb_success=0 kb_fail=0 total=2 injected=0 history_level=0 x_level=1 kb_level=-1 shape_bad=0 x_each_worker_once=1
CASE_PASS m=63 n=9 sve16_entries=6 expected=6 old_entries=2 packed_entries=4 packed_expected=4
ALLOC_PASS m=63 n=17 small=1 history_expected=1 history_calls=1 history_bytes=6144 history_success=1 history_fail=0 x_calls=1 x_bytes=4032 x_success=1 x_fail=0 kb_calls=0 kb_bytes=0 kb_success=0 kb_fail=0 total=2 injected=0 history_level=0 x_level=1 kb_level=-1 shape_bad=0 x_each_worker_once=1
CASE_PASS m=63 n=17 sve16_entries=9 expected=9 old_entries=3 packed_entries=6 packed_expected=6
ALLOC_PASS m=64 n=1 small=1 history_expected=1 history_calls=1 history_bytes=12288 history_success=1 history_fail=0 x_calls=1 x_bytes=4096 x_success=1 x_fail=0 kb_calls=0 kb_bytes=0 kb_success=0 kb_fail=0 total=2 injected=0 history_level=0 x_level=1 kb_level=-1 shape_bad=0 x_each_worker_once=1
CASE_PASS m=64 n=1 sve16_entries=4 expected=4 old_entries=1 packed_entries=3 packed_expected=3
ALLOC_PASS m=64 n=7 small=1 history_expected=1 history_calls=1 history_bytes=12288 history_success=1 history_fail=0 x_calls=1 x_bytes=4096 x_success=1 x_fail=0 kb_calls=0 kb_bytes=0 kb_success=0 kb_fail=0 total=2 injected=0 history_level=0 x_level=1 kb_level=-1 shape_bad=0 x_each_worker_once=1
CASE_PASS m=64 n=7 sve16_entries=4 expected=4 old_entries=1 packed_entries=3 packed_expected=3
ALLOC_PASS m=64 n=8 small=1 history_expected=1 history_calls=1 history_bytes=12288 history_success=1 history_fail=0 x_calls=1 x_bytes=4096 x_success=1 x_fail=0 kb_calls=0 kb_bytes=0 kb_success=0 kb_fail=0 total=2 injected=0 history_level=0 x_level=1 kb_level=-1 shape_bad=0 x_each_worker_once=1
CASE_PASS m=64 n=8 sve16_entries=4 expected=4 old_entries=1 packed_entries=3 packed_expected=3
ALLOC_PASS m=64 n=9 small=1 history_expected=1 history_calls=1 history_bytes=12288 history_success=1 history_fail=0 x_calls=1 x_bytes=4096 x_success=1 x_fail=0 kb_calls=0 kb_bytes=0 kb_success=0 kb_fail=0 total=2 injected=0 history_level=0 x_level=1 kb_level=-1 shape_bad=0 x_each_worker_once=1
CASE_PASS m=64 n=9 sve16_entries=8 expected=8 old_entries=2 packed_entries=6 packed_expected=6
ALLOC_PASS m=64 n=17 small=1 history_expected=1 history_calls=1 history_bytes=12288 history_success=1 history_fail=0 x_calls=1 x_bytes=4096 x_success=1 x_fail=0 kb_calls=0 kb_bytes=0 kb_success=0 kb_fail=0 total=2 injected=0 history_level=0 x_level=1 kb_level=-1 shape_bad=0 x_each_worker_once=1
CASE_PASS m=64 n=17 sve16_entries=12 expected=12 old_entries=3 packed_entries=9 packed_expected=9
ALLOC_PASS m=65 n=1 small=1 history_expected=1 history_calls=1 history_bytes=12288 history_success=1 history_fail=0 x_calls=1 x_bytes=4160 x_success=1 x_fail=0 kb_calls=0 kb_bytes=0 kb_success=0 kb_fail=0 total=2 injected=0 history_level=0 x_level=1 kb_level=-1 shape_bad=0 x_each_worker_once=1
CASE_PASS m=65 n=1 sve16_entries=4 expected=4 old_entries=1 packed_entries=3 packed_expected=3
ALLOC_PASS m=65 n=7 small=1 history_expected=1 history_calls=1 history_bytes=12288 history_success=1 history_fail=0 x_calls=1 x_bytes=4160 x_success=1 x_fail=0 kb_calls=0 kb_bytes=0 kb_success=0 kb_fail=0 total=2 injected=0 history_level=0 x_level=1 kb_level=-1 shape_bad=0 x_each_worker_once=1
CASE_PASS m=65 n=7 sve16_entries=4 expected=4 old_entries=1 packed_entries=3 packed_expected=3
ALLOC_PASS m=65 n=8 small=1 history_expected=1 history_calls=1 history_bytes=12288 history_success=1 history_fail=0 x_calls=1 x_bytes=4160 x_success=1 x_fail=0 kb_calls=0 kb_bytes=0 kb_success=0 kb_fail=0 total=2 injected=0 history_level=0 x_level=1 kb_level=-1 shape_bad=0 x_each_worker_once=1
CASE_PASS m=65 n=8 sve16_entries=4 expected=4 old_entries=1 packed_entries=3 packed_expected=3
ALLOC_PASS m=65 n=9 small=1 history_expected=1 history_calls=1 history_bytes=12288 history_success=1 history_fail=0 x_calls=1 x_bytes=4160 x_success=1 x_fail=0 kb_calls=0 kb_bytes=0 kb_success=0 kb_fail=0 total=2 injected=0 history_level=0 x_level=1 kb_level=-1 shape_bad=0 x_each_worker_once=1
CASE_PASS m=65 n=9 sve16_entries=8 expected=8 old_entries=2 packed_entries=6 packed_expected=6
ALLOC_PASS m=65 n=17 small=1 history_expected=1 history_calls=1 history_bytes=12288 history_success=1 history_fail=0 x_calls=1 x_bytes=4160 x_success=1 x_fail=0 kb_calls=0 kb_bytes=0 kb_success=0 kb_fail=0 total=2 injected=0 history_level=0 x_level=1 kb_level=-1 shape_bad=0 x_each_worker_once=1
CASE_PASS m=65 n=17 sve16_entries=12 expected=12 old_entries=3 packed_entries=9 packed_expected=9
ALLOC_PASS m=255 n=1 small=1 history_expected=1 history_calls=1 history_bytes=215040 history_success=1 history_fail=0 x_calls=1 x_bytes=16320 x_success=1 x_fail=0 kb_calls=0 kb_bytes=0 kb_success=0 kb_fail=0 total=2 injected=0 history_level=0 x_level=1 kb_level=-1 shape_bad=0 x_each_worker_once=1
CASE_PASS m=255 n=1 sve16_entries=15 expected=15 old_entries=1 packed_entries=14 packed_expected=14
ALLOC_PASS m=255 n=7 small=1 history_expected=1 history_calls=1 history_bytes=215040 history_success=1 history_fail=0 x_calls=1 x_bytes=16320 x_success=1 x_fail=0 kb_calls=0 kb_bytes=0 kb_success=0 kb_fail=0 total=2 injected=0 history_level=0 x_level=1 kb_level=-1 shape_bad=0 x_each_worker_once=1
CASE_PASS m=255 n=7 sve16_entries=15 expected=15 old_entries=1 packed_entries=14 packed_expected=14
ALLOC_PASS m=255 n=8 small=1 history_expected=1 history_calls=1 history_bytes=215040 history_success=1 history_fail=0 x_calls=1 x_bytes=16320 x_success=1 x_fail=0 kb_calls=0 kb_bytes=0 kb_success=0 kb_fail=0 total=2 injected=0 history_level=0 x_level=1 kb_level=-1 shape_bad=0 x_each_worker_once=1
CASE_PASS m=255 n=8 sve16_entries=15 expected=15 old_entries=1 packed_entries=14 packed_expected=14
ALLOC_PASS m=255 n=9 small=1 history_expected=1 history_calls=1 history_bytes=215040 history_success=1 history_fail=0 x_calls=1 x_bytes=16320 x_success=1 x_fail=0 kb_calls=0 kb_bytes=0 kb_success=0 kb_fail=0 total=2 injected=0 history_level=0 x_level=1 kb_level=-1 shape_bad=0 x_each_worker_once=1
CASE_PASS m=255 n=9 sve16_entries=30 expected=30 old_entries=2 packed_entries=28 packed_expected=28
ALLOC_PASS m=255 n=17 small=1 history_expected=1 history_calls=1 history_bytes=215040 history_success=1 history_fail=0 x_calls=1 x_bytes=16320 x_success=1 x_fail=0 kb_calls=0 kb_bytes=0 kb_success=0 kb_fail=0 total=2 injected=0 history_level=0 x_level=1 kb_level=-1 shape_bad=0 x_each_worker_once=1
CASE_PASS m=255 n=17 sve16_entries=45 expected=45 old_entries=3 packed_entries=42 packed_expected=42
ALLOC_PASS m=256 n=1 small=1 history_expected=1 history_calls=1 history_bytes=245760 history_success=1 history_fail=0 x_calls=1 x_bytes=16384 x_success=1 x_fail=0 kb_calls=0 kb_bytes=0 kb_success=0 kb_fail=0 total=2 injected=0 history_level=0 x_level=1 kb_level=-1 shape_bad=0 x_each_worker_once=1
CASE_PASS m=256 n=1 sve16_entries=16 expected=16 old_entries=1 packed_entries=15 packed_expected=15
ALLOC_PASS m=256 n=7 small=1 history_expected=1 history_calls=1 history_bytes=245760 history_success=1 history_fail=0 x_calls=1 x_bytes=16384 x_success=1 x_fail=0 kb_calls=0 kb_bytes=0 kb_success=0 kb_fail=0 total=2 injected=0 history_level=0 x_level=1 kb_level=-1 shape_bad=0 x_each_worker_once=1
CASE_PASS m=256 n=7 sve16_entries=16 expected=16 old_entries=1 packed_entries=15 packed_expected=15
ALLOC_PASS m=256 n=8 small=1 history_expected=1 history_calls=1 history_bytes=245760 history_success=1 history_fail=0 x_calls=1 x_bytes=16384 x_success=1 x_fail=0 kb_calls=0 kb_bytes=0 kb_success=0 kb_fail=0 total=2 injected=0 history_level=0 x_level=1 kb_level=-1 shape_bad=0 x_each_worker_once=1
CASE_PASS m=256 n=8 sve16_entries=16 expected=16 old_entries=1 packed_entries=15 packed_expected=15
ALLOC_PASS m=256 n=9 small=1 history_expected=1 history_calls=1 history_bytes=245760 history_success=1 history_fail=0 x_calls=1 x_bytes=16384 x_success=1 x_fail=0 kb_calls=0 kb_bytes=0 kb_success=0 kb_fail=0 total=2 injected=0 history_level=0 x_level=1 kb_level=-1 shape_bad=0 x_each_worker_once=1
CASE_PASS m=256 n=9 sve16_entries=32 expected=32 old_entries=2 packed_entries=30 packed_expected=30
ALLOC_PASS m=256 n=17 small=1 history_expected=1 history_calls=1 history_bytes=245760 history_success=1 history_fail=0 x_calls=1 x_bytes=16384 x_success=1 x_fail=0 kb_calls=0 kb_bytes=0 kb_success=0 kb_fail=0 total=2 injected=0 history_level=0 x_level=1 kb_level=-1 shape_bad=0 x_each_worker_once=1
CASE_PASS m=256 n=17 sve16_entries=48 expected=48 old_entries=3 packed_entries=45 packed_expected=45
ALLOC_PASS m=257 n=1 small=1 history_expected=1 history_calls=1 history_bytes=245760 history_success=1 history_fail=0 x_calls=1 x_bytes=16448 x_success=1 x_fail=0 kb_calls=0 kb_bytes=0 kb_success=0 kb_fail=0 total=2 injected=0 history_level=0 x_level=1 kb_level=-1 shape_bad=0 x_each_worker_once=1
CASE_PASS m=257 n=1 sve16_entries=16 expected=16 old_entries=1 packed_entries=15 packed_expected=15
ALLOC_PASS m=257 n=7 small=1 history_expected=1 history_calls=1 history_bytes=245760 history_success=1 history_fail=0 x_calls=1 x_bytes=16448 x_success=1 x_fail=0 kb_calls=0 kb_bytes=0 kb_success=0 kb_fail=0 total=2 injected=0 history_level=0 x_level=1 kb_level=-1 shape_bad=0 x_each_worker_once=1
CASE_PASS m=257 n=7 sve16_entries=16 expected=16 old_entries=1 packed_entries=15 packed_expected=15
ALLOC_PASS m=257 n=8 small=1 history_expected=1 history_calls=1 history_bytes=245760 history_success=1 history_fail=0 x_calls=1 x_bytes=16448 x_success=1 x_fail=0 kb_calls=0 kb_bytes=0 kb_success=0 kb_fail=0 total=2 injected=0 history_level=0 x_level=1 kb_level=-1 shape_bad=0 x_each_worker_once=1
CASE_PASS m=257 n=8 sve16_entries=16 expected=16 old_entries=1 packed_entries=15 packed_expected=15
ALLOC_PASS m=257 n=9 small=1 history_expected=1 history_calls=1 history_bytes=245760 history_success=1 history_fail=0 x_calls=1 x_bytes=16448 x_success=1 x_fail=0 kb_calls=0 kb_bytes=0 kb_success=0 kb_fail=0 total=2 injected=0 history_level=0 x_level=1 kb_level=-1 shape_bad=0 x_each_worker_once=1
CASE_PASS m=257 n=9 sve16_entries=32 expected=32 old_entries=2 packed_entries=30 packed_expected=30
ALLOC_PASS m=257 n=17 small=1 history_expected=1 history_calls=1 history_bytes=245760 history_success=1 history_fail=0 x_calls=1 x_bytes=16448 x_success=1 x_fail=0 kb_calls=0 kb_bytes=0 kb_success=0 kb_fail=0 total=2 injected=0 history_level=0 x_level=1 kb_level=-1 shape_bad=0 x_each_worker_once=1
CASE_PASS m=257 n=17 sve16_entries=48 expected=48 old_entries=3 packed_entries=45 packed_expected=45
ALLOCATION_SUMMARY_PASS cases=80 budget_cases=0 shared_injection_cases=0
PASS whole_cases=80 noop_cases=4 non_dyadic_long_double_RHS=1 padding_L_unchanged=1 max_error=1.1102230246251565e-16
SOURCE_FEATURES_PASS panel16=1 packedL16=1 has_budget=1 history_budget_bytes=4194304
MODE=full THREADS=4 NARROW_VL=0 EXPECT_SVE16=1 EXPECT_PACKEDL16=1
ALLOC_PASS m=1 n=1 small=1 history_expected=0 history_calls=0 history_bytes=0 history_success=0 history_fail=0 x_calls=4 x_bytes=256 x_success=4 x_fail=0 kb_calls=0 kb_bytes=0 kb_success=0 kb_fail=0 total=4 injected=0 history_level=-1 x_level=1 kb_level=-1 shape_bad=0 x_each_worker_once=1
CASE_PASS m=1 n=1 sve16_entries=0 expected=0 old_entries=0 packed_entries=0 packed_expected=0
ALLOC_PASS m=1 n=7 small=1 history_expected=0 history_calls=0 history_bytes=0 history_success=0 history_fail=0 x_calls=4 x_bytes=256 x_success=4 x_fail=0 kb_calls=0 kb_bytes=0 kb_success=0 kb_fail=0 total=4 injected=0 history_level=-1 x_level=1 kb_level=-1 shape_bad=0 x_each_worker_once=1
CASE_PASS m=1 n=7 sve16_entries=0 expected=0 old_entries=0 packed_entries=0 packed_expected=0
ALLOC_PASS m=1 n=8 small=1 history_expected=0 history_calls=0 history_bytes=0 history_success=0 history_fail=0 x_calls=4 x_bytes=256 x_success=4 x_fail=0 kb_calls=0 kb_bytes=0 kb_success=0 kb_fail=0 total=4 injected=0 history_level=-1 x_level=1 kb_level=-1 shape_bad=0 x_each_worker_once=1
CASE_PASS m=1 n=8 sve16_entries=0 expected=0 old_entries=0 packed_entries=0 packed_expected=0
ALLOC_PASS m=1 n=9 small=1 history_expected=0 history_calls=0 history_bytes=0 history_success=0 history_fail=0 x_calls=4 x_bytes=256 x_success=4 x_fail=0 kb_calls=0 kb_bytes=0 kb_success=0 kb_fail=0 total=4 injected=0 history_level=-1 x_level=1 kb_level=-1 shape_bad=0 x_each_worker_once=1
CASE_PASS m=1 n=9 sve16_entries=0 expected=0 old_entries=0 packed_entries=0 packed_expected=0
ALLOC_PASS m=1 n=17 small=1 history_expected=0 history_calls=0 history_bytes=0 history_success=0 history_fail=0 x_calls=4 x_bytes=256 x_success=4 x_fail=0 kb_calls=0 kb_bytes=0 kb_success=0 kb_fail=0 total=4 injected=0 history_level=-1 x_level=1 kb_level=-1 shape_bad=0 x_each_worker_once=1
CASE_PASS m=1 n=17 sve16_entries=0 expected=0 old_entries=0 packed_entries=0 packed_expected=0
ALLOC_PASS m=3 n=1 small=1 history_expected=0 history_calls=0 history_bytes=0 history_success=0 history_fail=0 x_calls=4 x_bytes=768 x_success=4 x_fail=0 kb_calls=0 kb_bytes=0 kb_success=0 kb_fail=0 total=4 injected=0 history_level=-1 x_level=1 kb_level=-1 shape_bad=0 x_each_worker_once=1
CASE_PASS m=3 n=1 sve16_entries=0 expected=0 old_entries=0 packed_entries=0 packed_expected=0
ALLOC_PASS m=3 n=7 small=1 history_expected=0 history_calls=0 history_bytes=0 history_success=0 history_fail=0 x_calls=4 x_bytes=768 x_success=4 x_fail=0 kb_calls=0 kb_bytes=0 kb_success=0 kb_fail=0 total=4 injected=0 history_level=-1 x_level=1 kb_level=-1 shape_bad=0 x_each_worker_once=1
CASE_PASS m=3 n=7 sve16_entries=0 expected=0 old_entries=0 packed_entries=0 packed_expected=0
ALLOC_PASS m=3 n=8 small=1 history_expected=0 history_calls=0 history_bytes=0 history_success=0 history_fail=0 x_calls=4 x_bytes=768 x_success=4 x_fail=0 kb_calls=0 kb_bytes=0 kb_success=0 kb_fail=0 total=4 injected=0 history_level=-1 x_level=1 kb_level=-1 shape_bad=0 x_each_worker_once=1
CASE_PASS m=3 n=8 sve16_entries=0 expected=0 old_entries=0 packed_entries=0 packed_expected=0
ALLOC_PASS m=3 n=9 small=1 history_expected=0 history_calls=0 history_bytes=0 history_success=0 history_fail=0 x_calls=4 x_bytes=768 x_success=4 x_fail=0 kb_calls=0 kb_bytes=0 kb_success=0 kb_fail=0 total=4 injected=0 history_level=-1 x_level=1 kb_level=-1 shape_bad=0 x_each_worker_once=1
CASE_PASS m=3 n=9 sve16_entries=0 expected=0 old_entries=0 packed_entries=0 packed_expected=0
ALLOC_PASS m=3 n=17 small=1 history_expected=0 history_calls=0 history_bytes=0 history_success=0 history_fail=0 x_calls=4 x_bytes=768 x_success=4 x_fail=0 kb_calls=0 kb_bytes=0 kb_success=0 kb_fail=0 total=4 injected=0 history_level=-1 x_level=1 kb_level=-1 shape_bad=0 x_each_worker_once=1
CASE_PASS m=3 n=17 sve16_entries=0 expected=0 old_entries=0 packed_entries=0 packed_expected=0
ALLOC_PASS m=4 n=1 small=1 history_expected=0 history_calls=0 history_bytes=0 history_success=0 history_fail=0 x_calls=4 x_bytes=1024 x_success=4 x_fail=0 kb_calls=0 kb_bytes=0 kb_success=0 kb_fail=0 total=4 injected=0 history_level=-1 x_level=1 kb_level=-1 shape_bad=0 x_each_worker_once=1
CASE_PASS m=4 n=1 sve16_entries=0 expected=0 old_entries=0 packed_entries=0 packed_expected=0
ALLOC_PASS m=4 n=7 small=1 history_expected=0 history_calls=0 history_bytes=0 history_success=0 history_fail=0 x_calls=4 x_bytes=1024 x_success=4 x_fail=0 kb_calls=0 kb_bytes=0 kb_success=0 kb_fail=0 total=4 injected=0 history_level=-1 x_level=1 kb_level=-1 shape_bad=0 x_each_worker_once=1
CASE_PASS m=4 n=7 sve16_entries=0 expected=0 old_entries=0 packed_entries=0 packed_expected=0
ALLOC_PASS m=4 n=8 small=1 history_expected=0 history_calls=0 history_bytes=0 history_success=0 history_fail=0 x_calls=4 x_bytes=1024 x_success=4 x_fail=0 kb_calls=0 kb_bytes=0 kb_success=0 kb_fail=0 total=4 injected=0 history_level=-1 x_level=1 kb_level=-1 shape_bad=0 x_each_worker_once=1
CASE_PASS m=4 n=8 sve16_entries=0 expected=0 old_entries=0 packed_entries=0 packed_expected=0
ALLOC_PASS m=4 n=9 small=1 history_expected=0 history_calls=0 history_bytes=0 history_success=0 history_fail=0 x_calls=4 x_bytes=1024 x_success=4 x_fail=0 kb_calls=0 kb_bytes=0 kb_success=0 kb_fail=0 total=4 injected=0 history_level=-1 x_level=1 kb_level=-1 shape_bad=0 x_each_worker_once=1
CASE_PASS m=4 n=9 sve16_entries=0 expected=0 old_entries=0 packed_entries=0 packed_expected=0
ALLOC_PASS m=4 n=17 small=1 history_expected=0 history_calls=0 history_bytes=0 history_success=0 history_fail=0 x_calls=4 x_bytes=1024 x_success=4 x_fail=0 kb_calls=0 kb_bytes=0 kb_success=0 kb_fail=0 total=4 injected=0 history_level=-1 x_level=1 kb_level=-1 shape_bad=0 x_each_worker_once=1
CASE_PASS m=4 n=17 sve16_entries=0 expected=0 old_entries=0 packed_entries=0 packed_expected=0
ALLOC_PASS m=5 n=1 small=1 history_expected=0 history_calls=0 history_bytes=0 history_success=0 history_fail=0 x_calls=4 x_bytes=1280 x_success=4 x_fail=0 kb_calls=0 kb_bytes=0 kb_success=0 kb_fail=0 total=4 injected=0 history_level=-1 x_level=1 kb_level=-1 shape_bad=0 x_each_worker_once=1
CASE_PASS m=5 n=1 sve16_entries=0 expected=0 old_entries=0 packed_entries=0 packed_expected=0
ALLOC_PASS m=5 n=7 small=1 history_expected=0 history_calls=0 history_bytes=0 history_success=0 history_fail=0 x_calls=4 x_bytes=1280 x_success=4 x_fail=0 kb_calls=0 kb_bytes=0 kb_success=0 kb_fail=0 total=4 injected=0 history_level=-1 x_level=1 kb_level=-1 shape_bad=0 x_each_worker_once=1
CASE_PASS m=5 n=7 sve16_entries=0 expected=0 old_entries=0 packed_entries=0 packed_expected=0
ALLOC_PASS m=5 n=8 small=1 history_expected=0 history_calls=0 history_bytes=0 history_success=0 history_fail=0 x_calls=4 x_bytes=1280 x_success=4 x_fail=0 kb_calls=0 kb_bytes=0 kb_success=0 kb_fail=0 total=4 injected=0 history_level=-1 x_level=1 kb_level=-1 shape_bad=0 x_each_worker_once=1
CASE_PASS m=5 n=8 sve16_entries=0 expected=0 old_entries=0 packed_entries=0 packed_expected=0
ALLOC_PASS m=5 n=9 small=1 history_expected=0 history_calls=0 history_bytes=0 history_success=0 history_fail=0 x_calls=4 x_bytes=1280 x_success=4 x_fail=0 kb_calls=0 kb_bytes=0 kb_success=0 kb_fail=0 total=4 injected=0 history_level=-1 x_level=1 kb_level=-1 shape_bad=0 x_each_worker_once=1
CASE_PASS m=5 n=9 sve16_entries=0 expected=0 old_entries=0 packed_entries=0 packed_expected=0
ALLOC_PASS m=5 n=17 small=1 history_expected=0 history_calls=0 history_bytes=0 history_success=0 history_fail=0 x_calls=4 x_bytes=1280 x_success=4 x_fail=0 kb_calls=0 kb_bytes=0 kb_success=0 kb_fail=0 total=4 injected=0 history_level=-1 x_level=1 kb_level=-1 shape_bad=0 x_each_worker_once=1
CASE_PASS m=5 n=17 sve16_entries=0 expected=0 old_entries=0 packed_entries=0 packed_expected=0
ALLOC_PASS m=15 n=1 small=1 history_expected=0 history_calls=0 history_bytes=0 history_success=0 history_fail=0 x_calls=4 x_bytes=3840 x_success=4 x_fail=0 kb_calls=0 kb_bytes=0 kb_success=0 kb_fail=0 total=4 injected=0 history_level=-1 x_level=1 kb_level=-1 shape_bad=0 x_each_worker_once=1
CASE_PASS m=15 n=1 sve16_entries=0 expected=0 old_entries=0 packed_entries=0 packed_expected=0
ALLOC_PASS m=15 n=7 small=1 history_expected=0 history_calls=0 history_bytes=0 history_success=0 history_fail=0 x_calls=4 x_bytes=3840 x_success=4 x_fail=0 kb_calls=0 kb_bytes=0 kb_success=0 kb_fail=0 total=4 injected=0 history_level=-1 x_level=1 kb_level=-1 shape_bad=0 x_each_worker_once=1
CASE_PASS m=15 n=7 sve16_entries=0 expected=0 old_entries=0 packed_entries=0 packed_expected=0
ALLOC_PASS m=15 n=8 small=1 history_expected=0 history_calls=0 history_bytes=0 history_success=0 history_fail=0 x_calls=4 x_bytes=3840 x_success=4 x_fail=0 kb_calls=0 kb_bytes=0 kb_success=0 kb_fail=0 total=4 injected=0 history_level=-1 x_level=1 kb_level=-1 shape_bad=0 x_each_worker_once=1
CASE_PASS m=15 n=8 sve16_entries=0 expected=0 old_entries=0 packed_entries=0 packed_expected=0
ALLOC_PASS m=15 n=9 small=1 history_expected=0 history_calls=0 history_bytes=0 history_success=0 history_fail=0 x_calls=4 x_bytes=3840 x_success=4 x_fail=0 kb_calls=0 kb_bytes=0 kb_success=0 kb_fail=0 total=4 injected=0 history_level=-1 x_level=1 kb_level=-1 shape_bad=0 x_each_worker_once=1
CASE_PASS m=15 n=9 sve16_entries=0 expected=0 old_entries=0 packed_entries=0 packed_expected=0
ALLOC_PASS m=15 n=17 small=1 history_expected=0 history_calls=0 history_bytes=0 history_success=0 history_fail=0 x_calls=4 x_bytes=3840 x_success=4 x_fail=0 kb_calls=0 kb_bytes=0 kb_success=0 kb_fail=0 total=4 injected=0 history_level=-1 x_level=1 kb_level=-1 shape_bad=0 x_each_worker_once=1
CASE_PASS m=15 n=17 sve16_entries=0 expected=0 old_entries=0 packed_entries=0 packed_expected=0
ALLOC_PASS m=16 n=1 small=1 history_expected=0 history_calls=0 history_bytes=0 history_success=0 history_fail=0 x_calls=4 x_bytes=4096 x_success=4 x_fail=0 kb_calls=0 kb_bytes=0 kb_success=0 kb_fail=0 total=4 injected=0 history_level=-1 x_level=1 kb_level=-1 shape_bad=0 x_each_worker_once=1
CASE_PASS m=16 n=1 sve16_entries=1 expected=1 old_entries=1 packed_entries=0 packed_expected=0
ALLOC_PASS m=16 n=7 small=1 history_expected=0 history_calls=0 history_bytes=0 history_success=0 history_fail=0 x_calls=4 x_bytes=4096 x_success=4 x_fail=0 kb_calls=0 kb_bytes=0 kb_success=0 kb_fail=0 total=4 injected=0 history_level=-1 x_level=1 kb_level=-1 shape_bad=0 x_each_worker_once=1
CASE_PASS m=16 n=7 sve16_entries=1 expected=1 old_entries=1 packed_entries=0 packed_expected=0
ALLOC_PASS m=16 n=8 small=1 history_expected=0 history_calls=0 history_bytes=0 history_success=0 history_fail=0 x_calls=4 x_bytes=4096 x_success=4 x_fail=0 kb_calls=0 kb_bytes=0 kb_success=0 kb_fail=0 total=4 injected=0 history_level=-1 x_level=1 kb_level=-1 shape_bad=0 x_each_worker_once=1
CASE_PASS m=16 n=8 sve16_entries=1 expected=1 old_entries=1 packed_entries=0 packed_expected=0
ALLOC_PASS m=16 n=9 small=1 history_expected=0 history_calls=0 history_bytes=0 history_success=0 history_fail=0 x_calls=4 x_bytes=4096 x_success=4 x_fail=0 kb_calls=0 kb_bytes=0 kb_success=0 kb_fail=0 total=4 injected=0 history_level=-1 x_level=1 kb_level=-1 shape_bad=0 x_each_worker_once=1
CASE_PASS m=16 n=9 sve16_entries=2 expected=2 old_entries=2 packed_entries=0 packed_expected=0
ALLOC_PASS m=16 n=17 small=1 history_expected=0 history_calls=0 history_bytes=0 history_success=0 history_fail=0 x_calls=4 x_bytes=4096 x_success=4 x_fail=0 kb_calls=0 kb_bytes=0 kb_success=0 kb_fail=0 total=4 injected=0 history_level=-1 x_level=1 kb_level=-1 shape_bad=0 x_each_worker_once=1
CASE_PASS m=16 n=17 sve16_entries=3 expected=3 old_entries=3 packed_entries=0 packed_expected=0
ALLOC_PASS m=17 n=1 small=1 history_expected=0 history_calls=0 history_bytes=0 history_success=0 history_fail=0 x_calls=4 x_bytes=4352 x_success=4 x_fail=0 kb_calls=0 kb_bytes=0 kb_success=0 kb_fail=0 total=4 injected=0 history_level=-1 x_level=1 kb_level=-1 shape_bad=0 x_each_worker_once=1
CASE_PASS m=17 n=1 sve16_entries=1 expected=1 old_entries=1 packed_entries=0 packed_expected=0
ALLOC_PASS m=17 n=7 small=1 history_expected=0 history_calls=0 history_bytes=0 history_success=0 history_fail=0 x_calls=4 x_bytes=4352 x_success=4 x_fail=0 kb_calls=0 kb_bytes=0 kb_success=0 kb_fail=0 total=4 injected=0 history_level=-1 x_level=1 kb_level=-1 shape_bad=0 x_each_worker_once=1
CASE_PASS m=17 n=7 sve16_entries=1 expected=1 old_entries=1 packed_entries=0 packed_expected=0
ALLOC_PASS m=17 n=8 small=1 history_expected=0 history_calls=0 history_bytes=0 history_success=0 history_fail=0 x_calls=4 x_bytes=4352 x_success=4 x_fail=0 kb_calls=0 kb_bytes=0 kb_success=0 kb_fail=0 total=4 injected=0 history_level=-1 x_level=1 kb_level=-1 shape_bad=0 x_each_worker_once=1
CASE_PASS m=17 n=8 sve16_entries=1 expected=1 old_entries=1 packed_entries=0 packed_expected=0
ALLOC_PASS m=17 n=9 small=1 history_expected=0 history_calls=0 history_bytes=0 history_success=0 history_fail=0 x_calls=4 x_bytes=4352 x_success=4 x_fail=0 kb_calls=0 kb_bytes=0 kb_success=0 kb_fail=0 total=4 injected=0 history_level=-1 x_level=1 kb_level=-1 shape_bad=0 x_each_worker_once=1
CASE_PASS m=17 n=9 sve16_entries=2 expected=2 old_entries=2 packed_entries=0 packed_expected=0
ALLOC_PASS m=17 n=17 small=1 history_expected=0 history_calls=0 history_bytes=0 history_success=0 history_fail=0 x_calls=4 x_bytes=4352 x_success=4 x_fail=0 kb_calls=0 kb_bytes=0 kb_success=0 kb_fail=0 total=4 injected=0 history_level=-1 x_level=1 kb_level=-1 shape_bad=0 x_each_worker_once=1
CASE_PASS m=17 n=17 sve16_entries=3 expected=3 old_entries=3 packed_entries=0 packed_expected=0
ALLOC_PASS m=31 n=1 small=1 history_expected=0 history_calls=0 history_bytes=0 history_success=0 history_fail=0 x_calls=4 x_bytes=7936 x_success=4 x_fail=0 kb_calls=0 kb_bytes=0 kb_success=0 kb_fail=0 total=4 injected=0 history_level=-1 x_level=1 kb_level=-1 shape_bad=0 x_each_worker_once=1
CASE_PASS m=31 n=1 sve16_entries=1 expected=1 old_entries=1 packed_entries=0 packed_expected=0
ALLOC_PASS m=31 n=7 small=1 history_expected=0 history_calls=0 history_bytes=0 history_success=0 history_fail=0 x_calls=4 x_bytes=7936 x_success=4 x_fail=0 kb_calls=0 kb_bytes=0 kb_success=0 kb_fail=0 total=4 injected=0 history_level=-1 x_level=1 kb_level=-1 shape_bad=0 x_each_worker_once=1
CASE_PASS m=31 n=7 sve16_entries=1 expected=1 old_entries=1 packed_entries=0 packed_expected=0
ALLOC_PASS m=31 n=8 small=1 history_expected=0 history_calls=0 history_bytes=0 history_success=0 history_fail=0 x_calls=4 x_bytes=7936 x_success=4 x_fail=0 kb_calls=0 kb_bytes=0 kb_success=0 kb_fail=0 total=4 injected=0 history_level=-1 x_level=1 kb_level=-1 shape_bad=0 x_each_worker_once=1
CASE_PASS m=31 n=8 sve16_entries=1 expected=1 old_entries=1 packed_entries=0 packed_expected=0
ALLOC_PASS m=31 n=9 small=1 history_expected=0 history_calls=0 history_bytes=0 history_success=0 history_fail=0 x_calls=4 x_bytes=7936 x_success=4 x_fail=0 kb_calls=0 kb_bytes=0 kb_success=0 kb_fail=0 total=4 injected=0 history_level=-1 x_level=1 kb_level=-1 shape_bad=0 x_each_worker_once=1
CASE_PASS m=31 n=9 sve16_entries=2 expected=2 old_entries=2 packed_entries=0 packed_expected=0
ALLOC_PASS m=31 n=17 small=1 history_expected=0 history_calls=0 history_bytes=0 history_success=0 history_fail=0 x_calls=4 x_bytes=7936 x_success=4 x_fail=0 kb_calls=0 kb_bytes=0 kb_success=0 kb_fail=0 total=4 injected=0 history_level=-1 x_level=1 kb_level=-1 shape_bad=0 x_each_worker_once=1
CASE_PASS m=31 n=17 sve16_entries=3 expected=3 old_entries=3 packed_entries=0 packed_expected=0
ALLOC_PASS m=32 n=1 small=1 history_expected=1 history_calls=1 history_bytes=2048 history_success=1 history_fail=0 x_calls=4 x_bytes=8192 x_success=4 x_fail=0 kb_calls=0 kb_bytes=0 kb_success=0 kb_fail=0 total=5 injected=0 history_level=0 x_level=1 kb_level=-1 shape_bad=0 x_each_worker_once=1
CASE_PASS m=32 n=1 sve16_entries=2 expected=2 old_entries=1 packed_entries=1 packed_expected=1
ALLOC_PASS m=32 n=7 small=1 history_expected=1 history_calls=1 history_bytes=2048 history_success=1 history_fail=0 x_calls=4 x_bytes=8192 x_success=4 x_fail=0 kb_calls=0 kb_bytes=0 kb_success=0 kb_fail=0 total=5 injected=0 history_level=0 x_level=1 kb_level=-1 shape_bad=0 x_each_worker_once=1
CASE_PASS m=32 n=7 sve16_entries=2 expected=2 old_entries=1 packed_entries=1 packed_expected=1
ALLOC_PASS m=32 n=8 small=1 history_expected=1 history_calls=1 history_bytes=2048 history_success=1 history_fail=0 x_calls=4 x_bytes=8192 x_success=4 x_fail=0 kb_calls=0 kb_bytes=0 kb_success=0 kb_fail=0 total=5 injected=0 history_level=0 x_level=1 kb_level=-1 shape_bad=0 x_each_worker_once=1
CASE_PASS m=32 n=8 sve16_entries=2 expected=2 old_entries=1 packed_entries=1 packed_expected=1
ALLOC_PASS m=32 n=9 small=1 history_expected=1 history_calls=1 history_bytes=2048 history_success=1 history_fail=0 x_calls=4 x_bytes=8192 x_success=4 x_fail=0 kb_calls=0 kb_bytes=0 kb_success=0 kb_fail=0 total=5 injected=0 history_level=0 x_level=1 kb_level=-1 shape_bad=0 x_each_worker_once=1
CASE_PASS m=32 n=9 sve16_entries=4 expected=4 old_entries=2 packed_entries=2 packed_expected=2
ALLOC_PASS m=32 n=17 small=1 history_expected=1 history_calls=1 history_bytes=2048 history_success=1 history_fail=0 x_calls=4 x_bytes=8192 x_success=4 x_fail=0 kb_calls=0 kb_bytes=0 kb_success=0 kb_fail=0 total=5 injected=0 history_level=0 x_level=1 kb_level=-1 shape_bad=0 x_each_worker_once=1
CASE_PASS m=32 n=17 sve16_entries=6 expected=6 old_entries=3 packed_entries=3 packed_expected=3
ALLOC_PASS m=33 n=1 small=1 history_expected=1 history_calls=1 history_bytes=2048 history_success=1 history_fail=0 x_calls=4 x_bytes=8448 x_success=4 x_fail=0 kb_calls=0 kb_bytes=0 kb_success=0 kb_fail=0 total=5 injected=0 history_level=0 x_level=1 kb_level=-1 shape_bad=0 x_each_worker_once=1
CASE_PASS m=33 n=1 sve16_entries=2 expected=2 old_entries=1 packed_entries=1 packed_expected=1
ALLOC_PASS m=33 n=7 small=1 history_expected=1 history_calls=1 history_bytes=2048 history_success=1 history_fail=0 x_calls=4 x_bytes=8448 x_success=4 x_fail=0 kb_calls=0 kb_bytes=0 kb_success=0 kb_fail=0 total=5 injected=0 history_level=0 x_level=1 kb_level=-1 shape_bad=0 x_each_worker_once=1
CASE_PASS m=33 n=7 sve16_entries=2 expected=2 old_entries=1 packed_entries=1 packed_expected=1
ALLOC_PASS m=33 n=8 small=1 history_expected=1 history_calls=1 history_bytes=2048 history_success=1 history_fail=0 x_calls=4 x_bytes=8448 x_success=4 x_fail=0 kb_calls=0 kb_bytes=0 kb_success=0 kb_fail=0 total=5 injected=0 history_level=0 x_level=1 kb_level=-1 shape_bad=0 x_each_worker_once=1
CASE_PASS m=33 n=8 sve16_entries=2 expected=2 old_entries=1 packed_entries=1 packed_expected=1
ALLOC_PASS m=33 n=9 small=1 history_expected=1 history_calls=1 history_bytes=2048 history_success=1 history_fail=0 x_calls=4 x_bytes=8448 x_success=4 x_fail=0 kb_calls=0 kb_bytes=0 kb_success=0 kb_fail=0 total=5 injected=0 history_level=0 x_level=1 kb_level=-1 shape_bad=0 x_each_worker_once=1
CASE_PASS m=33 n=9 sve16_entries=4 expected=4 old_entries=2 packed_entries=2 packed_expected=2
ALLOC_PASS m=33 n=17 small=1 history_expected=1 history_calls=1 history_bytes=2048 history_success=1 history_fail=0 x_calls=4 x_bytes=8448 x_success=4 x_fail=0 kb_calls=0 kb_bytes=0 kb_success=0 kb_fail=0 total=5 injected=0 history_level=0 x_level=1 kb_level=-1 shape_bad=0 x_each_worker_once=1
CASE_PASS m=33 n=17 sve16_entries=6 expected=6 old_entries=3 packed_entries=3 packed_expected=3
ALLOC_PASS m=63 n=1 small=1 history_expected=1 history_calls=1 history_bytes=6144 history_success=1 history_fail=0 x_calls=4 x_bytes=16128 x_success=4 x_fail=0 kb_calls=0 kb_bytes=0 kb_success=0 kb_fail=0 total=5 injected=0 history_level=0 x_level=1 kb_level=-1 shape_bad=0 x_each_worker_once=1
CASE_PASS m=63 n=1 sve16_entries=3 expected=3 old_entries=1 packed_entries=2 packed_expected=2
ALLOC_PASS m=63 n=7 small=1 history_expected=1 history_calls=1 history_bytes=6144 history_success=1 history_fail=0 x_calls=4 x_bytes=16128 x_success=4 x_fail=0 kb_calls=0 kb_bytes=0 kb_success=0 kb_fail=0 total=5 injected=0 history_level=0 x_level=1 kb_level=-1 shape_bad=0 x_each_worker_once=1
CASE_PASS m=63 n=7 sve16_entries=3 expected=3 old_entries=1 packed_entries=2 packed_expected=2
ALLOC_PASS m=63 n=8 small=1 history_expected=1 history_calls=1 history_bytes=6144 history_success=1 history_fail=0 x_calls=4 x_bytes=16128 x_success=4 x_fail=0 kb_calls=0 kb_bytes=0 kb_success=0 kb_fail=0 total=5 injected=0 history_level=0 x_level=1 kb_level=-1 shape_bad=0 x_each_worker_once=1
CASE_PASS m=63 n=8 sve16_entries=3 expected=3 old_entries=1 packed_entries=2 packed_expected=2
ALLOC_PASS m=63 n=9 small=1 history_expected=1 history_calls=1 history_bytes=6144 history_success=1 history_fail=0 x_calls=4 x_bytes=16128 x_success=4 x_fail=0 kb_calls=0 kb_bytes=0 kb_success=0 kb_fail=0 total=5 injected=0 history_level=0 x_level=1 kb_level=-1 shape_bad=0 x_each_worker_once=1
CASE_PASS m=63 n=9 sve16_entries=6 expected=6 old_entries=2 packed_entries=4 packed_expected=4
ALLOC_PASS m=63 n=17 small=1 history_expected=1 history_calls=1 history_bytes=6144 history_success=1 history_fail=0 x_calls=4 x_bytes=16128 x_success=4 x_fail=0 kb_calls=0 kb_bytes=0 kb_success=0 kb_fail=0 total=5 injected=0 history_level=0 x_level=1 kb_level=-1 shape_bad=0 x_each_worker_once=1
CASE_PASS m=63 n=17 sve16_entries=9 expected=9 old_entries=3 packed_entries=6 packed_expected=6
ALLOC_PASS m=64 n=1 small=1 history_expected=1 history_calls=1 history_bytes=12288 history_success=1 history_fail=0 x_calls=4 x_bytes=16384 x_success=4 x_fail=0 kb_calls=0 kb_bytes=0 kb_success=0 kb_fail=0 total=5 injected=0 history_level=0 x_level=1 kb_level=-1 shape_bad=0 x_each_worker_once=1
CASE_PASS m=64 n=1 sve16_entries=4 expected=4 old_entries=1 packed_entries=3 packed_expected=3
ALLOC_PASS m=64 n=7 small=1 history_expected=1 history_calls=1 history_bytes=12288 history_success=1 history_fail=0 x_calls=4 x_bytes=16384 x_success=4 x_fail=0 kb_calls=0 kb_bytes=0 kb_success=0 kb_fail=0 total=5 injected=0 history_level=0 x_level=1 kb_level=-1 shape_bad=0 x_each_worker_once=1
CASE_PASS m=64 n=7 sve16_entries=4 expected=4 old_entries=1 packed_entries=3 packed_expected=3
ALLOC_PASS m=64 n=8 small=1 history_expected=1 history_calls=1 history_bytes=12288 history_success=1 history_fail=0 x_calls=4 x_bytes=16384 x_success=4 x_fail=0 kb_calls=0 kb_bytes=0 kb_success=0 kb_fail=0 total=5 injected=0 history_level=0 x_level=1 kb_level=-1 shape_bad=0 x_each_worker_once=1
CASE_PASS m=64 n=8 sve16_entries=4 expected=4 old_entries=1 packed_entries=3 packed_expected=3
ALLOC_PASS m=64 n=9 small=1 history_expected=1 history_calls=1 history_bytes=12288 history_success=1 history_fail=0 x_calls=4 x_bytes=16384 x_success=4 x_fail=0 kb_calls=0 kb_bytes=0 kb_success=0 kb_fail=0 total=5 injected=0 history_level=0 x_level=1 kb_level=-1 shape_bad=0 x_each_worker_once=1
CASE_PASS m=64 n=9 sve16_entries=8 expected=8 old_entries=2 packed_entries=6 packed_expected=6
ALLOC_PASS m=64 n=17 small=1 history_expected=1 history_calls=1 history_bytes=12288 history_success=1 history_fail=0 x_calls=4 x_bytes=16384 x_success=4 x_fail=0 kb_calls=0 kb_bytes=0 kb_success=0 kb_fail=0 total=5 injected=0 history_level=0 x_level=1 kb_level=-1 shape_bad=0 x_each_worker_once=1
CASE_PASS m=64 n=17 sve16_entries=12 expected=12 old_entries=3 packed_entries=9 packed_expected=9
ALLOC_PASS m=65 n=1 small=1 history_expected=1 history_calls=1 history_bytes=12288 history_success=1 history_fail=0 x_calls=4 x_bytes=16640 x_success=4 x_fail=0 kb_calls=0 kb_bytes=0 kb_success=0 kb_fail=0 total=5 injected=0 history_level=0 x_level=1 kb_level=-1 shape_bad=0 x_each_worker_once=1
CASE_PASS m=65 n=1 sve16_entries=4 expected=4 old_entries=1 packed_entries=3 packed_expected=3
ALLOC_PASS m=65 n=7 small=1 history_expected=1 history_calls=1 history_bytes=12288 history_success=1 history_fail=0 x_calls=4 x_bytes=16640 x_success=4 x_fail=0 kb_calls=0 kb_bytes=0 kb_success=0 kb_fail=0 total=5 injected=0 history_level=0 x_level=1 kb_level=-1 shape_bad=0 x_each_worker_once=1
CASE_PASS m=65 n=7 sve16_entries=4 expected=4 old_entries=1 packed_entries=3 packed_expected=3
ALLOC_PASS m=65 n=8 small=1 history_expected=1 history_calls=1 history_bytes=12288 history_success=1 history_fail=0 x_calls=4 x_bytes=16640 x_success=4 x_fail=0 kb_calls=0 kb_bytes=0 kb_success=0 kb_fail=0 total=5 injected=0 history_level=0 x_level=1 kb_level=-1 shape_bad=0 x_each_worker_once=1
CASE_PASS m=65 n=8 sve16_entries=4 expected=4 old_entries=1 packed_entries=3 packed_expected=3
ALLOC_PASS m=65 n=9 small=1 history_expected=1 history_calls=1 history_bytes=12288 history_success=1 history_fail=0 x_calls=4 x_bytes=16640 x_success=4 x_fail=0 kb_calls=0 kb_bytes=0 kb_success=0 kb_fail=0 total=5 injected=0 history_level=0 x_level=1 kb_level=-1 shape_bad=0 x_each_worker_once=1
CASE_PASS m=65 n=9 sve16_entries=8 expected=8 old_entries=2 packed_entries=6 packed_expected=6
ALLOC_PASS m=65 n=17 small=1 history_expected=1 history_calls=1 history_bytes=12288 history_success=1 history_fail=0 x_calls=4 x_bytes=16640 x_success=4 x_fail=0 kb_calls=0 kb_bytes=0 kb_success=0 kb_fail=0 total=5 injected=0 history_level=0 x_level=1 kb_level=-1 shape_bad=0 x_each_worker_once=1
CASE_PASS m=65 n=17 sve16_entries=12 expected=12 old_entries=3 packed_entries=9 packed_expected=9
ALLOC_PASS m=255 n=1 small=1 history_expected=1 history_calls=1 history_bytes=215040 history_success=1 history_fail=0 x_calls=4 x_bytes=65280 x_success=4 x_fail=0 kb_calls=0 kb_bytes=0 kb_success=0 kb_fail=0 total=5 injected=0 history_level=0 x_level=1 kb_level=-1 shape_bad=0 x_each_worker_once=1
CASE_PASS m=255 n=1 sve16_entries=15 expected=15 old_entries=1 packed_entries=14 packed_expected=14
ALLOC_PASS m=255 n=7 small=1 history_expected=1 history_calls=1 history_bytes=215040 history_success=1 history_fail=0 x_calls=4 x_bytes=65280 x_success=4 x_fail=0 kb_calls=0 kb_bytes=0 kb_success=0 kb_fail=0 total=5 injected=0 history_level=0 x_level=1 kb_level=-1 shape_bad=0 x_each_worker_once=1
CASE_PASS m=255 n=7 sve16_entries=15 expected=15 old_entries=1 packed_entries=14 packed_expected=14
ALLOC_PASS m=255 n=8 small=1 history_expected=1 history_calls=1 history_bytes=215040 history_success=1 history_fail=0 x_calls=4 x_bytes=65280 x_success=4 x_fail=0 kb_calls=0 kb_bytes=0 kb_success=0 kb_fail=0 total=5 injected=0 history_level=0 x_level=1 kb_level=-1 shape_bad=0 x_each_worker_once=1
CASE_PASS m=255 n=8 sve16_entries=15 expected=15 old_entries=1 packed_entries=14 packed_expected=14
ALLOC_PASS m=255 n=9 small=1 history_expected=1 history_calls=1 history_bytes=215040 history_success=1 history_fail=0 x_calls=4 x_bytes=65280 x_success=4 x_fail=0 kb_calls=0 kb_bytes=0 kb_success=0 kb_fail=0 total=5 injected=0 history_level=0 x_level=1 kb_level=-1 shape_bad=0 x_each_worker_once=1
CASE_PASS m=255 n=9 sve16_entries=30 expected=30 old_entries=2 packed_entries=28 packed_expected=28
ALLOC_PASS m=255 n=17 small=1 history_expected=1 history_calls=1 history_bytes=215040 history_success=1 history_fail=0 x_calls=4 x_bytes=65280 x_success=4 x_fail=0 kb_calls=0 kb_bytes=0 kb_success=0 kb_fail=0 total=5 injected=0 history_level=0 x_level=1 kb_level=-1 shape_bad=0 x_each_worker_once=1
CASE_PASS m=255 n=17 sve16_entries=45 expected=45 old_entries=3 packed_entries=42 packed_expected=42
ALLOC_PASS m=256 n=1 small=1 history_expected=1 history_calls=1 history_bytes=245760 history_success=1 history_fail=0 x_calls=4 x_bytes=65536 x_success=4 x_fail=0 kb_calls=0 kb_bytes=0 kb_success=0 kb_fail=0 total=5 injected=0 history_level=0 x_level=1 kb_level=-1 shape_bad=0 x_each_worker_once=1
CASE_PASS m=256 n=1 sve16_entries=16 expected=16 old_entries=1 packed_entries=15 packed_expected=15
ALLOC_PASS m=256 n=7 small=1 history_expected=1 history_calls=1 history_bytes=245760 history_success=1 history_fail=0 x_calls=4 x_bytes=65536 x_success=4 x_fail=0 kb_calls=0 kb_bytes=0 kb_success=0 kb_fail=0 total=5 injected=0 history_level=0 x_level=1 kb_level=-1 shape_bad=0 x_each_worker_once=1
CASE_PASS m=256 n=7 sve16_entries=16 expected=16 old_entries=1 packed_entries=15 packed_expected=15
ALLOC_PASS m=256 n=8 small=1 history_expected=1 history_calls=1 history_bytes=245760 history_success=1 history_fail=0 x_calls=4 x_bytes=65536 x_success=4 x_fail=0 kb_calls=0 kb_bytes=0 kb_success=0 kb_fail=0 total=5 injected=0 history_level=0 x_level=1 kb_level=-1 shape_bad=0 x_each_worker_once=1
CASE_PASS m=256 n=8 sve16_entries=16 expected=16 old_entries=1 packed_entries=15 packed_expected=15
ALLOC_PASS m=256 n=9 small=1 history_expected=1 history_calls=1 history_bytes=245760 history_success=1 history_fail=0 x_calls=4 x_bytes=65536 x_success=4 x_fail=0 kb_calls=0 kb_bytes=0 kb_success=0 kb_fail=0 total=5 injected=0 history_level=0 x_level=1 kb_level=-1 shape_bad=0 x_each_worker_once=1
CASE_PASS m=256 n=9 sve16_entries=32 expected=32 old_entries=2 packed_entries=30 packed_expected=30
ALLOC_PASS m=256 n=17 small=1 history_expected=1 history_calls=1 history_bytes=245760 history_success=1 history_fail=0 x_calls=4 x_bytes=65536 x_success=4 x_fail=0 kb_calls=0 kb_bytes=0 kb_success=0 kb_fail=0 total=5 injected=0 history_level=0 x_level=1 kb_level=-1 shape_bad=0 x_each_worker_once=1
CASE_PASS m=256 n=17 sve16_entries=48 expected=48 old_entries=3 packed_entries=45 packed_expected=45
ALLOC_PASS m=257 n=1 small=1 history_expected=1 history_calls=1 history_bytes=245760 history_success=1 history_fail=0 x_calls=4 x_bytes=65792 x_success=4 x_fail=0 kb_calls=0 kb_bytes=0 kb_success=0 kb_fail=0 total=5 injected=0 history_level=0 x_level=1 kb_level=-1 shape_bad=0 x_each_worker_once=1
CASE_PASS m=257 n=1 sve16_entries=16 expected=16 old_entries=1 packed_entries=15 packed_expected=15
ALLOC_PASS m=257 n=7 small=1 history_expected=1 history_calls=1 history_bytes=245760 history_success=1 history_fail=0 x_calls=4 x_bytes=65792 x_success=4 x_fail=0 kb_calls=0 kb_bytes=0 kb_success=0 kb_fail=0 total=5 injected=0 history_level=0 x_level=1 kb_level=-1 shape_bad=0 x_each_worker_once=1
CASE_PASS m=257 n=7 sve16_entries=16 expected=16 old_entries=1 packed_entries=15 packed_expected=15
ALLOC_PASS m=257 n=8 small=1 history_expected=1 history_calls=1 history_bytes=245760 history_success=1 history_fail=0 x_calls=4 x_bytes=65792 x_success=4 x_fail=0 kb_calls=0 kb_bytes=0 kb_success=0 kb_fail=0 total=5 injected=0 history_level=0 x_level=1 kb_level=-1 shape_bad=0 x_each_worker_once=1
CASE_PASS m=257 n=8 sve16_entries=16 expected=16 old_entries=1 packed_entries=15 packed_expected=15
ALLOC_PASS m=257 n=9 small=1 history_expected=1 history_calls=1 history_bytes=245760 history_success=1 history_fail=0 x_calls=4 x_bytes=65792 x_success=4 x_fail=0 kb_calls=0 kb_bytes=0 kb_success=0 kb_fail=0 total=5 injected=0 history_level=0 x_level=1 kb_level=-1 shape_bad=0 x_each_worker_once=1
CASE_PASS m=257 n=9 sve16_entries=32 expected=32 old_entries=2 packed_entries=30 packed_expected=30
ALLOC_PASS m=257 n=17 small=1 history_expected=1 history_calls=1 history_bytes=245760 history_success=1 history_fail=0 x_calls=4 x_bytes=65792 x_success=4 x_fail=0 kb_calls=0 kb_bytes=0 kb_success=0 kb_fail=0 total=5 injected=0 history_level=0 x_level=1 kb_level=-1 shape_bad=0 x_each_worker_once=1
CASE_PASS m=257 n=17 sve16_entries=48 expected=48 old_entries=3 packed_entries=45 packed_expected=45
ALLOCATION_SUMMARY_PASS cases=80 budget_cases=0 shared_injection_cases=0
PASS whole_cases=80 noop_cases=4 non_dyadic_long_double_RHS=1 padding_L_unchanged=1 max_error=1.1102230246251565e-16
SOURCE_FEATURES_PASS panel16=1 packedL16=1 has_budget=1 history_budget_bytes=4194304
MODE=smoke THREADS=38 NARROW_VL=0 EXPECT_SVE16=1 EXPECT_PACKEDL16=1
ALLOC_PASS m=15 n=9 small=1 history_expected=0 history_calls=0 history_bytes=0 history_success=0 history_fail=0 x_calls=38 x_bytes=36480 x_success=38 x_fail=0 kb_calls=0 kb_bytes=0 kb_success=0 kb_fail=0 total=38 injected=0 history_level=-1 x_level=1 kb_level=-1 shape_bad=0 x_each_worker_once=1
CASE_PASS m=15 n=9 sve16_entries=0 expected=0 old_entries=0 packed_entries=0 packed_expected=0
ALLOC_PASS m=16 n=17 small=1 history_expected=0 history_calls=0 history_bytes=0 history_success=0 history_fail=0 x_calls=38 x_bytes=38912 x_success=38 x_fail=0 kb_calls=0 kb_bytes=0 kb_success=0 kb_fail=0 total=38 injected=0 history_level=-1 x_level=1 kb_level=-1 shape_bad=0 x_each_worker_once=1
CASE_PASS m=16 n=17 sve16_entries=3 expected=3 old_entries=3 packed_entries=0 packed_expected=0
ALLOC_PASS m=33 n=313 small=1 history_expected=1 history_calls=1 history_bytes=2048 history_success=1 history_fail=0 x_calls=38 x_bytes=80256 x_success=38 x_fail=0 kb_calls=0 kb_bytes=0 kb_success=0 kb_fail=0 total=39 injected=0 history_level=0 x_level=1 kb_level=-1 shape_bad=0 x_each_worker_once=1
CASE_PASS m=33 n=313 sve16_entries=80 expected=80 old_entries=40 packed_entries=40 packed_expected=40
ALLOC_PASS m=257 n=313 small=1 history_expected=1 history_calls=1 history_bytes=245760 history_success=1 history_fail=0 x_calls=38 x_bytes=625024 x_success=38 x_fail=0 kb_calls=0 kb_bytes=0 kb_success=0 kb_fail=0 total=39 injected=0 history_level=0 x_level=1 kb_level=-1 shape_bad=0 x_each_worker_once=1
CASE_PASS m=257 n=313 sve16_entries=640 expected=640 old_entries=40 packed_entries=600 packed_expected=600
ALLOCATION_SUMMARY_PASS cases=4 budget_cases=0 shared_injection_cases=0
PASS whole_cases=4 noop_cases=4 non_dyadic_long_double_RHS=1 padding_L_unchanged=1 max_error=1.1102230246251565e-16
SOURCE_FEATURES_PASS panel16=1 packedL16=1 has_budget=1 history_budget_bytes=4194304
MODE=boundary THREADS=1 NARROW_VL=0 EXPECT_SVE16=1 EXPECT_PACKEDL16=1
ALLOC_PASS m=4095 n=9 small=1 history_expected=0 history_calls=0 history_bytes=0 history_success=0 history_fail=0 x_calls=1 x_bytes=262080 x_success=1 x_fail=0 kb_calls=0 kb_bytes=0 kb_success=0 kb_fail=0 total=1 injected=0 history_level=-1 x_level=1 kb_level=-1 shape_bad=0 x_each_worker_once=1
CASE_PASS m=4095 n=9 sve16_entries=510 expected=510 old_entries=510 packed_entries=0 packed_expected=0
ALLOC_PASS m=4097 n=9 small=0 history_expected=0 history_calls=0 history_bytes=0 history_success=0 history_fail=0 x_calls=0 x_bytes=0 x_success=0 x_fail=0 kb_calls=1 kb_bytes=32768 kb_success=1 kb_fail=0 total=1 injected=0 history_level=-1 x_level=-1 kb_level=0 shape_bad=0 x_each_worker_once=1
CASE_PASS m=4097 n=9 sve16_entries=0 expected=0 old_entries=0 packed_entries=0 packed_expected=0
ALLOCATION_SUMMARY_PASS cases=2 budget_cases=0 shared_injection_cases=0
PASS whole_cases=2 noop_cases=4 non_dyadic_long_double_RHS=1 padding_L_unchanged=1 max_error=3.8857805861880479e-16
SOURCE_FEATURES_PASS panel16=1 packedL16=1 has_budget=1 history_budget_bytes=4194304
MODE=full THREADS=4 NARROW_VL=0 EXPECT_SVE16=0 EXPECT_PACKEDL16=0
ALLOC_PASS m=1 n=1 small=1 history_expected=0 history_calls=0 history_bytes=0 history_success=0 history_fail=0 x_calls=4 x_bytes=256 x_success=4 x_fail=0 kb_calls=0 kb_bytes=0 kb_success=0 kb_fail=0 total=4 injected=0 history_level=-1 x_level=1 kb_level=-1 shape_bad=0 x_each_worker_once=1
CASE_PASS m=1 n=1 sve16_entries=0 expected=0 old_entries=0 packed_entries=0 packed_expected=0
ALLOC_PASS m=1 n=7 small=1 history_expected=0 history_calls=0 history_bytes=0 history_success=0 history_fail=0 x_calls=4 x_bytes=256 x_success=4 x_fail=0 kb_calls=0 kb_bytes=0 kb_success=0 kb_fail=0 total=4 injected=0 history_level=-1 x_level=1 kb_level=-1 shape_bad=0 x_each_worker_once=1
CASE_PASS m=1 n=7 sve16_entries=0 expected=0 old_entries=0 packed_entries=0 packed_expected=0
ALLOC_PASS m=1 n=8 small=1 history_expected=0 history_calls=0 history_bytes=0 history_success=0 history_fail=0 x_calls=4 x_bytes=256 x_success=4 x_fail=0 kb_calls=0 kb_bytes=0 kb_success=0 kb_fail=0 total=4 injected=0 history_level=-1 x_level=1 kb_level=-1 shape_bad=0 x_each_worker_once=1
CASE_PASS m=1 n=8 sve16_entries=0 expected=0 old_entries=0 packed_entries=0 packed_expected=0
ALLOC_PASS m=1 n=9 small=1 history_expected=0 history_calls=0 history_bytes=0 history_success=0 history_fail=0 x_calls=4 x_bytes=256 x_success=4 x_fail=0 kb_calls=0 kb_bytes=0 kb_success=0 kb_fail=0 total=4 injected=0 history_level=-1 x_level=1 kb_level=-1 shape_bad=0 x_each_worker_once=1
CASE_PASS m=1 n=9 sve16_entries=0 expected=0 old_entries=0 packed_entries=0 packed_expected=0
ALLOC_PASS m=1 n=17 small=1 history_expected=0 history_calls=0 history_bytes=0 history_success=0 history_fail=0 x_calls=4 x_bytes=256 x_success=4 x_fail=0 kb_calls=0 kb_bytes=0 kb_success=0 kb_fail=0 total=4 injected=0 history_level=-1 x_level=1 kb_level=-1 shape_bad=0 x_each_worker_once=1
CASE_PASS m=1 n=17 sve16_entries=0 expected=0 old_entries=0 packed_entries=0 packed_expected=0
ALLOC_PASS m=3 n=1 small=1 history_expected=0 history_calls=0 history_bytes=0 history_success=0 history_fail=0 x_calls=4 x_bytes=768 x_success=4 x_fail=0 kb_calls=0 kb_bytes=0 kb_success=0 kb_fail=0 total=4 injected=0 history_level=-1 x_level=1 kb_level=-1 shape_bad=0 x_each_worker_once=1
CASE_PASS m=3 n=1 sve16_entries=0 expected=0 old_entries=0 packed_entries=0 packed_expected=0
ALLOC_PASS m=3 n=7 small=1 history_expected=0 history_calls=0 history_bytes=0 history_success=0 history_fail=0 x_calls=4 x_bytes=768 x_success=4 x_fail=0 kb_calls=0 kb_bytes=0 kb_success=0 kb_fail=0 total=4 injected=0 history_level=-1 x_level=1 kb_level=-1 shape_bad=0 x_each_worker_once=1
CASE_PASS m=3 n=7 sve16_entries=0 expected=0 old_entries=0 packed_entries=0 packed_expected=0
ALLOC_PASS m=3 n=8 small=1 history_expected=0 history_calls=0 history_bytes=0 history_success=0 history_fail=0 x_calls=4 x_bytes=768 x_success=4 x_fail=0 kb_calls=0 kb_bytes=0 kb_success=0 kb_fail=0 total=4 injected=0 history_level=-1 x_level=1 kb_level=-1 shape_bad=0 x_each_worker_once=1
CASE_PASS m=3 n=8 sve16_entries=0 expected=0 old_entries=0 packed_entries=0 packed_expected=0
ALLOC_PASS m=3 n=9 small=1 history_expected=0 history_calls=0 history_bytes=0 history_success=0 history_fail=0 x_calls=4 x_bytes=768 x_success=4 x_fail=0 kb_calls=0 kb_bytes=0 kb_success=0 kb_fail=0 total=4 injected=0 history_level=-1 x_level=1 kb_level=-1 shape_bad=0 x_each_worker_once=1
CASE_PASS m=3 n=9 sve16_entries=0 expected=0 old_entries=0 packed_entries=0 packed_expected=0
ALLOC_PASS m=3 n=17 small=1 history_expected=0 history_calls=0 history_bytes=0 history_success=0 history_fail=0 x_calls=4 x_bytes=768 x_success=4 x_fail=0 kb_calls=0 kb_bytes=0 kb_success=0 kb_fail=0 total=4 injected=0 history_level=-1 x_level=1 kb_level=-1 shape_bad=0 x_each_worker_once=1
CASE_PASS m=3 n=17 sve16_entries=0 expected=0 old_entries=0 packed_entries=0 packed_expected=0
ALLOC_PASS m=4 n=1 small=1 history_expected=0 history_calls=0 history_bytes=0 history_success=0 history_fail=0 x_calls=4 x_bytes=1024 x_success=4 x_fail=0 kb_calls=0 kb_bytes=0 kb_success=0 kb_fail=0 total=4 injected=0 history_level=-1 x_level=1 kb_level=-1 shape_bad=0 x_each_worker_once=1
CASE_PASS m=4 n=1 sve16_entries=0 expected=0 old_entries=0 packed_entries=0 packed_expected=0
ALLOC_PASS m=4 n=7 small=1 history_expected=0 history_calls=0 history_bytes=0 history_success=0 history_fail=0 x_calls=4 x_bytes=1024 x_success=4 x_fail=0 kb_calls=0 kb_bytes=0 kb_success=0 kb_fail=0 total=4 injected=0 history_level=-1 x_level=1 kb_level=-1 shape_bad=0 x_each_worker_once=1
CASE_PASS m=4 n=7 sve16_entries=0 expected=0 old_entries=0 packed_entries=0 packed_expected=0
ALLOC_PASS m=4 n=8 small=1 history_expected=0 history_calls=0 history_bytes=0 history_success=0 history_fail=0 x_calls=4 x_bytes=1024 x_success=4 x_fail=0 kb_calls=0 kb_bytes=0 kb_success=0 kb_fail=0 total=4 injected=0 history_level=-1 x_level=1 kb_level=-1 shape_bad=0 x_each_worker_once=1
CASE_PASS m=4 n=8 sve16_entries=0 expected=0 old_entries=0 packed_entries=0 packed_expected=0
ALLOC_PASS m=4 n=9 small=1 history_expected=0 history_calls=0 history_bytes=0 history_success=0 history_fail=0 x_calls=4 x_bytes=1024 x_success=4 x_fail=0 kb_calls=0 kb_bytes=0 kb_success=0 kb_fail=0 total=4 injected=0 history_level=-1 x_level=1 kb_level=-1 shape_bad=0 x_each_worker_once=1
CASE_PASS m=4 n=9 sve16_entries=0 expected=0 old_entries=0 packed_entries=0 packed_expected=0
ALLOC_PASS m=4 n=17 small=1 history_expected=0 history_calls=0 history_bytes=0 history_success=0 history_fail=0 x_calls=4 x_bytes=1024 x_success=4 x_fail=0 kb_calls=0 kb_bytes=0 kb_success=0 kb_fail=0 total=4 injected=0 history_level=-1 x_level=1 kb_level=-1 shape_bad=0 x_each_worker_once=1
CASE_PASS m=4 n=17 sve16_entries=0 expected=0 old_entries=0 packed_entries=0 packed_expected=0
ALLOC_PASS m=5 n=1 small=1 history_expected=0 history_calls=0 history_bytes=0 history_success=0 history_fail=0 x_calls=4 x_bytes=1280 x_success=4 x_fail=0 kb_calls=0 kb_bytes=0 kb_success=0 kb_fail=0 total=4 injected=0 history_level=-1 x_level=1 kb_level=-1 shape_bad=0 x_each_worker_once=1
CASE_PASS m=5 n=1 sve16_entries=0 expected=0 old_entries=0 packed_entries=0 packed_expected=0
ALLOC_PASS m=5 n=7 small=1 history_expected=0 history_calls=0 history_bytes=0 history_success=0 history_fail=0 x_calls=4 x_bytes=1280 x_success=4 x_fail=0 kb_calls=0 kb_bytes=0 kb_success=0 kb_fail=0 total=4 injected=0 history_level=-1 x_level=1 kb_level=-1 shape_bad=0 x_each_worker_once=1
CASE_PASS m=5 n=7 sve16_entries=0 expected=0 old_entries=0 packed_entries=0 packed_expected=0
ALLOC_PASS m=5 n=8 small=1 history_expected=0 history_calls=0 history_bytes=0 history_success=0 history_fail=0 x_calls=4 x_bytes=1280 x_success=4 x_fail=0 kb_calls=0 kb_bytes=0 kb_success=0 kb_fail=0 total=4 injected=0 history_level=-1 x_level=1 kb_level=-1 shape_bad=0 x_each_worker_once=1
CASE_PASS m=5 n=8 sve16_entries=0 expected=0 old_entries=0 packed_entries=0 packed_expected=0
ALLOC_PASS m=5 n=9 small=1 history_expected=0 history_calls=0 history_bytes=0 history_success=0 history_fail=0 x_calls=4 x_bytes=1280 x_success=4 x_fail=0 kb_calls=0 kb_bytes=0 kb_success=0 kb_fail=0 total=4 injected=0 history_level=-1 x_level=1 kb_level=-1 shape_bad=0 x_each_worker_once=1
CASE_PASS m=5 n=9 sve16_entries=0 expected=0 old_entries=0 packed_entries=0 packed_expected=0
ALLOC_PASS m=5 n=17 small=1 history_expected=0 history_calls=0 history_bytes=0 history_success=0 history_fail=0 x_calls=4 x_bytes=1280 x_success=4 x_fail=0 kb_calls=0 kb_bytes=0 kb_success=0 kb_fail=0 total=4 injected=0 history_level=-1 x_level=1 kb_level=-1 shape_bad=0 x_each_worker_once=1
CASE_PASS m=5 n=17 sve16_entries=0 expected=0 old_entries=0 packed_entries=0 packed_expected=0
ALLOC_PASS m=15 n=1 small=1 history_expected=0 history_calls=0 history_bytes=0 history_success=0 history_fail=0 x_calls=4 x_bytes=3840 x_success=4 x_fail=0 kb_calls=0 kb_bytes=0 kb_success=0 kb_fail=0 total=4 injected=0 history_level=-1 x_level=1 kb_level=-1 shape_bad=0 x_each_worker_once=1
CASE_PASS m=15 n=1 sve16_entries=0 expected=0 old_entries=0 packed_entries=0 packed_expected=0
ALLOC_PASS m=15 n=7 small=1 history_expected=0 history_calls=0 history_bytes=0 history_success=0 history_fail=0 x_calls=4 x_bytes=3840 x_success=4 x_fail=0 kb_calls=0 kb_bytes=0 kb_success=0 kb_fail=0 total=4 injected=0 history_level=-1 x_level=1 kb_level=-1 shape_bad=0 x_each_worker_once=1
CASE_PASS m=15 n=7 sve16_entries=0 expected=0 old_entries=0 packed_entries=0 packed_expected=0
ALLOC_PASS m=15 n=8 small=1 history_expected=0 history_calls=0 history_bytes=0 history_success=0 history_fail=0 x_calls=4 x_bytes=3840 x_success=4 x_fail=0 kb_calls=0 kb_bytes=0 kb_success=0 kb_fail=0 total=4 injected=0 history_level=-1 x_level=1 kb_level=-1 shape_bad=0 x_each_worker_once=1
CASE_PASS m=15 n=8 sve16_entries=0 expected=0 old_entries=0 packed_entries=0 packed_expected=0
ALLOC_PASS m=15 n=9 small=1 history_expected=0 history_calls=0 history_bytes=0 history_success=0 history_fail=0 x_calls=4 x_bytes=3840 x_success=4 x_fail=0 kb_calls=0 kb_bytes=0 kb_success=0 kb_fail=0 total=4 injected=0 history_level=-1 x_level=1 kb_level=-1 shape_bad=0 x_each_worker_once=1
CASE_PASS m=15 n=9 sve16_entries=0 expected=0 old_entries=0 packed_entries=0 packed_expected=0
ALLOC_PASS m=15 n=17 small=1 history_expected=0 history_calls=0 history_bytes=0 history_success=0 history_fail=0 x_calls=4 x_bytes=3840 x_success=4 x_fail=0 kb_calls=0 kb_bytes=0 kb_success=0 kb_fail=0 total=4 injected=0 history_level=-1 x_level=1 kb_level=-1 shape_bad=0 x_each_worker_once=1
CASE_PASS m=15 n=17 sve16_entries=0 expected=0 old_entries=0 packed_entries=0 packed_expected=0
ALLOC_PASS m=16 n=1 small=1 history_expected=0 history_calls=0 history_bytes=0 history_success=0 history_fail=0 x_calls=4 x_bytes=4096 x_success=4 x_fail=0 kb_calls=0 kb_bytes=0 kb_success=0 kb_fail=0 total=4 injected=0 history_level=-1 x_level=1 kb_level=-1 shape_bad=0 x_each_worker_once=1
CASE_PASS m=16 n=1 sve16_entries=0 expected=0 old_entries=0 packed_entries=0 packed_expected=0
ALLOC_PASS m=16 n=7 small=1 history_expected=0 history_calls=0 history_bytes=0 history_success=0 history_fail=0 x_calls=4 x_bytes=4096 x_success=4 x_fail=0 kb_calls=0 kb_bytes=0 kb_success=0 kb_fail=0 total=4 injected=0 history_level=-1 x_level=1 kb_level=-1 shape_bad=0 x_each_worker_once=1
CASE_PASS m=16 n=7 sve16_entries=0 expected=0 old_entries=0 packed_entries=0 packed_expected=0
ALLOC_PASS m=16 n=8 small=1 history_expected=0 history_calls=0 history_bytes=0 history_success=0 history_fail=0 x_calls=4 x_bytes=4096 x_success=4 x_fail=0 kb_calls=0 kb_bytes=0 kb_success=0 kb_fail=0 total=4 injected=0 history_level=-1 x_level=1 kb_level=-1 shape_bad=0 x_each_worker_once=1
CASE_PASS m=16 n=8 sve16_entries=0 expected=0 old_entries=0 packed_entries=0 packed_expected=0
ALLOC_PASS m=16 n=9 small=1 history_expected=0 history_calls=0 history_bytes=0 history_success=0 history_fail=0 x_calls=4 x_bytes=4096 x_success=4 x_fail=0 kb_calls=0 kb_bytes=0 kb_success=0 kb_fail=0 total=4 injected=0 history_level=-1 x_level=1 kb_level=-1 shape_bad=0 x_each_worker_once=1
CASE_PASS m=16 n=9 sve16_entries=0 expected=0 old_entries=0 packed_entries=0 packed_expected=0
ALLOC_PASS m=16 n=17 small=1 history_expected=0 history_calls=0 history_bytes=0 history_success=0 history_fail=0 x_calls=4 x_bytes=4096 x_success=4 x_fail=0 kb_calls=0 kb_bytes=0 kb_success=0 kb_fail=0 total=4 injected=0 history_level=-1 x_level=1 kb_level=-1 shape_bad=0 x_each_worker_once=1
CASE_PASS m=16 n=17 sve16_entries=0 expected=0 old_entries=0 packed_entries=0 packed_expected=0
ALLOC_PASS m=17 n=1 small=1 history_expected=0 history_calls=0 history_bytes=0 history_success=0 history_fail=0 x_calls=4 x_bytes=4352 x_success=4 x_fail=0 kb_calls=0 kb_bytes=0 kb_success=0 kb_fail=0 total=4 injected=0 history_level=-1 x_level=1 kb_level=-1 shape_bad=0 x_each_worker_once=1
CASE_PASS m=17 n=1 sve16_entries=0 expected=0 old_entries=0 packed_entries=0 packed_expected=0
ALLOC_PASS m=17 n=7 small=1 history_expected=0 history_calls=0 history_bytes=0 history_success=0 history_fail=0 x_calls=4 x_bytes=4352 x_success=4 x_fail=0 kb_calls=0 kb_bytes=0 kb_success=0 kb_fail=0 total=4 injected=0 history_level=-1 x_level=1 kb_level=-1 shape_bad=0 x_each_worker_once=1
CASE_PASS m=17 n=7 sve16_entries=0 expected=0 old_entries=0 packed_entries=0 packed_expected=0
ALLOC_PASS m=17 n=8 small=1 history_expected=0 history_calls=0 history_bytes=0 history_success=0 history_fail=0 x_calls=4 x_bytes=4352 x_success=4 x_fail=0 kb_calls=0 kb_bytes=0 kb_success=0 kb_fail=0 total=4 injected=0 history_level=-1 x_level=1 kb_level=-1 shape_bad=0 x_each_worker_once=1
CASE_PASS m=17 n=8 sve16_entries=0 expected=0 old_entries=0 packed_entries=0 packed_expected=0
ALLOC_PASS m=17 n=9 small=1 history_expected=0 history_calls=0 history_bytes=0 history_success=0 history_fail=0 x_calls=4 x_bytes=4352 x_success=4 x_fail=0 kb_calls=0 kb_bytes=0 kb_success=0 kb_fail=0 total=4 injected=0 history_level=-1 x_level=1 kb_level=-1 shape_bad=0 x_each_worker_once=1
CASE_PASS m=17 n=9 sve16_entries=0 expected=0 old_entries=0 packed_entries=0 packed_expected=0
ALLOC_PASS m=17 n=17 small=1 history_expected=0 history_calls=0 history_bytes=0 history_success=0 history_fail=0 x_calls=4 x_bytes=4352 x_success=4 x_fail=0 kb_calls=0 kb_bytes=0 kb_success=0 kb_fail=0 total=4 injected=0 history_level=-1 x_level=1 kb_level=-1 shape_bad=0 x_each_worker_once=1
CASE_PASS m=17 n=17 sve16_entries=0 expected=0 old_entries=0 packed_entries=0 packed_expected=0
ALLOC_PASS m=31 n=1 small=1 history_expected=0 history_calls=0 history_bytes=0 history_success=0 history_fail=0 x_calls=4 x_bytes=7936 x_success=4 x_fail=0 kb_calls=0 kb_bytes=0 kb_success=0 kb_fail=0 total=4 injected=0 history_level=-1 x_level=1 kb_level=-1 shape_bad=0 x_each_worker_once=1
CASE_PASS m=31 n=1 sve16_entries=0 expected=0 old_entries=0 packed_entries=0 packed_expected=0
ALLOC_PASS m=31 n=7 small=1 history_expected=0 history_calls=0 history_bytes=0 history_success=0 history_fail=0 x_calls=4 x_bytes=7936 x_success=4 x_fail=0 kb_calls=0 kb_bytes=0 kb_success=0 kb_fail=0 total=4 injected=0 history_level=-1 x_level=1 kb_level=-1 shape_bad=0 x_each_worker_once=1
CASE_PASS m=31 n=7 sve16_entries=0 expected=0 old_entries=0 packed_entries=0 packed_expected=0
ALLOC_PASS m=31 n=8 small=1 history_expected=0 history_calls=0 history_bytes=0 history_success=0 history_fail=0 x_calls=4 x_bytes=7936 x_success=4 x_fail=0 kb_calls=0 kb_bytes=0 kb_success=0 kb_fail=0 total=4 injected=0 history_level=-1 x_level=1 kb_level=-1 shape_bad=0 x_each_worker_once=1
CASE_PASS m=31 n=8 sve16_entries=0 expected=0 old_entries=0 packed_entries=0 packed_expected=0
ALLOC_PASS m=31 n=9 small=1 history_expected=0 history_calls=0 history_bytes=0 history_success=0 history_fail=0 x_calls=4 x_bytes=7936 x_success=4 x_fail=0 kb_calls=0 kb_bytes=0 kb_success=0 kb_fail=0 total=4 injected=0 history_level=-1 x_level=1 kb_level=-1 shape_bad=0 x_each_worker_once=1
CASE_PASS m=31 n=9 sve16_entries=0 expected=0 old_entries=0 packed_entries=0 packed_expected=0
ALLOC_PASS m=31 n=17 small=1 history_expected=0 history_calls=0 history_bytes=0 history_success=0 history_fail=0 x_calls=4 x_bytes=7936 x_success=4 x_fail=0 kb_calls=0 kb_bytes=0 kb_success=0 kb_fail=0 total=4 injected=0 history_level=-1 x_level=1 kb_level=-1 shape_bad=0 x_each_worker_once=1
CASE_PASS m=31 n=17 sve16_entries=0 expected=0 old_entries=0 packed_entries=0 packed_expected=0
ALLOC_PASS m=32 n=1 small=1 history_expected=0 history_calls=0 history_bytes=0 history_success=0 history_fail=0 x_calls=4 x_bytes=8192 x_success=4 x_fail=0 kb_calls=0 kb_bytes=0 kb_success=0 kb_fail=0 total=4 injected=0 history_level=-1 x_level=1 kb_level=-1 shape_bad=0 x_each_worker_once=1
CASE_PASS m=32 n=1 sve16_entries=0 expected=0 old_entries=0 packed_entries=0 packed_expected=0
ALLOC_PASS m=32 n=7 small=1 history_expected=0 history_calls=0 history_bytes=0 history_success=0 history_fail=0 x_calls=4 x_bytes=8192 x_success=4 x_fail=0 kb_calls=0 kb_bytes=0 kb_success=0 kb_fail=0 total=4 injected=0 history_level=-1 x_level=1 kb_level=-1 shape_bad=0 x_each_worker_once=1
CASE_PASS m=32 n=7 sve16_entries=0 expected=0 old_entries=0 packed_entries=0 packed_expected=0
ALLOC_PASS m=32 n=8 small=1 history_expected=0 history_calls=0 history_bytes=0 history_success=0 history_fail=0 x_calls=4 x_bytes=8192 x_success=4 x_fail=0 kb_calls=0 kb_bytes=0 kb_success=0 kb_fail=0 total=4 injected=0 history_level=-1 x_level=1 kb_level=-1 shape_bad=0 x_each_worker_once=1
CASE_PASS m=32 n=8 sve16_entries=0 expected=0 old_entries=0 packed_entries=0 packed_expected=0
ALLOC_PASS m=32 n=9 small=1 history_expected=0 history_calls=0 history_bytes=0 history_success=0 history_fail=0 x_calls=4 x_bytes=8192 x_success=4 x_fail=0 kb_calls=0 kb_bytes=0 kb_success=0 kb_fail=0 total=4 injected=0 history_level=-1 x_level=1 kb_level=-1 shape_bad=0 x_each_worker_once=1
CASE_PASS m=32 n=9 sve16_entries=0 expected=0 old_entries=0 packed_entries=0 packed_expected=0
ALLOC_PASS m=32 n=17 small=1 history_expected=0 history_calls=0 history_bytes=0 history_success=0 history_fail=0 x_calls=4 x_bytes=8192 x_success=4 x_fail=0 kb_calls=0 kb_bytes=0 kb_success=0 kb_fail=0 total=4 injected=0 history_level=-1 x_level=1 kb_level=-1 shape_bad=0 x_each_worker_once=1
CASE_PASS m=32 n=17 sve16_entries=0 expected=0 old_entries=0 packed_entries=0 packed_expected=0
ALLOC_PASS m=33 n=1 small=1 history_expected=0 history_calls=0 history_bytes=0 history_success=0 history_fail=0 x_calls=4 x_bytes=8448 x_success=4 x_fail=0 kb_calls=0 kb_bytes=0 kb_success=0 kb_fail=0 total=4 injected=0 history_level=-1 x_level=1 kb_level=-1 shape_bad=0 x_each_worker_once=1
CASE_PASS m=33 n=1 sve16_entries=0 expected=0 old_entries=0 packed_entries=0 packed_expected=0
ALLOC_PASS m=33 n=7 small=1 history_expected=0 history_calls=0 history_bytes=0 history_success=0 history_fail=0 x_calls=4 x_bytes=8448 x_success=4 x_fail=0 kb_calls=0 kb_bytes=0 kb_success=0 kb_fail=0 total=4 injected=0 history_level=-1 x_level=1 kb_level=-1 shape_bad=0 x_each_worker_once=1
CASE_PASS m=33 n=7 sve16_entries=0 expected=0 old_entries=0 packed_entries=0 packed_expected=0
ALLOC_PASS m=33 n=8 small=1 history_expected=0 history_calls=0 history_bytes=0 history_success=0 history_fail=0 x_calls=4 x_bytes=8448 x_success=4 x_fail=0 kb_calls=0 kb_bytes=0 kb_success=0 kb_fail=0 total=4 injected=0 history_level=-1 x_level=1 kb_level=-1 shape_bad=0 x_each_worker_once=1
CASE_PASS m=33 n=8 sve16_entries=0 expected=0 old_entries=0 packed_entries=0 packed_expected=0
ALLOC_PASS m=33 n=9 small=1 history_expected=0 history_calls=0 history_bytes=0 history_success=0 history_fail=0 x_calls=4 x_bytes=8448 x_success=4 x_fail=0 kb_calls=0 kb_bytes=0 kb_success=0 kb_fail=0 total=4 injected=0 history_level=-1 x_level=1 kb_level=-1 shape_bad=0 x_each_worker_once=1
CASE_PASS m=33 n=9 sve16_entries=0 expected=0 old_entries=0 packed_entries=0 packed_expected=0
ALLOC_PASS m=33 n=17 small=1 history_expected=0 history_calls=0 history_bytes=0 history_success=0 history_fail=0 x_calls=4 x_bytes=8448 x_success=4 x_fail=0 kb_calls=0 kb_bytes=0 kb_success=0 kb_fail=0 total=4 injected=0 history_level=-1 x_level=1 kb_level=-1 shape_bad=0 x_each_worker_once=1
CASE_PASS m=33 n=17 sve16_entries=0 expected=0 old_entries=0 packed_entries=0 packed_expected=0
ALLOC_PASS m=63 n=1 small=1 history_expected=0 history_calls=0 history_bytes=0 history_success=0 history_fail=0 x_calls=4 x_bytes=16128 x_success=4 x_fail=0 kb_calls=0 kb_bytes=0 kb_success=0 kb_fail=0 total=4 injected=0 history_level=-1 x_level=1 kb_level=-1 shape_bad=0 x_each_worker_once=1
CASE_PASS m=63 n=1 sve16_entries=0 expected=0 old_entries=0 packed_entries=0 packed_expected=0
ALLOC_PASS m=63 n=7 small=1 history_expected=0 history_calls=0 history_bytes=0 history_success=0 history_fail=0 x_calls=4 x_bytes=16128 x_success=4 x_fail=0 kb_calls=0 kb_bytes=0 kb_success=0 kb_fail=0 total=4 injected=0 history_level=-1 x_level=1 kb_level=-1 shape_bad=0 x_each_worker_once=1
CASE_PASS m=63 n=7 sve16_entries=0 expected=0 old_entries=0 packed_entries=0 packed_expected=0
ALLOC_PASS m=63 n=8 small=1 history_expected=0 history_calls=0 history_bytes=0 history_success=0 history_fail=0 x_calls=4 x_bytes=16128 x_success=4 x_fail=0 kb_calls=0 kb_bytes=0 kb_success=0 kb_fail=0 total=4 injected=0 history_level=-1 x_level=1 kb_level=-1 shape_bad=0 x_each_worker_once=1
CASE_PASS m=63 n=8 sve16_entries=0 expected=0 old_entries=0 packed_entries=0 packed_expected=0
ALLOC_PASS m=63 n=9 small=1 history_expected=0 history_calls=0 history_bytes=0 history_success=0 history_fail=0 x_calls=4 x_bytes=16128 x_success=4 x_fail=0 kb_calls=0 kb_bytes=0 kb_success=0 kb_fail=0 total=4 injected=0 history_level=-1 x_level=1 kb_level=-1 shape_bad=0 x_each_worker_once=1
CASE_PASS m=63 n=9 sve16_entries=0 expected=0 old_entries=0 packed_entries=0 packed_expected=0
ALLOC_PASS m=63 n=17 small=1 history_expected=0 history_calls=0 history_bytes=0 history_success=0 history_fail=0 x_calls=4 x_bytes=16128 x_success=4 x_fail=0 kb_calls=0 kb_bytes=0 kb_success=0 kb_fail=0 total=4 injected=0 history_level=-1 x_level=1 kb_level=-1 shape_bad=0 x_each_worker_once=1
CASE_PASS m=63 n=17 sve16_entries=0 expected=0 old_entries=0 packed_entries=0 packed_expected=0
ALLOC_PASS m=64 n=1 small=1 history_expected=0 history_calls=0 history_bytes=0 history_success=0 history_fail=0 x_calls=4 x_bytes=16384 x_success=4 x_fail=0 kb_calls=0 kb_bytes=0 kb_success=0 kb_fail=0 total=4 injected=0 history_level=-1 x_level=1 kb_level=-1 shape_bad=0 x_each_worker_once=1
CASE_PASS m=64 n=1 sve16_entries=0 expected=0 old_entries=0 packed_entries=0 packed_expected=0
ALLOC_PASS m=64 n=7 small=1 history_expected=0 history_calls=0 history_bytes=0 history_success=0 history_fail=0 x_calls=4 x_bytes=16384 x_success=4 x_fail=0 kb_calls=0 kb_bytes=0 kb_success=0 kb_fail=0 total=4 injected=0 history_level=-1 x_level=1 kb_level=-1 shape_bad=0 x_each_worker_once=1
CASE_PASS m=64 n=7 sve16_entries=0 expected=0 old_entries=0 packed_entries=0 packed_expected=0
ALLOC_PASS m=64 n=8 small=1 history_expected=0 history_calls=0 history_bytes=0 history_success=0 history_fail=0 x_calls=4 x_bytes=16384 x_success=4 x_fail=0 kb_calls=0 kb_bytes=0 kb_success=0 kb_fail=0 total=4 injected=0 history_level=-1 x_level=1 kb_level=-1 shape_bad=0 x_each_worker_once=1
CASE_PASS m=64 n=8 sve16_entries=0 expected=0 old_entries=0 packed_entries=0 packed_expected=0
ALLOC_PASS m=64 n=9 small=1 history_expected=0 history_calls=0 history_bytes=0 history_success=0 history_fail=0 x_calls=4 x_bytes=16384 x_success=4 x_fail=0 kb_calls=0 kb_bytes=0 kb_success=0 kb_fail=0 total=4 injected=0 history_level=-1 x_level=1 kb_level=-1 shape_bad=0 x_each_worker_once=1
CASE_PASS m=64 n=9 sve16_entries=0 expected=0 old_entries=0 packed_entries=0 packed_expected=0
ALLOC_PASS m=64 n=17 small=1 history_expected=0 history_calls=0 history_bytes=0 history_success=0 history_fail=0 x_calls=4 x_bytes=16384 x_success=4 x_fail=0 kb_calls=0 kb_bytes=0 kb_success=0 kb_fail=0 total=4 injected=0 history_level=-1 x_level=1 kb_level=-1 shape_bad=0 x_each_worker_once=1
CASE_PASS m=64 n=17 sve16_entries=0 expected=0 old_entries=0 packed_entries=0 packed_expected=0
ALLOC_PASS m=65 n=1 small=1 history_expected=0 history_calls=0 history_bytes=0 history_success=0 history_fail=0 x_calls=4 x_bytes=16640 x_success=4 x_fail=0 kb_calls=0 kb_bytes=0 kb_success=0 kb_fail=0 total=4 injected=0 history_level=-1 x_level=1 kb_level=-1 shape_bad=0 x_each_worker_once=1
CASE_PASS m=65 n=1 sve16_entries=0 expected=0 old_entries=0 packed_entries=0 packed_expected=0
ALLOC_PASS m=65 n=7 small=1 history_expected=0 history_calls=0 history_bytes=0 history_success=0 history_fail=0 x_calls=4 x_bytes=16640 x_success=4 x_fail=0 kb_calls=0 kb_bytes=0 kb_success=0 kb_fail=0 total=4 injected=0 history_level=-1 x_level=1 kb_level=-1 shape_bad=0 x_each_worker_once=1
CASE_PASS m=65 n=7 sve16_entries=0 expected=0 old_entries=0 packed_entries=0 packed_expected=0
ALLOC_PASS m=65 n=8 small=1 history_expected=0 history_calls=0 history_bytes=0 history_success=0 history_fail=0 x_calls=4 x_bytes=16640 x_success=4 x_fail=0 kb_calls=0 kb_bytes=0 kb_success=0 kb_fail=0 total=4 injected=0 history_level=-1 x_level=1 kb_level=-1 shape_bad=0 x_each_worker_once=1
CASE_PASS m=65 n=8 sve16_entries=0 expected=0 old_entries=0 packed_entries=0 packed_expected=0
ALLOC_PASS m=65 n=9 small=1 history_expected=0 history_calls=0 history_bytes=0 history_success=0 history_fail=0 x_calls=4 x_bytes=16640 x_success=4 x_fail=0 kb_calls=0 kb_bytes=0 kb_success=0 kb_fail=0 total=4 injected=0 history_level=-1 x_level=1 kb_level=-1 shape_bad=0 x_each_worker_once=1
CASE_PASS m=65 n=9 sve16_entries=0 expected=0 old_entries=0 packed_entries=0 packed_expected=0
ALLOC_PASS m=65 n=17 small=1 history_expected=0 history_calls=0 history_bytes=0 history_success=0 history_fail=0 x_calls=4 x_bytes=16640 x_success=4 x_fail=0 kb_calls=0 kb_bytes=0 kb_success=0 kb_fail=0 total=4 injected=0 history_level=-1 x_level=1 kb_level=-1 shape_bad=0 x_each_worker_once=1
CASE_PASS m=65 n=17 sve16_entries=0 expected=0 old_entries=0 packed_entries=0 packed_expected=0
ALLOC_PASS m=255 n=1 small=1 history_expected=0 history_calls=0 history_bytes=0 history_success=0 history_fail=0 x_calls=4 x_bytes=65280 x_success=4 x_fail=0 kb_calls=0 kb_bytes=0 kb_success=0 kb_fail=0 total=4 injected=0 history_level=-1 x_level=1 kb_level=-1 shape_bad=0 x_each_worker_once=1
CASE_PASS m=255 n=1 sve16_entries=0 expected=0 old_entries=0 packed_entries=0 packed_expected=0
ALLOC_PASS m=255 n=7 small=1 history_expected=0 history_calls=0 history_bytes=0 history_success=0 history_fail=0 x_calls=4 x_bytes=65280 x_success=4 x_fail=0 kb_calls=0 kb_bytes=0 kb_success=0 kb_fail=0 total=4 injected=0 history_level=-1 x_level=1 kb_level=-1 shape_bad=0 x_each_worker_once=1
CASE_PASS m=255 n=7 sve16_entries=0 expected=0 old_entries=0 packed_entries=0 packed_expected=0
ALLOC_PASS m=255 n=8 small=1 history_expected=0 history_calls=0 history_bytes=0 history_success=0 history_fail=0 x_calls=4 x_bytes=65280 x_success=4 x_fail=0 kb_calls=0 kb_bytes=0 kb_success=0 kb_fail=0 total=4 injected=0 history_level=-1 x_level=1 kb_level=-1 shape_bad=0 x_each_worker_once=1
CASE_PASS m=255 n=8 sve16_entries=0 expected=0 old_entries=0 packed_entries=0 packed_expected=0
ALLOC_PASS m=255 n=9 small=1 history_expected=0 history_calls=0 history_bytes=0 history_success=0 history_fail=0 x_calls=4 x_bytes=65280 x_success=4 x_fail=0 kb_calls=0 kb_bytes=0 kb_success=0 kb_fail=0 total=4 injected=0 history_level=-1 x_level=1 kb_level=-1 shape_bad=0 x_each_worker_once=1
CASE_PASS m=255 n=9 sve16_entries=0 expected=0 old_entries=0 packed_entries=0 packed_expected=0
ALLOC_PASS m=255 n=17 small=1 history_expected=0 history_calls=0 history_bytes=0 history_success=0 history_fail=0 x_calls=4 x_bytes=65280 x_success=4 x_fail=0 kb_calls=0 kb_bytes=0 kb_success=0 kb_fail=0 total=4 injected=0 history_level=-1 x_level=1 kb_level=-1 shape_bad=0 x_each_worker_once=1
CASE_PASS m=255 n=17 sve16_entries=0 expected=0 old_entries=0 packed_entries=0 packed_expected=0
ALLOC_PASS m=256 n=1 small=1 history_expected=0 history_calls=0 history_bytes=0 history_success=0 history_fail=0 x_calls=4 x_bytes=65536 x_success=4 x_fail=0 kb_calls=0 kb_bytes=0 kb_success=0 kb_fail=0 total=4 injected=0 history_level=-1 x_level=1 kb_level=-1 shape_bad=0 x_each_worker_once=1
CASE_PASS m=256 n=1 sve16_entries=0 expected=0 old_entries=0 packed_entries=0 packed_expected=0
ALLOC_PASS m=256 n=7 small=1 history_expected=0 history_calls=0 history_bytes=0 history_success=0 history_fail=0 x_calls=4 x_bytes=65536 x_success=4 x_fail=0 kb_calls=0 kb_bytes=0 kb_success=0 kb_fail=0 total=4 injected=0 history_level=-1 x_level=1 kb_level=-1 shape_bad=0 x_each_worker_once=1
CASE_PASS m=256 n=7 sve16_entries=0 expected=0 old_entries=0 packed_entries=0 packed_expected=0
ALLOC_PASS m=256 n=8 small=1 history_expected=0 history_calls=0 history_bytes=0 history_success=0 history_fail=0 x_calls=4 x_bytes=65536 x_success=4 x_fail=0 kb_calls=0 kb_bytes=0 kb_success=0 kb_fail=0 total=4 injected=0 history_level=-1 x_level=1 kb_level=-1 shape_bad=0 x_each_worker_once=1
CASE_PASS m=256 n=8 sve16_entries=0 expected=0 old_entries=0 packed_entries=0 packed_expected=0
ALLOC_PASS m=256 n=9 small=1 history_expected=0 history_calls=0 history_bytes=0 history_success=0 history_fail=0 x_calls=4 x_bytes=65536 x_success=4 x_fail=0 kb_calls=0 kb_bytes=0 kb_success=0 kb_fail=0 total=4 injected=0 history_level=-1 x_level=1 kb_level=-1 shape_bad=0 x_each_worker_once=1
CASE_PASS m=256 n=9 sve16_entries=0 expected=0 old_entries=0 packed_entries=0 packed_expected=0
ALLOC_PASS m=256 n=17 small=1 history_expected=0 history_calls=0 history_bytes=0 history_success=0 history_fail=0 x_calls=4 x_bytes=65536 x_success=4 x_fail=0 kb_calls=0 kb_bytes=0 kb_success=0 kb_fail=0 total=4 injected=0 history_level=-1 x_level=1 kb_level=-1 shape_bad=0 x_each_worker_once=1
CASE_PASS m=256 n=17 sve16_entries=0 expected=0 old_entries=0 packed_entries=0 packed_expected=0
ALLOC_PASS m=257 n=1 small=1 history_expected=0 history_calls=0 history_bytes=0 history_success=0 history_fail=0 x_calls=4 x_bytes=65792 x_success=4 x_fail=0 kb_calls=0 kb_bytes=0 kb_success=0 kb_fail=0 total=4 injected=0 history_level=-1 x_level=1 kb_level=-1 shape_bad=0 x_each_worker_once=1
CASE_PASS m=257 n=1 sve16_entries=0 expected=0 old_entries=0 packed_entries=0 packed_expected=0
ALLOC_PASS m=257 n=7 small=1 history_expected=0 history_calls=0 history_bytes=0 history_success=0 history_fail=0 x_calls=4 x_bytes=65792 x_success=4 x_fail=0 kb_calls=0 kb_bytes=0 kb_success=0 kb_fail=0 total=4 injected=0 history_level=-1 x_level=1 kb_level=-1 shape_bad=0 x_each_worker_once=1
CASE_PASS m=257 n=7 sve16_entries=0 expected=0 old_entries=0 packed_entries=0 packed_expected=0
ALLOC_PASS m=257 n=8 small=1 history_expected=0 history_calls=0 history_bytes=0 history_success=0 history_fail=0 x_calls=4 x_bytes=65792 x_success=4 x_fail=0 kb_calls=0 kb_bytes=0 kb_success=0 kb_fail=0 total=4 injected=0 history_level=-1 x_level=1 kb_level=-1 shape_bad=0 x_each_worker_once=1
CASE_PASS m=257 n=8 sve16_entries=0 expected=0 old_entries=0 packed_entries=0 packed_expected=0
ALLOC_PASS m=257 n=9 small=1 history_expected=0 history_calls=0 history_bytes=0 history_success=0 history_fail=0 x_calls=4 x_bytes=65792 x_success=4 x_fail=0 kb_calls=0 kb_bytes=0 kb_success=0 kb_fail=0 total=4 injected=0 history_level=-1 x_level=1 kb_level=-1 shape_bad=0 x_each_worker_once=1
CASE_PASS m=257 n=9 sve16_entries=0 expected=0 old_entries=0 packed_entries=0 packed_expected=0
ALLOC_PASS m=257 n=17 small=1 history_expected=0 history_calls=0 history_bytes=0 history_success=0 history_fail=0 x_calls=4 x_bytes=65792 x_success=4 x_fail=0 kb_calls=0 kb_bytes=0 kb_success=0 kb_fail=0 total=4 injected=0 history_level=-1 x_level=1 kb_level=-1 shape_bad=0 x_each_worker_once=1
CASE_PASS m=257 n=17 sve16_entries=0 expected=0 old_entries=0 packed_entries=0 packed_expected=0
ALLOCATION_SUMMARY_PASS cases=80 budget_cases=0 shared_injection_cases=0
PASS whole_cases=80 noop_cases=4 non_dyadic_long_double_RHS=1 padding_L_unchanged=1 max_error=1.1102230246251565e-16
SOURCE_FEATURES_PASS panel16=1 packedL16=1 has_budget=1 history_budget_bytes=4194304
MODE=full THREADS=4 NARROW_VL=0 EXPECT_SVE16=0 EXPECT_PACKEDL16=0
ALLOC_PASS m=1 n=1 small=1 history_expected=0 history_calls=0 history_bytes=0 history_success=0 history_fail=0 x_calls=4 x_bytes=256 x_success=0 x_fail=4 kb_calls=0 kb_bytes=0 kb_success=0 kb_fail=0 total=4 injected=4 history_level=-1 x_level=1 kb_level=-1 shape_bad=0 x_each_worker_once=1
CASE_PASS m=1 n=1 sve16_entries=0 expected=0 old_entries=0 packed_entries=0 packed_expected=0
ALLOC_PASS m=1 n=7 small=1 history_expected=0 history_calls=0 history_bytes=0 history_success=0 history_fail=0 x_calls=4 x_bytes=256 x_success=0 x_fail=4 kb_calls=0 kb_bytes=0 kb_success=0 kb_fail=0 total=4 injected=4 history_level=-1 x_level=1 kb_level=-1 shape_bad=0 x_each_worker_once=1
CASE_PASS m=1 n=7 sve16_entries=0 expected=0 old_entries=0 packed_entries=0 packed_expected=0
ALLOC_PASS m=1 n=8 small=1 history_expected=0 history_calls=0 history_bytes=0 history_success=0 history_fail=0 x_calls=4 x_bytes=256 x_success=0 x_fail=4 kb_calls=0 kb_bytes=0 kb_success=0 kb_fail=0 total=4 injected=4 history_level=-1 x_level=1 kb_level=-1 shape_bad=0 x_each_worker_once=1
CASE_PASS m=1 n=8 sve16_entries=0 expected=0 old_entries=0 packed_entries=0 packed_expected=0
ALLOC_PASS m=1 n=9 small=1 history_expected=0 history_calls=0 history_bytes=0 history_success=0 history_fail=0 x_calls=4 x_bytes=256 x_success=0 x_fail=4 kb_calls=0 kb_bytes=0 kb_success=0 kb_fail=0 total=4 injected=4 history_level=-1 x_level=1 kb_level=-1 shape_bad=0 x_each_worker_once=1
CASE_PASS m=1 n=9 sve16_entries=0 expected=0 old_entries=0 packed_entries=0 packed_expected=0
ALLOC_PASS m=1 n=17 small=1 history_expected=0 history_calls=0 history_bytes=0 history_success=0 history_fail=0 x_calls=4 x_bytes=256 x_success=0 x_fail=4 kb_calls=0 kb_bytes=0 kb_success=0 kb_fail=0 total=4 injected=4 history_level=-1 x_level=1 kb_level=-1 shape_bad=0 x_each_worker_once=1
CASE_PASS m=1 n=17 sve16_entries=0 expected=0 old_entries=0 packed_entries=0 packed_expected=0
ALLOC_PASS m=3 n=1 small=1 history_expected=0 history_calls=0 history_bytes=0 history_success=0 history_fail=0 x_calls=4 x_bytes=768 x_success=0 x_fail=4 kb_calls=0 kb_bytes=0 kb_success=0 kb_fail=0 total=4 injected=4 history_level=-1 x_level=1 kb_level=-1 shape_bad=0 x_each_worker_once=1
CASE_PASS m=3 n=1 sve16_entries=0 expected=0 old_entries=0 packed_entries=0 packed_expected=0
ALLOC_PASS m=3 n=7 small=1 history_expected=0 history_calls=0 history_bytes=0 history_success=0 history_fail=0 x_calls=4 x_bytes=768 x_success=0 x_fail=4 kb_calls=0 kb_bytes=0 kb_success=0 kb_fail=0 total=4 injected=4 history_level=-1 x_level=1 kb_level=-1 shape_bad=0 x_each_worker_once=1
CASE_PASS m=3 n=7 sve16_entries=0 expected=0 old_entries=0 packed_entries=0 packed_expected=0
ALLOC_PASS m=3 n=8 small=1 history_expected=0 history_calls=0 history_bytes=0 history_success=0 history_fail=0 x_calls=4 x_bytes=768 x_success=0 x_fail=4 kb_calls=0 kb_bytes=0 kb_success=0 kb_fail=0 total=4 injected=4 history_level=-1 x_level=1 kb_level=-1 shape_bad=0 x_each_worker_once=1
CASE_PASS m=3 n=8 sve16_entries=0 expected=0 old_entries=0 packed_entries=0 packed_expected=0
ALLOC_PASS m=3 n=9 small=1 history_expected=0 history_calls=0 history_bytes=0 history_success=0 history_fail=0 x_calls=4 x_bytes=768 x_success=0 x_fail=4 kb_calls=0 kb_bytes=0 kb_success=0 kb_fail=0 total=4 injected=4 history_level=-1 x_level=1 kb_level=-1 shape_bad=0 x_each_worker_once=1
CASE_PASS m=3 n=9 sve16_entries=0 expected=0 old_entries=0 packed_entries=0 packed_expected=0
ALLOC_PASS m=3 n=17 small=1 history_expected=0 history_calls=0 history_bytes=0 history_success=0 history_fail=0 x_calls=4 x_bytes=768 x_success=0 x_fail=4 kb_calls=0 kb_bytes=0 kb_success=0 kb_fail=0 total=4 injected=4 history_level=-1 x_level=1 kb_level=-1 shape_bad=0 x_each_worker_once=1
CASE_PASS m=3 n=17 sve16_entries=0 expected=0 old_entries=0 packed_entries=0 packed_expected=0
ALLOC_PASS m=4 n=1 small=1 history_expected=0 history_calls=0 history_bytes=0 history_success=0 history_fail=0 x_calls=4 x_bytes=1024 x_success=0 x_fail=4 kb_calls=0 kb_bytes=0 kb_success=0 kb_fail=0 total=4 injected=4 history_level=-1 x_level=1 kb_level=-1 shape_bad=0 x_each_worker_once=1
CASE_PASS m=4 n=1 sve16_entries=0 expected=0 old_entries=0 packed_entries=0 packed_expected=0
ALLOC_PASS m=4 n=7 small=1 history_expected=0 history_calls=0 history_bytes=0 history_success=0 history_fail=0 x_calls=4 x_bytes=1024 x_success=0 x_fail=4 kb_calls=0 kb_bytes=0 kb_success=0 kb_fail=0 total=4 injected=4 history_level=-1 x_level=1 kb_level=-1 shape_bad=0 x_each_worker_once=1
CASE_PASS m=4 n=7 sve16_entries=0 expected=0 old_entries=0 packed_entries=0 packed_expected=0
ALLOC_PASS m=4 n=8 small=1 history_expected=0 history_calls=0 history_bytes=0 history_success=0 history_fail=0 x_calls=4 x_bytes=1024 x_success=0 x_fail=4 kb_calls=0 kb_bytes=0 kb_success=0 kb_fail=0 total=4 injected=4 history_level=-1 x_level=1 kb_level=-1 shape_bad=0 x_each_worker_once=1
CASE_PASS m=4 n=8 sve16_entries=0 expected=0 old_entries=0 packed_entries=0 packed_expected=0
ALLOC_PASS m=4 n=9 small=1 history_expected=0 history_calls=0 history_bytes=0 history_success=0 history_fail=0 x_calls=4 x_bytes=1024 x_success=0 x_fail=4 kb_calls=0 kb_bytes=0 kb_success=0 kb_fail=0 total=4 injected=4 history_level=-1 x_level=1 kb_level=-1 shape_bad=0 x_each_worker_once=1
CASE_PASS m=4 n=9 sve16_entries=0 expected=0 old_entries=0 packed_entries=0 packed_expected=0
ALLOC_PASS m=4 n=17 small=1 history_expected=0 history_calls=0 history_bytes=0 history_success=0 history_fail=0 x_calls=4 x_bytes=1024 x_success=0 x_fail=4 kb_calls=0 kb_bytes=0 kb_success=0 kb_fail=0 total=4 injected=4 history_level=-1 x_level=1 kb_level=-1 shape_bad=0 x_each_worker_once=1
CASE_PASS m=4 n=17 sve16_entries=0 expected=0 old_entries=0 packed_entries=0 packed_expected=0
ALLOC_PASS m=5 n=1 small=1 history_expected=0 history_calls=0 history_bytes=0 history_success=0 history_fail=0 x_calls=4 x_bytes=1280 x_success=0 x_fail=4 kb_calls=0 kb_bytes=0 kb_success=0 kb_fail=0 total=4 injected=4 history_level=-1 x_level=1 kb_level=-1 shape_bad=0 x_each_worker_once=1
CASE_PASS m=5 n=1 sve16_entries=0 expected=0 old_entries=0 packed_entries=0 packed_expected=0
ALLOC_PASS m=5 n=7 small=1 history_expected=0 history_calls=0 history_bytes=0 history_success=0 history_fail=0 x_calls=4 x_bytes=1280 x_success=0 x_fail=4 kb_calls=0 kb_bytes=0 kb_success=0 kb_fail=0 total=4 injected=4 history_level=-1 x_level=1 kb_level=-1 shape_bad=0 x_each_worker_once=1
CASE_PASS m=5 n=7 sve16_entries=0 expected=0 old_entries=0 packed_entries=0 packed_expected=0
ALLOC_PASS m=5 n=8 small=1 history_expected=0 history_calls=0 history_bytes=0 history_success=0 history_fail=0 x_calls=4 x_bytes=1280 x_success=0 x_fail=4 kb_calls=0 kb_bytes=0 kb_success=0 kb_fail=0 total=4 injected=4 history_level=-1 x_level=1 kb_level=-1 shape_bad=0 x_each_worker_once=1
CASE_PASS m=5 n=8 sve16_entries=0 expected=0 old_entries=0 packed_entries=0 packed_expected=0
ALLOC_PASS m=5 n=9 small=1 history_expected=0 history_calls=0 history_bytes=0 history_success=0 history_fail=0 x_calls=4 x_bytes=1280 x_success=0 x_fail=4 kb_calls=0 kb_bytes=0 kb_success=0 kb_fail=0 total=4 injected=4 history_level=-1 x_level=1 kb_level=-1 shape_bad=0 x_each_worker_once=1
CASE_PASS m=5 n=9 sve16_entries=0 expected=0 old_entries=0 packed_entries=0 packed_expected=0
ALLOC_PASS m=5 n=17 small=1 history_expected=0 history_calls=0 history_bytes=0 history_success=0 history_fail=0 x_calls=4 x_bytes=1280 x_success=0 x_fail=4 kb_calls=0 kb_bytes=0 kb_success=0 kb_fail=0 total=4 injected=4 history_level=-1 x_level=1 kb_level=-1 shape_bad=0 x_each_worker_once=1
CASE_PASS m=5 n=17 sve16_entries=0 expected=0 old_entries=0 packed_entries=0 packed_expected=0
ALLOC_PASS m=15 n=1 small=1 history_expected=0 history_calls=0 history_bytes=0 history_success=0 history_fail=0 x_calls=4 x_bytes=3840 x_success=0 x_fail=4 kb_calls=0 kb_bytes=0 kb_success=0 kb_fail=0 total=4 injected=4 history_level=-1 x_level=1 kb_level=-1 shape_bad=0 x_each_worker_once=1
CASE_PASS m=15 n=1 sve16_entries=0 expected=0 old_entries=0 packed_entries=0 packed_expected=0
ALLOC_PASS m=15 n=7 small=1 history_expected=0 history_calls=0 history_bytes=0 history_success=0 history_fail=0 x_calls=4 x_bytes=3840 x_success=0 x_fail=4 kb_calls=0 kb_bytes=0 kb_success=0 kb_fail=0 total=4 injected=4 history_level=-1 x_level=1 kb_level=-1 shape_bad=0 x_each_worker_once=1
CASE_PASS m=15 n=7 sve16_entries=0 expected=0 old_entries=0 packed_entries=0 packed_expected=0
ALLOC_PASS m=15 n=8 small=1 history_expected=0 history_calls=0 history_bytes=0 history_success=0 history_fail=0 x_calls=4 x_bytes=3840 x_success=0 x_fail=4 kb_calls=0 kb_bytes=0 kb_success=0 kb_fail=0 total=4 injected=4 history_level=-1 x_level=1 kb_level=-1 shape_bad=0 x_each_worker_once=1
CASE_PASS m=15 n=8 sve16_entries=0 expected=0 old_entries=0 packed_entries=0 packed_expected=0
ALLOC_PASS m=15 n=9 small=1 history_expected=0 history_calls=0 history_bytes=0 history_success=0 history_fail=0 x_calls=4 x_bytes=3840 x_success=0 x_fail=4 kb_calls=0 kb_bytes=0 kb_success=0 kb_fail=0 total=4 injected=4 history_level=-1 x_level=1 kb_level=-1 shape_bad=0 x_each_worker_once=1
CASE_PASS m=15 n=9 sve16_entries=0 expected=0 old_entries=0 packed_entries=0 packed_expected=0
ALLOC_PASS m=15 n=17 small=1 history_expected=0 history_calls=0 history_bytes=0 history_success=0 history_fail=0 x_calls=4 x_bytes=3840 x_success=0 x_fail=4 kb_calls=0 kb_bytes=0 kb_success=0 kb_fail=0 total=4 injected=4 history_level=-1 x_level=1 kb_level=-1 shape_bad=0 x_each_worker_once=1
CASE_PASS m=15 n=17 sve16_entries=0 expected=0 old_entries=0 packed_entries=0 packed_expected=0
ALLOC_PASS m=16 n=1 small=1 history_expected=0 history_calls=0 history_bytes=0 history_success=0 history_fail=0 x_calls=4 x_bytes=4096 x_success=0 x_fail=4 kb_calls=0 kb_bytes=0 kb_success=0 kb_fail=0 total=4 injected=4 history_level=-1 x_level=1 kb_level=-1 shape_bad=0 x_each_worker_once=1
CASE_PASS m=16 n=1 sve16_entries=0 expected=0 old_entries=0 packed_entries=0 packed_expected=0
ALLOC_PASS m=16 n=7 small=1 history_expected=0 history_calls=0 history_bytes=0 history_success=0 history_fail=0 x_calls=4 x_bytes=4096 x_success=0 x_fail=4 kb_calls=0 kb_bytes=0 kb_success=0 kb_fail=0 total=4 injected=4 history_level=-1 x_level=1 kb_level=-1 shape_bad=0 x_each_worker_once=1
CASE_PASS m=16 n=7 sve16_entries=0 expected=0 old_entries=0 packed_entries=0 packed_expected=0
ALLOC_PASS m=16 n=8 small=1 history_expected=0 history_calls=0 history_bytes=0 history_success=0 history_fail=0 x_calls=4 x_bytes=4096 x_success=0 x_fail=4 kb_calls=0 kb_bytes=0 kb_success=0 kb_fail=0 total=4 injected=4 history_level=-1 x_level=1 kb_level=-1 shape_bad=0 x_each_worker_once=1
CASE_PASS m=16 n=8 sve16_entries=0 expected=0 old_entries=0 packed_entries=0 packed_expected=0
ALLOC_PASS m=16 n=9 small=1 history_expected=0 history_calls=0 history_bytes=0 history_success=0 history_fail=0 x_calls=4 x_bytes=4096 x_success=0 x_fail=4 kb_calls=0 kb_bytes=0 kb_success=0 kb_fail=0 total=4 injected=4 history_level=-1 x_level=1 kb_level=-1 shape_bad=0 x_each_worker_once=1
CASE_PASS m=16 n=9 sve16_entries=0 expected=0 old_entries=0 packed_entries=0 packed_expected=0
ALLOC_PASS m=16 n=17 small=1 history_expected=0 history_calls=0 history_bytes=0 history_success=0 history_fail=0 x_calls=4 x_bytes=4096 x_success=0 x_fail=4 kb_calls=0 kb_bytes=0 kb_success=0 kb_fail=0 total=4 injected=4 history_level=-1 x_level=1 kb_level=-1 shape_bad=0 x_each_worker_once=1
CASE_PASS m=16 n=17 sve16_entries=0 expected=0 old_entries=0 packed_entries=0 packed_expected=0
ALLOC_PASS m=17 n=1 small=1 history_expected=0 history_calls=0 history_bytes=0 history_success=0 history_fail=0 x_calls=4 x_bytes=4352 x_success=0 x_fail=4 kb_calls=0 kb_bytes=0 kb_success=0 kb_fail=0 total=4 injected=4 history_level=-1 x_level=1 kb_level=-1 shape_bad=0 x_each_worker_once=1
CASE_PASS m=17 n=1 sve16_entries=0 expected=0 old_entries=0 packed_entries=0 packed_expected=0
ALLOC_PASS m=17 n=7 small=1 history_expected=0 history_calls=0 history_bytes=0 history_success=0 history_fail=0 x_calls=4 x_bytes=4352 x_success=0 x_fail=4 kb_calls=0 kb_bytes=0 kb_success=0 kb_fail=0 total=4 injected=4 history_level=-1 x_level=1 kb_level=-1 shape_bad=0 x_each_worker_once=1
CASE_PASS m=17 n=7 sve16_entries=0 expected=0 old_entries=0 packed_entries=0 packed_expected=0
ALLOC_PASS m=17 n=8 small=1 history_expected=0 history_calls=0 history_bytes=0 history_success=0 history_fail=0 x_calls=4 x_bytes=4352 x_success=0 x_fail=4 kb_calls=0 kb_bytes=0 kb_success=0 kb_fail=0 total=4 injected=4 history_level=-1 x_level=1 kb_level=-1 shape_bad=0 x_each_worker_once=1
CASE_PASS m=17 n=8 sve16_entries=0 expected=0 old_entries=0 packed_entries=0 packed_expected=0
ALLOC_PASS m=17 n=9 small=1 history_expected=0 history_calls=0 history_bytes=0 history_success=0 history_fail=0 x_calls=4 x_bytes=4352 x_success=0 x_fail=4 kb_calls=0 kb_bytes=0 kb_success=0 kb_fail=0 total=4 injected=4 history_level=-1 x_level=1 kb_level=-1 shape_bad=0 x_each_worker_once=1
CASE_PASS m=17 n=9 sve16_entries=0 expected=0 old_entries=0 packed_entries=0 packed_expected=0
ALLOC_PASS m=17 n=17 small=1 history_expected=0 history_calls=0 history_bytes=0 history_success=0 history_fail=0 x_calls=4 x_bytes=4352 x_success=0 x_fail=4 kb_calls=0 kb_bytes=0 kb_success=0 kb_fail=0 total=4 injected=4 history_level=-1 x_level=1 kb_level=-1 shape_bad=0 x_each_worker_once=1
CASE_PASS m=17 n=17 sve16_entries=0 expected=0 old_entries=0 packed_entries=0 packed_expected=0
ALLOC_PASS m=31 n=1 small=1 history_expected=0 history_calls=0 history_bytes=0 history_success=0 history_fail=0 x_calls=4 x_bytes=7936 x_success=0 x_fail=4 kb_calls=0 kb_bytes=0 kb_success=0 kb_fail=0 total=4 injected=4 history_level=-1 x_level=1 kb_level=-1 shape_bad=0 x_each_worker_once=1
CASE_PASS m=31 n=1 sve16_entries=0 expected=0 old_entries=0 packed_entries=0 packed_expected=0
ALLOC_PASS m=31 n=7 small=1 history_expected=0 history_calls=0 history_bytes=0 history_success=0 history_fail=0 x_calls=4 x_bytes=7936 x_success=0 x_fail=4 kb_calls=0 kb_bytes=0 kb_success=0 kb_fail=0 total=4 injected=4 history_level=-1 x_level=1 kb_level=-1 shape_bad=0 x_each_worker_once=1
CASE_PASS m=31 n=7 sve16_entries=0 expected=0 old_entries=0 packed_entries=0 packed_expected=0
ALLOC_PASS m=31 n=8 small=1 history_expected=0 history_calls=0 history_bytes=0 history_success=0 history_fail=0 x_calls=4 x_bytes=7936 x_success=0 x_fail=4 kb_calls=0 kb_bytes=0 kb_success=0 kb_fail=0 total=4 injected=4 history_level=-1 x_level=1 kb_level=-1 shape_bad=0 x_each_worker_once=1
CASE_PASS m=31 n=8 sve16_entries=0 expected=0 old_entries=0 packed_entries=0 packed_expected=0
ALLOC_PASS m=31 n=9 small=1 history_expected=0 history_calls=0 history_bytes=0 history_success=0 history_fail=0 x_calls=4 x_bytes=7936 x_success=0 x_fail=4 kb_calls=0 kb_bytes=0 kb_success=0 kb_fail=0 total=4 injected=4 history_level=-1 x_level=1 kb_level=-1 shape_bad=0 x_each_worker_once=1
CASE_PASS m=31 n=9 sve16_entries=0 expected=0 old_entries=0 packed_entries=0 packed_expected=0
ALLOC_PASS m=31 n=17 small=1 history_expected=0 history_calls=0 history_bytes=0 history_success=0 history_fail=0 x_calls=4 x_bytes=7936 x_success=0 x_fail=4 kb_calls=0 kb_bytes=0 kb_success=0 kb_fail=0 total=4 injected=4 history_level=-1 x_level=1 kb_level=-1 shape_bad=0 x_each_worker_once=1
CASE_PASS m=31 n=17 sve16_entries=0 expected=0 old_entries=0 packed_entries=0 packed_expected=0
ALLOC_PASS m=32 n=1 small=1 history_expected=1 history_calls=1 history_bytes=2048 history_success=0 history_fail=1 x_calls=4 x_bytes=8192 x_success=0 x_fail=4 kb_calls=0 kb_bytes=0 kb_success=0 kb_fail=0 total=5 injected=5 history_level=0 x_level=1 kb_level=-1 shape_bad=0 x_each_worker_once=1
CASE_PASS m=32 n=1 sve16_entries=0 expected=0 old_entries=0 packed_entries=0 packed_expected=0
ALLOC_PASS m=32 n=7 small=1 history_expected=1 history_calls=1 history_bytes=2048 history_success=0 history_fail=1 x_calls=4 x_bytes=8192 x_success=0 x_fail=4 kb_calls=0 kb_bytes=0 kb_success=0 kb_fail=0 total=5 injected=5 history_level=0 x_level=1 kb_level=-1 shape_bad=0 x_each_worker_once=1
CASE_PASS m=32 n=7 sve16_entries=0 expected=0 old_entries=0 packed_entries=0 packed_expected=0
ALLOC_PASS m=32 n=8 small=1 history_expected=1 history_calls=1 history_bytes=2048 history_success=0 history_fail=1 x_calls=4 x_bytes=8192 x_success=0 x_fail=4 kb_calls=0 kb_bytes=0 kb_success=0 kb_fail=0 total=5 injected=5 history_level=0 x_level=1 kb_level=-1 shape_bad=0 x_each_worker_once=1
CASE_PASS m=32 n=8 sve16_entries=0 expected=0 old_entries=0 packed_entries=0 packed_expected=0
ALLOC_PASS m=32 n=9 small=1 history_expected=1 history_calls=1 history_bytes=2048 history_success=0 history_fail=1 x_calls=4 x_bytes=8192 x_success=0 x_fail=4 kb_calls=0 kb_bytes=0 kb_success=0 kb_fail=0 total=5 injected=5 history_level=0 x_level=1 kb_level=-1 shape_bad=0 x_each_worker_once=1
CASE_PASS m=32 n=9 sve16_entries=0 expected=0 old_entries=0 packed_entries=0 packed_expected=0
ALLOC_PASS m=32 n=17 small=1 history_expected=1 history_calls=1 history_bytes=2048 history_success=0 history_fail=1 x_calls=4 x_bytes=8192 x_success=0 x_fail=4 kb_calls=0 kb_bytes=0 kb_success=0 kb_fail=0 total=5 injected=5 history_level=0 x_level=1 kb_level=-1 shape_bad=0 x_each_worker_once=1
CASE_PASS m=32 n=17 sve16_entries=0 expected=0 old_entries=0 packed_entries=0 packed_expected=0
ALLOC_PASS m=33 n=1 small=1 history_expected=1 history_calls=1 history_bytes=2048 history_success=0 history_fail=1 x_calls=4 x_bytes=8448 x_success=0 x_fail=4 kb_calls=0 kb_bytes=0 kb_success=0 kb_fail=0 total=5 injected=5 history_level=0 x_level=1 kb_level=-1 shape_bad=0 x_each_worker_once=1
CASE_PASS m=33 n=1 sve16_entries=0 expected=0 old_entries=0 packed_entries=0 packed_expected=0
ALLOC_PASS m=33 n=7 small=1 history_expected=1 history_calls=1 history_bytes=2048 history_success=0 history_fail=1 x_calls=4 x_bytes=8448 x_success=0 x_fail=4 kb_calls=0 kb_bytes=0 kb_success=0 kb_fail=0 total=5 injected=5 history_level=0 x_level=1 kb_level=-1 shape_bad=0 x_each_worker_once=1
CASE_PASS m=33 n=7 sve16_entries=0 expected=0 old_entries=0 packed_entries=0 packed_expected=0
ALLOC_PASS m=33 n=8 small=1 history_expected=1 history_calls=1 history_bytes=2048 history_success=0 history_fail=1 x_calls=4 x_bytes=8448 x_success=0 x_fail=4 kb_calls=0 kb_bytes=0 kb_success=0 kb_fail=0 total=5 injected=5 history_level=0 x_level=1 kb_level=-1 shape_bad=0 x_each_worker_once=1
CASE_PASS m=33 n=8 sve16_entries=0 expected=0 old_entries=0 packed_entries=0 packed_expected=0
ALLOC_PASS m=33 n=9 small=1 history_expected=1 history_calls=1 history_bytes=2048 history_success=0 history_fail=1 x_calls=4 x_bytes=8448 x_success=0 x_fail=4 kb_calls=0 kb_bytes=0 kb_success=0 kb_fail=0 total=5 injected=5 history_level=0 x_level=1 kb_level=-1 shape_bad=0 x_each_worker_once=1
CASE_PASS m=33 n=9 sve16_entries=0 expected=0 old_entries=0 packed_entries=0 packed_expected=0
ALLOC_PASS m=33 n=17 small=1 history_expected=1 history_calls=1 history_bytes=2048 history_success=0 history_fail=1 x_calls=4 x_bytes=8448 x_success=0 x_fail=4 kb_calls=0 kb_bytes=0 kb_success=0 kb_fail=0 total=5 injected=5 history_level=0 x_level=1 kb_level=-1 shape_bad=0 x_each_worker_once=1
CASE_PASS m=33 n=17 sve16_entries=0 expected=0 old_entries=0 packed_entries=0 packed_expected=0
ALLOC_PASS m=63 n=1 small=1 history_expected=1 history_calls=1 history_bytes=6144 history_success=0 history_fail=1 x_calls=4 x_bytes=16128 x_success=0 x_fail=4 kb_calls=0 kb_bytes=0 kb_success=0 kb_fail=0 total=5 injected=5 history_level=0 x_level=1 kb_level=-1 shape_bad=0 x_each_worker_once=1
CASE_PASS m=63 n=1 sve16_entries=0 expected=0 old_entries=0 packed_entries=0 packed_expected=0
ALLOC_PASS m=63 n=7 small=1 history_expected=1 history_calls=1 history_bytes=6144 history_success=0 history_fail=1 x_calls=4 x_bytes=16128 x_success=0 x_fail=4 kb_calls=0 kb_bytes=0 kb_success=0 kb_fail=0 total=5 injected=5 history_level=0 x_level=1 kb_level=-1 shape_bad=0 x_each_worker_once=1
CASE_PASS m=63 n=7 sve16_entries=0 expected=0 old_entries=0 packed_entries=0 packed_expected=0
ALLOC_PASS m=63 n=8 small=1 history_expected=1 history_calls=1 history_bytes=6144 history_success=0 history_fail=1 x_calls=4 x_bytes=16128 x_success=0 x_fail=4 kb_calls=0 kb_bytes=0 kb_success=0 kb_fail=0 total=5 injected=5 history_level=0 x_level=1 kb_level=-1 shape_bad=0 x_each_worker_once=1
CASE_PASS m=63 n=8 sve16_entries=0 expected=0 old_entries=0 packed_entries=0 packed_expected=0
ALLOC_PASS m=63 n=9 small=1 history_expected=1 history_calls=1 history_bytes=6144 history_success=0 history_fail=1 x_calls=4 x_bytes=16128 x_success=0 x_fail=4 kb_calls=0 kb_bytes=0 kb_success=0 kb_fail=0 total=5 injected=5 history_level=0 x_level=1 kb_level=-1 shape_bad=0 x_each_worker_once=1
CASE_PASS m=63 n=9 sve16_entries=0 expected=0 old_entries=0 packed_entries=0 packed_expected=0
ALLOC_PASS m=63 n=17 small=1 history_expected=1 history_calls=1 history_bytes=6144 history_success=0 history_fail=1 x_calls=4 x_bytes=16128 x_success=0 x_fail=4 kb_calls=0 kb_bytes=0 kb_success=0 kb_fail=0 total=5 injected=5 history_level=0 x_level=1 kb_level=-1 shape_bad=0 x_each_worker_once=1
CASE_PASS m=63 n=17 sve16_entries=0 expected=0 old_entries=0 packed_entries=0 packed_expected=0
ALLOC_PASS m=64 n=1 small=1 history_expected=1 history_calls=1 history_bytes=12288 history_success=0 history_fail=1 x_calls=4 x_bytes=16384 x_success=0 x_fail=4 kb_calls=0 kb_bytes=0 kb_success=0 kb_fail=0 total=5 injected=5 history_level=0 x_level=1 kb_level=-1 shape_bad=0 x_each_worker_once=1
CASE_PASS m=64 n=1 sve16_entries=0 expected=0 old_entries=0 packed_entries=0 packed_expected=0
ALLOC_PASS m=64 n=7 small=1 history_expected=1 history_calls=1 history_bytes=12288 history_success=0 history_fail=1 x_calls=4 x_bytes=16384 x_success=0 x_fail=4 kb_calls=0 kb_bytes=0 kb_success=0 kb_fail=0 total=5 injected=5 history_level=0 x_level=1 kb_level=-1 shape_bad=0 x_each_worker_once=1
CASE_PASS m=64 n=7 sve16_entries=0 expected=0 old_entries=0 packed_entries=0 packed_expected=0
ALLOC_PASS m=64 n=8 small=1 history_expected=1 history_calls=1 history_bytes=12288 history_success=0 history_fail=1 x_calls=4 x_bytes=16384 x_success=0 x_fail=4 kb_calls=0 kb_bytes=0 kb_success=0 kb_fail=0 total=5 injected=5 history_level=0 x_level=1 kb_level=-1 shape_bad=0 x_each_worker_once=1
CASE_PASS m=64 n=8 sve16_entries=0 expected=0 old_entries=0 packed_entries=0 packed_expected=0
ALLOC_PASS m=64 n=9 small=1 history_expected=1 history_calls=1 history_bytes=12288 history_success=0 history_fail=1 x_calls=4 x_bytes=16384 x_success=0 x_fail=4 kb_calls=0 kb_bytes=0 kb_success=0 kb_fail=0 total=5 injected=5 history_level=0 x_level=1 kb_level=-1 shape_bad=0 x_each_worker_once=1
CASE_PASS m=64 n=9 sve16_entries=0 expected=0 old_entries=0 packed_entries=0 packed_expected=0
ALLOC_PASS m=64 n=17 small=1 history_expected=1 history_calls=1 history_bytes=12288 history_success=0 history_fail=1 x_calls=4 x_bytes=16384 x_success=0 x_fail=4 kb_calls=0 kb_bytes=0 kb_success=0 kb_fail=0 total=5 injected=5 history_level=0 x_level=1 kb_level=-1 shape_bad=0 x_each_worker_once=1
CASE_PASS m=64 n=17 sve16_entries=0 expected=0 old_entries=0 packed_entries=0 packed_expected=0
ALLOC_PASS m=65 n=1 small=1 history_expected=1 history_calls=1 history_bytes=12288 history_success=0 history_fail=1 x_calls=4 x_bytes=16640 x_success=0 x_fail=4 kb_calls=0 kb_bytes=0 kb_success=0 kb_fail=0 total=5 injected=5 history_level=0 x_level=1 kb_level=-1 shape_bad=0 x_each_worker_once=1
CASE_PASS m=65 n=1 sve16_entries=0 expected=0 old_entries=0 packed_entries=0 packed_expected=0
ALLOC_PASS m=65 n=7 small=1 history_expected=1 history_calls=1 history_bytes=12288 history_success=0 history_fail=1 x_calls=4 x_bytes=16640 x_success=0 x_fail=4 kb_calls=0 kb_bytes=0 kb_success=0 kb_fail=0 total=5 injected=5 history_level=0 x_level=1 kb_level=-1 shape_bad=0 x_each_worker_once=1
CASE_PASS m=65 n=7 sve16_entries=0 expected=0 old_entries=0 packed_entries=0 packed_expected=0
ALLOC_PASS m=65 n=8 small=1 history_expected=1 history_calls=1 history_bytes=12288 history_success=0 history_fail=1 x_calls=4 x_bytes=16640 x_success=0 x_fail=4 kb_calls=0 kb_bytes=0 kb_success=0 kb_fail=0 total=5 injected=5 history_level=0 x_level=1 kb_level=-1 shape_bad=0 x_each_worker_once=1
CASE_PASS m=65 n=8 sve16_entries=0 expected=0 old_entries=0 packed_entries=0 packed_expected=0
ALLOC_PASS m=65 n=9 small=1 history_expected=1 history_calls=1 history_bytes=12288 history_success=0 history_fail=1 x_calls=4 x_bytes=16640 x_success=0 x_fail=4 kb_calls=0 kb_bytes=0 kb_success=0 kb_fail=0 total=5 injected=5 history_level=0 x_level=1 kb_level=-1 shape_bad=0 x_each_worker_once=1
CASE_PASS m=65 n=9 sve16_entries=0 expected=0 old_entries=0 packed_entries=0 packed_expected=0
ALLOC_PASS m=65 n=17 small=1 history_expected=1 history_calls=1 history_bytes=12288 history_success=0 history_fail=1 x_calls=4 x_bytes=16640 x_success=0 x_fail=4 kb_calls=0 kb_bytes=0 kb_success=0 kb_fail=0 total=5 injected=5 history_level=0 x_level=1 kb_level=-1 shape_bad=0 x_each_worker_once=1
CASE_PASS m=65 n=17 sve16_entries=0 expected=0 old_entries=0 packed_entries=0 packed_expected=0
ALLOC_PASS m=255 n=1 small=1 history_expected=1 history_calls=1 history_bytes=215040 history_success=0 history_fail=1 x_calls=4 x_bytes=65280 x_success=0 x_fail=4 kb_calls=0 kb_bytes=0 kb_success=0 kb_fail=0 total=5 injected=5 history_level=0 x_level=1 kb_level=-1 shape_bad=0 x_each_worker_once=1
CASE_PASS m=255 n=1 sve16_entries=0 expected=0 old_entries=0 packed_entries=0 packed_expected=0
ALLOC_PASS m=255 n=7 small=1 history_expected=1 history_calls=1 history_bytes=215040 history_success=0 history_fail=1 x_calls=4 x_bytes=65280 x_success=0 x_fail=4 kb_calls=0 kb_bytes=0 kb_success=0 kb_fail=0 total=5 injected=5 history_level=0 x_level=1 kb_level=-1 shape_bad=0 x_each_worker_once=1
CASE_PASS m=255 n=7 sve16_entries=0 expected=0 old_entries=0 packed_entries=0 packed_expected=0
ALLOC_PASS m=255 n=8 small=1 history_expected=1 history_calls=1 history_bytes=215040 history_success=0 history_fail=1 x_calls=4 x_bytes=65280 x_success=0 x_fail=4 kb_calls=0 kb_bytes=0 kb_success=0 kb_fail=0 total=5 injected=5 history_level=0 x_level=1 kb_level=-1 shape_bad=0 x_each_worker_once=1
CASE_PASS m=255 n=8 sve16_entries=0 expected=0 old_entries=0 packed_entries=0 packed_expected=0
ALLOC_PASS m=255 n=9 small=1 history_expected=1 history_calls=1 history_bytes=215040 history_success=0 history_fail=1 x_calls=4 x_bytes=65280 x_success=0 x_fail=4 kb_calls=0 kb_bytes=0 kb_success=0 kb_fail=0 total=5 injected=5 history_level=0 x_level=1 kb_level=-1 shape_bad=0 x_each_worker_once=1
CASE_PASS m=255 n=9 sve16_entries=0 expected=0 old_entries=0 packed_entries=0 packed_expected=0
ALLOC_PASS m=255 n=17 small=1 history_expected=1 history_calls=1 history_bytes=215040 history_success=0 history_fail=1 x_calls=4 x_bytes=65280 x_success=0 x_fail=4 kb_calls=0 kb_bytes=0 kb_success=0 kb_fail=0 total=5 injected=5 history_level=0 x_level=1 kb_level=-1 shape_bad=0 x_each_worker_once=1
CASE_PASS m=255 n=17 sve16_entries=0 expected=0 old_entries=0 packed_entries=0 packed_expected=0
ALLOC_PASS m=256 n=1 small=1 history_expected=1 history_calls=1 history_bytes=245760 history_success=0 history_fail=1 x_calls=4 x_bytes=65536 x_success=0 x_fail=4 kb_calls=0 kb_bytes=0 kb_success=0 kb_fail=0 total=5 injected=5 history_level=0 x_level=1 kb_level=-1 shape_bad=0 x_each_worker_once=1
CASE_PASS m=256 n=1 sve16_entries=0 expected=0 old_entries=0 packed_entries=0 packed_expected=0
ALLOC_PASS m=256 n=7 small=1 history_expected=1 history_calls=1 history_bytes=245760 history_success=0 history_fail=1 x_calls=4 x_bytes=65536 x_success=0 x_fail=4 kb_calls=0 kb_bytes=0 kb_success=0 kb_fail=0 total=5 injected=5 history_level=0 x_level=1 kb_level=-1 shape_bad=0 x_each_worker_once=1
CASE_PASS m=256 n=7 sve16_entries=0 expected=0 old_entries=0 packed_entries=0 packed_expected=0
ALLOC_PASS m=256 n=8 small=1 history_expected=1 history_calls=1 history_bytes=245760 history_success=0 history_fail=1 x_calls=4 x_bytes=65536 x_success=0 x_fail=4 kb_calls=0 kb_bytes=0 kb_success=0 kb_fail=0 total=5 injected=5 history_level=0 x_level=1 kb_level=-1 shape_bad=0 x_each_worker_once=1
CASE_PASS m=256 n=8 sve16_entries=0 expected=0 old_entries=0 packed_entries=0 packed_expected=0
ALLOC_PASS m=256 n=9 small=1 history_expected=1 history_calls=1 history_bytes=245760 history_success=0 history_fail=1 x_calls=4 x_bytes=65536 x_success=0 x_fail=4 kb_calls=0 kb_bytes=0 kb_success=0 kb_fail=0 total=5 injected=5 history_level=0 x_level=1 kb_level=-1 shape_bad=0 x_each_worker_once=1
CASE_PASS m=256 n=9 sve16_entries=0 expected=0 old_entries=0 packed_entries=0 packed_expected=0
ALLOC_PASS m=256 n=17 small=1 history_expected=1 history_calls=1 history_bytes=245760 history_success=0 history_fail=1 x_calls=4 x_bytes=65536 x_success=0 x_fail=4 kb_calls=0 kb_bytes=0 kb_success=0 kb_fail=0 total=5 injected=5 history_level=0 x_level=1 kb_level=-1 shape_bad=0 x_each_worker_once=1
CASE_PASS m=256 n=17 sve16_entries=0 expected=0 old_entries=0 packed_entries=0 packed_expected=0
ALLOC_PASS m=257 n=1 small=1 history_expected=1 history_calls=1 history_bytes=245760 history_success=0 history_fail=1 x_calls=4 x_bytes=65792 x_success=0 x_fail=4 kb_calls=0 kb_bytes=0 kb_success=0 kb_fail=0 total=5 injected=5 history_level=0 x_level=1 kb_level=-1 shape_bad=0 x_each_worker_once=1
CASE_PASS m=257 n=1 sve16_entries=0 expected=0 old_entries=0 packed_entries=0 packed_expected=0
ALLOC_PASS m=257 n=7 small=1 history_expected=1 history_calls=1 history_bytes=245760 history_success=0 history_fail=1 x_calls=4 x_bytes=65792 x_success=0 x_fail=4 kb_calls=0 kb_bytes=0 kb_success=0 kb_fail=0 total=5 injected=5 history_level=0 x_level=1 kb_level=-1 shape_bad=0 x_each_worker_once=1
CASE_PASS m=257 n=7 sve16_entries=0 expected=0 old_entries=0 packed_entries=0 packed_expected=0
ALLOC_PASS m=257 n=8 small=1 history_expected=1 history_calls=1 history_bytes=245760 history_success=0 history_fail=1 x_calls=4 x_bytes=65792 x_success=0 x_fail=4 kb_calls=0 kb_bytes=0 kb_success=0 kb_fail=0 total=5 injected=5 history_level=0 x_level=1 kb_level=-1 shape_bad=0 x_each_worker_once=1
CASE_PASS m=257 n=8 sve16_entries=0 expected=0 old_entries=0 packed_entries=0 packed_expected=0
ALLOC_PASS m=257 n=9 small=1 history_expected=1 history_calls=1 history_bytes=245760 history_success=0 history_fail=1 x_calls=4 x_bytes=65792 x_success=0 x_fail=4 kb_calls=0 kb_bytes=0 kb_success=0 kb_fail=0 total=5 injected=5 history_level=0 x_level=1 kb_level=-1 shape_bad=0 x_each_worker_once=1
CASE_PASS m=257 n=9 sve16_entries=0 expected=0 old_entries=0 packed_entries=0 packed_expected=0
ALLOC_PASS m=257 n=17 small=1 history_expected=1 history_calls=1 history_bytes=245760 history_success=0 history_fail=1 x_calls=4 x_bytes=65792 x_success=0 x_fail=4 kb_calls=0 kb_bytes=0 kb_success=0 kb_fail=0 total=5 injected=5 history_level=0 x_level=1 kb_level=-1 shape_bad=0 x_each_worker_once=1
CASE_PASS m=257 n=17 sve16_entries=0 expected=0 old_entries=0 packed_entries=0 packed_expected=0
ALLOCATION_SUMMARY_PASS cases=80 budget_cases=0 shared_injection_cases=0
PASS whole_cases=80 noop_cases=4 non_dyadic_long_double_RHS=1 padding_L_unchanged=1 max_error=1.1102230246251565e-16
SOURCE_FEATURES_PASS panel16=1 packedL16=1 has_budget=1 history_budget_bytes=4194304
MODE=full THREADS=4 NARROW_VL=1 EXPECT_SVE16=0 EXPECT_PACKEDL16=0
ALLOC_PASS m=1 n=1 small=1 history_expected=0 history_calls=0 history_bytes=0 history_success=0 history_fail=0 x_calls=4 x_bytes=256 x_success=4 x_fail=0 kb_calls=0 kb_bytes=0 kb_success=0 kb_fail=0 total=4 injected=0 history_level=-1 x_level=1 kb_level=-1 shape_bad=0 x_each_worker_once=1
CASE_PASS m=1 n=1 sve16_entries=0 expected=0 old_entries=0 packed_entries=0 packed_expected=0
ALLOC_PASS m=1 n=7 small=1 history_expected=0 history_calls=0 history_bytes=0 history_success=0 history_fail=0 x_calls=4 x_bytes=256 x_success=4 x_fail=0 kb_calls=0 kb_bytes=0 kb_success=0 kb_fail=0 total=4 injected=0 history_level=-1 x_level=1 kb_level=-1 shape_bad=0 x_each_worker_once=1
CASE_PASS m=1 n=7 sve16_entries=0 expected=0 old_entries=0 packed_entries=0 packed_expected=0
ALLOC_PASS m=1 n=8 small=1 history_expected=0 history_calls=0 history_bytes=0 history_success=0 history_fail=0 x_calls=4 x_bytes=256 x_success=4 x_fail=0 kb_calls=0 kb_bytes=0 kb_success=0 kb_fail=0 total=4 injected=0 history_level=-1 x_level=1 kb_level=-1 shape_bad=0 x_each_worker_once=1
CASE_PASS m=1 n=8 sve16_entries=0 expected=0 old_entries=0 packed_entries=0 packed_expected=0
ALLOC_PASS m=1 n=9 small=1 history_expected=0 history_calls=0 history_bytes=0 history_success=0 history_fail=0 x_calls=4 x_bytes=256 x_success=4 x_fail=0 kb_calls=0 kb_bytes=0 kb_success=0 kb_fail=0 total=4 injected=0 history_level=-1 x_level=1 kb_level=-1 shape_bad=0 x_each_worker_once=1
CASE_PASS m=1 n=9 sve16_entries=0 expected=0 old_entries=0 packed_entries=0 packed_expected=0
ALLOC_PASS m=1 n=17 small=1 history_expected=0 history_calls=0 history_bytes=0 history_success=0 history_fail=0 x_calls=4 x_bytes=256 x_success=4 x_fail=0 kb_calls=0 kb_bytes=0 kb_success=0 kb_fail=0 total=4 injected=0 history_level=-1 x_level=1 kb_level=-1 shape_bad=0 x_each_worker_once=1
CASE_PASS m=1 n=17 sve16_entries=0 expected=0 old_entries=0 packed_entries=0 packed_expected=0
ALLOC_PASS m=3 n=1 small=1 history_expected=0 history_calls=0 history_bytes=0 history_success=0 history_fail=0 x_calls=4 x_bytes=768 x_success=4 x_fail=0 kb_calls=0 kb_bytes=0 kb_success=0 kb_fail=0 total=4 injected=0 history_level=-1 x_level=1 kb_level=-1 shape_bad=0 x_each_worker_once=1
CASE_PASS m=3 n=1 sve16_entries=0 expected=0 old_entries=0 packed_entries=0 packed_expected=0
ALLOC_PASS m=3 n=7 small=1 history_expected=0 history_calls=0 history_bytes=0 history_success=0 history_fail=0 x_calls=4 x_bytes=768 x_success=4 x_fail=0 kb_calls=0 kb_bytes=0 kb_success=0 kb_fail=0 total=4 injected=0 history_level=-1 x_level=1 kb_level=-1 shape_bad=0 x_each_worker_once=1
CASE_PASS m=3 n=7 sve16_entries=0 expected=0 old_entries=0 packed_entries=0 packed_expected=0
ALLOC_PASS m=3 n=8 small=1 history_expected=0 history_calls=0 history_bytes=0 history_success=0 history_fail=0 x_calls=4 x_bytes=768 x_success=4 x_fail=0 kb_calls=0 kb_bytes=0 kb_success=0 kb_fail=0 total=4 injected=0 history_level=-1 x_level=1 kb_level=-1 shape_bad=0 x_each_worker_once=1
CASE_PASS m=3 n=8 sve16_entries=0 expected=0 old_entries=0 packed_entries=0 packed_expected=0
ALLOC_PASS m=3 n=9 small=1 history_expected=0 history_calls=0 history_bytes=0 history_success=0 history_fail=0 x_calls=4 x_bytes=768 x_success=4 x_fail=0 kb_calls=0 kb_bytes=0 kb_success=0 kb_fail=0 total=4 injected=0 history_level=-1 x_level=1 kb_level=-1 shape_bad=0 x_each_worker_once=1
CASE_PASS m=3 n=9 sve16_entries=0 expected=0 old_entries=0 packed_entries=0 packed_expected=0
ALLOC_PASS m=3 n=17 small=1 history_expected=0 history_calls=0 history_bytes=0 history_success=0 history_fail=0 x_calls=4 x_bytes=768 x_success=4 x_fail=0 kb_calls=0 kb_bytes=0 kb_success=0 kb_fail=0 total=4 injected=0 history_level=-1 x_level=1 kb_level=-1 shape_bad=0 x_each_worker_once=1
CASE_PASS m=3 n=17 sve16_entries=0 expected=0 old_entries=0 packed_entries=0 packed_expected=0
ALLOC_PASS m=4 n=1 small=1 history_expected=0 history_calls=0 history_bytes=0 history_success=0 history_fail=0 x_calls=4 x_bytes=1024 x_success=4 x_fail=0 kb_calls=0 kb_bytes=0 kb_success=0 kb_fail=0 total=4 injected=0 history_level=-1 x_level=1 kb_level=-1 shape_bad=0 x_each_worker_once=1
CASE_PASS m=4 n=1 sve16_entries=0 expected=0 old_entries=0 packed_entries=0 packed_expected=0
ALLOC_PASS m=4 n=7 small=1 history_expected=0 history_calls=0 history_bytes=0 history_success=0 history_fail=0 x_calls=4 x_bytes=1024 x_success=4 x_fail=0 kb_calls=0 kb_bytes=0 kb_success=0 kb_fail=0 total=4 injected=0 history_level=-1 x_level=1 kb_level=-1 shape_bad=0 x_each_worker_once=1
CASE_PASS m=4 n=7 sve16_entries=0 expected=0 old_entries=0 packed_entries=0 packed_expected=0
ALLOC_PASS m=4 n=8 small=1 history_expected=0 history_calls=0 history_bytes=0 history_success=0 history_fail=0 x_calls=4 x_bytes=1024 x_success=4 x_fail=0 kb_calls=0 kb_bytes=0 kb_success=0 kb_fail=0 total=4 injected=0 history_level=-1 x_level=1 kb_level=-1 shape_bad=0 x_each_worker_once=1
CASE_PASS m=4 n=8 sve16_entries=0 expected=0 old_entries=0 packed_entries=0 packed_expected=0
ALLOC_PASS m=4 n=9 small=1 history_expected=0 history_calls=0 history_bytes=0 history_success=0 history_fail=0 x_calls=4 x_bytes=1024 x_success=4 x_fail=0 kb_calls=0 kb_bytes=0 kb_success=0 kb_fail=0 total=4 injected=0 history_level=-1 x_level=1 kb_level=-1 shape_bad=0 x_each_worker_once=1
CASE_PASS m=4 n=9 sve16_entries=0 expected=0 old_entries=0 packed_entries=0 packed_expected=0
ALLOC_PASS m=4 n=17 small=1 history_expected=0 history_calls=0 history_bytes=0 history_success=0 history_fail=0 x_calls=4 x_bytes=1024 x_success=4 x_fail=0 kb_calls=0 kb_bytes=0 kb_success=0 kb_fail=0 total=4 injected=0 history_level=-1 x_level=1 kb_level=-1 shape_bad=0 x_each_worker_once=1
CASE_PASS m=4 n=17 sve16_entries=0 expected=0 old_entries=0 packed_entries=0 packed_expected=0
ALLOC_PASS m=5 n=1 small=1 history_expected=0 history_calls=0 history_bytes=0 history_success=0 history_fail=0 x_calls=4 x_bytes=1280 x_success=4 x_fail=0 kb_calls=0 kb_bytes=0 kb_success=0 kb_fail=0 total=4 injected=0 history_level=-1 x_level=1 kb_level=-1 shape_bad=0 x_each_worker_once=1
CASE_PASS m=5 n=1 sve16_entries=0 expected=0 old_entries=0 packed_entries=0 packed_expected=0
ALLOC_PASS m=5 n=7 small=1 history_expected=0 history_calls=0 history_bytes=0 history_success=0 history_fail=0 x_calls=4 x_bytes=1280 x_success=4 x_fail=0 kb_calls=0 kb_bytes=0 kb_success=0 kb_fail=0 total=4 injected=0 history_level=-1 x_level=1 kb_level=-1 shape_bad=0 x_each_worker_once=1
CASE_PASS m=5 n=7 sve16_entries=0 expected=0 old_entries=0 packed_entries=0 packed_expected=0
ALLOC_PASS m=5 n=8 small=1 history_expected=0 history_calls=0 history_bytes=0 history_success=0 history_fail=0 x_calls=4 x_bytes=1280 x_success=4 x_fail=0 kb_calls=0 kb_bytes=0 kb_success=0 kb_fail=0 total=4 injected=0 history_level=-1 x_level=1 kb_level=-1 shape_bad=0 x_each_worker_once=1
CASE_PASS m=5 n=8 sve16_entries=0 expected=0 old_entries=0 packed_entries=0 packed_expected=0
ALLOC_PASS m=5 n=9 small=1 history_expected=0 history_calls=0 history_bytes=0 history_success=0 history_fail=0 x_calls=4 x_bytes=1280 x_success=4 x_fail=0 kb_calls=0 kb_bytes=0 kb_success=0 kb_fail=0 total=4 injected=0 history_level=-1 x_level=1 kb_level=-1 shape_bad=0 x_each_worker_once=1
CASE_PASS m=5 n=9 sve16_entries=0 expected=0 old_entries=0 packed_entries=0 packed_expected=0
ALLOC_PASS m=5 n=17 small=1 history_expected=0 history_calls=0 history_bytes=0 history_success=0 history_fail=0 x_calls=4 x_bytes=1280 x_success=4 x_fail=0 kb_calls=0 kb_bytes=0 kb_success=0 kb_fail=0 total=4 injected=0 history_level=-1 x_level=1 kb_level=-1 shape_bad=0 x_each_worker_once=1
CASE_PASS m=5 n=17 sve16_entries=0 expected=0 old_entries=0 packed_entries=0 packed_expected=0
ALLOC_PASS m=15 n=1 small=1 history_expected=0 history_calls=0 history_bytes=0 history_success=0 history_fail=0 x_calls=4 x_bytes=3840 x_success=4 x_fail=0 kb_calls=0 kb_bytes=0 kb_success=0 kb_fail=0 total=4 injected=0 history_level=-1 x_level=1 kb_level=-1 shape_bad=0 x_each_worker_once=1
CASE_PASS m=15 n=1 sve16_entries=0 expected=0 old_entries=0 packed_entries=0 packed_expected=0
ALLOC_PASS m=15 n=7 small=1 history_expected=0 history_calls=0 history_bytes=0 history_success=0 history_fail=0 x_calls=4 x_bytes=3840 x_success=4 x_fail=0 kb_calls=0 kb_bytes=0 kb_success=0 kb_fail=0 total=4 injected=0 history_level=-1 x_level=1 kb_level=-1 shape_bad=0 x_each_worker_once=1
CASE_PASS m=15 n=7 sve16_entries=0 expected=0 old_entries=0 packed_entries=0 packed_expected=0
ALLOC_PASS m=15 n=8 small=1 history_expected=0 history_calls=0 history_bytes=0 history_success=0 history_fail=0 x_calls=4 x_bytes=3840 x_success=4 x_fail=0 kb_calls=0 kb_bytes=0 kb_success=0 kb_fail=0 total=4 injected=0 history_level=-1 x_level=1 kb_level=-1 shape_bad=0 x_each_worker_once=1
CASE_PASS m=15 n=8 sve16_entries=0 expected=0 old_entries=0 packed_entries=0 packed_expected=0
ALLOC_PASS m=15 n=9 small=1 history_expected=0 history_calls=0 history_bytes=0 history_success=0 history_fail=0 x_calls=4 x_bytes=3840 x_success=4 x_fail=0 kb_calls=0 kb_bytes=0 kb_success=0 kb_fail=0 total=4 injected=0 history_level=-1 x_level=1 kb_level=-1 shape_bad=0 x_each_worker_once=1
CASE_PASS m=15 n=9 sve16_entries=0 expected=0 old_entries=0 packed_entries=0 packed_expected=0
ALLOC_PASS m=15 n=17 small=1 history_expected=0 history_calls=0 history_bytes=0 history_success=0 history_fail=0 x_calls=4 x_bytes=3840 x_success=4 x_fail=0 kb_calls=0 kb_bytes=0 kb_success=0 kb_fail=0 total=4 injected=0 history_level=-1 x_level=1 kb_level=-1 shape_bad=0 x_each_worker_once=1
CASE_PASS m=15 n=17 sve16_entries=0 expected=0 old_entries=0 packed_entries=0 packed_expected=0
ALLOC_PASS m=16 n=1 small=1 history_expected=0 history_calls=0 history_bytes=0 history_success=0 history_fail=0 x_calls=4 x_bytes=4096 x_success=4 x_fail=0 kb_calls=0 kb_bytes=0 kb_success=0 kb_fail=0 total=4 injected=0 history_level=-1 x_level=1 kb_level=-1 shape_bad=0 x_each_worker_once=1
CASE_PASS m=16 n=1 sve16_entries=0 expected=0 old_entries=0 packed_entries=0 packed_expected=0
ALLOC_PASS m=16 n=7 small=1 history_expected=0 history_calls=0 history_bytes=0 history_success=0 history_fail=0 x_calls=4 x_bytes=4096 x_success=4 x_fail=0 kb_calls=0 kb_bytes=0 kb_success=0 kb_fail=0 total=4 injected=0 history_level=-1 x_level=1 kb_level=-1 shape_bad=0 x_each_worker_once=1
CASE_PASS m=16 n=7 sve16_entries=0 expected=0 old_entries=0 packed_entries=0 packed_expected=0
ALLOC_PASS m=16 n=8 small=1 history_expected=0 history_calls=0 history_bytes=0 history_success=0 history_fail=0 x_calls=4 x_bytes=4096 x_success=4 x_fail=0 kb_calls=0 kb_bytes=0 kb_success=0 kb_fail=0 total=4 injected=0 history_level=-1 x_level=1 kb_level=-1 shape_bad=0 x_each_worker_once=1
CASE_PASS m=16 n=8 sve16_entries=0 expected=0 old_entries=0 packed_entries=0 packed_expected=0
ALLOC_PASS m=16 n=9 small=1 history_expected=0 history_calls=0 history_bytes=0 history_success=0 history_fail=0 x_calls=4 x_bytes=4096 x_success=4 x_fail=0 kb_calls=0 kb_bytes=0 kb_success=0 kb_fail=0 total=4 injected=0 history_level=-1 x_level=1 kb_level=-1 shape_bad=0 x_each_worker_once=1
CASE_PASS m=16 n=9 sve16_entries=0 expected=0 old_entries=0 packed_entries=0 packed_expected=0
ALLOC_PASS m=16 n=17 small=1 history_expected=0 history_calls=0 history_bytes=0 history_success=0 history_fail=0 x_calls=4 x_bytes=4096 x_success=4 x_fail=0 kb_calls=0 kb_bytes=0 kb_success=0 kb_fail=0 total=4 injected=0 history_level=-1 x_level=1 kb_level=-1 shape_bad=0 x_each_worker_once=1
CASE_PASS m=16 n=17 sve16_entries=0 expected=0 old_entries=0 packed_entries=0 packed_expected=0
ALLOC_PASS m=17 n=1 small=1 history_expected=0 history_calls=0 history_bytes=0 history_success=0 history_fail=0 x_calls=4 x_bytes=4352 x_success=4 x_fail=0 kb_calls=0 kb_bytes=0 kb_success=0 kb_fail=0 total=4 injected=0 history_level=-1 x_level=1 kb_level=-1 shape_bad=0 x_each_worker_once=1
CASE_PASS m=17 n=1 sve16_entries=0 expected=0 old_entries=0 packed_entries=0 packed_expected=0
ALLOC_PASS m=17 n=7 small=1 history_expected=0 history_calls=0 history_bytes=0 history_success=0 history_fail=0 x_calls=4 x_bytes=4352 x_success=4 x_fail=0 kb_calls=0 kb_bytes=0 kb_success=0 kb_fail=0 total=4 injected=0 history_level=-1 x_level=1 kb_level=-1 shape_bad=0 x_each_worker_once=1
CASE_PASS m=17 n=7 sve16_entries=0 expected=0 old_entries=0 packed_entries=0 packed_expected=0
ALLOC_PASS m=17 n=8 small=1 history_expected=0 history_calls=0 history_bytes=0 history_success=0 history_fail=0 x_calls=4 x_bytes=4352 x_success=4 x_fail=0 kb_calls=0 kb_bytes=0 kb_success=0 kb_fail=0 total=4 injected=0 history_level=-1 x_level=1 kb_level=-1 shape_bad=0 x_each_worker_once=1
CASE_PASS m=17 n=8 sve16_entries=0 expected=0 old_entries=0 packed_entries=0 packed_expected=0
ALLOC_PASS m=17 n=9 small=1 history_expected=0 history_calls=0 history_bytes=0 history_success=0 history_fail=0 x_calls=4 x_bytes=4352 x_success=4 x_fail=0 kb_calls=0 kb_bytes=0 kb_success=0 kb_fail=0 total=4 injected=0 history_level=-1 x_level=1 kb_level=-1 shape_bad=0 x_each_worker_once=1
CASE_PASS m=17 n=9 sve16_entries=0 expected=0 old_entries=0 packed_entries=0 packed_expected=0
ALLOC_PASS m=17 n=17 small=1 history_expected=0 history_calls=0 history_bytes=0 history_success=0 history_fail=0 x_calls=4 x_bytes=4352 x_success=4 x_fail=0 kb_calls=0 kb_bytes=0 kb_success=0 kb_fail=0 total=4 injected=0 history_level=-1 x_level=1 kb_level=-1 shape_bad=0 x_each_worker_once=1
CASE_PASS m=17 n=17 sve16_entries=0 expected=0 old_entries=0 packed_entries=0 packed_expected=0
ALLOC_PASS m=31 n=1 small=1 history_expected=0 history_calls=0 history_bytes=0 history_success=0 history_fail=0 x_calls=4 x_bytes=7936 x_success=4 x_fail=0 kb_calls=0 kb_bytes=0 kb_success=0 kb_fail=0 total=4 injected=0 history_level=-1 x_level=1 kb_level=-1 shape_bad=0 x_each_worker_once=1
CASE_PASS m=31 n=1 sve16_entries=0 expected=0 old_entries=0 packed_entries=0 packed_expected=0
ALLOC_PASS m=31 n=7 small=1 history_expected=0 history_calls=0 history_bytes=0 history_success=0 history_fail=0 x_calls=4 x_bytes=7936 x_success=4 x_fail=0 kb_calls=0 kb_bytes=0 kb_success=0 kb_fail=0 total=4 injected=0 history_level=-1 x_level=1 kb_level=-1 shape_bad=0 x_each_worker_once=1
CASE_PASS m=31 n=7 sve16_entries=0 expected=0 old_entries=0 packed_entries=0 packed_expected=0
ALLOC_PASS m=31 n=8 small=1 history_expected=0 history_calls=0 history_bytes=0 history_success=0 history_fail=0 x_calls=4 x_bytes=7936 x_success=4 x_fail=0 kb_calls=0 kb_bytes=0 kb_success=0 kb_fail=0 total=4 injected=0 history_level=-1 x_level=1 kb_level=-1 shape_bad=0 x_each_worker_once=1
CASE_PASS m=31 n=8 sve16_entries=0 expected=0 old_entries=0 packed_entries=0 packed_expected=0
ALLOC_PASS m=31 n=9 small=1 history_expected=0 history_calls=0 history_bytes=0 history_success=0 history_fail=0 x_calls=4 x_bytes=7936 x_success=4 x_fail=0 kb_calls=0 kb_bytes=0 kb_success=0 kb_fail=0 total=4 injected=0 history_level=-1 x_level=1 kb_level=-1 shape_bad=0 x_each_worker_once=1
CASE_PASS m=31 n=9 sve16_entries=0 expected=0 old_entries=0 packed_entries=0 packed_expected=0
ALLOC_PASS m=31 n=17 small=1 history_expected=0 history_calls=0 history_bytes=0 history_success=0 history_fail=0 x_calls=4 x_bytes=7936 x_success=4 x_fail=0 kb_calls=0 kb_bytes=0 kb_success=0 kb_fail=0 total=4 injected=0 history_level=-1 x_level=1 kb_level=-1 shape_bad=0 x_each_worker_once=1
CASE_PASS m=31 n=17 sve16_entries=0 expected=0 old_entries=0 packed_entries=0 packed_expected=0
ALLOC_PASS m=32 n=1 small=1 history_expected=1 history_calls=1 history_bytes=2048 history_success=1 history_fail=0 x_calls=4 x_bytes=8192 x_success=4 x_fail=0 kb_calls=0 kb_bytes=0 kb_success=0 kb_fail=0 total=5 injected=0 history_level=0 x_level=1 kb_level=-1 shape_bad=0 x_each_worker_once=1
CASE_PASS m=32 n=1 sve16_entries=0 expected=0 old_entries=0 packed_entries=0 packed_expected=0
ALLOC_PASS m=32 n=7 small=1 history_expected=1 history_calls=1 history_bytes=2048 history_success=1 history_fail=0 x_calls=4 x_bytes=8192 x_success=4 x_fail=0 kb_calls=0 kb_bytes=0 kb_success=0 kb_fail=0 total=5 injected=0 history_level=0 x_level=1 kb_level=-1 shape_bad=0 x_each_worker_once=1
CASE_PASS m=32 n=7 sve16_entries=0 expected=0 old_entries=0 packed_entries=0 packed_expected=0
ALLOC_PASS m=32 n=8 small=1 history_expected=1 history_calls=1 history_bytes=2048 history_success=1 history_fail=0 x_calls=4 x_bytes=8192 x_success=4 x_fail=0 kb_calls=0 kb_bytes=0 kb_success=0 kb_fail=0 total=5 injected=0 history_level=0 x_level=1 kb_level=-1 shape_bad=0 x_each_worker_once=1
CASE_PASS m=32 n=8 sve16_entries=0 expected=0 old_entries=0 packed_entries=0 packed_expected=0
ALLOC_PASS m=32 n=9 small=1 history_expected=1 history_calls=1 history_bytes=2048 history_success=1 history_fail=0 x_calls=4 x_bytes=8192 x_success=4 x_fail=0 kb_calls=0 kb_bytes=0 kb_success=0 kb_fail=0 total=5 injected=0 history_level=0 x_level=1 kb_level=-1 shape_bad=0 x_each_worker_once=1
CASE_PASS m=32 n=9 sve16_entries=0 expected=0 old_entries=0 packed_entries=0 packed_expected=0
ALLOC_PASS m=32 n=17 small=1 history_expected=1 history_calls=1 history_bytes=2048 history_success=1 history_fail=0 x_calls=4 x_bytes=8192 x_success=4 x_fail=0 kb_calls=0 kb_bytes=0 kb_success=0 kb_fail=0 total=5 injected=0 history_level=0 x_level=1 kb_level=-1 shape_bad=0 x_each_worker_once=1
CASE_PASS m=32 n=17 sve16_entries=0 expected=0 old_entries=0 packed_entries=0 packed_expected=0
ALLOC_PASS m=33 n=1 small=1 history_expected=1 history_calls=1 history_bytes=2048 history_success=1 history_fail=0 x_calls=4 x_bytes=8448 x_success=4 x_fail=0 kb_calls=0 kb_bytes=0 kb_success=0 kb_fail=0 total=5 injected=0 history_level=0 x_level=1 kb_level=-1 shape_bad=0 x_each_worker_once=1
CASE_PASS m=33 n=1 sve16_entries=0 expected=0 old_entries=0 packed_entries=0 packed_expected=0
ALLOC_PASS m=33 n=7 small=1 history_expected=1 history_calls=1 history_bytes=2048 history_success=1 history_fail=0 x_calls=4 x_bytes=8448 x_success=4 x_fail=0 kb_calls=0 kb_bytes=0 kb_success=0 kb_fail=0 total=5 injected=0 history_level=0 x_level=1 kb_level=-1 shape_bad=0 x_each_worker_once=1
CASE_PASS m=33 n=7 sve16_entries=0 expected=0 old_entries=0 packed_entries=0 packed_expected=0
ALLOC_PASS m=33 n=8 small=1 history_expected=1 history_calls=1 history_bytes=2048 history_success=1 history_fail=0 x_calls=4 x_bytes=8448 x_success=4 x_fail=0 kb_calls=0 kb_bytes=0 kb_success=0 kb_fail=0 total=5 injected=0 history_level=0 x_level=1 kb_level=-1 shape_bad=0 x_each_worker_once=1
CASE_PASS m=33 n=8 sve16_entries=0 expected=0 old_entries=0 packed_entries=0 packed_expected=0
ALLOC_PASS m=33 n=9 small=1 history_expected=1 history_calls=1 history_bytes=2048 history_success=1 history_fail=0 x_calls=4 x_bytes=8448 x_success=4 x_fail=0 kb_calls=0 kb_bytes=0 kb_success=0 kb_fail=0 total=5 injected=0 history_level=0 x_level=1 kb_level=-1 shape_bad=0 x_each_worker_once=1
CASE_PASS m=33 n=9 sve16_entries=0 expected=0 old_entries=0 packed_entries=0 packed_expected=0
ALLOC_PASS m=33 n=17 small=1 history_expected=1 history_calls=1 history_bytes=2048 history_success=1 history_fail=0 x_calls=4 x_bytes=8448 x_success=4 x_fail=0 kb_calls=0 kb_bytes=0 kb_success=0 kb_fail=0 total=5 injected=0 history_level=0 x_level=1 kb_level=-1 shape_bad=0 x_each_worker_once=1
CASE_PASS m=33 n=17 sve16_entries=0 expected=0 old_entries=0 packed_entries=0 packed_expected=0
ALLOC_PASS m=63 n=1 small=1 history_expected=1 history_calls=1 history_bytes=6144 history_success=1 history_fail=0 x_calls=4 x_bytes=16128 x_success=4 x_fail=0 kb_calls=0 kb_bytes=0 kb_success=0 kb_fail=0 total=5 injected=0 history_level=0 x_level=1 kb_level=-1 shape_bad=0 x_each_worker_once=1
CASE_PASS m=63 n=1 sve16_entries=0 expected=0 old_entries=0 packed_entries=0 packed_expected=0
ALLOC_PASS m=63 n=7 small=1 history_expected=1 history_calls=1 history_bytes=6144 history_success=1 history_fail=0 x_calls=4 x_bytes=16128 x_success=4 x_fail=0 kb_calls=0 kb_bytes=0 kb_success=0 kb_fail=0 total=5 injected=0 history_level=0 x_level=1 kb_level=-1 shape_bad=0 x_each_worker_once=1
CASE_PASS m=63 n=7 sve16_entries=0 expected=0 old_entries=0 packed_entries=0 packed_expected=0
ALLOC_PASS m=63 n=8 small=1 history_expected=1 history_calls=1 history_bytes=6144 history_success=1 history_fail=0 x_calls=4 x_bytes=16128 x_success=4 x_fail=0 kb_calls=0 kb_bytes=0 kb_success=0 kb_fail=0 total=5 injected=0 history_level=0 x_level=1 kb_level=-1 shape_bad=0 x_each_worker_once=1
CASE_PASS m=63 n=8 sve16_entries=0 expected=0 old_entries=0 packed_entries=0 packed_expected=0
ALLOC_PASS m=63 n=9 small=1 history_expected=1 history_calls=1 history_bytes=6144 history_success=1 history_fail=0 x_calls=4 x_bytes=16128 x_success=4 x_fail=0 kb_calls=0 kb_bytes=0 kb_success=0 kb_fail=0 total=5 injected=0 history_level=0 x_level=1 kb_level=-1 shape_bad=0 x_each_worker_once=1
CASE_PASS m=63 n=9 sve16_entries=0 expected=0 old_entries=0 packed_entries=0 packed_expected=0
ALLOC_PASS m=63 n=17 small=1 history_expected=1 history_calls=1 history_bytes=6144 history_success=1 history_fail=0 x_calls=4 x_bytes=16128 x_success=4 x_fail=0 kb_calls=0 kb_bytes=0 kb_success=0 kb_fail=0 total=5 injected=0 history_level=0 x_level=1 kb_level=-1 shape_bad=0 x_each_worker_once=1
CASE_PASS m=63 n=17 sve16_entries=0 expected=0 old_entries=0 packed_entries=0 packed_expected=0
ALLOC_PASS m=64 n=1 small=1 history_expected=1 history_calls=1 history_bytes=12288 history_success=1 history_fail=0 x_calls=4 x_bytes=16384 x_success=4 x_fail=0 kb_calls=0 kb_bytes=0 kb_success=0 kb_fail=0 total=5 injected=0 history_level=0 x_level=1 kb_level=-1 shape_bad=0 x_each_worker_once=1
CASE_PASS m=64 n=1 sve16_entries=0 expected=0 old_entries=0 packed_entries=0 packed_expected=0
ALLOC_PASS m=64 n=7 small=1 history_expected=1 history_calls=1 history_bytes=12288 history_success=1 history_fail=0 x_calls=4 x_bytes=16384 x_success=4 x_fail=0 kb_calls=0 kb_bytes=0 kb_success=0 kb_fail=0 total=5 injected=0 history_level=0 x_level=1 kb_level=-1 shape_bad=0 x_each_worker_once=1
CASE_PASS m=64 n=7 sve16_entries=0 expected=0 old_entries=0 packed_entries=0 packed_expected=0
ALLOC_PASS m=64 n=8 small=1 history_expected=1 history_calls=1 history_bytes=12288 history_success=1 history_fail=0 x_calls=4 x_bytes=16384 x_success=4 x_fail=0 kb_calls=0 kb_bytes=0 kb_success=0 kb_fail=0 total=5 injected=0 history_level=0 x_level=1 kb_level=-1 shape_bad=0 x_each_worker_once=1
CASE_PASS m=64 n=8 sve16_entries=0 expected=0 old_entries=0 packed_entries=0 packed_expected=0
ALLOC_PASS m=64 n=9 small=1 history_expected=1 history_calls=1 history_bytes=12288 history_success=1 history_fail=0 x_calls=4 x_bytes=16384 x_success=4 x_fail=0 kb_calls=0 kb_bytes=0 kb_success=0 kb_fail=0 total=5 injected=0 history_level=0 x_level=1 kb_level=-1 shape_bad=0 x_each_worker_once=1
CASE_PASS m=64 n=9 sve16_entries=0 expected=0 old_entries=0 packed_entries=0 packed_expected=0
ALLOC_PASS m=64 n=17 small=1 history_expected=1 history_calls=1 history_bytes=12288 history_success=1 history_fail=0 x_calls=4 x_bytes=16384 x_success=4 x_fail=0 kb_calls=0 kb_bytes=0 kb_success=0 kb_fail=0 total=5 injected=0 history_level=0 x_level=1 kb_level=-1 shape_bad=0 x_each_worker_once=1
CASE_PASS m=64 n=17 sve16_entries=0 expected=0 old_entries=0 packed_entries=0 packed_expected=0
ALLOC_PASS m=65 n=1 small=1 history_expected=1 history_calls=1 history_bytes=12288 history_success=1 history_fail=0 x_calls=4 x_bytes=16640 x_success=4 x_fail=0 kb_calls=0 kb_bytes=0 kb_success=0 kb_fail=0 total=5 injected=0 history_level=0 x_level=1 kb_level=-1 shape_bad=0 x_each_worker_once=1
CASE_PASS m=65 n=1 sve16_entries=0 expected=0 old_entries=0 packed_entries=0 packed_expected=0
ALLOC_PASS m=65 n=7 small=1 history_expected=1 history_calls=1 history_bytes=12288 history_success=1 history_fail=0 x_calls=4 x_bytes=16640 x_success=4 x_fail=0 kb_calls=0 kb_bytes=0 kb_success=0 kb_fail=0 total=5 injected=0 history_level=0 x_level=1 kb_level=-1 shape_bad=0 x_each_worker_once=1
CASE_PASS m=65 n=7 sve16_entries=0 expected=0 old_entries=0 packed_entries=0 packed_expected=0
ALLOC_PASS m=65 n=8 small=1 history_expected=1 history_calls=1 history_bytes=12288 history_success=1 history_fail=0 x_calls=4 x_bytes=16640 x_success=4 x_fail=0 kb_calls=0 kb_bytes=0 kb_success=0 kb_fail=0 total=5 injected=0 history_level=0 x_level=1 kb_level=-1 shape_bad=0 x_each_worker_once=1
CASE_PASS m=65 n=8 sve16_entries=0 expected=0 old_entries=0 packed_entries=0 packed_expected=0
ALLOC_PASS m=65 n=9 small=1 history_expected=1 history_calls=1 history_bytes=12288 history_success=1 history_fail=0 x_calls=4 x_bytes=16640 x_success=4 x_fail=0 kb_calls=0 kb_bytes=0 kb_success=0 kb_fail=0 total=5 injected=0 history_level=0 x_level=1 kb_level=-1 shape_bad=0 x_each_worker_once=1
CASE_PASS m=65 n=9 sve16_entries=0 expected=0 old_entries=0 packed_entries=0 packed_expected=0
ALLOC_PASS m=65 n=17 small=1 history_expected=1 history_calls=1 history_bytes=12288 history_success=1 history_fail=0 x_calls=4 x_bytes=16640 x_success=4 x_fail=0 kb_calls=0 kb_bytes=0 kb_success=0 kb_fail=0 total=5 injected=0 history_level=0 x_level=1 kb_level=-1 shape_bad=0 x_each_worker_once=1
CASE_PASS m=65 n=17 sve16_entries=0 expected=0 old_entries=0 packed_entries=0 packed_expected=0
ALLOC_PASS m=255 n=1 small=1 history_expected=1 history_calls=1 history_bytes=215040 history_success=1 history_fail=0 x_calls=4 x_bytes=65280 x_success=4 x_fail=0 kb_calls=0 kb_bytes=0 kb_success=0 kb_fail=0 total=5 injected=0 history_level=0 x_level=1 kb_level=-1 shape_bad=0 x_each_worker_once=1
CASE_PASS m=255 n=1 sve16_entries=0 expected=0 old_entries=0 packed_entries=0 packed_expected=0
ALLOC_PASS m=255 n=7 small=1 history_expected=1 history_calls=1 history_bytes=215040 history_success=1 history_fail=0 x_calls=4 x_bytes=65280 x_success=4 x_fail=0 kb_calls=0 kb_bytes=0 kb_success=0 kb_fail=0 total=5 injected=0 history_level=0 x_level=1 kb_level=-1 shape_bad=0 x_each_worker_once=1
CASE_PASS m=255 n=7 sve16_entries=0 expected=0 old_entries=0 packed_entries=0 packed_expected=0
ALLOC_PASS m=255 n=8 small=1 history_expected=1 history_calls=1 history_bytes=215040 history_success=1 history_fail=0 x_calls=4 x_bytes=65280 x_success=4 x_fail=0 kb_calls=0 kb_bytes=0 kb_success=0 kb_fail=0 total=5 injected=0 history_level=0 x_level=1 kb_level=-1 shape_bad=0 x_each_worker_once=1
CASE_PASS m=255 n=8 sve16_entries=0 expected=0 old_entries=0 packed_entries=0 packed_expected=0
ALLOC_PASS m=255 n=9 small=1 history_expected=1 history_calls=1 history_bytes=215040 history_success=1 history_fail=0 x_calls=4 x_bytes=65280 x_success=4 x_fail=0 kb_calls=0 kb_bytes=0 kb_success=0 kb_fail=0 total=5 injected=0 history_level=0 x_level=1 kb_level=-1 shape_bad=0 x_each_worker_once=1
CASE_PASS m=255 n=9 sve16_entries=0 expected=0 old_entries=0 packed_entries=0 packed_expected=0
ALLOC_PASS m=255 n=17 small=1 history_expected=1 history_calls=1 history_bytes=215040 history_success=1 history_fail=0 x_calls=4 x_bytes=65280 x_success=4 x_fail=0 kb_calls=0 kb_bytes=0 kb_success=0 kb_fail=0 total=5 injected=0 history_level=0 x_level=1 kb_level=-1 shape_bad=0 x_each_worker_once=1
CASE_PASS m=255 n=17 sve16_entries=0 expected=0 old_entries=0 packed_entries=0 packed_expected=0
ALLOC_PASS m=256 n=1 small=1 history_expected=1 history_calls=1 history_bytes=245760 history_success=1 history_fail=0 x_calls=4 x_bytes=65536 x_success=4 x_fail=0 kb_calls=0 kb_bytes=0 kb_success=0 kb_fail=0 total=5 injected=0 history_level=0 x_level=1 kb_level=-1 shape_bad=0 x_each_worker_once=1
CASE_PASS m=256 n=1 sve16_entries=0 expected=0 old_entries=0 packed_entries=0 packed_expected=0
ALLOC_PASS m=256 n=7 small=1 history_expected=1 history_calls=1 history_bytes=245760 history_success=1 history_fail=0 x_calls=4 x_bytes=65536 x_success=4 x_fail=0 kb_calls=0 kb_bytes=0 kb_success=0 kb_fail=0 total=5 injected=0 history_level=0 x_level=1 kb_level=-1 shape_bad=0 x_each_worker_once=1
CASE_PASS m=256 n=7 sve16_entries=0 expected=0 old_entries=0 packed_entries=0 packed_expected=0
ALLOC_PASS m=256 n=8 small=1 history_expected=1 history_calls=1 history_bytes=245760 history_success=1 history_fail=0 x_calls=4 x_bytes=65536 x_success=4 x_fail=0 kb_calls=0 kb_bytes=0 kb_success=0 kb_fail=0 total=5 injected=0 history_level=0 x_level=1 kb_level=-1 shape_bad=0 x_each_worker_once=1
CASE_PASS m=256 n=8 sve16_entries=0 expected=0 old_entries=0 packed_entries=0 packed_expected=0
ALLOC_PASS m=256 n=9 small=1 history_expected=1 history_calls=1 history_bytes=245760 history_success=1 history_fail=0 x_calls=4 x_bytes=65536 x_success=4 x_fail=0 kb_calls=0 kb_bytes=0 kb_success=0 kb_fail=0 total=5 injected=0 history_level=0 x_level=1 kb_level=-1 shape_bad=0 x_each_worker_once=1
CASE_PASS m=256 n=9 sve16_entries=0 expected=0 old_entries=0 packed_entries=0 packed_expected=0
ALLOC_PASS m=256 n=17 small=1 history_expected=1 history_calls=1 history_bytes=245760 history_success=1 history_fail=0 x_calls=4 x_bytes=65536 x_success=4 x_fail=0 kb_calls=0 kb_bytes=0 kb_success=0 kb_fail=0 total=5 injected=0 history_level=0 x_level=1 kb_level=-1 shape_bad=0 x_each_worker_once=1
CASE_PASS m=256 n=17 sve16_entries=0 expected=0 old_entries=0 packed_entries=0 packed_expected=0
ALLOC_PASS m=257 n=1 small=1 history_expected=1 history_calls=1 history_bytes=245760 history_success=1 history_fail=0 x_calls=4 x_bytes=65792 x_success=4 x_fail=0 kb_calls=0 kb_bytes=0 kb_success=0 kb_fail=0 total=5 injected=0 history_level=0 x_level=1 kb_level=-1 shape_bad=0 x_each_worker_once=1
CASE_PASS m=257 n=1 sve16_entries=0 expected=0 old_entries=0 packed_entries=0 packed_expected=0
ALLOC_PASS m=257 n=7 small=1 history_expected=1 history_calls=1 history_bytes=245760 history_success=1 history_fail=0 x_calls=4 x_bytes=65792 x_success=4 x_fail=0 kb_calls=0 kb_bytes=0 kb_success=0 kb_fail=0 total=5 injected=0 history_level=0 x_level=1 kb_level=-1 shape_bad=0 x_each_worker_once=1
CASE_PASS m=257 n=7 sve16_entries=0 expected=0 old_entries=0 packed_entries=0 packed_expected=0
ALLOC_PASS m=257 n=8 small=1 history_expected=1 history_calls=1 history_bytes=245760 history_success=1 history_fail=0 x_calls=4 x_bytes=65792 x_success=4 x_fail=0 kb_calls=0 kb_bytes=0 kb_success=0 kb_fail=0 total=5 injected=0 history_level=0 x_level=1 kb_level=-1 shape_bad=0 x_each_worker_once=1
CASE_PASS m=257 n=8 sve16_entries=0 expected=0 old_entries=0 packed_entries=0 packed_expected=0
ALLOC_PASS m=257 n=9 small=1 history_expected=1 history_calls=1 history_bytes=245760 history_success=1 history_fail=0 x_calls=4 x_bytes=65792 x_success=4 x_fail=0 kb_calls=0 kb_bytes=0 kb_success=0 kb_fail=0 total=5 injected=0 history_level=0 x_level=1 kb_level=-1 shape_bad=0 x_each_worker_once=1
CASE_PASS m=257 n=9 sve16_entries=0 expected=0 old_entries=0 packed_entries=0 packed_expected=0
ALLOC_PASS m=257 n=17 small=1 history_expected=1 history_calls=1 history_bytes=245760 history_success=1 history_fail=0 x_calls=4 x_bytes=65792 x_success=4 x_fail=0 kb_calls=0 kb_bytes=0 kb_success=0 kb_fail=0 total=5 injected=0 history_level=0 x_level=1 kb_level=-1 shape_bad=0 x_each_worker_once=1
CASE_PASS m=257 n=17 sve16_entries=0 expected=0 old_entries=0 packed_entries=0 packed_expected=0
ALLOCATION_SUMMARY_PASS cases=80 budget_cases=0 shared_injection_cases=0
PASS whole_cases=80 noop_cases=4 non_dyadic_long_double_RHS=1 padding_L_unchanged=1 max_error=1.1102230246251565e-16
SOURCE_FEATURES_PASS panel16=1 packedL16=1 has_budget=1 history_budget_bytes=4194304
MODE=shared-fail THREADS=1 NARROW_VL=0 EXPECT_SVE16=1 EXPECT_PACKEDL16=0
ALLOC_PASS m=32 n=1 small=1 history_expected=1 history_calls=1 history_bytes=2048 history_success=0 history_fail=1 x_calls=1 x_bytes=2048 x_success=1 x_fail=0 kb_calls=0 kb_bytes=0 kb_success=0 kb_fail=0 total=2 injected=1 history_level=0 x_level=1 kb_level=-1 shape_bad=0 x_each_worker_once=1
CASE_PASS m=32 n=1 sve16_entries=2 expected=2 old_entries=2 packed_entries=0 packed_expected=0
SHARED_ALLOC_PASS m=32 n=1 calls=2 injected=1 shared_first=1 later_X_success=1
ALLOC_PASS m=32 n=7 small=1 history_expected=1 history_calls=1 history_bytes=2048 history_success=0 history_fail=1 x_calls=1 x_bytes=2048 x_success=1 x_fail=0 kb_calls=0 kb_bytes=0 kb_success=0 kb_fail=0 total=2 injected=1 history_level=0 x_level=1 kb_level=-1 shape_bad=0 x_each_worker_once=1
CASE_PASS m=32 n=7 sve16_entries=2 expected=2 old_entries=2 packed_entries=0 packed_expected=0
SHARED_ALLOC_PASS m=32 n=7 calls=2 injected=1 shared_first=1 later_X_success=1
ALLOC_PASS m=32 n=8 small=1 history_expected=1 history_calls=1 history_bytes=2048 history_success=0 history_fail=1 x_calls=1 x_bytes=2048 x_success=1 x_fail=0 kb_calls=0 kb_bytes=0 kb_success=0 kb_fail=0 total=2 injected=1 history_level=0 x_level=1 kb_level=-1 shape_bad=0 x_each_worker_once=1
CASE_PASS m=32 n=8 sve16_entries=2 expected=2 old_entries=2 packed_entries=0 packed_expected=0
SHARED_ALLOC_PASS m=32 n=8 calls=2 injected=1 shared_first=1 later_X_success=1
ALLOC_PASS m=32 n=9 small=1 history_expected=1 history_calls=1 history_bytes=2048 history_success=0 history_fail=1 x_calls=1 x_bytes=2048 x_success=1 x_fail=0 kb_calls=0 kb_bytes=0 kb_success=0 kb_fail=0 total=2 injected=1 history_level=0 x_level=1 kb_level=-1 shape_bad=0 x_each_worker_once=1
CASE_PASS m=32 n=9 sve16_entries=4 expected=4 old_entries=4 packed_entries=0 packed_expected=0
SHARED_ALLOC_PASS m=32 n=9 calls=2 injected=1 shared_first=1 later_X_success=1
ALLOC_PASS m=32 n=17 small=1 history_expected=1 history_calls=1 history_bytes=2048 history_success=0 history_fail=1 x_calls=1 x_bytes=2048 x_success=1 x_fail=0 kb_calls=0 kb_bytes=0 kb_success=0 kb_fail=0 total=2 injected=1 history_level=0 x_level=1 kb_level=-1 shape_bad=0 x_each_worker_once=1
CASE_PASS m=32 n=17 sve16_entries=6 expected=6 old_entries=6 packed_entries=0 packed_expected=0
SHARED_ALLOC_PASS m=32 n=17 calls=2 injected=1 shared_first=1 later_X_success=1
ALLOC_PASS m=33 n=1 small=1 history_expected=1 history_calls=1 history_bytes=2048 history_success=0 history_fail=1 x_calls=1 x_bytes=2112 x_success=1 x_fail=0 kb_calls=0 kb_bytes=0 kb_success=0 kb_fail=0 total=2 injected=1 history_level=0 x_level=1 kb_level=-1 shape_bad=0 x_each_worker_once=1
CASE_PASS m=33 n=1 sve16_entries=2 expected=2 old_entries=2 packed_entries=0 packed_expected=0
SHARED_ALLOC_PASS m=33 n=1 calls=2 injected=1 shared_first=1 later_X_success=1
ALLOC_PASS m=33 n=7 small=1 history_expected=1 history_calls=1 history_bytes=2048 history_success=0 history_fail=1 x_calls=1 x_bytes=2112 x_success=1 x_fail=0 kb_calls=0 kb_bytes=0 kb_success=0 kb_fail=0 total=2 injected=1 history_level=0 x_level=1 kb_level=-1 shape_bad=0 x_each_worker_once=1
CASE_PASS m=33 n=7 sve16_entries=2 expected=2 old_entries=2 packed_entries=0 packed_expected=0
SHARED_ALLOC_PASS m=33 n=7 calls=2 injected=1 shared_first=1 later_X_success=1
ALLOC_PASS m=33 n=8 small=1 history_expected=1 history_calls=1 history_bytes=2048 history_success=0 history_fail=1 x_calls=1 x_bytes=2112 x_success=1 x_fail=0 kb_calls=0 kb_bytes=0 kb_success=0 kb_fail=0 total=2 injected=1 history_level=0 x_level=1 kb_level=-1 shape_bad=0 x_each_worker_once=1
CASE_PASS m=33 n=8 sve16_entries=2 expected=2 old_entries=2 packed_entries=0 packed_expected=0
SHARED_ALLOC_PASS m=33 n=8 calls=2 injected=1 shared_first=1 later_X_success=1
ALLOC_PASS m=33 n=9 small=1 history_expected=1 history_calls=1 history_bytes=2048 history_success=0 history_fail=1 x_calls=1 x_bytes=2112 x_success=1 x_fail=0 kb_calls=0 kb_bytes=0 kb_success=0 kb_fail=0 total=2 injected=1 history_level=0 x_level=1 kb_level=-1 shape_bad=0 x_each_worker_once=1
CASE_PASS m=33 n=9 sve16_entries=4 expected=4 old_entries=4 packed_entries=0 packed_expected=0
SHARED_ALLOC_PASS m=33 n=9 calls=2 injected=1 shared_first=1 later_X_success=1
ALLOC_PASS m=33 n=17 small=1 history_expected=1 history_calls=1 history_bytes=2048 history_success=0 history_fail=1 x_calls=1 x_bytes=2112 x_success=1 x_fail=0 kb_calls=0 kb_bytes=0 kb_success=0 kb_fail=0 total=2 injected=1 history_level=0 x_level=1 kb_level=-1 shape_bad=0 x_each_worker_once=1
CASE_PASS m=33 n=17 sve16_entries=6 expected=6 old_entries=6 packed_entries=0 packed_expected=0
SHARED_ALLOC_PASS m=33 n=17 calls=2 injected=1 shared_first=1 later_X_success=1
ALLOC_PASS m=63 n=1 small=1 history_expected=1 history_calls=1 history_bytes=6144 history_success=0 history_fail=1 x_calls=1 x_bytes=4032 x_success=1 x_fail=0 kb_calls=0 kb_bytes=0 kb_success=0 kb_fail=0 total=2 injected=1 history_level=0 x_level=1 kb_level=-1 shape_bad=0 x_each_worker_once=1
CASE_PASS m=63 n=1 sve16_entries=3 expected=3 old_entries=3 packed_entries=0 packed_expected=0
SHARED_ALLOC_PASS m=63 n=1 calls=2 injected=1 shared_first=1 later_X_success=1
ALLOC_PASS m=63 n=7 small=1 history_expected=1 history_calls=1 history_bytes=6144 history_success=0 history_fail=1 x_calls=1 x_bytes=4032 x_success=1 x_fail=0 kb_calls=0 kb_bytes=0 kb_success=0 kb_fail=0 total=2 injected=1 history_level=0 x_level=1 kb_level=-1 shape_bad=0 x_each_worker_once=1
CASE_PASS m=63 n=7 sve16_entries=3 expected=3 old_entries=3 packed_entries=0 packed_expected=0
SHARED_ALLOC_PASS m=63 n=7 calls=2 injected=1 shared_first=1 later_X_success=1
ALLOC_PASS m=63 n=8 small=1 history_expected=1 history_calls=1 history_bytes=6144 history_success=0 history_fail=1 x_calls=1 x_bytes=4032 x_success=1 x_fail=0 kb_calls=0 kb_bytes=0 kb_success=0 kb_fail=0 total=2 injected=1 history_level=0 x_level=1 kb_level=-1 shape_bad=0 x_each_worker_once=1
CASE_PASS m=63 n=8 sve16_entries=3 expected=3 old_entries=3 packed_entries=0 packed_expected=0
SHARED_ALLOC_PASS m=63 n=8 calls=2 injected=1 shared_first=1 later_X_success=1
ALLOC_PASS m=63 n=9 small=1 history_expected=1 history_calls=1 history_bytes=6144 history_success=0 history_fail=1 x_calls=1 x_bytes=4032 x_success=1 x_fail=0 kb_calls=0 kb_bytes=0 kb_success=0 kb_fail=0 total=2 injected=1 history_level=0 x_level=1 kb_level=-1 shape_bad=0 x_each_worker_once=1
CASE_PASS m=63 n=9 sve16_entries=6 expected=6 old_entries=6 packed_entries=0 packed_expected=0
SHARED_ALLOC_PASS m=63 n=9 calls=2 injected=1 shared_first=1 later_X_success=1
ALLOC_PASS m=63 n=17 small=1 history_expected=1 history_calls=1 history_bytes=6144 history_success=0 history_fail=1 x_calls=1 x_bytes=4032 x_success=1 x_fail=0 kb_calls=0 kb_bytes=0 kb_success=0 kb_fail=0 total=2 injected=1 history_level=0 x_level=1 kb_level=-1 shape_bad=0 x_each_worker_once=1
CASE_PASS m=63 n=17 sve16_entries=9 expected=9 old_entries=9 packed_entries=0 packed_expected=0
SHARED_ALLOC_PASS m=63 n=17 calls=2 injected=1 shared_first=1 later_X_success=1
ALLOC_PASS m=64 n=1 small=1 history_expected=1 history_calls=1 history_bytes=12288 history_success=0 history_fail=1 x_calls=1 x_bytes=4096 x_success=1 x_fail=0 kb_calls=0 kb_bytes=0 kb_success=0 kb_fail=0 total=2 injected=1 history_level=0 x_level=1 kb_level=-1 shape_bad=0 x_each_worker_once=1
CASE_PASS m=64 n=1 sve16_entries=4 expected=4 old_entries=4 packed_entries=0 packed_expected=0
SHARED_ALLOC_PASS m=64 n=1 calls=2 injected=1 shared_first=1 later_X_success=1
ALLOC_PASS m=64 n=7 small=1 history_expected=1 history_calls=1 history_bytes=12288 history_success=0 history_fail=1 x_calls=1 x_bytes=4096 x_success=1 x_fail=0 kb_calls=0 kb_bytes=0 kb_success=0 kb_fail=0 total=2 injected=1 history_level=0 x_level=1 kb_level=-1 shape_bad=0 x_each_worker_once=1
CASE_PASS m=64 n=7 sve16_entries=4 expected=4 old_entries=4 packed_entries=0 packed_expected=0
SHARED_ALLOC_PASS m=64 n=7 calls=2 injected=1 shared_first=1 later_X_success=1
ALLOC_PASS m=64 n=8 small=1 history_expected=1 history_calls=1 history_bytes=12288 history_success=0 history_fail=1 x_calls=1 x_bytes=4096 x_success=1 x_fail=0 kb_calls=0 kb_bytes=0 kb_success=0 kb_fail=0 total=2 injected=1 history_level=0 x_level=1 kb_level=-1 shape_bad=0 x_each_worker_once=1
CASE_PASS m=64 n=8 sve16_entries=4 expected=4 old_entries=4 packed_entries=0 packed_expected=0
SHARED_ALLOC_PASS m=64 n=8 calls=2 injected=1 shared_first=1 later_X_success=1
ALLOC_PASS m=64 n=9 small=1 history_expected=1 history_calls=1 history_bytes=12288 history_success=0 history_fail=1 x_calls=1 x_bytes=4096 x_success=1 x_fail=0 kb_calls=0 kb_bytes=0 kb_success=0 kb_fail=0 total=2 injected=1 history_level=0 x_level=1 kb_level=-1 shape_bad=0 x_each_worker_once=1
CASE_PASS m=64 n=9 sve16_entries=8 expected=8 old_entries=8 packed_entries=0 packed_expected=0
SHARED_ALLOC_PASS m=64 n=9 calls=2 injected=1 shared_first=1 later_X_success=1
ALLOC_PASS m=64 n=17 small=1 history_expected=1 history_calls=1 history_bytes=12288 history_success=0 history_fail=1 x_calls=1 x_bytes=4096 x_success=1 x_fail=0 kb_calls=0 kb_bytes=0 kb_success=0 kb_fail=0 total=2 injected=1 history_level=0 x_level=1 kb_level=-1 shape_bad=0 x_each_worker_once=1
CASE_PASS m=64 n=17 sve16_entries=12 expected=12 old_entries=12 packed_entries=0 packed_expected=0
SHARED_ALLOC_PASS m=64 n=17 calls=2 injected=1 shared_first=1 later_X_success=1
ALLOC_PASS m=65 n=1 small=1 history_expected=1 history_calls=1 history_bytes=12288 history_success=0 history_fail=1 x_calls=1 x_bytes=4160 x_success=1 x_fail=0 kb_calls=0 kb_bytes=0 kb_success=0 kb_fail=0 total=2 injected=1 history_level=0 x_level=1 kb_level=-1 shape_bad=0 x_each_worker_once=1
CASE_PASS m=65 n=1 sve16_entries=4 expected=4 old_entries=4 packed_entries=0 packed_expected=0
SHARED_ALLOC_PASS m=65 n=1 calls=2 injected=1 shared_first=1 later_X_success=1
ALLOC_PASS m=65 n=7 small=1 history_expected=1 history_calls=1 history_bytes=12288 history_success=0 history_fail=1 x_calls=1 x_bytes=4160 x_success=1 x_fail=0 kb_calls=0 kb_bytes=0 kb_success=0 kb_fail=0 total=2 injected=1 history_level=0 x_level=1 kb_level=-1 shape_bad=0 x_each_worker_once=1
CASE_PASS m=65 n=7 sve16_entries=4 expected=4 old_entries=4 packed_entries=0 packed_expected=0
SHARED_ALLOC_PASS m=65 n=7 calls=2 injected=1 shared_first=1 later_X_success=1
ALLOC_PASS m=65 n=8 small=1 history_expected=1 history_calls=1 history_bytes=12288 history_success=0 history_fail=1 x_calls=1 x_bytes=4160 x_success=1 x_fail=0 kb_calls=0 kb_bytes=0 kb_success=0 kb_fail=0 total=2 injected=1 history_level=0 x_level=1 kb_level=-1 shape_bad=0 x_each_worker_once=1
CASE_PASS m=65 n=8 sve16_entries=4 expected=4 old_entries=4 packed_entries=0 packed_expected=0
SHARED_ALLOC_PASS m=65 n=8 calls=2 injected=1 shared_first=1 later_X_success=1
ALLOC_PASS m=65 n=9 small=1 history_expected=1 history_calls=1 history_bytes=12288 history_success=0 history_fail=1 x_calls=1 x_bytes=4160 x_success=1 x_fail=0 kb_calls=0 kb_bytes=0 kb_success=0 kb_fail=0 total=2 injected=1 history_level=0 x_level=1 kb_level=-1 shape_bad=0 x_each_worker_once=1
CASE_PASS m=65 n=9 sve16_entries=8 expected=8 old_entries=8 packed_entries=0 packed_expected=0
SHARED_ALLOC_PASS m=65 n=9 calls=2 injected=1 shared_first=1 later_X_success=1
ALLOC_PASS m=65 n=17 small=1 history_expected=1 history_calls=1 history_bytes=12288 history_success=0 history_fail=1 x_calls=1 x_bytes=4160 x_success=1 x_fail=0 kb_calls=0 kb_bytes=0 kb_success=0 kb_fail=0 total=2 injected=1 history_level=0 x_level=1 kb_level=-1 shape_bad=0 x_each_worker_once=1
CASE_PASS m=65 n=17 sve16_entries=12 expected=12 old_entries=12 packed_entries=0 packed_expected=0
SHARED_ALLOC_PASS m=65 n=17 calls=2 injected=1 shared_first=1 later_X_success=1
ALLOC_PASS m=255 n=1 small=1 history_expected=1 history_calls=1 history_bytes=215040 history_success=0 history_fail=1 x_calls=1 x_bytes=16320 x_success=1 x_fail=0 kb_calls=0 kb_bytes=0 kb_success=0 kb_fail=0 total=2 injected=1 history_level=0 x_level=1 kb_level=-1 shape_bad=0 x_each_worker_once=1
CASE_PASS m=255 n=1 sve16_entries=15 expected=15 old_entries=15 packed_entries=0 packed_expected=0
SHARED_ALLOC_PASS m=255 n=1 calls=2 injected=1 shared_first=1 later_X_success=1
ALLOC_PASS m=255 n=7 small=1 history_expected=1 history_calls=1 history_bytes=215040 history_success=0 history_fail=1 x_calls=1 x_bytes=16320 x_success=1 x_fail=0 kb_calls=0 kb_bytes=0 kb_success=0 kb_fail=0 total=2 injected=1 history_level=0 x_level=1 kb_level=-1 shape_bad=0 x_each_worker_once=1
CASE_PASS m=255 n=7 sve16_entries=15 expected=15 old_entries=15 packed_entries=0 packed_expected=0
SHARED_ALLOC_PASS m=255 n=7 calls=2 injected=1 shared_first=1 later_X_success=1
ALLOC_PASS m=255 n=8 small=1 history_expected=1 history_calls=1 history_bytes=215040 history_success=0 history_fail=1 x_calls=1 x_bytes=16320 x_success=1 x_fail=0 kb_calls=0 kb_bytes=0 kb_success=0 kb_fail=0 total=2 injected=1 history_level=0 x_level=1 kb_level=-1 shape_bad=0 x_each_worker_once=1
CASE_PASS m=255 n=8 sve16_entries=15 expected=15 old_entries=15 packed_entries=0 packed_expected=0
SHARED_ALLOC_PASS m=255 n=8 calls=2 injected=1 shared_first=1 later_X_success=1
ALLOC_PASS m=255 n=9 small=1 history_expected=1 history_calls=1 history_bytes=215040 history_success=0 history_fail=1 x_calls=1 x_bytes=16320 x_success=1 x_fail=0 kb_calls=0 kb_bytes=0 kb_success=0 kb_fail=0 total=2 injected=1 history_level=0 x_level=1 kb_level=-1 shape_bad=0 x_each_worker_once=1
CASE_PASS m=255 n=9 sve16_entries=30 expected=30 old_entries=30 packed_entries=0 packed_expected=0
SHARED_ALLOC_PASS m=255 n=9 calls=2 injected=1 shared_first=1 later_X_success=1
ALLOC_PASS m=255 n=17 small=1 history_expected=1 history_calls=1 history_bytes=215040 history_success=0 history_fail=1 x_calls=1 x_bytes=16320 x_success=1 x_fail=0 kb_calls=0 kb_bytes=0 kb_success=0 kb_fail=0 total=2 injected=1 history_level=0 x_level=1 kb_level=-1 shape_bad=0 x_each_worker_once=1
CASE_PASS m=255 n=17 sve16_entries=45 expected=45 old_entries=45 packed_entries=0 packed_expected=0
SHARED_ALLOC_PASS m=255 n=17 calls=2 injected=1 shared_first=1 later_X_success=1
ALLOC_PASS m=256 n=1 small=1 history_expected=1 history_calls=1 history_bytes=245760 history_success=0 history_fail=1 x_calls=1 x_bytes=16384 x_success=1 x_fail=0 kb_calls=0 kb_bytes=0 kb_success=0 kb_fail=0 total=2 injected=1 history_level=0 x_level=1 kb_level=-1 shape_bad=0 x_each_worker_once=1
CASE_PASS m=256 n=1 sve16_entries=16 expected=16 old_entries=16 packed_entries=0 packed_expected=0
SHARED_ALLOC_PASS m=256 n=1 calls=2 injected=1 shared_first=1 later_X_success=1
ALLOC_PASS m=256 n=7 small=1 history_expected=1 history_calls=1 history_bytes=245760 history_success=0 history_fail=1 x_calls=1 x_bytes=16384 x_success=1 x_fail=0 kb_calls=0 kb_bytes=0 kb_success=0 kb_fail=0 total=2 injected=1 history_level=0 x_level=1 kb_level=-1 shape_bad=0 x_each_worker_once=1
CASE_PASS m=256 n=7 sve16_entries=16 expected=16 old_entries=16 packed_entries=0 packed_expected=0
SHARED_ALLOC_PASS m=256 n=7 calls=2 injected=1 shared_first=1 later_X_success=1
ALLOC_PASS m=256 n=8 small=1 history_expected=1 history_calls=1 history_bytes=245760 history_success=0 history_fail=1 x_calls=1 x_bytes=16384 x_success=1 x_fail=0 kb_calls=0 kb_bytes=0 kb_success=0 kb_fail=0 total=2 injected=1 history_level=0 x_level=1 kb_level=-1 shape_bad=0 x_each_worker_once=1
CASE_PASS m=256 n=8 sve16_entries=16 expected=16 old_entries=16 packed_entries=0 packed_expected=0
SHARED_ALLOC_PASS m=256 n=8 calls=2 injected=1 shared_first=1 later_X_success=1
ALLOC_PASS m=256 n=9 small=1 history_expected=1 history_calls=1 history_bytes=245760 history_success=0 history_fail=1 x_calls=1 x_bytes=16384 x_success=1 x_fail=0 kb_calls=0 kb_bytes=0 kb_success=0 kb_fail=0 total=2 injected=1 history_level=0 x_level=1 kb_level=-1 shape_bad=0 x_each_worker_once=1
CASE_PASS m=256 n=9 sve16_entries=32 expected=32 old_entries=32 packed_entries=0 packed_expected=0
SHARED_ALLOC_PASS m=256 n=9 calls=2 injected=1 shared_first=1 later_X_success=1
ALLOC_PASS m=256 n=17 small=1 history_expected=1 history_calls=1 history_bytes=245760 history_success=0 history_fail=1 x_calls=1 x_bytes=16384 x_success=1 x_fail=0 kb_calls=0 kb_bytes=0 kb_success=0 kb_fail=0 total=2 injected=1 history_level=0 x_level=1 kb_level=-1 shape_bad=0 x_each_worker_once=1
CASE_PASS m=256 n=17 sve16_entries=48 expected=48 old_entries=48 packed_entries=0 packed_expected=0
SHARED_ALLOC_PASS m=256 n=17 calls=2 injected=1 shared_first=1 later_X_success=1
ALLOC_PASS m=257 n=1 small=1 history_expected=1 history_calls=1 history_bytes=245760 history_success=0 history_fail=1 x_calls=1 x_bytes=16448 x_success=1 x_fail=0 kb_calls=0 kb_bytes=0 kb_success=0 kb_fail=0 total=2 injected=1 history_level=0 x_level=1 kb_level=-1 shape_bad=0 x_each_worker_once=1
CASE_PASS m=257 n=1 sve16_entries=16 expected=16 old_entries=16 packed_entries=0 packed_expected=0
SHARED_ALLOC_PASS m=257 n=1 calls=2 injected=1 shared_first=1 later_X_success=1
ALLOC_PASS m=257 n=7 small=1 history_expected=1 history_calls=1 history_bytes=245760 history_success=0 history_fail=1 x_calls=1 x_bytes=16448 x_success=1 x_fail=0 kb_calls=0 kb_bytes=0 kb_success=0 kb_fail=0 total=2 injected=1 history_level=0 x_level=1 kb_level=-1 shape_bad=0 x_each_worker_once=1
CASE_PASS m=257 n=7 sve16_entries=16 expected=16 old_entries=16 packed_entries=0 packed_expected=0
SHARED_ALLOC_PASS m=257 n=7 calls=2 injected=1 shared_first=1 later_X_success=1
ALLOC_PASS m=257 n=8 small=1 history_expected=1 history_calls=1 history_bytes=245760 history_success=0 history_fail=1 x_calls=1 x_bytes=16448 x_success=1 x_fail=0 kb_calls=0 kb_bytes=0 kb_success=0 kb_fail=0 total=2 injected=1 history_level=0 x_level=1 kb_level=-1 shape_bad=0 x_each_worker_once=1
CASE_PASS m=257 n=8 sve16_entries=16 expected=16 old_entries=16 packed_entries=0 packed_expected=0
SHARED_ALLOC_PASS m=257 n=8 calls=2 injected=1 shared_first=1 later_X_success=1
ALLOC_PASS m=257 n=9 small=1 history_expected=1 history_calls=1 history_bytes=245760 history_success=0 history_fail=1 x_calls=1 x_bytes=16448 x_success=1 x_fail=0 kb_calls=0 kb_bytes=0 kb_success=0 kb_fail=0 total=2 injected=1 history_level=0 x_level=1 kb_level=-1 shape_bad=0 x_each_worker_once=1
CASE_PASS m=257 n=9 sve16_entries=32 expected=32 old_entries=32 packed_entries=0 packed_expected=0
SHARED_ALLOC_PASS m=257 n=9 calls=2 injected=1 shared_first=1 later_X_success=1
ALLOC_PASS m=257 n=17 small=1 history_expected=1 history_calls=1 history_bytes=245760 history_success=0 history_fail=1 x_calls=1 x_bytes=16448 x_success=1 x_fail=0 kb_calls=0 kb_bytes=0 kb_success=0 kb_fail=0 total=2 injected=1 history_level=0 x_level=1 kb_level=-1 shape_bad=0 x_each_worker_once=1
CASE_PASS m=257 n=17 sve16_entries=48 expected=48 old_entries=48 packed_entries=0 packed_expected=0
SHARED_ALLOC_PASS m=257 n=17 calls=2 injected=1 shared_first=1 later_X_success=1
ALLOCATION_SUMMARY_PASS cases=40 budget_cases=0 shared_injection_cases=40
PASS whole_cases=40 noop_cases=4 non_dyadic_long_double_RHS=1 padding_L_unchanged=1 max_error=1.1102230246251565e-16
SOURCE_FEATURES_PASS panel16=1 packedL16=1 has_budget=1 history_budget_bytes=4194304
MODE=shared-fail THREADS=4 NARROW_VL=0 EXPECT_SVE16=1 EXPECT_PACKEDL16=0
ALLOC_PASS m=32 n=1 small=1 history_expected=1 history_calls=1 history_bytes=2048 history_success=0 history_fail=1 x_calls=4 x_bytes=8192 x_success=4 x_fail=0 kb_calls=0 kb_bytes=0 kb_success=0 kb_fail=0 total=5 injected=1 history_level=0 x_level=1 kb_level=-1 shape_bad=0 x_each_worker_once=1
CASE_PASS m=32 n=1 sve16_entries=2 expected=2 old_entries=2 packed_entries=0 packed_expected=0
SHARED_ALLOC_PASS m=32 n=1 calls=5 injected=1 shared_first=1 later_X_success=4
ALLOC_PASS m=32 n=7 small=1 history_expected=1 history_calls=1 history_bytes=2048 history_success=0 history_fail=1 x_calls=4 x_bytes=8192 x_success=4 x_fail=0 kb_calls=0 kb_bytes=0 kb_success=0 kb_fail=0 total=5 injected=1 history_level=0 x_level=1 kb_level=-1 shape_bad=0 x_each_worker_once=1
CASE_PASS m=32 n=7 sve16_entries=2 expected=2 old_entries=2 packed_entries=0 packed_expected=0
SHARED_ALLOC_PASS m=32 n=7 calls=5 injected=1 shared_first=1 later_X_success=4
ALLOC_PASS m=32 n=8 small=1 history_expected=1 history_calls=1 history_bytes=2048 history_success=0 history_fail=1 x_calls=4 x_bytes=8192 x_success=4 x_fail=0 kb_calls=0 kb_bytes=0 kb_success=0 kb_fail=0 total=5 injected=1 history_level=0 x_level=1 kb_level=-1 shape_bad=0 x_each_worker_once=1
CASE_PASS m=32 n=8 sve16_entries=2 expected=2 old_entries=2 packed_entries=0 packed_expected=0
SHARED_ALLOC_PASS m=32 n=8 calls=5 injected=1 shared_first=1 later_X_success=4
ALLOC_PASS m=32 n=9 small=1 history_expected=1 history_calls=1 history_bytes=2048 history_success=0 history_fail=1 x_calls=4 x_bytes=8192 x_success=4 x_fail=0 kb_calls=0 kb_bytes=0 kb_success=0 kb_fail=0 total=5 injected=1 history_level=0 x_level=1 kb_level=-1 shape_bad=0 x_each_worker_once=1
CASE_PASS m=32 n=9 sve16_entries=4 expected=4 old_entries=4 packed_entries=0 packed_expected=0
SHARED_ALLOC_PASS m=32 n=9 calls=5 injected=1 shared_first=1 later_X_success=4
ALLOC_PASS m=32 n=17 small=1 history_expected=1 history_calls=1 history_bytes=2048 history_success=0 history_fail=1 x_calls=4 x_bytes=8192 x_success=4 x_fail=0 kb_calls=0 kb_bytes=0 kb_success=0 kb_fail=0 total=5 injected=1 history_level=0 x_level=1 kb_level=-1 shape_bad=0 x_each_worker_once=1
CASE_PASS m=32 n=17 sve16_entries=6 expected=6 old_entries=6 packed_entries=0 packed_expected=0
SHARED_ALLOC_PASS m=32 n=17 calls=5 injected=1 shared_first=1 later_X_success=4
ALLOC_PASS m=33 n=1 small=1 history_expected=1 history_calls=1 history_bytes=2048 history_success=0 history_fail=1 x_calls=4 x_bytes=8448 x_success=4 x_fail=0 kb_calls=0 kb_bytes=0 kb_success=0 kb_fail=0 total=5 injected=1 history_level=0 x_level=1 kb_level=-1 shape_bad=0 x_each_worker_once=1
CASE_PASS m=33 n=1 sve16_entries=2 expected=2 old_entries=2 packed_entries=0 packed_expected=0
SHARED_ALLOC_PASS m=33 n=1 calls=5 injected=1 shared_first=1 later_X_success=4
ALLOC_PASS m=33 n=7 small=1 history_expected=1 history_calls=1 history_bytes=2048 history_success=0 history_fail=1 x_calls=4 x_bytes=8448 x_success=4 x_fail=0 kb_calls=0 kb_bytes=0 kb_success=0 kb_fail=0 total=5 injected=1 history_level=0 x_level=1 kb_level=-1 shape_bad=0 x_each_worker_once=1
CASE_PASS m=33 n=7 sve16_entries=2 expected=2 old_entries=2 packed_entries=0 packed_expected=0
SHARED_ALLOC_PASS m=33 n=7 calls=5 injected=1 shared_first=1 later_X_success=4
ALLOC_PASS m=33 n=8 small=1 history_expected=1 history_calls=1 history_bytes=2048 history_success=0 history_fail=1 x_calls=4 x_bytes=8448 x_success=4 x_fail=0 kb_calls=0 kb_bytes=0 kb_success=0 kb_fail=0 total=5 injected=1 history_level=0 x_level=1 kb_level=-1 shape_bad=0 x_each_worker_once=1
CASE_PASS m=33 n=8 sve16_entries=2 expected=2 old_entries=2 packed_entries=0 packed_expected=0
SHARED_ALLOC_PASS m=33 n=8 calls=5 injected=1 shared_first=1 later_X_success=4
ALLOC_PASS m=33 n=9 small=1 history_expected=1 history_calls=1 history_bytes=2048 history_success=0 history_fail=1 x_calls=4 x_bytes=8448 x_success=4 x_fail=0 kb_calls=0 kb_bytes=0 kb_success=0 kb_fail=0 total=5 injected=1 history_level=0 x_level=1 kb_level=-1 shape_bad=0 x_each_worker_once=1
CASE_PASS m=33 n=9 sve16_entries=4 expected=4 old_entries=4 packed_entries=0 packed_expected=0
SHARED_ALLOC_PASS m=33 n=9 calls=5 injected=1 shared_first=1 later_X_success=4
ALLOC_PASS m=33 n=17 small=1 history_expected=1 history_calls=1 history_bytes=2048 history_success=0 history_fail=1 x_calls=4 x_bytes=8448 x_success=4 x_fail=0 kb_calls=0 kb_bytes=0 kb_success=0 kb_fail=0 total=5 injected=1 history_level=0 x_level=1 kb_level=-1 shape_bad=0 x_each_worker_once=1
CASE_PASS m=33 n=17 sve16_entries=6 expected=6 old_entries=6 packed_entries=0 packed_expected=0
SHARED_ALLOC_PASS m=33 n=17 calls=5 injected=1 shared_first=1 later_X_success=4
ALLOC_PASS m=63 n=1 small=1 history_expected=1 history_calls=1 history_bytes=6144 history_success=0 history_fail=1 x_calls=4 x_bytes=16128 x_success=4 x_fail=0 kb_calls=0 kb_bytes=0 kb_success=0 kb_fail=0 total=5 injected=1 history_level=0 x_level=1 kb_level=-1 shape_bad=0 x_each_worker_once=1
CASE_PASS m=63 n=1 sve16_entries=3 expected=3 old_entries=3 packed_entries=0 packed_expected=0
SHARED_ALLOC_PASS m=63 n=1 calls=5 injected=1 shared_first=1 later_X_success=4
ALLOC_PASS m=63 n=7 small=1 history_expected=1 history_calls=1 history_bytes=6144 history_success=0 history_fail=1 x_calls=4 x_bytes=16128 x_success=4 x_fail=0 kb_calls=0 kb_bytes=0 kb_success=0 kb_fail=0 total=5 injected=1 history_level=0 x_level=1 kb_level=-1 shape_bad=0 x_each_worker_once=1
CASE_PASS m=63 n=7 sve16_entries=3 expected=3 old_entries=3 packed_entries=0 packed_expected=0
SHARED_ALLOC_PASS m=63 n=7 calls=5 injected=1 shared_first=1 later_X_success=4
ALLOC_PASS m=63 n=8 small=1 history_expected=1 history_calls=1 history_bytes=6144 history_success=0 history_fail=1 x_calls=4 x_bytes=16128 x_success=4 x_fail=0 kb_calls=0 kb_bytes=0 kb_success=0 kb_fail=0 total=5 injected=1 history_level=0 x_level=1 kb_level=-1 shape_bad=0 x_each_worker_once=1
CASE_PASS m=63 n=8 sve16_entries=3 expected=3 old_entries=3 packed_entries=0 packed_expected=0
SHARED_ALLOC_PASS m=63 n=8 calls=5 injected=1 shared_first=1 later_X_success=4
ALLOC_PASS m=63 n=9 small=1 history_expected=1 history_calls=1 history_bytes=6144 history_success=0 history_fail=1 x_calls=4 x_bytes=16128 x_success=4 x_fail=0 kb_calls=0 kb_bytes=0 kb_success=0 kb_fail=0 total=5 injected=1 history_level=0 x_level=1 kb_level=-1 shape_bad=0 x_each_worker_once=1
CASE_PASS m=63 n=9 sve16_entries=6 expected=6 old_entries=6 packed_entries=0 packed_expected=0
SHARED_ALLOC_PASS m=63 n=9 calls=5 injected=1 shared_first=1 later_X_success=4
ALLOC_PASS m=63 n=17 small=1 history_expected=1 history_calls=1 history_bytes=6144 history_success=0 history_fail=1 x_calls=4 x_bytes=16128 x_success=4 x_fail=0 kb_calls=0 kb_bytes=0 kb_success=0 kb_fail=0 total=5 injected=1 history_level=0 x_level=1 kb_level=-1 shape_bad=0 x_each_worker_once=1
CASE_PASS m=63 n=17 sve16_entries=9 expected=9 old_entries=9 packed_entries=0 packed_expected=0
SHARED_ALLOC_PASS m=63 n=17 calls=5 injected=1 shared_first=1 later_X_success=4
ALLOC_PASS m=64 n=1 small=1 history_expected=1 history_calls=1 history_bytes=12288 history_success=0 history_fail=1 x_calls=4 x_bytes=16384 x_success=4 x_fail=0 kb_calls=0 kb_bytes=0 kb_success=0 kb_fail=0 total=5 injected=1 history_level=0 x_level=1 kb_level=-1 shape_bad=0 x_each_worker_once=1
CASE_PASS m=64 n=1 sve16_entries=4 expected=4 old_entries=4 packed_entries=0 packed_expected=0
SHARED_ALLOC_PASS m=64 n=1 calls=5 injected=1 shared_first=1 later_X_success=4
ALLOC_PASS m=64 n=7 small=1 history_expected=1 history_calls=1 history_bytes=12288 history_success=0 history_fail=1 x_calls=4 x_bytes=16384 x_success=4 x_fail=0 kb_calls=0 kb_bytes=0 kb_success=0 kb_fail=0 total=5 injected=1 history_level=0 x_level=1 kb_level=-1 shape_bad=0 x_each_worker_once=1
CASE_PASS m=64 n=7 sve16_entries=4 expected=4 old_entries=4 packed_entries=0 packed_expected=0
SHARED_ALLOC_PASS m=64 n=7 calls=5 injected=1 shared_first=1 later_X_success=4
ALLOC_PASS m=64 n=8 small=1 history_expected=1 history_calls=1 history_bytes=12288 history_success=0 history_fail=1 x_calls=4 x_bytes=16384 x_success=4 x_fail=0 kb_calls=0 kb_bytes=0 kb_success=0 kb_fail=0 total=5 injected=1 history_level=0 x_level=1 kb_level=-1 shape_bad=0 x_each_worker_once=1
CASE_PASS m=64 n=8 sve16_entries=4 expected=4 old_entries=4 packed_entries=0 packed_expected=0
SHARED_ALLOC_PASS m=64 n=8 calls=5 injected=1 shared_first=1 later_X_success=4
ALLOC_PASS m=64 n=9 small=1 history_expected=1 history_calls=1 history_bytes=12288 history_success=0 history_fail=1 x_calls=4 x_bytes=16384 x_success=4 x_fail=0 kb_calls=0 kb_bytes=0 kb_success=0 kb_fail=0 total=5 injected=1 history_level=0 x_level=1 kb_level=-1 shape_bad=0 x_each_worker_once=1
CASE_PASS m=64 n=9 sve16_entries=8 expected=8 old_entries=8 packed_entries=0 packed_expected=0
SHARED_ALLOC_PASS m=64 n=9 calls=5 injected=1 shared_first=1 later_X_success=4
ALLOC_PASS m=64 n=17 small=1 history_expected=1 history_calls=1 history_bytes=12288 history_success=0 history_fail=1 x_calls=4 x_bytes=16384 x_success=4 x_fail=0 kb_calls=0 kb_bytes=0 kb_success=0 kb_fail=0 total=5 injected=1 history_level=0 x_level=1 kb_level=-1 shape_bad=0 x_each_worker_once=1
CASE_PASS m=64 n=17 sve16_entries=12 expected=12 old_entries=12 packed_entries=0 packed_expected=0
SHARED_ALLOC_PASS m=64 n=17 calls=5 injected=1 shared_first=1 later_X_success=4
ALLOC_PASS m=65 n=1 small=1 history_expected=1 history_calls=1 history_bytes=12288 history_success=0 history_fail=1 x_calls=4 x_bytes=16640 x_success=4 x_fail=0 kb_calls=0 kb_bytes=0 kb_success=0 kb_fail=0 total=5 injected=1 history_level=0 x_level=1 kb_level=-1 shape_bad=0 x_each_worker_once=1
CASE_PASS m=65 n=1 sve16_entries=4 expected=4 old_entries=4 packed_entries=0 packed_expected=0
SHARED_ALLOC_PASS m=65 n=1 calls=5 injected=1 shared_first=1 later_X_success=4
ALLOC_PASS m=65 n=7 small=1 history_expected=1 history_calls=1 history_bytes=12288 history_success=0 history_fail=1 x_calls=4 x_bytes=16640 x_success=4 x_fail=0 kb_calls=0 kb_bytes=0 kb_success=0 kb_fail=0 total=5 injected=1 history_level=0 x_level=1 kb_level=-1 shape_bad=0 x_each_worker_once=1
CASE_PASS m=65 n=7 sve16_entries=4 expected=4 old_entries=4 packed_entries=0 packed_expected=0
SHARED_ALLOC_PASS m=65 n=7 calls=5 injected=1 shared_first=1 later_X_success=4
ALLOC_PASS m=65 n=8 small=1 history_expected=1 history_calls=1 history_bytes=12288 history_success=0 history_fail=1 x_calls=4 x_bytes=16640 x_success=4 x_fail=0 kb_calls=0 kb_bytes=0 kb_success=0 kb_fail=0 total=5 injected=1 history_level=0 x_level=1 kb_level=-1 shape_bad=0 x_each_worker_once=1
CASE_PASS m=65 n=8 sve16_entries=4 expected=4 old_entries=4 packed_entries=0 packed_expected=0
SHARED_ALLOC_PASS m=65 n=8 calls=5 injected=1 shared_first=1 later_X_success=4
ALLOC_PASS m=65 n=9 small=1 history_expected=1 history_calls=1 history_bytes=12288 history_success=0 history_fail=1 x_calls=4 x_bytes=16640 x_success=4 x_fail=0 kb_calls=0 kb_bytes=0 kb_success=0 kb_fail=0 total=5 injected=1 history_level=0 x_level=1 kb_level=-1 shape_bad=0 x_each_worker_once=1
CASE_PASS m=65 n=9 sve16_entries=8 expected=8 old_entries=8 packed_entries=0 packed_expected=0
SHARED_ALLOC_PASS m=65 n=9 calls=5 injected=1 shared_first=1 later_X_success=4
ALLOC_PASS m=65 n=17 small=1 history_expected=1 history_calls=1 history_bytes=12288 history_success=0 history_fail=1 x_calls=4 x_bytes=16640 x_success=4 x_fail=0 kb_calls=0 kb_bytes=0 kb_success=0 kb_fail=0 total=5 injected=1 history_level=0 x_level=1 kb_level=-1 shape_bad=0 x_each_worker_once=1
CASE_PASS m=65 n=17 sve16_entries=12 expected=12 old_entries=12 packed_entries=0 packed_expected=0
SHARED_ALLOC_PASS m=65 n=17 calls=5 injected=1 shared_first=1 later_X_success=4
ALLOC_PASS m=255 n=1 small=1 history_expected=1 history_calls=1 history_bytes=215040 history_success=0 history_fail=1 x_calls=4 x_bytes=65280 x_success=4 x_fail=0 kb_calls=0 kb_bytes=0 kb_success=0 kb_fail=0 total=5 injected=1 history_level=0 x_level=1 kb_level=-1 shape_bad=0 x_each_worker_once=1
CASE_PASS m=255 n=1 sve16_entries=15 expected=15 old_entries=15 packed_entries=0 packed_expected=0
SHARED_ALLOC_PASS m=255 n=1 calls=5 injected=1 shared_first=1 later_X_success=4
ALLOC_PASS m=255 n=7 small=1 history_expected=1 history_calls=1 history_bytes=215040 history_success=0 history_fail=1 x_calls=4 x_bytes=65280 x_success=4 x_fail=0 kb_calls=0 kb_bytes=0 kb_success=0 kb_fail=0 total=5 injected=1 history_level=0 x_level=1 kb_level=-1 shape_bad=0 x_each_worker_once=1
CASE_PASS m=255 n=7 sve16_entries=15 expected=15 old_entries=15 packed_entries=0 packed_expected=0
SHARED_ALLOC_PASS m=255 n=7 calls=5 injected=1 shared_first=1 later_X_success=4
ALLOC_PASS m=255 n=8 small=1 history_expected=1 history_calls=1 history_bytes=215040 history_success=0 history_fail=1 x_calls=4 x_bytes=65280 x_success=4 x_fail=0 kb_calls=0 kb_bytes=0 kb_success=0 kb_fail=0 total=5 injected=1 history_level=0 x_level=1 kb_level=-1 shape_bad=0 x_each_worker_once=1
CASE_PASS m=255 n=8 sve16_entries=15 expected=15 old_entries=15 packed_entries=0 packed_expected=0
SHARED_ALLOC_PASS m=255 n=8 calls=5 injected=1 shared_first=1 later_X_success=4
ALLOC_PASS m=255 n=9 small=1 history_expected=1 history_calls=1 history_bytes=215040 history_success=0 history_fail=1 x_calls=4 x_bytes=65280 x_success=4 x_fail=0 kb_calls=0 kb_bytes=0 kb_success=0 kb_fail=0 total=5 injected=1 history_level=0 x_level=1 kb_level=-1 shape_bad=0 x_each_worker_once=1
CASE_PASS m=255 n=9 sve16_entries=30 expected=30 old_entries=30 packed_entries=0 packed_expected=0
SHARED_ALLOC_PASS m=255 n=9 calls=5 injected=1 shared_first=1 later_X_success=4
ALLOC_PASS m=255 n=17 small=1 history_expected=1 history_calls=1 history_bytes=215040 history_success=0 history_fail=1 x_calls=4 x_bytes=65280 x_success=4 x_fail=0 kb_calls=0 kb_bytes=0 kb_success=0 kb_fail=0 total=5 injected=1 history_level=0 x_level=1 kb_level=-1 shape_bad=0 x_each_worker_once=1
CASE_PASS m=255 n=17 sve16_entries=45 expected=45 old_entries=45 packed_entries=0 packed_expected=0
SHARED_ALLOC_PASS m=255 n=17 calls=5 injected=1 shared_first=1 later_X_success=4
ALLOC_PASS m=256 n=1 small=1 history_expected=1 history_calls=1 history_bytes=245760 history_success=0 history_fail=1 x_calls=4 x_bytes=65536 x_success=4 x_fail=0 kb_calls=0 kb_bytes=0 kb_success=0 kb_fail=0 total=5 injected=1 history_level=0 x_level=1 kb_level=-1 shape_bad=0 x_each_worker_once=1
CASE_PASS m=256 n=1 sve16_entries=16 expected=16 old_entries=16 packed_entries=0 packed_expected=0
SHARED_ALLOC_PASS m=256 n=1 calls=5 injected=1 shared_first=1 later_X_success=4
ALLOC_PASS m=256 n=7 small=1 history_expected=1 history_calls=1 history_bytes=245760 history_success=0 history_fail=1 x_calls=4 x_bytes=65536 x_success=4 x_fail=0 kb_calls=0 kb_bytes=0 kb_success=0 kb_fail=0 total=5 injected=1 history_level=0 x_level=1 kb_level=-1 shape_bad=0 x_each_worker_once=1
CASE_PASS m=256 n=7 sve16_entries=16 expected=16 old_entries=16 packed_entries=0 packed_expected=0
SHARED_ALLOC_PASS m=256 n=7 calls=5 injected=1 shared_first=1 later_X_success=4
ALLOC_PASS m=256 n=8 small=1 history_expected=1 history_calls=1 history_bytes=245760 history_success=0 history_fail=1 x_calls=4 x_bytes=65536 x_success=4 x_fail=0 kb_calls=0 kb_bytes=0 kb_success=0 kb_fail=0 total=5 injected=1 history_level=0 x_level=1 kb_level=-1 shape_bad=0 x_each_worker_once=1
CASE_PASS m=256 n=8 sve16_entries=16 expected=16 old_entries=16 packed_entries=0 packed_expected=0
SHARED_ALLOC_PASS m=256 n=8 calls=5 injected=1 shared_first=1 later_X_success=4
ALLOC_PASS m=256 n=9 small=1 history_expected=1 history_calls=1 history_bytes=245760 history_success=0 history_fail=1 x_calls=4 x_bytes=65536 x_success=4 x_fail=0 kb_calls=0 kb_bytes=0 kb_success=0 kb_fail=0 total=5 injected=1 history_level=0 x_level=1 kb_level=-1 shape_bad=0 x_each_worker_once=1
CASE_PASS m=256 n=9 sve16_entries=32 expected=32 old_entries=32 packed_entries=0 packed_expected=0
SHARED_ALLOC_PASS m=256 n=9 calls=5 injected=1 shared_first=1 later_X_success=4
ALLOC_PASS m=256 n=17 small=1 history_expected=1 history_calls=1 history_bytes=245760 history_success=0 history_fail=1 x_calls=4 x_bytes=65536 x_success=4 x_fail=0 kb_calls=0 kb_bytes=0 kb_success=0 kb_fail=0 total=5 injected=1 history_level=0 x_level=1 kb_level=-1 shape_bad=0 x_each_worker_once=1
CASE_PASS m=256 n=17 sve16_entries=48 expected=48 old_entries=48 packed_entries=0 packed_expected=0
SHARED_ALLOC_PASS m=256 n=17 calls=5 injected=1 shared_first=1 later_X_success=4
ALLOC_PASS m=257 n=1 small=1 history_expected=1 history_calls=1 history_bytes=245760 history_success=0 history_fail=1 x_calls=4 x_bytes=65792 x_success=4 x_fail=0 kb_calls=0 kb_bytes=0 kb_success=0 kb_fail=0 total=5 injected=1 history_level=0 x_level=1 kb_level=-1 shape_bad=0 x_each_worker_once=1
CASE_PASS m=257 n=1 sve16_entries=16 expected=16 old_entries=16 packed_entries=0 packed_expected=0
SHARED_ALLOC_PASS m=257 n=1 calls=5 injected=1 shared_first=1 later_X_success=4
ALLOC_PASS m=257 n=7 small=1 history_expected=1 history_calls=1 history_bytes=245760 history_success=0 history_fail=1 x_calls=4 x_bytes=65792 x_success=4 x_fail=0 kb_calls=0 kb_bytes=0 kb_success=0 kb_fail=0 total=5 injected=1 history_level=0 x_level=1 kb_level=-1 shape_bad=0 x_each_worker_once=1
CASE_PASS m=257 n=7 sve16_entries=16 expected=16 old_entries=16 packed_entries=0 packed_expected=0
SHARED_ALLOC_PASS m=257 n=7 calls=5 injected=1 shared_first=1 later_X_success=4
ALLOC_PASS m=257 n=8 small=1 history_expected=1 history_calls=1 history_bytes=245760 history_success=0 history_fail=1 x_calls=4 x_bytes=65792 x_success=4 x_fail=0 kb_calls=0 kb_bytes=0 kb_success=0 kb_fail=0 total=5 injected=1 history_level=0 x_level=1 kb_level=-1 shape_bad=0 x_each_worker_once=1
CASE_PASS m=257 n=8 sve16_entries=16 expected=16 old_entries=16 packed_entries=0 packed_expected=0
SHARED_ALLOC_PASS m=257 n=8 calls=5 injected=1 shared_first=1 later_X_success=4
ALLOC_PASS m=257 n=9 small=1 history_expected=1 history_calls=1 history_bytes=245760 history_success=0 history_fail=1 x_calls=4 x_bytes=65792 x_success=4 x_fail=0 kb_calls=0 kb_bytes=0 kb_success=0 kb_fail=0 total=5 injected=1 history_level=0 x_level=1 kb_level=-1 shape_bad=0 x_each_worker_once=1
CASE_PASS m=257 n=9 sve16_entries=32 expected=32 old_entries=32 packed_entries=0 packed_expected=0
SHARED_ALLOC_PASS m=257 n=9 calls=5 injected=1 shared_first=1 later_X_success=4
ALLOC_PASS m=257 n=17 small=1 history_expected=1 history_calls=1 history_bytes=245760 history_success=0 history_fail=1 x_calls=4 x_bytes=65792 x_success=4 x_fail=0 kb_calls=0 kb_bytes=0 kb_success=0 kb_fail=0 total=5 injected=1 history_level=0 x_level=1 kb_level=-1 shape_bad=0 x_each_worker_once=1
CASE_PASS m=257 n=17 sve16_entries=48 expected=48 old_entries=48 packed_entries=0 packed_expected=0
SHARED_ALLOC_PASS m=257 n=17 calls=5 injected=1 shared_first=1 later_X_success=4
ALLOCATION_SUMMARY_PASS cases=40 budget_cases=0 shared_injection_cases=40
PASS whole_cases=40 noop_cases=4 non_dyadic_long_double_RHS=1 padding_L_unchanged=1 max_error=1.1102230246251565e-16
SOURCE_FEATURES_PASS panel16=1 packedL16=1 has_budget=1 history_budget_bytes=4194304
MODE=budget THREADS=1 NARROW_VL=0 EXPECT_SVE16=1 EXPECT_PACKEDL16=1
ALLOC_PASS m=1023 n=9 small=1 history_expected=1 history_calls=1 history_bytes=3999744 history_success=1 history_fail=0 x_calls=1 x_bytes=65472 x_success=1 x_fail=0 kb_calls=0 kb_bytes=0 kb_success=0 kb_fail=0 total=2 injected=0 history_level=0 x_level=1 kb_level=-1 shape_bad=0 x_each_worker_once=1
CASE_PASS m=1023 n=9 sve16_entries=126 expected=126 old_entries=2 packed_entries=124 packed_expected=124
ALLOC_PASS m=1024 n=9 small=1 history_expected=1 history_calls=1 history_bytes=4128768 history_success=1 history_fail=0 x_calls=1 x_bytes=65536 x_success=1 x_fail=0 kb_calls=0 kb_bytes=0 kb_success=0 kb_fail=0 total=2 injected=0 history_level=0 x_level=1 kb_level=-1 shape_bad=0 x_each_worker_once=1
CASE_PASS m=1024 n=9 sve16_entries=128 expected=128 old_entries=2 packed_entries=126 packed_expected=126
ALLOC_PASS m=1039 n=9 small=1 history_expected=1 history_calls=1 history_bytes=4128768 history_success=1 history_fail=0 x_calls=1 x_bytes=66496 x_success=1 x_fail=0 kb_calls=0 kb_bytes=0 kb_success=0 kb_fail=0 total=2 injected=0 history_level=0 x_level=1 kb_level=-1 shape_bad=0 x_each_worker_once=1
CASE_PASS m=1039 n=9 sve16_entries=128 expected=128 old_entries=2 packed_entries=126 packed_expected=126
ALLOC_PASS m=1040 n=9 small=1 history_expected=0 history_calls=0 history_bytes=0 history_success=0 history_fail=0 x_calls=1 x_bytes=66560 x_success=1 x_fail=0 kb_calls=0 kb_bytes=0 kb_success=0 kb_fail=0 total=1 injected=0 history_level=-1 x_level=1 kb_level=-1 shape_bad=0 x_each_worker_once=1
CASE_PASS m=1040 n=9 sve16_entries=130 expected=130 old_entries=130 packed_entries=0 packed_expected=0
ALLOC_PASS m=1041 n=9 small=1 history_expected=0 history_calls=0 history_bytes=0 history_success=0 history_fail=0 x_calls=1 x_bytes=66624 x_success=1 x_fail=0 kb_calls=0 kb_bytes=0 kb_success=0 kb_fail=0 total=1 injected=0 history_level=-1 x_level=1 kb_level=-1 shape_bad=0 x_each_worker_once=1
CASE_PASS m=1041 n=9 sve16_entries=130 expected=130 old_entries=130 packed_entries=0 packed_expected=0
ALLOCATION_SUMMARY_PASS cases=5 budget_cases=5 shared_injection_cases=0
PASS whole_cases=5 noop_cases=4 non_dyadic_long_double_RHS=1 padding_L_unchanged=1 max_error=1.1102230246251565e-16
SOURCE_FEATURES_PASS panel16=1 packedL16=1 has_budget=1 history_budget_bytes=4194304
MODE=budget THREADS=4 NARROW_VL=0 EXPECT_SVE16=1 EXPECT_PACKEDL16=1
ALLOC_PASS m=1023 n=9 small=1 history_expected=1 history_calls=1 history_bytes=3999744 history_success=1 history_fail=0 x_calls=4 x_bytes=261888 x_success=4 x_fail=0 kb_calls=0 kb_bytes=0 kb_success=0 kb_fail=0 total=5 injected=0 history_level=0 x_level=1 kb_level=-1 shape_bad=0 x_each_worker_once=1
CASE_PASS m=1023 n=9 sve16_entries=126 expected=126 old_entries=2 packed_entries=124 packed_expected=124
ALLOC_PASS m=1024 n=9 small=1 history_expected=1 history_calls=1 history_bytes=4128768 history_success=1 history_fail=0 x_calls=4 x_bytes=262144 x_success=4 x_fail=0 kb_calls=0 kb_bytes=0 kb_success=0 kb_fail=0 total=5 injected=0 history_level=0 x_level=1 kb_level=-1 shape_bad=0 x_each_worker_once=1
CASE_PASS m=1024 n=9 sve16_entries=128 expected=128 old_entries=2 packed_entries=126 packed_expected=126
ALLOC_PASS m=1039 n=9 small=1 history_expected=1 history_calls=1 history_bytes=4128768 history_success=1 history_fail=0 x_calls=4 x_bytes=265984 x_success=4 x_fail=0 kb_calls=0 kb_bytes=0 kb_success=0 kb_fail=0 total=5 injected=0 history_level=0 x_level=1 kb_level=-1 shape_bad=0 x_each_worker_once=1
CASE_PASS m=1039 n=9 sve16_entries=128 expected=128 old_entries=2 packed_entries=126 packed_expected=126
ALLOC_PASS m=1040 n=9 small=1 history_expected=0 history_calls=0 history_bytes=0 history_success=0 history_fail=0 x_calls=4 x_bytes=266240 x_success=4 x_fail=0 kb_calls=0 kb_bytes=0 kb_success=0 kb_fail=0 total=4 injected=0 history_level=-1 x_level=1 kb_level=-1 shape_bad=0 x_each_worker_once=1
CASE_PASS m=1040 n=9 sve16_entries=130 expected=130 old_entries=130 packed_entries=0 packed_expected=0
ALLOC_PASS m=1041 n=9 small=1 history_expected=0 history_calls=0 history_bytes=0 history_success=0 history_fail=0 x_calls=4 x_bytes=266496 x_success=4 x_fail=0 kb_calls=0 kb_bytes=0 kb_success=0 kb_fail=0 total=4 injected=0 history_level=-1 x_level=1 kb_level=-1 shape_bad=0 x_each_worker_once=1
CASE_PASS m=1041 n=9 sve16_entries=130 expected=130 old_entries=130 packed_entries=0 packed_expected=0
ALLOCATION_SUMMARY_PASS cases=5 budget_cases=5 shared_injection_cases=0
PASS whole_cases=5 noop_cases=4 non_dyadic_long_double_RHS=1 padding_L_unchanged=1 max_error=1.1102230246251565e-16
SOURCE_FEATURES_PASS panel16=1 packedL16=1 has_budget=1 history_budget_bytes=4194304
MODE=budget-smoke THREADS=38 NARROW_VL=0 EXPECT_SVE16=1 EXPECT_PACKEDL16=1
ALLOC_PASS m=1039 n=313 small=1 history_expected=1 history_calls=1 history_bytes=4128768 history_success=1 history_fail=0 x_calls=38 x_bytes=2526848 x_success=38 x_fail=0 kb_calls=0 kb_bytes=0 kb_success=0 kb_fail=0 total=39 injected=0 history_level=0 x_level=1 kb_level=-1 shape_bad=0 x_each_worker_once=1
CASE_PASS m=1039 n=313 sve16_entries=2560 expected=2560 old_entries=40 packed_entries=2520 packed_expected=2520
ALLOC_PASS m=1040 n=313 small=1 history_expected=0 history_calls=0 history_bytes=0 history_success=0 history_fail=0 x_calls=38 x_bytes=2529280 x_success=38 x_fail=0 kb_calls=0 kb_bytes=0 kb_success=0 kb_fail=0 total=38 injected=0 history_level=-1 x_level=1 kb_level=-1 shape_bad=0 x_each_worker_once=1
CASE_PASS m=1040 n=313 sve16_entries=2600 expected=2600 old_entries=2600 packed_entries=0 packed_expected=0
ALLOCATION_SUMMARY_PASS cases=2 budget_cases=2 shared_injection_cases=0
PASS whole_cases=2 noop_cases=4 non_dyadic_long_double_RHS=1 padding_L_unchanged=1 max_error=1.1102230246251565e-16
SOURCE_FEATURES_PASS panel16=1 packedL16=1 has_budget=1 history_budget_bytes=4194304
MODE=budget THREADS=4 NARROW_VL=0 EXPECT_SVE16=0 EXPECT_PACKEDL16=0
ALLOC_PASS m=1023 n=9 small=1 history_expected=1 history_calls=1 history_bytes=3999744 history_success=1 history_fail=0 x_calls=4 x_bytes=261888 x_success=0 x_fail=4 kb_calls=0 kb_bytes=0 kb_success=0 kb_fail=0 total=5 injected=4 history_level=0 x_level=1 kb_level=-1 shape_bad=0 x_each_worker_once=1
CASE_PASS m=1023 n=9 sve16_entries=0 expected=0 old_entries=0 packed_entries=0 packed_expected=0
ALLOC_PASS m=1024 n=9 small=1 history_expected=1 history_calls=1 history_bytes=4128768 history_success=1 history_fail=0 x_calls=4 x_bytes=262144 x_success=0 x_fail=4 kb_calls=0 kb_bytes=0 kb_success=0 kb_fail=0 total=5 injected=4 history_level=0 x_level=1 kb_level=-1 shape_bad=0 x_each_worker_once=1
CASE_PASS m=1024 n=9 sve16_entries=0 expected=0 old_entries=0 packed_entries=0 packed_expected=0
ALLOC_PASS m=1039 n=9 small=1 history_expected=1 history_calls=1 history_bytes=4128768 history_success=1 history_fail=0 x_calls=4 x_bytes=265984 x_success=0 x_fail=4 kb_calls=0 kb_bytes=0 kb_success=0 kb_fail=0 total=5 injected=4 history_level=0 x_level=1 kb_level=-1 shape_bad=0 x_each_worker_once=1
CASE_PASS m=1039 n=9 sve16_entries=0 expected=0 old_entries=0 packed_entries=0 packed_expected=0
ALLOC_PASS m=1040 n=9 small=1 history_expected=0 history_calls=0 history_bytes=0 history_success=0 history_fail=0 x_calls=4 x_bytes=266240 x_success=0 x_fail=4 kb_calls=0 kb_bytes=0 kb_success=0 kb_fail=0 total=4 injected=4 history_level=-1 x_level=1 kb_level=-1 shape_bad=0 x_each_worker_once=1
CASE_PASS m=1040 n=9 sve16_entries=0 expected=0 old_entries=0 packed_entries=0 packed_expected=0
ALLOC_PASS m=1041 n=9 small=1 history_expected=0 history_calls=0 history_bytes=0 history_success=0 history_fail=0 x_calls=4 x_bytes=266496 x_success=0 x_fail=4 kb_calls=0 kb_bytes=0 kb_success=0 kb_fail=0 total=4 injected=4 history_level=-1 x_level=1 kb_level=-1 shape_bad=0 x_each_worker_once=1
CASE_PASS m=1041 n=9 sve16_entries=0 expected=0 old_entries=0 packed_entries=0 packed_expected=0
ALLOCATION_SUMMARY_PASS cases=5 budget_cases=5 shared_injection_cases=0
PASS whole_cases=5 noop_cases=4 non_dyadic_long_double_RHS=1 padding_L_unchanged=1 max_error=1.1102230246251565e-16
SOURCE_FEATURES_PASS panel16=1 packedL16=1 has_budget=1 history_budget_bytes=4194304
MODE=budget THREADS=4 NARROW_VL=0 EXPECT_SVE16=0 EXPECT_PACKEDL16=0
ALLOC_PASS m=1023 n=9 small=1 history_expected=0 history_calls=0 history_bytes=0 history_success=0 history_fail=0 x_calls=4 x_bytes=261888 x_success=4 x_fail=0 kb_calls=0 kb_bytes=0 kb_success=0 kb_fail=0 total=4 injected=0 history_level=-1 x_level=1 kb_level=-1 shape_bad=0 x_each_worker_once=1
CASE_PASS m=1023 n=9 sve16_entries=0 expected=0 old_entries=0 packed_entries=0 packed_expected=0
ALLOC_PASS m=1024 n=9 small=1 history_expected=0 history_calls=0 history_bytes=0 history_success=0 history_fail=0 x_calls=4 x_bytes=262144 x_success=4 x_fail=0 kb_calls=0 kb_bytes=0 kb_success=0 kb_fail=0 total=4 injected=0 history_level=-1 x_level=1 kb_level=-1 shape_bad=0 x_each_worker_once=1
CASE_PASS m=1024 n=9 sve16_entries=0 expected=0 old_entries=0 packed_entries=0 packed_expected=0
ALLOC_PASS m=1039 n=9 small=1 history_expected=0 history_calls=0 history_bytes=0 history_success=0 history_fail=0 x_calls=4 x_bytes=265984 x_success=4 x_fail=0 kb_calls=0 kb_bytes=0 kb_success=0 kb_fail=0 total=4 injected=0 history_level=-1 x_level=1 kb_level=-1 shape_bad=0 x_each_worker_once=1
CASE_PASS m=1039 n=9 sve16_entries=0 expected=0 old_entries=0 packed_entries=0 packed_expected=0
ALLOC_PASS m=1040 n=9 small=1 history_expected=0 history_calls=0 history_bytes=0 history_success=0 history_fail=0 x_calls=4 x_bytes=266240 x_success=4 x_fail=0 kb_calls=0 kb_bytes=0 kb_success=0 kb_fail=0 total=4 injected=0 history_level=-1 x_level=1 kb_level=-1 shape_bad=0 x_each_worker_once=1
CASE_PASS m=1040 n=9 sve16_entries=0 expected=0 old_entries=0 packed_entries=0 packed_expected=0
ALLOC_PASS m=1041 n=9 small=1 history_expected=0 history_calls=0 history_bytes=0 history_success=0 history_fail=0 x_calls=4 x_bytes=266496 x_success=4 x_fail=0 kb_calls=0 kb_bytes=0 kb_success=0 kb_fail=0 total=4 injected=0 history_level=-1 x_level=1 kb_level=-1 shape_bad=0 x_each_worker_once=1
CASE_PASS m=1041 n=9 sve16_entries=0 expected=0 old_entries=0 packed_entries=0 packed_expected=0
ALLOCATION_SUMMARY_PASS cases=5 budget_cases=5 shared_injection_cases=0
PASS whole_cases=5 noop_cases=4 non_dyadic_long_double_RHS=1 padding_L_unchanged=1 max_error=1.1102230246251565e-16
SOURCE_FEATURES_PASS panel16=1 packedL16=1 has_budget=1 history_budget_bytes=4194304
MODE=budget THREADS=4 NARROW_VL=1 EXPECT_SVE16=0 EXPECT_PACKEDL16=0
ALLOC_PASS m=1023 n=9 small=1 history_expected=1 history_calls=1 history_bytes=3999744 history_success=1 history_fail=0 x_calls=4 x_bytes=261888 x_success=4 x_fail=0 kb_calls=0 kb_bytes=0 kb_success=0 kb_fail=0 total=5 injected=0 history_level=0 x_level=1 kb_level=-1 shape_bad=0 x_each_worker_once=1
CASE_PASS m=1023 n=9 sve16_entries=0 expected=0 old_entries=0 packed_entries=0 packed_expected=0
ALLOC_PASS m=1024 n=9 small=1 history_expected=1 history_calls=1 history_bytes=4128768 history_success=1 history_fail=0 x_calls=4 x_bytes=262144 x_success=4 x_fail=0 kb_calls=0 kb_bytes=0 kb_success=0 kb_fail=0 total=5 injected=0 history_level=0 x_level=1 kb_level=-1 shape_bad=0 x_each_worker_once=1
CASE_PASS m=1024 n=9 sve16_entries=0 expected=0 old_entries=0 packed_entries=0 packed_expected=0
ALLOC_PASS m=1039 n=9 small=1 history_expected=1 history_calls=1 history_bytes=4128768 history_success=1 history_fail=0 x_calls=4 x_bytes=265984 x_success=4 x_fail=0 kb_calls=0 kb_bytes=0 kb_success=0 kb_fail=0 total=5 injected=0 history_level=0 x_level=1 kb_level=-1 shape_bad=0 x_each_worker_once=1
CASE_PASS m=1039 n=9 sve16_entries=0 expected=0 old_entries=0 packed_entries=0 packed_expected=0
ALLOC_PASS m=1040 n=9 small=1 history_expected=0 history_calls=0 history_bytes=0 history_success=0 history_fail=0 x_calls=4 x_bytes=266240 x_success=4 x_fail=0 kb_calls=0 kb_bytes=0 kb_success=0 kb_fail=0 total=4 injected=0 history_level=-1 x_level=1 kb_level=-1 shape_bad=0 x_each_worker_once=1
CASE_PASS m=1040 n=9 sve16_entries=0 expected=0 old_entries=0 packed_entries=0 packed_expected=0
ALLOC_PASS m=1041 n=9 small=1 history_expected=0 history_calls=0 history_bytes=0 history_success=0 history_fail=0 x_calls=4 x_bytes=266496 x_success=4 x_fail=0 kb_calls=0 kb_bytes=0 kb_success=0 kb_fail=0 total=4 injected=0 history_level=-1 x_level=1 kb_level=-1 shape_bad=0 x_each_worker_once=1
CASE_PASS m=1041 n=9 sve16_entries=0 expected=0 old_entries=0 packed_entries=0 packed_expected=0
ALLOCATION_SUMMARY_PASS cases=5 budget_cases=5 shared_injection_cases=0
PASS whole_cases=5 noop_cases=4 non_dyadic_long_double_RHS=1 padding_L_unchanged=1 max_error=1.1102230246251565e-16
SOURCE_FEATURES_PASS panel16=1 packedL16=1 has_budget=1 history_budget_bytes=4194304
MODE=budget THREADS=4 NARROW_VL=0 EXPECT_SVE16=1 EXPECT_PACKEDL16=0
ALLOC_PASS m=1023 n=9 small=1 history_expected=1 history_calls=1 history_bytes=3999744 history_success=0 history_fail=1 x_calls=4 x_bytes=261888 x_success=4 x_fail=0 kb_calls=0 kb_bytes=0 kb_success=0 kb_fail=0 total=5 injected=1 history_level=0 x_level=1 kb_level=-1 shape_bad=0 x_each_worker_once=1
CASE_PASS m=1023 n=9 sve16_entries=126 expected=126 old_entries=126 packed_entries=0 packed_expected=0
SHARED_ALLOC_PASS m=1023 n=9 calls=5 injected=1 shared_first=1 later_X_success=4
ALLOC_PASS m=1024 n=9 small=1 history_expected=1 history_calls=1 history_bytes=4128768 history_success=0 history_fail=1 x_calls=4 x_bytes=262144 x_success=4 x_fail=0 kb_calls=0 kb_bytes=0 kb_success=0 kb_fail=0 total=5 injected=1 history_level=0 x_level=1 kb_level=-1 shape_bad=0 x_each_worker_once=1
CASE_PASS m=1024 n=9 sve16_entries=128 expected=128 old_entries=128 packed_entries=0 packed_expected=0
SHARED_ALLOC_PASS m=1024 n=9 calls=5 injected=1 shared_first=1 later_X_success=4
ALLOC_PASS m=1039 n=9 small=1 history_expected=1 history_calls=1 history_bytes=4128768 history_success=0 history_fail=1 x_calls=4 x_bytes=265984 x_success=4 x_fail=0 kb_calls=0 kb_bytes=0 kb_success=0 kb_fail=0 total=5 injected=1 history_level=0 x_level=1 kb_level=-1 shape_bad=0 x_each_worker_once=1
CASE_PASS m=1039 n=9 sve16_entries=128 expected=128 old_entries=128 packed_entries=0 packed_expected=0
SHARED_ALLOC_PASS m=1039 n=9 calls=5 injected=1 shared_first=1 later_X_success=4
ALLOC_PASS m=1040 n=9 small=1 history_expected=0 history_calls=0 history_bytes=0 history_success=0 history_fail=0 x_calls=4 x_bytes=266240 x_success=4 x_fail=0 kb_calls=0 kb_bytes=0 kb_success=0 kb_fail=0 total=4 injected=0 history_level=-1 x_level=1 kb_level=-1 shape_bad=0 x_each_worker_once=1
CASE_PASS m=1040 n=9 sve16_entries=130 expected=130 old_entries=130 packed_entries=0 packed_expected=0
ALLOC_PASS m=1041 n=9 small=1 history_expected=0 history_calls=0 history_bytes=0 history_success=0 history_fail=0 x_calls=4 x_bytes=266496 x_success=4 x_fail=0 kb_calls=0 kb_bytes=0 kb_success=0 kb_fail=0 total=4 injected=0 history_level=-1 x_level=1 kb_level=-1 shape_bad=0 x_each_worker_once=1
CASE_PASS m=1041 n=9 sve16_entries=130 expected=130 old_entries=130 packed_entries=0 packed_expected=0
ALLOCATION_SUMMARY_PASS cases=5 budget_cases=5 shared_injection_cases=3
PASS whole_cases=5 noop_cases=4 non_dyadic_long_double_RHS=1 padding_L_unchanged=1 max_error=1.1102230246251565e-16
TRSM_PREFLIGHT_COMPLETE=1 MICRO_CASES=28 WHOLE_CASES=518 NOOP_CASES=64 OLD_MICRO_CASES=14 PACKED_MICRO_CASES=14 SHARED_FAIL_CASES=83 ALLOCATION_CASES=518 BUDGET_CASES=32 BUDGET_SHARED_INJECTIONS=3
