{"allowed_cpu_count": 38, "allowed_cpus": [76, 77, 78, 79, 80, 81, 82, 83, 84, 85, 86, 87, 88, 89, 90, 91, 92, 93, 94, 95, 96, 97, 98, 99, 100, 101, 102, 103, 104, 105, 106, 107, 108, 109, 110, 111, 112, 113], "guard_pass": true, "host": "COMPUTE_NODE_1", "numa_nodes": ["node2"], "scheduler_job_id": "1579479"}
gcc (gcc for openEuler 3.0.2) 12.3.1
Copyright (C) 2022 Free Software Foundation, Inc.
This is free software; see the source for copying conditions.  There is NO
warranty; not even for MERCHANTABILITY or FITNESS FOR A PARTICULAR PURPOSE.

MODE=micro THREADS=1 NARROW_VL=0 EXPECT_SVE16=1 EXPECT_PACKEDL16=0
PASS micro_cases=14 ordered_FMA_bitwise=1 prefix_padding_L_unchanged=1 history_unchanged=1
MODE=full THREADS=1 NARROW_VL=0 EXPECT_SVE16=1 EXPECT_PACKEDL16=0
CASE_PASS m=1 n=1 sve16_entries=0 expected=0 old_entries=0 packed_entries=0 packed_expected=0
CASE_PASS m=1 n=7 sve16_entries=0 expected=0 old_entries=0 packed_entries=0 packed_expected=0
CASE_PASS m=1 n=8 sve16_entries=0 expected=0 old_entries=0 packed_entries=0 packed_expected=0
CASE_PASS m=1 n=9 sve16_entries=0 expected=0 old_entries=0 packed_entries=0 packed_expected=0
CASE_PASS m=1 n=17 sve16_entries=0 expected=0 old_entries=0 packed_entries=0 packed_expected=0
CASE_PASS m=3 n=1 sve16_entries=0 expected=0 old_entries=0 packed_entries=0 packed_expected=0
CASE_PASS m=3 n=7 sve16_entries=0 expected=0 old_entries=0 packed_entries=0 packed_expected=0
CASE_PASS m=3 n=8 sve16_entries=0 expected=0 old_entries=0 packed_entries=0 packed_expected=0
CASE_PASS m=3 n=9 sve16_entries=0 expected=0 old_entries=0 packed_entries=0 packed_expected=0
CASE_PASS m=3 n=17 sve16_entries=0 expected=0 old_entries=0 packed_entries=0 packed_expected=0
CASE_PASS m=4 n=1 sve16_entries=0 expected=0 old_entries=0 packed_entries=0 packed_expected=0
CASE_PASS m=4 n=7 sve16_entries=0 expected=0 old_entries=0 packed_entries=0 packed_expected=0
CASE_PASS m=4 n=8 sve16_entries=0 expected=0 old_entries=0 packed_entries=0 packed_expected=0
CASE_PASS m=4 n=9 sve16_entries=0 expected=0 old_entries=0 packed_entries=0 packed_expected=0
CASE_PASS m=4 n=17 sve16_entries=0 expected=0 old_entries=0 packed_entries=0 packed_expected=0
CASE_PASS m=5 n=1 sve16_entries=0 expected=0 old_entries=0 packed_entries=0 packed_expected=0
CASE_PASS m=5 n=7 sve16_entries=0 expected=0 old_entries=0 packed_entries=0 packed_expected=0
CASE_PASS m=5 n=8 sve16_entries=0 expected=0 old_entries=0 packed_entries=0 packed_expected=0
CASE_PASS m=5 n=9 sve16_entries=0 expected=0 old_entries=0 packed_entries=0 packed_expected=0
CASE_PASS m=5 n=17 sve16_entries=0 expected=0 old_entries=0 packed_entries=0 packed_expected=0
CASE_PASS m=15 n=1 sve16_entries=0 expected=0 old_entries=0 packed_entries=0 packed_expected=0
CASE_PASS m=15 n=7 sve16_entries=0 expected=0 old_entries=0 packed_entries=0 packed_expected=0
CASE_PASS m=15 n=8 sve16_entries=0 expected=0 old_entries=0 packed_entries=0 packed_expected=0
CASE_PASS m=15 n=9 sve16_entries=0 expected=0 old_entries=0 packed_entries=0 packed_expected=0
CASE_PASS m=15 n=17 sve16_entries=0 expected=0 old_entries=0 packed_entries=0 packed_expected=0
CASE_PASS m=16 n=1 sve16_entries=1 expected=1 old_entries=1 packed_entries=0 packed_expected=0
CASE_PASS m=16 n=7 sve16_entries=1 expected=1 old_entries=1 packed_entries=0 packed_expected=0
CASE_PASS m=16 n=8 sve16_entries=1 expected=1 old_entries=1 packed_entries=0 packed_expected=0
CASE_PASS m=16 n=9 sve16_entries=2 expected=2 old_entries=2 packed_entries=0 packed_expected=0
CASE_PASS m=16 n=17 sve16_entries=3 expected=3 old_entries=3 packed_entries=0 packed_expected=0
CASE_PASS m=17 n=1 sve16_entries=1 expected=1 old_entries=1 packed_entries=0 packed_expected=0
CASE_PASS m=17 n=7 sve16_entries=1 expected=1 old_entries=1 packed_entries=0 packed_expected=0
CASE_PASS m=17 n=8 sve16_entries=1 expected=1 old_entries=1 packed_entries=0 packed_expected=0
CASE_PASS m=17 n=9 sve16_entries=2 expected=2 old_entries=2 packed_entries=0 packed_expected=0
CASE_PASS m=17 n=17 sve16_entries=3 expected=3 old_entries=3 packed_entries=0 packed_expected=0
CASE_PASS m=31 n=1 sve16_entries=1 expected=1 old_entries=1 packed_entries=0 packed_expected=0
CASE_PASS m=31 n=7 sve16_entries=1 expected=1 old_entries=1 packed_entries=0 packed_expected=0
CASE_PASS m=31 n=8 sve16_entries=1 expected=1 old_entries=1 packed_entries=0 packed_expected=0
CASE_PASS m=31 n=9 sve16_entries=2 expected=2 old_entries=2 packed_entries=0 packed_expected=0
CASE_PASS m=31 n=17 sve16_entries=3 expected=3 old_entries=3 packed_entries=0 packed_expected=0
CASE_PASS m=32 n=1 sve16_entries=2 expected=2 old_entries=2 packed_entries=0 packed_expected=0
CASE_PASS m=32 n=7 sve16_entries=2 expected=2 old_entries=2 packed_entries=0 packed_expected=0
CASE_PASS m=32 n=8 sve16_entries=2 expected=2 old_entries=2 packed_entries=0 packed_expected=0
CASE_PASS m=32 n=9 sve16_entries=4 expected=4 old_entries=4 packed_entries=0 packed_expected=0
CASE_PASS m=32 n=17 sve16_entries=6 expected=6 old_entries=6 packed_entries=0 packed_expected=0
CASE_PASS m=33 n=1 sve16_entries=2 expected=2 old_entries=2 packed_entries=0 packed_expected=0
CASE_PASS m=33 n=7 sve16_entries=2 expected=2 old_entries=2 packed_entries=0 packed_expected=0
CASE_PASS m=33 n=8 sve16_entries=2 expected=2 old_entries=2 packed_entries=0 packed_expected=0
CASE_PASS m=33 n=9 sve16_entries=4 expected=4 old_entries=4 packed_entries=0 packed_expected=0
CASE_PASS m=33 n=17 sve16_entries=6 expected=6 old_entries=6 packed_entries=0 packed_expected=0
CASE_PASS m=63 n=1 sve16_entries=3 expected=3 old_entries=3 packed_entries=0 packed_expected=0
CASE_PASS m=63 n=7 sve16_entries=3 expected=3 old_entries=3 packed_entries=0 packed_expected=0
CASE_PASS m=63 n=8 sve16_entries=3 expected=3 old_entries=3 packed_entries=0 packed_expected=0
CASE_PASS m=63 n=9 sve16_entries=6 expected=6 old_entries=6 packed_entries=0 packed_expected=0
CASE_PASS m=63 n=17 sve16_entries=9 expected=9 old_entries=9 packed_entries=0 packed_expected=0
CASE_PASS m=64 n=1 sve16_entries=4 expected=4 old_entries=4 packed_entries=0 packed_expected=0
CASE_PASS m=64 n=7 sve16_entries=4 expected=4 old_entries=4 packed_entries=0 packed_expected=0
CASE_PASS m=64 n=8 sve16_entries=4 expected=4 old_entries=4 packed_entries=0 packed_expected=0
CASE_PASS m=64 n=9 sve16_entries=8 expected=8 old_entries=8 packed_entries=0 packed_expected=0
CASE_PASS m=64 n=17 sve16_entries=12 expected=12 old_entries=12 packed_entries=0 packed_expected=0
CASE_PASS m=65 n=1 sve16_entries=4 expected=4 old_entries=4 packed_entries=0 packed_expected=0
CASE_PASS m=65 n=7 sve16_entries=4 expected=4 old_entries=4 packed_entries=0 packed_expected=0
CASE_PASS m=65 n=8 sve16_entries=4 expected=4 old_entries=4 packed_entries=0 packed_expected=0
CASE_PASS m=65 n=9 sve16_entries=8 expected=8 old_entries=8 packed_entries=0 packed_expected=0
CASE_PASS m=65 n=17 sve16_entries=12 expected=12 old_entries=12 packed_entries=0 packed_expected=0
CASE_PASS m=255 n=1 sve16_entries=15 expected=15 old_entries=15 packed_entries=0 packed_expected=0
CASE_PASS m=255 n=7 sve16_entries=15 expected=15 old_entries=15 packed_entries=0 packed_expected=0
CASE_PASS m=255 n=8 sve16_entries=15 expected=15 old_entries=15 packed_entries=0 packed_expected=0
CASE_PASS m=255 n=9 sve16_entries=30 expected=30 old_entries=30 packed_entries=0 packed_expected=0
CASE_PASS m=255 n=17 sve16_entries=45 expected=45 old_entries=45 packed_entries=0 packed_expected=0
CASE_PASS m=256 n=1 sve16_entries=16 expected=16 old_entries=16 packed_entries=0 packed_expected=0
CASE_PASS m=256 n=7 sve16_entries=16 expected=16 old_entries=16 packed_entries=0 packed_expected=0
CASE_PASS m=256 n=8 sve16_entries=16 expected=16 old_entries=16 packed_entries=0 packed_expected=0
CASE_PASS m=256 n=9 sve16_entries=32 expected=32 old_entries=32 packed_entries=0 packed_expected=0
CASE_PASS m=256 n=17 sve16_entries=48 expected=48 old_entries=48 packed_entries=0 packed_expected=0
CASE_PASS m=257 n=1 sve16_entries=16 expected=16 old_entries=16 packed_entries=0 packed_expected=0
CASE_PASS m=257 n=7 sve16_entries=16 expected=16 old_entries=16 packed_entries=0 packed_expected=0
CASE_PASS m=257 n=8 sve16_entries=16 expected=16 old_entries=16 packed_entries=0 packed_expected=0
CASE_PASS m=257 n=9 sve16_entries=32 expected=32 old_entries=32 packed_entries=0 packed_expected=0
CASE_PASS m=257 n=17 sve16_entries=48 expected=48 old_entries=48 packed_entries=0 packed_expected=0
PASS whole_cases=80 noop_cases=4 non_dyadic_long_double_RHS=1 padding_L_unchanged=1 max_error=1.1102230246251565e-16
MODE=full THREADS=4 NARROW_VL=0 EXPECT_SVE16=1 EXPECT_PACKEDL16=0
CASE_PASS m=1 n=1 sve16_entries=0 expected=0 old_entries=0 packed_entries=0 packed_expected=0
CASE_PASS m=1 n=7 sve16_entries=0 expected=0 old_entries=0 packed_entries=0 packed_expected=0
CASE_PASS m=1 n=8 sve16_entries=0 expected=0 old_entries=0 packed_entries=0 packed_expected=0
CASE_PASS m=1 n=9 sve16_entries=0 expected=0 old_entries=0 packed_entries=0 packed_expected=0
CASE_PASS m=1 n=17 sve16_entries=0 expected=0 old_entries=0 packed_entries=0 packed_expected=0
CASE_PASS m=3 n=1 sve16_entries=0 expected=0 old_entries=0 packed_entries=0 packed_expected=0
CASE_PASS m=3 n=7 sve16_entries=0 expected=0 old_entries=0 packed_entries=0 packed_expected=0
CASE_PASS m=3 n=8 sve16_entries=0 expected=0 old_entries=0 packed_entries=0 packed_expected=0
CASE_PASS m=3 n=9 sve16_entries=0 expected=0 old_entries=0 packed_entries=0 packed_expected=0
CASE_PASS m=3 n=17 sve16_entries=0 expected=0 old_entries=0 packed_entries=0 packed_expected=0
CASE_PASS m=4 n=1 sve16_entries=0 expected=0 old_entries=0 packed_entries=0 packed_expected=0
CASE_PASS m=4 n=7 sve16_entries=0 expected=0 old_entries=0 packed_entries=0 packed_expected=0
CASE_PASS m=4 n=8 sve16_entries=0 expected=0 old_entries=0 packed_entries=0 packed_expected=0
CASE_PASS m=4 n=9 sve16_entries=0 expected=0 old_entries=0 packed_entries=0 packed_expected=0
CASE_PASS m=4 n=17 sve16_entries=0 expected=0 old_entries=0 packed_entries=0 packed_expected=0
CASE_PASS m=5 n=1 sve16_entries=0 expected=0 old_entries=0 packed_entries=0 packed_expected=0
CASE_PASS m=5 n=7 sve16_entries=0 expected=0 old_entries=0 packed_entries=0 packed_expected=0
CASE_PASS m=5 n=8 sve16_entries=0 expected=0 old_entries=0 packed_entries=0 packed_expected=0
CASE_PASS m=5 n=9 sve16_entries=0 expected=0 old_entries=0 packed_entries=0 packed_expected=0
CASE_PASS m=5 n=17 sve16_entries=0 expected=0 old_entries=0 packed_entries=0 packed_expected=0
CASE_PASS m=15 n=1 sve16_entries=0 expected=0 old_entries=0 packed_entries=0 packed_expected=0
CASE_PASS m=15 n=7 sve16_entries=0 expected=0 old_entries=0 packed_entries=0 packed_expected=0
CASE_PASS m=15 n=8 sve16_entries=0 expected=0 old_entries=0 packed_entries=0 packed_expected=0
CASE_PASS m=15 n=9 sve16_entries=0 expected=0 old_entries=0 packed_entries=0 packed_expected=0
CASE_PASS m=15 n=17 sve16_entries=0 expected=0 old_entries=0 packed_entries=0 packed_expected=0
CASE_PASS m=16 n=1 sve16_entries=1 expected=1 old_entries=1 packed_entries=0 packed_expected=0
CASE_PASS m=16 n=7 sve16_entries=1 expected=1 old_entries=1 packed_entries=0 packed_expected=0
CASE_PASS m=16 n=8 sve16_entries=1 expected=1 old_entries=1 packed_entries=0 packed_expected=0
CASE_PASS m=16 n=9 sve16_entries=2 expected=2 old_entries=2 packed_entries=0 packed_expected=0
CASE_PASS m=16 n=17 sve16_entries=3 expected=3 old_entries=3 packed_entries=0 packed_expected=0
CASE_PASS m=17 n=1 sve16_entries=1 expected=1 old_entries=1 packed_entries=0 packed_expected=0
CASE_PASS m=17 n=7 sve16_entries=1 expected=1 old_entries=1 packed_entries=0 packed_expected=0
CASE_PASS m=17 n=8 sve16_entries=1 expected=1 old_entries=1 packed_entries=0 packed_expected=0
CASE_PASS m=17 n=9 sve16_entries=2 expected=2 old_entries=2 packed_entries=0 packed_expected=0
CASE_PASS m=17 n=17 sve16_entries=3 expected=3 old_entries=3 packed_entries=0 packed_expected=0
CASE_PASS m=31 n=1 sve16_entries=1 expected=1 old_entries=1 packed_entries=0 packed_expected=0
CASE_PASS m=31 n=7 sve16_entries=1 expected=1 old_entries=1 packed_entries=0 packed_expected=0
CASE_PASS m=31 n=8 sve16_entries=1 expected=1 old_entries=1 packed_entries=0 packed_expected=0
CASE_PASS m=31 n=9 sve16_entries=2 expected=2 old_entries=2 packed_entries=0 packed_expected=0
CASE_PASS m=31 n=17 sve16_entries=3 expected=3 old_entries=3 packed_entries=0 packed_expected=0
CASE_PASS m=32 n=1 sve16_entries=2 expected=2 old_entries=2 packed_entries=0 packed_expected=0
CASE_PASS m=32 n=7 sve16_entries=2 expected=2 old_entries=2 packed_entries=0 packed_expected=0
CASE_PASS m=32 n=8 sve16_entries=2 expected=2 old_entries=2 packed_entries=0 packed_expected=0
CASE_PASS m=32 n=9 sve16_entries=4 expected=4 old_entries=4 packed_entries=0 packed_expected=0
CASE_PASS m=32 n=17 sve16_entries=6 expected=6 old_entries=6 packed_entries=0 packed_expected=0
CASE_PASS m=33 n=1 sve16_entries=2 expected=2 old_entries=2 packed_entries=0 packed_expected=0
CASE_PASS m=33 n=7 sve16_entries=2 expected=2 old_entries=2 packed_entries=0 packed_expected=0
CASE_PASS m=33 n=8 sve16_entries=2 expected=2 old_entries=2 packed_entries=0 packed_expected=0
CASE_PASS m=33 n=9 sve16_entries=4 expected=4 old_entries=4 packed_entries=0 packed_expected=0
CASE_PASS m=33 n=17 sve16_entries=6 expected=6 old_entries=6 packed_entries=0 packed_expected=0
CASE_PASS m=63 n=1 sve16_entries=3 expected=3 old_entries=3 packed_entries=0 packed_expected=0
CASE_PASS m=63 n=7 sve16_entries=3 expected=3 old_entries=3 packed_entries=0 packed_expected=0
CASE_PASS m=63 n=8 sve16_entries=3 expected=3 old_entries=3 packed_entries=0 packed_expected=0
CASE_PASS m=63 n=9 sve16_entries=6 expected=6 old_entries=6 packed_entries=0 packed_expected=0
CASE_PASS m=63 n=17 sve16_entries=9 expected=9 old_entries=9 packed_entries=0 packed_expected=0
CASE_PASS m=64 n=1 sve16_entries=4 expected=4 old_entries=4 packed_entries=0 packed_expected=0
CASE_PASS m=64 n=7 sve16_entries=4 expected=4 old_entries=4 packed_entries=0 packed_expected=0
CASE_PASS m=64 n=8 sve16_entries=4 expected=4 old_entries=4 packed_entries=0 packed_expected=0
CASE_PASS m=64 n=9 sve16_entries=8 expected=8 old_entries=8 packed_entries=0 packed_expected=0
CASE_PASS m=64 n=17 sve16_entries=12 expected=12 old_entries=12 packed_entries=0 packed_expected=0
CASE_PASS m=65 n=1 sve16_entries=4 expected=4 old_entries=4 packed_entries=0 packed_expected=0
CASE_PASS m=65 n=7 sve16_entries=4 expected=4 old_entries=4 packed_entries=0 packed_expected=0
CASE_PASS m=65 n=8 sve16_entries=4 expected=4 old_entries=4 packed_entries=0 packed_expected=0
CASE_PASS m=65 n=9 sve16_entries=8 expected=8 old_entries=8 packed_entries=0 packed_expected=0
CASE_PASS m=65 n=17 sve16_entries=12 expected=12 old_entries=12 packed_entries=0 packed_expected=0
CASE_PASS m=255 n=1 sve16_entries=15 expected=15 old_entries=15 packed_entries=0 packed_expected=0
CASE_PASS m=255 n=7 sve16_entries=15 expected=15 old_entries=15 packed_entries=0 packed_expected=0
CASE_PASS m=255 n=8 sve16_entries=15 expected=15 old_entries=15 packed_entries=0 packed_expected=0
CASE_PASS m=255 n=9 sve16_entries=30 expected=30 old_entries=30 packed_entries=0 packed_expected=0
CASE_PASS m=255 n=17 sve16_entries=45 expected=45 old_entries=45 packed_entries=0 packed_expected=0
CASE_PASS m=256 n=1 sve16_entries=16 expected=16 old_entries=16 packed_entries=0 packed_expected=0
CASE_PASS m=256 n=7 sve16_entries=16 expected=16 old_entries=16 packed_entries=0 packed_expected=0
CASE_PASS m=256 n=8 sve16_entries=16 expected=16 old_entries=16 packed_entries=0 packed_expected=0
CASE_PASS m=256 n=9 sve16_entries=32 expected=32 old_entries=32 packed_entries=0 packed_expected=0
CASE_PASS m=256 n=17 sve16_entries=48 expected=48 old_entries=48 packed_entries=0 packed_expected=0
CASE_PASS m=257 n=1 sve16_entries=16 expected=16 old_entries=16 packed_entries=0 packed_expected=0
CASE_PASS m=257 n=7 sve16_entries=16 expected=16 old_entries=16 packed_entries=0 packed_expected=0
CASE_PASS m=257 n=8 sve16_entries=16 expected=16 old_entries=16 packed_entries=0 packed_expected=0
CASE_PASS m=257 n=9 sve16_entries=32 expected=32 old_entries=32 packed_entries=0 packed_expected=0
CASE_PASS m=257 n=17 sve16_entries=48 expected=48 old_entries=48 packed_entries=0 packed_expected=0
PASS whole_cases=80 noop_cases=4 non_dyadic_long_double_RHS=1 padding_L_unchanged=1 max_error=1.1102230246251565e-16
MODE=smoke THREADS=38 NARROW_VL=0 EXPECT_SVE16=1 EXPECT_PACKEDL16=0
CASE_PASS m=15 n=9 sve16_entries=0 expected=0 old_entries=0 packed_entries=0 packed_expected=0
CASE_PASS m=16 n=17 sve16_entries=3 expected=3 old_entries=3 packed_entries=0 packed_expected=0
CASE_PASS m=33 n=313 sve16_entries=80 expected=80 old_entries=80 packed_entries=0 packed_expected=0
CASE_PASS m=257 n=313 sve16_entries=640 expected=640 old_entries=640 packed_entries=0 packed_expected=0
PASS whole_cases=4 noop_cases=4 non_dyadic_long_double_RHS=1 padding_L_unchanged=1 max_error=1.1102230246251565e-16
MODE=boundary THREADS=1 NARROW_VL=0 EXPECT_SVE16=1 EXPECT_PACKEDL16=0
CASE_PASS m=4095 n=9 sve16_entries=510 expected=510 old_entries=510 packed_entries=0 packed_expected=0
CASE_PASS m=4097 n=9 sve16_entries=0 expected=0 old_entries=0 packed_entries=0 packed_expected=0
PASS whole_cases=2 noop_cases=4 non_dyadic_long_double_RHS=1 padding_L_unchanged=1 max_error=3.8857805861880479e-16
MODE=full THREADS=4 NARROW_VL=0 EXPECT_SVE16=0 EXPECT_PACKEDL16=0
CASE_PASS m=1 n=1 sve16_entries=0 expected=0 old_entries=0 packed_entries=0 packed_expected=0
CASE_PASS m=1 n=7 sve16_entries=0 expected=0 old_entries=0 packed_entries=0 packed_expected=0
CASE_PASS m=1 n=8 sve16_entries=0 expected=0 old_entries=0 packed_entries=0 packed_expected=0
CASE_PASS m=1 n=9 sve16_entries=0 expected=0 old_entries=0 packed_entries=0 packed_expected=0
CASE_PASS m=1 n=17 sve16_entries=0 expected=0 old_entries=0 packed_entries=0 packed_expected=0
CASE_PASS m=3 n=1 sve16_entries=0 expected=0 old_entries=0 packed_entries=0 packed_expected=0
CASE_PASS m=3 n=7 sve16_entries=0 expected=0 old_entries=0 packed_entries=0 packed_expected=0
CASE_PASS m=3 n=8 sve16_entries=0 expected=0 old_entries=0 packed_entries=0 packed_expected=0
CASE_PASS m=3 n=9 sve16_entries=0 expected=0 old_entries=0 packed_entries=0 packed_expected=0
CASE_PASS m=3 n=17 sve16_entries=0 expected=0 old_entries=0 packed_entries=0 packed_expected=0
CASE_PASS m=4 n=1 sve16_entries=0 expected=0 old_entries=0 packed_entries=0 packed_expected=0
CASE_PASS m=4 n=7 sve16_entries=0 expected=0 old_entries=0 packed_entries=0 packed_expected=0
CASE_PASS m=4 n=8 sve16_entries=0 expected=0 old_entries=0 packed_entries=0 packed_expected=0
CASE_PASS m=4 n=9 sve16_entries=0 expected=0 old_entries=0 packed_entries=0 packed_expected=0
CASE_PASS m=4 n=17 sve16_entries=0 expected=0 old_entries=0 packed_entries=0 packed_expected=0
CASE_PASS m=5 n=1 sve16_entries=0 expected=0 old_entries=0 packed_entries=0 packed_expected=0
CASE_PASS m=5 n=7 sve16_entries=0 expected=0 old_entries=0 packed_entries=0 packed_expected=0
CASE_PASS m=5 n=8 sve16_entries=0 expected=0 old_entries=0 packed_entries=0 packed_expected=0
CASE_PASS m=5 n=9 sve16_entries=0 expected=0 old_entries=0 packed_entries=0 packed_expected=0
CASE_PASS m=5 n=17 sve16_entries=0 expected=0 old_entries=0 packed_entries=0 packed_expected=0
CASE_PASS m=15 n=1 sve16_entries=0 expected=0 old_entries=0 packed_entries=0 packed_expected=0
CASE_PASS m=15 n=7 sve16_entries=0 expected=0 old_entries=0 packed_entries=0 packed_expected=0
CASE_PASS m=15 n=8 sve16_entries=0 expected=0 old_entries=0 packed_entries=0 packed_expected=0
CASE_PASS m=15 n=9 sve16_entries=0 expected=0 old_entries=0 packed_entries=0 packed_expected=0
CASE_PASS m=15 n=17 sve16_entries=0 expected=0 old_entries=0 packed_entries=0 packed_expected=0
CASE_PASS m=16 n=1 sve16_entries=0 expected=0 old_entries=0 packed_entries=0 packed_expected=0
CASE_PASS m=16 n=7 sve16_entries=0 expected=0 old_entries=0 packed_entries=0 packed_expected=0
CASE_PASS m=16 n=8 sve16_entries=0 expected=0 old_entries=0 packed_entries=0 packed_expected=0
CASE_PASS m=16 n=9 sve16_entries=0 expected=0 old_entries=0 packed_entries=0 packed_expected=0
CASE_PASS m=16 n=17 sve16_entries=0 expected=0 old_entries=0 packed_entries=0 packed_expected=0
CASE_PASS m=17 n=1 sve16_entries=0 expected=0 old_entries=0 packed_entries=0 packed_expected=0
CASE_PASS m=17 n=7 sve16_entries=0 expected=0 old_entries=0 packed_entries=0 packed_expected=0
CASE_PASS m=17 n=8 sve16_entries=0 expected=0 old_entries=0 packed_entries=0 packed_expected=0
CASE_PASS m=17 n=9 sve16_entries=0 expected=0 old_entries=0 packed_entries=0 packed_expected=0
CASE_PASS m=17 n=17 sve16_entries=0 expected=0 old_entries=0 packed_entries=0 packed_expected=0
CASE_PASS m=31 n=1 sve16_entries=0 expected=0 old_entries=0 packed_entries=0 packed_expected=0
CASE_PASS m=31 n=7 sve16_entries=0 expected=0 old_entries=0 packed_entries=0 packed_expected=0
CASE_PASS m=31 n=8 sve16_entries=0 expected=0 old_entries=0 packed_entries=0 packed_expected=0
CASE_PASS m=31 n=9 sve16_entries=0 expected=0 old_entries=0 packed_entries=0 packed_expected=0
CASE_PASS m=31 n=17 sve16_entries=0 expected=0 old_entries=0 packed_entries=0 packed_expected=0
CASE_PASS m=32 n=1 sve16_entries=0 expected=0 old_entries=0 packed_entries=0 packed_expected=0
CASE_PASS m=32 n=7 sve16_entries=0 expected=0 old_entries=0 packed_entries=0 packed_expected=0
CASE_PASS m=32 n=8 sve16_entries=0 expected=0 old_entries=0 packed_entries=0 packed_expected=0
CASE_PASS m=32 n=9 sve16_entries=0 expected=0 old_entries=0 packed_entries=0 packed_expected=0
CASE_PASS m=32 n=17 sve16_entries=0 expected=0 old_entries=0 packed_entries=0 packed_expected=0
CASE_PASS m=33 n=1 sve16_entries=0 expected=0 old_entries=0 packed_entries=0 packed_expected=0
CASE_PASS m=33 n=7 sve16_entries=0 expected=0 old_entries=0 packed_entries=0 packed_expected=0
CASE_PASS m=33 n=8 sve16_entries=0 expected=0 old_entries=0 packed_entries=0 packed_expected=0
CASE_PASS m=33 n=9 sve16_entries=0 expected=0 old_entries=0 packed_entries=0 packed_expected=0
CASE_PASS m=33 n=17 sve16_entries=0 expected=0 old_entries=0 packed_entries=0 packed_expected=0
CASE_PASS m=63 n=1 sve16_entries=0 expected=0 old_entries=0 packed_entries=0 packed_expected=0
CASE_PASS m=63 n=7 sve16_entries=0 expected=0 old_entries=0 packed_entries=0 packed_expected=0
CASE_PASS m=63 n=8 sve16_entries=0 expected=0 old_entries=0 packed_entries=0 packed_expected=0
CASE_PASS m=63 n=9 sve16_entries=0 expected=0 old_entries=0 packed_entries=0 packed_expected=0
CASE_PASS m=63 n=17 sve16_entries=0 expected=0 old_entries=0 packed_entries=0 packed_expected=0
CASE_PASS m=64 n=1 sve16_entries=0 expected=0 old_entries=0 packed_entries=0 packed_expected=0
CASE_PASS m=64 n=7 sve16_entries=0 expected=0 old_entries=0 packed_entries=0 packed_expected=0
CASE_PASS m=64 n=8 sve16_entries=0 expected=0 old_entries=0 packed_entries=0 packed_expected=0
CASE_PASS m=64 n=9 sve16_entries=0 expected=0 old_entries=0 packed_entries=0 packed_expected=0
CASE_PASS m=64 n=17 sve16_entries=0 expected=0 old_entries=0 packed_entries=0 packed_expected=0
CASE_PASS m=65 n=1 sve16_entries=0 expected=0 old_entries=0 packed_entries=0 packed_expected=0
CASE_PASS m=65 n=7 sve16_entries=0 expected=0 old_entries=0 packed_entries=0 packed_expected=0
CASE_PASS m=65 n=8 sve16_entries=0 expected=0 old_entries=0 packed_entries=0 packed_expected=0
CASE_PASS m=65 n=9 sve16_entries=0 expected=0 old_entries=0 packed_entries=0 packed_expected=0
CASE_PASS m=65 n=17 sve16_entries=0 expected=0 old_entries=0 packed_entries=0 packed_expected=0
CASE_PASS m=255 n=1 sve16_entries=0 expected=0 old_entries=0 packed_entries=0 packed_expected=0
CASE_PASS m=255 n=7 sve16_entries=0 expected=0 old_entries=0 packed_entries=0 packed_expected=0
CASE_PASS m=255 n=8 sve16_entries=0 expected=0 old_entries=0 packed_entries=0 packed_expected=0
CASE_PASS m=255 n=9 sve16_entries=0 expected=0 old_entries=0 packed_entries=0 packed_expected=0
CASE_PASS m=255 n=17 sve16_entries=0 expected=0 old_entries=0 packed_entries=0 packed_expected=0
CASE_PASS m=256 n=1 sve16_entries=0 expected=0 old_entries=0 packed_entries=0 packed_expected=0
CASE_PASS m=256 n=7 sve16_entries=0 expected=0 old_entries=0 packed_entries=0 packed_expected=0
CASE_PASS m=256 n=8 sve16_entries=0 expected=0 old_entries=0 packed_entries=0 packed_expected=0
CASE_PASS m=256 n=9 sve16_entries=0 expected=0 old_entries=0 packed_entries=0 packed_expected=0
CASE_PASS m=256 n=17 sve16_entries=0 expected=0 old_entries=0 packed_entries=0 packed_expected=0
CASE_PASS m=257 n=1 sve16_entries=0 expected=0 old_entries=0 packed_entries=0 packed_expected=0
CASE_PASS m=257 n=7 sve16_entries=0 expected=0 old_entries=0 packed_entries=0 packed_expected=0
CASE_PASS m=257 n=8 sve16_entries=0 expected=0 old_entries=0 packed_entries=0 packed_expected=0
CASE_PASS m=257 n=9 sve16_entries=0 expected=0 old_entries=0 packed_entries=0 packed_expected=0
CASE_PASS m=257 n=17 sve16_entries=0 expected=0 old_entries=0 packed_entries=0 packed_expected=0
PASS whole_cases=80 noop_cases=4 non_dyadic_long_double_RHS=1 padding_L_unchanged=1 max_error=1.1102230246251565e-16
MODE=full THREADS=4 NARROW_VL=0 EXPECT_SVE16=0 EXPECT_PACKEDL16=0
CASE_PASS m=1 n=1 sve16_entries=0 expected=0 old_entries=0 packed_entries=0 packed_expected=0
CASE_PASS m=1 n=7 sve16_entries=0 expected=0 old_entries=0 packed_entries=0 packed_expected=0
CASE_PASS m=1 n=8 sve16_entries=0 expected=0 old_entries=0 packed_entries=0 packed_expected=0
CASE_PASS m=1 n=9 sve16_entries=0 expected=0 old_entries=0 packed_entries=0 packed_expected=0
CASE_PASS m=1 n=17 sve16_entries=0 expected=0 old_entries=0 packed_entries=0 packed_expected=0
CASE_PASS m=3 n=1 sve16_entries=0 expected=0 old_entries=0 packed_entries=0 packed_expected=0
CASE_PASS m=3 n=7 sve16_entries=0 expected=0 old_entries=0 packed_entries=0 packed_expected=0
CASE_PASS m=3 n=8 sve16_entries=0 expected=0 old_entries=0 packed_entries=0 packed_expected=0
CASE_PASS m=3 n=9 sve16_entries=0 expected=0 old_entries=0 packed_entries=0 packed_expected=0
CASE_PASS m=3 n=17 sve16_entries=0 expected=0 old_entries=0 packed_entries=0 packed_expected=0
CASE_PASS m=4 n=1 sve16_entries=0 expected=0 old_entries=0 packed_entries=0 packed_expected=0
CASE_PASS m=4 n=7 sve16_entries=0 expected=0 old_entries=0 packed_entries=0 packed_expected=0
CASE_PASS m=4 n=8 sve16_entries=0 expected=0 old_entries=0 packed_entries=0 packed_expected=0
CASE_PASS m=4 n=9 sve16_entries=0 expected=0 old_entries=0 packed_entries=0 packed_expected=0
CASE_PASS m=4 n=17 sve16_entries=0 expected=0 old_entries=0 packed_entries=0 packed_expected=0
CASE_PASS m=5 n=1 sve16_entries=0 expected=0 old_entries=0 packed_entries=0 packed_expected=0
CASE_PASS m=5 n=7 sve16_entries=0 expected=0 old_entries=0 packed_entries=0 packed_expected=0
CASE_PASS m=5 n=8 sve16_entries=0 expected=0 old_entries=0 packed_entries=0 packed_expected=0
CASE_PASS m=5 n=9 sve16_entries=0 expected=0 old_entries=0 packed_entries=0 packed_expected=0
CASE_PASS m=5 n=17 sve16_entries=0 expected=0 old_entries=0 packed_entries=0 packed_expected=0
CASE_PASS m=15 n=1 sve16_entries=0 expected=0 old_entries=0 packed_entries=0 packed_expected=0
CASE_PASS m=15 n=7 sve16_entries=0 expected=0 old_entries=0 packed_entries=0 packed_expected=0
CASE_PASS m=15 n=8 sve16_entries=0 expected=0 old_entries=0 packed_entries=0 packed_expected=0
CASE_PASS m=15 n=9 sve16_entries=0 expected=0 old_entries=0 packed_entries=0 packed_expected=0
CASE_PASS m=15 n=17 sve16_entries=0 expected=0 old_entries=0 packed_entries=0 packed_expected=0
CASE_PASS m=16 n=1 sve16_entries=0 expected=0 old_entries=0 packed_entries=0 packed_expected=0
CASE_PASS m=16 n=7 sve16_entries=0 expected=0 old_entries=0 packed_entries=0 packed_expected=0
CASE_PASS m=16 n=8 sve16_entries=0 expected=0 old_entries=0 packed_entries=0 packed_expected=0
CASE_PASS m=16 n=9 sve16_entries=0 expected=0 old_entries=0 packed_entries=0 packed_expected=0
CASE_PASS m=16 n=17 sve16_entries=0 expected=0 old_entries=0 packed_entries=0 packed_expected=0
CASE_PASS m=17 n=1 sve16_entries=0 expected=0 old_entries=0 packed_entries=0 packed_expected=0
CASE_PASS m=17 n=7 sve16_entries=0 expected=0 old_entries=0 packed_entries=0 packed_expected=0
CASE_PASS m=17 n=8 sve16_entries=0 expected=0 old_entries=0 packed_entries=0 packed_expected=0
CASE_PASS m=17 n=9 sve16_entries=0 expected=0 old_entries=0 packed_entries=0 packed_expected=0
CASE_PASS m=17 n=17 sve16_entries=0 expected=0 old_entries=0 packed_entries=0 packed_expected=0
CASE_PASS m=31 n=1 sve16_entries=0 expected=0 old_entries=0 packed_entries=0 packed_expected=0
CASE_PASS m=31 n=7 sve16_entries=0 expected=0 old_entries=0 packed_entries=0 packed_expected=0
CASE_PASS m=31 n=8 sve16_entries=0 expected=0 old_entries=0 packed_entries=0 packed_expected=0
CASE_PASS m=31 n=9 sve16_entries=0 expected=0 old_entries=0 packed_entries=0 packed_expected=0
CASE_PASS m=31 n=17 sve16_entries=0 expected=0 old_entries=0 packed_entries=0 packed_expected=0
CASE_PASS m=32 n=1 sve16_entries=0 expected=0 old_entries=0 packed_entries=0 packed_expected=0
CASE_PASS m=32 n=7 sve16_entries=0 expected=0 old_entries=0 packed_entries=0 packed_expected=0
CASE_PASS m=32 n=8 sve16_entries=0 expected=0 old_entries=0 packed_entries=0 packed_expected=0
CASE_PASS m=32 n=9 sve16_entries=0 expected=0 old_entries=0 packed_entries=0 packed_expected=0
CASE_PASS m=32 n=17 sve16_entries=0 expected=0 old_entries=0 packed_entries=0 packed_expected=0
CASE_PASS m=33 n=1 sve16_entries=0 expected=0 old_entries=0 packed_entries=0 packed_expected=0
CASE_PASS m=33 n=7 sve16_entries=0 expected=0 old_entries=0 packed_entries=0 packed_expected=0
CASE_PASS m=33 n=8 sve16_entries=0 expected=0 old_entries=0 packed_entries=0 packed_expected=0
CASE_PASS m=33 n=9 sve16_entries=0 expected=0 old_entries=0 packed_entries=0 packed_expected=0
CASE_PASS m=33 n=17 sve16_entries=0 expected=0 old_entries=0 packed_entries=0 packed_expected=0
CASE_PASS m=63 n=1 sve16_entries=0 expected=0 old_entries=0 packed_entries=0 packed_expected=0
CASE_PASS m=63 n=7 sve16_entries=0 expected=0 old_entries=0 packed_entries=0 packed_expected=0
CASE_PASS m=63 n=8 sve16_entries=0 expected=0 old_entries=0 packed_entries=0 packed_expected=0
CASE_PASS m=63 n=9 sve16_entries=0 expected=0 old_entries=0 packed_entries=0 packed_expected=0
CASE_PASS m=63 n=17 sve16_entries=0 expected=0 old_entries=0 packed_entries=0 packed_expected=0
CASE_PASS m=64 n=1 sve16_entries=0 expected=0 old_entries=0 packed_entries=0 packed_expected=0
CASE_PASS m=64 n=7 sve16_entries=0 expected=0 old_entries=0 packed_entries=0 packed_expected=0
CASE_PASS m=64 n=8 sve16_entries=0 expected=0 old_entries=0 packed_entries=0 packed_expected=0
CASE_PASS m=64 n=9 sve16_entries=0 expected=0 old_entries=0 packed_entries=0 packed_expected=0
CASE_PASS m=64 n=17 sve16_entries=0 expected=0 old_entries=0 packed_entries=0 packed_expected=0
CASE_PASS m=65 n=1 sve16_entries=0 expected=0 old_entries=0 packed_entries=0 packed_expected=0
CASE_PASS m=65 n=7 sve16_entries=0 expected=0 old_entries=0 packed_entries=0 packed_expected=0
CASE_PASS m=65 n=8 sve16_entries=0 expected=0 old_entries=0 packed_entries=0 packed_expected=0
CASE_PASS m=65 n=9 sve16_entries=0 expected=0 old_entries=0 packed_entries=0 packed_expected=0
CASE_PASS m=65 n=17 sve16_entries=0 expected=0 old_entries=0 packed_entries=0 packed_expected=0
CASE_PASS m=255 n=1 sve16_entries=0 expected=0 old_entries=0 packed_entries=0 packed_expected=0
CASE_PASS m=255 n=7 sve16_entries=0 expected=0 old_entries=0 packed_entries=0 packed_expected=0
CASE_PASS m=255 n=8 sve16_entries=0 expected=0 old_entries=0 packed_entries=0 packed_expected=0
CASE_PASS m=255 n=9 sve16_entries=0 expected=0 old_entries=0 packed_entries=0 packed_expected=0
CASE_PASS m=255 n=17 sve16_entries=0 expected=0 old_entries=0 packed_entries=0 packed_expected=0
CASE_PASS m=256 n=1 sve16_entries=0 expected=0 old_entries=0 packed_entries=0 packed_expected=0
CASE_PASS m=256 n=7 sve16_entries=0 expected=0 old_entries=0 packed_entries=0 packed_expected=0
CASE_PASS m=256 n=8 sve16_entries=0 expected=0 old_entries=0 packed_entries=0 packed_expected=0
CASE_PASS m=256 n=9 sve16_entries=0 expected=0 old_entries=0 packed_entries=0 packed_expected=0
CASE_PASS m=256 n=17 sve16_entries=0 expected=0 old_entries=0 packed_entries=0 packed_expected=0
CASE_PASS m=257 n=1 sve16_entries=0 expected=0 old_entries=0 packed_entries=0 packed_expected=0
CASE_PASS m=257 n=7 sve16_entries=0 expected=0 old_entries=0 packed_entries=0 packed_expected=0
CASE_PASS m=257 n=8 sve16_entries=0 expected=0 old_entries=0 packed_entries=0 packed_expected=0
CASE_PASS m=257 n=9 sve16_entries=0 expected=0 old_entries=0 packed_entries=0 packed_expected=0
CASE_PASS m=257 n=17 sve16_entries=0 expected=0 old_entries=0 packed_entries=0 packed_expected=0
PASS whole_cases=80 noop_cases=4 non_dyadic_long_double_RHS=1 padding_L_unchanged=1 max_error=1.1102230246251565e-16
MODE=full THREADS=4 NARROW_VL=1 EXPECT_SVE16=0 EXPECT_PACKEDL16=0
CASE_PASS m=1 n=1 sve16_entries=0 expected=0 old_entries=0 packed_entries=0 packed_expected=0
CASE_PASS m=1 n=7 sve16_entries=0 expected=0 old_entries=0 packed_entries=0 packed_expected=0
CASE_PASS m=1 n=8 sve16_entries=0 expected=0 old_entries=0 packed_entries=0 packed_expected=0
CASE_PASS m=1 n=9 sve16_entries=0 expected=0 old_entries=0 packed_entries=0 packed_expected=0
CASE_PASS m=1 n=17 sve16_entries=0 expected=0 old_entries=0 packed_entries=0 packed_expected=0
CASE_PASS m=3 n=1 sve16_entries=0 expected=0 old_entries=0 packed_entries=0 packed_expected=0
CASE_PASS m=3 n=7 sve16_entries=0 expected=0 old_entries=0 packed_entries=0 packed_expected=0
CASE_PASS m=3 n=8 sve16_entries=0 expected=0 old_entries=0 packed_entries=0 packed_expected=0
CASE_PASS m=3 n=9 sve16_entries=0 expected=0 old_entries=0 packed_entries=0 packed_expected=0
CASE_PASS m=3 n=17 sve16_entries=0 expected=0 old_entries=0 packed_entries=0 packed_expected=0
CASE_PASS m=4 n=1 sve16_entries=0 expected=0 old_entries=0 packed_entries=0 packed_expected=0
CASE_PASS m=4 n=7 sve16_entries=0 expected=0 old_entries=0 packed_entries=0 packed_expected=0
CASE_PASS m=4 n=8 sve16_entries=0 expected=0 old_entries=0 packed_entries=0 packed_expected=0
CASE_PASS m=4 n=9 sve16_entries=0 expected=0 old_entries=0 packed_entries=0 packed_expected=0
CASE_PASS m=4 n=17 sve16_entries=0 expected=0 old_entries=0 packed_entries=0 packed_expected=0
CASE_PASS m=5 n=1 sve16_entries=0 expected=0 old_entries=0 packed_entries=0 packed_expected=0
CASE_PASS m=5 n=7 sve16_entries=0 expected=0 old_entries=0 packed_entries=0 packed_expected=0
CASE_PASS m=5 n=8 sve16_entries=0 expected=0 old_entries=0 packed_entries=0 packed_expected=0
CASE_PASS m=5 n=9 sve16_entries=0 expected=0 old_entries=0 packed_entries=0 packed_expected=0
CASE_PASS m=5 n=17 sve16_entries=0 expected=0 old_entries=0 packed_entries=0 packed_expected=0
CASE_PASS m=15 n=1 sve16_entries=0 expected=0 old_entries=0 packed_entries=0 packed_expected=0
CASE_PASS m=15 n=7 sve16_entries=0 expected=0 old_entries=0 packed_entries=0 packed_expected=0
CASE_PASS m=15 n=8 sve16_entries=0 expected=0 old_entries=0 packed_entries=0 packed_expected=0
CASE_PASS m=15 n=9 sve16_entries=0 expected=0 old_entries=0 packed_entries=0 packed_expected=0
CASE_PASS m=15 n=17 sve16_entries=0 expected=0 old_entries=0 packed_entries=0 packed_expected=0
CASE_PASS m=16 n=1 sve16_entries=0 expected=0 old_entries=0 packed_entries=0 packed_expected=0
CASE_PASS m=16 n=7 sve16_entries=0 expected=0 old_entries=0 packed_entries=0 packed_expected=0
CASE_PASS m=16 n=8 sve16_entries=0 expected=0 old_entries=0 packed_entries=0 packed_expected=0
CASE_PASS m=16 n=9 sve16_entries=0 expected=0 old_entries=0 packed_entries=0 packed_expected=0
CASE_PASS m=16 n=17 sve16_entries=0 expected=0 old_entries=0 packed_entries=0 packed_expected=0
CASE_PASS m=17 n=1 sve16_entries=0 expected=0 old_entries=0 packed_entries=0 packed_expected=0
CASE_PASS m=17 n=7 sve16_entries=0 expected=0 old_entries=0 packed_entries=0 packed_expected=0
CASE_PASS m=17 n=8 sve16_entries=0 expected=0 old_entries=0 packed_entries=0 packed_expected=0
CASE_PASS m=17 n=9 sve16_entries=0 expected=0 old_entries=0 packed_entries=0 packed_expected=0
CASE_PASS m=17 n=17 sve16_entries=0 expected=0 old_entries=0 packed_entries=0 packed_expected=0
CASE_PASS m=31 n=1 sve16_entries=0 expected=0 old_entries=0 packed_entries=0 packed_expected=0
CASE_PASS m=31 n=7 sve16_entries=0 expected=0 old_entries=0 packed_entries=0 packed_expected=0
CASE_PASS m=31 n=8 sve16_entries=0 expected=0 old_entries=0 packed_entries=0 packed_expected=0
CASE_PASS m=31 n=9 sve16_entries=0 expected=0 old_entries=0 packed_entries=0 packed_expected=0
CASE_PASS m=31 n=17 sve16_entries=0 expected=0 old_entries=0 packed_entries=0 packed_expected=0
CASE_PASS m=32 n=1 sve16_entries=0 expected=0 old_entries=0 packed_entries=0 packed_expected=0
CASE_PASS m=32 n=7 sve16_entries=0 expected=0 old_entries=0 packed_entries=0 packed_expected=0
CASE_PASS m=32 n=8 sve16_entries=0 expected=0 old_entries=0 packed_entries=0 packed_expected=0
CASE_PASS m=32 n=9 sve16_entries=0 expected=0 old_entries=0 packed_entries=0 packed_expected=0
CASE_PASS m=32 n=17 sve16_entries=0 expected=0 old_entries=0 packed_entries=0 packed_expected=0
CASE_PASS m=33 n=1 sve16_entries=0 expected=0 old_entries=0 packed_entries=0 packed_expected=0
CASE_PASS m=33 n=7 sve16_entries=0 expected=0 old_entries=0 packed_entries=0 packed_expected=0
CASE_PASS m=33 n=8 sve16_entries=0 expected=0 old_entries=0 packed_entries=0 packed_expected=0
CASE_PASS m=33 n=9 sve16_entries=0 expected=0 old_entries=0 packed_entries=0 packed_expected=0
CASE_PASS m=33 n=17 sve16_entries=0 expected=0 old_entries=0 packed_entries=0 packed_expected=0
CASE_PASS m=63 n=1 sve16_entries=0 expected=0 old_entries=0 packed_entries=0 packed_expected=0
CASE_PASS m=63 n=7 sve16_entries=0 expected=0 old_entries=0 packed_entries=0 packed_expected=0
CASE_PASS m=63 n=8 sve16_entries=0 expected=0 old_entries=0 packed_entries=0 packed_expected=0
CASE_PASS m=63 n=9 sve16_entries=0 expected=0 old_entries=0 packed_entries=0 packed_expected=0
CASE_PASS m=63 n=17 sve16_entries=0 expected=0 old_entries=0 packed_entries=0 packed_expected=0
CASE_PASS m=64 n=1 sve16_entries=0 expected=0 old_entries=0 packed_entries=0 packed_expected=0
CASE_PASS m=64 n=7 sve16_entries=0 expected=0 old_entries=0 packed_entries=0 packed_expected=0
CASE_PASS m=64 n=8 sve16_entries=0 expected=0 old_entries=0 packed_entries=0 packed_expected=0
CASE_PASS m=64 n=9 sve16_entries=0 expected=0 old_entries=0 packed_entries=0 packed_expected=0
CASE_PASS m=64 n=17 sve16_entries=0 expected=0 old_entries=0 packed_entries=0 packed_expected=0
CASE_PASS m=65 n=1 sve16_entries=0 expected=0 old_entries=0 packed_entries=0 packed_expected=0
CASE_PASS m=65 n=7 sve16_entries=0 expected=0 old_entries=0 packed_entries=0 packed_expected=0
CASE_PASS m=65 n=8 sve16_entries=0 expected=0 old_entries=0 packed_entries=0 packed_expected=0
CASE_PASS m=65 n=9 sve16_entries=0 expected=0 old_entries=0 packed_entries=0 packed_expected=0
CASE_PASS m=65 n=17 sve16_entries=0 expected=0 old_entries=0 packed_entries=0 packed_expected=0
CASE_PASS m=255 n=1 sve16_entries=0 expected=0 old_entries=0 packed_entries=0 packed_expected=0
CASE_PASS m=255 n=7 sve16_entries=0 expected=0 old_entries=0 packed_entries=0 packed_expected=0
CASE_PASS m=255 n=8 sve16_entries=0 expected=0 old_entries=0 packed_entries=0 packed_expected=0
CASE_PASS m=255 n=9 sve16_entries=0 expected=0 old_entries=0 packed_entries=0 packed_expected=0
CASE_PASS m=255 n=17 sve16_entries=0 expected=0 old_entries=0 packed_entries=0 packed_expected=0
CASE_PASS m=256 n=1 sve16_entries=0 expected=0 old_entries=0 packed_entries=0 packed_expected=0
CASE_PASS m=256 n=7 sve16_entries=0 expected=0 old_entries=0 packed_entries=0 packed_expected=0
CASE_PASS m=256 n=8 sve16_entries=0 expected=0 old_entries=0 packed_entries=0 packed_expected=0
CASE_PASS m=256 n=9 sve16_entries=0 expected=0 old_entries=0 packed_entries=0 packed_expected=0
CASE_PASS m=256 n=17 sve16_entries=0 expected=0 old_entries=0 packed_entries=0 packed_expected=0
CASE_PASS m=257 n=1 sve16_entries=0 expected=0 old_entries=0 packed_entries=0 packed_expected=0
CASE_PASS m=257 n=7 sve16_entries=0 expected=0 old_entries=0 packed_entries=0 packed_expected=0
CASE_PASS m=257 n=8 sve16_entries=0 expected=0 old_entries=0 packed_entries=0 packed_expected=0
CASE_PASS m=257 n=9 sve16_entries=0 expected=0 old_entries=0 packed_entries=0 packed_expected=0
CASE_PASS m=257 n=17 sve16_entries=0 expected=0 old_entries=0 packed_entries=0 packed_expected=0
PASS whole_cases=80 noop_cases=4 non_dyadic_long_double_RHS=1 padding_L_unchanged=1 max_error=1.1102230246251565e-16
TRSM_PREFLIGHT_COMPLETE=1 MICRO_CASES=14 WHOLE_CASES=406 NOOP_CASES=28 OLD_MICRO_CASES=14 PACKED_MICRO_CASES=0 SHARED_FAIL_CASES=0
{"allowed_cpu_count": 38, "allowed_cpus": [76, 77, 78, 79, 80, 81, 82, 83, 84, 85, 86, 87, 88, 89, 90, 91, 92, 93, 94, 95, 96, 97, 98, 99, 100, 101, 102, 103, 104, 105, 106, 107, 108, 109, 110, 111, 112, 113], "guard_pass": true, "host": "COMPUTE_NODE_1", "numa_nodes": ["node2"], "scheduler_job_id": "1579479"}
gcc (gcc for openEuler 3.0.2) 12.3.1
Copyright (C) 2022 Free Software Foundation, Inc.
This is free software; see the source for copying conditions.  There is NO
warranty; not even for MERCHANTABILITY or FITNESS FOR A PARTICULAR PURPOSE.

MODE=micro THREADS=1 NARROW_VL=0 EXPECT_SVE16=1 EXPECT_PACKEDL16=0
PASS micro_cases=14 ordered_FMA_bitwise=1 prefix_padding_L_unchanged=1 history_unchanged=1
MODE=full THREADS=1 NARROW_VL=0 EXPECT_SVE16=1 EXPECT_PACKEDL16=0
CASE_PASS m=1 n=1 sve16_entries=0 expected=0 old_entries=0 packed_entries=0 packed_expected=0
CASE_PASS m=1 n=7 sve16_entries=0 expected=0 old_entries=0 packed_entries=0 packed_expected=0
CASE_PASS m=1 n=8 sve16_entries=0 expected=0 old_entries=0 packed_entries=0 packed_expected=0
CASE_PASS m=1 n=9 sve16_entries=0 expected=0 old_entries=0 packed_entries=0 packed_expected=0
CASE_PASS m=1 n=17 sve16_entries=0 expected=0 old_entries=0 packed_entries=0 packed_expected=0
CASE_PASS m=3 n=1 sve16_entries=0 expected=0 old_entries=0 packed_entries=0 packed_expected=0
CASE_PASS m=3 n=7 sve16_entries=0 expected=0 old_entries=0 packed_entries=0 packed_expected=0
CASE_PASS m=3 n=8 sve16_entries=0 expected=0 old_entries=0 packed_entries=0 packed_expected=0
CASE_PASS m=3 n=9 sve16_entries=0 expected=0 old_entries=0 packed_entries=0 packed_expected=0
CASE_PASS m=3 n=17 sve16_entries=0 expected=0 old_entries=0 packed_entries=0 packed_expected=0
CASE_PASS m=4 n=1 sve16_entries=0 expected=0 old_entries=0 packed_entries=0 packed_expected=0
CASE_PASS m=4 n=7 sve16_entries=0 expected=0 old_entries=0 packed_entries=0 packed_expected=0
CASE_PASS m=4 n=8 sve16_entries=0 expected=0 old_entries=0 packed_entries=0 packed_expected=0
CASE_PASS m=4 n=9 sve16_entries=0 expected=0 old_entries=0 packed_entries=0 packed_expected=0
CASE_PASS m=4 n=17 sve16_entries=0 expected=0 old_entries=0 packed_entries=0 packed_expected=0
CASE_PASS m=5 n=1 sve16_entries=0 expected=0 old_entries=0 packed_entries=0 packed_expected=0
CASE_PASS m=5 n=7 sve16_entries=0 expected=0 old_entries=0 packed_entries=0 packed_expected=0
CASE_PASS m=5 n=8 sve16_entries=0 expected=0 old_entries=0 packed_entries=0 packed_expected=0
CASE_PASS m=5 n=9 sve16_entries=0 expected=0 old_entries=0 packed_entries=0 packed_expected=0
CASE_PASS m=5 n=17 sve16_entries=0 expected=0 old_entries=0 packed_entries=0 packed_expected=0
CASE_PASS m=15 n=1 sve16_entries=0 expected=0 old_entries=0 packed_entries=0 packed_expected=0
CASE_PASS m=15 n=7 sve16_entries=0 expected=0 old_entries=0 packed_entries=0 packed_expected=0
CASE_PASS m=15 n=8 sve16_entries=0 expected=0 old_entries=0 packed_entries=0 packed_expected=0
CASE_PASS m=15 n=9 sve16_entries=0 expected=0 old_entries=0 packed_entries=0 packed_expected=0
CASE_PASS m=15 n=17 sve16_entries=0 expected=0 old_entries=0 packed_entries=0 packed_expected=0
CASE_PASS m=16 n=1 sve16_entries=1 expected=1 old_entries=1 packed_entries=0 packed_expected=0
CASE_PASS m=16 n=7 sve16_entries=1 expected=1 old_entries=1 packed_entries=0 packed_expected=0
CASE_PASS m=16 n=8 sve16_entries=1 expected=1 old_entries=1 packed_entries=0 packed_expected=0
CASE_PASS m=16 n=9 sve16_entries=2 expected=2 old_entries=2 packed_entries=0 packed_expected=0
CASE_PASS m=16 n=17 sve16_entries=3 expected=3 old_entries=3 packed_entries=0 packed_expected=0
CASE_PASS m=17 n=1 sve16_entries=1 expected=1 old_entries=1 packed_entries=0 packed_expected=0
CASE_PASS m=17 n=7 sve16_entries=1 expected=1 old_entries=1 packed_entries=0 packed_expected=0
CASE_PASS m=17 n=8 sve16_entries=1 expected=1 old_entries=1 packed_entries=0 packed_expected=0
CASE_PASS m=17 n=9 sve16_entries=2 expected=2 old_entries=2 packed_entries=0 packed_expected=0
CASE_PASS m=17 n=17 sve16_entries=3 expected=3 old_entries=3 packed_entries=0 packed_expected=0
CASE_PASS m=31 n=1 sve16_entries=1 expected=1 old_entries=1 packed_entries=0 packed_expected=0
CASE_PASS m=31 n=7 sve16_entries=1 expected=1 old_entries=1 packed_entries=0 packed_expected=0
CASE_PASS m=31 n=8 sve16_entries=1 expected=1 old_entries=1 packed_entries=0 packed_expected=0
CASE_PASS m=31 n=9 sve16_entries=2 expected=2 old_entries=2 packed_entries=0 packed_expected=0
CASE_PASS m=31 n=17 sve16_entries=3 expected=3 old_entries=3 packed_entries=0 packed_expected=0
CASE_PASS m=32 n=1 sve16_entries=2 expected=2 old_entries=2 packed_entries=0 packed_expected=0
CASE_PASS m=32 n=7 sve16_entries=2 expected=2 old_entries=2 packed_entries=0 packed_expected=0
CASE_PASS m=32 n=8 sve16_entries=2 expected=2 old_entries=2 packed_entries=0 packed_expected=0
CASE_PASS m=32 n=9 sve16_entries=4 expected=4 old_entries=4 packed_entries=0 packed_expected=0
CASE_PASS m=32 n=17 sve16_entries=6 expected=6 old_entries=6 packed_entries=0 packed_expected=0
CASE_PASS m=33 n=1 sve16_entries=2 expected=2 old_entries=2 packed_entries=0 packed_expected=0
CASE_PASS m=33 n=7 sve16_entries=2 expected=2 old_entries=2 packed_entries=0 packed_expected=0
CASE_PASS m=33 n=8 sve16_entries=2 expected=2 old_entries=2 packed_entries=0 packed_expected=0
CASE_PASS m=33 n=9 sve16_entries=4 expected=4 old_entries=4 packed_entries=0 packed_expected=0
CASE_PASS m=33 n=17 sve16_entries=6 expected=6 old_entries=6 packed_entries=0 packed_expected=0
CASE_PASS m=63 n=1 sve16_entries=3 expected=3 old_entries=3 packed_entries=0 packed_expected=0
CASE_PASS m=63 n=7 sve16_entries=3 expected=3 old_entries=3 packed_entries=0 packed_expected=0
CASE_PASS m=63 n=8 sve16_entries=3 expected=3 old_entries=3 packed_entries=0 packed_expected=0
CASE_PASS m=63 n=9 sve16_entries=6 expected=6 old_entries=6 packed_entries=0 packed_expected=0
CASE_PASS m=63 n=17 sve16_entries=9 expected=9 old_entries=9 packed_entries=0 packed_expected=0
CASE_PASS m=64 n=1 sve16_entries=4 expected=4 old_entries=4 packed_entries=0 packed_expected=0
CASE_PASS m=64 n=7 sve16_entries=4 expected=4 old_entries=4 packed_entries=0 packed_expected=0
CASE_PASS m=64 n=8 sve16_entries=4 expected=4 old_entries=4 packed_entries=0 packed_expected=0
CASE_PASS m=64 n=9 sve16_entries=8 expected=8 old_entries=8 packed_entries=0 packed_expected=0
CASE_PASS m=64 n=17 sve16_entries=12 expected=12 old_entries=12 packed_entries=0 packed_expected=0
CASE_PASS m=65 n=1 sve16_entries=4 expected=4 old_entries=4 packed_entries=0 packed_expected=0
CASE_PASS m=65 n=7 sve16_entries=4 expected=4 old_entries=4 packed_entries=0 packed_expected=0
CASE_PASS m=65 n=8 sve16_entries=4 expected=4 old_entries=4 packed_entries=0 packed_expected=0
CASE_PASS m=65 n=9 sve16_entries=8 expected=8 old_entries=8 packed_entries=0 packed_expected=0
CASE_PASS m=65 n=17 sve16_entries=12 expected=12 old_entries=12 packed_entries=0 packed_expected=0
CASE_PASS m=255 n=1 sve16_entries=15 expected=15 old_entries=15 packed_entries=0 packed_expected=0
CASE_PASS m=255 n=7 sve16_entries=15 expected=15 old_entries=15 packed_entries=0 packed_expected=0
CASE_PASS m=255 n=8 sve16_entries=15 expected=15 old_entries=15 packed_entries=0 packed_expected=0
CASE_PASS m=255 n=9 sve16_entries=30 expected=30 old_entries=30 packed_entries=0 packed_expected=0
CASE_PASS m=255 n=17 sve16_entries=45 expected=45 old_entries=45 packed_entries=0 packed_expected=0
CASE_PASS m=256 n=1 sve16_entries=16 expected=16 old_entries=16 packed_entries=0 packed_expected=0
CASE_PASS m=256 n=7 sve16_entries=16 expected=16 old_entries=16 packed_entries=0 packed_expected=0
CASE_PASS m=256 n=8 sve16_entries=16 expected=16 old_entries=16 packed_entries=0 packed_expected=0
CASE_PASS m=256 n=9 sve16_entries=32 expected=32 old_entries=32 packed_entries=0 packed_expected=0
CASE_PASS m=256 n=17 sve16_entries=48 expected=48 old_entries=48 packed_entries=0 packed_expected=0
CASE_PASS m=257 n=1 sve16_entries=16 expected=16 old_entries=16 packed_entries=0 packed_expected=0
CASE_PASS m=257 n=7 sve16_entries=16 expected=16 old_entries=16 packed_entries=0 packed_expected=0
CASE_PASS m=257 n=8 sve16_entries=16 expected=16 old_entries=16 packed_entries=0 packed_expected=0
CASE_PASS m=257 n=9 sve16_entries=32 expected=32 old_entries=32 packed_entries=0 packed_expected=0
CASE_PASS m=257 n=17 sve16_entries=48 expected=48 old_entries=48 packed_entries=0 packed_expected=0
PASS whole_cases=80 noop_cases=4 non_dyadic_long_double_RHS=1 padding_L_unchanged=1 max_error=1.1102230246251565e-16
MODE=full THREADS=4 NARROW_VL=0 EXPECT_SVE16=1 EXPECT_PACKEDL16=0
CASE_PASS m=1 n=1 sve16_entries=0 expected=0 old_entries=0 packed_entries=0 packed_expected=0
CASE_PASS m=1 n=7 sve16_entries=0 expected=0 old_entries=0 packed_entries=0 packed_expected=0
CASE_PASS m=1 n=8 sve16_entries=0 expected=0 old_entries=0 packed_entries=0 packed_expected=0
CASE_PASS m=1 n=9 sve16_entries=0 expected=0 old_entries=0 packed_entries=0 packed_expected=0
CASE_PASS m=1 n=17 sve16_entries=0 expected=0 old_entries=0 packed_entries=0 packed_expected=0
CASE_PASS m=3 n=1 sve16_entries=0 expected=0 old_entries=0 packed_entries=0 packed_expected=0
CASE_PASS m=3 n=7 sve16_entries=0 expected=0 old_entries=0 packed_entries=0 packed_expected=0
CASE_PASS m=3 n=8 sve16_entries=0 expected=0 old_entries=0 packed_entries=0 packed_expected=0
CASE_PASS m=3 n=9 sve16_entries=0 expected=0 old_entries=0 packed_entries=0 packed_expected=0
CASE_PASS m=3 n=17 sve16_entries=0 expected=0 old_entries=0 packed_entries=0 packed_expected=0
CASE_PASS m=4 n=1 sve16_entries=0 expected=0 old_entries=0 packed_entries=0 packed_expected=0
CASE_PASS m=4 n=7 sve16_entries=0 expected=0 old_entries=0 packed_entries=0 packed_expected=0
CASE_PASS m=4 n=8 sve16_entries=0 expected=0 old_entries=0 packed_entries=0 packed_expected=0
CASE_PASS m=4 n=9 sve16_entries=0 expected=0 old_entries=0 packed_entries=0 packed_expected=0
CASE_PASS m=4 n=17 sve16_entries=0 expected=0 old_entries=0 packed_entries=0 packed_expected=0
CASE_PASS m=5 n=1 sve16_entries=0 expected=0 old_entries=0 packed_entries=0 packed_expected=0
CASE_PASS m=5 n=7 sve16_entries=0 expected=0 old_entries=0 packed_entries=0 packed_expected=0
CASE_PASS m=5 n=8 sve16_entries=0 expected=0 old_entries=0 packed_entries=0 packed_expected=0
CASE_PASS m=5 n=9 sve16_entries=0 expected=0 old_entries=0 packed_entries=0 packed_expected=0
CASE_PASS m=5 n=17 sve16_entries=0 expected=0 old_entries=0 packed_entries=0 packed_expected=0
CASE_PASS m=15 n=1 sve16_entries=0 expected=0 old_entries=0 packed_entries=0 packed_expected=0
CASE_PASS m=15 n=7 sve16_entries=0 expected=0 old_entries=0 packed_entries=0 packed_expected=0
CASE_PASS m=15 n=8 sve16_entries=0 expected=0 old_entries=0 packed_entries=0 packed_expected=0
CASE_PASS m=15 n=9 sve16_entries=0 expected=0 old_entries=0 packed_entries=0 packed_expected=0
CASE_PASS m=15 n=17 sve16_entries=0 expected=0 old_entries=0 packed_entries=0 packed_expected=0
CASE_PASS m=16 n=1 sve16_entries=1 expected=1 old_entries=1 packed_entries=0 packed_expected=0
CASE_PASS m=16 n=7 sve16_entries=1 expected=1 old_entries=1 packed_entries=0 packed_expected=0
CASE_PASS m=16 n=8 sve16_entries=1 expected=1 old_entries=1 packed_entries=0 packed_expected=0
CASE_PASS m=16 n=9 sve16_entries=2 expected=2 old_entries=2 packed_entries=0 packed_expected=0
CASE_PASS m=16 n=17 sve16_entries=3 expected=3 old_entries=3 packed_entries=0 packed_expected=0
CASE_PASS m=17 n=1 sve16_entries=1 expected=1 old_entries=1 packed_entries=0 packed_expected=0
CASE_PASS m=17 n=7 sve16_entries=1 expected=1 old_entries=1 packed_entries=0 packed_expected=0
CASE_PASS m=17 n=8 sve16_entries=1 expected=1 old_entries=1 packed_entries=0 packed_expected=0
CASE_PASS m=17 n=9 sve16_entries=2 expected=2 old_entries=2 packed_entries=0 packed_expected=0
CASE_PASS m=17 n=17 sve16_entries=3 expected=3 old_entries=3 packed_entries=0 packed_expected=0
CASE_PASS m=31 n=1 sve16_entries=1 expected=1 old_entries=1 packed_entries=0 packed_expected=0
CASE_PASS m=31 n=7 sve16_entries=1 expected=1 old_entries=1 packed_entries=0 packed_expected=0
CASE_PASS m=31 n=8 sve16_entries=1 expected=1 old_entries=1 packed_entries=0 packed_expected=0
CASE_PASS m=31 n=9 sve16_entries=2 expected=2 old_entries=2 packed_entries=0 packed_expected=0
CASE_PASS m=31 n=17 sve16_entries=3 expected=3 old_entries=3 packed_entries=0 packed_expected=0
CASE_PASS m=32 n=1 sve16_entries=2 expected=2 old_entries=2 packed_entries=0 packed_expected=0
CASE_PASS m=32 n=7 sve16_entries=2 expected=2 old_entries=2 packed_entries=0 packed_expected=0
CASE_PASS m=32 n=8 sve16_entries=2 expected=2 old_entries=2 packed_entries=0 packed_expected=0
CASE_PASS m=32 n=9 sve16_entries=4 expected=4 old_entries=4 packed_entries=0 packed_expected=0
CASE_PASS m=32 n=17 sve16_entries=6 expected=6 old_entries=6 packed_entries=0 packed_expected=0
CASE_PASS m=33 n=1 sve16_entries=2 expected=2 old_entries=2 packed_entries=0 packed_expected=0
CASE_PASS m=33 n=7 sve16_entries=2 expected=2 old_entries=2 packed_entries=0 packed_expected=0
CASE_PASS m=33 n=8 sve16_entries=2 expected=2 old_entries=2 packed_entries=0 packed_expected=0
CASE_PASS m=33 n=9 sve16_entries=4 expected=4 old_entries=4 packed_entries=0 packed_expected=0
CASE_PASS m=33 n=17 sve16_entries=6 expected=6 old_entries=6 packed_entries=0 packed_expected=0
CASE_PASS m=63 n=1 sve16_entries=3 expected=3 old_entries=3 packed_entries=0 packed_expected=0
CASE_PASS m=63 n=7 sve16_entries=3 expected=3 old_entries=3 packed_entries=0 packed_expected=0
CASE_PASS m=63 n=8 sve16_entries=3 expected=3 old_entries=3 packed_entries=0 packed_expected=0
CASE_PASS m=63 n=9 sve16_entries=6 expected=6 old_entries=6 packed_entries=0 packed_expected=0
CASE_PASS m=63 n=17 sve16_entries=9 expected=9 old_entries=9 packed_entries=0 packed_expected=0
CASE_PASS m=64 n=1 sve16_entries=4 expected=4 old_entries=4 packed_entries=0 packed_expected=0
CASE_PASS m=64 n=7 sve16_entries=4 expected=4 old_entries=4 packed_entries=0 packed_expected=0
CASE_PASS m=64 n=8 sve16_entries=4 expected=4 old_entries=4 packed_entries=0 packed_expected=0
CASE_PASS m=64 n=9 sve16_entries=8 expected=8 old_entries=8 packed_entries=0 packed_expected=0
CASE_PASS m=64 n=17 sve16_entries=12 expected=12 old_entries=12 packed_entries=0 packed_expected=0
CASE_PASS m=65 n=1 sve16_entries=4 expected=4 old_entries=4 packed_entries=0 packed_expected=0
CASE_PASS m=65 n=7 sve16_entries=4 expected=4 old_entries=4 packed_entries=0 packed_expected=0
CASE_PASS m=65 n=8 sve16_entries=4 expected=4 old_entries=4 packed_entries=0 packed_expected=0
CASE_PASS m=65 n=9 sve16_entries=8 expected=8 old_entries=8 packed_entries=0 packed_expected=0
CASE_PASS m=65 n=17 sve16_entries=12 expected=12 old_entries=12 packed_entries=0 packed_expected=0
CASE_PASS m=255 n=1 sve16_entries=15 expected=15 old_entries=15 packed_entries=0 packed_expected=0
CASE_PASS m=255 n=7 sve16_entries=15 expected=15 old_entries=15 packed_entries=0 packed_expected=0
CASE_PASS m=255 n=8 sve16_entries=15 expected=15 old_entries=15 packed_entries=0 packed_expected=0
CASE_PASS m=255 n=9 sve16_entries=30 expected=30 old_entries=30 packed_entries=0 packed_expected=0
CASE_PASS m=255 n=17 sve16_entries=45 expected=45 old_entries=45 packed_entries=0 packed_expected=0
CASE_PASS m=256 n=1 sve16_entries=16 expected=16 old_entries=16 packed_entries=0 packed_expected=0
CASE_PASS m=256 n=7 sve16_entries=16 expected=16 old_entries=16 packed_entries=0 packed_expected=0
CASE_PASS m=256 n=8 sve16_entries=16 expected=16 old_entries=16 packed_entries=0 packed_expected=0
CASE_PASS m=256 n=9 sve16_entries=32 expected=32 old_entries=32 packed_entries=0 packed_expected=0
CASE_PASS m=256 n=17 sve16_entries=48 expected=48 old_entries=48 packed_entries=0 packed_expected=0
CASE_PASS m=257 n=1 sve16_entries=16 expected=16 old_entries=16 packed_entries=0 packed_expected=0
CASE_PASS m=257 n=7 sve16_entries=16 expected=16 old_entries=16 packed_entries=0 packed_expected=0
CASE_PASS m=257 n=8 sve16_entries=16 expected=16 old_entries=16 packed_entries=0 packed_expected=0
CASE_PASS m=257 n=9 sve16_entries=32 expected=32 old_entries=32 packed_entries=0 packed_expected=0
CASE_PASS m=257 n=17 sve16_entries=48 expected=48 old_entries=48 packed_entries=0 packed_expected=0
PASS whole_cases=80 noop_cases=4 non_dyadic_long_double_RHS=1 padding_L_unchanged=1 max_error=1.1102230246251565e-16
MODE=smoke THREADS=38 NARROW_VL=0 EXPECT_SVE16=1 EXPECT_PACKEDL16=0
CASE_PASS m=15 n=9 sve16_entries=0 expected=0 old_entries=0 packed_entries=0 packed_expected=0
CASE_PASS m=16 n=17 sve16_entries=3 expected=3 old_entries=3 packed_entries=0 packed_expected=0
CASE_PASS m=33 n=313 sve16_entries=80 expected=80 old_entries=80 packed_entries=0 packed_expected=0
CASE_PASS m=257 n=313 sve16_entries=640 expected=640 old_entries=640 packed_entries=0 packed_expected=0
PASS whole_cases=4 noop_cases=4 non_dyadic_long_double_RHS=1 padding_L_unchanged=1 max_error=1.1102230246251565e-16
MODE=boundary THREADS=1 NARROW_VL=0 EXPECT_SVE16=1 EXPECT_PACKEDL16=0
CASE_PASS m=4095 n=9 sve16_entries=510 expected=510 old_entries=510 packed_entries=0 packed_expected=0
CASE_PASS m=4097 n=9 sve16_entries=0 expected=0 old_entries=0 packed_entries=0 packed_expected=0
PASS whole_cases=2 noop_cases=4 non_dyadic_long_double_RHS=1 padding_L_unchanged=1 max_error=3.8857805861880479e-16
MODE=full THREADS=4 NARROW_VL=0 EXPECT_SVE16=0 EXPECT_PACKEDL16=0
CASE_PASS m=1 n=1 sve16_entries=0 expected=0 old_entries=0 packed_entries=0 packed_expected=0
CASE_PASS m=1 n=7 sve16_entries=0 expected=0 old_entries=0 packed_entries=0 packed_expected=0
CASE_PASS m=1 n=8 sve16_entries=0 expected=0 old_entries=0 packed_entries=0 packed_expected=0
CASE_PASS m=1 n=9 sve16_entries=0 expected=0 old_entries=0 packed_entries=0 packed_expected=0
CASE_PASS m=1 n=17 sve16_entries=0 expected=0 old_entries=0 packed_entries=0 packed_expected=0
CASE_PASS m=3 n=1 sve16_entries=0 expected=0 old_entries=0 packed_entries=0 packed_expected=0
CASE_PASS m=3 n=7 sve16_entries=0 expected=0 old_entries=0 packed_entries=0 packed_expected=0
CASE_PASS m=3 n=8 sve16_entries=0 expected=0 old_entries=0 packed_entries=0 packed_expected=0
CASE_PASS m=3 n=9 sve16_entries=0 expected=0 old_entries=0 packed_entries=0 packed_expected=0
CASE_PASS m=3 n=17 sve16_entries=0 expected=0 old_entries=0 packed_entries=0 packed_expected=0
CASE_PASS m=4 n=1 sve16_entries=0 expected=0 old_entries=0 packed_entries=0 packed_expected=0
CASE_PASS m=4 n=7 sve16_entries=0 expected=0 old_entries=0 packed_entries=0 packed_expected=0
CASE_PASS m=4 n=8 sve16_entries=0 expected=0 old_entries=0 packed_entries=0 packed_expected=0
CASE_PASS m=4 n=9 sve16_entries=0 expected=0 old_entries=0 packed_entries=0 packed_expected=0
CASE_PASS m=4 n=17 sve16_entries=0 expected=0 old_entries=0 packed_entries=0 packed_expected=0
CASE_PASS m=5 n=1 sve16_entries=0 expected=0 old_entries=0 packed_entries=0 packed_expected=0
CASE_PASS m=5 n=7 sve16_entries=0 expected=0 old_entries=0 packed_entries=0 packed_expected=0
CASE_PASS m=5 n=8 sve16_entries=0 expected=0 old_entries=0 packed_entries=0 packed_expected=0
CASE_PASS m=5 n=9 sve16_entries=0 expected=0 old_entries=0 packed_entries=0 packed_expected=0
CASE_PASS m=5 n=17 sve16_entries=0 expected=0 old_entries=0 packed_entries=0 packed_expected=0
CASE_PASS m=15 n=1 sve16_entries=0 expected=0 old_entries=0 packed_entries=0 packed_expected=0
CASE_PASS m=15 n=7 sve16_entries=0 expected=0 old_entries=0 packed_entries=0 packed_expected=0
CASE_PASS m=15 n=8 sve16_entries=0 expected=0 old_entries=0 packed_entries=0 packed_expected=0
CASE_PASS m=15 n=9 sve16_entries=0 expected=0 old_entries=0 packed_entries=0 packed_expected=0
CASE_PASS m=15 n=17 sve16_entries=0 expected=0 old_entries=0 packed_entries=0 packed_expected=0
CASE_PASS m=16 n=1 sve16_entries=0 expected=0 old_entries=0 packed_entries=0 packed_expected=0
CASE_PASS m=16 n=7 sve16_entries=0 expected=0 old_entries=0 packed_entries=0 packed_expected=0
CASE_PASS m=16 n=8 sve16_entries=0 expected=0 old_entries=0 packed_entries=0 packed_expected=0
CASE_PASS m=16 n=9 sve16_entries=0 expected=0 old_entries=0 packed_entries=0 packed_expected=0
CASE_PASS m=16 n=17 sve16_entries=0 expected=0 old_entries=0 packed_entries=0 packed_expected=0
CASE_PASS m=17 n=1 sve16_entries=0 expected=0 old_entries=0 packed_entries=0 packed_expected=0
CASE_PASS m=17 n=7 sve16_entries=0 expected=0 old_entries=0 packed_entries=0 packed_expected=0
CASE_PASS m=17 n=8 sve16_entries=0 expected=0 old_entries=0 packed_entries=0 packed_expected=0
CASE_PASS m=17 n=9 sve16_entries=0 expected=0 old_entries=0 packed_entries=0 packed_expected=0
CASE_PASS m=17 n=17 sve16_entries=0 expected=0 old_entries=0 packed_entries=0 packed_expected=0
CASE_PASS m=31 n=1 sve16_entries=0 expected=0 old_entries=0 packed_entries=0 packed_expected=0
CASE_PASS m=31 n=7 sve16_entries=0 expected=0 old_entries=0 packed_entries=0 packed_expected=0
CASE_PASS m=31 n=8 sve16_entries=0 expected=0 old_entries=0 packed_entries=0 packed_expected=0
CASE_PASS m=31 n=9 sve16_entries=0 expected=0 old_entries=0 packed_entries=0 packed_expected=0
CASE_PASS m=31 n=17 sve16_entries=0 expected=0 old_entries=0 packed_entries=0 packed_expected=0
CASE_PASS m=32 n=1 sve16_entries=0 expected=0 old_entries=0 packed_entries=0 packed_expected=0
CASE_PASS m=32 n=7 sve16_entries=0 expected=0 old_entries=0 packed_entries=0 packed_expected=0
CASE_PASS m=32 n=8 sve16_entries=0 expected=0 old_entries=0 packed_entries=0 packed_expected=0
CASE_PASS m=32 n=9 sve16_entries=0 expected=0 old_entries=0 packed_entries=0 packed_expected=0
CASE_PASS m=32 n=17 sve16_entries=0 expected=0 old_entries=0 packed_entries=0 packed_expected=0
CASE_PASS m=33 n=1 sve16_entries=0 expected=0 old_entries=0 packed_entries=0 packed_expected=0
CASE_PASS m=33 n=7 sve16_entries=0 expected=0 old_entries=0 packed_entries=0 packed_expected=0
CASE_PASS m=33 n=8 sve16_entries=0 expected=0 old_entries=0 packed_entries=0 packed_expected=0
CASE_PASS m=33 n=9 sve16_entries=0 expected=0 old_entries=0 packed_entries=0 packed_expected=0
CASE_PASS m=33 n=17 sve16_entries=0 expected=0 old_entries=0 packed_entries=0 packed_expected=0
CASE_PASS m=63 n=1 sve16_entries=0 expected=0 old_entries=0 packed_entries=0 packed_expected=0
CASE_PASS m=63 n=7 sve16_entries=0 expected=0 old_entries=0 packed_entries=0 packed_expected=0
CASE_PASS m=63 n=8 sve16_entries=0 expected=0 old_entries=0 packed_entries=0 packed_expected=0
CASE_PASS m=63 n=9 sve16_entries=0 expected=0 old_entries=0 packed_entries=0 packed_expected=0
CASE_PASS m=63 n=17 sve16_entries=0 expected=0 old_entries=0 packed_entries=0 packed_expected=0
CASE_PASS m=64 n=1 sve16_entries=0 expected=0 old_entries=0 packed_entries=0 packed_expected=0
CASE_PASS m=64 n=7 sve16_entries=0 expected=0 old_entries=0 packed_entries=0 packed_expected=0
CASE_PASS m=64 n=8 sve16_entries=0 expected=0 old_entries=0 packed_entries=0 packed_expected=0
CASE_PASS m=64 n=9 sve16_entries=0 expected=0 old_entries=0 packed_entries=0 packed_expected=0
CASE_PASS m=64 n=17 sve16_entries=0 expected=0 old_entries=0 packed_entries=0 packed_expected=0
CASE_PASS m=65 n=1 sve16_entries=0 expected=0 old_entries=0 packed_entries=0 packed_expected=0
CASE_PASS m=65 n=7 sve16_entries=0 expected=0 old_entries=0 packed_entries=0 packed_expected=0
CASE_PASS m=65 n=8 sve16_entries=0 expected=0 old_entries=0 packed_entries=0 packed_expected=0
CASE_PASS m=65 n=9 sve16_entries=0 expected=0 old_entries=0 packed_entries=0 packed_expected=0
CASE_PASS m=65 n=17 sve16_entries=0 expected=0 old_entries=0 packed_entries=0 packed_expected=0
CASE_PASS m=255 n=1 sve16_entries=0 expected=0 old_entries=0 packed_entries=0 packed_expected=0
CASE_PASS m=255 n=7 sve16_entries=0 expected=0 old_entries=0 packed_entries=0 packed_expected=0
CASE_PASS m=255 n=8 sve16_entries=0 expected=0 old_entries=0 packed_entries=0 packed_expected=0
CASE_PASS m=255 n=9 sve16_entries=0 expected=0 old_entries=0 packed_entries=0 packed_expected=0
CASE_PASS m=255 n=17 sve16_entries=0 expected=0 old_entries=0 packed_entries=0 packed_expected=0
CASE_PASS m=256 n=1 sve16_entries=0 expected=0 old_entries=0 packed_entries=0 packed_expected=0
CASE_PASS m=256 n=7 sve16_entries=0 expected=0 old_entries=0 packed_entries=0 packed_expected=0
CASE_PASS m=256 n=8 sve16_entries=0 expected=0 old_entries=0 packed_entries=0 packed_expected=0
CASE_PASS m=256 n=9 sve16_entries=0 expected=0 old_entries=0 packed_entries=0 packed_expected=0
CASE_PASS m=256 n=17 sve16_entries=0 expected=0 old_entries=0 packed_entries=0 packed_expected=0
CASE_PASS m=257 n=1 sve16_entries=0 expected=0 old_entries=0 packed_entries=0 packed_expected=0
CASE_PASS m=257 n=7 sve16_entries=0 expected=0 old_entries=0 packed_entries=0 packed_expected=0
CASE_PASS m=257 n=8 sve16_entries=0 expected=0 old_entries=0 packed_entries=0 packed_expected=0
CASE_PASS m=257 n=9 sve16_entries=0 expected=0 old_entries=0 packed_entries=0 packed_expected=0
CASE_PASS m=257 n=17 sve16_entries=0 expected=0 old_entries=0 packed_entries=0 packed_expected=0
PASS whole_cases=80 noop_cases=4 non_dyadic_long_double_RHS=1 padding_L_unchanged=1 max_error=1.1102230246251565e-16
MODE=full THREADS=4 NARROW_VL=0 EXPECT_SVE16=0 EXPECT_PACKEDL16=0
CASE_PASS m=1 n=1 sve16_entries=0 expected=0 old_entries=0 packed_entries=0 packed_expected=0
CASE_PASS m=1 n=7 sve16_entries=0 expected=0 old_entries=0 packed_entries=0 packed_expected=0
CASE_PASS m=1 n=8 sve16_entries=0 expected=0 old_entries=0 packed_entries=0 packed_expected=0
CASE_PASS m=1 n=9 sve16_entries=0 expected=0 old_entries=0 packed_entries=0 packed_expected=0
CASE_PASS m=1 n=17 sve16_entries=0 expected=0 old_entries=0 packed_entries=0 packed_expected=0
CASE_PASS m=3 n=1 sve16_entries=0 expected=0 old_entries=0 packed_entries=0 packed_expected=0
CASE_PASS m=3 n=7 sve16_entries=0 expected=0 old_entries=0 packed_entries=0 packed_expected=0
CASE_PASS m=3 n=8 sve16_entries=0 expected=0 old_entries=0 packed_entries=0 packed_expected=0
CASE_PASS m=3 n=9 sve16_entries=0 expected=0 old_entries=0 packed_entries=0 packed_expected=0
CASE_PASS m=3 n=17 sve16_entries=0 expected=0 old_entries=0 packed_entries=0 packed_expected=0
CASE_PASS m=4 n=1 sve16_entries=0 expected=0 old_entries=0 packed_entries=0 packed_expected=0
CASE_PASS m=4 n=7 sve16_entries=0 expected=0 old_entries=0 packed_entries=0 packed_expected=0
CASE_PASS m=4 n=8 sve16_entries=0 expected=0 old_entries=0 packed_entries=0 packed_expected=0
CASE_PASS m=4 n=9 sve16_entries=0 expected=0 old_entries=0 packed_entries=0 packed_expected=0
CASE_PASS m=4 n=17 sve16_entries=0 expected=0 old_entries=0 packed_entries=0 packed_expected=0
CASE_PASS m=5 n=1 sve16_entries=0 expected=0 old_entries=0 packed_entries=0 packed_expected=0
CASE_PASS m=5 n=7 sve16_entries=0 expected=0 old_entries=0 packed_entries=0 packed_expected=0
CASE_PASS m=5 n=8 sve16_entries=0 expected=0 old_entries=0 packed_entries=0 packed_expected=0
CASE_PASS m=5 n=9 sve16_entries=0 expected=0 old_entries=0 packed_entries=0 packed_expected=0
CASE_PASS m=5 n=17 sve16_entries=0 expected=0 old_entries=0 packed_entries=0 packed_expected=0
CASE_PASS m=15 n=1 sve16_entries=0 expected=0 old_entries=0 packed_entries=0 packed_expected=0
CASE_PASS m=15 n=7 sve16_entries=0 expected=0 old_entries=0 packed_entries=0 packed_expected=0
CASE_PASS m=15 n=8 sve16_entries=0 expected=0 old_entries=0 packed_entries=0 packed_expected=0
CASE_PASS m=15 n=9 sve16_entries=0 expected=0 old_entries=0 packed_entries=0 packed_expected=0
CASE_PASS m=15 n=17 sve16_entries=0 expected=0 old_entries=0 packed_entries=0 packed_expected=0
CASE_PASS m=16 n=1 sve16_entries=0 expected=0 old_entries=0 packed_entries=0 packed_expected=0
CASE_PASS m=16 n=7 sve16_entries=0 expected=0 old_entries=0 packed_entries=0 packed_expected=0
CASE_PASS m=16 n=8 sve16_entries=0 expected=0 old_entries=0 packed_entries=0 packed_expected=0
CASE_PASS m=16 n=9 sve16_entries=0 expected=0 old_entries=0 packed_entries=0 packed_expected=0
CASE_PASS m=16 n=17 sve16_entries=0 expected=0 old_entries=0 packed_entries=0 packed_expected=0
CASE_PASS m=17 n=1 sve16_entries=0 expected=0 old_entries=0 packed_entries=0 packed_expected=0
CASE_PASS m=17 n=7 sve16_entries=0 expected=0 old_entries=0 packed_entries=0 packed_expected=0
CASE_PASS m=17 n=8 sve16_entries=0 expected=0 old_entries=0 packed_entries=0 packed_expected=0
CASE_PASS m=17 n=9 sve16_entries=0 expected=0 old_entries=0 packed_entries=0 packed_expected=0
CASE_PASS m=17 n=17 sve16_entries=0 expected=0 old_entries=0 packed_entries=0 packed_expected=0
CASE_PASS m=31 n=1 sve16_entries=0 expected=0 old_entries=0 packed_entries=0 packed_expected=0
CASE_PASS m=31 n=7 sve16_entries=0 expected=0 old_entries=0 packed_entries=0 packed_expected=0
CASE_PASS m=31 n=8 sve16_entries=0 expected=0 old_entries=0 packed_entries=0 packed_expected=0
CASE_PASS m=31 n=9 sve16_entries=0 expected=0 old_entries=0 packed_entries=0 packed_expected=0
CASE_PASS m=31 n=17 sve16_entries=0 expected=0 old_entries=0 packed_entries=0 packed_expected=0
CASE_PASS m=32 n=1 sve16_entries=0 expected=0 old_entries=0 packed_entries=0 packed_expected=0
CASE_PASS m=32 n=7 sve16_entries=0 expected=0 old_entries=0 packed_entries=0 packed_expected=0
CASE_PASS m=32 n=8 sve16_entries=0 expected=0 old_entries=0 packed_entries=0 packed_expected=0
CASE_PASS m=32 n=9 sve16_entries=0 expected=0 old_entries=0 packed_entries=0 packed_expected=0
CASE_PASS m=32 n=17 sve16_entries=0 expected=0 old_entries=0 packed_entries=0 packed_expected=0
CASE_PASS m=33 n=1 sve16_entries=0 expected=0 old_entries=0 packed_entries=0 packed_expected=0
CASE_PASS m=33 n=7 sve16_entries=0 expected=0 old_entries=0 packed_entries=0 packed_expected=0
CASE_PASS m=33 n=8 sve16_entries=0 expected=0 old_entries=0 packed_entries=0 packed_expected=0
CASE_PASS m=33 n=9 sve16_entries=0 expected=0 old_entries=0 packed_entries=0 packed_expected=0
CASE_PASS m=33 n=17 sve16_entries=0 expected=0 old_entries=0 packed_entries=0 packed_expected=0
CASE_PASS m=63 n=1 sve16_entries=0 expected=0 old_entries=0 packed_entries=0 packed_expected=0
CASE_PASS m=63 n=7 sve16_entries=0 expected=0 old_entries=0 packed_entries=0 packed_expected=0
CASE_PASS m=63 n=8 sve16_entries=0 expected=0 old_entries=0 packed_entries=0 packed_expected=0
CASE_PASS m=63 n=9 sve16_entries=0 expected=0 old_entries=0 packed_entries=0 packed_expected=0
CASE_PASS m=63 n=17 sve16_entries=0 expected=0 old_entries=0 packed_entries=0 packed_expected=0
CASE_PASS m=64 n=1 sve16_entries=0 expected=0 old_entries=0 packed_entries=0 packed_expected=0
CASE_PASS m=64 n=7 sve16_entries=0 expected=0 old_entries=0 packed_entries=0 packed_expected=0
CASE_PASS m=64 n=8 sve16_entries=0 expected=0 old_entries=0 packed_entries=0 packed_expected=0
CASE_PASS m=64 n=9 sve16_entries=0 expected=0 old_entries=0 packed_entries=0 packed_expected=0
CASE_PASS m=64 n=17 sve16_entries=0 expected=0 old_entries=0 packed_entries=0 packed_expected=0
CASE_PASS m=65 n=1 sve16_entries=0 expected=0 old_entries=0 packed_entries=0 packed_expected=0
CASE_PASS m=65 n=7 sve16_entries=0 expected=0 old_entries=0 packed_entries=0 packed_expected=0
CASE_PASS m=65 n=8 sve16_entries=0 expected=0 old_entries=0 packed_entries=0 packed_expected=0
CASE_PASS m=65 n=9 sve16_entries=0 expected=0 old_entries=0 packed_entries=0 packed_expected=0
CASE_PASS m=65 n=17 sve16_entries=0 expected=0 old_entries=0 packed_entries=0 packed_expected=0
CASE_PASS m=255 n=1 sve16_entries=0 expected=0 old_entries=0 packed_entries=0 packed_expected=0
CASE_PASS m=255 n=7 sve16_entries=0 expected=0 old_entries=0 packed_entries=0 packed_expected=0
CASE_PASS m=255 n=8 sve16_entries=0 expected=0 old_entries=0 packed_entries=0 packed_expected=0
CASE_PASS m=255 n=9 sve16_entries=0 expected=0 old_entries=0 packed_entries=0 packed_expected=0
CASE_PASS m=255 n=17 sve16_entries=0 expected=0 old_entries=0 packed_entries=0 packed_expected=0
CASE_PASS m=256 n=1 sve16_entries=0 expected=0 old_entries=0 packed_entries=0 packed_expected=0
CASE_PASS m=256 n=7 sve16_entries=0 expected=0 old_entries=0 packed_entries=0 packed_expected=0
CASE_PASS m=256 n=8 sve16_entries=0 expected=0 old_entries=0 packed_entries=0 packed_expected=0
CASE_PASS m=256 n=9 sve16_entries=0 expected=0 old_entries=0 packed_entries=0 packed_expected=0
CASE_PASS m=256 n=17 sve16_entries=0 expected=0 old_entries=0 packed_entries=0 packed_expected=0
CASE_PASS m=257 n=1 sve16_entries=0 expected=0 old_entries=0 packed_entries=0 packed_expected=0
CASE_PASS m=257 n=7 sve16_entries=0 expected=0 old_entries=0 packed_entries=0 packed_expected=0
CASE_PASS m=257 n=8 sve16_entries=0 expected=0 old_entries=0 packed_entries=0 packed_expected=0
CASE_PASS m=257 n=9 sve16_entries=0 expected=0 old_entries=0 packed_entries=0 packed_expected=0
CASE_PASS m=257 n=17 sve16_entries=0 expected=0 old_entries=0 packed_entries=0 packed_expected=0
PASS whole_cases=80 noop_cases=4 non_dyadic_long_double_RHS=1 padding_L_unchanged=1 max_error=1.1102230246251565e-16
MODE=full THREADS=4 NARROW_VL=1 EXPECT_SVE16=0 EXPECT_PACKEDL16=0
CASE_PASS m=1 n=1 sve16_entries=0 expected=0 old_entries=0 packed_entries=0 packed_expected=0
CASE_PASS m=1 n=7 sve16_entries=0 expected=0 old_entries=0 packed_entries=0 packed_expected=0
CASE_PASS m=1 n=8 sve16_entries=0 expected=0 old_entries=0 packed_entries=0 packed_expected=0
CASE_PASS m=1 n=9 sve16_entries=0 expected=0 old_entries=0 packed_entries=0 packed_expected=0
CASE_PASS m=1 n=17 sve16_entries=0 expected=0 old_entries=0 packed_entries=0 packed_expected=0
CASE_PASS m=3 n=1 sve16_entries=0 expected=0 old_entries=0 packed_entries=0 packed_expected=0
CASE_PASS m=3 n=7 sve16_entries=0 expected=0 old_entries=0 packed_entries=0 packed_expected=0
CASE_PASS m=3 n=8 sve16_entries=0 expected=0 old_entries=0 packed_entries=0 packed_expected=0
CASE_PASS m=3 n=9 sve16_entries=0 expected=0 old_entries=0 packed_entries=0 packed_expected=0
CASE_PASS m=3 n=17 sve16_entries=0 expected=0 old_entries=0 packed_entries=0 packed_expected=0
CASE_PASS m=4 n=1 sve16_entries=0 expected=0 old_entries=0 packed_entries=0 packed_expected=0
CASE_PASS m=4 n=7 sve16_entries=0 expected=0 old_entries=0 packed_entries=0 packed_expected=0
CASE_PASS m=4 n=8 sve16_entries=0 expected=0 old_entries=0 packed_entries=0 packed_expected=0
CASE_PASS m=4 n=9 sve16_entries=0 expected=0 old_entries=0 packed_entries=0 packed_expected=0
CASE_PASS m=4 n=17 sve16_entries=0 expected=0 old_entries=0 packed_entries=0 packed_expected=0
CASE_PASS m=5 n=1 sve16_entries=0 expected=0 old_entries=0 packed_entries=0 packed_expected=0
CASE_PASS m=5 n=7 sve16_entries=0 expected=0 old_entries=0 packed_entries=0 packed_expected=0
CASE_PASS m=5 n=8 sve16_entries=0 expected=0 old_entries=0 packed_entries=0 packed_expected=0
CASE_PASS m=5 n=9 sve16_entries=0 expected=0 old_entries=0 packed_entries=0 packed_expected=0
CASE_PASS m=5 n=17 sve16_entries=0 expected=0 old_entries=0 packed_entries=0 packed_expected=0
CASE_PASS m=15 n=1 sve16_entries=0 expected=0 old_entries=0 packed_entries=0 packed_expected=0
CASE_PASS m=15 n=7 sve16_entries=0 expected=0 old_entries=0 packed_entries=0 packed_expected=0
CASE_PASS m=15 n=8 sve16_entries=0 expected=0 old_entries=0 packed_entries=0 packed_expected=0
CASE_PASS m=15 n=9 sve16_entries=0 expected=0 old_entries=0 packed_entries=0 packed_expected=0
CASE_PASS m=15 n=17 sve16_entries=0 expected=0 old_entries=0 packed_entries=0 packed_expected=0
CASE_PASS m=16 n=1 sve16_entries=0 expected=0 old_entries=0 packed_entries=0 packed_expected=0
CASE_PASS m=16 n=7 sve16_entries=0 expected=0 old_entries=0 packed_entries=0 packed_expected=0
CASE_PASS m=16 n=8 sve16_entries=0 expected=0 old_entries=0 packed_entries=0 packed_expected=0
CASE_PASS m=16 n=9 sve16_entries=0 expected=0 old_entries=0 packed_entries=0 packed_expected=0
CASE_PASS m=16 n=17 sve16_entries=0 expected=0 old_entries=0 packed_entries=0 packed_expected=0
CASE_PASS m=17 n=1 sve16_entries=0 expected=0 old_entries=0 packed_entries=0 packed_expected=0
CASE_PASS m=17 n=7 sve16_entries=0 expected=0 old_entries=0 packed_entries=0 packed_expected=0
CASE_PASS m=17 n=8 sve16_entries=0 expected=0 old_entries=0 packed_entries=0 packed_expected=0
CASE_PASS m=17 n=9 sve16_entries=0 expected=0 old_entries=0 packed_entries=0 packed_expected=0
CASE_PASS m=17 n=17 sve16_entries=0 expected=0 old_entries=0 packed_entries=0 packed_expected=0
CASE_PASS m=31 n=1 sve16_entries=0 expected=0 old_entries=0 packed_entries=0 packed_expected=0
CASE_PASS m=31 n=7 sve16_entries=0 expected=0 old_entries=0 packed_entries=0 packed_expected=0
CASE_PASS m=31 n=8 sve16_entries=0 expected=0 old_entries=0 packed_entries=0 packed_expected=0
CASE_PASS m=31 n=9 sve16_entries=0 expected=0 old_entries=0 packed_entries=0 packed_expected=0
CASE_PASS m=31 n=17 sve16_entries=0 expected=0 old_entries=0 packed_entries=0 packed_expected=0
CASE_PASS m=32 n=1 sve16_entries=0 expected=0 old_entries=0 packed_entries=0 packed_expected=0
CASE_PASS m=32 n=7 sve16_entries=0 expected=0 old_entries=0 packed_entries=0 packed_expected=0
CASE_PASS m=32 n=8 sve16_entries=0 expected=0 old_entries=0 packed_entries=0 packed_expected=0
CASE_PASS m=32 n=9 sve16_entries=0 expected=0 old_entries=0 packed_entries=0 packed_expected=0
CASE_PASS m=32 n=17 sve16_entries=0 expected=0 old_entries=0 packed_entries=0 packed_expected=0
CASE_PASS m=33 n=1 sve16_entries=0 expected=0 old_entries=0 packed_entries=0 packed_expected=0
CASE_PASS m=33 n=7 sve16_entries=0 expected=0 old_entries=0 packed_entries=0 packed_expected=0
CASE_PASS m=33 n=8 sve16_entries=0 expected=0 old_entries=0 packed_entries=0 packed_expected=0
CASE_PASS m=33 n=9 sve16_entries=0 expected=0 old_entries=0 packed_entries=0 packed_expected=0
CASE_PASS m=33 n=17 sve16_entries=0 expected=0 old_entries=0 packed_entries=0 packed_expected=0
CASE_PASS m=63 n=1 sve16_entries=0 expected=0 old_entries=0 packed_entries=0 packed_expected=0
CASE_PASS m=63 n=7 sve16_entries=0 expected=0 old_entries=0 packed_entries=0 packed_expected=0
CASE_PASS m=63 n=8 sve16_entries=0 expected=0 old_entries=0 packed_entries=0 packed_expected=0
CASE_PASS m=63 n=9 sve16_entries=0 expected=0 old_entries=0 packed_entries=0 packed_expected=0
CASE_PASS m=63 n=17 sve16_entries=0 expected=0 old_entries=0 packed_entries=0 packed_expected=0
CASE_PASS m=64 n=1 sve16_entries=0 expected=0 old_entries=0 packed_entries=0 packed_expected=0
CASE_PASS m=64 n=7 sve16_entries=0 expected=0 old_entries=0 packed_entries=0 packed_expected=0
CASE_PASS m=64 n=8 sve16_entries=0 expected=0 old_entries=0 packed_entries=0 packed_expected=0
CASE_PASS m=64 n=9 sve16_entries=0 expected=0 old_entries=0 packed_entries=0 packed_expected=0
CASE_PASS m=64 n=17 sve16_entries=0 expected=0 old_entries=0 packed_entries=0 packed_expected=0
CASE_PASS m=65 n=1 sve16_entries=0 expected=0 old_entries=0 packed_entries=0 packed_expected=0
CASE_PASS m=65 n=7 sve16_entries=0 expected=0 old_entries=0 packed_entries=0 packed_expected=0
CASE_PASS m=65 n=8 sve16_entries=0 expected=0 old_entries=0 packed_entries=0 packed_expected=0
CASE_PASS m=65 n=9 sve16_entries=0 expected=0 old_entries=0 packed_entries=0 packed_expected=0
CASE_PASS m=65 n=17 sve16_entries=0 expected=0 old_entries=0 packed_entries=0 packed_expected=0
CASE_PASS m=255 n=1 sve16_entries=0 expected=0 old_entries=0 packed_entries=0 packed_expected=0
CASE_PASS m=255 n=7 sve16_entries=0 expected=0 old_entries=0 packed_entries=0 packed_expected=0
CASE_PASS m=255 n=8 sve16_entries=0 expected=0 old_entries=0 packed_entries=0 packed_expected=0
CASE_PASS m=255 n=9 sve16_entries=0 expected=0 old_entries=0 packed_entries=0 packed_expected=0
CASE_PASS m=255 n=17 sve16_entries=0 expected=0 old_entries=0 packed_entries=0 packed_expected=0
CASE_PASS m=256 n=1 sve16_entries=0 expected=0 old_entries=0 packed_entries=0 packed_expected=0
CASE_PASS m=256 n=7 sve16_entries=0 expected=0 old_entries=0 packed_entries=0 packed_expected=0
CASE_PASS m=256 n=8 sve16_entries=0 expected=0 old_entries=0 packed_entries=0 packed_expected=0
CASE_PASS m=256 n=9 sve16_entries=0 expected=0 old_entries=0 packed_entries=0 packed_expected=0
CASE_PASS m=256 n=17 sve16_entries=0 expected=0 old_entries=0 packed_entries=0 packed_expected=0
CASE_PASS m=257 n=1 sve16_entries=0 expected=0 old_entries=0 packed_entries=0 packed_expected=0
CASE_PASS m=257 n=7 sve16_entries=0 expected=0 old_entries=0 packed_entries=0 packed_expected=0
CASE_PASS m=257 n=8 sve16_entries=0 expected=0 old_entries=0 packed_entries=0 packed_expected=0
CASE_PASS m=257 n=9 sve16_entries=0 expected=0 old_entries=0 packed_entries=0 packed_expected=0
CASE_PASS m=257 n=17 sve16_entries=0 expected=0 old_entries=0 packed_entries=0 packed_expected=0
PASS whole_cases=80 noop_cases=4 non_dyadic_long_double_RHS=1 padding_L_unchanged=1 max_error=1.1102230246251565e-16
TRSM_PREFLIGHT_COMPLETE=1 MICRO_CASES=14 WHOLE_CASES=406 NOOP_CASES=28 OLD_MICRO_CASES=14 PACKED_MICRO_CASES=0 SHARED_FAIL_CASES=0
{"allowed_cpu_count": 38, "allowed_cpus": [76, 77, 78, 79, 80, 81, 82, 83, 84, 85, 86, 87, 88, 89, 90, 91, 92, 93, 94, 95, 96, 97, 98, 99, 100, 101, 102, 103, 104, 105, 106, 107, 108, 109, 110, 111, 112, 113], "guard_pass": true, "host": "COMPUTE_NODE_1", "numa_nodes": ["node2"], "scheduler_job_id": "1579479"}
gcc (gcc for openEuler 3.0.2) 12.3.1
Copyright (C) 2022 Free Software Foundation, Inc.
This is free software; see the source for copying conditions.  There is NO
warranty; not even for MERCHANTABILITY or FITNESS FOR A PARTICULAR PURPOSE.

MODE=micro THREADS=1 NARROW_VL=0 EXPECT_SVE16=1 EXPECT_PACKEDL16=0
PASS micro_cases=14 ordered_FMA_bitwise=1 prefix_padding_L_unchanged=1 history_unchanged=1
MODE=full THREADS=1 NARROW_VL=0 EXPECT_SVE16=1 EXPECT_PACKEDL16=0
CASE_PASS m=1 n=1 sve16_entries=0 expected=0 old_entries=0 packed_entries=0 packed_expected=0
CASE_PASS m=1 n=7 sve16_entries=0 expected=0 old_entries=0 packed_entries=0 packed_expected=0
CASE_PASS m=1 n=8 sve16_entries=0 expected=0 old_entries=0 packed_entries=0 packed_expected=0
CASE_PASS m=1 n=9 sve16_entries=0 expected=0 old_entries=0 packed_entries=0 packed_expected=0
CASE_PASS m=1 n=17 sve16_entries=0 expected=0 old_entries=0 packed_entries=0 packed_expected=0
CASE_PASS m=3 n=1 sve16_entries=0 expected=0 old_entries=0 packed_entries=0 packed_expected=0
CASE_PASS m=3 n=7 sve16_entries=0 expected=0 old_entries=0 packed_entries=0 packed_expected=0
CASE_PASS m=3 n=8 sve16_entries=0 expected=0 old_entries=0 packed_entries=0 packed_expected=0
CASE_PASS m=3 n=9 sve16_entries=0 expected=0 old_entries=0 packed_entries=0 packed_expected=0
CASE_PASS m=3 n=17 sve16_entries=0 expected=0 old_entries=0 packed_entries=0 packed_expected=0
CASE_PASS m=4 n=1 sve16_entries=0 expected=0 old_entries=0 packed_entries=0 packed_expected=0
CASE_PASS m=4 n=7 sve16_entries=0 expected=0 old_entries=0 packed_entries=0 packed_expected=0
CASE_PASS m=4 n=8 sve16_entries=0 expected=0 old_entries=0 packed_entries=0 packed_expected=0
CASE_PASS m=4 n=9 sve16_entries=0 expected=0 old_entries=0 packed_entries=0 packed_expected=0
CASE_PASS m=4 n=17 sve16_entries=0 expected=0 old_entries=0 packed_entries=0 packed_expected=0
CASE_PASS m=5 n=1 sve16_entries=0 expected=0 old_entries=0 packed_entries=0 packed_expected=0
CASE_PASS m=5 n=7 sve16_entries=0 expected=0 old_entries=0 packed_entries=0 packed_expected=0
CASE_PASS m=5 n=8 sve16_entries=0 expected=0 old_entries=0 packed_entries=0 packed_expected=0
CASE_PASS m=5 n=9 sve16_entries=0 expected=0 old_entries=0 packed_entries=0 packed_expected=0
CASE_PASS m=5 n=17 sve16_entries=0 expected=0 old_entries=0 packed_entries=0 packed_expected=0
CASE_PASS m=15 n=1 sve16_entries=0 expected=0 old_entries=0 packed_entries=0 packed_expected=0
CASE_PASS m=15 n=7 sve16_entries=0 expected=0 old_entries=0 packed_entries=0 packed_expected=0
CASE_PASS m=15 n=8 sve16_entries=0 expected=0 old_entries=0 packed_entries=0 packed_expected=0
CASE_PASS m=15 n=9 sve16_entries=0 expected=0 old_entries=0 packed_entries=0 packed_expected=0
CASE_PASS m=15 n=17 sve16_entries=0 expected=0 old_entries=0 packed_entries=0 packed_expected=0
CASE_PASS m=16 n=1 sve16_entries=1 expected=1 old_entries=1 packed_entries=0 packed_expected=0
CASE_PASS m=16 n=7 sve16_entries=1 expected=1 old_entries=1 packed_entries=0 packed_expected=0
CASE_PASS m=16 n=8 sve16_entries=1 expected=1 old_entries=1 packed_entries=0 packed_expected=0
CASE_PASS m=16 n=9 sve16_entries=2 expected=2 old_entries=2 packed_entries=0 packed_expected=0
CASE_PASS m=16 n=17 sve16_entries=3 expected=3 old_entries=3 packed_entries=0 packed_expected=0
CASE_PASS m=17 n=1 sve16_entries=1 expected=1 old_entries=1 packed_entries=0 packed_expected=0
CASE_PASS m=17 n=7 sve16_entries=1 expected=1 old_entries=1 packed_entries=0 packed_expected=0
CASE_PASS m=17 n=8 sve16_entries=1 expected=1 old_entries=1 packed_entries=0 packed_expected=0
CASE_PASS m=17 n=9 sve16_entries=2 expected=2 old_entries=2 packed_entries=0 packed_expected=0
CASE_PASS m=17 n=17 sve16_entries=3 expected=3 old_entries=3 packed_entries=0 packed_expected=0
CASE_PASS m=31 n=1 sve16_entries=1 expected=1 old_entries=1 packed_entries=0 packed_expected=0
CASE_PASS m=31 n=7 sve16_entries=1 expected=1 old_entries=1 packed_entries=0 packed_expected=0
CASE_PASS m=31 n=8 sve16_entries=1 expected=1 old_entries=1 packed_entries=0 packed_expected=0
CASE_PASS m=31 n=9 sve16_entries=2 expected=2 old_entries=2 packed_entries=0 packed_expected=0
CASE_PASS m=31 n=17 sve16_entries=3 expected=3 old_entries=3 packed_entries=0 packed_expected=0
CASE_PASS m=32 n=1 sve16_entries=2 expected=2 old_entries=2 packed_entries=0 packed_expected=0
CASE_PASS m=32 n=7 sve16_entries=2 expected=2 old_entries=2 packed_entries=0 packed_expected=0
CASE_PASS m=32 n=8 sve16_entries=2 expected=2 old_entries=2 packed_entries=0 packed_expected=0
CASE_PASS m=32 n=9 sve16_entries=4 expected=4 old_entries=4 packed_entries=0 packed_expected=0
CASE_PASS m=32 n=17 sve16_entries=6 expected=6 old_entries=6 packed_entries=0 packed_expected=0
CASE_PASS m=33 n=1 sve16_entries=2 expected=2 old_entries=2 packed_entries=0 packed_expected=0
CASE_PASS m=33 n=7 sve16_entries=2 expected=2 old_entries=2 packed_entries=0 packed_expected=0
CASE_PASS m=33 n=8 sve16_entries=2 expected=2 old_entries=2 packed_entries=0 packed_expected=0
CASE_PASS m=33 n=9 sve16_entries=4 expected=4 old_entries=4 packed_entries=0 packed_expected=0
CASE_PASS m=33 n=17 sve16_entries=6 expected=6 old_entries=6 packed_entries=0 packed_expected=0
CASE_PASS m=63 n=1 sve16_entries=3 expected=3 old_entries=3 packed_entries=0 packed_expected=0
CASE_PASS m=63 n=7 sve16_entries=3 expected=3 old_entries=3 packed_entries=0 packed_expected=0
CASE_PASS m=63 n=8 sve16_entries=3 expected=3 old_entries=3 packed_entries=0 packed_expected=0
CASE_PASS m=63 n=9 sve16_entries=6 expected=6 old_entries=6 packed_entries=0 packed_expected=0
CASE_PASS m=63 n=17 sve16_entries=9 expected=9 old_entries=9 packed_entries=0 packed_expected=0
CASE_PASS m=64 n=1 sve16_entries=4 expected=4 old_entries=4 packed_entries=0 packed_expected=0
CASE_PASS m=64 n=7 sve16_entries=4 expected=4 old_entries=4 packed_entries=0 packed_expected=0
CASE_PASS m=64 n=8 sve16_entries=4 expected=4 old_entries=4 packed_entries=0 packed_expected=0
CASE_PASS m=64 n=9 sve16_entries=8 expected=8 old_entries=8 packed_entries=0 packed_expected=0
CASE_PASS m=64 n=17 sve16_entries=12 expected=12 old_entries=12 packed_entries=0 packed_expected=0
CASE_PASS m=65 n=1 sve16_entries=4 expected=4 old_entries=4 packed_entries=0 packed_expected=0
CASE_PASS m=65 n=7 sve16_entries=4 expected=4 old_entries=4 packed_entries=0 packed_expected=0
CASE_PASS m=65 n=8 sve16_entries=4 expected=4 old_entries=4 packed_entries=0 packed_expected=0
CASE_PASS m=65 n=9 sve16_entries=8 expected=8 old_entries=8 packed_entries=0 packed_expected=0
CASE_PASS m=65 n=17 sve16_entries=12 expected=12 old_entries=12 packed_entries=0 packed_expected=0
CASE_PASS m=255 n=1 sve16_entries=15 expected=15 old_entries=15 packed_entries=0 packed_expected=0
CASE_PASS m=255 n=7 sve16_entries=15 expected=15 old_entries=15 packed_entries=0 packed_expected=0
CASE_PASS m=255 n=8 sve16_entries=15 expected=15 old_entries=15 packed_entries=0 packed_expected=0
CASE_PASS m=255 n=9 sve16_entries=30 expected=30 old_entries=30 packed_entries=0 packed_expected=0
CASE_PASS m=255 n=17 sve16_entries=45 expected=45 old_entries=45 packed_entries=0 packed_expected=0
CASE_PASS m=256 n=1 sve16_entries=16 expected=16 old_entries=16 packed_entries=0 packed_expected=0
CASE_PASS m=256 n=7 sve16_entries=16 expected=16 old_entries=16 packed_entries=0 packed_expected=0
CASE_PASS m=256 n=8 sve16_entries=16 expected=16 old_entries=16 packed_entries=0 packed_expected=0
CASE_PASS m=256 n=9 sve16_entries=32 expected=32 old_entries=32 packed_entries=0 packed_expected=0
CASE_PASS m=256 n=17 sve16_entries=48 expected=48 old_entries=48 packed_entries=0 packed_expected=0
CASE_PASS m=257 n=1 sve16_entries=16 expected=16 old_entries=16 packed_entries=0 packed_expected=0
CASE_PASS m=257 n=7 sve16_entries=16 expected=16 old_entries=16 packed_entries=0 packed_expected=0
CASE_PASS m=257 n=8 sve16_entries=16 expected=16 old_entries=16 packed_entries=0 packed_expected=0
CASE_PASS m=257 n=9 sve16_entries=32 expected=32 old_entries=32 packed_entries=0 packed_expected=0
CASE_PASS m=257 n=17 sve16_entries=48 expected=48 old_entries=48 packed_entries=0 packed_expected=0
PASS whole_cases=80 noop_cases=4 non_dyadic_long_double_RHS=1 padding_L_unchanged=1 max_error=1.1102230246251565e-16
MODE=full THREADS=4 NARROW_VL=0 EXPECT_SVE16=1 EXPECT_PACKEDL16=0
CASE_PASS m=1 n=1 sve16_entries=0 expected=0 old_entries=0 packed_entries=0 packed_expected=0
CASE_PASS m=1 n=7 sve16_entries=0 expected=0 old_entries=0 packed_entries=0 packed_expected=0
CASE_PASS m=1 n=8 sve16_entries=0 expected=0 old_entries=0 packed_entries=0 packed_expected=0
CASE_PASS m=1 n=9 sve16_entries=0 expected=0 old_entries=0 packed_entries=0 packed_expected=0
CASE_PASS m=1 n=17 sve16_entries=0 expected=0 old_entries=0 packed_entries=0 packed_expected=0
CASE_PASS m=3 n=1 sve16_entries=0 expected=0 old_entries=0 packed_entries=0 packed_expected=0
CASE_PASS m=3 n=7 sve16_entries=0 expected=0 old_entries=0 packed_entries=0 packed_expected=0
CASE_PASS m=3 n=8 sve16_entries=0 expected=0 old_entries=0 packed_entries=0 packed_expected=0
CASE_PASS m=3 n=9 sve16_entries=0 expected=0 old_entries=0 packed_entries=0 packed_expected=0
CASE_PASS m=3 n=17 sve16_entries=0 expected=0 old_entries=0 packed_entries=0 packed_expected=0
CASE_PASS m=4 n=1 sve16_entries=0 expected=0 old_entries=0 packed_entries=0 packed_expected=0
CASE_PASS m=4 n=7 sve16_entries=0 expected=0 old_entries=0 packed_entries=0 packed_expected=0
CASE_PASS m=4 n=8 sve16_entries=0 expected=0 old_entries=0 packed_entries=0 packed_expected=0
CASE_PASS m=4 n=9 sve16_entries=0 expected=0 old_entries=0 packed_entries=0 packed_expected=0
CASE_PASS m=4 n=17 sve16_entries=0 expected=0 old_entries=0 packed_entries=0 packed_expected=0
CASE_PASS m=5 n=1 sve16_entries=0 expected=0 old_entries=0 packed_entries=0 packed_expected=0
CASE_PASS m=5 n=7 sve16_entries=0 expected=0 old_entries=0 packed_entries=0 packed_expected=0
CASE_PASS m=5 n=8 sve16_entries=0 expected=0 old_entries=0 packed_entries=0 packed_expected=0
CASE_PASS m=5 n=9 sve16_entries=0 expected=0 old_entries=0 packed_entries=0 packed_expected=0
CASE_PASS m=5 n=17 sve16_entries=0 expected=0 old_entries=0 packed_entries=0 packed_expected=0
CASE_PASS m=15 n=1 sve16_entries=0 expected=0 old_entries=0 packed_entries=0 packed_expected=0
CASE_PASS m=15 n=7 sve16_entries=0 expected=0 old_entries=0 packed_entries=0 packed_expected=0
CASE_PASS m=15 n=8 sve16_entries=0 expected=0 old_entries=0 packed_entries=0 packed_expected=0
CASE_PASS m=15 n=9 sve16_entries=0 expected=0 old_entries=0 packed_entries=0 packed_expected=0
CASE_PASS m=15 n=17 sve16_entries=0 expected=0 old_entries=0 packed_entries=0 packed_expected=0
CASE_PASS m=16 n=1 sve16_entries=1 expected=1 old_entries=1 packed_entries=0 packed_expected=0
CASE_PASS m=16 n=7 sve16_entries=1 expected=1 old_entries=1 packed_entries=0 packed_expected=0
CASE_PASS m=16 n=8 sve16_entries=1 expected=1 old_entries=1 packed_entries=0 packed_expected=0
CASE_PASS m=16 n=9 sve16_entries=2 expected=2 old_entries=2 packed_entries=0 packed_expected=0
CASE_PASS m=16 n=17 sve16_entries=3 expected=3 old_entries=3 packed_entries=0 packed_expected=0
CASE_PASS m=17 n=1 sve16_entries=1 expected=1 old_entries=1 packed_entries=0 packed_expected=0
CASE_PASS m=17 n=7 sve16_entries=1 expected=1 old_entries=1 packed_entries=0 packed_expected=0
CASE_PASS m=17 n=8 sve16_entries=1 expected=1 old_entries=1 packed_entries=0 packed_expected=0
CASE_PASS m=17 n=9 sve16_entries=2 expected=2 old_entries=2 packed_entries=0 packed_expected=0
CASE_PASS m=17 n=17 sve16_entries=3 expected=3 old_entries=3 packed_entries=0 packed_expected=0
CASE_PASS m=31 n=1 sve16_entries=1 expected=1 old_entries=1 packed_entries=0 packed_expected=0
CASE_PASS m=31 n=7 sve16_entries=1 expected=1 old_entries=1 packed_entries=0 packed_expected=0
CASE_PASS m=31 n=8 sve16_entries=1 expected=1 old_entries=1 packed_entries=0 packed_expected=0
CASE_PASS m=31 n=9 sve16_entries=2 expected=2 old_entries=2 packed_entries=0 packed_expected=0
CASE_PASS m=31 n=17 sve16_entries=3 expected=3 old_entries=3 packed_entries=0 packed_expected=0
CASE_PASS m=32 n=1 sve16_entries=2 expected=2 old_entries=2 packed_entries=0 packed_expected=0
CASE_PASS m=32 n=7 sve16_entries=2 expected=2 old_entries=2 packed_entries=0 packed_expected=0
CASE_PASS m=32 n=8 sve16_entries=2 expected=2 old_entries=2 packed_entries=0 packed_expected=0
CASE_PASS m=32 n=9 sve16_entries=4 expected=4 old_entries=4 packed_entries=0 packed_expected=0
CASE_PASS m=32 n=17 sve16_entries=6 expected=6 old_entries=6 packed_entries=0 packed_expected=0
CASE_PASS m=33 n=1 sve16_entries=2 expected=2 old_entries=2 packed_entries=0 packed_expected=0
CASE_PASS m=33 n=7 sve16_entries=2 expected=2 old_entries=2 packed_entries=0 packed_expected=0
CASE_PASS m=33 n=8 sve16_entries=2 expected=2 old_entries=2 packed_entries=0 packed_expected=0
CASE_PASS m=33 n=9 sve16_entries=4 expected=4 old_entries=4 packed_entries=0 packed_expected=0
CASE_PASS m=33 n=17 sve16_entries=6 expected=6 old_entries=6 packed_entries=0 packed_expected=0
CASE_PASS m=63 n=1 sve16_entries=3 expected=3 old_entries=3 packed_entries=0 packed_expected=0
CASE_PASS m=63 n=7 sve16_entries=3 expected=3 old_entries=3 packed_entries=0 packed_expected=0
CASE_PASS m=63 n=8 sve16_entries=3 expected=3 old_entries=3 packed_entries=0 packed_expected=0
CASE_PASS m=63 n=9 sve16_entries=6 expected=6 old_entries=6 packed_entries=0 packed_expected=0
CASE_PASS m=63 n=17 sve16_entries=9 expected=9 old_entries=9 packed_entries=0 packed_expected=0
CASE_PASS m=64 n=1 sve16_entries=4 expected=4 old_entries=4 packed_entries=0 packed_expected=0
CASE_PASS m=64 n=7 sve16_entries=4 expected=4 old_entries=4 packed_entries=0 packed_expected=0
CASE_PASS m=64 n=8 sve16_entries=4 expected=4 old_entries=4 packed_entries=0 packed_expected=0
CASE_PASS m=64 n=9 sve16_entries=8 expected=8 old_entries=8 packed_entries=0 packed_expected=0
CASE_PASS m=64 n=17 sve16_entries=12 expected=12 old_entries=12 packed_entries=0 packed_expected=0
CASE_PASS m=65 n=1 sve16_entries=4 expected=4 old_entries=4 packed_entries=0 packed_expected=0
CASE_PASS m=65 n=7 sve16_entries=4 expected=4 old_entries=4 packed_entries=0 packed_expected=0
CASE_PASS m=65 n=8 sve16_entries=4 expected=4 old_entries=4 packed_entries=0 packed_expected=0
CASE_PASS m=65 n=9 sve16_entries=8 expected=8 old_entries=8 packed_entries=0 packed_expected=0
CASE_PASS m=65 n=17 sve16_entries=12 expected=12 old_entries=12 packed_entries=0 packed_expected=0
CASE_PASS m=255 n=1 sve16_entries=15 expected=15 old_entries=15 packed_entries=0 packed_expected=0
CASE_PASS m=255 n=7 sve16_entries=15 expected=15 old_entries=15 packed_entries=0 packed_expected=0
CASE_PASS m=255 n=8 sve16_entries=15 expected=15 old_entries=15 packed_entries=0 packed_expected=0
CASE_PASS m=255 n=9 sve16_entries=30 expected=30 old_entries=30 packed_entries=0 packed_expected=0
CASE_PASS m=255 n=17 sve16_entries=45 expected=45 old_entries=45 packed_entries=0 packed_expected=0
CASE_PASS m=256 n=1 sve16_entries=16 expected=16 old_entries=16 packed_entries=0 packed_expected=0
CASE_PASS m=256 n=7 sve16_entries=16 expected=16 old_entries=16 packed_entries=0 packed_expected=0
CASE_PASS m=256 n=8 sve16_entries=16 expected=16 old_entries=16 packed_entries=0 packed_expected=0
CASE_PASS m=256 n=9 sve16_entries=32 expected=32 old_entries=32 packed_entries=0 packed_expected=0
CASE_PASS m=256 n=17 sve16_entries=48 expected=48 old_entries=48 packed_entries=0 packed_expected=0
CASE_PASS m=257 n=1 sve16_entries=16 expected=16 old_entries=16 packed_entries=0 packed_expected=0
CASE_PASS m=257 n=7 sve16_entries=16 expected=16 old_entries=16 packed_entries=0 packed_expected=0
CASE_PASS m=257 n=8 sve16_entries=16 expected=16 old_entries=16 packed_entries=0 packed_expected=0
CASE_PASS m=257 n=9 sve16_entries=32 expected=32 old_entries=32 packed_entries=0 packed_expected=0
CASE_PASS m=257 n=17 sve16_entries=48 expected=48 old_entries=48 packed_entries=0 packed_expected=0
PASS whole_cases=80 noop_cases=4 non_dyadic_long_double_RHS=1 padding_L_unchanged=1 max_error=1.1102230246251565e-16
MODE=smoke THREADS=38 NARROW_VL=0 EXPECT_SVE16=1 EXPECT_PACKEDL16=0
CASE_PASS m=15 n=9 sve16_entries=0 expected=0 old_entries=0 packed_entries=0 packed_expected=0
CASE_PASS m=16 n=17 sve16_entries=3 expected=3 old_entries=3 packed_entries=0 packed_expected=0
CASE_PASS m=33 n=313 sve16_entries=80 expected=80 old_entries=80 packed_entries=0 packed_expected=0
CASE_PASS m=257 n=313 sve16_entries=640 expected=640 old_entries=640 packed_entries=0 packed_expected=0
PASS whole_cases=4 noop_cases=4 non_dyadic_long_double_RHS=1 padding_L_unchanged=1 max_error=1.1102230246251565e-16
MODE=boundary THREADS=1 NARROW_VL=0 EXPECT_SVE16=1 EXPECT_PACKEDL16=0
CASE_PASS m=4095 n=9 sve16_entries=510 expected=510 old_entries=510 packed_entries=0 packed_expected=0
CASE_PASS m=4097 n=9 sve16_entries=0 expected=0 old_entries=0 packed_entries=0 packed_expected=0
PASS whole_cases=2 noop_cases=4 non_dyadic_long_double_RHS=1 padding_L_unchanged=1 max_error=3.8857805861880479e-16
MODE=full THREADS=4 NARROW_VL=0 EXPECT_SVE16=0 EXPECT_PACKEDL16=0
CASE_PASS m=1 n=1 sve16_entries=0 expected=0 old_entries=0 packed_entries=0 packed_expected=0
CASE_PASS m=1 n=7 sve16_entries=0 expected=0 old_entries=0 packed_entries=0 packed_expected=0
CASE_PASS m=1 n=8 sve16_entries=0 expected=0 old_entries=0 packed_entries=0 packed_expected=0
CASE_PASS m=1 n=9 sve16_entries=0 expected=0 old_entries=0 packed_entries=0 packed_expected=0
CASE_PASS m=1 n=17 sve16_entries=0 expected=0 old_entries=0 packed_entries=0 packed_expected=0
CASE_PASS m=3 n=1 sve16_entries=0 expected=0 old_entries=0 packed_entries=0 packed_expected=0
CASE_PASS m=3 n=7 sve16_entries=0 expected=0 old_entries=0 packed_entries=0 packed_expected=0
CASE_PASS m=3 n=8 sve16_entries=0 expected=0 old_entries=0 packed_entries=0 packed_expected=0
CASE_PASS m=3 n=9 sve16_entries=0 expected=0 old_entries=0 packed_entries=0 packed_expected=0
CASE_PASS m=3 n=17 sve16_entries=0 expected=0 old_entries=0 packed_entries=0 packed_expected=0
CASE_PASS m=4 n=1 sve16_entries=0 expected=0 old_entries=0 packed_entries=0 packed_expected=0
CASE_PASS m=4 n=7 sve16_entries=0 expected=0 old_entries=0 packed_entries=0 packed_expected=0
CASE_PASS m=4 n=8 sve16_entries=0 expected=0 old_entries=0 packed_entries=0 packed_expected=0
CASE_PASS m=4 n=9 sve16_entries=0 expected=0 old_entries=0 packed_entries=0 packed_expected=0
CASE_PASS m=4 n=17 sve16_entries=0 expected=0 old_entries=0 packed_entries=0 packed_expected=0
CASE_PASS m=5 n=1 sve16_entries=0 expected=0 old_entries=0 packed_entries=0 packed_expected=0
CASE_PASS m=5 n=7 sve16_entries=0 expected=0 old_entries=0 packed_entries=0 packed_expected=0
CASE_PASS m=5 n=8 sve16_entries=0 expected=0 old_entries=0 packed_entries=0 packed_expected=0
CASE_PASS m=5 n=9 sve16_entries=0 expected=0 old_entries=0 packed_entries=0 packed_expected=0
CASE_PASS m=5 n=17 sve16_entries=0 expected=0 old_entries=0 packed_entries=0 packed_expected=0
CASE_PASS m=15 n=1 sve16_entries=0 expected=0 old_entries=0 packed_entries=0 packed_expected=0
CASE_PASS m=15 n=7 sve16_entries=0 expected=0 old_entries=0 packed_entries=0 packed_expected=0
CASE_PASS m=15 n=8 sve16_entries=0 expected=0 old_entries=0 packed_entries=0 packed_expected=0
CASE_PASS m=15 n=9 sve16_entries=0 expected=0 old_entries=0 packed_entries=0 packed_expected=0
CASE_PASS m=15 n=17 sve16_entries=0 expected=0 old_entries=0 packed_entries=0 packed_expected=0
CASE_PASS m=16 n=1 sve16_entries=0 expected=0 old_entries=0 packed_entries=0 packed_expected=0
CASE_PASS m=16 n=7 sve16_entries=0 expected=0 old_entries=0 packed_entries=0 packed_expected=0
CASE_PASS m=16 n=8 sve16_entries=0 expected=0 old_entries=0 packed_entries=0 packed_expected=0
CASE_PASS m=16 n=9 sve16_entries=0 expected=0 old_entries=0 packed_entries=0 packed_expected=0
CASE_PASS m=16 n=17 sve16_entries=0 expected=0 old_entries=0 packed_entries=0 packed_expected=0
CASE_PASS m=17 n=1 sve16_entries=0 expected=0 old_entries=0 packed_entries=0 packed_expected=0
CASE_PASS m=17 n=7 sve16_entries=0 expected=0 old_entries=0 packed_entries=0 packed_expected=0
CASE_PASS m=17 n=8 sve16_entries=0 expected=0 old_entries=0 packed_entries=0 packed_expected=0
CASE_PASS m=17 n=9 sve16_entries=0 expected=0 old_entries=0 packed_entries=0 packed_expected=0
CASE_PASS m=17 n=17 sve16_entries=0 expected=0 old_entries=0 packed_entries=0 packed_expected=0
CASE_PASS m=31 n=1 sve16_entries=0 expected=0 old_entries=0 packed_entries=0 packed_expected=0
CASE_PASS m=31 n=7 sve16_entries=0 expected=0 old_entries=0 packed_entries=0 packed_expected=0
CASE_PASS m=31 n=8 sve16_entries=0 expected=0 old_entries=0 packed_entries=0 packed_expected=0
CASE_PASS m=31 n=9 sve16_entries=0 expected=0 old_entries=0 packed_entries=0 packed_expected=0
CASE_PASS m=31 n=17 sve16_entries=0 expected=0 old_entries=0 packed_entries=0 packed_expected=0
CASE_PASS m=32 n=1 sve16_entries=0 expected=0 old_entries=0 packed_entries=0 packed_expected=0
CASE_PASS m=32 n=7 sve16_entries=0 expected=0 old_entries=0 packed_entries=0 packed_expected=0
CASE_PASS m=32 n=8 sve16_entries=0 expected=0 old_entries=0 packed_entries=0 packed_expected=0
CASE_PASS m=32 n=9 sve16_entries=0 expected=0 old_entries=0 packed_entries=0 packed_expected=0
CASE_PASS m=32 n=17 sve16_entries=0 expected=0 old_entries=0 packed_entries=0 packed_expected=0
CASE_PASS m=33 n=1 sve16_entries=0 expected=0 old_entries=0 packed_entries=0 packed_expected=0
CASE_PASS m=33 n=7 sve16_entries=0 expected=0 old_entries=0 packed_entries=0 packed_expected=0
CASE_PASS m=33 n=8 sve16_entries=0 expected=0 old_entries=0 packed_entries=0 packed_expected=0
CASE_PASS m=33 n=9 sve16_entries=0 expected=0 old_entries=0 packed_entries=0 packed_expected=0
CASE_PASS m=33 n=17 sve16_entries=0 expected=0 old_entries=0 packed_entries=0 packed_expected=0
CASE_PASS m=63 n=1 sve16_entries=0 expected=0 old_entries=0 packed_entries=0 packed_expected=0
CASE_PASS m=63 n=7 sve16_entries=0 expected=0 old_entries=0 packed_entries=0 packed_expected=0
CASE_PASS m=63 n=8 sve16_entries=0 expected=0 old_entries=0 packed_entries=0 packed_expected=0
CASE_PASS m=63 n=9 sve16_entries=0 expected=0 old_entries=0 packed_entries=0 packed_expected=0
CASE_PASS m=63 n=17 sve16_entries=0 expected=0 old_entries=0 packed_entries=0 packed_expected=0
CASE_PASS m=64 n=1 sve16_entries=0 expected=0 old_entries=0 packed_entries=0 packed_expected=0
CASE_PASS m=64 n=7 sve16_entries=0 expected=0 old_entries=0 packed_entries=0 packed_expected=0
CASE_PASS m=64 n=8 sve16_entries=0 expected=0 old_entries=0 packed_entries=0 packed_expected=0
CASE_PASS m=64 n=9 sve16_entries=0 expected=0 old_entries=0 packed_entries=0 packed_expected=0
CASE_PASS m=64 n=17 sve16_entries=0 expected=0 old_entries=0 packed_entries=0 packed_expected=0
CASE_PASS m=65 n=1 sve16_entries=0 expected=0 old_entries=0 packed_entries=0 packed_expected=0
CASE_PASS m=65 n=7 sve16_entries=0 expected=0 old_entries=0 packed_entries=0 packed_expected=0
CASE_PASS m=65 n=8 sve16_entries=0 expected=0 old_entries=0 packed_entries=0 packed_expected=0
CASE_PASS m=65 n=9 sve16_entries=0 expected=0 old_entries=0 packed_entries=0 packed_expected=0
CASE_PASS m=65 n=17 sve16_entries=0 expected=0 old_entries=0 packed_entries=0 packed_expected=0
CASE_PASS m=255 n=1 sve16_entries=0 expected=0 old_entries=0 packed_entries=0 packed_expected=0
CASE_PASS m=255 n=7 sve16_entries=0 expected=0 old_entries=0 packed_entries=0 packed_expected=0
CASE_PASS m=255 n=8 sve16_entries=0 expected=0 old_entries=0 packed_entries=0 packed_expected=0
CASE_PASS m=255 n=9 sve16_entries=0 expected=0 old_entries=0 packed_entries=0 packed_expected=0
CASE_PASS m=255 n=17 sve16_entries=0 expected=0 old_entries=0 packed_entries=0 packed_expected=0
CASE_PASS m=256 n=1 sve16_entries=0 expected=0 old_entries=0 packed_entries=0 packed_expected=0
CASE_PASS m=256 n=7 sve16_entries=0 expected=0 old_entries=0 packed_entries=0 packed_expected=0
CASE_PASS m=256 n=8 sve16_entries=0 expected=0 old_entries=0 packed_entries=0 packed_expected=0
CASE_PASS m=256 n=9 sve16_entries=0 expected=0 old_entries=0 packed_entries=0 packed_expected=0
CASE_PASS m=256 n=17 sve16_entries=0 expected=0 old_entries=0 packed_entries=0 packed_expected=0
CASE_PASS m=257 n=1 sve16_entries=0 expected=0 old_entries=0 packed_entries=0 packed_expected=0
CASE_PASS m=257 n=7 sve16_entries=0 expected=0 old_entries=0 packed_entries=0 packed_expected=0
CASE_PASS m=257 n=8 sve16_entries=0 expected=0 old_entries=0 packed_entries=0 packed_expected=0
CASE_PASS m=257 n=9 sve16_entries=0 expected=0 old_entries=0 packed_entries=0 packed_expected=0
CASE_PASS m=257 n=17 sve16_entries=0 expected=0 old_entries=0 packed_entries=0 packed_expected=0
PASS whole_cases=80 noop_cases=4 non_dyadic_long_double_RHS=1 padding_L_unchanged=1 max_error=1.1102230246251565e-16
MODE=full THREADS=4 NARROW_VL=0 EXPECT_SVE16=0 EXPECT_PACKEDL16=0
CASE_PASS m=1 n=1 sve16_entries=0 expected=0 old_entries=0 packed_entries=0 packed_expected=0
CASE_PASS m=1 n=7 sve16_entries=0 expected=0 old_entries=0 packed_entries=0 packed_expected=0
CASE_PASS m=1 n=8 sve16_entries=0 expected=0 old_entries=0 packed_entries=0 packed_expected=0
CASE_PASS m=1 n=9 sve16_entries=0 expected=0 old_entries=0 packed_entries=0 packed_expected=0
CASE_PASS m=1 n=17 sve16_entries=0 expected=0 old_entries=0 packed_entries=0 packed_expected=0
CASE_PASS m=3 n=1 sve16_entries=0 expected=0 old_entries=0 packed_entries=0 packed_expected=0
CASE_PASS m=3 n=7 sve16_entries=0 expected=0 old_entries=0 packed_entries=0 packed_expected=0
CASE_PASS m=3 n=8 sve16_entries=0 expected=0 old_entries=0 packed_entries=0 packed_expected=0
CASE_PASS m=3 n=9 sve16_entries=0 expected=0 old_entries=0 packed_entries=0 packed_expected=0
CASE_PASS m=3 n=17 sve16_entries=0 expected=0 old_entries=0 packed_entries=0 packed_expected=0
CASE_PASS m=4 n=1 sve16_entries=0 expected=0 old_entries=0 packed_entries=0 packed_expected=0
CASE_PASS m=4 n=7 sve16_entries=0 expected=0 old_entries=0 packed_entries=0 packed_expected=0
CASE_PASS m=4 n=8 sve16_entries=0 expected=0 old_entries=0 packed_entries=0 packed_expected=0
CASE_PASS m=4 n=9 sve16_entries=0 expected=0 old_entries=0 packed_entries=0 packed_expected=0
CASE_PASS m=4 n=17 sve16_entries=0 expected=0 old_entries=0 packed_entries=0 packed_expected=0
CASE_PASS m=5 n=1 sve16_entries=0 expected=0 old_entries=0 packed_entries=0 packed_expected=0
CASE_PASS m=5 n=7 sve16_entries=0 expected=0 old_entries=0 packed_entries=0 packed_expected=0
CASE_PASS m=5 n=8 sve16_entries=0 expected=0 old_entries=0 packed_entries=0 packed_expected=0
CASE_PASS m=5 n=9 sve16_entries=0 expected=0 old_entries=0 packed_entries=0 packed_expected=0
CASE_PASS m=5 n=17 sve16_entries=0 expected=0 old_entries=0 packed_entries=0 packed_expected=0
CASE_PASS m=15 n=1 sve16_entries=0 expected=0 old_entries=0 packed_entries=0 packed_expected=0
CASE_PASS m=15 n=7 sve16_entries=0 expected=0 old_entries=0 packed_entries=0 packed_expected=0
CASE_PASS m=15 n=8 sve16_entries=0 expected=0 old_entries=0 packed_entries=0 packed_expected=0
CASE_PASS m=15 n=9 sve16_entries=0 expected=0 old_entries=0 packed_entries=0 packed_expected=0
CASE_PASS m=15 n=17 sve16_entries=0 expected=0 old_entries=0 packed_entries=0 packed_expected=0
CASE_PASS m=16 n=1 sve16_entries=0 expected=0 old_entries=0 packed_entries=0 packed_expected=0
CASE_PASS m=16 n=7 sve16_entries=0 expected=0 old_entries=0 packed_entries=0 packed_expected=0
CASE_PASS m=16 n=8 sve16_entries=0 expected=0 old_entries=0 packed_entries=0 packed_expected=0
CASE_PASS m=16 n=9 sve16_entries=0 expected=0 old_entries=0 packed_entries=0 packed_expected=0
CASE_PASS m=16 n=17 sve16_entries=0 expected=0 old_entries=0 packed_entries=0 packed_expected=0
CASE_PASS m=17 n=1 sve16_entries=0 expected=0 old_entries=0 packed_entries=0 packed_expected=0
CASE_PASS m=17 n=7 sve16_entries=0 expected=0 old_entries=0 packed_entries=0 packed_expected=0
CASE_PASS m=17 n=8 sve16_entries=0 expected=0 old_entries=0 packed_entries=0 packed_expected=0
CASE_PASS m=17 n=9 sve16_entries=0 expected=0 old_entries=0 packed_entries=0 packed_expected=0
CASE_PASS m=17 n=17 sve16_entries=0 expected=0 old_entries=0 packed_entries=0 packed_expected=0
CASE_PASS m=31 n=1 sve16_entries=0 expected=0 old_entries=0 packed_entries=0 packed_expected=0
CASE_PASS m=31 n=7 sve16_entries=0 expected=0 old_entries=0 packed_entries=0 packed_expected=0
CASE_PASS m=31 n=8 sve16_entries=0 expected=0 old_entries=0 packed_entries=0 packed_expected=0
CASE_PASS m=31 n=9 sve16_entries=0 expected=0 old_entries=0 packed_entries=0 packed_expected=0
CASE_PASS m=31 n=17 sve16_entries=0 expected=0 old_entries=0 packed_entries=0 packed_expected=0
CASE_PASS m=32 n=1 sve16_entries=0 expected=0 old_entries=0 packed_entries=0 packed_expected=0
CASE_PASS m=32 n=7 sve16_entries=0 expected=0 old_entries=0 packed_entries=0 packed_expected=0
CASE_PASS m=32 n=8 sve16_entries=0 expected=0 old_entries=0 packed_entries=0 packed_expected=0
CASE_PASS m=32 n=9 sve16_entries=0 expected=0 old_entries=0 packed_entries=0 packed_expected=0
CASE_PASS m=32 n=17 sve16_entries=0 expected=0 old_entries=0 packed_entries=0 packed_expected=0
CASE_PASS m=33 n=1 sve16_entries=0 expected=0 old_entries=0 packed_entries=0 packed_expected=0
CASE_PASS m=33 n=7 sve16_entries=0 expected=0 old_entries=0 packed_entries=0 packed_expected=0
CASE_PASS m=33 n=8 sve16_entries=0 expected=0 old_entries=0 packed_entries=0 packed_expected=0
CASE_PASS m=33 n=9 sve16_entries=0 expected=0 old_entries=0 packed_entries=0 packed_expected=0
CASE_PASS m=33 n=17 sve16_entries=0 expected=0 old_entries=0 packed_entries=0 packed_expected=0
CASE_PASS m=63 n=1 sve16_entries=0 expected=0 old_entries=0 packed_entries=0 packed_expected=0
CASE_PASS m=63 n=7 sve16_entries=0 expected=0 old_entries=0 packed_entries=0 packed_expected=0
CASE_PASS m=63 n=8 sve16_entries=0 expected=0 old_entries=0 packed_entries=0 packed_expected=0
CASE_PASS m=63 n=9 sve16_entries=0 expected=0 old_entries=0 packed_entries=0 packed_expected=0
CASE_PASS m=63 n=17 sve16_entries=0 expected=0 old_entries=0 packed_entries=0 packed_expected=0
CASE_PASS m=64 n=1 sve16_entries=0 expected=0 old_entries=0 packed_entries=0 packed_expected=0
CASE_PASS m=64 n=7 sve16_entries=0 expected=0 old_entries=0 packed_entries=0 packed_expected=0
CASE_PASS m=64 n=8 sve16_entries=0 expected=0 old_entries=0 packed_entries=0 packed_expected=0
CASE_PASS m=64 n=9 sve16_entries=0 expected=0 old_entries=0 packed_entries=0 packed_expected=0
CASE_PASS m=64 n=17 sve16_entries=0 expected=0 old_entries=0 packed_entries=0 packed_expected=0
CASE_PASS m=65 n=1 sve16_entries=0 expected=0 old_entries=0 packed_entries=0 packed_expected=0
CASE_PASS m=65 n=7 sve16_entries=0 expected=0 old_entries=0 packed_entries=0 packed_expected=0
CASE_PASS m=65 n=8 sve16_entries=0 expected=0 old_entries=0 packed_entries=0 packed_expected=0
CASE_PASS m=65 n=9 sve16_entries=0 expected=0 old_entries=0 packed_entries=0 packed_expected=0
CASE_PASS m=65 n=17 sve16_entries=0 expected=0 old_entries=0 packed_entries=0 packed_expected=0
CASE_PASS m=255 n=1 sve16_entries=0 expected=0 old_entries=0 packed_entries=0 packed_expected=0
CASE_PASS m=255 n=7 sve16_entries=0 expected=0 old_entries=0 packed_entries=0 packed_expected=0
CASE_PASS m=255 n=8 sve16_entries=0 expected=0 old_entries=0 packed_entries=0 packed_expected=0
CASE_PASS m=255 n=9 sve16_entries=0 expected=0 old_entries=0 packed_entries=0 packed_expected=0
CASE_PASS m=255 n=17 sve16_entries=0 expected=0 old_entries=0 packed_entries=0 packed_expected=0
CASE_PASS m=256 n=1 sve16_entries=0 expected=0 old_entries=0 packed_entries=0 packed_expected=0
CASE_PASS m=256 n=7 sve16_entries=0 expected=0 old_entries=0 packed_entries=0 packed_expected=0
CASE_PASS m=256 n=8 sve16_entries=0 expected=0 old_entries=0 packed_entries=0 packed_expected=0
CASE_PASS m=256 n=9 sve16_entries=0 expected=0 old_entries=0 packed_entries=0 packed_expected=0
CASE_PASS m=256 n=17 sve16_entries=0 expected=0 old_entries=0 packed_entries=0 packed_expected=0
CASE_PASS m=257 n=1 sve16_entries=0 expected=0 old_entries=0 packed_entries=0 packed_expected=0
CASE_PASS m=257 n=7 sve16_entries=0 expected=0 old_entries=0 packed_entries=0 packed_expected=0
CASE_PASS m=257 n=8 sve16_entries=0 expected=0 old_entries=0 packed_entries=0 packed_expected=0
CASE_PASS m=257 n=9 sve16_entries=0 expected=0 old_entries=0 packed_entries=0 packed_expected=0
CASE_PASS m=257 n=17 sve16_entries=0 expected=0 old_entries=0 packed_entries=0 packed_expected=0
PASS whole_cases=80 noop_cases=4 non_dyadic_long_double_RHS=1 padding_L_unchanged=1 max_error=1.1102230246251565e-16
MODE=full THREADS=4 NARROW_VL=1 EXPECT_SVE16=0 EXPECT_PACKEDL16=0
CASE_PASS m=1 n=1 sve16_entries=0 expected=0 old_entries=0 packed_entries=0 packed_expected=0
CASE_PASS m=1 n=7 sve16_entries=0 expected=0 old_entries=0 packed_entries=0 packed_expected=0
CASE_PASS m=1 n=8 sve16_entries=0 expected=0 old_entries=0 packed_entries=0 packed_expected=0
CASE_PASS m=1 n=9 sve16_entries=0 expected=0 old_entries=0 packed_entries=0 packed_expected=0
CASE_PASS m=1 n=17 sve16_entries=0 expected=0 old_entries=0 packed_entries=0 packed_expected=0
CASE_PASS m=3 n=1 sve16_entries=0 expected=0 old_entries=0 packed_entries=0 packed_expected=0
CASE_PASS m=3 n=7 sve16_entries=0 expected=0 old_entries=0 packed_entries=0 packed_expected=0
CASE_PASS m=3 n=8 sve16_entries=0 expected=0 old_entries=0 packed_entries=0 packed_expected=0
CASE_PASS m=3 n=9 sve16_entries=0 expected=0 old_entries=0 packed_entries=0 packed_expected=0
CASE_PASS m=3 n=17 sve16_entries=0 expected=0 old_entries=0 packed_entries=0 packed_expected=0
CASE_PASS m=4 n=1 sve16_entries=0 expected=0 old_entries=0 packed_entries=0 packed_expected=0
CASE_PASS m=4 n=7 sve16_entries=0 expected=0 old_entries=0 packed_entries=0 packed_expected=0
CASE_PASS m=4 n=8 sve16_entries=0 expected=0 old_entries=0 packed_entries=0 packed_expected=0
CASE_PASS m=4 n=9 sve16_entries=0 expected=0 old_entries=0 packed_entries=0 packed_expected=0
CASE_PASS m=4 n=17 sve16_entries=0 expected=0 old_entries=0 packed_entries=0 packed_expected=0
CASE_PASS m=5 n=1 sve16_entries=0 expected=0 old_entries=0 packed_entries=0 packed_expected=0
CASE_PASS m=5 n=7 sve16_entries=0 expected=0 old_entries=0 packed_entries=0 packed_expected=0
CASE_PASS m=5 n=8 sve16_entries=0 expected=0 old_entries=0 packed_entries=0 packed_expected=0
CASE_PASS m=5 n=9 sve16_entries=0 expected=0 old_entries=0 packed_entries=0 packed_expected=0
CASE_PASS m=5 n=17 sve16_entries=0 expected=0 old_entries=0 packed_entries=0 packed_expected=0
CASE_PASS m=15 n=1 sve16_entries=0 expected=0 old_entries=0 packed_entries=0 packed_expected=0
CASE_PASS m=15 n=7 sve16_entries=0 expected=0 old_entries=0 packed_entries=0 packed_expected=0
CASE_PASS m=15 n=8 sve16_entries=0 expected=0 old_entries=0 packed_entries=0 packed_expected=0
CASE_PASS m=15 n=9 sve16_entries=0 expected=0 old_entries=0 packed_entries=0 packed_expected=0
CASE_PASS m=15 n=17 sve16_entries=0 expected=0 old_entries=0 packed_entries=0 packed_expected=0
CASE_PASS m=16 n=1 sve16_entries=0 expected=0 old_entries=0 packed_entries=0 packed_expected=0
CASE_PASS m=16 n=7 sve16_entries=0 expected=0 old_entries=0 packed_entries=0 packed_expected=0
CASE_PASS m=16 n=8 sve16_entries=0 expected=0 old_entries=0 packed_entries=0 packed_expected=0
CASE_PASS m=16 n=9 sve16_entries=0 expected=0 old_entries=0 packed_entries=0 packed_expected=0
CASE_PASS m=16 n=17 sve16_entries=0 expected=0 old_entries=0 packed_entries=0 packed_expected=0
CASE_PASS m=17 n=1 sve16_entries=0 expected=0 old_entries=0 packed_entries=0 packed_expected=0
CASE_PASS m=17 n=7 sve16_entries=0 expected=0 old_entries=0 packed_entries=0 packed_expected=0
CASE_PASS m=17 n=8 sve16_entries=0 expected=0 old_entries=0 packed_entries=0 packed_expected=0
CASE_PASS m=17 n=9 sve16_entries=0 expected=0 old_entries=0 packed_entries=0 packed_expected=0
CASE_PASS m=17 n=17 sve16_entries=0 expected=0 old_entries=0 packed_entries=0 packed_expected=0
CASE_PASS m=31 n=1 sve16_entries=0 expected=0 old_entries=0 packed_entries=0 packed_expected=0
CASE_PASS m=31 n=7 sve16_entries=0 expected=0 old_entries=0 packed_entries=0 packed_expected=0
CASE_PASS m=31 n=8 sve16_entries=0 expected=0 old_entries=0 packed_entries=0 packed_expected=0
CASE_PASS m=31 n=9 sve16_entries=0 expected=0 old_entries=0 packed_entries=0 packed_expected=0
CASE_PASS m=31 n=17 sve16_entries=0 expected=0 old_entries=0 packed_entries=0 packed_expected=0
CASE_PASS m=32 n=1 sve16_entries=0 expected=0 old_entries=0 packed_entries=0 packed_expected=0
CASE_PASS m=32 n=7 sve16_entries=0 expected=0 old_entries=0 packed_entries=0 packed_expected=0
CASE_PASS m=32 n=8 sve16_entries=0 expected=0 old_entries=0 packed_entries=0 packed_expected=0
CASE_PASS m=32 n=9 sve16_entries=0 expected=0 old_entries=0 packed_entries=0 packed_expected=0
CASE_PASS m=32 n=17 sve16_entries=0 expected=0 old_entries=0 packed_entries=0 packed_expected=0
CASE_PASS m=33 n=1 sve16_entries=0 expected=0 old_entries=0 packed_entries=0 packed_expected=0
CASE_PASS m=33 n=7 sve16_entries=0 expected=0 old_entries=0 packed_entries=0 packed_expected=0
CASE_PASS m=33 n=8 sve16_entries=0 expected=0 old_entries=0 packed_entries=0 packed_expected=0
CASE_PASS m=33 n=9 sve16_entries=0 expected=0 old_entries=0 packed_entries=0 packed_expected=0
CASE_PASS m=33 n=17 sve16_entries=0 expected=0 old_entries=0 packed_entries=0 packed_expected=0
CASE_PASS m=63 n=1 sve16_entries=0 expected=0 old_entries=0 packed_entries=0 packed_expected=0
CASE_PASS m=63 n=7 sve16_entries=0 expected=0 old_entries=0 packed_entries=0 packed_expected=0
CASE_PASS m=63 n=8 sve16_entries=0 expected=0 old_entries=0 packed_entries=0 packed_expected=0
CASE_PASS m=63 n=9 sve16_entries=0 expected=0 old_entries=0 packed_entries=0 packed_expected=0
CASE_PASS m=63 n=17 sve16_entries=0 expected=0 old_entries=0 packed_entries=0 packed_expected=0
CASE_PASS m=64 n=1 sve16_entries=0 expected=0 old_entries=0 packed_entries=0 packed_expected=0
CASE_PASS m=64 n=7 sve16_entries=0 expected=0 old_entries=0 packed_entries=0 packed_expected=0
CASE_PASS m=64 n=8 sve16_entries=0 expected=0 old_entries=0 packed_entries=0 packed_expected=0
CASE_PASS m=64 n=9 sve16_entries=0 expected=0 old_entries=0 packed_entries=0 packed_expected=0
CASE_PASS m=64 n=17 sve16_entries=0 expected=0 old_entries=0 packed_entries=0 packed_expected=0
CASE_PASS m=65 n=1 sve16_entries=0 expected=0 old_entries=0 packed_entries=0 packed_expected=0
CASE_PASS m=65 n=7 sve16_entries=0 expected=0 old_entries=0 packed_entries=0 packed_expected=0
CASE_PASS m=65 n=8 sve16_entries=0 expected=0 old_entries=0 packed_entries=0 packed_expected=0
CASE_PASS m=65 n=9 sve16_entries=0 expected=0 old_entries=0 packed_entries=0 packed_expected=0
CASE_PASS m=65 n=17 sve16_entries=0 expected=0 old_entries=0 packed_entries=0 packed_expected=0
CASE_PASS m=255 n=1 sve16_entries=0 expected=0 old_entries=0 packed_entries=0 packed_expected=0
CASE_PASS m=255 n=7 sve16_entries=0 expected=0 old_entries=0 packed_entries=0 packed_expected=0
CASE_PASS m=255 n=8 sve16_entries=0 expected=0 old_entries=0 packed_entries=0 packed_expected=0
CASE_PASS m=255 n=9 sve16_entries=0 expected=0 old_entries=0 packed_entries=0 packed_expected=0
CASE_PASS m=255 n=17 sve16_entries=0 expected=0 old_entries=0 packed_entries=0 packed_expected=0
CASE_PASS m=256 n=1 sve16_entries=0 expected=0 old_entries=0 packed_entries=0 packed_expected=0
CASE_PASS m=256 n=7 sve16_entries=0 expected=0 old_entries=0 packed_entries=0 packed_expected=0
CASE_PASS m=256 n=8 sve16_entries=0 expected=0 old_entries=0 packed_entries=0 packed_expected=0
CASE_PASS m=256 n=9 sve16_entries=0 expected=0 old_entries=0 packed_entries=0 packed_expected=0
CASE_PASS m=256 n=17 sve16_entries=0 expected=0 old_entries=0 packed_entries=0 packed_expected=0
CASE_PASS m=257 n=1 sve16_entries=0 expected=0 old_entries=0 packed_entries=0 packed_expected=0
CASE_PASS m=257 n=7 sve16_entries=0 expected=0 old_entries=0 packed_entries=0 packed_expected=0
CASE_PASS m=257 n=8 sve16_entries=0 expected=0 old_entries=0 packed_entries=0 packed_expected=0
CASE_PASS m=257 n=9 sve16_entries=0 expected=0 old_entries=0 packed_entries=0 packed_expected=0
CASE_PASS m=257 n=17 sve16_entries=0 expected=0 old_entries=0 packed_entries=0 packed_expected=0
PASS whole_cases=80 noop_cases=4 non_dyadic_long_double_RHS=1 padding_L_unchanged=1 max_error=1.1102230246251565e-16
TRSM_PREFLIGHT_COMPLETE=1 MICRO_CASES=14 WHOLE_CASES=406 NOOP_CASES=28 OLD_MICRO_CASES=14 PACKED_MICRO_CASES=0 SHARED_FAIL_CASES=0
{"allowed_cpu_count": 38, "allowed_cpus": [76, 77, 78, 79, 80, 81, 82, 83, 84, 85, 86, 87, 88, 89, 90, 91, 92, 93, 94, 95, 96, 97, 98, 99, 100, 101, 102, 103, 104, 105, 106, 107, 108, 109, 110, 111, 112, 113], "guard_pass": true, "host": "COMPUTE_NODE_1", "numa_nodes": ["node2"], "scheduler_job_id": "1579479"}
gcc (gcc for openEuler 3.0.2) 12.3.1
Copyright (C) 2022 Free Software Foundation, Inc.
This is free software; see the source for copying conditions.  There is NO
warranty; not even for MERCHANTABILITY or FITNESS FOR A PARTICULAR PURPOSE.

DISPATCH workers=1 hwcap_sve=1 min_vl=64 max_vl=64 expected_wide=1
MICRO_PASS count=0 lda=3 layout=strided calls=1
MICRO_PASS count=0 lda=3 layout=packed calls=1
MICRO_PASS count=0 lda=11 layout=strided calls=1
MICRO_PASS count=0 lda=11 layout=packed calls=1
MICRO_PASS count=1 lda=4 layout=strided calls=1
MICRO_PASS count=1 lda=4 layout=packed calls=1
MICRO_PASS count=1 lda=12 layout=strided calls=1
MICRO_PASS count=1 lda=12 layout=packed calls=1
MICRO_PASS count=2 lda=5 layout=strided calls=1
MICRO_PASS count=2 lda=5 layout=packed calls=1
MICRO_PASS count=2 lda=13 layout=strided calls=1
MICRO_PASS count=2 lda=13 layout=packed calls=1
MICRO_PASS count=7 lda=10 layout=strided calls=1
MICRO_PASS count=7 lda=10 layout=packed calls=1
MICRO_PASS count=7 lda=18 layout=strided calls=1
MICRO_PASS count=7 lda=18 layout=packed calls=1
MICRO_PASS count=31 lda=34 layout=strided calls=1
MICRO_PASS count=31 lda=34 layout=packed calls=1
MICRO_PASS count=31 lda=42 layout=strided calls=1
MICRO_PASS count=31 lda=42 layout=packed calls=1
MICRO_PASS count=255 lda=258 layout=strided calls=1
MICRO_PASS count=255 lda=258 layout=packed calls=1
MICRO_PASS count=255 lda=266 layout=strided calls=1
MICRO_PASS count=255 lda=266 layout=packed calls=1
MICRO_PASS count=256 lda=259 layout=strided calls=1
MICRO_PASS count=256 lda=259 layout=packed calls=1
MICRO_PASS count=256 lda=267 layout=strided calls=1
MICRO_PASS count=256 lda=267 layout=packed calls=1
PASS micro_cases=28 ordered_FMA_bitwise=1 L_X_guards_unchanged=1
DISPATCH workers=1 hwcap_sve=1 min_vl=64 max_vl=64 expected_wide=1
FIXTURE dense_structured_lower=1 independent_long_double_prefix=1 supplement_only=1
CASE_PASS m=4105 n=25 threads=1 calls=3856 expected=3856 max_error=3.3306690738754696e-16 max_residual=7.2873025123941424e-16 padding_L_unchanged=1 shared_fail=0
CASE_PASS m=4111 n=31 threads=1 calls=3856 expected=3856 max_error=3.3306690738754696e-16 max_residual=7.2873025123941424e-16 padding_L_unchanged=1 shared_fail=0
PASS whole_cases=2 padding_L_unchanged=1 actual_entry_counts=1
DISPATCH workers=4 hwcap_sve=1 min_vl=64 max_vl=64 expected_wide=1
FIXTURE dense_structured_lower=1 independent_long_double_prefix=1 supplement_only=1
CASE_PASS m=4105 n=25 threads=4 calls=3856 expected=3856 max_error=3.3306690738754696e-16 max_residual=7.2873025123941424e-16 padding_L_unchanged=1 shared_fail=0
CASE_PASS m=4111 n=31 threads=4 calls=3856 expected=3856 max_error=3.3306690738754696e-16 max_residual=7.2873025123941424e-16 padding_L_unchanged=1 shared_fail=0
PASS whole_cases=2 padding_L_unchanged=1 actual_entry_counts=1
DISPATCH workers=38 hwcap_sve=1 min_vl=64 max_vl=64 expected_wide=1
FIXTURE dense_structured_lower=1 independent_long_double_prefix=1 supplement_only=1
CASE_PASS m=4105 n=25 threads=38 calls=3856 expected=3856 max_error=3.3306690738754696e-16 max_residual=7.2873025123941424e-16 padding_L_unchanged=1 shared_fail=0
PASS whole_cases=1 padding_L_unchanged=1 actual_entry_counts=1
DISPATCH workers=4 hwcap_sve=1 min_vl=64 max_vl=64 expected_wide=1
FIXTURE dense_structured_lower=1 independent_long_double_prefix=1 supplement_only=1
CASE_PASS m=4105 n=25 threads=4 calls=3856 expected=3856 max_error=3.3306690738754696e-16 max_residual=7.2873025121346131e-16 padding_L_unchanged=1 shared_fail=1
SHARED_ALLOC_PASS calls=1 injected=1
PASS whole_cases=1 padding_L_unchanged=1 actual_entry_counts=1
DISPATCH workers=4 hwcap_sve=0 min_vl=64 max_vl=64 expected_wide=0
FIXTURE dense_structured_lower=1 independent_long_double_prefix=1 supplement_only=1
CASE_PASS m=4105 n=25 threads=4 calls=0 expected=0 max_error=3.3306690738754696e-16 max_residual=7.2873025123941424e-16 padding_L_unchanged=1 shared_fail=0
PASS whole_cases=1 padding_L_unchanged=1 actual_entry_counts=1
NARROW_VL_PASS requested=16 actual=16
DISPATCH workers=4 hwcap_sve=1 min_vl=16 max_vl=16 expected_wide=0
FIXTURE dense_structured_lower=1 independent_long_double_prefix=1 supplement_only=1
CASE_PASS m=4105 n=25 threads=4 calls=0 expected=0 max_error=3.3306690738754696e-16 max_residual=7.2873025123941424e-16 padding_L_unchanged=1 shared_fail=0
PASS whole_cases=1 padding_L_unchanged=1 actual_entry_counts=1
TRSM_WIDE_PREFLIGHT_COMPLETE=1 MICRO_CASES=28 WHOLE_CASES=8 SHARED_FAIL_CASES=1 NO_SVE_CASES=1 NARROW_VL_CASES=1
Compiler: gcc (gcc for openEuler 3.0.2) 12.3.1
CPUs=76-113 NUMA=2 threads=38
Reference BLAS: official kblas

================================= TRSM测试 ================================
     M       N     Time(ms)       GFLOPS 最大误差   校验
---------------------------------------------------------------------------
   512 x 19968        18.66     280.4825     1.67e-16     PASS

================================= TRSM测试 ================================
     M       N     Time(ms)       GFLOPS 最大误差   校验
---------------------------------------------------------------------------
  2432 x 17024       233.55     431.1392     2.22e-16     PASS

================================= TRSM测试 ================================
     M       N     Time(ms)       GFLOPS 最大误差   校验
---------------------------------------------------------------------------
 17024 x   512       193.73     765.9338     1.11e-15     PASS
All three official cases PASS. Logs: results/run-20260912-174416-Nl0ZSh
Compiler: gcc (gcc for openEuler 3.0.2) 12.3.1
CPUs=76-113 NUMA=2 threads=38
Reference BLAS: official kblas

================================= TRSM测试 ================================
     M       N     Time(ms)       GFLOPS 最大误差   校验
---------------------------------------------------------------------------
   512 x 19968        18.94     276.3528     1.67e-16     PASS

================================= TRSM测试 ================================
     M       N     Time(ms)       GFLOPS 最大误差   校验
---------------------------------------------------------------------------
  2432 x 17024       249.69     403.2622     2.22e-16     PASS

================================= TRSM测试 ================================
     M       N     Time(ms)       GFLOPS 最大误差   校验
---------------------------------------------------------------------------
 17024 x   512       188.07     788.9840     1.11e-15     PASS
All three official cases PASS. Logs: results/run-20260912-174424-eELRth
Compiler: gcc (gcc for openEuler 3.0.2) 12.3.1
CPUs=76-113 NUMA=2 threads=38
Reference BLAS: official kblas

================================= TRSM测试 ================================
     M       N     Time(ms)       GFLOPS 最大误差   校验
---------------------------------------------------------------------------
   512 x 19968        18.80     278.4475     1.67e-16     PASS

================================= TRSM测试 ================================
     M       N     Time(ms)       GFLOPS 最大误差   校验
---------------------------------------------------------------------------
  2432 x 17024       233.90     430.4836     2.22e-16     PASS

================================= TRSM测试 ================================
     M       N     Time(ms)       GFLOPS 最大误差   校验
---------------------------------------------------------------------------
 17024 x   512       192.08     772.5219     1.11e-15     PASS
All three official cases PASS. Logs: results/run-20260912-174432-n6zuaQ
Compiler: gcc (gcc for openEuler 3.0.2) 12.3.1
CPUs=76-113 NUMA=2 threads=38
Reference BLAS: official kblas

================================= TRSM测试 ================================
     M       N     Time(ms)       GFLOPS 最大误差   校验
---------------------------------------------------------------------------
   512 x 19968        19.59     267.1600     1.67e-16     PASS

================================= TRSM测试 ================================
     M       N     Time(ms)       GFLOPS 最大误差   校验
---------------------------------------------------------------------------
  2432 x 17024       241.13     417.5849     2.22e-16     PASS

================================= TRSM测试 ================================
     M       N     Time(ms)       GFLOPS 最大误差   校验
---------------------------------------------------------------------------
 17024 x   512       192.44     771.0786     1.11e-15     PASS
All three official cases PASS. Logs: results/run-20260912-174440-KuchzC
Compiler: gcc (gcc for openEuler 3.0.2) 12.3.1
CPUs=76-113 NUMA=2 threads=38
Reference BLAS: official kblas

================================= TRSM测试 ================================
     M       N     Time(ms)       GFLOPS 最大误差   校验
---------------------------------------------------------------------------
   512 x 19968        18.73     279.4076     1.67e-16     PASS

================================= TRSM测试 ================================
     M       N     Time(ms)       GFLOPS 最大误差   校验
---------------------------------------------------------------------------
  2432 x 17024       237.52     423.9217     2.22e-16     PASS

================================= TRSM测试 ================================
     M       N     Time(ms)       GFLOPS 最大误差   校验
---------------------------------------------------------------------------
 17024 x   512       188.30     788.0184     1.11e-15     PASS
All three official cases PASS. Logs: results/run-20260912-174447-FaOx1l
Compiler: gcc (gcc for openEuler 3.0.2) 12.3.1
CPUs=76-113 NUMA=2 threads=38
Reference BLAS: official kblas

================================= TRSM测试 ================================
     M       N     Time(ms)       GFLOPS 最大误差   校验
---------------------------------------------------------------------------
   512 x 19968        18.97     275.9446     1.67e-16     PASS

================================= TRSM测试 ================================
     M       N     Time(ms)       GFLOPS 最大误差   校验
---------------------------------------------------------------------------
  2432 x 17024       243.77     413.0621     2.22e-16     PASS

================================= TRSM测试 ================================
     M       N     Time(ms)       GFLOPS 最大误差   校验
---------------------------------------------------------------------------
 17024 x   512       194.66     762.2981     1.11e-15     PASS
All three official cases PASS. Logs: results/run-20260912-174455-kB27Sw
Compiler: gcc (gcc for openEuler 3.0.2) 12.3.1
CPUs=76-113 NUMA=2 threads=38
Reference BLAS: official kblas

================================= TRSM测试 ================================
     M       N     Time(ms)       GFLOPS 最大误差   校验
---------------------------------------------------------------------------
   512 x 19968        18.89     277.1508     1.67e-16     PASS

================================= TRSM测试 ================================
     M       N     Time(ms)       GFLOPS 最大误差   校验
---------------------------------------------------------------------------
  2432 x 17024       239.28     420.8034     2.22e-16     PASS

================================= TRSM测试 ================================
     M       N     Time(ms)       GFLOPS 最大误差   校验
---------------------------------------------------------------------------
 17024 x   512       189.80     781.7897     1.11e-15     PASS
All three official cases PASS. Logs: results/run-20260912-174503-suhG86
Compiler: gcc (gcc for openEuler 3.0.2) 12.3.1
CPUs=76-113 NUMA=2 threads=38
Reference BLAS: official kblas

================================= TRSM测试 ================================
     M       N     Time(ms)       GFLOPS 最大误差   校验
---------------------------------------------------------------------------
   512 x 19968        18.98     275.7638     1.67e-16     PASS

================================= TRSM测试 ================================
     M       N     Time(ms)       GFLOPS 最大误差   校验
---------------------------------------------------------------------------
  2432 x 17024       233.02     432.1069     2.22e-16     PASS

================================= TRSM测试 ================================
     M       N     Time(ms)       GFLOPS 最大误差   校验
---------------------------------------------------------------------------
 17024 x   512       195.31     759.7424     1.11e-15     PASS
All three official cases PASS. Logs: results/run-20260912-174511-Y8oNOC
Compiler: gcc (gcc for openEuler 3.0.2) 12.3.1
CPUs=76-113 NUMA=2 threads=38
Reference BLAS: official kblas

================================= TRSM测试 ================================
     M       N     Time(ms)       GFLOPS 最大误差   校验
---------------------------------------------------------------------------
   512 x 19968        18.86     277.5177     1.67e-16     PASS

================================= TRSM测试 ================================
     M       N     Time(ms)       GFLOPS 最大误差   校验
---------------------------------------------------------------------------
  2432 x 17024       235.94     426.7605     2.22e-16     PASS

================================= TRSM测试 ================================
     M       N     Time(ms)       GFLOPS 最大误差   校验
---------------------------------------------------------------------------
 17024 x   512       196.90     753.6282     1.11e-15     PASS
All three official cases PASS. Logs: results/run-20260912-174519-fX83CB
Compiler: gcc (gcc for openEuler 3.0.2) 12.3.1
CPUs=76-113 NUMA=2 threads=38
Reference BLAS: official kblas

================================= TRSM测试 ================================
     M       N     Time(ms)       GFLOPS 最大误差   校验
---------------------------------------------------------------------------
   512 x 19968        18.66     280.4770     1.67e-16     PASS

================================= TRSM测试 ================================
     M       N     Time(ms)       GFLOPS 最大误差   校验
---------------------------------------------------------------------------
  2432 x 17024       238.90     421.4715     2.22e-16     PASS

================================= TRSM测试 ================================
     M       N     Time(ms)       GFLOPS 最大误差   校验
---------------------------------------------------------------------------
 17024 x   512       193.17     768.1764     1.11e-15     PASS
All three official cases PASS. Logs: results/run-20260912-174527-OzPThR
Compiler: gcc (gcc for openEuler 3.0.2) 12.3.1
CPUs=76-113 NUMA=2 threads=38
Reference BLAS: official kblas

================================= TRSM测试 ================================
     M       N     Time(ms)       GFLOPS 最大误差   校验
---------------------------------------------------------------------------
   512 x 19968        18.82     278.1791     1.67e-16     PASS

================================= TRSM测试 ================================
     M       N     Time(ms)       GFLOPS 最大误差   校验
---------------------------------------------------------------------------
  2432 x 17024       238.97     421.3516     2.22e-16     PASS

================================= TRSM测试 ================================
     M       N     Time(ms)       GFLOPS 最大误差   校验
---------------------------------------------------------------------------
 17024 x   512       191.67     774.1905     1.11e-15     PASS
All three official cases PASS. Logs: results/run-20260912-174535-IW2tN8
Compiler: gcc (gcc for openEuler 3.0.2) 12.3.1
CPUs=76-113 NUMA=2 threads=38
Reference BLAS: official kblas

================================= TRSM测试 ================================
     M       N     Time(ms)       GFLOPS 最大误差   校验
---------------------------------------------------------------------------
   512 x 19968        18.78     278.7929     1.67e-16     PASS

================================= TRSM测试 ================================
     M       N     Time(ms)       GFLOPS 最大误差   校验
---------------------------------------------------------------------------
  2432 x 17024       228.05     441.5341     2.22e-16     PASS

================================= TRSM测试 ================================
     M       N     Time(ms)       GFLOPS 最大误差   校验
---------------------------------------------------------------------------
 17024 x   512       188.46     787.3462     1.11e-15     PASS
All three official cases PASS. Logs: results/run-20260912-174542-TNQCar
