
production-conv2d.o:     file format elf64-littleaarch64


Disassembly of section .text:

0000000000000000 <conv_sve_tail>:
       0:	a9ba7bfd 	stp	x29, x30, [sp, #-96]!
       4:	aa0103ed 	mov	x13, x1
       8:	2a0603ec 	mov	w12, w6
       c:	910003fd 	mov	x29, sp
      10:	a90153f3 	stp	x19, x20, [sp, #16]
      14:	aa0003ef 	mov	x15, x0
      18:	aa0203f1 	mov	x17, x2
      1c:	a9025bf5 	stp	x21, x22, [sp, #32]
      20:	2a0303e8 	mov	w8, w3
      24:	2a0403e1 	mov	w1, w4
      28:	aa0503f0 	mov	x16, x5
      2c:	0420e3f4 	cntb	x20
      30:	6b1400df 	cmp	w6, w20
      34:	5400176b 	b.lt	320 <conv_sve_tail+0x320>  // b.tstop
      38:	0460e3f5 	cnth	x21
      3c:	04a2e3f6 	cntw	x22, all, mul #3
      40:	a90363f7 	stp	x23, x24, [sp, #48]
      44:	04a0e3f7 	cntw	x23
      48:	93407eae 	sxtw	x14, w21
      4c:	2518e3e0 	ptrue	p0.b
      50:	93407ef7 	sxtw	x23, w23
      54:	93407ed6 	sxtw	x22, w22
      58:	cb0e02d8 	sub	x24, x22, x14
      5c:	a9046bf9 	stp	x25, x26, [sp, #64]
      60:	cb0e02f9 	sub	x25, x23, x14
      64:	937e7eb5 	sbfiz	x21, x21, #2, #32
      68:	8b1708b7 	add	x23, x5, x23, lsl #2
      6c:	8b150013 	add	x19, x0, x21
      70:	d37ef739 	lsl	x25, x25, #2
      74:	d37ef718 	lsl	x24, x24, #2
      78:	cb0e0bee 	neg	x14, x14, lsl #2
      7c:	8b1608b6 	add	x22, x5, x22, lsl #2
      80:	8b1500b5 	add	x21, x5, x21
      84:	937e7e9a 	sbfiz	x26, x20, #2, #32
      88:	937e7c92 	sbfiz	x18, x4, #2, #32
      8c:	d37ef5aa 	lsl	x10, x13, #2
      90:	f9002bfb 	str	x27, [sp, #80]
      94:	93407e9b 	sxtw	x27, w20
      98:	d280001e 	mov	x30, #0x0                   	// #0
      9c:	5280000b 	mov	w11, #0x0                   	// #0
      a0:	7100011f 	cmp	w8, #0x0
      a4:	5400134d 	b.le	30c <conv_sve_tail+0x30c>
      a8:	aa1103e6 	mov	x6, x17
      ac:	8b190265 	add	x5, x19, x25
      b0:	8b130304 	add	x4, x24, x19
      b4:	aa1303e3 	mov	x3, x19
      b8:	52800009 	mov	w9, #0x0                   	// #0
      bc:	25b8c005 	mov	z5.s, #0
      c0:	046530b0 	mov	z16.d, z5.d
      c4:	046530a7 	mov	z7.d, z5.d
      c8:	046530a6 	mov	z6.d, z5.d
      cc:	d503201f 	nop
      d0:	8b0e0067 	add	x7, x3, x14
      d4:	7100003f 	cmp	w1, #0x0
      d8:	5400026d 	b.le	124 <conv_sve_tail+0x124>
      dc:	d2800000 	mov	x0, #0x0                   	// #0
      e0:	8b0008c2 	add	x2, x6, x0, lsl #2
      e4:	a54040e4 	ld1w	{z4.s}, p0/z, [x7, x0, lsl #2]
      e8:	a54040a3 	ld1w	{z3.s}, p0/z, [x5, x0, lsl #2]
      ec:	a5404062 	ld1w	{z2.s}, p0/z, [x3, x0, lsl #2]
      f0:	a5404081 	ld1w	{z1.s}, p0/z, [x4, x0, lsl #2]
      f4:	91000400 	add	x0, x0, #0x1
      f8:	8540c040 	ld1rw	{z0.s}, p0/z, [x2]
      fc:	65800884 	fmul	z4.s, z4.s, z0.s
     100:	65800863 	fmul	z3.s, z3.s, z0.s
     104:	65800842 	fmul	z2.s, z2.s, z0.s
     108:	658400c6 	fadd	z6.s, z6.s, z4.s
     10c:	65800820 	fmul	z0.s, z1.s, z0.s
     110:	658300e7 	fadd	z7.s, z7.s, z3.s
     114:	65820210 	fadd	z16.s, z16.s, z2.s
     118:	658000a5 	fadd	z5.s, z5.s, z0.s
     11c:	6b00003f 	cmp	w1, w0
     120:	54fffe0c 	b.gt	e0 <conv_sve_tail+0xe0>
     124:	11000529 	add	w9, w9, #0x1
     128:	8b1200c6 	add	x6, x6, x18
     12c:	8b0a00a5 	add	x5, x5, x10
     130:	8b0a0063 	add	x3, x3, x10
     134:	8b0a0084 	add	x4, x4, x10
     138:	6b09011f 	cmp	w8, w9
     13c:	54fffca1 	b.ne	d0 <conv_sve_tail+0xd0>  // b.any
     140:	e55e4206 	st1w	{z6.s}, p0, [x16, x30, lsl #2]
     144:	0b14016b 	add	w11, w11, w20
     148:	e55e42e7 	st1w	{z7.s}, p0, [x23, x30, lsl #2]
     14c:	4b0b0180 	sub	w0, w12, w11
     150:	e55e42b0 	st1w	{z16.s}, p0, [x21, x30, lsl #2]
     154:	8b1a0273 	add	x19, x19, x26
     158:	e55e42c5 	st1w	{z5.s}, p0, [x22, x30, lsl #2]
     15c:	8b1b03de 	add	x30, x30, x27
     160:	6b14001f 	cmp	w0, w20
     164:	54fff9ea 	b.ge	a0 <conv_sve_tail+0xa0>  // b.tcont
     168:	a94363f7 	ldp	x23, x24, [sp, #48]
     16c:	a9446bf9 	ldp	x25, x26, [sp, #64]
     170:	f9402bfb 	ldr	x27, [sp, #80]
     174:	0460e3f2 	cnth	x18
     178:	6b12001f 	cmp	w0, w18
     17c:	5400064b 	b.lt	244 <conv_sve_tail+0x244>  // b.tstop
     180:	04a0e3f3 	cntw	x19
     184:	93407e54 	sxtw	x20, w18
     188:	93407e67 	sxtw	x7, w19
     18c:	937e7e73 	sbfiz	x19, x19, #2, #32
     190:	8b1301f5 	add	x21, x15, x19
     194:	93407d6e 	sxtw	x14, w11
     198:	8b130213 	add	x19, x16, x19
     19c:	cb070be7 	neg	x7, x7, lsl #2
     1a0:	937e7c2a 	sbfiz	x10, x1, #2, #32
     1a4:	d37ef5a9 	lsl	x9, x13, #2
     1a8:	2518e3e0 	ptrue	p0.b
     1ac:	d503201f 	nop
     1b0:	25b8c003 	mov	z3.s, #0
     1b4:	04633064 	mov	z4.d, z3.d
     1b8:	7100011f 	cmp	w8, #0x0
     1bc:	5400036d 	b.le	228 <conv_sve_tail+0x228>
     1c0:	aa1103e4 	mov	x4, x17
     1c4:	8b0e0aa3 	add	x3, x21, x14, lsl #2
     1c8:	52800006 	mov	w6, #0x0                   	// #0
     1cc:	25b8c003 	mov	z3.s, #0
     1d0:	04633064 	mov	z4.d, z3.d
     1d4:	d503201f 	nop
     1d8:	8b0300e5 	add	x5, x7, x3
     1dc:	7100003f 	cmp	w1, #0x0
     1e0:	540001ad 	b.le	214 <conv_sve_tail+0x214>
     1e4:	d2800000 	mov	x0, #0x0                   	// #0
     1e8:	8b000882 	add	x2, x4, x0, lsl #2
     1ec:	a54040a1 	ld1w	{z1.s}, p0/z, [x5, x0, lsl #2]
     1f0:	a5404060 	ld1w	{z0.s}, p0/z, [x3, x0, lsl #2]
     1f4:	91000400 	add	x0, x0, #0x1
     1f8:	8540c042 	ld1rw	{z2.s}, p0/z, [x2]
     1fc:	65820821 	fmul	z1.s, z1.s, z2.s
     200:	65820800 	fmul	z0.s, z0.s, z2.s
     204:	65810084 	fadd	z4.s, z4.s, z1.s
     208:	65800063 	fadd	z3.s, z3.s, z0.s
     20c:	6b00003f 	cmp	w1, w0
     210:	54fffecc 	b.gt	1e8 <conv_sve_tail+0x1e8>
     214:	110004c6 	add	w6, w6, #0x1
     218:	8b0a0084 	add	x4, x4, x10
     21c:	8b090063 	add	x3, x3, x9
     220:	6b06011f 	cmp	w8, w6
     224:	54fffda1 	b.ne	1d8 <conv_sve_tail+0x1d8>  // b.any
     228:	0b12016b 	add	w11, w11, w18
     22c:	e54e4204 	st1w	{z4.s}, p0, [x16, x14, lsl #2]
     230:	4b0b0180 	sub	w0, w12, w11
     234:	e54e4263 	st1w	{z3.s}, p0, [x19, x14, lsl #2]
     238:	8b1401ce 	add	x14, x14, x20
     23c:	6b12001f 	cmp	w0, w18
     240:	54fffb8a 	b.ge	1b0 <conv_sve_tail+0x1b0>  // b.tcont
     244:	937e7c27 	sbfiz	x7, x1, #2, #32
     248:	04a0e3ee 	cntw	x14
     24c:	2518e3e2 	ptrue	p2.b
     250:	6b0b019f 	cmp	w12, w11
     254:	5400048d 	b.le	2e4 <conv_sve_tail+0x2e4>
     258:	4b0b0189 	sub	w9, w12, w11
     25c:	93407d6a 	sxtw	x10, w11
     260:	6b0e013f 	cmp	w9, w14
     264:	aa0a03e6 	mov	x6, x10
     268:	1a8ed129 	csel	w9, w9, w14, le
     26c:	93407d20 	sxtw	x0, w9
     270:	25a01fe1 	whilelo	p1.s, xzr, x0
     274:	25814420 	mov	p0.b, p1.b
     278:	7100011f 	cmp	w8, #0x0
     27c:	540003cd 	b.le	2f4 <conv_sve_tail+0x2f4>
     280:	aa1103e3 	mov	x3, x17
     284:	52800005 	mov	w5, #0x0                   	// #0
     288:	25b8c001 	mov	z1.s, #0
     28c:	d503201f 	nop
     290:	7100003f 	cmp	w1, #0x0
     294:	5400016d 	b.le	2c0 <conv_sve_tail+0x2c0>
     298:	8b0609e4 	add	x4, x15, x6, lsl #2
     29c:	d2800000 	mov	x0, #0x0                   	// #0
     2a0:	8b000862 	add	x2, x3, x0, lsl #2
     2a4:	a5404480 	ld1w	{z0.s}, p1/z, [x4, x0, lsl #2]
     2a8:	91000400 	add	x0, x0, #0x1
     2ac:	8540c842 	ld1rw	{z2.s}, p2/z, [x2]
     2b0:	65828040 	fmul	z0.s, p0/m, z0.s, z2.s
     2b4:	65808001 	fadd	z1.s, p0/m, z1.s, z0.s
     2b8:	6b00003f 	cmp	w1, w0
     2bc:	54ffff2c 	b.gt	2a0 <conv_sve_tail+0x2a0>
     2c0:	110004a5 	add	w5, w5, #0x1
     2c4:	8b070063 	add	x3, x3, x7
     2c8:	8b0d00c6 	add	x6, x6, x13
     2cc:	6b05011f 	cmp	w8, w5
     2d0:	54fffe01 	b.ne	290 <conv_sve_tail+0x290>  // b.any
     2d4:	0b09016b 	add	w11, w11, w9
     2d8:	e54a4601 	st1w	{z1.s}, p1, [x16, x10, lsl #2]
     2dc:	6b0b019f 	cmp	w12, w11
     2e0:	54fffbcc 	b.gt	258 <conv_sve_tail+0x258>
     2e4:	a94153f3 	ldp	x19, x20, [sp, #16]
     2e8:	a9425bf5 	ldp	x21, x22, [sp, #32]
     2ec:	a8c67bfd 	ldp	x29, x30, [sp], #96
     2f0:	d65f03c0 	ret
     2f4:	25b8c001 	mov	z1.s, #0
     2f8:	0b09016b 	add	w11, w11, w9
     2fc:	e54a4601 	st1w	{z1.s}, p1, [x16, x10, lsl #2]
     300:	6b0b019f 	cmp	w12, w11
     304:	54fffaac 	b.gt	258 <conv_sve_tail+0x258>
     308:	17fffff7 	b	2e4 <conv_sve_tail+0x2e4>
     30c:	25b8c005 	mov	z5.s, #0
     310:	046530b0 	mov	z16.d, z5.d
     314:	046530a7 	mov	z7.d, z5.d
     318:	046530a6 	mov	z6.d, z5.d
     31c:	17ffff89 	b	140 <conv_sve_tail+0x140>
     320:	2a0603e0 	mov	w0, w6
     324:	5280000b 	mov	w11, #0x0                   	// #0
     328:	17ffff93 	b	174 <conv_sve_tail+0x174>
     32c:	d503201f 	nop

0000000000000330 <conv_sve_prefix>:
     330:	a9b17bfd 	stp	x29, x30, [sp, #-240]!
     334:	aa0003fe 	mov	x30, x0
     338:	910003fd 	mov	x29, sp
     33c:	a90153f3 	stp	x19, x20, [sp, #16]
     340:	2a0303f3 	mov	w19, w3
     344:	b90077e6 	str	w6, [sp, #116]
     348:	f9003fe5 	str	x5, [sp, #120]
     34c:	f90067e2 	str	x2, [sp, #200]
     350:	a90e07e0 	stp	x0, x1, [sp, #224]
     354:	0421e3e0 	cntb	x0, all, mul #2
     358:	6b0000df 	cmp	w6, w0
     35c:	5400242b 	b.lt	7e0 <conv_sve_prefix+0x4b0>  // b.tstop
     360:	a90573fb 	stp	x27, x28, [sp, #80]
     364:	04a0e3fc 	cntw	x28
     368:	0462e3e0 	cnth	x0, all, mul #3
     36c:	2518e3e0 	ptrue	p0.b
     370:	937e7f9c 	sbfiz	x28, x28, #2, #32
     374:	0460e3fb 	cnth	x27
     378:	937e7c02 	sbfiz	x2, x0, #2, #32
     37c:	937e7f7b 	sbfiz	x27, x27, #2, #32
     380:	8b1c00a0 	add	x0, x5, x28
     384:	a9046bf9 	stp	x25, x26, [sp, #64]
     388:	04a2e3fa 	cntw	x26, all, mul #3
     38c:	937e7f5a 	sbfiz	x26, x26, #2, #32
     390:	0420e3f9 	cntb	x25
     394:	f9004be0 	str	x0, [sp, #144]
     398:	8b1b00a0 	add	x0, x5, x27
     39c:	937e7f39 	sbfiz	x25, x25, #2, #32
     3a0:	a90363f7 	stp	x23, x24, [sp, #48]
     3a4:	04a4e3f8 	cntw	x24, all, mul #5
     3a8:	f9004fe0 	str	x0, [sp, #152]
     3ac:	8b1a00a0 	add	x0, x5, x26
     3b0:	937e7f18 	sbfiz	x24, x24, #2, #32
     3b4:	f90053e0 	str	x0, [sp, #160]
     3b8:	8b1900a0 	add	x0, x5, x25
     3bc:	04a6e3f7 	cntw	x23, all, mul #7
     3c0:	f90057e0 	str	x0, [sp, #168]
     3c4:	8b1800a0 	add	x0, x5, x24
     3c8:	937e7ef7 	sbfiz	x23, x23, #2, #32
     3cc:	f9005be0 	str	x0, [sp, #176]
     3d0:	8b0200a0 	add	x0, x5, x2
     3d4:	f9005fe0 	str	x0, [sp, #184]
     3d8:	910012e0 	add	x0, x23, #0x4
     3dc:	f9006fe0 	str	x0, [sp, #216]
     3e0:	8b1700a0 	add	x0, x5, x23
     3e4:	a9025bf5 	stp	x21, x22, [sp, #32]
     3e8:	51000896 	sub	w22, w4, #0x2
     3ec:	f90063e0 	str	x0, [sp, #192]
     3f0:	0421e3e0 	cntb	x0, all, mul #2
     3f4:	93407c00 	sxtw	x0, w0
     3f8:	121f7ad6 	and	w22, w22, #0xfffffffe
     3fc:	11000ad6 	add	w22, w22, #0x2
     400:	5100048d 	sub	w13, w4, #0x1
     404:	937e7c94 	sbfiz	x20, x4, #2, #32
     408:	d37ef42e 	lsl	x14, x1, #2
     40c:	f90043e0 	str	x0, [sp, #128]
     410:	0421e3e0 	cntb	x0, all, mul #2
     414:	937e7c00 	sbfiz	x0, x0, #2, #32
     418:	d2800003 	mov	x3, #0x0                   	// #0
     41c:	b90073ff 	str	wzr, [sp, #112]
     420:	f90047e0 	str	x0, [sp, #136]
     424:	f9006be2 	str	x2, [sp, #208]
     428:	7100027f 	cmp	w19, #0x0
     42c:	54001aed 	b.le	788 <conv_sve_prefix+0x458>
     430:	a94cb3e0 	ldp	x0, x12, [sp, #200]
     434:	25b8c010 	mov	z16.s, #0
     438:	8b1e038b 	add	x11, x28, x30
     43c:	0470321a 	mov	z26.d, z16.d
     440:	f9406fe1 	ldr	x1, [sp, #216]
     444:	04703219 	mov	z25.d, z16.d
     448:	8b1e036a 	add	x10, x27, x30
     44c:	04703218 	mov	z24.d, z16.d
     450:	8b1e0349 	add	x9, x26, x30
     454:	8b1e0328 	add	x8, x25, x30
     458:	8b1e0022 	add	x2, x1, x30
     45c:	8b1e0307 	add	x7, x24, x30
     460:	8b1e02e5 	add	x5, x23, x30
     464:	91001000 	add	x0, x0, #0x4
     468:	8b1e0186 	add	x6, x12, x30
     46c:	aa1e03e1 	mov	x1, x30
     470:	f90037e3 	str	x3, [sp, #104]
     474:	aa0c03e3 	mov	x3, x12
     478:	52800011 	mov	w17, #0x0                   	// #0
     47c:	04703216 	mov	z22.d, z16.d
     480:	04703215 	mov	z21.d, z16.d
     484:	04703214 	mov	z20.d, z16.d
     488:	04703213 	mov	z19.d, z16.d
     48c:	d503201f 	nop
     490:	d100100c 	sub	x12, x0, #0x4
     494:	710001bf 	cmp	w13, #0x0
     498:	5400174d 	b.le	780 <conv_sve_prefix+0x450>
     49c:	d280000f 	mov	x15, #0x0                   	// #0
     4a0:	d37ef5f0 	lsl	x16, x15, #2
     4a4:	a54f4166 	ld1w	{z6.s}, p0/z, [x11, x15, lsl #2]
     4a8:	a54f4032 	ld1w	{z18.s}, p0/z, [x1, x15, lsl #2]
     4ac:	8b100192 	add	x18, x12, x16
     4b0:	8b000210 	add	x16, x16, x0
     4b4:	8540c240 	ld1rw	{z0.s}, p0/z, [x18]
     4b8:	8540c211 	ld1rw	{z17.s}, p0/z, [x16]
     4bc:	65800a5b 	fmul	z27.s, z18.s, z0.s
     4c0:	052010d2 	ext	z18.b, z18.b, z6.b, #4
     4c4:	65910a52 	fmul	z18.s, z18.s, z17.s
     4c8:	a54f4145 	ld1w	{z5.s}, p0/z, [x10, x15, lsl #2]
     4cc:	a54f4124 	ld1w	{z4.s}, p0/z, [x9, x15, lsl #2]
     4d0:	659b0273 	fadd	z19.s, z19.s, z27.s
     4d4:	658008db 	fmul	z27.s, z6.s, z0.s
     4d8:	65920273 	fadd	z19.s, z19.s, z18.s
     4dc:	052010a6 	ext	z6.b, z6.b, z5.b, #4
     4e0:	658008b2 	fmul	z18.s, z5.s, z0.s
     4e4:	659108c6 	fmul	z6.s, z6.s, z17.s
     4e8:	05201085 	ext	z5.b, z5.b, z4.b, #4
     4ec:	659108a5 	fmul	z5.s, z5.s, z17.s
     4f0:	a54f4103 	ld1w	{z3.s}, p0/z, [x8, x15, lsl #2]
     4f4:	a54f40e2 	ld1w	{z2.s}, p0/z, [x7, x15, lsl #2]
     4f8:	a54f40c1 	ld1w	{z1.s}, p0/z, [x6, x15, lsl #2]
     4fc:	a54f40a7 	ld1w	{z7.s}, p0/z, [x5, x15, lsl #2]
     500:	a54f4057 	ld1w	{z23.s}, p0/z, [x2, x15, lsl #2]
     504:	659b0294 	fadd	z20.s, z20.s, z27.s
     508:	659202b5 	fadd	z21.s, z21.s, z18.s
     50c:	65860294 	fadd	z20.s, z20.s, z6.s
     510:	658502b5 	fadd	z21.s, z21.s, z5.s
     514:	65800886 	fmul	z6.s, z4.s, z0.s
     518:	65800865 	fmul	z5.s, z3.s, z0.s
     51c:	05201064 	ext	z4.b, z4.b, z3.b, #4
     520:	910009ef 	add	x15, x15, #0x2
     524:	65910884 	fmul	z4.s, z4.s, z17.s
     528:	05201043 	ext	z3.b, z3.b, z2.b, #4
     52c:	65910863 	fmul	z3.s, z3.s, z17.s
     530:	658602d6 	fadd	z22.s, z22.s, z6.s
     534:	65850318 	fadd	z24.s, z24.s, z5.s
     538:	658402d6 	fadd	z22.s, z22.s, z4.s
     53c:	65830318 	fadd	z24.s, z24.s, z3.s
     540:	65800844 	fmul	z4.s, z2.s, z0.s
     544:	65800823 	fmul	z3.s, z1.s, z0.s
     548:	05201022 	ext	z2.b, z2.b, z1.b, #4
     54c:	65840339 	fadd	z25.s, z25.s, z4.s
     550:	052010e1 	ext	z1.b, z1.b, z7.b, #4
     554:	65910842 	fmul	z2.s, z2.s, z17.s
     558:	6583035a 	fadd	z26.s, z26.s, z3.s
     55c:	658008e7 	fmul	z7.s, z7.s, z0.s
     560:	65910821 	fmul	z1.s, z1.s, z17.s
     564:	65870210 	fadd	z16.s, z16.s, z7.s
     568:	65910af7 	fmul	z23.s, z23.s, z17.s
     56c:	65820339 	fadd	z25.s, z25.s, z2.s
     570:	6581035a 	fadd	z26.s, z26.s, z1.s
     574:	65970210 	fadd	z16.s, z16.s, z23.s
     578:	6b0f01bf 	cmp	w13, w15
     57c:	54fff92c 	b.gt	4a0 <conv_sve_prefix+0x170>
     580:	2a1603f0 	mov	w16, w22
     584:	6b10009f 	cmp	w4, w16
     588:	5400094d 	b.le	6b0 <conv_sve_prefix+0x380>
     58c:	937e7e12 	sbfiz	x18, x16, #2, #32
     590:	11000610 	add	w16, w16, #0x1
     594:	8b12002f 	add	x15, x1, x18
     598:	a540a1e2 	ld1w	{z2.s}, p0/z, [x15]
     59c:	8b1c01f5 	add	x21, x15, x28
     5a0:	a540a2a3 	ld1w	{z3.s}, p0/z, [x21]
     5a4:	8b120195 	add	x21, x12, x18
     5a8:	8540c2a0 	ld1rw	{z0.s}, p0/z, [x21]
     5ac:	8b1b01f5 	add	x21, x15, x27
     5b0:	65800863 	fmul	z3.s, z3.s, z0.s
     5b4:	a540a2a1 	ld1w	{z1.s}, p0/z, [x21]
     5b8:	8b1a01f5 	add	x21, x15, x26
     5bc:	65800821 	fmul	z1.s, z1.s, z0.s
     5c0:	65830294 	fadd	z20.s, z20.s, z3.s
     5c4:	a540a2a3 	ld1w	{z3.s}, p0/z, [x21]
     5c8:	8b1901f5 	add	x21, x15, x25
     5cc:	65800863 	fmul	z3.s, z3.s, z0.s
     5d0:	658102b5 	fadd	z21.s, z21.s, z1.s
     5d4:	a540a2a1 	ld1w	{z1.s}, p0/z, [x21]
     5d8:	8b1801f5 	add	x21, x15, x24
     5dc:	65800821 	fmul	z1.s, z1.s, z0.s
     5e0:	658302d6 	fadd	z22.s, z22.s, z3.s
     5e4:	65810318 	fadd	z24.s, z24.s, z1.s
     5e8:	a540a2a3 	ld1w	{z3.s}, p0/z, [x21]
     5ec:	8b0301f5 	add	x21, x15, x3
     5f0:	a540a2a1 	ld1w	{z1.s}, p0/z, [x21]
     5f4:	65800821 	fmul	z1.s, z1.s, z0.s
     5f8:	65800863 	fmul	z3.s, z3.s, z0.s
     5fc:	65800842 	fmul	z2.s, z2.s, z0.s
     600:	8b1701ef 	add	x15, x15, x23
     604:	6581035a 	fadd	z26.s, z26.s, z1.s
     608:	65830339 	fadd	z25.s, z25.s, z3.s
     60c:	a540a1e1 	ld1w	{z1.s}, p0/z, [x15]
     610:	65820273 	fadd	z19.s, z19.s, z2.s
     614:	65800820 	fmul	z0.s, z1.s, z0.s
     618:	65800210 	fadd	z16.s, z16.s, z0.s
     61c:	6b04021f 	cmp	w16, w4
     620:	5400048a 	b.ge	6b0 <conv_sve_prefix+0x380>  // b.tcont
     624:	91001252 	add	x18, x18, #0x4
     628:	8b12002f 	add	x15, x1, x18
     62c:	8b12018c 	add	x12, x12, x18
     630:	8540c180 	ld1rw	{z0.s}, p0/z, [x12]
     634:	8b1b01ec 	add	x12, x15, x27
     638:	8b1c01f0 	add	x16, x15, x28
     63c:	a540a181 	ld1w	{z1.s}, p0/z, [x12]
     640:	a540a202 	ld1w	{z2.s}, p0/z, [x16]
     644:	8b1a01ec 	add	x12, x15, x26
     648:	65800842 	fmul	z2.s, z2.s, z0.s
     64c:	65800821 	fmul	z1.s, z1.s, z0.s
     650:	65820294 	fadd	z20.s, z20.s, z2.s
     654:	a540a182 	ld1w	{z2.s}, p0/z, [x12]
     658:	8b1901ec 	add	x12, x15, x25
     65c:	65800842 	fmul	z2.s, z2.s, z0.s
     660:	658102b5 	fadd	z21.s, z21.s, z1.s
     664:	a540a181 	ld1w	{z1.s}, p0/z, [x12]
     668:	8b1801ec 	add	x12, x15, x24
     66c:	65800821 	fmul	z1.s, z1.s, z0.s
     670:	658202d6 	fadd	z22.s, z22.s, z2.s
     674:	65810318 	fadd	z24.s, z24.s, z1.s
     678:	a540a182 	ld1w	{z2.s}, p0/z, [x12]
     67c:	8b0301ec 	add	x12, x15, x3
     680:	65800842 	fmul	z2.s, z2.s, z0.s
     684:	a540a181 	ld1w	{z1.s}, p0/z, [x12]
     688:	65800821 	fmul	z1.s, z1.s, z0.s
     68c:	8b1701ec 	add	x12, x15, x23
     690:	65820339 	fadd	z25.s, z25.s, z2.s
     694:	6581035a 	fadd	z26.s, z26.s, z1.s
     698:	a540a182 	ld1w	{z2.s}, p0/z, [x12]
     69c:	a540a1e1 	ld1w	{z1.s}, p0/z, [x15]
     6a0:	65800842 	fmul	z2.s, z2.s, z0.s
     6a4:	65800820 	fmul	z0.s, z1.s, z0.s
     6a8:	65820210 	fadd	z16.s, z16.s, z2.s
     6ac:	65800273 	fadd	z19.s, z19.s, z0.s
     6b0:	11000631 	add	w17, w17, #0x1
     6b4:	8b0e0021 	add	x1, x1, x14
     6b8:	8b140000 	add	x0, x0, x20
     6bc:	8b0e016b 	add	x11, x11, x14
     6c0:	8b0e014a 	add	x10, x10, x14
     6c4:	8b0e0129 	add	x9, x9, x14
     6c8:	8b0e0108 	add	x8, x8, x14
     6cc:	8b0e00e7 	add	x7, x7, x14
     6d0:	8b0e00c6 	add	x6, x6, x14
     6d4:	8b0e00a5 	add	x5, x5, x14
     6d8:	8b0e0042 	add	x2, x2, x14
     6dc:	6b11027f 	cmp	w19, w17
     6e0:	54ffed81 	b.ne	490 <conv_sve_prefix+0x160>  // b.any
     6e4:	f94037e3 	ldr	x3, [sp, #104]
     6e8:	f9403fe0 	ldr	x0, [sp, #120]
     6ec:	e5434013 	st1w	{z19.s}, p0, [x0, x3, lsl #2]
     6f0:	f9404be1 	ldr	x1, [sp, #144]
     6f4:	e5434034 	st1w	{z20.s}, p0, [x1, x3, lsl #2]
     6f8:	294e07e0 	ldp	w0, w1, [sp, #112]
     6fc:	0431e3e0 	incb	x0, all, mul #2
     700:	b90073e0 	str	w0, [sp, #112]
     704:	4b000026 	sub	w6, w1, w0
     708:	f9404fe0 	ldr	x0, [sp, #152]
     70c:	e5434015 	st1w	{z21.s}, p0, [x0, x3, lsl #2]
     710:	f94047e0 	ldr	x0, [sp, #136]
     714:	8b0003de 	add	x30, x30, x0
     718:	f94053e0 	ldr	x0, [sp, #160]
     71c:	e5434016 	st1w	{z22.s}, p0, [x0, x3, lsl #2]
     720:	f94057e0 	ldr	x0, [sp, #168]
     724:	e5434018 	st1w	{z24.s}, p0, [x0, x3, lsl #2]
     728:	f9405be0 	ldr	x0, [sp, #176]
     72c:	e5434019 	st1w	{z25.s}, p0, [x0, x3, lsl #2]
     730:	f9405fe0 	ldr	x0, [sp, #184]
     734:	e543401a 	st1w	{z26.s}, p0, [x0, x3, lsl #2]
     738:	f94063e0 	ldr	x0, [sp, #192]
     73c:	e5434010 	st1w	{z16.s}, p0, [x0, x3, lsl #2]
     740:	f94043e0 	ldr	x0, [sp, #128]
     744:	8b000063 	add	x3, x3, x0
     748:	0421e3e0 	cntb	x0, all, mul #2
     74c:	6b0000df 	cmp	w6, w0
     750:	54ffe6ca 	b.ge	428 <conv_sve_prefix+0xf8>  // b.tcont
     754:	a9425bf5 	ldp	x21, x22, [sp, #32]
     758:	a94363f7 	ldp	x23, x24, [sp, #48]
     75c:	a9446bf9 	ldp	x25, x26, [sp, #64]
     760:	a94573fb 	ldp	x27, x28, [sp, #80]
     764:	294e03e1 	ldp	w1, w0, [sp, #112]
     768:	6b01001f 	cmp	w0, w1
     76c:	5400020c 	b.gt	7ac <conv_sve_prefix+0x47c>
     770:	b94077e0 	ldr	w0, [sp, #116]
     774:	a94153f3 	ldp	x19, x20, [sp, #16]
     778:	a8cf7bfd 	ldp	x29, x30, [sp], #240
     77c:	d65f03c0 	ret
     780:	52800010 	mov	w16, #0x0                   	// #0
     784:	17ffff80 	b	584 <conv_sve_prefix+0x254>
     788:	25b8c010 	mov	z16.s, #0
     78c:	0470321a 	mov	z26.d, z16.d
     790:	04703219 	mov	z25.d, z16.d
     794:	04703218 	mov	z24.d, z16.d
     798:	04703216 	mov	z22.d, z16.d
     79c:	04703215 	mov	z21.d, z16.d
     7a0:	04703214 	mov	z20.d, z16.d
     7a4:	04703213 	mov	z19.d, z16.d
     7a8:	17ffffd0 	b	6e8 <conv_sve_prefix+0x3b8>
     7ac:	937e7c20 	sbfiz	x0, x1, #2, #32
     7b0:	2a1303e3 	mov	w3, w19
     7b4:	f9403fe1 	ldr	x1, [sp, #120]
     7b8:	f94067e2 	ldr	x2, [sp, #200]
     7bc:	8b000025 	add	x5, x1, x0
     7c0:	f94073e1 	ldr	x1, [sp, #224]
     7c4:	8b000020 	add	x0, x1, x0
     7c8:	f94077e1 	ldr	x1, [sp, #232]
     7cc:	97fffe0d 	bl	0 <conv_sve_tail>
     7d0:	b94077e0 	ldr	w0, [sp, #116]
     7d4:	a94153f3 	ldp	x19, x20, [sp, #16]
     7d8:	a8cf7bfd 	ldp	x29, x30, [sp], #240
     7dc:	d65f03c0 	ret
     7e0:	b94077e6 	ldr	w6, [sp, #116]
     7e4:	b90073ff 	str	wzr, [sp, #112]
     7e8:	17ffffdf 	b	764 <conv_sve_prefix+0x434>
     7ec:	d503201f 	nop

00000000000007f0 <conv2d._omp_fn.1>:
     7f0:	a9a97bfd 	stp	x29, x30, [sp, #-368]!
     7f4:	910003fd 	mov	x29, sp
     7f8:	a9025bf5 	stp	x21, x22, [sp, #32]
     7fc:	aa0003f5 	mov	x21, x0
     800:	a90153f3 	stp	x19, x20, [sp, #16]
     804:	a9046bf9 	stp	x25, x26, [sp, #64]
     808:	94000000 	bl	0 <omp_get_num_threads>
     80c:	2a0003f3 	mov	w19, w0
     810:	94000000 	bl	0 <omp_get_thread_num>
     814:	b9402aa1 	ldr	w1, [x21, #40]
     818:	1ad30c22 	sdiv	w2, w1, w19
     81c:	1b138441 	msub	w1, w2, w19, w1
     820:	6b01001f 	cmp	w0, w1
     824:	54009d2b 	b.lt	1bc8 <conv2d._omp_fn.1+0x13d8>  // b.tstop
     828:	1b000459 	madd	w25, w2, w0, w1
     82c:	0b190040 	add	w0, w2, w25
     830:	b900b3e0 	str	w0, [sp, #176]
     834:	6b00033f 	cmp	w25, w0
     838:	54005a6a 	b.ge	1384 <conv2d._omp_fn.1+0xb94>  // b.tcont
     83c:	b94026a4 	ldr	w4, [x21, #36]
     840:	320107e2 	mov	w2, #0x80000001            	// #-2147483647
     844:	a90363f7 	stp	x23, x24, [sp, #48]
     848:	93407f20 	sxtw	x0, w25
     84c:	51000493 	sub	w19, w4, #0x1
     850:	6b02027f 	cmp	w19, w2
     854:	51000c98 	sub	w24, w4, #0x3
     858:	51000881 	sub	w1, w4, #0x2
     85c:	b9402ea6 	ldr	w6, [x21, #44]
     860:	1a9fd7f6 	cset	w22, gt
     864:	71000b1f 	cmp	w24, #0x2
     868:	1a9fd7e2 	cset	w2, gt
     86c:	53017c23 	lsr	w3, w1, #1
     870:	0a0202d6 	and	w22, w22, w2
     874:	b900e3e1 	str	w1, [sp, #224]
     878:	a9400ab4 	ldp	x20, x2, [x21]
     87c:	11000468 	add	w8, w3, #0x1
     880:	f9400aa5 	ldr	x5, [x21, #16]
     884:	937e7cc3 	sbfiz	x3, x6, #2, #32
     888:	f9400ea1 	ldr	x1, [x21, #24]
     88c:	53017d07 	lsr	w7, w8, #1
     890:	9b001465 	madd	x5, x3, x0, x5
     894:	121f7909 	and	w9, w8, #0xfffffffe
     898:	a90573fb 	stp	x27, x28, [sp, #80]
     89c:	531f7917 	lsl	w23, w8, #1
     8a0:	9b007c3c 	mul	x28, x1, x0
     8a4:	b94032a0 	ldr	w0, [x21, #48]
     8a8:	2a0403fa 	mov	w26, w4
     8ac:	f90067e3 	str	x3, [sp, #200]
     8b0:	aa1c03eb 	mov	x11, x28
     8b4:	b94022a3 	ldr	w3, [x21, #32]
     8b8:	aa0203fc 	mov	x28, x2
     8bc:	b900afe0 	str	w0, [sp, #172]
     8c0:	d37cece0 	lsl	x0, x7, #4
     8c4:	2a0303fb 	mov	w27, w3
     8c8:	937e7c95 	sbfiz	x21, x4, #2, #32
     8cc:	b900abf9 	str	w25, [sp, #168]
     8d0:	2a1803f9 	mov	w25, w24
     8d4:	2a1603f8 	mov	w24, w22
     8d8:	aa0103f6 	mov	x22, x1
     8dc:	f9006be0 	str	x0, [sp, #208]
     8e0:	531f7920 	lsl	w0, w9, #1
     8e4:	b900b7e9 	str	w9, [sp, #180]
     8e8:	b900c3e0 	str	w0, [sp, #192]
     8ec:	d37ef420 	lsl	x0, x1, #2
     8f0:	f9005fe0 	str	x0, [sp, #184]
     8f4:	b900c7e8 	str	w8, [sp, #196]
     8f8:	6d0627e8 	stp	d8, d9, [sp, #96]
     8fc:	6d072fea 	stp	d10, d11, [sp, #112]
     900:	6d0837ec 	stp	d12, d13, [sp, #128]
     904:	6d093fee 	stp	d14, d15, [sp, #144]
     908:	8b0b0a80 	add	x0, x20, x11, lsl #2
     90c:	f90053e0 	str	x0, [sp, #160]
     910:	b940afe0 	ldr	w0, [sp, #172]
     914:	35005760 	cbnz	w0, 1400 <conv2d._omp_fn.1+0xc10>
     918:	2a0603e2 	mov	w2, w6
     91c:	52800003 	mov	w3, #0x0                   	// #0
     920:	71007c5f 	cmp	w2, #0x1f
     924:	540031ad 	b.le	f58 <conv2d._omp_fn.1+0x768>
     928:	93407c6c 	sxtw	x12, w3
     92c:	8b23c8be 	add	x30, x5, w3, sxtw #2
     930:	9103c3f2 	add	x18, sp, #0xf0
     934:	a90f7fff 	stp	xzr, xzr, [sp, #240]
     938:	a9107fff 	stp	xzr, xzr, [sp, #256]
     93c:	a9117fff 	stp	xzr, xzr, [sp, #272]
     940:	a9127fff 	stp	xzr, xzr, [sp, #288]
     944:	a9137fff 	stp	xzr, xzr, [sp, #304]
     948:	a9147fff 	stp	xzr, xzr, [sp, #320]
     94c:	a9157fff 	stp	xzr, xzr, [sp, #336]
     950:	a9167fff 	stp	xzr, xzr, [sp, #352]
     954:	7100037f 	cmp	w27, #0x0
     958:	54002d4d 	b.le	f00 <conv2d._omp_fn.1+0x710>
     95c:	4f000400 	movi	v0.4s, #0x0
     960:	8b0c0168 	add	x8, x11, x12
     964:	91001384 	add	x4, x28, #0x4
     968:	aa1c03e2 	mov	x2, x28
     96c:	52800000 	mov	w0, #0x0                   	// #0
     970:	52800007 	mov	w7, #0x0                   	// #0
     974:	5280000d 	mov	w13, #0x0                   	// #0
     978:	5280000a 	mov	w10, #0x0                   	// #0
     97c:	4ea01c08 	mov	v8.16b, v0.16b
     980:	5280000e 	mov	w14, #0x0                   	// #0
     984:	4ea01c0a 	mov	v10.16b, v0.16b
     988:	5280000f 	mov	w15, #0x0                   	// #0
     98c:	4ea01c0c 	mov	v12.16b, v0.16b
     990:	52800010 	mov	w16, #0x0                   	// #0
     994:	4ea01c03 	mov	v3.16b, v0.16b
     998:	52800011 	mov	w17, #0x0                   	// #0
     99c:	4ea01c02 	mov	v2.16b, v0.16b
     9a0:	52800009 	mov	w9, #0x0                   	// #0
     9a4:	4ea01c06 	mov	v6.16b, v0.16b
     9a8:	4ea01c01 	mov	v1.16b, v0.16b
     9ac:	d503201f 	nop
     9b0:	7100027f 	cmp	w19, #0x0
     9b4:	5400512d 	b.le	13d8 <conv2d._omp_fn.1+0xbe8>
     9b8:	34005158 	cbz	w24, 13e0 <conv2d._omp_fn.1+0xbf0>
     9bc:	aa0203e7 	mov	x7, x2
     9c0:	8b080a80 	add	x0, x20, x8, lsl #2
     9c4:	52800001 	mov	w1, #0x0                   	// #0
     9c8:	3dc0041e 	ldr	q30, [x0, #16]
     9cc:	1100182a 	add	w10, w1, #0x6
     9d0:	3dc00813 	ldr	q19, [x0, #32]
     9d4:	11001021 	add	w1, w1, #0x4
     9d8:	4d40c8e9 	ld1r	{v9.4s}, [x7]
     9dc:	91004000 	add	x0, x0, #0x10
     9e0:	3cdf001f 	ldur	q31, [x0, #-16]
     9e4:	6e29dfde 	fmul	v30.4s, v30.4s, v9.4s
     9e8:	bd400ce5 	ldr	s5, [x7, #12]
     9ec:	6e29de73 	fmul	v19.4s, v19.4s, v9.4s
     9f0:	2d4090e7 	ldp	s7, s4, [x7, #4]
     9f4:	910040e7 	add	x7, x7, #0x10
     9f8:	3dc0081d 	ldr	q29, [x0, #32]
     9fc:	3dc0101b 	ldr	q27, [x0, #64]
     a00:	3dc0141a 	ldr	q26, [x0, #80]
     a04:	4e0404e7 	dup	v7.4s, v7.s[0]
     a08:	6e29dfff 	fmul	v31.4s, v31.4s, v9.4s
     a0c:	4e26d7c6 	fadd	v6.4s, v30.4s, v6.4s
     a10:	4e22d673 	fadd	v19.4s, v19.4s, v2.4s
     a14:	6e29dfbd 	fmul	v29.4s, v29.4s, v9.4s
     a18:	6e29df7b 	fmul	v27.4s, v27.4s, v9.4s
     a1c:	6e29df5a 	fmul	v26.4s, v26.4s, v9.4s
     a20:	3cdf4012 	ldur	q18, [x0, #-12]
     a24:	3cc04011 	ldur	q17, [x0, #4]
     a28:	3cc14010 	ldur	q16, [x0, #20]
     a2c:	3cc2400f 	ldur	q15, [x0, #36]
     a30:	3dc00c1c 	ldr	q28, [x0, #48]
     a34:	3cc3400e 	ldur	q14, [x0, #52]
     a38:	3cc4400d 	ldur	q13, [x0, #68]
     a3c:	3cc5400b 	ldur	q11, [x0, #84]
     a40:	3dc0181e 	ldr	q30, [x0, #96]
     a44:	3cc64002 	ldur	q2, [x0, #100]
     a48:	4e040484 	dup	v4.4s, v4.s[0]
     a4c:	4e21d7e1 	fadd	v1.4s, v31.4s, v1.4s
     a50:	6e29df9c 	fmul	v28.4s, v28.4s, v9.4s
     a54:	4e23d7a3 	fadd	v3.4s, v29.4s, v3.4s
     a58:	4e2ad76a 	fadd	v10.4s, v27.4s, v10.4s
     a5c:	4e28d748 	fadd	v8.4s, v26.4s, v8.4s
     a60:	6e29dfde 	fmul	v30.4s, v30.4s, v9.4s
     a64:	6e27de52 	fmul	v18.4s, v18.4s, v7.4s
     a68:	6e27de31 	fmul	v17.4s, v17.4s, v7.4s
     a6c:	6e27de10 	fmul	v16.4s, v16.4s, v7.4s
     a70:	6e27ddef 	fmul	v15.4s, v15.4s, v7.4s
     a74:	6e27ddce 	fmul	v14.4s, v14.4s, v7.4s
     a78:	6e27ddad 	fmul	v13.4s, v13.4s, v7.4s
     a7c:	6e27dd6b 	fmul	v11.4s, v11.4s, v7.4s
     a80:	6e27dc42 	fmul	v2.4s, v2.4s, v7.4s
     a84:	3cc18007 	ldur	q7, [x0, #24]
     a88:	4e2cd78c 	fadd	v12.4s, v28.4s, v12.4s
     a8c:	4e20d7de 	fadd	v30.4s, v30.4s, v0.4s
     a90:	6e24dce9 	fmul	v9.4s, v7.4s, v4.4s
     a94:	4e32d432 	fadd	v18.4s, v1.4s, v18.4s
     a98:	4e31d4d1 	fadd	v17.4s, v6.4s, v17.4s
     a9c:	4e2fd46f 	fadd	v15.4s, v3.4s, v15.4s
     aa0:	4e2dd54d 	fadd	v13.4s, v10.4s, v13.4s
     aa4:	4e2bd50b 	fadd	v11.4s, v8.4s, v11.4s
     aa8:	3cdf8001 	ldur	q1, [x0, #-8]
     aac:	3cdfc019 	ldur	q25, [x0, #-4]
     ab0:	3cc08006 	ldur	q6, [x0, #8]
     ab4:	3cc0c018 	ldur	q24, [x0, #12]
     ab8:	3cc1c017 	ldur	q23, [x0, #28]
     abc:	3cc28003 	ldur	q3, [x0, #40]
     ac0:	3cc2c016 	ldur	q22, [x0, #44]
     ac4:	3cc3c015 	ldur	q21, [x0, #60]
     ac8:	3cc4c014 	ldur	q20, [x0, #76]
     acc:	3cc5c01f 	ldur	q31, [x0, #92]
     ad0:	3cc68000 	ldur	q0, [x0, #104]
     ad4:	3cc38007 	ldur	q7, [x0, #56]
     ad8:	3cc4800a 	ldur	q10, [x0, #72]
     adc:	3cc58008 	ldur	q8, [x0, #88]
     ae0:	4e0404a5 	dup	v5.4s, v5.s[0]
     ae4:	6e24dce7 	fmul	v7.4s, v7.4s, v4.4s
     ae8:	4e30d670 	fadd	v16.4s, v19.4s, v16.4s
     aec:	4e2ed58e 	fadd	v14.4s, v12.4s, v14.4s
     af0:	6e24dd13 	fmul	v19.4s, v8.4s, v4.4s
     af4:	6e24dd4c 	fmul	v12.4s, v10.4s, v4.4s
     af8:	4e22d7c2 	fadd	v2.4s, v30.4s, v2.4s
     afc:	6e24dc21 	fmul	v1.4s, v1.4s, v4.4s
     b00:	6e24dcc6 	fmul	v6.4s, v6.4s, v4.4s
     b04:	6e24dc63 	fmul	v3.4s, v3.4s, v4.4s
     b08:	6e24dc04 	fmul	v4.4s, v0.4s, v4.4s
     b0c:	3cc6c000 	ldur	q0, [x0, #108]
     b10:	4e27d5ca 	fadd	v10.4s, v14.4s, v7.4s
     b14:	4e2cd5a8 	fadd	v8.4s, v13.4s, v12.4s
     b18:	4e24d444 	fadd	v4.4s, v2.4s, v4.4s
     b1c:	6e25df39 	fmul	v25.4s, v25.4s, v5.4s
     b20:	6e25df18 	fmul	v24.4s, v24.4s, v5.4s
     b24:	6e25def7 	fmul	v23.4s, v23.4s, v5.4s
     b28:	6e25ded6 	fmul	v22.4s, v22.4s, v5.4s
     b2c:	6e25deb5 	fmul	v21.4s, v21.4s, v5.4s
     b30:	6e25de94 	fmul	v20.4s, v20.4s, v5.4s
     b34:	6e25dfff 	fmul	v31.4s, v31.4s, v5.4s
     b38:	4e21d641 	fadd	v1.4s, v18.4s, v1.4s
     b3c:	4e26d626 	fadd	v6.4s, v17.4s, v6.4s
     b40:	4e29d609 	fadd	v9.4s, v16.4s, v9.4s
     b44:	4e23d5e3 	fadd	v3.4s, v15.4s, v3.4s
     b48:	4e33d567 	fadd	v7.4s, v11.4s, v19.4s
     b4c:	6e25dc00 	fmul	v0.4s, v0.4s, v5.4s
     b50:	4e35d54c 	fadd	v12.4s, v10.4s, v21.4s
     b54:	4e39d421 	fadd	v1.4s, v1.4s, v25.4s
     b58:	4e34d50a 	fadd	v10.4s, v8.4s, v20.4s
     b5c:	4e38d4c6 	fadd	v6.4s, v6.4s, v24.4s
     b60:	4e36d463 	fadd	v3.4s, v3.4s, v22.4s
     b64:	4e37d522 	fadd	v2.4s, v9.4s, v23.4s
     b68:	4e3fd4e8 	fadd	v8.4s, v7.4s, v31.4s
     b6c:	4e20d480 	fadd	v0.4s, v4.4s, v0.4s
     b70:	6b0a033f 	cmp	w25, w10
     b74:	54fff2ac 	b.gt	9c8 <conv2d._omp_fn.1+0x1d8>
     b78:	4ea11c34 	mov	v20.16b, v1.16b
     b7c:	93407c21 	sxtw	x1, w1
     b80:	4ea61cd5 	mov	v21.16b, v6.16b
     b84:	8b080020 	add	x0, x1, x8
     b88:	4ea21c56 	mov	v22.16b, v2.16b
     b8c:	4ea31c77 	mov	v23.16b, v3.16b
     b90:	8b000a80 	add	x0, x20, x0, lsl #2
     b94:	4ea81d18 	mov	v24.16b, v8.16b
     b98:	bc617845 	ldr	s5, [x2, x1, lsl #2]
     b9c:	ad401801 	ldp	q1, q6, [x0]
     ba0:	4e0404a5 	dup	v5.4s, v5.s[0]
     ba4:	bc617884 	ldr	s4, [x4, x1, lsl #2]
     ba8:	3dc00802 	ldr	q2, [x0, #32]
     bac:	91000821 	add	x1, x1, #0x2
     bb0:	3dc00c03 	ldr	q3, [x0, #48]
     bb4:	3dc0100e 	ldr	q14, [x0, #64]
     bb8:	3dc0140b 	ldr	q11, [x0, #80]
     bbc:	ad431c08 	ldp	q8, q7, [x0, #96]
     bc0:	91002000 	add	x0, x0, #0x8
     bc4:	4e040484 	dup	v4.4s, v4.s[0]
     bc8:	6e25dc21 	fmul	v1.4s, v1.4s, v5.4s
     bcc:	6e25dd09 	fmul	v9.4s, v8.4s, v5.4s
     bd0:	6e25dcc6 	fmul	v6.4s, v6.4s, v5.4s
     bd4:	6e25dc42 	fmul	v2.4s, v2.4s, v5.4s
     bd8:	6e25dc63 	fmul	v3.4s, v3.4s, v5.4s
     bdc:	6e25ddce 	fmul	v14.4s, v14.4s, v5.4s
     be0:	6e25dd6b 	fmul	v11.4s, v11.4s, v5.4s
     be4:	6e25dce5 	fmul	v5.4s, v7.4s, v5.4s
     be8:	3cdfc008 	ldur	q8, [x0, #-4]
     bec:	3cc0c013 	ldur	q19, [x0, #12]
     bf0:	3cc1c012 	ldur	q18, [x0, #28]
     bf4:	3cc2c011 	ldur	q17, [x0, #44]
     bf8:	3cc3c00d 	ldur	q13, [x0, #60]
     bfc:	3cc4c010 	ldur	q16, [x0, #76]
     c00:	3cc5c007 	ldur	q7, [x0, #92]
     c04:	3cc6c00f 	ldur	q15, [x0, #108]
     c08:	4e34d421 	fadd	v1.4s, v1.4s, v20.4s
     c0c:	4e2cd5ce 	fadd	v14.4s, v14.4s, v12.4s
     c10:	4e2ad56b 	fadd	v11.4s, v11.4s, v10.4s
     c14:	4e20d4a5 	fadd	v5.4s, v5.4s, v0.4s
     c18:	6e24dd14 	fmul	v20.4s, v8.4s, v4.4s
     c1c:	4e35d4c6 	fadd	v6.4s, v6.4s, v21.4s
     c20:	6e24de73 	fmul	v19.4s, v19.4s, v4.4s
     c24:	4e36d442 	fadd	v2.4s, v2.4s, v22.4s
     c28:	6e24de52 	fmul	v18.4s, v18.4s, v4.4s
     c2c:	4e37d463 	fadd	v3.4s, v3.4s, v23.4s
     c30:	6e24de31 	fmul	v17.4s, v17.4s, v4.4s
     c34:	6e24ddac 	fmul	v12.4s, v13.4s, v4.4s
     c38:	6e24de0a 	fmul	v10.4s, v16.4s, v4.4s
     c3c:	6e24dde0 	fmul	v0.4s, v15.4s, v4.4s
     c40:	4e38d528 	fadd	v8.4s, v9.4s, v24.4s
     c44:	6e24dce7 	fmul	v7.4s, v7.4s, v4.4s
     c48:	4e33d4d5 	fadd	v21.4s, v6.4s, v19.4s
     c4c:	4e32d456 	fadd	v22.4s, v2.4s, v18.4s
     c50:	4e31d477 	fadd	v23.4s, v3.4s, v17.4s
     c54:	4e2cd5cc 	fadd	v12.4s, v14.4s, v12.4s
     c58:	4e2ad56a 	fadd	v10.4s, v11.4s, v10.4s
     c5c:	4e20d4a0 	fadd	v0.4s, v5.4s, v0.4s
     c60:	4e34d434 	fadd	v20.4s, v1.4s, v20.4s
     c64:	4e27d518 	fadd	v24.4s, v8.4s, v7.4s
     c68:	6b01027f 	cmp	w19, w1
     c6c:	54fff96c 	b.gt	b98 <conv2d._omp_fn.1+0x3a8>
     c70:	4eb41e81 	mov	v1.16b, v20.16b
     c74:	52800020 	mov	w0, #0x1                   	// #1
     c78:	4eb51ea6 	mov	v6.16b, v21.16b
     c7c:	2a1703e1 	mov	w1, w23
     c80:	4eb61ec2 	mov	v2.16b, v22.16b
     c84:	2a0003e7 	mov	w7, w0
     c88:	4eb71ee3 	mov	v3.16b, v23.16b
     c8c:	2a0003ed 	mov	w13, w0
     c90:	4eb81f08 	mov	v8.16b, v24.16b
     c94:	2a0003ea 	mov	w10, w0
     c98:	2a0003ee 	mov	w14, w0
     c9c:	2a0003ef 	mov	w15, w0
     ca0:	2a0003f0 	mov	w16, w0
     ca4:	2a0003f1 	mov	w17, w0
     ca8:	6b01035f 	cmp	w26, w1
     cac:	54000fed 	b.le	ea8 <conv2d._omp_fn.1+0x6b8>
     cb0:	11000420 	add	w0, w1, #0x1
     cb4:	6b00027f 	cmp	w19, w0
     cb8:	54003a0d 	b.le	13f8 <conv2d._omp_fn.1+0xc08>
     cbc:	93407c20 	sxtw	x0, w1
     cc0:	8b21c84d 	add	x13, x2, w1, sxtw #2
     cc4:	8b08000a 	add	x10, x0, x8
     cc8:	11000c2e 	add	w14, w1, #0x3
     ccc:	d37ef54a 	lsl	x10, x10, #2
     cd0:	bc607845 	ldr	s5, [x2, x0, lsl #2]
     cd4:	8b0a0287 	add	x7, x20, x10
     cd8:	9100114f 	add	x15, x10, #0x4
     cdc:	8b0f0280 	add	x0, x20, x15
     ce0:	bd4005a4 	ldr	s4, [x13, #4]
     ce4:	4e0404a5 	dup	v5.4s, v5.s[0]
     ce8:	3cea6a87 	ldr	q7, [x20, x10]
     cec:	1100082a 	add	w10, w1, #0x2
     cf0:	ad40dcf8 	ldp	q24, q23, [x7, #16]
     cf4:	ad41c0f6 	ldp	q22, q16, [x7, #48]
     cf8:	ad42b4ef 	ldp	q15, q13, [x7, #80]
     cfc:	3dc01ce9 	ldr	q9, [x7, #112]
     d00:	4e040484 	dup	v4.4s, v4.s[0]
     d04:	6e25df18 	fmul	v24.4s, v24.4s, v5.4s
     d08:	6e25def7 	fmul	v23.4s, v23.4s, v5.4s
     d0c:	6e25ded6 	fmul	v22.4s, v22.4s, v5.4s
     d10:	6e25de10 	fmul	v16.4s, v16.4s, v5.4s
     d14:	6e25ddef 	fmul	v15.4s, v15.4s, v5.4s
     d18:	6e25ddad 	fmul	v13.4s, v13.4s, v5.4s
     d1c:	6e25dd29 	fmul	v9.4s, v9.4s, v5.4s
     d20:	6e25dce5 	fmul	v5.4s, v7.4s, v5.4s
     d24:	3cef6a91 	ldr	q17, [x20, x15]
     d28:	ad40d015 	ldp	q21, q20, [x0, #16]
     d2c:	ad41c813 	ldp	q19, q18, [x0, #48]
     d30:	ad42ac0e 	ldp	q14, q11, [x0, #80]
     d34:	3dc01c07 	ldr	q7, [x0, #112]
     d38:	4e21d4a5 	fadd	v5.4s, v5.4s, v1.4s
     d3c:	4e26d706 	fadd	v6.4s, v24.4s, v6.4s
     d40:	4e22d6e2 	fadd	v2.4s, v23.4s, v2.4s
     d44:	4e23d6c3 	fadd	v3.4s, v22.4s, v3.4s
     d48:	4e2cd60c 	fadd	v12.4s, v16.4s, v12.4s
     d4c:	4e2ad5ea 	fadd	v10.4s, v15.4s, v10.4s
     d50:	4e28d5a8 	fadd	v8.4s, v13.4s, v8.4s
     d54:	4e20d520 	fadd	v0.4s, v9.4s, v0.4s
     d58:	6e24deb5 	fmul	v21.4s, v21.4s, v4.4s
     d5c:	6e24de94 	fmul	v20.4s, v20.4s, v4.4s
     d60:	6e24de73 	fmul	v19.4s, v19.4s, v4.4s
     d64:	6e24de52 	fmul	v18.4s, v18.4s, v4.4s
     d68:	6e24ddce 	fmul	v14.4s, v14.4s, v4.4s
     d6c:	6e24dd6b 	fmul	v11.4s, v11.4s, v4.4s
     d70:	6e24dce7 	fmul	v7.4s, v7.4s, v4.4s
     d74:	6e24de21 	fmul	v1.4s, v17.4s, v4.4s
     d78:	4e35d4c6 	fadd	v6.4s, v6.4s, v21.4s
     d7c:	4e34d442 	fadd	v2.4s, v2.4s, v20.4s
     d80:	4e33d463 	fadd	v3.4s, v3.4s, v19.4s
     d84:	4e32d58c 	fadd	v12.4s, v12.4s, v18.4s
     d88:	4e2ed54a 	fadd	v10.4s, v10.4s, v14.4s
     d8c:	4e2bd508 	fadd	v8.4s, v8.4s, v11.4s
     d90:	4e27d400 	fadd	v0.4s, v0.4s, v7.4s
     d94:	4e21d4a1 	fadd	v1.4s, v5.4s, v1.4s
     d98:	6b0e027f 	cmp	w19, w14
     d9c:	54007cac 	b.gt	1d30 <conv2d._omp_fn.1+0x1540>
     da0:	93407d40 	sxtw	x0, w10
     da4:	11000547 	add	w7, w10, #0x1
     da8:	8b080001 	add	x1, x0, x8
     dac:	937e7d4a 	sbfiz	x10, x10, #2, #32
     db0:	d37ef421 	lsl	x1, x1, #2
     db4:	bc607844 	ldr	s4, [x2, x0, lsl #2]
     db8:	8b010280 	add	x0, x20, x1
     dbc:	4e040484 	dup	v4.4s, v4.s[0]
     dc0:	3ce16a85 	ldr	q5, [x20, x1]
     dc4:	ad40bc10 	ldp	q16, q15, [x0, #16]
     dc8:	ad41b40e 	ldp	q14, q13, [x0, #48]
     dcc:	ad42a40b 	ldp	q11, q9, [x0, #80]
     dd0:	3dc01c07 	ldr	q7, [x0, #112]
     dd4:	6e24de10 	fmul	v16.4s, v16.4s, v4.4s
     dd8:	6e24ddef 	fmul	v15.4s, v15.4s, v4.4s
     ddc:	6e24ddce 	fmul	v14.4s, v14.4s, v4.4s
     de0:	6e24ddad 	fmul	v13.4s, v13.4s, v4.4s
     de4:	6e24dd6b 	fmul	v11.4s, v11.4s, v4.4s
     de8:	6e24dd29 	fmul	v9.4s, v9.4s, v4.4s
     dec:	6e24dce7 	fmul	v7.4s, v7.4s, v4.4s
     df0:	6e24dca4 	fmul	v4.4s, v5.4s, v4.4s
     df4:	4e30d4c6 	fadd	v6.4s, v6.4s, v16.4s
     df8:	4e2fd442 	fadd	v2.4s, v2.4s, v15.4s
     dfc:	4e2ed463 	fadd	v3.4s, v3.4s, v14.4s
     e00:	4e2dd58c 	fadd	v12.4s, v12.4s, v13.4s
     e04:	4e2bd54a 	fadd	v10.4s, v10.4s, v11.4s
     e08:	4e29d508 	fadd	v8.4s, v8.4s, v9.4s
     e0c:	4e27d400 	fadd	v0.4s, v0.4s, v7.4s
     e10:	4e24d421 	fadd	v1.4s, v1.4s, v4.4s
     e14:	6b07035f 	cmp	w26, w7
     e18:	54002c0d 	b.le	1398 <conv2d._omp_fn.1+0xba8>
     e1c:	8b27c10f 	add	x15, x8, w7, sxtw
     e20:	8b0a004a 	add	x10, x2, x10
     e24:	52800020 	mov	w0, #0x1                   	// #1
     e28:	2a0003e7 	mov	w7, w0
     e2c:	d37ef5ef 	lsl	x15, x15, #2
     e30:	2a0003ed 	mov	w13, w0
     e34:	8b0f0281 	add	x1, x20, x15
     e38:	bd400544 	ldr	s4, [x10, #4]
     e3c:	2a0003ee 	mov	w14, w0
     e40:	2a0003f0 	mov	w16, w0
     e44:	3cef6a85 	ldr	q5, [x20, x15]
     e48:	2a0003f1 	mov	w17, w0
     e4c:	4e040484 	dup	v4.4s, v4.s[0]
     e50:	2a0003ef 	mov	w15, w0
     e54:	ad40bc30 	ldp	q16, q15, [x1, #16]
     e58:	2a0003ea 	mov	w10, w0
     e5c:	ad41b42e 	ldp	q14, q13, [x1, #48]
     e60:	ad42a42b 	ldp	q11, q9, [x1, #80]
     e64:	3dc01c27 	ldr	q7, [x1, #112]
     e68:	6e24de10 	fmul	v16.4s, v16.4s, v4.4s
     e6c:	6e24ddef 	fmul	v15.4s, v15.4s, v4.4s
     e70:	6e24ddce 	fmul	v14.4s, v14.4s, v4.4s
     e74:	6e24ddad 	fmul	v13.4s, v13.4s, v4.4s
     e78:	6e24dd6b 	fmul	v11.4s, v11.4s, v4.4s
     e7c:	6e24dd29 	fmul	v9.4s, v9.4s, v4.4s
     e80:	6e24dce7 	fmul	v7.4s, v7.4s, v4.4s
     e84:	6e24dca4 	fmul	v4.4s, v5.4s, v4.4s
     e88:	4e30d4c6 	fadd	v6.4s, v6.4s, v16.4s
     e8c:	4e2fd442 	fadd	v2.4s, v2.4s, v15.4s
     e90:	4e2ed463 	fadd	v3.4s, v3.4s, v14.4s
     e94:	4e2dd58c 	fadd	v12.4s, v12.4s, v13.4s
     e98:	4e2bd54a 	fadd	v10.4s, v10.4s, v11.4s
     e9c:	4e29d508 	fadd	v8.4s, v8.4s, v9.4s
     ea0:	4e27d400 	fadd	v0.4s, v0.4s, v7.4s
     ea4:	4e24d421 	fadd	v1.4s, v1.4s, v4.4s
     ea8:	11000529 	add	w9, w9, #0x1
     eac:	8b150042 	add	x2, x2, x21
     eb0:	8b160108 	add	x8, x8, x22
     eb4:	8b150084 	add	x4, x4, x21
     eb8:	6b09037f 	cmp	w27, w9
     ebc:	54ffd7a1 	b.ne	9b0 <conv2d._omp_fn.1+0x1c0>  // b.any
     ec0:	34000051 	cbz	w17, ec8 <conv2d._omp_fn.1+0x6d8>
     ec4:	3d803fe1 	str	q1, [sp, #240]
     ec8:	34000050 	cbz	w16, ed0 <conv2d._omp_fn.1+0x6e0>
     ecc:	3d8043e6 	str	q6, [sp, #256]
     ed0:	3400004f 	cbz	w15, ed8 <conv2d._omp_fn.1+0x6e8>
     ed4:	3d8047e2 	str	q2, [sp, #272]
     ed8:	3400004e 	cbz	w14, ee0 <conv2d._omp_fn.1+0x6f0>
     edc:	3d804be3 	str	q3, [sp, #288]
     ee0:	3400004a 	cbz	w10, ee8 <conv2d._omp_fn.1+0x6f8>
     ee4:	3d804fec 	str	q12, [sp, #304]
     ee8:	3400004d 	cbz	w13, ef0 <conv2d._omp_fn.1+0x700>
     eec:	3d8053ea 	str	q10, [sp, #320]
     ef0:	34000047 	cbz	w7, ef8 <conv2d._omp_fn.1+0x708>
     ef4:	3d8057e8 	str	q8, [sp, #336]
     ef8:	34000040 	cbz	w0, f00 <conv2d._omp_fn.1+0x710>
     efc:	3d805be0 	str	q0, [sp, #352]
     f00:	11008063 	add	w3, w3, #0x20
     f04:	a9400640 	ldp	x0, x1, [x18]
     f08:	a90007c0 	stp	x0, x1, [x30]
     f0c:	4b0300c2 	sub	w2, w6, w3
     f10:	a9410640 	ldp	x0, x1, [x18, #16]
     f14:	a90107c0 	stp	x0, x1, [x30, #16]
     f18:	9100818c 	add	x12, x12, #0x20
     f1c:	a9420640 	ldp	x0, x1, [x18, #32]
     f20:	a90207c0 	stp	x0, x1, [x30, #32]
     f24:	910203de 	add	x30, x30, #0x80
     f28:	a9430640 	ldp	x0, x1, [x18, #48]
     f2c:	a93b07c0 	stp	x0, x1, [x30, #-80]
     f30:	a9440640 	ldp	x0, x1, [x18, #64]
     f34:	a93c07c0 	stp	x0, x1, [x30, #-64]
     f38:	a9450640 	ldp	x0, x1, [x18, #80]
     f3c:	a93d07c0 	stp	x0, x1, [x30, #-48]
     f40:	a9460640 	ldp	x0, x1, [x18, #96]
     f44:	a93e07c0 	stp	x0, x1, [x30, #-32]
     f48:	a9470640 	ldp	x0, x1, [x18, #112]
     f4c:	a93f07c0 	stp	x0, x1, [x30, #-16]
     f50:	71007c5f 	cmp	w2, #0x1f
     f54:	54ffcf0c 	b.gt	934 <conv2d._omp_fn.1+0x144>
     f58:	71003c5f 	cmp	w2, #0xf
     f5c:	54001e6d 	b.le	1328 <conv2d._omp_fn.1+0xb38>
     f60:	93407c67 	sxtw	x7, w3
     f64:	8b23c8a4 	add	x4, x5, w3, sxtw #2
     f68:	9103c3f2 	add	x18, sp, #0xf0
     f6c:	a90f7fff 	stp	xzr, xzr, [sp, #240]
     f70:	a9107fff 	stp	xzr, xzr, [sp, #256]
     f74:	a9117fff 	stp	xzr, xzr, [sp, #272]
     f78:	a9127fff 	stp	xzr, xzr, [sp, #288]
     f7c:	7100037f 	cmp	w27, #0x0
     f80:	54001b8d 	b.le	12f0 <conv2d._omp_fn.1+0xb00>
     f84:	4f000400 	movi	v0.4s, #0x0
     f88:	8b07016a 	add	x10, x11, x7
     f8c:	91001388 	add	x8, x28, #0x4
     f90:	aa1c03e2 	mov	x2, x28
     f94:	52800000 	mov	w0, #0x0                   	// #0
     f98:	5280000c 	mov	w12, #0x0                   	// #0
     f9c:	5280000e 	mov	w14, #0x0                   	// #0
     fa0:	52800009 	mov	w9, #0x0                   	// #0
     fa4:	4ea01c0d 	mov	v13.16b, v0.16b
     fa8:	5280000d 	mov	w13, #0x0                   	// #0
     fac:	4ea01c05 	mov	v5.16b, v0.16b
     fb0:	4ea01c07 	mov	v7.16b, v0.16b
     fb4:	d503201f 	nop
     fb8:	7100027f 	cmp	w19, #0x0
     fbc:	540020ad 	b.le	13d0 <conv2d._omp_fn.1+0xbe0>
     fc0:	34002158 	cbz	w24, 13e8 <conv2d._omp_fn.1+0xbf8>
     fc4:	aa0203e9 	mov	x9, x2
     fc8:	8b0a0a80 	add	x0, x20, x10, lsl #2
     fcc:	52800001 	mov	w1, #0x0                   	// #0
     fd0:	3dc00004 	ldr	q4, [x0]
     fd4:	1100182c 	add	w12, w1, #0x6
     fd8:	2d40a129 	ldp	s9, s8, [x9, #4]
     fdc:	11001021 	add	w1, w1, #0x4
     fe0:	3dc00402 	ldr	q2, [x0, #16]
     fe4:	91004000 	add	x0, x0, #0x10
     fe8:	3dc00403 	ldr	q3, [x0, #16]
     fec:	3dc00801 	ldr	q1, [x0, #32]
     ff0:	4e040529 	dup	v9.4s, v9.s[0]
     ff4:	4d40c92a 	ld1r	{v10.4s}, [x9]
     ff8:	3cdf400f 	ldur	q15, [x0, #-12]
     ffc:	91004129 	add	x9, x9, #0x10
    1000:	6e2adc84 	fmul	v4.4s, v4.4s, v10.4s
    1004:	bc5fc126 	ldur	s6, [x9, #-4]
    1008:	6e2adc42 	fmul	v2.4s, v2.4s, v10.4s
    100c:	6e2adc21 	fmul	v1.4s, v1.4s, v10.4s
    1010:	6e2adc63 	fmul	v3.4s, v3.4s, v10.4s
    1014:	3cc0400e 	ldur	q14, [x0, #4]
    1018:	3cc1400b 	ldur	q11, [x0, #20]
    101c:	3cc2400a 	ldur	q10, [x0, #36]
    1020:	4e27d487 	fadd	v7.4s, v4.4s, v7.4s
    1024:	4e25d445 	fadd	v5.4s, v2.4s, v5.4s
    1028:	4e040504 	dup	v4.4s, v8.s[0]
    102c:	6e29dd42 	fmul	v2.4s, v10.4s, v9.4s
    1030:	6e29dd68 	fmul	v8.4s, v11.4s, v9.4s
    1034:	4e2dd463 	fadd	v3.4s, v3.4s, v13.4s
    1038:	4e20d420 	fadd	v0.4s, v1.4s, v0.4s
    103c:	6e29ddef 	fmul	v15.4s, v15.4s, v9.4s
    1040:	6e29ddce 	fmul	v14.4s, v14.4s, v9.4s
    1044:	3cdf800c 	ldur	q12, [x0, #-8]
    1048:	3cc0800b 	ldur	q11, [x0, #8]
    104c:	3cc1800a 	ldur	q10, [x0, #24]
    1050:	3cc28009 	ldur	q9, [x0, #40]
    1054:	4e0404c1 	dup	v1.4s, v6.s[0]
    1058:	6e24dd8c 	fmul	v12.4s, v12.4s, v4.4s
    105c:	4e28d463 	fadd	v3.4s, v3.4s, v8.4s
    1060:	4e22d400 	fadd	v0.4s, v0.4s, v2.4s
    1064:	6e24dd6b 	fmul	v11.4s, v11.4s, v4.4s
    1068:	6e24dd4a 	fmul	v10.4s, v10.4s, v4.4s
    106c:	6e24dd29 	fmul	v9.4s, v9.4s, v4.4s
    1070:	4e2fd4e7 	fadd	v7.4s, v7.4s, v15.4s
    1074:	4e2ed4a5 	fadd	v5.4s, v5.4s, v14.4s
    1078:	3cdfc008 	ldur	q8, [x0, #-4]
    107c:	3cc0c006 	ldur	q6, [x0, #12]
    1080:	3cc1c004 	ldur	q4, [x0, #28]
    1084:	3cc2c002 	ldur	q2, [x0, #44]
    1088:	6e21dd08 	fmul	v8.4s, v8.4s, v1.4s
    108c:	6e21dcc6 	fmul	v6.4s, v6.4s, v1.4s
    1090:	6e21dc84 	fmul	v4.4s, v4.4s, v1.4s
    1094:	4e2cd4e7 	fadd	v7.4s, v7.4s, v12.4s
    1098:	4e2bd4a5 	fadd	v5.4s, v5.4s, v11.4s
    109c:	4e2ad463 	fadd	v3.4s, v3.4s, v10.4s
    10a0:	4e29d400 	fadd	v0.4s, v0.4s, v9.4s
    10a4:	6e21dc41 	fmul	v1.4s, v2.4s, v1.4s
    10a8:	4e28d4e7 	fadd	v7.4s, v7.4s, v8.4s
    10ac:	4e26d4a5 	fadd	v5.4s, v5.4s, v6.4s
    10b0:	4e24d46d 	fadd	v13.4s, v3.4s, v4.4s
    10b4:	4e21d400 	fadd	v0.4s, v0.4s, v1.4s
    10b8:	6b0c033f 	cmp	w25, w12
    10bc:	54fff8ac 	b.gt	fd0 <conv2d._omp_fn.1+0x7e0>
    10c0:	93407c21 	sxtw	x1, w1
    10c4:	8b0a0020 	add	x0, x1, x10
    10c8:	8b000a80 	add	x0, x20, x0, lsl #2
    10cc:	d503201f 	nop
    10d0:	bc617842 	ldr	s2, [x2, x1, lsl #2]
    10d4:	91002000 	add	x0, x0, #0x8
    10d8:	3cdf8008 	ldur	q8, [x0, #-8]
    10dc:	4e040442 	dup	v2.4s, v2.s[0]
    10e0:	bc617901 	ldr	s1, [x8, x1, lsl #2]
    10e4:	3cc08006 	ldur	q6, [x0, #8]
    10e8:	91000821 	add	x1, x1, #0x2
    10ec:	3cc18004 	ldur	q4, [x0, #24]
    10f0:	3cc28003 	ldur	q3, [x0, #40]
    10f4:	4e040421 	dup	v1.4s, v1.s[0]
    10f8:	6e22dd08 	fmul	v8.4s, v8.4s, v2.4s
    10fc:	6e22dcc6 	fmul	v6.4s, v6.4s, v2.4s
    1100:	6e22dc84 	fmul	v4.4s, v4.4s, v2.4s
    1104:	6e22dc62 	fmul	v2.4s, v3.4s, v2.4s
    1108:	3cdfc00c 	ldur	q12, [x0, #-4]
    110c:	3cc0c00b 	ldur	q11, [x0, #12]
    1110:	3cc1c00a 	ldur	q10, [x0, #28]
    1114:	3cc2c009 	ldur	q9, [x0, #44]
    1118:	4e27d507 	fadd	v7.4s, v8.4s, v7.4s
    111c:	4e25d4c5 	fadd	v5.4s, v6.4s, v5.4s
    1120:	6e21dd88 	fmul	v8.4s, v12.4s, v1.4s
    1124:	6e21dd66 	fmul	v6.4s, v11.4s, v1.4s
    1128:	4e2dd483 	fadd	v3.4s, v4.4s, v13.4s
    112c:	4e20d440 	fadd	v0.4s, v2.4s, v0.4s
    1130:	6e21dd44 	fmul	v4.4s, v10.4s, v1.4s
    1134:	6e21dd21 	fmul	v1.4s, v9.4s, v1.4s
    1138:	4e28d4e7 	fadd	v7.4s, v7.4s, v8.4s
    113c:	4e26d4a5 	fadd	v5.4s, v5.4s, v6.4s
    1140:	4e24d46d 	fadd	v13.4s, v3.4s, v4.4s
    1144:	4e21d400 	fadd	v0.4s, v0.4s, v1.4s
    1148:	6b01027f 	cmp	w19, w1
    114c:	54fffc2c 	b.gt	10d0 <conv2d._omp_fn.1+0x8e0>
    1150:	52800020 	mov	w0, #0x1                   	// #1
    1154:	2a1703e1 	mov	w1, w23
    1158:	2a0003ec 	mov	w12, w0
    115c:	2a0003ee 	mov	w14, w0
    1160:	2a0003e9 	mov	w9, w0
    1164:	6b01035f 	cmp	w26, w1
    1168:	54000a8d 	b.le	12b8 <conv2d._omp_fn.1+0xac8>
    116c:	11000420 	add	w0, w1, #0x1
    1170:	6b00027f 	cmp	w19, w0
    1174:	540013ed 	b.le	13f0 <conv2d._omp_fn.1+0xc00>
    1178:	93407c29 	sxtw	x9, w1
    117c:	8b21c84e 	add	x14, x2, w1, sxtw #2
    1180:	8b0a0120 	add	x0, x9, x10
    1184:	11000c2c 	add	w12, w1, #0x3
    1188:	d37ef400 	lsl	x0, x0, #2
    118c:	bc697842 	ldr	s2, [x2, x9, lsl #2]
    1190:	8b00028f 	add	x15, x20, x0
    1194:	91001010 	add	x16, x0, #0x4
    1198:	8b100289 	add	x9, x20, x16
    119c:	bd4005c1 	ldr	s1, [x14, #4]
    11a0:	4e040442 	dup	v2.4s, v2.s[0]
    11a4:	3ce06a83 	ldr	q3, [x20, x0]
    11a8:	11000820 	add	w0, w1, #0x2
    11ac:	ad4099e8 	ldp	q8, q6, [x15, #16]
    11b0:	3dc00de4 	ldr	q4, [x15, #48]
    11b4:	4e040421 	dup	v1.4s, v1.s[0]
    11b8:	6e22dd08 	fmul	v8.4s, v8.4s, v2.4s
    11bc:	6e22dcc6 	fmul	v6.4s, v6.4s, v2.4s
    11c0:	6e22dc84 	fmul	v4.4s, v4.4s, v2.4s
    11c4:	6e22dc62 	fmul	v2.4s, v3.4s, v2.4s
    11c8:	3cf06a89 	ldr	q9, [x20, x16]
    11cc:	3dc0052b 	ldr	q11, [x9, #16]
    11d0:	3dc00923 	ldr	q3, [x9, #32]
    11d4:	3dc00d2a 	ldr	q10, [x9, #48]
    11d8:	6e21dd6b 	fmul	v11.4s, v11.4s, v1.4s
    11dc:	4e25d505 	fadd	v5.4s, v8.4s, v5.4s
    11e0:	4e20d480 	fadd	v0.4s, v4.4s, v0.4s
    11e4:	6e21dc68 	fmul	v8.4s, v3.4s, v1.4s
    11e8:	4e27d447 	fadd	v7.4s, v2.4s, v7.4s
    11ec:	4e2dd4c3 	fadd	v3.4s, v6.4s, v13.4s
    11f0:	6e21dd46 	fmul	v6.4s, v10.4s, v1.4s
    11f4:	6e21dd21 	fmul	v1.4s, v9.4s, v1.4s
    11f8:	4e2bd4a5 	fadd	v5.4s, v5.4s, v11.4s
    11fc:	4e28d46d 	fadd	v13.4s, v3.4s, v8.4s
    1200:	4e26d400 	fadd	v0.4s, v0.4s, v6.4s
    1204:	4e21d4e7 	fadd	v7.4s, v7.4s, v1.4s
    1208:	6b0c027f 	cmp	w19, w12
    120c:	5400552c 	b.gt	1cb0 <conv2d._omp_fn.1+0x14c0>
    1210:	93407c0c 	sxtw	x12, w0
    1214:	11000409 	add	w9, w0, #0x1
    1218:	8b0a0181 	add	x1, x12, x10
    121c:	937e7c00 	sbfiz	x0, x0, #2, #32
    1220:	d37ef421 	lsl	x1, x1, #2
    1224:	bc6c7841 	ldr	s1, [x2, x12, lsl #2]
    1228:	8b01028c 	add	x12, x20, x1
    122c:	4e040421 	dup	v1.4s, v1.s[0]
    1230:	3ce16a82 	ldr	q2, [x20, x1]
    1234:	ad409186 	ldp	q6, q4, [x12, #16]
    1238:	3dc00d83 	ldr	q3, [x12, #48]
    123c:	6e21dcc6 	fmul	v6.4s, v6.4s, v1.4s
    1240:	6e21dc84 	fmul	v4.4s, v4.4s, v1.4s
    1244:	6e21dc63 	fmul	v3.4s, v3.4s, v1.4s
    1248:	6e21dc41 	fmul	v1.4s, v2.4s, v1.4s
    124c:	4e26d4a5 	fadd	v5.4s, v5.4s, v6.4s
    1250:	4e24d5ad 	fadd	v13.4s, v13.4s, v4.4s
    1254:	4e23d400 	fadd	v0.4s, v0.4s, v3.4s
    1258:	4e21d4e7 	fadd	v7.4s, v7.4s, v1.4s
    125c:	6b09035f 	cmp	w26, w9
    1260:	54000aed 	b.le	13bc <conv2d._omp_fn.1+0xbcc>
    1264:	8b000041 	add	x1, x2, x0
    1268:	8b29c149 	add	x9, x10, w9, sxtw
    126c:	52800020 	mov	w0, #0x1                   	// #1
    1270:	2a0003ec 	mov	w12, w0
    1274:	d37ef529 	lsl	x9, x9, #2
    1278:	2a0003ee 	mov	w14, w0
    127c:	8b09028f 	add	x15, x20, x9
    1280:	bd400421 	ldr	s1, [x1, #4]
    1284:	3ce96a82 	ldr	q2, [x20, x9]
    1288:	2a0003e9 	mov	w9, w0
    128c:	4e040421 	dup	v1.4s, v1.s[0]
    1290:	ad4091e6 	ldp	q6, q4, [x15, #16]
    1294:	3dc00de3 	ldr	q3, [x15, #48]
    1298:	6e21dcc6 	fmul	v6.4s, v6.4s, v1.4s
    129c:	6e21dc84 	fmul	v4.4s, v4.4s, v1.4s
    12a0:	6e21dc63 	fmul	v3.4s, v3.4s, v1.4s
    12a4:	6e21dc41 	fmul	v1.4s, v2.4s, v1.4s
    12a8:	4e26d4a5 	fadd	v5.4s, v5.4s, v6.4s
    12ac:	4e24d5ad 	fadd	v13.4s, v13.4s, v4.4s
    12b0:	4e23d400 	fadd	v0.4s, v0.4s, v3.4s
    12b4:	4e21d4e7 	fadd	v7.4s, v7.4s, v1.4s
    12b8:	110005ad 	add	w13, w13, #0x1
    12bc:	8b150042 	add	x2, x2, x21
    12c0:	8b16014a 	add	x10, x10, x22
    12c4:	8b150108 	add	x8, x8, x21
    12c8:	6b0d037f 	cmp	w27, w13
    12cc:	54ffe761 	b.ne	fb8 <conv2d._omp_fn.1+0x7c8>  // b.any
    12d0:	34000049 	cbz	w9, 12d8 <conv2d._omp_fn.1+0xae8>
    12d4:	3d803fe7 	str	q7, [sp, #240]
    12d8:	3400004e 	cbz	w14, 12e0 <conv2d._omp_fn.1+0xaf0>
    12dc:	3d8043e5 	str	q5, [sp, #256]
    12e0:	3400004c 	cbz	w12, 12e8 <conv2d._omp_fn.1+0xaf8>
    12e4:	3d8047ed 	str	q13, [sp, #272]
    12e8:	34000040 	cbz	w0, 12f0 <conv2d._omp_fn.1+0xb00>
    12ec:	3d804be0 	str	q0, [sp, #288]
    12f0:	11004063 	add	w3, w3, #0x10
    12f4:	a9400640 	ldp	x0, x1, [x18]
    12f8:	a9000480 	stp	x0, x1, [x4]
    12fc:	4b0300c2 	sub	w2, w6, w3
    1300:	a9410640 	ldp	x0, x1, [x18, #16]
    1304:	a9010480 	stp	x0, x1, [x4, #16]
    1308:	910040e7 	add	x7, x7, #0x10
    130c:	a9420640 	ldp	x0, x1, [x18, #32]
    1310:	a9020480 	stp	x0, x1, [x4, #32]
    1314:	91010084 	add	x4, x4, #0x40
    1318:	a9430640 	ldp	x0, x1, [x18, #48]
    131c:	a93f0480 	stp	x0, x1, [x4, #-16]
    1320:	71003c5f 	cmp	w2, #0xf
    1324:	54ffe24c 	b.gt	f6c <conv2d._omp_fn.1+0x77c>
    1328:	71001c5f 	cmp	w2, #0x7
    132c:	54002f2c 	b.gt	1910 <conv2d._omp_fn.1+0x1120>
    1330:	71000c5f 	cmp	w2, #0x3
    1334:	5400210c 	b.gt	1754 <conv2d._omp_fn.1+0xf64>
    1338:	7100045f 	cmp	w2, #0x1
    133c:	540012cc 	b.gt	1594 <conv2d._omp_fn.1+0xda4>
    1340:	6b06007f 	cmp	w3, w6
    1344:	540007cb 	b.lt	143c <conv2d._omp_fn.1+0xc4c>  // b.tstop
    1348:	f94067e1 	ldr	x1, [sp, #200]
    134c:	8b16016b 	add	x11, x11, x22
    1350:	b940abe0 	ldr	w0, [sp, #168]
    1354:	8b0100a5 	add	x5, x5, x1
    1358:	b940b3e1 	ldr	w1, [sp, #176]
    135c:	11000400 	add	w0, w0, #0x1
    1360:	b900abe0 	str	w0, [sp, #168]
    1364:	6b00003f 	cmp	w1, w0
    1368:	54ffad01 	b.ne	908 <conv2d._omp_fn.1+0x118>  // b.any
    136c:	a94363f7 	ldp	x23, x24, [sp, #48]
    1370:	a94573fb 	ldp	x27, x28, [sp, #80]
    1374:	6d4627e8 	ldp	d8, d9, [sp, #96]
    1378:	6d472fea 	ldp	d10, d11, [sp, #112]
    137c:	6d4837ec 	ldp	d12, d13, [sp, #128]
    1380:	6d493fee 	ldp	d14, d15, [sp, #144]
    1384:	a94153f3 	ldp	x19, x20, [sp, #16]
    1388:	a9425bf5 	ldp	x21, x22, [sp, #32]
    138c:	a9446bf9 	ldp	x25, x26, [sp, #64]
    1390:	a8d77bfd 	ldp	x29, x30, [sp], #368
    1394:	d65f03c0 	ret
    1398:	52800020 	mov	w0, #0x1                   	// #1
    139c:	2a0003e7 	mov	w7, w0
    13a0:	2a0003ed 	mov	w13, w0
    13a4:	2a0003ea 	mov	w10, w0
    13a8:	2a0003ee 	mov	w14, w0
    13ac:	2a0003ef 	mov	w15, w0
    13b0:	2a0003f0 	mov	w16, w0
    13b4:	2a0003f1 	mov	w17, w0
    13b8:	17fffebc 	b	ea8 <conv2d._omp_fn.1+0x6b8>
    13bc:	52800020 	mov	w0, #0x1                   	// #1
    13c0:	2a0003ec 	mov	w12, w0
    13c4:	2a0003ee 	mov	w14, w0
    13c8:	2a0003e9 	mov	w9, w0
    13cc:	17ffffbb 	b	12b8 <conv2d._omp_fn.1+0xac8>
    13d0:	52800001 	mov	w1, #0x0                   	// #0
    13d4:	17ffff64 	b	1164 <conv2d._omp_fn.1+0x974>
    13d8:	52800001 	mov	w1, #0x0                   	// #0
    13dc:	17fffe33 	b	ca8 <conv2d._omp_fn.1+0x4b8>
    13e0:	52800001 	mov	w1, #0x0                   	// #0
    13e4:	17fffde5 	b	b78 <conv2d._omp_fn.1+0x388>
    13e8:	52800001 	mov	w1, #0x0                   	// #0
    13ec:	17ffff35 	b	10c0 <conv2d._omp_fn.1+0x8d0>
    13f0:	2a0103e0 	mov	w0, w1
    13f4:	17ffff87 	b	1210 <conv2d._omp_fn.1+0xa20>
    13f8:	2a0103ea 	mov	w10, w1
    13fc:	17fffe69 	b	da0 <conv2d._omp_fn.1+0x5b0>
    1400:	f94053e0 	ldr	x0, [sp, #160]
    1404:	2a1b03e3 	mov	w3, w27
    1408:	aa1c03e2 	mov	x2, x28
    140c:	2a1a03e4 	mov	w4, w26
    1410:	aa1603e1 	mov	x1, x22
    1414:	f9006fe5 	str	x5, [sp, #216]
    1418:	b900e7e6 	str	w6, [sp, #228]
    141c:	f90077eb 	str	x11, [sp, #232]
    1420:	97fffbc4 	bl	330 <conv_sve_prefix>
    1424:	b940e7e6 	ldr	w6, [sp, #228]
    1428:	2a0003e3 	mov	w3, w0
    142c:	f9406fe5 	ldr	x5, [sp, #216]
    1430:	4b0000c2 	sub	w2, w6, w0
    1434:	f94077eb 	ldr	x11, [sp, #232]
    1438:	17fffd3a 	b	920 <conv2d._omp_fn.1+0x130>
    143c:	937e7c61 	sbfiz	x1, x3, #2, #32
    1440:	93407c62 	sxtw	x2, w3
    1444:	8b0100a7 	add	x7, x5, x1
    1448:	7100037f 	cmp	w27, #0x0
    144c:	54003d0d 	b.le	1bec <conv2d._omp_fn.1+0x13fc>
    1450:	f94053e0 	ldr	x0, [sp, #160]
    1454:	8b0b0042 	add	x2, x2, x11
    1458:	0f000400 	movi	v0.2s, #0x0
    145c:	aa1c03e3 	mov	x3, x28
    1460:	8b020a82 	add	x2, x20, x2, lsl #2
    1464:	8b010001 	add	x1, x0, x1
    1468:	52800004 	mov	w4, #0x0                   	// #0
    146c:	f9405fe9 	ldr	x9, [sp, #184]
    1470:	14000009 	b	1494 <conv2d._omp_fn.1+0xca4>
    1474:	6b00035f 	cmp	w26, w0
    1478:	5400062c 	b.gt	153c <conv2d._omp_fn.1+0xd4c>
    147c:	11000484 	add	w4, w4, #0x1
    1480:	8b150063 	add	x3, x3, x21
    1484:	8b090021 	add	x1, x1, x9
    1488:	8b090042 	add	x2, x2, x9
    148c:	6b04037f 	cmp	w27, w4
    1490:	540007e0 	b.eq	158c <conv2d._omp_fn.1+0xd9c>  // b.none
    1494:	52800000 	mov	w0, #0x0                   	// #0
    1498:	7100027f 	cmp	w19, #0x0
    149c:	54fffecd 	b.le	1474 <conv2d._omp_fn.1+0xc84>
    14a0:	b940e3e0 	ldr	w0, [sp, #224]
    14a4:	7100041f 	cmp	w0, #0x1
    14a8:	540039e9 	b.ls	1be4 <conv2d._omp_fn.1+0x13f4>  // b.plast
    14ac:	d2800000 	mov	x0, #0x0                   	// #0
    14b0:	3ce06861 	ldr	q1, [x3, x0]
    14b4:	3ce06842 	ldr	q2, [x2, x0]
    14b8:	91004000 	add	x0, x0, #0x10
    14bc:	f9406be8 	ldr	x8, [sp, #208]
    14c0:	6e21dc42 	fmul	v2.4s, v2.4s, v1.4s
    14c4:	5e040441 	mov	s1, v2.s[0]
    14c8:	5e0c0443 	mov	s3, v2.s[1]
    14cc:	5e140444 	mov	s4, v2.s[2]
    14d0:	5e1c0442 	mov	s2, v2.s[3]
    14d4:	1e212800 	fadd	s0, s0, s1
    14d8:	1e202860 	fadd	s0, s3, s0
    14dc:	1e242800 	fadd	s0, s0, s4
    14e0:	1e222800 	fadd	s0, s0, s2
    14e4:	eb00011f 	cmp	x8, x0
    14e8:	54fffe41 	b.ne	14b0 <conv2d._omp_fn.1+0xcc0>  // b.any
    14ec:	b940b7e0 	ldr	w0, [sp, #180]
    14f0:	b940c7e8 	ldr	w8, [sp, #196]
    14f4:	6b08001f 	cmp	w0, w8
    14f8:	540001c0 	b.eq	1530 <conv2d._omp_fn.1+0xd40>  // b.none
    14fc:	b940c3e0 	ldr	w0, [sp, #192]
    1500:	93407c08 	sxtw	x8, w0
    1504:	937e7c00 	sbfiz	x0, x0, #2, #32
    1508:	8b00002a 	add	x10, x1, x0
    150c:	8b000060 	add	x0, x3, x0
    1510:	bc687862 	ldr	s2, [x3, x8, lsl #2]
    1514:	bc687824 	ldr	s4, [x1, x8, lsl #2]
    1518:	bd400401 	ldr	s1, [x0, #4]
    151c:	bd400543 	ldr	s3, [x10, #4]
    1520:	1e240842 	fmul	s2, s2, s4
    1524:	1e230821 	fmul	s1, s1, s3
    1528:	1e202840 	fadd	s0, s2, s0
    152c:	1e202820 	fadd	s0, s1, s0
    1530:	2a1703e0 	mov	w0, w23
    1534:	6b00035f 	cmp	w26, w0
    1538:	54fffa2d 	b.le	147c <conv2d._omp_fn.1+0xc8c>
    153c:	93407c08 	sxtw	x8, w0
    1540:	1100040a 	add	w10, w0, #0x1
    1544:	937e7c00 	sbfiz	x0, x0, #2, #32
    1548:	bc687821 	ldr	s1, [x1, x8, lsl #2]
    154c:	bc687862 	ldr	s2, [x3, x8, lsl #2]
    1550:	1e220821 	fmul	s1, s1, s2
    1554:	1e212800 	fadd	s0, s0, s1
    1558:	6b0a035f 	cmp	w26, w10
    155c:	54fff90d 	b.le	147c <conv2d._omp_fn.1+0xc8c>
    1560:	91001000 	add	x0, x0, #0x4
    1564:	11000484 	add	w4, w4, #0x1
    1568:	8b090042 	add	x2, x2, x9
    156c:	bc606861 	ldr	s1, [x3, x0]
    1570:	8b150063 	add	x3, x3, x21
    1574:	bc606822 	ldr	s2, [x1, x0]
    1578:	8b090021 	add	x1, x1, x9
    157c:	1e220821 	fmul	s1, s1, s2
    1580:	1e212800 	fadd	s0, s0, s1
    1584:	6b04037f 	cmp	w27, w4
    1588:	54fff861 	b.ne	1494 <conv2d._omp_fn.1+0xca4>  // b.any
    158c:	bd0000e0 	str	s0, [x7]
    1590:	17ffff6e 	b	1348 <conv2d._omp_fn.1+0xb58>
    1594:	93407c64 	sxtw	x4, w3
    1598:	d2800000 	mov	x0, #0x0                   	// #0
    159c:	7100037f 	cmp	w27, #0x0
    15a0:	54000cad 	b.le	1734 <conv2d._omp_fn.1+0xf44>
    15a4:	0f000400 	movi	v0.2s, #0x0
    15a8:	8b0b0087 	add	x7, x4, x11
    15ac:	91001388 	add	x8, x28, #0x4
    15b0:	aa1c03e2 	mov	x2, x28
    15b4:	5280000a 	mov	w10, #0x0                   	// #0
    15b8:	52800009 	mov	w9, #0x0                   	// #0
    15bc:	7100027f 	cmp	w19, #0x0
    15c0:	54000c6d 	b.le	174c <conv2d._omp_fn.1+0xf5c>
    15c4:	34000c18 	cbz	w24, 1744 <conv2d._omp_fn.1+0xf54>
    15c8:	aa0203ea 	mov	x10, x2
    15cc:	8b070a81 	add	x1, x20, x7, lsl #2
    15d0:	52800000 	mov	w0, #0x0                   	// #0
    15d4:	0d40c943 	ld1r	{v3.2s}, [x10]
    15d8:	1100180c 	add	w12, w0, #0x6
    15dc:	fd400021 	ldr	d1, [x1]
    15e0:	11001000 	add	w0, w0, #0x4
    15e4:	fc404022 	ldur	d2, [x1, #4]
    15e8:	91004021 	add	x1, x1, #0x10
    15ec:	fc5f8026 	ldur	d6, [x1, #-8]
    15f0:	2e23dc21 	fmul	v1.2s, v1.2s, v3.2s
    15f4:	fc5fc025 	ldur	d5, [x1, #-4]
    15f8:	2d408d44 	ldp	s4, s3, [x10, #4]
    15fc:	9100414a 	add	x10, x10, #0x10
    1600:	0e20d420 	fadd	v0.2s, v1.2s, v0.2s
    1604:	0f849044 	fmul	v4.2s, v2.2s, v4.s[0]
    1608:	0f8390c3 	fmul	v3.2s, v6.2s, v3.s[0]
    160c:	bc5fc142 	ldur	s2, [x10, #-4]
    1610:	0e24d400 	fadd	v0.2s, v0.2s, v4.2s
    1614:	0f8290a1 	fmul	v1.2s, v5.2s, v2.s[0]
    1618:	0e23d400 	fadd	v0.2s, v0.2s, v3.2s
    161c:	0e21d400 	fadd	v0.2s, v0.2s, v1.2s
    1620:	6b0c033f 	cmp	w25, w12
    1624:	54fffd8c 	b.gt	15d4 <conv2d._omp_fn.1+0xde4>
    1628:	93407c00 	sxtw	x0, w0
    162c:	8b0000e1 	add	x1, x7, x0
    1630:	8b010a81 	add	x1, x20, x1, lsl #2
    1634:	bc607841 	ldr	s1, [x2, x0, lsl #2]
    1638:	91002021 	add	x1, x1, #0x8
    163c:	fc5f8024 	ldur	d4, [x1, #-8]
    1640:	fc5fc023 	ldur	d3, [x1, #-4]
    1644:	bc607902 	ldr	s2, [x8, x0, lsl #2]
    1648:	91000800 	add	x0, x0, #0x2
    164c:	0f819081 	fmul	v1.2s, v4.2s, v1.s[0]
    1650:	0f829062 	fmul	v2.2s, v3.2s, v2.s[0]
    1654:	0e20d420 	fadd	v0.2s, v1.2s, v0.2s
    1658:	0e22d400 	fadd	v0.2s, v0.2s, v2.2s
    165c:	6b00027f 	cmp	w19, w0
    1660:	54fffeac 	b.gt	1634 <conv2d._omp_fn.1+0xe44>
    1664:	2a1703e1 	mov	w1, w23
    1668:	5280002a 	mov	w10, #0x1                   	// #1
    166c:	6b01035f 	cmp	w26, w1
    1670:	5400050d 	b.le	1710 <conv2d._omp_fn.1+0xf20>
    1674:	11000420 	add	w0, w1, #0x1
    1678:	6b00027f 	cmp	w19, w0
    167c:	540029ed 	b.le	1bb8 <conv2d._omp_fn.1+0x13c8>
    1680:	93407c2a 	sxtw	x10, w1
    1684:	8b21c84c 	add	x12, x2, w1, sxtw #2
    1688:	8b070140 	add	x0, x10, x7
    168c:	11000c2d 	add	w13, w1, #0x3
    1690:	d37ef400 	lsl	x0, x0, #2
    1694:	bc6a7841 	ldr	s1, [x2, x10, lsl #2]
    1698:	8b00028a 	add	x10, x20, x0
    169c:	bd400582 	ldr	s2, [x12, #4]
    16a0:	fc606a84 	ldr	d4, [x20, x0]
    16a4:	11000820 	add	w0, w1, #0x2
    16a8:	fc404143 	ldur	d3, [x10, #4]
    16ac:	0f819081 	fmul	v1.2s, v4.2s, v1.s[0]
    16b0:	0f829062 	fmul	v2.2s, v3.2s, v2.s[0]
    16b4:	0e20d420 	fadd	v0.2s, v1.2s, v0.2s
    16b8:	0e22d400 	fadd	v0.2s, v0.2s, v2.2s
    16bc:	6b0d027f 	cmp	w19, w13
    16c0:	54002e0c 	b.gt	1c80 <conv2d._omp_fn.1+0x1490>
    16c4:	93407c0a 	sxtw	x10, w0
    16c8:	11000401 	add	w1, w0, #0x1
    16cc:	8b07014c 	add	x12, x10, x7
    16d0:	937e7c00 	sbfiz	x0, x0, #2, #32
    16d4:	d37ef58c 	lsl	x12, x12, #2
    16d8:	bc6a7841 	ldr	s1, [x2, x10, lsl #2]
    16dc:	5280002a 	mov	w10, #0x1                   	// #1
    16e0:	fc6c6a82 	ldr	d2, [x20, x12]
    16e4:	0f819041 	fmul	v1.2s, v2.2s, v1.s[0]
    16e8:	0e21d400 	fadd	v0.2s, v0.2s, v1.2s
    16ec:	6b01035f 	cmp	w26, w1
    16f0:	5400010d 	b.le	1710 <conv2d._omp_fn.1+0xf20>
    16f4:	8b21c0e1 	add	x1, x7, w1, sxtw
    16f8:	8b000040 	add	x0, x2, x0
    16fc:	d37ef421 	lsl	x1, x1, #2
    1700:	bd400401 	ldr	s1, [x0, #4]
    1704:	fc616a82 	ldr	d2, [x20, x1]
    1708:	0f819041 	fmul	v1.2s, v2.2s, v1.s[0]
    170c:	0e21d400 	fadd	v0.2s, v0.2s, v1.2s
    1710:	11000529 	add	w9, w9, #0x1
    1714:	8b150042 	add	x2, x2, x21
    1718:	8b1600e7 	add	x7, x7, x22
    171c:	8b150108 	add	x8, x8, x21
    1720:	6b09037f 	cmp	w27, w9
    1724:	54fff4c1 	b.ne	15bc <conv2d._omp_fn.1+0xdcc>  // b.any
    1728:	9e660000 	fmov	x0, d0
    172c:	7100015f 	cmp	w10, #0x0
    1730:	9a8003e0 	csel	x0, xzr, x0, eq  // eq = none
    1734:	d37ef484 	lsl	x4, x4, #2
    1738:	11000863 	add	w3, w3, #0x2
    173c:	f82468a0 	str	x0, [x5, x4]
    1740:	17ffff00 	b	1340 <conv2d._omp_fn.1+0xb50>
    1744:	52800000 	mov	w0, #0x0                   	// #0
    1748:	17ffffb8 	b	1628 <conv2d._omp_fn.1+0xe38>
    174c:	52800001 	mov	w1, #0x0                   	// #0
    1750:	17ffffc7 	b	166c <conv2d._omp_fn.1+0xe7c>
    1754:	93407c64 	sxtw	x4, w3
    1758:	d2800000 	mov	x0, #0x0                   	// #0
    175c:	d2800001 	mov	x1, #0x0                   	// #0
    1760:	7100037f 	cmp	w27, #0x0
    1764:	54000ccd 	b.le	18fc <conv2d._omp_fn.1+0x110c>
    1768:	4f000400 	movi	v0.4s, #0x0
    176c:	8b0b0089 	add	x9, x4, x11
    1770:	9100138a 	add	x10, x28, #0x4
    1774:	aa1c03e8 	mov	x8, x28
    1778:	5280000f 	mov	w15, #0x0                   	// #0
    177c:	5280000d 	mov	w13, #0x0                   	// #0
    1780:	7100027f 	cmp	w19, #0x0
    1784:	5400208d 	b.le	1b94 <conv2d._omp_fn.1+0x13a4>
    1788:	340021d8 	cbz	w24, 1bc0 <conv2d._omp_fn.1+0x13d0>
    178c:	aa0803ec 	mov	x12, x8
    1790:	8b090a87 	add	x7, x20, x9, lsl #2
    1794:	52800002 	mov	w2, #0x0                   	// #0
    1798:	3dc000e1 	ldr	q1, [x7]
    179c:	1100184e 	add	w14, w2, #0x6
    17a0:	4d40c983 	ld1r	{v3.4s}, [x12]
    17a4:	11001042 	add	w2, w2, #0x4
    17a8:	3cc040e2 	ldur	q2, [x7, #4]
    17ac:	9100418c 	add	x12, x12, #0x10
    17b0:	6e23dc21 	fmul	v1.4s, v1.4s, v3.4s
    17b4:	bc5f4183 	ldur	s3, [x12, #-12]
    17b8:	3cc080e5 	ldur	q5, [x7, #8]
    17bc:	910040e7 	add	x7, x7, #0x10
    17c0:	4f839043 	fmul	v3.4s, v2.4s, v3.s[0]
    17c4:	bc5f8182 	ldur	s2, [x12, #-8]
    17c8:	4e20d420 	fadd	v0.4s, v1.4s, v0.4s
    17cc:	bc5fc181 	ldur	s1, [x12, #-4]
    17d0:	3cdfc0e4 	ldur	q4, [x7, #-4]
    17d4:	4f8290a2 	fmul	v2.4s, v5.4s, v2.s[0]
    17d8:	4e23d400 	fadd	v0.4s, v0.4s, v3.4s
    17dc:	4f819081 	fmul	v1.4s, v4.4s, v1.s[0]
    17e0:	4e22d400 	fadd	v0.4s, v0.4s, v2.4s
    17e4:	4e21d400 	fadd	v0.4s, v0.4s, v1.4s
    17e8:	6b0e033f 	cmp	w25, w14
    17ec:	54fffd6c 	b.gt	1798 <conv2d._omp_fn.1+0xfa8>
    17f0:	93407c42 	sxtw	x2, w2
    17f4:	8b090047 	add	x7, x2, x9
    17f8:	8b070a87 	add	x7, x20, x7, lsl #2
    17fc:	3dc000e2 	ldr	q2, [x7]
    1800:	910020e7 	add	x7, x7, #0x8
    1804:	bc627901 	ldr	s1, [x8, x2, lsl #2]
    1808:	3cdfc0e3 	ldur	q3, [x7, #-4]
    180c:	4f819041 	fmul	v1.4s, v2.4s, v1.s[0]
    1810:	bc627942 	ldr	s2, [x10, x2, lsl #2]
    1814:	91000842 	add	x2, x2, #0x2
    1818:	4f829062 	fmul	v2.4s, v3.4s, v2.s[0]
    181c:	4e20d420 	fadd	v0.4s, v1.4s, v0.4s
    1820:	4e22d400 	fadd	v0.4s, v0.4s, v2.4s
    1824:	6b02027f 	cmp	w19, w2
    1828:	54fffeac 	b.gt	17fc <conv2d._omp_fn.1+0x100c>
    182c:	2a1703e7 	mov	w7, w23
    1830:	5280002f 	mov	w15, #0x1                   	// #1
    1834:	6b07035f 	cmp	w26, w7
    1838:	5400050d 	b.le	18d8 <conv2d._omp_fn.1+0x10e8>
    183c:	110004e2 	add	w2, w7, #0x1
    1840:	6b02027f 	cmp	w19, w2
    1844:	54001ccd 	b.le	1bdc <conv2d._omp_fn.1+0x13ec>
    1848:	93407cec 	sxtw	x12, w7
    184c:	8b27c90e 	add	x14, x8, w7, sxtw #2
    1850:	8b090182 	add	x2, x12, x9
    1854:	11000cef 	add	w15, w7, #0x3
    1858:	d37ef442 	lsl	x2, x2, #2
    185c:	bc6c7901 	ldr	s1, [x8, x12, lsl #2]
    1860:	8b02028c 	add	x12, x20, x2
    1864:	bd4005c2 	ldr	s2, [x14, #4]
    1868:	3ce26a84 	ldr	q4, [x20, x2]
    186c:	110008e2 	add	w2, w7, #0x2
    1870:	3cc04183 	ldur	q3, [x12, #4]
    1874:	4f819081 	fmul	v1.4s, v4.4s, v1.s[0]
    1878:	4f829062 	fmul	v2.4s, v3.4s, v2.s[0]
    187c:	4e20d420 	fadd	v0.4s, v1.4s, v0.4s
    1880:	4e22d400 	fadd	v0.4s, v0.4s, v2.4s
    1884:	6b0f027f 	cmp	w19, w15
    1888:	54001e4c 	b.gt	1c50 <conv2d._omp_fn.1+0x1460>
    188c:	93407c4e 	sxtw	x14, w2
    1890:	11000447 	add	w7, w2, #0x1
    1894:	8b0901cc 	add	x12, x14, x9
    1898:	937e7c42 	sbfiz	x2, x2, #2, #32
    189c:	5280002f 	mov	w15, #0x1                   	// #1
    18a0:	d37ef58c 	lsl	x12, x12, #2
    18a4:	bc6e7901 	ldr	s1, [x8, x14, lsl #2]
    18a8:	3cec6a82 	ldr	q2, [x20, x12]
    18ac:	4f819041 	fmul	v1.4s, v2.4s, v1.s[0]
    18b0:	4e21d400 	fadd	v0.4s, v0.4s, v1.4s
    18b4:	6b07035f 	cmp	w26, w7
    18b8:	5400010d 	b.le	18d8 <conv2d._omp_fn.1+0x10e8>
    18bc:	8b27c127 	add	x7, x9, w7, sxtw
    18c0:	8b020102 	add	x2, x8, x2
    18c4:	d37ef4e7 	lsl	x7, x7, #2
    18c8:	bd400441 	ldr	s1, [x2, #4]
    18cc:	3ce76a82 	ldr	q2, [x20, x7]
    18d0:	4f819041 	fmul	v1.4s, v2.4s, v1.s[0]
    18d4:	4e21d400 	fadd	v0.4s, v0.4s, v1.4s
    18d8:	110005ad 	add	w13, w13, #0x1
    18dc:	8b150108 	add	x8, x8, x21
    18e0:	8b160129 	add	x9, x9, x22
    18e4:	8b15014a 	add	x10, x10, x21
    18e8:	6b0d037f 	cmp	w27, w13
    18ec:	54fff4a1 	b.ne	1780 <conv2d._omp_fn.1+0xf90>  // b.any
    18f0:	3400006f 	cbz	w15, 18fc <conv2d._omp_fn.1+0x110c>
    18f4:	9e660000 	fmov	x0, d0
    18f8:	9eae0001 	fmov	x1, v0.d[1]
    18fc:	8b0408a4 	add	x4, x5, x4, lsl #2
    1900:	11001063 	add	w3, w3, #0x4
    1904:	4b0300c2 	sub	w2, w6, w3
    1908:	a9000480 	stp	x0, x1, [x4]
    190c:	17fffe8b 	b	1338 <conv2d._omp_fn.1+0xb48>
    1910:	a90f7fff 	stp	xzr, xzr, [sp, #240]
    1914:	93407c64 	sxtw	x4, w3
    1918:	a9107fff 	stp	xzr, xzr, [sp, #256]
    191c:	7100037f 	cmp	w27, #0x0
    1920:	540012ad 	b.le	1b74 <conv2d._omp_fn.1+0x1384>
    1924:	4f000400 	movi	v0.4s, #0x0
    1928:	8b0b0087 	add	x7, x4, x11
    192c:	91001388 	add	x8, x28, #0x4
    1930:	aa1c03e2 	mov	x2, x28
    1934:	52800001 	mov	w1, #0x0                   	// #0
    1938:	52800000 	mov	w0, #0x0                   	// #0
    193c:	52800009 	mov	w9, #0x0                   	// #0
    1940:	4ea01c02 	mov	v2.16b, v0.16b
    1944:	7100027f 	cmp	w19, #0x0
    1948:	540012ad 	b.le	1b9c <conv2d._omp_fn.1+0x13ac>
    194c:	34001338 	cbz	w24, 1bb0 <conv2d._omp_fn.1+0x13c0>
    1950:	aa0203ea 	mov	x10, x2
    1954:	8b070a81 	add	x1, x20, x7, lsl #2
    1958:	52800000 	mov	w0, #0x0                   	// #0
    195c:	3dc00023 	ldr	q3, [x1]
    1960:	1100180c 	add	w12, w0, #0x6
    1964:	2d409546 	ldp	s6, s5, [x10, #4]
    1968:	11001000 	add	w0, w0, #0x4
    196c:	3dc00421 	ldr	q1, [x1, #16]
    1970:	91004021 	add	x1, x1, #0x10
    1974:	4e0404c6 	dup	v6.4s, v6.s[0]
    1978:	4d40c947 	ld1r	{v7.4s}, [x10]
    197c:	3cdf4028 	ldur	q8, [x1, #-12]
    1980:	9100414a 	add	x10, x10, #0x10
    1984:	6e27dc63 	fmul	v3.4s, v3.4s, v7.4s
    1988:	bc5fc144 	ldur	s4, [x10, #-4]
    198c:	6e27dc21 	fmul	v1.4s, v1.4s, v7.4s
    1990:	3cc04027 	ldur	q7, [x1, #4]
    1994:	4e22d462 	fadd	v2.4s, v3.4s, v2.4s
    1998:	4e20d420 	fadd	v0.4s, v1.4s, v0.4s
    199c:	4e0404a3 	dup	v3.4s, v5.s[0]
    19a0:	6e26dd08 	fmul	v8.4s, v8.4s, v6.4s
    19a4:	6e26dce7 	fmul	v7.4s, v7.4s, v6.4s
    19a8:	3cdf8026 	ldur	q6, [x1, #-8]
    19ac:	3cc08025 	ldur	q5, [x1, #8]
    19b0:	4e040481 	dup	v1.4s, v4.s[0]
    19b4:	6e23dcc6 	fmul	v6.4s, v6.4s, v3.4s
    19b8:	6e23dca5 	fmul	v5.4s, v5.4s, v3.4s
    19bc:	4e28d442 	fadd	v2.4s, v2.4s, v8.4s
    19c0:	4e27d400 	fadd	v0.4s, v0.4s, v7.4s
    19c4:	3cdfc024 	ldur	q4, [x1, #-4]
    19c8:	3cc0c023 	ldur	q3, [x1, #12]
    19cc:	6e21dc84 	fmul	v4.4s, v4.4s, v1.4s
    19d0:	4e26d442 	fadd	v2.4s, v2.4s, v6.4s
    19d4:	4e25d400 	fadd	v0.4s, v0.4s, v5.4s
    19d8:	6e21dc61 	fmul	v1.4s, v3.4s, v1.4s
    19dc:	4e24d442 	fadd	v2.4s, v2.4s, v4.4s
    19e0:	4e21d400 	fadd	v0.4s, v0.4s, v1.4s
    19e4:	6b0c033f 	cmp	w25, w12
    19e8:	54fffbac 	b.gt	195c <conv2d._omp_fn.1+0x116c>
    19ec:	93407c00 	sxtw	x0, w0
    19f0:	8b0000e1 	add	x1, x7, x0
    19f4:	8b010a81 	add	x1, x20, x1, lsl #2
    19f8:	bc607845 	ldr	s5, [x2, x0, lsl #2]
    19fc:	91002021 	add	x1, x1, #0x8
    1a00:	3cdf8023 	ldur	q3, [x1, #-8]
    1a04:	4e0404a5 	dup	v5.4s, v5.s[0]
    1a08:	bc607904 	ldr	s4, [x8, x0, lsl #2]
    1a0c:	3cc08021 	ldur	q1, [x1, #8]
    1a10:	91000800 	add	x0, x0, #0x2
    1a14:	4e040484 	dup	v4.4s, v4.s[0]
    1a18:	6e25dc63 	fmul	v3.4s, v3.4s, v5.4s
    1a1c:	6e25dc21 	fmul	v1.4s, v1.4s, v5.4s
    1a20:	3cdfc026 	ldur	q6, [x1, #-4]
    1a24:	3cc0c025 	ldur	q5, [x1, #12]
    1a28:	4e22d462 	fadd	v2.4s, v3.4s, v2.4s
    1a2c:	4e20d420 	fadd	v0.4s, v1.4s, v0.4s
    1a30:	6e24dcc3 	fmul	v3.4s, v6.4s, v4.4s
    1a34:	6e24dca1 	fmul	v1.4s, v5.4s, v4.4s
    1a38:	4e23d442 	fadd	v2.4s, v2.4s, v3.4s
    1a3c:	4e21d400 	fadd	v0.4s, v0.4s, v1.4s
    1a40:	6b00027f 	cmp	w19, w0
    1a44:	54fffdac 	b.gt	19f8 <conv2d._omp_fn.1+0x1208>
    1a48:	52800021 	mov	w1, #0x1                   	// #1
    1a4c:	2a1703ea 	mov	w10, w23
    1a50:	2a0103e0 	mov	w0, w1
    1a54:	6b0a035f 	cmp	w26, w10
    1a58:	540007ad 	b.le	1b4c <conv2d._omp_fn.1+0x135c>
    1a5c:	11000540 	add	w0, w10, #0x1
    1a60:	6b00027f 	cmp	w19, w0
    1a64:	54000b8d 	b.le	1bd4 <conv2d._omp_fn.1+0x13e4>
    1a68:	93407d41 	sxtw	x1, w10
    1a6c:	8b2ac84c 	add	x12, x2, w10, sxtw #2
    1a70:	8b070020 	add	x0, x1, x7
    1a74:	11000d4d 	add	w13, w10, #0x3
    1a78:	d37ef400 	lsl	x0, x0, #2
    1a7c:	bc617845 	ldr	s5, [x2, x1, lsl #2]
    1a80:	8b00028e 	add	x14, x20, x0
    1a84:	91001001 	add	x1, x0, #0x4
    1a88:	bd400584 	ldr	s4, [x12, #4]
    1a8c:	4e0404a5 	dup	v5.4s, v5.s[0]
    1a90:	3ce06a81 	ldr	q1, [x20, x0]
    1a94:	11000940 	add	w0, w10, #0x2
    1a98:	3dc005c3 	ldr	q3, [x14, #16]
    1a9c:	8b01028e 	add	x14, x20, x1
    1aa0:	6e25dc21 	fmul	v1.4s, v1.4s, v5.4s
    1aa4:	4e040484 	dup	v4.4s, v4.s[0]
    1aa8:	6e25dc63 	fmul	v3.4s, v3.4s, v5.4s
    1aac:	3ce16a85 	ldr	q5, [x20, x1]
    1ab0:	3dc005c6 	ldr	q6, [x14, #16]
    1ab4:	4e22d421 	fadd	v1.4s, v1.4s, v2.4s
    1ab8:	4e20d460 	fadd	v0.4s, v3.4s, v0.4s
    1abc:	6e24dca2 	fmul	v2.4s, v5.4s, v4.4s
    1ac0:	6e24dcc3 	fmul	v3.4s, v6.4s, v4.4s
    1ac4:	4e22d422 	fadd	v2.4s, v1.4s, v2.4s
    1ac8:	4e23d400 	fadd	v0.4s, v0.4s, v3.4s
    1acc:	6b0d027f 	cmp	w19, w13
    1ad0:	5400094c 	b.gt	1bf8 <conv2d._omp_fn.1+0x1408>
    1ad4:	93407c0c 	sxtw	x12, w0
    1ad8:	11000401 	add	w1, w0, #0x1
    1adc:	8b07018a 	add	x10, x12, x7
    1ae0:	937e7c00 	sbfiz	x0, x0, #2, #32
    1ae4:	d37ef54a 	lsl	x10, x10, #2
    1ae8:	bc6c7841 	ldr	s1, [x2, x12, lsl #2]
    1aec:	8b0a028c 	add	x12, x20, x10
    1af0:	4e040421 	dup	v1.4s, v1.s[0]
    1af4:	3cea6a84 	ldr	q4, [x20, x10]
    1af8:	3dc00583 	ldr	q3, [x12, #16]
    1afc:	6e21dc84 	fmul	v4.4s, v4.4s, v1.4s
    1b00:	6e21dc61 	fmul	v1.4s, v3.4s, v1.4s
    1b04:	4e24d442 	fadd	v2.4s, v2.4s, v4.4s
    1b08:	4e21d400 	fadd	v0.4s, v0.4s, v1.4s
    1b0c:	6b01035f 	cmp	w26, w1
    1b10:	540004ad 	b.le	1ba4 <conv2d._omp_fn.1+0x13b4>
    1b14:	8b21c0ea 	add	x10, x7, w1, sxtw
    1b18:	8b000040 	add	x0, x2, x0
    1b1c:	52800021 	mov	w1, #0x1                   	// #1
    1b20:	d37ef54a 	lsl	x10, x10, #2
    1b24:	8b0a028c 	add	x12, x20, x10
    1b28:	bd400401 	ldr	s1, [x0, #4]
    1b2c:	2a0103e0 	mov	w0, w1
    1b30:	3cea6a84 	ldr	q4, [x20, x10]
    1b34:	4e040421 	dup	v1.4s, v1.s[0]
    1b38:	3dc00583 	ldr	q3, [x12, #16]
    1b3c:	6e21dc84 	fmul	v4.4s, v4.4s, v1.4s
    1b40:	6e21dc61 	fmul	v1.4s, v3.4s, v1.4s
    1b44:	4e24d442 	fadd	v2.4s, v2.4s, v4.4s
    1b48:	4e21d400 	fadd	v0.4s, v0.4s, v1.4s
    1b4c:	11000529 	add	w9, w9, #0x1
    1b50:	8b150042 	add	x2, x2, x21
    1b54:	8b1600e7 	add	x7, x7, x22
    1b58:	8b150108 	add	x8, x8, x21
    1b5c:	6b09037f 	cmp	w27, w9
    1b60:	54ffef21 	b.ne	1944 <conv2d._omp_fn.1+0x1154>  // b.any
    1b64:	34000040 	cbz	w0, 1b6c <conv2d._omp_fn.1+0x137c>
    1b68:	3d803fe2 	str	q2, [sp, #240]
    1b6c:	34000041 	cbz	w1, 1b74 <conv2d._omp_fn.1+0x1384>
    1b70:	3d8043e0 	str	q0, [sp, #256]
    1b74:	8b0408a4 	add	x4, x5, x4, lsl #2
    1b78:	a94f07e0 	ldp	x0, x1, [sp, #240]
    1b7c:	11002063 	add	w3, w3, #0x8
    1b80:	a9000480 	stp	x0, x1, [x4]
    1b84:	4b0300c2 	sub	w2, w6, w3
    1b88:	a95007e0 	ldp	x0, x1, [sp, #256]
    1b8c:	a9010480 	stp	x0, x1, [x4, #16]
    1b90:	17fffde8 	b	1330 <conv2d._omp_fn.1+0xb40>
    1b94:	52800007 	mov	w7, #0x0                   	// #0
    1b98:	17ffff27 	b	1834 <conv2d._omp_fn.1+0x1044>
    1b9c:	5280000a 	mov	w10, #0x0                   	// #0
    1ba0:	17ffffad 	b	1a54 <conv2d._omp_fn.1+0x1264>
    1ba4:	52800021 	mov	w1, #0x1                   	// #1
    1ba8:	2a0103e0 	mov	w0, w1
    1bac:	17ffffe8 	b	1b4c <conv2d._omp_fn.1+0x135c>
    1bb0:	52800000 	mov	w0, #0x0                   	// #0
    1bb4:	17ffff8e 	b	19ec <conv2d._omp_fn.1+0x11fc>
    1bb8:	2a0103e0 	mov	w0, w1
    1bbc:	17fffec2 	b	16c4 <conv2d._omp_fn.1+0xed4>
    1bc0:	52800002 	mov	w2, #0x0                   	// #0
    1bc4:	17ffff0b 	b	17f0 <conv2d._omp_fn.1+0x1000>
    1bc8:	11000442 	add	w2, w2, #0x1
    1bcc:	52800001 	mov	w1, #0x0                   	// #0
    1bd0:	17fffb16 	b	828 <conv2d._omp_fn.1+0x38>
    1bd4:	2a0a03e0 	mov	w0, w10
    1bd8:	17ffffbf 	b	1ad4 <conv2d._omp_fn.1+0x12e4>
    1bdc:	2a0703e2 	mov	w2, w7
    1be0:	17ffff2b 	b	188c <conv2d._omp_fn.1+0x109c>
    1be4:	52800000 	mov	w0, #0x0                   	// #0
    1be8:	17fffe46 	b	1500 <conv2d._omp_fn.1+0xd10>
    1bec:	0f000400 	movi	v0.2s, #0x0
    1bf0:	bd0000e0 	str	s0, [x7]
    1bf4:	17fffdd5 	b	1348 <conv2d._omp_fn.1+0xb58>
    1bf8:	8b20c0e1 	add	x1, x7, w0, sxtw
    1bfc:	11001140 	add	w0, w10, #0x4
    1c00:	2d411185 	ldp	s5, s4, [x12, #8]
    1c04:	d37ef42c 	lsl	x12, x1, #2
    1c08:	8b010a81 	add	x1, x20, x1, lsl #2
    1c0c:	9100118a 	add	x10, x12, #0x4
    1c10:	8b0a028d 	add	x13, x20, x10
    1c14:	4e0404a5 	dup	v5.4s, v5.s[0]
    1c18:	3cec6a81 	ldr	q1, [x20, x12]
    1c1c:	3dc00423 	ldr	q3, [x1, #16]
    1c20:	4e040484 	dup	v4.4s, v4.s[0]
    1c24:	6e25dc21 	fmul	v1.4s, v1.4s, v5.4s
    1c28:	6e25dc63 	fmul	v3.4s, v3.4s, v5.4s
    1c2c:	3cea6a85 	ldr	q5, [x20, x10]
    1c30:	3dc005a6 	ldr	q6, [x13, #16]
    1c34:	4e22d421 	fadd	v1.4s, v1.4s, v2.4s
    1c38:	4e20d460 	fadd	v0.4s, v3.4s, v0.4s
    1c3c:	6e24dca2 	fmul	v2.4s, v5.4s, v4.4s
    1c40:	6e24dcc3 	fmul	v3.4s, v6.4s, v4.4s
    1c44:	4e21d442 	fadd	v2.4s, v2.4s, v1.4s
    1c48:	4e20d460 	fadd	v0.4s, v3.4s, v0.4s
    1c4c:	17ffffa2 	b	1ad4 <conv2d._omp_fn.1+0x12e4>
    1c50:	8b22c12c 	add	x12, x9, w2, sxtw
    1c54:	110010e2 	add	w2, w7, #0x4
    1c58:	2d4109c1 	ldp	s1, s2, [x14, #8]
    1c5c:	d37ef587 	lsl	x7, x12, #2
    1c60:	8b07028c 	add	x12, x20, x7
    1c64:	3ce76a84 	ldr	q4, [x20, x7]
    1c68:	3cc04183 	ldur	q3, [x12, #4]
    1c6c:	4f819081 	fmul	v1.4s, v4.4s, v1.s[0]
    1c70:	4f829062 	fmul	v2.4s, v3.4s, v2.s[0]
    1c74:	4e20d420 	fadd	v0.4s, v1.4s, v0.4s
    1c78:	4e20d440 	fadd	v0.4s, v2.4s, v0.4s
    1c7c:	17ffff04 	b	188c <conv2d._omp_fn.1+0x109c>
    1c80:	8b20c0ea 	add	x10, x7, w0, sxtw
    1c84:	11001020 	add	w0, w1, #0x4
    1c88:	2d410981 	ldp	s1, s2, [x12, #8]
    1c8c:	d37ef541 	lsl	x1, x10, #2
    1c90:	8b01028a 	add	x10, x20, x1
    1c94:	fc616a84 	ldr	d4, [x20, x1]
    1c98:	fc404143 	ldur	d3, [x10, #4]
    1c9c:	0f819081 	fmul	v1.2s, v4.2s, v1.s[0]
    1ca0:	0f829062 	fmul	v2.2s, v3.2s, v2.s[0]
    1ca4:	0e20d420 	fadd	v0.2s, v1.2s, v0.2s
    1ca8:	0e20d440 	fadd	v0.2s, v2.2s, v0.2s
    1cac:	17fffe86 	b	16c4 <conv2d._omp_fn.1+0xed4>
    1cb0:	8b20c149 	add	x9, x10, w0, sxtw
    1cb4:	11001020 	add	w0, w1, #0x4
    1cb8:	2d4105c2 	ldp	s2, s1, [x14, #8]
    1cbc:	8b090a81 	add	x1, x20, x9, lsl #2
    1cc0:	d37ef52e 	lsl	x14, x9, #2
    1cc4:	910011cc 	add	x12, x14, #0x4
    1cc8:	4e040442 	dup	v2.4s, v2.s[0]
    1ccc:	8b0c0289 	add	x9, x20, x12
    1cd0:	3cee6a83 	ldr	q3, [x20, x14]
    1cd4:	ad409828 	ldp	q8, q6, [x1, #16]
    1cd8:	3dc00c24 	ldr	q4, [x1, #48]
    1cdc:	4e040421 	dup	v1.4s, v1.s[0]
    1ce0:	6e22dd08 	fmul	v8.4s, v8.4s, v2.4s
    1ce4:	6e22dcc6 	fmul	v6.4s, v6.4s, v2.4s
    1ce8:	6e22dc84 	fmul	v4.4s, v4.4s, v2.4s
    1cec:	6e22dc62 	fmul	v2.4s, v3.4s, v2.4s
    1cf0:	3cec6a89 	ldr	q9, [x20, x12]
    1cf4:	ad408d2b 	ldp	q11, q3, [x9, #16]
    1cf8:	3dc00d2a 	ldr	q10, [x9, #48]
    1cfc:	4e25d505 	fadd	v5.4s, v8.4s, v5.4s
    1d00:	6e21dd6b 	fmul	v11.4s, v11.4s, v1.4s
    1d04:	6e21dc68 	fmul	v8.4s, v3.4s, v1.4s
    1d08:	4e20d480 	fadd	v0.4s, v4.4s, v0.4s
    1d0c:	4e2dd4c3 	fadd	v3.4s, v6.4s, v13.4s
    1d10:	4e27d447 	fadd	v7.4s, v2.4s, v7.4s
    1d14:	6e21dd46 	fmul	v6.4s, v10.4s, v1.4s
    1d18:	6e21dd21 	fmul	v1.4s, v9.4s, v1.4s
    1d1c:	4e25d565 	fadd	v5.4s, v11.4s, v5.4s
    1d20:	4e23d50d 	fadd	v13.4s, v8.4s, v3.4s
    1d24:	4e20d4c0 	fadd	v0.4s, v6.4s, v0.4s
    1d28:	4e27d427 	fadd	v7.4s, v1.4s, v7.4s
    1d2c:	17fffd39 	b	1210 <conv2d._omp_fn.1+0xa20>
    1d30:	8b2ac100 	add	x0, x8, w10, sxtw
    1d34:	1100102a 	add	w10, w1, #0x4
    1d38:	2d4111a5 	ldp	s5, s4, [x13, #8]
    1d3c:	d37ef40d 	lsl	x13, x0, #2
    1d40:	8b000a80 	add	x0, x20, x0, lsl #2
    1d44:	910011a7 	add	x7, x13, #0x4
    1d48:	8b070281 	add	x1, x20, x7
    1d4c:	4e0404a5 	dup	v5.4s, v5.s[0]
    1d50:	3ced6a89 	ldr	q9, [x20, x13]
    1d54:	ad40dc18 	ldp	q24, q23, [x0, #16]
    1d58:	ad41c016 	ldp	q22, q16, [x0, #48]
    1d5c:	ad42ac0e 	ldp	q14, q11, [x0, #80]
    1d60:	3dc01c07 	ldr	q7, [x0, #112]
    1d64:	4e040484 	dup	v4.4s, v4.s[0]
    1d68:	6e25df18 	fmul	v24.4s, v24.4s, v5.4s
    1d6c:	6e25def7 	fmul	v23.4s, v23.4s, v5.4s
    1d70:	6e25ded6 	fmul	v22.4s, v22.4s, v5.4s
    1d74:	6e25de10 	fmul	v16.4s, v16.4s, v5.4s
    1d78:	6e25ddce 	fmul	v14.4s, v14.4s, v5.4s
    1d7c:	6e25dd6b 	fmul	v11.4s, v11.4s, v5.4s
    1d80:	6e25dce7 	fmul	v7.4s, v7.4s, v5.4s
    1d84:	6e25dd25 	fmul	v5.4s, v9.4s, v5.4s
    1d88:	3ce76a91 	ldr	q17, [x20, x7]
    1d8c:	ad40d035 	ldp	q21, q20, [x1, #16]
    1d90:	ad41c833 	ldp	q19, q18, [x1, #48]
    1d94:	ad42b42f 	ldp	q15, q13, [x1, #80]
    1d98:	3dc01c29 	ldr	q9, [x1, #112]
    1d9c:	6e24deb5 	fmul	v21.4s, v21.4s, v4.4s
    1da0:	6e24de94 	fmul	v20.4s, v20.4s, v4.4s
    1da4:	6e24de73 	fmul	v19.4s, v19.4s, v4.4s
    1da8:	6e24de52 	fmul	v18.4s, v18.4s, v4.4s
    1dac:	6e24ddef 	fmul	v15.4s, v15.4s, v4.4s
    1db0:	6e24ddad 	fmul	v13.4s, v13.4s, v4.4s
    1db4:	6e24dd29 	fmul	v9.4s, v9.4s, v4.4s
    1db8:	4e26d706 	fadd	v6.4s, v24.4s, v6.4s
    1dbc:	4e22d6e2 	fadd	v2.4s, v23.4s, v2.4s
    1dc0:	4e23d6c3 	fadd	v3.4s, v22.4s, v3.4s
    1dc4:	4e2cd60c 	fadd	v12.4s, v16.4s, v12.4s
    1dc8:	4e2ad5ca 	fadd	v10.4s, v14.4s, v10.4s
    1dcc:	4e28d568 	fadd	v8.4s, v11.4s, v8.4s
    1dd0:	4e20d4e0 	fadd	v0.4s, v7.4s, v0.4s
    1dd4:	4e21d4a1 	fadd	v1.4s, v5.4s, v1.4s
    1dd8:	6e24de24 	fmul	v4.4s, v17.4s, v4.4s
    1ddc:	4e26d6a6 	fadd	v6.4s, v21.4s, v6.4s
    1de0:	4e22d682 	fadd	v2.4s, v20.4s, v2.4s
    1de4:	4e23d663 	fadd	v3.4s, v19.4s, v3.4s
    1de8:	4e2cd64c 	fadd	v12.4s, v18.4s, v12.4s
    1dec:	4e2ad5ea 	fadd	v10.4s, v15.4s, v10.4s
    1df0:	4e28d5a8 	fadd	v8.4s, v13.4s, v8.4s
    1df4:	4e20d520 	fadd	v0.4s, v9.4s, v0.4s
    1df8:	4e21d481 	fadd	v1.4s, v4.4s, v1.4s
    1dfc:	17fffbe9 	b	da0 <conv2d._omp_fn.1+0x5b0>

0000000000001e00 <conv_sve_rowpair>:
    1e00:	a9a97bfd 	stp	x29, x30, [sp, #-368]!
    1e04:	910003fd 	mov	x29, sp
    1e08:	a90153f3 	stp	x19, x20, [sp, #16]
    1e0c:	aa0203f3 	mov	x19, x2
    1e10:	a9025bf5 	stp	x21, x22, [sp, #32]
    1e14:	aa0003f5 	mov	x21, x0
    1e18:	a90363f7 	stp	x23, x24, [sp, #48]
    1e1c:	a9046bf9 	stp	x25, x26, [sp, #64]
    1e20:	b900cfe7 	str	w7, [sp, #204]
    1e24:	f90093e0 	str	x0, [sp, #288]
    1e28:	aa0103e0 	mov	x0, x1
    1e2c:	b9013be3 	str	w3, [sp, #312]
    1e30:	a91597e1 	stp	x1, x5, [sp, #344]
    1e34:	0420e3e1 	cntb	x1
    1e38:	f900b7e6 	str	x6, [sp, #360]
    1e3c:	6b0100ff 	cmp	w7, w1
    1e40:	54003c4b 	b.lt	25c8 <conv_sve_rowpair+0x7c8>  // b.tstop
    1e44:	51000461 	sub	w1, w3, #0x1
    1e48:	937e7c92 	sbfiz	x18, x4, #2, #32
    1e4c:	93407c76 	sxtw	x22, w3
    1e50:	04a0e3f9 	cntw	x25
    1e54:	93407c21 	sxtw	x1, w1
    1e58:	0460e3f8 	cnth	x24
    1e5c:	04a2e3f7 	cntw	x23, all, mul #3
    1e60:	aa0503e9 	mov	x9, x5
    1e64:	aa0603ea 	mov	x10, x6
    1e68:	937e7eeb 	sbfiz	x11, x23, #2, #32
    1e6c:	9b12082e 	madd	x14, x1, x18, x2
    1e70:	51000882 	sub	w2, w4, #0x2
    1e74:	91001241 	add	x1, x18, #0x4
    1e78:	121f7842 	and	w2, w2, #0xfffffffe
    1e7c:	8b010261 	add	x1, x19, x1
    1e80:	937e7f2c 	sbfiz	x12, x25, #2, #32
    1e84:	937e7f0d 	sbfiz	x13, x24, #2, #32
    1e88:	aa0003e7 	mov	x7, x0
    1e8c:	9b007ed6 	mul	x22, x22, x0
    1e90:	cb000be0 	neg	x0, x0, lsl #2
    1e94:	f9009be1 	str	x1, [sp, #304]
    1e98:	11000841 	add	w1, w2, #0x2
    1e9c:	8b000186 	add	x6, x12, x0
    1ea0:	8b0001a5 	add	x5, x13, x0
    1ea4:	8b000163 	add	x3, x11, x0
    1ea8:	f9004fee 	str	x14, [sp, #152]
    1eac:	910011ce 	add	x14, x14, #0x4
    1eb0:	b9013fe1 	str	w1, [sp, #316]
    1eb4:	8b000121 	add	x1, x9, x0
    1eb8:	8b000140 	add	x0, x10, x0
    1ebc:	f900abee 	str	x14, [sp, #336]
    1ec0:	8b06012e 	add	x14, x9, x6
    1ec4:	8b060146 	add	x6, x10, x6
    1ec8:	a9101be0 	stp	x0, x6, [sp, #256]
    1ecc:	d1001240 	sub	x0, x18, #0x4
    1ed0:	2518e3e0 	ptrue	p0.b
    1ed4:	f900a7e0 	str	x0, [sp, #328]
    1ed8:	93407c80 	sxtw	x0, w4
    1edc:	8b050126 	add	x6, x9, x5
    1ee0:	8b050145 	add	x5, x10, x5
    1ee4:	f90097e0 	str	x0, [sp, #296]
    1ee8:	0420e3e0 	cntb	x0
    1eec:	93407c00 	sxtw	x0, w0
    1ef0:	f9008be5 	str	x5, [sp, #272]
    1ef4:	8b030125 	add	x5, x9, x3
    1ef8:	8b030143 	add	x3, x10, x3
    1efc:	a90573fb 	stp	x27, x28, [sp, #80]
    1f00:	8b0b02bb 	add	x27, x21, x11
    1f04:	93407f39 	sxtw	x25, w25
    1f08:	f9007be0 	str	x0, [sp, #240]
    1f0c:	0420e3e0 	cntb	x0
    1f10:	f9008fe3 	str	x3, [sp, #280]
    1f14:	91001163 	add	x3, x11, #0x4
    1f18:	937e7c00 	sbfiz	x0, x0, #2, #32
    1f1c:	93407f18 	sxtw	x24, w24
    1f20:	93407ef7 	sxtw	x23, w23
    1f24:	8b160ab6 	add	x22, x21, x22, lsl #2
    1f28:	aa0703fc 	mov	x28, x7
    1f2c:	aa1b03fe 	mov	x30, x27
    1f30:	d37ef4e2 	lsl	x2, x7, #2
    1f34:	51000488 	sub	w8, w4, #0x1
    1f38:	f9004be3 	str	x3, [sp, #144]
    1f3c:	8b0c02a3 	add	x3, x21, x12
    1f40:	a906b7ec 	stp	x12, x13, [sp, #104]
    1f44:	f9003feb 	str	x11, [sp, #120]
    1f48:	f90043e3 	str	x3, [sp, #128]
    1f4c:	8b0d02a3 	add	x3, x21, x13
    1f50:	f90047e3 	str	x3, [sp, #136]
    1f54:	b900cbff 	str	wzr, [sp, #200]
    1f58:	a90d07ee 	stp	x14, x1, [sp, #208]
    1f5c:	f90073e6 	str	x6, [sp, #224]
    1f60:	f90077e0 	str	x0, [sp, #232]
    1f64:	91001260 	add	x0, x19, #0x4
    1f68:	f9007fe5 	str	x5, [sp, #248]
    1f6c:	f900a3e0 	str	x0, [sp, #320]
    1f70:	7100011f 	cmp	w8, #0x0
    1f74:	54002e6d 	b.le	2540 <conv_sve_rowpair+0x740>
    1f78:	f94037e0 	ldr	x0, [sp, #104]
    1f7c:	25b8c005 	mov	z5.s, #0
    1f80:	046530b2 	mov	z18.d, z5.d
    1f84:	046530b3 	mov	z19.d, z5.d
    1f88:	f940a3ea 	ldr	x10, [sp, #320]
    1f8c:	046530b4 	mov	z20.d, z5.d
    1f90:	8b150009 	add	x9, x0, x21
    1f94:	f9403be0 	ldr	x0, [sp, #112]
    1f98:	8b150007 	add	x7, x0, x21
    1f9c:	f9403fe0 	ldr	x0, [sp, #120]
    1fa0:	8b150006 	add	x6, x0, x21
    1fa4:	f9404be0 	ldr	x0, [sp, #144]
    1fa8:	8b150005 	add	x5, x0, x21
    1fac:	d2800000 	mov	x0, #0x0                   	// #0
    1fb0:	d37ef401 	lsl	x1, x0, #2
    1fb4:	a5404121 	ld1w	{z1.s}, p0/z, [x9, x0, lsl #2]
    1fb8:	a54042a3 	ld1w	{z3.s}, p0/z, [x21, x0, lsl #2]
    1fbc:	8b010263 	add	x3, x19, x1
    1fc0:	8b010141 	add	x1, x10, x1
    1fc4:	8540c066 	ld1rw	{z6.s}, p0/z, [x3]
    1fc8:	8540c024 	ld1rw	{z4.s}, p0/z, [x1]
    1fcc:	65860870 	fmul	z16.s, z3.s, z6.s
    1fd0:	05201023 	ext	z3.b, z3.b, z1.b, #4
    1fd4:	65840863 	fmul	z3.s, z3.s, z4.s
    1fd8:	a54040e0 	ld1w	{z0.s}, p0/z, [x7, x0, lsl #2]
    1fdc:	a54040c2 	ld1w	{z2.s}, p0/z, [x6, x0, lsl #2]
    1fe0:	a54040a7 	ld1w	{z7.s}, p0/z, [x5, x0, lsl #2]
    1fe4:	65900294 	fadd	z20.s, z20.s, z16.s
    1fe8:	91000800 	add	x0, x0, #0x2
    1fec:	65860830 	fmul	z16.s, z1.s, z6.s
    1ff0:	65830294 	fadd	z20.s, z20.s, z3.s
    1ff4:	05201001 	ext	z1.b, z1.b, z0.b, #4
    1ff8:	65860803 	fmul	z3.s, z0.s, z6.s
    1ffc:	05201040 	ext	z0.b, z0.b, z2.b, #4
    2000:	65840800 	fmul	z0.s, z0.s, z4.s
    2004:	65900273 	fadd	z19.s, z19.s, z16.s
    2008:	65840821 	fmul	z1.s, z1.s, z4.s
    200c:	65830252 	fadd	z18.s, z18.s, z3.s
    2010:	65860842 	fmul	z2.s, z2.s, z6.s
    2014:	65800252 	fadd	z18.s, z18.s, z0.s
    2018:	658200a5 	fadd	z5.s, z5.s, z2.s
    201c:	658408e0 	fmul	z0.s, z7.s, z4.s
    2020:	65810273 	fadd	z19.s, z19.s, z1.s
    2024:	658000a5 	fadd	z5.s, z5.s, z0.s
    2028:	6b00011f 	cmp	w8, w0
    202c:	54fffc2c 	b.gt	1fb0 <conv_sve_rowpair+0x1b0>
    2030:	b9413ffa 	ldr	w26, [sp, #316]
    2034:	6b1a009f 	cmp	w4, w26
    2038:	540002ad 	b.le	208c <conv_sve_rowpair+0x28c>
    203c:	a94817e3 	ldp	x3, x5, [sp, #128]
    2040:	93407f40 	sxtw	x0, w26
    2044:	d503201f 	nop
    2048:	8b000a61 	add	x1, x19, x0, lsl #2
    204c:	a54042a4 	ld1w	{z4.s}, p0/z, [x21, x0, lsl #2]
    2050:	a5404063 	ld1w	{z3.s}, p0/z, [x3, x0, lsl #2]
    2054:	a54040a2 	ld1w	{z2.s}, p0/z, [x5, x0, lsl #2]
    2058:	a54043c1 	ld1w	{z1.s}, p0/z, [x30, x0, lsl #2]
    205c:	91000400 	add	x0, x0, #0x1
    2060:	8540c020 	ld1rw	{z0.s}, p0/z, [x1]
    2064:	65800884 	fmul	z4.s, z4.s, z0.s
    2068:	65800863 	fmul	z3.s, z3.s, z0.s
    206c:	65800842 	fmul	z2.s, z2.s, z0.s
    2070:	65840294 	fadd	z20.s, z20.s, z4.s
    2074:	65800820 	fmul	z0.s, z1.s, z0.s
    2078:	65830273 	fadd	z19.s, z19.s, z3.s
    207c:	65820252 	fadd	z18.s, z18.s, z2.s
    2080:	658000a5 	fadd	z5.s, z5.s, z0.s
    2084:	6b00009f 	cmp	w4, w0
    2088:	54fffe0c 	b.gt	2048 <conv_sve_rowpair+0x248>
    208c:	b9413be3 	ldr	w3, [sp, #312]
    2090:	7100047f 	cmp	w3, #0x1
    2094:	540024cd 	b.le	252c <conv_sve_rowpair+0x72c>
    2098:	a95203e1 	ldp	x1, x0, [sp, #288]
    209c:	25b8c007 	mov	z7.s, #0
    20a0:	93407f5b 	sxtw	x27, w26
    20a4:	046730e1 	mov	z1.d, z7.d
    20a8:	11000751 	add	w17, w26, #0x1
    20ac:	8b1c036f 	add	x15, x27, x28
    20b0:	8b1c0230 	add	x16, x17, x28
    20b4:	11000746 	add	w6, w26, #0x1
    20b8:	a90b5bf5 	stp	x21, x22, [sp, #176]
    20bc:	8b110a71 	add	x17, x19, x17, lsl #2
    20c0:	91001267 	add	x7, x19, #0x4
    20c4:	046730e3 	mov	z3.d, z7.d
    20c8:	8b1b0000 	add	x0, x0, x27
    20cc:	8b1c0825 	add	x5, x1, x28, lsl #2
    20d0:	f9404bf6 	ldr	x22, [sp, #144]
    20d4:	046730f1 	mov	z17.d, z7.d
    20d8:	d37ef400 	lsl	x0, x0, #2
    20dc:	f9409be9 	ldr	x9, [sp, #304]
    20e0:	8b100830 	add	x16, x1, x16, lsl #2
    20e4:	f940a7f5 	ldr	x21, [sp, #328]
    20e8:	8b0f082f 	add	x15, x1, x15, lsl #2
    20ec:	d37ef77b 	lsl	x27, x27, #2
    20f0:	a90a73fe 	stp	x30, x28, [sp, #160]
    20f4:	2a0603fc 	mov	w28, w6
    20f8:	aa0003fe 	mov	x30, x0
    20fc:	f90063f3 	str	x19, [sp, #192]
    2100:	2a0303f3 	mov	w19, w3
    2104:	52800034 	mov	w20, #0x1                   	// #1
    2108:	8b0702aa 	add	x10, x21, x7
    210c:	d10010e6 	sub	x6, x7, #0x4
    2110:	7100011f 	cmp	w8, #0x0
    2114:	5400080d 	b.le	2214 <conv_sve_rowpair+0x414>
    2118:	f94037e0 	ldr	x0, [sp, #104]
    211c:	8b0502cb 	add	x11, x22, x5
    2120:	8b05000e 	add	x14, x0, x5
    2124:	f9403be0 	ldr	x0, [sp, #112]
    2128:	8b05000d 	add	x13, x0, x5
    212c:	f9403fe0 	ldr	x0, [sp, #120]
    2130:	8b05000c 	add	x12, x0, x5
    2134:	d2800000 	mov	x0, #0x0                   	// #0
    2138:	d37ef401 	lsl	x1, x0, #2
    213c:	a54040b0 	ld1w	{z16.s}, p0/z, [x5, x0, lsl #2]
    2140:	8b010143 	add	x3, x10, x1
    2144:	8540c064 	ld1rw	{z4.s}, p0/z, [x3]
    2148:	65840a17 	fmul	z23.s, z16.s, z4.s
    214c:	a54041c2 	ld1w	{z2.s}, p0/z, [x14, x0, lsl #2]
    2150:	65970294 	fadd	z20.s, z20.s, z23.s
    2154:	65840857 	fmul	z23.s, z2.s, z4.s
    2158:	a54041a0 	ld1w	{z0.s}, p0/z, [x13, x0, lsl #2]
    215c:	a5404186 	ld1w	{z6.s}, p0/z, [x12, x0, lsl #2]
    2160:	0420be19 	movprfx	z25, z16
    2164:	05201059 	ext	z25.b, z25.b, z2.b, #4
    2168:	8b090023 	add	x3, x1, x9
    216c:	65970273 	fadd	z19.s, z19.s, z23.s
    2170:	8540c075 	ld1rw	{z21.s}, p0/z, [x3]
    2174:	65840817 	fmul	z23.s, z0.s, z4.s
    2178:	65950b38 	fmul	z24.s, z25.s, z21.s
    217c:	658408c4 	fmul	z4.s, z6.s, z4.s
    2180:	a5404176 	ld1w	{z22.s}, p0/z, [x11, x0, lsl #2]
    2184:	65970252 	fadd	z18.s, z18.s, z23.s
    2188:	658400a5 	fadd	z5.s, z5.s, z4.s
    218c:	0420bc17 	movprfx	z23, z0
    2190:	052010d7 	ext	z23.b, z23.b, z6.b, #4
    2194:	65980294 	fadd	z20.s, z20.s, z24.s
    2198:	65950ae4 	fmul	z4.s, z23.s, z21.s
    219c:	0420bc58 	movprfx	z24, z2
    21a0:	05201018 	ext	z24.b, z24.b, z0.b, #4
    21a4:	91000800 	add	x0, x0, #0x2
    21a8:	65950b1a 	fmul	z26.s, z24.s, z21.s
    21ac:	65950ad5 	fmul	z21.s, z22.s, z21.s
    21b0:	8b0100c3 	add	x3, x6, x1
    21b4:	65840252 	fadd	z18.s, z18.s, z4.s
    21b8:	8b070021 	add	x1, x1, x7
    21bc:	659500a5 	fadd	z5.s, z5.s, z21.s
    21c0:	8540c024 	ld1rw	{z4.s}, p0/z, [x1]
    21c4:	8540c075 	ld1rw	{z21.s}, p0/z, [x3]
    21c8:	65840b39 	fmul	z25.s, z25.s, z4.s
    21cc:	65950a10 	fmul	z16.s, z16.s, z21.s
    21d0:	65950842 	fmul	z2.s, z2.s, z21.s
    21d4:	65900231 	fadd	z17.s, z17.s, z16.s
    21d8:	65820063 	fadd	z3.s, z3.s, z2.s
    21dc:	65950800 	fmul	z0.s, z0.s, z21.s
    21e0:	659508c6 	fmul	z6.s, z6.s, z21.s
    21e4:	65800021 	fadd	z1.s, z1.s, z0.s
    21e8:	658600e7 	fadd	z7.s, z7.s, z6.s
    21ec:	65840b18 	fmul	z24.s, z24.s, z4.s
    21f0:	65840af7 	fmul	z23.s, z23.s, z4.s
    21f4:	65840ad6 	fmul	z22.s, z22.s, z4.s
    21f8:	659a0273 	fadd	z19.s, z19.s, z26.s
    21fc:	65990231 	fadd	z17.s, z17.s, z25.s
    2200:	65980063 	fadd	z3.s, z3.s, z24.s
    2204:	65970021 	fadd	z1.s, z1.s, z23.s
    2208:	659600e7 	fadd	z7.s, z7.s, z22.s
    220c:	6b00011f 	cmp	w8, w0
    2210:	54fff94c 	b.gt	2138 <conv_sve_rowpair+0x338>
    2214:	6b1a009f 	cmp	w4, w26
    2218:	5400064d 	b.le	22e0 <conv_sve_rowpair+0x4e0>
    221c:	8b1e00c0 	add	x0, x6, x30
    2220:	a540a1f0 	ld1w	{z16.s}, p0/z, [x15]
    2224:	8540c000 	ld1rw	{z0.s}, p0/z, [x0]
    2228:	a55941e6 	ld1w	{z6.s}, p0/z, [x15, x25, lsl #2]
    222c:	65800a04 	fmul	z4.s, z16.s, z0.s
    2230:	658008c2 	fmul	z2.s, z6.s, z0.s
    2234:	65840294 	fadd	z20.s, z20.s, z4.s
    2238:	65820273 	fadd	z19.s, z19.s, z2.s
    223c:	a55841e4 	ld1w	{z4.s}, p0/z, [x15, x24, lsl #2]
    2240:	a55741e2 	ld1w	{z2.s}, p0/z, [x15, x23, lsl #2]
    2244:	65800895 	fmul	z21.s, z4.s, z0.s
    2248:	65800840 	fmul	z0.s, z2.s, z0.s
    224c:	8b1b00c6 	add	x6, x6, x27
    2250:	658000a5 	fadd	z5.s, z5.s, z0.s
    2254:	65950252 	fadd	z18.s, z18.s, z21.s
    2258:	8540c0c0 	ld1rw	{z0.s}, p0/z, [x6]
    225c:	65800a10 	fmul	z16.s, z16.s, z0.s
    2260:	658008c6 	fmul	z6.s, z6.s, z0.s
    2264:	65800884 	fmul	z4.s, z4.s, z0.s
    2268:	65800842 	fmul	z2.s, z2.s, z0.s
    226c:	65900231 	fadd	z17.s, z17.s, z16.s
    2270:	65860063 	fadd	z3.s, z3.s, z6.s
    2274:	65840021 	fadd	z1.s, z1.s, z4.s
    2278:	658200e7 	fadd	z7.s, z7.s, z2.s
    227c:	6b1c009f 	cmp	w4, w28
    2280:	5400030d 	b.le	22e0 <conv_sve_rowpair+0x4e0>
    2284:	a540a210 	ld1w	{z16.s}, p0/z, [x16]
    2288:	a5594206 	ld1w	{z6.s}, p0/z, [x16, x25, lsl #2]
    228c:	8b120220 	add	x0, x17, x18
    2290:	8540c000 	ld1rw	{z0.s}, p0/z, [x0]
    2294:	65800a04 	fmul	z4.s, z16.s, z0.s
    2298:	658008c2 	fmul	z2.s, z6.s, z0.s
    229c:	65840294 	fadd	z20.s, z20.s, z4.s
    22a0:	65820273 	fadd	z19.s, z19.s, z2.s
    22a4:	a5584204 	ld1w	{z4.s}, p0/z, [x16, x24, lsl #2]
    22a8:	a5574202 	ld1w	{z2.s}, p0/z, [x16, x23, lsl #2]
    22ac:	65800895 	fmul	z21.s, z4.s, z0.s
    22b0:	65800840 	fmul	z0.s, z2.s, z0.s
    22b4:	65950252 	fadd	z18.s, z18.s, z21.s
    22b8:	658000a5 	fadd	z5.s, z5.s, z0.s
    22bc:	8540c220 	ld1rw	{z0.s}, p0/z, [x17]
    22c0:	65800a10 	fmul	z16.s, z16.s, z0.s
    22c4:	658008c6 	fmul	z6.s, z6.s, z0.s
    22c8:	65800884 	fmul	z4.s, z4.s, z0.s
    22cc:	65800842 	fmul	z2.s, z2.s, z0.s
    22d0:	65900231 	fadd	z17.s, z17.s, z16.s
    22d4:	65860063 	fadd	z3.s, z3.s, z6.s
    22d8:	65840021 	fadd	z1.s, z1.s, z4.s
    22dc:	658200e7 	fadd	z7.s, z7.s, z2.s
    22e0:	11000694 	add	w20, w20, #0x1
    22e4:	8b120231 	add	x17, x17, x18
    22e8:	8b020210 	add	x16, x16, x2
    22ec:	8b0201ef 	add	x15, x15, x2
    22f0:	8b120129 	add	x9, x9, x18
    22f4:	8b1200e7 	add	x7, x7, x18
    22f8:	8b0200a5 	add	x5, x5, x2
    22fc:	6b14027f 	cmp	w19, w20
    2300:	54fff041 	b.ne	2108 <conv_sve_rowpair+0x308>  // b.any
    2304:	a94a73fe 	ldp	x30, x28, [sp, #160]
    2308:	a94b5bf5 	ldp	x21, x22, [sp, #176]
    230c:	f94063f3 	ldr	x19, [sp, #192]
    2310:	7100011f 	cmp	w8, #0x0
    2314:	540005ad 	b.le	23c8 <conv_sve_rowpair+0x5c8>
    2318:	f94037e0 	ldr	x0, [sp, #104]
    231c:	f9404fea 	ldr	x10, [sp, #152]
    2320:	8b160009 	add	x9, x0, x22
    2324:	f9403be0 	ldr	x0, [sp, #112]
    2328:	f940abeb 	ldr	x11, [sp, #336]
    232c:	8b160007 	add	x7, x0, x22
    2330:	f9403fe0 	ldr	x0, [sp, #120]
    2334:	8b160006 	add	x6, x0, x22
    2338:	f9404be0 	ldr	x0, [sp, #144]
    233c:	8b160005 	add	x5, x0, x22
    2340:	d2800000 	mov	x0, #0x0                   	// #0
    2344:	d503201f 	nop
    2348:	d37ef401 	lsl	x1, x0, #2
    234c:	a5404120 	ld1w	{z0.s}, p0/z, [x9, x0, lsl #2]
    2350:	a54040e4 	ld1w	{z4.s}, p0/z, [x7, x0, lsl #2]
    2354:	a54042c2 	ld1w	{z2.s}, p0/z, [x22, x0, lsl #2]
    2358:	a54040c6 	ld1w	{z6.s}, p0/z, [x6, x0, lsl #2]
    235c:	8b010143 	add	x3, x10, x1
    2360:	a54040b7 	ld1w	{z23.s}, p0/z, [x5, x0, lsl #2]
    2364:	8540c076 	ld1rw	{z22.s}, p0/z, [x3]
    2368:	8b010161 	add	x1, x11, x1
    236c:	65960850 	fmul	z16.s, z2.s, z22.s
    2370:	8540c035 	ld1rw	{z21.s}, p0/z, [x1]
    2374:	05201002 	ext	z2.b, z2.b, z0.b, #4
    2378:	65960818 	fmul	z24.s, z0.s, z22.s
    237c:	91000800 	add	x0, x0, #0x2
    2380:	05201080 	ext	z0.b, z0.b, z4.b, #4
    2384:	65950800 	fmul	z0.s, z0.s, z21.s
    2388:	65900231 	fadd	z17.s, z17.s, z16.s
    238c:	65950842 	fmul	z2.s, z2.s, z21.s
    2390:	65960890 	fmul	z16.s, z4.s, z22.s
    2394:	65980063 	fadd	z3.s, z3.s, z24.s
    2398:	052010c4 	ext	z4.b, z4.b, z6.b, #4
    239c:	65900021 	fadd	z1.s, z1.s, z16.s
    23a0:	65800063 	fadd	z3.s, z3.s, z0.s
    23a4:	659608c6 	fmul	z6.s, z6.s, z22.s
    23a8:	65950884 	fmul	z4.s, z4.s, z21.s
    23ac:	658600e7 	fadd	z7.s, z7.s, z6.s
    23b0:	65950ae0 	fmul	z0.s, z23.s, z21.s
    23b4:	65820231 	fadd	z17.s, z17.s, z2.s
    23b8:	65840021 	fadd	z1.s, z1.s, z4.s
    23bc:	658000e7 	fadd	z7.s, z7.s, z0.s
    23c0:	6b00011f 	cmp	w8, w0
    23c4:	54fffc2c 	b.gt	2348 <conv_sve_rowpair+0x548>
    23c8:	6b1a009f 	cmp	w4, w26
    23cc:	540005ad 	b.le	2480 <conv_sve_rowpair+0x680>
    23d0:	f9404fe5 	ldr	x5, [sp, #152]
    23d4:	93407f41 	sxtw	x1, w26
    23d8:	937e7f40 	sbfiz	x0, x26, #2, #32
    23dc:	8b010323 	add	x3, x25, x1
    23e0:	a54342c4 	ld1w	{z4.s}, p0/z, [x22, x3, lsl #2]
    23e4:	8b0000a3 	add	x3, x5, x0
    23e8:	1100075a 	add	w26, w26, #0x1
    23ec:	8540c060 	ld1rw	{z0.s}, p0/z, [x3]
    23f0:	8b0002c3 	add	x3, x22, x0
    23f4:	65800884 	fmul	z4.s, z4.s, z0.s
    23f8:	a540a062 	ld1w	{z2.s}, p0/z, [x3]
    23fc:	65800842 	fmul	z2.s, z2.s, z0.s
    2400:	8b010303 	add	x3, x24, x1
    2404:	65840063 	fadd	z3.s, z3.s, z4.s
    2408:	8b0102e1 	add	x1, x23, x1
    240c:	65820231 	fadd	z17.s, z17.s, z2.s
    2410:	a54342c4 	ld1w	{z4.s}, p0/z, [x22, x3, lsl #2]
    2414:	a54142c2 	ld1w	{z2.s}, p0/z, [x22, x1, lsl #2]
    2418:	65800884 	fmul	z4.s, z4.s, z0.s
    241c:	65800840 	fmul	z0.s, z2.s, z0.s
    2420:	65840021 	fadd	z1.s, z1.s, z4.s
    2424:	658000e7 	fadd	z7.s, z7.s, z0.s
    2428:	6b1a009f 	cmp	w4, w26
    242c:	540002ad 	b.le	2480 <conv_sve_rowpair+0x680>
    2430:	91001000 	add	x0, x0, #0x4
    2434:	93407f5a 	sxtw	x26, w26
    2438:	8b0000a1 	add	x1, x5, x0
    243c:	8b0002c0 	add	x0, x22, x0
    2440:	8540c020 	ld1rw	{z0.s}, p0/z, [x1]
    2444:	a540a004 	ld1w	{z4.s}, p0/z, [x0]
    2448:	8b1a0320 	add	x0, x25, x26
    244c:	65800884 	fmul	z4.s, z4.s, z0.s
    2450:	a54042c2 	ld1w	{z2.s}, p0/z, [x22, x0, lsl #2]
    2454:	65800842 	fmul	z2.s, z2.s, z0.s
    2458:	8b1a0300 	add	x0, x24, x26
    245c:	65840231 	fadd	z17.s, z17.s, z4.s
    2460:	8b1a02fa 	add	x26, x23, x26
    2464:	65820063 	fadd	z3.s, z3.s, z2.s
    2468:	a54042c4 	ld1w	{z4.s}, p0/z, [x22, x0, lsl #2]
    246c:	a55a42c2 	ld1w	{z2.s}, p0/z, [x22, x26, lsl #2]
    2470:	65800884 	fmul	z4.s, z4.s, z0.s
    2474:	65800840 	fmul	z0.s, z2.s, z0.s
    2478:	65840021 	fadd	z1.s, z1.s, z4.s
    247c:	658000e7 	fadd	z7.s, z7.s, z0.s
    2480:	a94d87e0 	ldp	x0, x1, [sp, #216]
    2484:	e55c4014 	st1w	{z20.s}, p0, [x0, x28, lsl #2]
    2488:	f94083e0 	ldr	x0, [sp, #256]
    248c:	e55c4011 	st1w	{z17.s}, p0, [x0, x28, lsl #2]
    2490:	f9406be0 	ldr	x0, [sp, #208]
    2494:	e55c4013 	st1w	{z19.s}, p0, [x0, x28, lsl #2]
    2498:	e55c4032 	st1w	{z18.s}, p0, [x1, x28, lsl #2]
    249c:	a95087e0 	ldp	x0, x1, [sp, #264]
    24a0:	e55c4003 	st1w	{z3.s}, p0, [x0, x28, lsl #2]
    24a4:	e55c4021 	st1w	{z1.s}, p0, [x1, x28, lsl #2]
    24a8:	295907e0 	ldp	w0, w1, [sp, #200]
    24ac:	0430e3e0 	incb	x0
    24b0:	b900cbe0 	str	w0, [sp, #200]
    24b4:	4b000034 	sub	w20, w1, w0
    24b8:	f9407be1 	ldr	x1, [sp, #240]
    24bc:	f9407fe0 	ldr	x0, [sp, #248]
    24c0:	e55c4005 	st1w	{z5.s}, p0, [x0, x28, lsl #2]
    24c4:	f9408fe0 	ldr	x0, [sp, #280]
    24c8:	e55c4007 	st1w	{z7.s}, p0, [x0, x28, lsl #2]
    24cc:	8b01039c 	add	x28, x28, x1
    24d0:	f94043e1 	ldr	x1, [sp, #128]
    24d4:	f94077e0 	ldr	x0, [sp, #232]
    24d8:	8b000021 	add	x1, x1, x0
    24dc:	f90043e1 	str	x1, [sp, #128]
    24e0:	f94047e1 	ldr	x1, [sp, #136]
    24e4:	8b0002d6 	add	x22, x22, x0
    24e8:	8b0002b5 	add	x21, x21, x0
    24ec:	8b0003de 	add	x30, x30, x0
    24f0:	8b000021 	add	x1, x1, x0
    24f4:	f90047e1 	str	x1, [sp, #136]
    24f8:	0420e3e0 	cntb	x0
    24fc:	6b00029f 	cmp	w20, w0
    2500:	54ffd38a 	b.ge	1f70 <conv_sve_rowpair+0x170>  // b.tcont
    2504:	a94573fb 	ldp	x27, x28, [sp, #80]
    2508:	295903e1 	ldp	w1, w0, [sp, #200]
    250c:	6b01001f 	cmp	w0, w1
    2510:	5400024c 	b.gt	2558 <conv_sve_rowpair+0x758>
    2514:	a94153f3 	ldp	x19, x20, [sp, #16]
    2518:	a9425bf5 	ldp	x21, x22, [sp, #32]
    251c:	a94363f7 	ldp	x23, x24, [sp, #48]
    2520:	a9446bf9 	ldp	x25, x26, [sp, #64]
    2524:	a8d77bfd 	ldp	x29, x30, [sp], #368
    2528:	d65f03c0 	ret
    252c:	25b8c007 	mov	z7.s, #0
    2530:	046730e1 	mov	z1.d, z7.d
    2534:	046730e3 	mov	z3.d, z7.d
    2538:	046730f1 	mov	z17.d, z7.d
    253c:	17ffff75 	b	2310 <conv_sve_rowpair+0x510>
    2540:	25b8c005 	mov	z5.s, #0
    2544:	5280001a 	mov	w26, #0x0                   	// #0
    2548:	046530b2 	mov	z18.d, z5.d
    254c:	046530b3 	mov	z19.d, z5.d
    2550:	046530b4 	mov	z20.d, z5.d
    2554:	17fffeb8 	b	2034 <conv_sve_rowpair+0x234>
    2558:	a95583f7 	ldp	x23, x0, [sp, #344]
    255c:	937e7c36 	sbfiz	x22, x1, #2, #32
    2560:	f94093f8 	ldr	x24, [sp, #288]
    2564:	93407c35 	sxtw	x21, w1
    2568:	b9413bf9 	ldr	w25, [sp, #312]
    256c:	2a1403e6 	mov	w6, w20
    2570:	aa1303e2 	mov	x2, x19
    2574:	b9006be4 	str	w4, [sp, #104]
    2578:	8b160005 	add	x5, x0, x22
    257c:	2a1903e3 	mov	w3, w25
    2580:	8b160300 	add	x0, x24, x22
    2584:	aa1703e1 	mov	x1, x23
    2588:	97fff76a 	bl	330 <conv_sve_prefix>
    258c:	f940b7e2 	ldr	x2, [sp, #360]
    2590:	8b1702a0 	add	x0, x21, x23
    2594:	b9406be4 	ldr	w4, [sp, #104]
    2598:	aa1703e1 	mov	x1, x23
    259c:	8b160045 	add	x5, x2, x22
    25a0:	2a1403e6 	mov	w6, w20
    25a4:	8b000b00 	add	x0, x24, x0, lsl #2
    25a8:	2a1903e3 	mov	w3, w25
    25ac:	aa1303e2 	mov	x2, x19
    25b0:	a94153f3 	ldp	x19, x20, [sp, #16]
    25b4:	a9425bf5 	ldp	x21, x22, [sp, #32]
    25b8:	a94363f7 	ldp	x23, x24, [sp, #48]
    25bc:	a9446bf9 	ldp	x25, x26, [sp, #64]
    25c0:	a8d77bfd 	ldp	x29, x30, [sp], #368
    25c4:	17fff75b 	b	330 <conv_sve_prefix>
    25c8:	b940cff4 	ldr	w20, [sp, #204]
    25cc:	b900cbff 	str	wzr, [sp, #200]
    25d0:	17ffffce 	b	2508 <conv_sve_rowpair+0x708>

00000000000025d4 <conv_sve_rowtriple>:
    25d4:	d10883ff 	sub	sp, sp, #0x220
    25d8:	a9007bfd 	stp	x29, x30, [sp]
    25dc:	910003fd 	mov	x29, sp
    25e0:	a91897e7 	stp	x7, x5, [sp, #392]
    25e4:	b94223e7 	ldr	w7, [sp, #544]
    25e8:	a90153f3 	stp	x19, x20, [sp, #16]
    25ec:	aa0203f4 	mov	x20, x2
    25f0:	2a0403f3 	mov	w19, w4
    25f4:	a9025bf5 	stp	x21, x22, [sp, #32]
    25f8:	f90043e0 	str	x0, [sp, #128]
    25fc:	b90187e3 	str	w3, [sp, #388]
    2600:	f900cfe6 	str	x6, [sp, #408]
    2604:	b901c3e7 	str	w7, [sp, #448]
    2608:	f9010be1 	str	x1, [sp, #528]
    260c:	7100087f 	cmp	w3, #0x2
    2610:	5400794d 	b.le	3538 <conv_sve_rowtriple+0xf64>
    2614:	a90363f7 	stp	x23, x24, [sp, #48]
    2618:	0420e3e0 	cntb	x0
    261c:	a9046bf9 	stp	x25, x26, [sp, #64]
    2620:	6b0000ff 	cmp	w7, w0
    2624:	54007aab 	b.lt	3578 <conv_sve_rowtriple+0xfa4>  // b.tstop
    2628:	d37ef42f 	lsl	x15, x1, #2
    262c:	aa0103e2 	mov	x2, x1
    2630:	b94187e1 	ldr	w1, [sp, #388]
    2634:	937e7c9a 	sbfiz	x26, x4, #2, #32
    2638:	04a2e3e7 	cntw	x7, all, mul #3
    263c:	04a0e3eb 	cntw	x11
    2640:	51000828 	sub	w8, w1, #0x2
    2644:	937e7ced 	sbfiz	x13, x7, #2, #32
    2648:	93407c20 	sxtw	x0, w1
    264c:	937e7d6e 	sbfiz	x14, x11, #2, #32
    2650:	8b24ce9e 	add	x30, x20, w4, sxtw #3
    2654:	5100042a 	sub	w10, w1, #0x1
    2658:	5100088c 	sub	w12, w4, #0x2
    265c:	93407d77 	sxtw	x23, w11
    2660:	9b027c00 	mul	x0, x0, x2
    2664:	910011a1 	add	x1, x13, #0x4
    2668:	f94043eb 	ldr	x11, [sp, #128]
    266c:	2518e3e0 	ptrue	p0.b
    2670:	8b020004 	add	x4, x0, x2
    2674:	0460e3e9 	cnth	x9
    2678:	121f798c 	and	w12, w12, #0xfffffffe
    267c:	d37ef484 	lsl	x4, x4, #2
    2680:	937e7d31 	sbfiz	x17, x9, #2, #32
    2684:	8b0f0022 	add	x2, x1, x15
    2688:	9b1a5108 	madd	x8, x8, x26, x20
    268c:	1100098c 	add	w12, w12, #0x2
    2690:	aa0e03f0 	mov	x16, x14
    2694:	8b0f01c3 	add	x3, x14, x15
    2698:	8b0f01a6 	add	x6, x13, x15
    269c:	9b1a5158 	madd	x24, x10, x26, x20
    26a0:	aa0d03f2 	mov	x18, x13
    26a4:	8b0401ca 	add	x10, x14, x4
    26a8:	8b0201ee 	add	x14, x15, x2
    26ac:	a90937f1 	stp	x17, x13, [sp, #144]
    26b0:	d37ef400 	lsl	x0, x0, #2
    26b4:	8b0f0225 	add	x5, x17, x15
    26b8:	f900a7e8 	str	x8, [sp, #328]
    26bc:	8b040228 	add	x8, x17, x4
    26c0:	b901c7ec 	str	w12, [sp, #452]
    26c4:	8b0401ac 	add	x12, x13, x4
    26c8:	8b04002d 	add	x13, x1, x4
    26cc:	8b0b0084 	add	x4, x4, x11
    26d0:	f900e7e4 	str	x4, [sp, #456]
    26d4:	8b0b01c4 	add	x4, x14, x11
    26d8:	f900d3f0 	str	x16, [sp, #416]
    26dc:	8b000210 	add	x16, x16, x0
    26e0:	f900fbe4 	str	x4, [sp, #496]
    26e4:	8b020164 	add	x4, x11, x2
    26e8:	8b000231 	add	x17, x17, x0
    26ec:	f9007fe4 	str	x4, [sp, #248]
    26f0:	8b100164 	add	x4, x11, x16
    26f4:	8b000252 	add	x18, x18, x0
    26f8:	f90057e4 	str	x4, [sp, #168]
    26fc:	8b110164 	add	x4, x11, x17
    2700:	8b000035 	add	x21, x1, x0
    2704:	f9005fe4 	str	x4, [sp, #184]
    2708:	8b120164 	add	x4, x11, x18
    270c:	f90053e4 	str	x4, [sp, #160]
    2710:	8b150164 	add	x4, x11, x21
    2714:	8b0301f6 	add	x22, x15, x3
    2718:	8b030163 	add	x3, x11, x3
    271c:	f90063e4 	str	x4, [sp, #192]
    2720:	8b010164 	add	x4, x11, x1
    2724:	8b0501e1 	add	x1, x15, x5
    2728:	f9005be3 	str	x3, [sp, #176]
    272c:	8b0b0023 	add	x3, x1, x11
    2730:	a90573fb 	stp	x27, x28, [sp, #80]
    2734:	8b0601fb 	add	x27, x15, x6
    2738:	8b0a016a 	add	x10, x11, x10
    273c:	f900f3e3 	str	x3, [sp, #480]
    2740:	8b050163 	add	x3, x11, x5
    2744:	f90067e3 	str	x3, [sp, #200]
    2748:	8b0b0363 	add	x3, x27, x11
    274c:	f940d3ee 	ldr	x14, [sp, #416]
    2750:	f900f7e3 	str	x3, [sp, #488]
    2754:	8b060163 	add	x3, x11, x6
    2758:	93407cf9 	sxtw	x25, w7
    275c:	8b0c0167 	add	x7, x11, x12
    2760:	f9007be3 	str	x3, [sp, #240]
    2764:	b981c7e3 	ldrsw	x3, [sp, #452]
    2768:	8b0b0000 	add	x0, x0, x11
    276c:	f90077ea 	str	x10, [sp, #232]
    2770:	8b08016a 	add	x10, x11, x8
    2774:	a90dabe7 	stp	x7, x10, [sp, #216]
    2778:	8b0d0167 	add	x7, x11, x13
    277c:	91001341 	add	x1, x26, #0x4
    2780:	f9006be7 	str	x7, [sp, #208]
    2784:	8b010281 	add	x1, x20, x1
    2788:	f9008fe4 	str	x4, [sp, #280]
    278c:	8b0b02c4 	add	x4, x22, x11
    2790:	f900ebe0 	str	x0, [sp, #464]
    2794:	8b0b01e0 	add	x0, x15, x11
    2798:	f900efe4 	str	x4, [sp, #472]
    279c:	93407d3c 	sxtw	x28, w9
    27a0:	f9010fe3 	str	x3, [sp, #536]
    27a4:	8b0e0163 	add	x3, x11, x14
    27a8:	f90083e3 	str	x3, [sp, #256]
    27ac:	a9494bf1 	ldp	x17, x18, [sp, #144]
    27b0:	f900ffe0 	str	x0, [sp, #504]
    27b4:	d1001340 	sub	x0, x26, #0x4
    27b8:	f90103e0 	str	x0, [sp, #512]
    27bc:	910013c0 	add	x0, x30, #0x4
    27c0:	f900dbe0 	str	x0, [sp, #432]
    27c4:	93407e60 	sxtw	x0, w19
    27c8:	f900d7e0 	str	x0, [sp, #424]
    27cc:	f940a7e8 	ldr	x8, [sp, #328]
    27d0:	8b110163 	add	x3, x11, x17
    27d4:	f9410be2 	ldr	x2, [sp, #528]
    27d8:	0420e3e0 	cntb	x0
    27dc:	f90087e3 	str	x3, [sp, #264]
    27e0:	8b120163 	add	x3, x11, x18
    27e4:	93407c00 	sxtw	x0, w0
    27e8:	f9008be3 	str	x3, [sp, #272]
    27ec:	91001303 	add	x3, x24, #0x4
    27f0:	f900bfe3 	str	x3, [sp, #376]
    27f4:	91001103 	add	x3, x8, #0x4
    27f8:	f900dfe0 	str	x0, [sp, #440]
    27fc:	0420e3e0 	cntb	x0
    2800:	aa1703fe 	mov	x30, x23
    2804:	937e7c1b 	sbfiz	x27, x0, #2, #32
    2808:	d37ff840 	lsl	x0, x2, #1
    280c:	f90107e3 	str	x3, [sp, #520]
    2810:	51000663 	sub	w3, w19, #0x1
    2814:	f9003fff 	str	xzr, [sp, #120]
    2818:	f90047e0 	str	x0, [sp, #136]
    281c:	91001280 	add	x0, x20, #0x4
    2820:	f90093ee 	str	x14, [sp, #288]
    2824:	f90097e0 	str	x0, [sp, #296]
    2828:	f900abe1 	str	x1, [sp, #336]
    282c:	8b1a0281 	add	x1, x20, x26
    2830:	f900bbe1 	str	x1, [sp, #368]
    2834:	b90183ff 	str	wzr, [sp, #384]
    2838:	a94783e1 	ldp	x1, x0, [sp, #120]
    283c:	8b010001 	add	x1, x0, x1
    2840:	7100007f 	cmp	w3, #0x0
    2844:	5400600d 	b.le	3444 <conv_sve_rowtriple+0xe70>
    2848:	a9501be5 	ldp	x5, x6, [sp, #256]
    284c:	25b8c012 	mov	z18.s, #0
    2850:	d2800000 	mov	x0, #0x0                   	// #0
    2854:	04723258 	mov	z24.d, z18.d
    2858:	a95123e7 	ldp	x7, x8, [sp, #272]
    285c:	04723257 	mov	z23.d, z18.d
    2860:	04723256 	mov	z22.d, z18.d
    2864:	f94097e9 	ldr	x9, [sp, #296]
    2868:	d37ef402 	lsl	x2, x0, #2
    286c:	a54040a1 	ld1w	{z1.s}, p0/z, [x5, x0, lsl #2]
    2870:	a5404023 	ld1w	{z3.s}, p0/z, [x1, x0, lsl #2]
    2874:	8b020284 	add	x4, x20, x2
    2878:	8b090042 	add	x2, x2, x9
    287c:	8540c085 	ld1rw	{z5.s}, p0/z, [x4]
    2880:	8540c044 	ld1rw	{z4.s}, p0/z, [x2]
    2884:	65850867 	fmul	z7.s, z3.s, z5.s
    2888:	05201023 	ext	z3.b, z3.b, z1.b, #4
    288c:	65840863 	fmul	z3.s, z3.s, z4.s
    2890:	a54040c0 	ld1w	{z0.s}, p0/z, [x6, x0, lsl #2]
    2894:	a54040e2 	ld1w	{z2.s}, p0/z, [x7, x0, lsl #2]
    2898:	a5404106 	ld1w	{z6.s}, p0/z, [x8, x0, lsl #2]
    289c:	658702d6 	fadd	z22.s, z22.s, z7.s
    28a0:	91000800 	add	x0, x0, #0x2
    28a4:	65850827 	fmul	z7.s, z1.s, z5.s
    28a8:	658302d6 	fadd	z22.s, z22.s, z3.s
    28ac:	05201001 	ext	z1.b, z1.b, z0.b, #4
    28b0:	65850803 	fmul	z3.s, z0.s, z5.s
    28b4:	05201040 	ext	z0.b, z0.b, z2.b, #4
    28b8:	65840800 	fmul	z0.s, z0.s, z4.s
    28bc:	658702f7 	fadd	z23.s, z23.s, z7.s
    28c0:	65840821 	fmul	z1.s, z1.s, z4.s
    28c4:	65830318 	fadd	z24.s, z24.s, z3.s
    28c8:	65850842 	fmul	z2.s, z2.s, z5.s
    28cc:	65800318 	fadd	z24.s, z24.s, z0.s
    28d0:	65820252 	fadd	z18.s, z18.s, z2.s
    28d4:	658408c0 	fmul	z0.s, z6.s, z4.s
    28d8:	658102f7 	fadd	z23.s, z23.s, z1.s
    28dc:	65800252 	fadd	z18.s, z18.s, z0.s
    28e0:	6b00007f 	cmp	w3, w0
    28e4:	54fffc2c 	b.gt	2868 <conv_sve_rowtriple+0x294>
    28e8:	b941c7e0 	ldr	w0, [sp, #452]
    28ec:	b9006be0 	str	w0, [sp, #104]
    28f0:	6b00027f 	cmp	w19, w0
    28f4:	54005b8d 	b.le	3464 <conv_sve_rowtriple+0xe90>
    28f8:	a94913e0 	ldp	x0, x4, [sp, #144]
    28fc:	f94043e2 	ldr	x2, [sp, #128]
    2900:	b9806bf2 	ldrsw	x18, [sp, #104]
    2904:	8b040045 	add	x5, x2, x4
    2908:	8b000046 	add	x6, x2, x0
    290c:	f94093e4 	ldr	x4, [sp, #288]
    2910:	aa1203e0 	mov	x0, x18
    2914:	8b040044 	add	x4, x2, x4
    2918:	8b000a82 	add	x2, x20, x0, lsl #2
    291c:	a5404024 	ld1w	{z4.s}, p0/z, [x1, x0, lsl #2]
    2920:	a5404083 	ld1w	{z3.s}, p0/z, [x4, x0, lsl #2]
    2924:	a54040c2 	ld1w	{z2.s}, p0/z, [x6, x0, lsl #2]
    2928:	a54040a1 	ld1w	{z1.s}, p0/z, [x5, x0, lsl #2]
    292c:	91000400 	add	x0, x0, #0x1
    2930:	8540c040 	ld1rw	{z0.s}, p0/z, [x2]
    2934:	65800884 	fmul	z4.s, z4.s, z0.s
    2938:	65800863 	fmul	z3.s, z3.s, z0.s
    293c:	65800842 	fmul	z2.s, z2.s, z0.s
    2940:	658402d6 	fadd	z22.s, z22.s, z4.s
    2944:	65800820 	fmul	z0.s, z1.s, z0.s
    2948:	658302f7 	fadd	z23.s, z23.s, z3.s
    294c:	65820318 	fadd	z24.s, z24.s, z2.s
    2950:	65800252 	fadd	z18.s, z18.s, z0.s
    2954:	6b00027f 	cmp	w19, w0
    2958:	54fffe0c 	b.gt	2918 <conv_sve_rowtriple+0x344>
    295c:	f9403fe0 	ldr	x0, [sp, #120]
    2960:	f940ffe1 	ldr	x1, [sp, #504]
    2964:	8b010000 	add	x0, x0, x1
    2968:	7100007f 	cmp	w3, #0x0
    296c:	540058cd 	b.le	3484 <conv_sve_rowtriple+0xeb0>
    2970:	a94f2be9 	ldp	x9, x10, [sp, #240]
    2974:	25b8c011 	mov	z17.s, #0
    2978:	d2800001 	mov	x1, #0x0                   	// #0
    297c:	04713234 	mov	z20.d, z17.d
    2980:	f9405be5 	ldr	x5, [sp, #176]
    2984:	04713233 	mov	z19.d, z17.d
    2988:	04713235 	mov	z21.d, z17.d
    298c:	f94067e6 	ldr	x6, [sp, #200]
    2990:	f94097eb 	ldr	x11, [sp, #296]
    2994:	f940abe8 	ldr	x8, [sp, #336]
    2998:	f940bbe7 	ldr	x7, [sp, #368]
    299c:	d503201f 	nop
    29a0:	d37ef422 	lsl	x2, x1, #2
    29a4:	a5414004 	ld1w	{z4.s}, p0/z, [x0, x1, lsl #2]
    29a8:	8b0200e4 	add	x4, x7, x2
    29ac:	8540c082 	ld1rw	{z2.s}, p0/z, [x4]
    29b0:	65820887 	fmul	z7.s, z4.s, z2.s
    29b4:	a54140a1 	ld1w	{z1.s}, p0/z, [x5, x1, lsl #2]
    29b8:	658702d6 	fadd	z22.s, z22.s, z7.s
    29bc:	65820827 	fmul	z7.s, z1.s, z2.s
    29c0:	a54140c0 	ld1w	{z0.s}, p0/z, [x6, x1, lsl #2]
    29c4:	a5414123 	ld1w	{z3.s}, p0/z, [x9, x1, lsl #2]
    29c8:	0420bc99 	movprfx	z25, z4
    29cc:	05201039 	ext	z25.b, z25.b, z1.b, #4
    29d0:	8b020104 	add	x4, x8, x2
    29d4:	658702f7 	fadd	z23.s, z23.s, z7.s
    29d8:	8540c085 	ld1rw	{z5.s}, p0/z, [x4]
    29dc:	65820807 	fmul	z7.s, z0.s, z2.s
    29e0:	65850b30 	fmul	z16.s, z25.s, z5.s
    29e4:	65820862 	fmul	z2.s, z3.s, z2.s
    29e8:	a5414146 	ld1w	{z6.s}, p0/z, [x10, x1, lsl #2]
    29ec:	65870318 	fadd	z24.s, z24.s, z7.s
    29f0:	65820252 	fadd	z18.s, z18.s, z2.s
    29f4:	0420bc07 	movprfx	z7, z0
    29f8:	05201067 	ext	z7.b, z7.b, z3.b, #4
    29fc:	659002d6 	fadd	z22.s, z22.s, z16.s
    2a00:	658508e2 	fmul	z2.s, z7.s, z5.s
    2a04:	0420bc30 	movprfx	z16, z1
    2a08:	05201010 	ext	z16.b, z16.b, z0.b, #4
    2a0c:	91000821 	add	x1, x1, #0x2
    2a10:	65850a1a 	fmul	z26.s, z16.s, z5.s
    2a14:	658508c5 	fmul	z5.s, z6.s, z5.s
    2a18:	8b020284 	add	x4, x20, x2
    2a1c:	65820318 	fadd	z24.s, z24.s, z2.s
    2a20:	8b0b0042 	add	x2, x2, x11
    2a24:	65850252 	fadd	z18.s, z18.s, z5.s
    2a28:	8540c042 	ld1rw	{z2.s}, p0/z, [x2]
    2a2c:	8540c085 	ld1rw	{z5.s}, p0/z, [x4]
    2a30:	65820b39 	fmul	z25.s, z25.s, z2.s
    2a34:	65850884 	fmul	z4.s, z4.s, z5.s
    2a38:	65850821 	fmul	z1.s, z1.s, z5.s
    2a3c:	658402b5 	fadd	z21.s, z21.s, z4.s
    2a40:	65810273 	fadd	z19.s, z19.s, z1.s
    2a44:	65850800 	fmul	z0.s, z0.s, z5.s
    2a48:	65850863 	fmul	z3.s, z3.s, z5.s
    2a4c:	65800294 	fadd	z20.s, z20.s, z0.s
    2a50:	65830231 	fadd	z17.s, z17.s, z3.s
    2a54:	65820a10 	fmul	z16.s, z16.s, z2.s
    2a58:	658208e7 	fmul	z7.s, z7.s, z2.s
    2a5c:	658208c6 	fmul	z6.s, z6.s, z2.s
    2a60:	659a02f7 	fadd	z23.s, z23.s, z26.s
    2a64:	659902b5 	fadd	z21.s, z21.s, z25.s
    2a68:	65900273 	fadd	z19.s, z19.s, z16.s
    2a6c:	65870294 	fadd	z20.s, z20.s, z7.s
    2a70:	65860231 	fadd	z17.s, z17.s, z6.s
    2a74:	6b01007f 	cmp	w3, w1
    2a78:	54fff94c 	b.gt	29a0 <conv_sve_rowtriple+0x3cc>
    2a7c:	b9406be1 	ldr	w1, [sp, #104]
    2a80:	6b01027f 	cmp	w19, w1
    2a84:	54004fad 	b.le	3478 <conv_sve_rowtriple+0xea4>
    2a88:	f940bbe5 	ldr	x5, [sp, #368]
    2a8c:	d37ef641 	lsl	x1, x18, #2
    2a90:	b9406be2 	ldr	w2, [sp, #104]
    2a94:	11000444 	add	w4, w2, #0x1
    2a98:	8b0100a2 	add	x2, x5, x1
    2a9c:	8540c040 	ld1rw	{z0.s}, p0/z, [x2]
    2aa0:	8b010002 	add	x2, x0, x1
    2aa4:	a540a041 	ld1w	{z1.s}, p0/z, [x2]
    2aa8:	8b010282 	add	x2, x20, x1
    2aac:	65800823 	fmul	z3.s, z1.s, z0.s
    2ab0:	8540c042 	ld1rw	{z2.s}, p0/z, [x2]
    2ab4:	65820821 	fmul	z1.s, z1.s, z2.s
    2ab8:	8b1203c2 	add	x2, x30, x18
    2abc:	658302d6 	fadd	z22.s, z22.s, z3.s
    2ac0:	658102b5 	fadd	z21.s, z21.s, z1.s
    2ac4:	a5424001 	ld1w	{z1.s}, p0/z, [x0, x2, lsl #2]
    2ac8:	65800823 	fmul	z3.s, z1.s, z0.s
    2acc:	65820821 	fmul	z1.s, z1.s, z2.s
    2ad0:	8b120382 	add	x2, x28, x18
    2ad4:	658302f7 	fadd	z23.s, z23.s, z3.s
    2ad8:	65810273 	fadd	z19.s, z19.s, z1.s
    2adc:	a5424001 	ld1w	{z1.s}, p0/z, [x0, x2, lsl #2]
    2ae0:	65800823 	fmul	z3.s, z1.s, z0.s
    2ae4:	65820821 	fmul	z1.s, z1.s, z2.s
    2ae8:	b9006fe4 	str	w4, [sp, #108]
    2aec:	8b120322 	add	x2, x25, x18
    2af0:	65810294 	fadd	z20.s, z20.s, z1.s
    2af4:	65830318 	fadd	z24.s, z24.s, z3.s
    2af8:	a5424001 	ld1w	{z1.s}, p0/z, [x0, x2, lsl #2]
    2afc:	65800820 	fmul	z0.s, z1.s, z0.s
    2b00:	65820821 	fmul	z1.s, z1.s, z2.s
    2b04:	65800252 	fadd	z18.s, z18.s, z0.s
    2b08:	65810231 	fadd	z17.s, z17.s, z1.s
    2b0c:	6b13009f 	cmp	w4, w19
    2b10:	540003ea 	b.ge	2b8c <conv_sve_rowtriple+0x5b8>  // b.tcont
    2b14:	91001021 	add	x1, x1, #0x4
    2b18:	93407c82 	sxtw	x2, w4
    2b1c:	8b0100a4 	add	x4, x5, x1
    2b20:	8540c080 	ld1rw	{z0.s}, p0/z, [x4]
    2b24:	8b010004 	add	x4, x0, x1
    2b28:	8b010281 	add	x1, x20, x1
    2b2c:	a540a081 	ld1w	{z1.s}, p0/z, [x4]
    2b30:	8540c022 	ld1rw	{z2.s}, p0/z, [x1]
    2b34:	65800823 	fmul	z3.s, z1.s, z0.s
    2b38:	65820821 	fmul	z1.s, z1.s, z2.s
    2b3c:	8b0203c1 	add	x1, x30, x2
    2b40:	658302d6 	fadd	z22.s, z22.s, z3.s
    2b44:	658102b5 	fadd	z21.s, z21.s, z1.s
    2b48:	a5414001 	ld1w	{z1.s}, p0/z, [x0, x1, lsl #2]
    2b4c:	65800823 	fmul	z3.s, z1.s, z0.s
    2b50:	65820821 	fmul	z1.s, z1.s, z2.s
    2b54:	8b020381 	add	x1, x28, x2
    2b58:	658302f7 	fadd	z23.s, z23.s, z3.s
    2b5c:	8b020322 	add	x2, x25, x2
    2b60:	a5414003 	ld1w	{z3.s}, p0/z, [x0, x1, lsl #2]
    2b64:	65810273 	fadd	z19.s, z19.s, z1.s
    2b68:	65800864 	fmul	z4.s, z3.s, z0.s
    2b6c:	a5424001 	ld1w	{z1.s}, p0/z, [x0, x2, lsl #2]
    2b70:	65820863 	fmul	z3.s, z3.s, z2.s
    2b74:	65800820 	fmul	z0.s, z1.s, z0.s
    2b78:	65840318 	fadd	z24.s, z24.s, z4.s
    2b7c:	65820821 	fmul	z1.s, z1.s, z2.s
    2b80:	65830294 	fadd	z20.s, z20.s, z3.s
    2b84:	65800252 	fadd	z18.s, z18.s, z0.s
    2b88:	65810231 	fadd	z17.s, z17.s, z1.s
    2b8c:	f94047e0 	ldr	x0, [sp, #136]
    2b90:	25b8c007 	mov	z7.s, #0
    2b94:	8b120381 	add	x1, x28, x18
    2b98:	046730e3 	mov	z3.d, z7.d
    2b9c:	b9406ff6 	ldr	w22, [sp, #108]
    2ba0:	8b1203c2 	add	x2, x30, x18
    2ba4:	8b120010 	add	x16, x0, x18
    2ba8:	d37ef421 	lsl	x1, x1, #2
    2bac:	8b160011 	add	x17, x0, x22
    2bb0:	8b120320 	add	x0, x25, x18
    2bb4:	a95aa3e5 	ldp	x5, x8, [sp, #424]
    2bb8:	046730e2 	mov	z2.d, z7.d
    2bbc:	d37ef400 	lsl	x0, x0, #2
    2bc0:	046730e6 	mov	z6.d, z7.d
    2bc4:	a91307e0 	stp	x0, x1, [sp, #304]
    2bc8:	d37ef442 	lsl	x2, x2, #2
    2bcc:	52800055 	mov	w21, #0x2                   	// #2
    2bd0:	f9403fe0 	ldr	x0, [sp, #120]
    2bd4:	a915eff8 	stp	x24, x27, [sp, #344]
    2bd8:	cb0502c4 	sub	x4, x22, x5
    2bdc:	f940efe1 	ldr	x1, [sp, #472]
    2be0:	8b1200b7 	add	x23, x5, x18
    2be4:	f94043e5 	ldr	x5, [sp, #128]
    2be8:	8b010007 	add	x7, x0, x1
    2bec:	f940f3e1 	ldr	x1, [sp, #480]
    2bf0:	f900b7f4 	str	x20, [sp, #360]
    2bf4:	8b1108b1 	add	x17, x5, x17, lsl #2
    2bf8:	8b1008b0 	add	x16, x5, x16, lsl #2
    2bfc:	8b01000b 	add	x11, x0, x1
    2c00:	b94187f8 	ldr	w24, [sp, #388]
    2c04:	f940f7e1 	ldr	x1, [sp, #488]
    2c08:	d37ef6d6 	lsl	x22, x22, #2
    2c0c:	f94097e5 	ldr	x5, [sp, #296]
    2c10:	8b01000a 	add	x10, x0, x1
    2c14:	f940fbe1 	ldr	x1, [sp, #496]
    2c18:	d37ef6f7 	lsl	x23, x23, #2
    2c1c:	f940abe6 	ldr	x6, [sp, #336]
    2c20:	d37ef652 	lsl	x18, x18, #2
    2c24:	f940d3fb 	ldr	x27, [sp, #416]
    2c28:	8b010009 	add	x9, x0, x1
    2c2c:	f94103f4 	ldr	x20, [sp, #512]
    2c30:	d37ef484 	lsl	x4, x4, #2
    2c34:	f9003be4 	str	x4, [sp, #112]
    2c38:	f900a3e2 	str	x2, [sp, #320]
    2c3c:	d503201f 	nop
    2c40:	cb1b00ec 	sub	x12, x7, x27
    2c44:	8b1400ce 	add	x14, x6, x20
    2c48:	8b05028d 	add	x13, x20, x5
    2c4c:	d10010a4 	sub	x4, x5, #0x4
    2c50:	7100007f 	cmp	w3, #0x0
    2c54:	540009cd 	b.le	2d8c <conv_sve_rowtriple+0x7b8>
    2c58:	d2800000 	mov	x0, #0x0                   	// #0
    2c5c:	d503201f 	nop
    2c60:	d37ef401 	lsl	x1, x0, #2
    2c64:	a54040e1 	ld1w	{z1.s}, p0/z, [x7, x0, lsl #2]
    2c68:	8b0101c2 	add	x2, x14, x1
    2c6c:	a5404185 	ld1w	{z5.s}, p0/z, [x12, x0, lsl #2]
    2c70:	8540c050 	ld1rw	{z16.s}, p0/z, [x2]
    2c74:	0420bcbb 	movprfx	z27, z5
    2c78:	0520103b 	ext	z27.b, z27.b, z1.b, #4
    2c7c:	659008ba 	fmul	z26.s, z5.s, z16.s
    2c80:	8b080022 	add	x2, x1, x8
    2c84:	8540c05d 	ld1rw	{z29.s}, p0/z, [x2]
    2c88:	659d0b7c 	fmul	z28.s, z27.s, z29.s
    2c8c:	a5404160 	ld1w	{z0.s}, p0/z, [x11, x0, lsl #2]
    2c90:	a5404144 	ld1w	{z4.s}, p0/z, [x10, x0, lsl #2]
    2c94:	659a02d6 	fadd	z22.s, z22.s, z26.s
    2c98:	6590083a 	fmul	z26.s, z1.s, z16.s
    2c9c:	659c02d6 	fadd	z22.s, z22.s, z28.s
    2ca0:	6590081c 	fmul	z28.s, z0.s, z16.s
    2ca4:	65900890 	fmul	z16.s, z4.s, z16.s
    2ca8:	659a02f7 	fadd	z23.s, z23.s, z26.s
    2cac:	659c0318 	fadd	z24.s, z24.s, z28.s
    2cb0:	0420bc3a 	movprfx	z26, z1
    2cb4:	0520101a 	ext	z26.b, z26.b, z0.b, #4
    2cb8:	0420bc1c 	movprfx	z28, z0
    2cbc:	0520109c 	ext	z28.b, z28.b, z4.b, #4
    2cc0:	659d0b5e 	fmul	z30.s, z26.s, z29.s
    2cc4:	65900252 	fadd	z18.s, z18.s, z16.s
    2cc8:	659d0b90 	fmul	z16.s, z28.s, z29.s
    2ccc:	8b0101a2 	add	x2, x13, x1
    2cd0:	659e02f7 	fadd	z23.s, z23.s, z30.s
    2cd4:	65900318 	fadd	z24.s, z24.s, z16.s
    2cd8:	8540c050 	ld1rw	{z16.s}, p0/z, [x2]
    2cdc:	659008be 	fmul	z30.s, z5.s, z16.s
    2ce0:	a5404139 	ld1w	{z25.s}, p0/z, [x9, x0, lsl #2]
    2ce4:	659e02b5 	fadd	z21.s, z21.s, z30.s
    2ce8:	659d0b3d 	fmul	z29.s, z25.s, z29.s
    2cec:	6590083e 	fmul	z30.s, z1.s, z16.s
    2cf0:	8b060022 	add	x2, x1, x6
    2cf4:	659e0273 	fadd	z19.s, z19.s, z30.s
    2cf8:	659d0252 	fadd	z18.s, z18.s, z29.s
    2cfc:	6590081e 	fmul	z30.s, z0.s, z16.s
    2d00:	8540c05d 	ld1rw	{z29.s}, p0/z, [x2]
    2d04:	659d0b7f 	fmul	z31.s, z27.s, z29.s
    2d08:	659e0294 	fadd	z20.s, z20.s, z30.s
    2d0c:	659f02b5 	fadd	z21.s, z21.s, z31.s
    2d10:	659d0b9e 	fmul	z30.s, z28.s, z29.s
    2d14:	659d0b5f 	fmul	z31.s, z26.s, z29.s
    2d18:	659d0b3d 	fmul	z29.s, z25.s, z29.s
    2d1c:	65900890 	fmul	z16.s, z4.s, z16.s
    2d20:	8b010082 	add	x2, x4, x1
    2d24:	65900231 	fadd	z17.s, z17.s, z16.s
    2d28:	659d0231 	fadd	z17.s, z17.s, z29.s
    2d2c:	8540c05d 	ld1rw	{z29.s}, p0/z, [x2]
    2d30:	659d0821 	fmul	z1.s, z1.s, z29.s
    2d34:	91000800 	add	x0, x0, #0x2
    2d38:	65810042 	fadd	z2.s, z2.s, z1.s
    2d3c:	659d0801 	fmul	z1.s, z0.s, z29.s
    2d40:	8b050021 	add	x1, x1, x5
    2d44:	65810060 	fadd	z0.s, z3.s, z1.s
    2d48:	8540c030 	ld1rw	{z16.s}, p0/z, [x1]
    2d4c:	659d08a5 	fmul	z5.s, z5.s, z29.s
    2d50:	659d0884 	fmul	z4.s, z4.s, z29.s
    2d54:	658500c6 	fadd	z6.s, z6.s, z5.s
    2d58:	658400e1 	fadd	z1.s, z7.s, z4.s
    2d5c:	65900b7b 	fmul	z27.s, z27.s, z16.s
    2d60:	65900b5a 	fmul	z26.s, z26.s, z16.s
    2d64:	65900b9c 	fmul	z28.s, z28.s, z16.s
    2d68:	65900b39 	fmul	z25.s, z25.s, z16.s
    2d6c:	659f0273 	fadd	z19.s, z19.s, z31.s
    2d70:	659e0294 	fadd	z20.s, z20.s, z30.s
    2d74:	659b00c6 	fadd	z6.s, z6.s, z27.s
    2d78:	659a0042 	fadd	z2.s, z2.s, z26.s
    2d7c:	659c0003 	fadd	z3.s, z0.s, z28.s
    2d80:	65990027 	fadd	z7.s, z1.s, z25.s
    2d84:	6b00007f 	cmp	w3, w0
    2d88:	54fff6cc 	b.gt	2c60 <conv_sve_rowtriple+0x68c>
    2d8c:	b9406be0 	ldr	w0, [sp, #104]
    2d90:	6b13001f 	cmp	w0, w19
    2d94:	5400096a 	b.ge	2ec0 <conv_sve_rowtriple+0x8ec>  // b.tcont
    2d98:	d10010c0 	sub	x0, x6, #0x4
    2d9c:	a540a210 	ld1w	{z16.s}, p0/z, [x16]
    2da0:	a55e4205 	ld1w	{z5.s}, p0/z, [x16, x30, lsl #2]
    2da4:	8b170001 	add	x1, x0, x23
    2da8:	8540c020 	ld1rw	{z0.s}, p0/z, [x1]
    2dac:	65800a19 	fmul	z25.s, z16.s, z0.s
    2db0:	658008a1 	fmul	z1.s, z5.s, z0.s
    2db4:	8b170081 	add	x1, x4, x23
    2db8:	a55c4204 	ld1w	{z4.s}, p0/z, [x16, x28, lsl #2]
    2dbc:	659902d6 	fadd	z22.s, z22.s, z25.s
    2dc0:	658102f7 	fadd	z23.s, z23.s, z1.s
    2dc4:	65800899 	fmul	z25.s, z4.s, z0.s
    2dc8:	a5594201 	ld1w	{z1.s}, p0/z, [x16, x25, lsl #2]
    2dcc:	65800820 	fmul	z0.s, z1.s, z0.s
    2dd0:	65800252 	fadd	z18.s, z18.s, z0.s
    2dd4:	8540c020 	ld1rw	{z0.s}, p0/z, [x1]
    2dd8:	b9406fe1 	ldr	w1, [sp, #108]
    2ddc:	658008ba 	fmul	z26.s, z5.s, z0.s
    2de0:	65800a1b 	fmul	z27.s, z16.s, z0.s
    2de4:	8b120084 	add	x4, x4, x18
    2de8:	65990318 	fadd	z24.s, z24.s, z25.s
    2dec:	659a0273 	fadd	z19.s, z19.s, z26.s
    2df0:	8540c099 	ld1rw	{z25.s}, p0/z, [x4]
    2df4:	6580089a 	fmul	z26.s, z4.s, z0.s
    2df8:	65990a10 	fmul	z16.s, z16.s, z25.s
    2dfc:	65800820 	fmul	z0.s, z1.s, z0.s
    2e00:	659908a5 	fmul	z5.s, z5.s, z25.s
    2e04:	65990884 	fmul	z4.s, z4.s, z25.s
    2e08:	65990821 	fmul	z1.s, z1.s, z25.s
    2e0c:	659b02b5 	fadd	z21.s, z21.s, z27.s
    2e10:	659a0294 	fadd	z20.s, z20.s, z26.s
    2e14:	65800231 	fadd	z17.s, z17.s, z0.s
    2e18:	659000c6 	fadd	z6.s, z6.s, z16.s
    2e1c:	65850042 	fadd	z2.s, z2.s, z5.s
    2e20:	65840063 	fadd	z3.s, z3.s, z4.s
    2e24:	658100e7 	fadd	z7.s, z7.s, z1.s
    2e28:	6b01027f 	cmp	w19, w1
    2e2c:	540004ad 	b.le	2ec0 <conv_sve_rowtriple+0x8ec>
    2e30:	d1001101 	sub	x1, x8, #0x4
    2e34:	a540a230 	ld1w	{z16.s}, p0/z, [x17]
    2e38:	a55e4225 	ld1w	{z5.s}, p0/z, [x17, x30, lsl #2]
    2e3c:	8b0102c1 	add	x1, x22, x1
    2e40:	8540c020 	ld1rw	{z0.s}, p0/z, [x1]
    2e44:	65800a19 	fmul	z25.s, z16.s, z0.s
    2e48:	658008a1 	fmul	z1.s, z5.s, z0.s
    2e4c:	f9403be2 	ldr	x2, [sp, #112]
    2e50:	a55c4224 	ld1w	{z4.s}, p0/z, [x17, x28, lsl #2]
    2e54:	659902d6 	fadd	z22.s, z22.s, z25.s
    2e58:	658102f7 	fadd	z23.s, z23.s, z1.s
    2e5c:	65800899 	fmul	z25.s, z4.s, z0.s
    2e60:	a5594221 	ld1w	{z1.s}, p0/z, [x17, x25, lsl #2]
    2e64:	65800820 	fmul	z0.s, z1.s, z0.s
    2e68:	8b160001 	add	x1, x0, x22
    2e6c:	65800252 	fadd	z18.s, z18.s, z0.s
    2e70:	8540c020 	ld1rw	{z0.s}, p0/z, [x1]
    2e74:	658008ba 	fmul	z26.s, z5.s, z0.s
    2e78:	65800a1b 	fmul	z27.s, z16.s, z0.s
    2e7c:	8b020000 	add	x0, x0, x2
    2e80:	65990318 	fadd	z24.s, z24.s, z25.s
    2e84:	659a0273 	fadd	z19.s, z19.s, z26.s
    2e88:	8540c019 	ld1rw	{z25.s}, p0/z, [x0]
    2e8c:	6580089a 	fmul	z26.s, z4.s, z0.s
    2e90:	65990a10 	fmul	z16.s, z16.s, z25.s
    2e94:	65800820 	fmul	z0.s, z1.s, z0.s
    2e98:	659908a5 	fmul	z5.s, z5.s, z25.s
    2e9c:	65990884 	fmul	z4.s, z4.s, z25.s
    2ea0:	65990821 	fmul	z1.s, z1.s, z25.s
    2ea4:	659b02b5 	fadd	z21.s, z21.s, z27.s
    2ea8:	659a0294 	fadd	z20.s, z20.s, z26.s
    2eac:	65800231 	fadd	z17.s, z17.s, z0.s
    2eb0:	659000c6 	fadd	z6.s, z6.s, z16.s
    2eb4:	65850042 	fadd	z2.s, z2.s, z5.s
    2eb8:	65840063 	fadd	z3.s, z3.s, z4.s
    2ebc:	658100e7 	fadd	z7.s, z7.s, z1.s
    2ec0:	110006b5 	add	w21, w21, #0x1
    2ec4:	8b0f0231 	add	x17, x17, x15
    2ec8:	8b0f0210 	add	x16, x16, x15
    2ecc:	8b1a0108 	add	x8, x8, x26
    2ed0:	8b1a00c6 	add	x6, x6, x26
    2ed4:	8b1a00a5 	add	x5, x5, x26
    2ed8:	8b0f00e7 	add	x7, x7, x15
    2edc:	8b0f016b 	add	x11, x11, x15
    2ee0:	8b0f014a 	add	x10, x10, x15
    2ee4:	8b0f0129 	add	x9, x9, x15
    2ee8:	6b15031f 	cmp	w24, w21
    2eec:	54ffeaa1 	b.ne	2c40 <conv_sve_rowtriple+0x66c>  // b.any
    2ef0:	f9403fe0 	ldr	x0, [sp, #120]
    2ef4:	f940ebe1 	ldr	x1, [sp, #464]
    2ef8:	a955eff8 	ldp	x24, x27, [sp, #344]
    2efc:	8b010000 	add	x0, x0, x1
    2f00:	f940b7f4 	ldr	x20, [sp, #360]
    2f04:	7100007f 	cmp	w3, #0x0
    2f08:	540007ed 	b.le	3004 <conv_sve_rowtriple+0xa30>
    2f0c:	a94a1be5 	ldp	x5, x6, [sp, #160]
    2f10:	d2800001 	mov	x1, #0x0                   	// #0
    2f14:	a94ba3e7 	ldp	x7, x8, [sp, #184]
    2f18:	f940a7e9 	ldr	x9, [sp, #328]
    2f1c:	f940bfea 	ldr	x10, [sp, #376]
    2f20:	f94107eb 	ldr	x11, [sp, #520]
    2f24:	d503201f 	nop
    2f28:	d37ef422 	lsl	x2, x1, #2
    2f2c:	a54140c4 	ld1w	{z4.s}, p0/z, [x6, x1, lsl #2]
    2f30:	8b020304 	add	x4, x24, x2
    2f34:	a5414010 	ld1w	{z16.s}, p0/z, [x0, x1, lsl #2]
    2f38:	8540c085 	ld1rw	{z5.s}, p0/z, [x4]
    2f3c:	0420be1c 	movprfx	z28, z16
    2f40:	0520109c 	ext	z28.b, z28.b, z4.b, #4
    2f44:	65850a1b 	fmul	z27.s, z16.s, z5.s
    2f48:	8b020144 	add	x4, x10, x2
    2f4c:	8540c099 	ld1rw	{z25.s}, p0/z, [x4]
    2f50:	65990b9d 	fmul	z29.s, z28.s, z25.s
    2f54:	a54140e0 	ld1w	{z0.s}, p0/z, [x7, x1, lsl #2]
    2f58:	a54140a1 	ld1w	{z1.s}, p0/z, [x5, x1, lsl #2]
    2f5c:	659b02b5 	fadd	z21.s, z21.s, z27.s
    2f60:	6585089b 	fmul	z27.s, z4.s, z5.s
    2f64:	659d02b5 	fadd	z21.s, z21.s, z29.s
    2f68:	6585081d 	fmul	z29.s, z0.s, z5.s
    2f6c:	65850825 	fmul	z5.s, z1.s, z5.s
    2f70:	a541411a 	ld1w	{z26.s}, p0/z, [x8, x1, lsl #2]
    2f74:	659b0273 	fadd	z19.s, z19.s, z27.s
    2f78:	659d0294 	fadd	z20.s, z20.s, z29.s
    2f7c:	0420bc9b 	movprfx	z27, z4
    2f80:	0520101b 	ext	z27.b, z27.b, z0.b, #4
    2f84:	0420bc1d 	movprfx	z29, z0
    2f88:	0520103d 	ext	z29.b, z29.b, z1.b, #4
    2f8c:	65990b7e 	fmul	z30.s, z27.s, z25.s
    2f90:	65850231 	fadd	z17.s, z17.s, z5.s
    2f94:	91000821 	add	x1, x1, #0x2
    2f98:	65990ba5 	fmul	z5.s, z29.s, z25.s
    2f9c:	65990b59 	fmul	z25.s, z26.s, z25.s
    2fa0:	8b020124 	add	x4, x9, x2
    2fa4:	65850294 	fadd	z20.s, z20.s, z5.s
    2fa8:	8b020162 	add	x2, x11, x2
    2fac:	65990231 	fadd	z17.s, z17.s, z25.s
    2fb0:	8540c045 	ld1rw	{z5.s}, p0/z, [x2]
    2fb4:	8540c099 	ld1rw	{z25.s}, p0/z, [x4]
    2fb8:	65850b9c 	fmul	z28.s, z28.s, z5.s
    2fbc:	65990a10 	fmul	z16.s, z16.s, z25.s
    2fc0:	65990884 	fmul	z4.s, z4.s, z25.s
    2fc4:	659000c6 	fadd	z6.s, z6.s, z16.s
    2fc8:	65840042 	fadd	z2.s, z2.s, z4.s
    2fcc:	65990800 	fmul	z0.s, z0.s, z25.s
    2fd0:	65990821 	fmul	z1.s, z1.s, z25.s
    2fd4:	65800060 	fadd	z0.s, z3.s, z0.s
    2fd8:	658100e1 	fadd	z1.s, z7.s, z1.s
    2fdc:	65850b7b 	fmul	z27.s, z27.s, z5.s
    2fe0:	65850bbd 	fmul	z29.s, z29.s, z5.s
    2fe4:	65850b5a 	fmul	z26.s, z26.s, z5.s
    2fe8:	659e0273 	fadd	z19.s, z19.s, z30.s
    2fec:	659c00c6 	fadd	z6.s, z6.s, z28.s
    2ff0:	659b0042 	fadd	z2.s, z2.s, z27.s
    2ff4:	659d0003 	fadd	z3.s, z0.s, z29.s
    2ff8:	659a0027 	fadd	z7.s, z1.s, z26.s
    2ffc:	6b01007f 	cmp	w3, w1
    3000:	54fff94c 	b.gt	2f28 <conv_sve_rowtriple+0x954>
    3004:	b9406be1 	ldr	w1, [sp, #104]
    3008:	6b13003f 	cmp	w1, w19
    300c:	5400210a 	b.ge	342c <conv_sve_rowtriple+0xe58>  // b.tcont
    3010:	f940a7e6 	ldr	x6, [sp, #328]
    3014:	8b120001 	add	x1, x0, x18
    3018:	a540a021 	ld1w	{z1.s}, p0/z, [x1]
    301c:	8b120304 	add	x4, x24, x18
    3020:	8540c080 	ld1rw	{z0.s}, p0/z, [x4]
    3024:	8b1200c1 	add	x1, x6, x18
    3028:	8540c024 	ld1rw	{z4.s}, p0/z, [x1]
    302c:	f940a3e1 	ldr	x1, [sp, #320]
    3030:	65800825 	fmul	z5.s, z1.s, z0.s
    3034:	65840821 	fmul	z1.s, z1.s, z4.s
    3038:	658100c6 	fadd	z6.s, z6.s, z1.s
    303c:	658502b5 	fadd	z21.s, z21.s, z5.s
    3040:	8b010001 	add	x1, x0, x1
    3044:	a540a021 	ld1w	{z1.s}, p0/z, [x1]
    3048:	f9409fe1 	ldr	x1, [sp, #312]
    304c:	65800825 	fmul	z5.s, z1.s, z0.s
    3050:	65840821 	fmul	z1.s, z1.s, z4.s
    3054:	65810042 	fadd	z2.s, z2.s, z1.s
    3058:	65850273 	fadd	z19.s, z19.s, z5.s
    305c:	8b010001 	add	x1, x0, x1
    3060:	a540a021 	ld1w	{z1.s}, p0/z, [x1]
    3064:	f9409be1 	ldr	x1, [sp, #304]
    3068:	65800825 	fmul	z5.s, z1.s, z0.s
    306c:	65840821 	fmul	z1.s, z1.s, z4.s
    3070:	65810063 	fadd	z3.s, z3.s, z1.s
    3074:	65850294 	fadd	z20.s, z20.s, z5.s
    3078:	8b010001 	add	x1, x0, x1
    307c:	a540a021 	ld1w	{z1.s}, p0/z, [x1]
    3080:	b9406fe1 	ldr	w1, [sp, #108]
    3084:	65800820 	fmul	z0.s, z1.s, z0.s
    3088:	65840821 	fmul	z1.s, z1.s, z4.s
    308c:	65800231 	fadd	z17.s, z17.s, z0.s
    3090:	658100e7 	fadd	z7.s, z7.s, z1.s
    3094:	6b01027f 	cmp	w19, w1
    3098:	540003ed 	b.le	3114 <conv_sve_rowtriple+0xb40>
    309c:	93407c21 	sxtw	x1, w1
    30a0:	91001242 	add	x2, x18, #0x4
    30a4:	8b0103c5 	add	x5, x30, x1
    30a8:	a5454001 	ld1w	{z1.s}, p0/z, [x0, x5, lsl #2]
    30ac:	8b020305 	add	x5, x24, x2
    30b0:	8540c0a0 	ld1rw	{z0.s}, p0/z, [x5]
    30b4:	65800824 	fmul	z4.s, z1.s, z0.s
    30b8:	8b020005 	add	x5, x0, x2
    30bc:	65840273 	fadd	z19.s, z19.s, z4.s
    30c0:	8b0200c2 	add	x2, x6, x2
    30c4:	a540a0a5 	ld1w	{z5.s}, p0/z, [x5]
    30c8:	8540c044 	ld1rw	{z4.s}, p0/z, [x2]
    30cc:	658008b0 	fmul	z16.s, z5.s, z0.s
    30d0:	65840821 	fmul	z1.s, z1.s, z4.s
    30d4:	658408a5 	fmul	z5.s, z5.s, z4.s
    30d8:	8b010382 	add	x2, x28, x1
    30dc:	659002b5 	fadd	z21.s, z21.s, z16.s
    30e0:	8b010321 	add	x1, x25, x1
    30e4:	658500c6 	fadd	z6.s, z6.s, z5.s
    30e8:	65810042 	fadd	z2.s, z2.s, z1.s
    30ec:	a5424005 	ld1w	{z5.s}, p0/z, [x0, x2, lsl #2]
    30f0:	a5414001 	ld1w	{z1.s}, p0/z, [x0, x1, lsl #2]
    30f4:	658008b0 	fmul	z16.s, z5.s, z0.s
    30f8:	65800820 	fmul	z0.s, z1.s, z0.s
    30fc:	658408a5 	fmul	z5.s, z5.s, z4.s
    3100:	65840821 	fmul	z1.s, z1.s, z4.s
    3104:	65900294 	fadd	z20.s, z20.s, z16.s
    3108:	65850063 	fadd	z3.s, z3.s, z5.s
    310c:	65800231 	fadd	z17.s, z17.s, z0.s
    3110:	658100e7 	fadd	z7.s, z7.s, z1.s
    3114:	f9403fe0 	ldr	x0, [sp, #120]
    3118:	f940e7e1 	ldr	x1, [sp, #456]
    311c:	8b010002 	add	x2, x0, x1
    3120:	7100007f 	cmp	w3, #0x0
    3124:	5400052d 	b.le	31c8 <conv_sve_rowtriple+0xbf4>
    3128:	a94d1be5 	ldp	x5, x6, [sp, #208]
    312c:	d2800000 	mov	x0, #0x0                   	// #0
    3130:	a94e23e7 	ldp	x7, x8, [sp, #224]
    3134:	f940bfe9 	ldr	x9, [sp, #376]
    3138:	d37ef401 	lsl	x1, x0, #2
    313c:	a5404100 	ld1w	{z0.s}, p0/z, [x8, x0, lsl #2]
    3140:	a54040e4 	ld1w	{z4.s}, p0/z, [x7, x0, lsl #2]
    3144:	a5404041 	ld1w	{z1.s}, p0/z, [x2, x0, lsl #2]
    3148:	8b010304 	add	x4, x24, x1
    314c:	8540c09a 	ld1rw	{z26.s}, p0/z, [x4]
    3150:	659a0825 	fmul	z5.s, z1.s, z26.s
    3154:	659a081c 	fmul	z28.s, z0.s, z26.s
    3158:	05201001 	ext	z1.b, z1.b, z0.b, #4
    315c:	05201080 	ext	z0.b, z0.b, z4.b, #4
    3160:	a54040d0 	ld1w	{z16.s}, p0/z, [x6, x0, lsl #2]
    3164:	a54040bb 	ld1w	{z27.s}, p0/z, [x5, x0, lsl #2]
    3168:	658500c6 	fadd	z6.s, z6.s, z5.s
    316c:	659c0042 	fadd	z2.s, z2.s, z28.s
    3170:	8b010121 	add	x1, x9, x1
    3174:	659a089c 	fmul	z28.s, z4.s, z26.s
    3178:	8540c039 	ld1rw	{z25.s}, p0/z, [x1]
    317c:	91000800 	add	x0, x0, #0x2
    3180:	65990821 	fmul	z1.s, z1.s, z25.s
    3184:	65990805 	fmul	z5.s, z0.s, z25.s
    3188:	659c0060 	fadd	z0.s, z3.s, z28.s
    318c:	658100c6 	fadd	z6.s, z6.s, z1.s
    3190:	05201204 	ext	z4.b, z4.b, z16.b, #4
    3194:	659a0a01 	fmul	z1.s, z16.s, z26.s
    3198:	65990884 	fmul	z4.s, z4.s, z25.s
    319c:	658100e1 	fadd	z1.s, z7.s, z1.s
    31a0:	65840003 	fadd	z3.s, z0.s, z4.s
    31a4:	65850042 	fadd	z2.s, z2.s, z5.s
    31a8:	65990b60 	fmul	z0.s, z27.s, z25.s
    31ac:	65800027 	fadd	z7.s, z1.s, z0.s
    31b0:	6b00007f 	cmp	w3, w0
    31b4:	54fffc2c 	b.gt	3138 <conv_sve_rowtriple+0xb64>
    31b8:	b9406be0 	ldr	w0, [sp, #104]
    31bc:	8b120304 	add	x4, x24, x18
    31c0:	6b13001f 	cmp	w0, w19
    31c4:	5400058a 	b.ge	3274 <conv_sve_rowtriple+0xca0>  // b.tcont
    31c8:	f940a3e0 	ldr	x0, [sp, #320]
    31cc:	8540c080 	ld1rw	{z0.s}, p0/z, [x4]
    31d0:	8b000045 	add	x5, x2, x0
    31d4:	a540a0a4 	ld1w	{z4.s}, p0/z, [x5]
    31d8:	f9409fe0 	ldr	x0, [sp, #312]
    31dc:	65800884 	fmul	z4.s, z4.s, z0.s
    31e0:	65840042 	fadd	z2.s, z2.s, z4.s
    31e4:	8b000041 	add	x1, x2, x0
    31e8:	a540a021 	ld1w	{z1.s}, p0/z, [x1]
    31ec:	f9409be0 	ldr	x0, [sp, #304]
    31f0:	65800821 	fmul	z1.s, z1.s, z0.s
    31f4:	65810063 	fadd	z3.s, z3.s, z1.s
    31f8:	8b000040 	add	x0, x2, x0
    31fc:	a540a004 	ld1w	{z4.s}, p0/z, [x0]
    3200:	8b120040 	add	x0, x2, x18
    3204:	a540a001 	ld1w	{z1.s}, p0/z, [x0]
    3208:	b9406fe0 	ldr	w0, [sp, #108]
    320c:	65800884 	fmul	z4.s, z4.s, z0.s
    3210:	65800820 	fmul	z0.s, z1.s, z0.s
    3214:	658400e7 	fadd	z7.s, z7.s, z4.s
    3218:	658000c6 	fadd	z6.s, z6.s, z0.s
    321c:	6b00027f 	cmp	w19, w0
    3220:	540002ad 	b.le	3274 <conv_sve_rowtriple+0xca0>
    3224:	91001252 	add	x18, x18, #0x4
    3228:	93407c00 	sxtw	x0, w0
    322c:	8b120301 	add	x1, x24, x18
    3230:	8b120052 	add	x18, x2, x18
    3234:	8540c020 	ld1rw	{z0.s}, p0/z, [x1]
    3238:	a540a244 	ld1w	{z4.s}, p0/z, [x18]
    323c:	8b0003c1 	add	x1, x30, x0
    3240:	65800884 	fmul	z4.s, z4.s, z0.s
    3244:	a5414041 	ld1w	{z1.s}, p0/z, [x2, x1, lsl #2]
    3248:	65800821 	fmul	z1.s, z1.s, z0.s
    324c:	8b000381 	add	x1, x28, x0
    3250:	658400c6 	fadd	z6.s, z6.s, z4.s
    3254:	8b000320 	add	x0, x25, x0
    3258:	65810042 	fadd	z2.s, z2.s, z1.s
    325c:	a5414044 	ld1w	{z4.s}, p0/z, [x2, x1, lsl #2]
    3260:	a5404041 	ld1w	{z1.s}, p0/z, [x2, x0, lsl #2]
    3264:	65800884 	fmul	z4.s, z4.s, z0.s
    3268:	65800820 	fmul	z0.s, z1.s, z0.s
    326c:	65840063 	fadd	z3.s, z3.s, z4.s
    3270:	658000e7 	fadd	z7.s, z7.s, z0.s
    3274:	a9588be6 	ldp	x6, x2, [sp, #392]
    3278:	f9403fe4 	ldr	x4, [sp, #120]
    327c:	f94093e7 	ldr	x7, [sp, #288]
    3280:	f940cfe5 	ldr	x5, [sp, #408]
    3284:	8b040040 	add	x0, x2, x4
    3288:	e540e016 	st1w	{z22.s}, p0, [x0]
    328c:	8b0400c0 	add	x0, x6, x4
    3290:	e540e006 	st1w	{z6.s}, p0, [x0]
    3294:	f9404be8 	ldr	x8, [sp, #144]
    3298:	8b070040 	add	x0, x2, x7
    329c:	e540e017 	st1w	{z23.s}, p0, [x0]
    32a0:	8b0400a1 	add	x1, x5, x4
    32a4:	8b0700c0 	add	x0, x6, x7
    32a8:	e540e035 	st1w	{z21.s}, p0, [x1]
    32ac:	8b0700a1 	add	x1, x5, x7
    32b0:	e540e002 	st1w	{z2.s}, p0, [x0]
    32b4:	8b080040 	add	x0, x2, x8
    32b8:	e540e033 	st1w	{z19.s}, p0, [x1]
    32bc:	8b0800a1 	add	x1, x5, x8
    32c0:	b94183e9 	ldr	w9, [sp, #384]
    32c4:	e540e018 	st1w	{z24.s}, p0, [x0]
    32c8:	8b0800c0 	add	x0, x6, x8
    32cc:	e540e034 	st1w	{z20.s}, p0, [x1]
    32d0:	f9404fe1 	ldr	x1, [sp, #152]
    32d4:	e540e003 	st1w	{z3.s}, p0, [x0]
    32d8:	0430e3e9 	incb	x9
    32dc:	b941c3e0 	ldr	w0, [sp, #448]
    32e0:	b90183e9 	str	w9, [sp, #384]
    32e4:	4b090015 	sub	w21, w0, w9
    32e8:	8b010040 	add	x0, x2, x1
    32ec:	e540e012 	st1w	{z18.s}, p0, [x0]
    32f0:	8b0100a0 	add	x0, x5, x1
    32f4:	e540e011 	st1w	{z17.s}, p0, [x0]
    32f8:	8b0100c0 	add	x0, x6, x1
    32fc:	e540e007 	st1w	{z7.s}, p0, [x0]
    3300:	f94077e0 	ldr	x0, [sp, #232]
    3304:	8b1b0000 	add	x0, x0, x27
    3308:	f90077e0 	str	x0, [sp, #232]
    330c:	f94073e0 	ldr	x0, [sp, #224]
    3310:	8b1b0000 	add	x0, x0, x27
    3314:	f90073e0 	str	x0, [sp, #224]
    3318:	f9406fe0 	ldr	x0, [sp, #216]
    331c:	8b1b0000 	add	x0, x0, x27
    3320:	f9006fe0 	str	x0, [sp, #216]
    3324:	f9406be0 	ldr	x0, [sp, #208]
    3328:	8b1b0000 	add	x0, x0, x27
    332c:	f9006be0 	str	x0, [sp, #208]
    3330:	f94057e0 	ldr	x0, [sp, #168]
    3334:	8b1b0000 	add	x0, x0, x27
    3338:	f90057e0 	str	x0, [sp, #168]
    333c:	f9405fe0 	ldr	x0, [sp, #184]
    3340:	f940dfe2 	ldr	x2, [sp, #440]
    3344:	8b1b0000 	add	x0, x0, x27
    3348:	f9005fe0 	str	x0, [sp, #184]
    334c:	f94053e0 	ldr	x0, [sp, #160]
    3350:	8b1b0000 	add	x0, x0, x27
    3354:	f90053e0 	str	x0, [sp, #160]
    3358:	f94063e0 	ldr	x0, [sp, #192]
    335c:	8b1b0000 	add	x0, x0, x27
    3360:	f90063e0 	str	x0, [sp, #192]
    3364:	f94047e0 	ldr	x0, [sp, #136]
    3368:	8b020000 	add	x0, x0, x2
    336c:	f90047e0 	str	x0, [sp, #136]
    3370:	f9405be0 	ldr	x0, [sp, #176]
    3374:	8b1b0000 	add	x0, x0, x27
    3378:	f9005be0 	str	x0, [sp, #176]
    337c:	f94067e0 	ldr	x0, [sp, #200]
    3380:	8b1b0000 	add	x0, x0, x27
    3384:	f90067e0 	str	x0, [sp, #200]
    3388:	f9407be0 	ldr	x0, [sp, #240]
    338c:	8b1b0000 	add	x0, x0, x27
    3390:	f9007be0 	str	x0, [sp, #240]
    3394:	f9407fe0 	ldr	x0, [sp, #248]
    3398:	8b1b0000 	add	x0, x0, x27
    339c:	f9007fe0 	str	x0, [sp, #248]
    33a0:	f94083e0 	ldr	x0, [sp, #256]
    33a4:	8b1b0000 	add	x0, x0, x27
    33a8:	f90083e0 	str	x0, [sp, #256]
    33ac:	f94087e0 	ldr	x0, [sp, #264]
    33b0:	8b1b0000 	add	x0, x0, x27
    33b4:	f90087e0 	str	x0, [sp, #264]
    33b8:	f9408be0 	ldr	x0, [sp, #272]
    33bc:	8b1b0000 	add	x0, x0, x27
    33c0:	f9008be0 	str	x0, [sp, #272]
    33c4:	f9408fe0 	ldr	x0, [sp, #280]
    33c8:	8b1b0000 	add	x0, x0, x27
    33cc:	f9008fe0 	str	x0, [sp, #280]
    33d0:	8b1b0080 	add	x0, x4, x27
    33d4:	f9003fe0 	str	x0, [sp, #120]
    33d8:	8b1b00e0 	add	x0, x7, x27
    33dc:	f90093e0 	str	x0, [sp, #288]
    33e0:	8b1b0100 	add	x0, x8, x27
    33e4:	f9004be0 	str	x0, [sp, #144]
    33e8:	8b1b0020 	add	x0, x1, x27
    33ec:	f9004fe0 	str	x0, [sp, #152]
    33f0:	0420e3e0 	cntb	x0
    33f4:	6b0002bf 	cmp	w21, w0
    33f8:	54ffa20a 	b.ge	2838 <conv_sve_rowtriple+0x264>  // b.tcont
    33fc:	a94573fb 	ldp	x27, x28, [sp, #80]
    3400:	b94183e1 	ldr	w1, [sp, #384]
    3404:	b941c3e0 	ldr	w0, [sp, #448]
    3408:	6b01001f 	cmp	w0, w1
    340c:	5400046c 	b.gt	3498 <conv_sve_rowtriple+0xec4>
    3410:	a9407bfd 	ldp	x29, x30, [sp]
    3414:	a94153f3 	ldp	x19, x20, [sp, #16]
    3418:	a9425bf5 	ldp	x21, x22, [sp, #32]
    341c:	a94363f7 	ldp	x23, x24, [sp, #48]
    3420:	a9446bf9 	ldp	x25, x26, [sp, #64]
    3424:	910883ff 	add	sp, sp, #0x220
    3428:	d65f03c0 	ret
    342c:	f9403fe0 	ldr	x0, [sp, #120]
    3430:	f940e7e1 	ldr	x1, [sp, #456]
    3434:	8b010002 	add	x2, x0, x1
    3438:	7100007f 	cmp	w3, #0x0
    343c:	54ffe76c 	b.gt	3128 <conv_sve_rowtriple+0xb54>
    3440:	17ffff8d 	b	3274 <conv_sve_rowtriple+0xca0>
    3444:	7100027f 	cmp	w19, #0x0
    3448:	540009ed 	b.le	3584 <conv_sve_rowtriple+0xfb0>
    344c:	25b8c016 	mov	z22.s, #0
    3450:	047632d8 	mov	z24.d, z22.d
    3454:	047632d2 	mov	z18.d, z22.d
    3458:	047632d7 	mov	z23.d, z22.d
    345c:	b9006bff 	str	wzr, [sp, #104]
    3460:	17fffd26 	b	28f8 <conv_sve_rowtriple+0x324>
    3464:	f9403fe0 	ldr	x0, [sp, #120]
    3468:	f940ffe1 	ldr	x1, [sp, #504]
    346c:	f9410ff2 	ldr	x18, [sp, #536]
    3470:	8b010000 	add	x0, x0, x1
    3474:	17fffd3f 	b	2970 <conv_sve_rowtriple+0x39c>
    3478:	11000420 	add	w0, w1, #0x1
    347c:	b9006fe0 	str	w0, [sp, #108]
    3480:	17fffdc3 	b	2b8c <conv_sve_rowtriple+0x5b8>
    3484:	25b8c011 	mov	z17.s, #0
    3488:	04713234 	mov	z20.d, z17.d
    348c:	04713233 	mov	z19.d, z17.d
    3490:	04713235 	mov	z21.d, z17.d
    3494:	17fffd7a 	b	2a7c <conv_sve_rowtriple+0x4a8>
    3498:	f94043f9 	ldr	x25, [sp, #128]
    349c:	937e7c37 	sbfiz	x23, x1, #2, #32
    34a0:	f940cbe0 	ldr	x0, [sp, #400]
    34a4:	93407c36 	sxtw	x22, w1
    34a8:	f9410bf8 	ldr	x24, [sp, #528]
    34ac:	8b170005 	add	x5, x0, x23
    34b0:	b94187fa 	ldr	w26, [sp, #388]
    34b4:	2a1503e6 	mov	w6, w21
    34b8:	2a1303e4 	mov	w4, w19
    34bc:	aa1403e2 	mov	x2, x20
    34c0:	2a1a03e3 	mov	w3, w26
    34c4:	8b170320 	add	x0, x25, x23
    34c8:	aa1803e1 	mov	x1, x24
    34cc:	97fff399 	bl	330 <conv_sve_prefix>
    34d0:	f940cfe2 	ldr	x2, [sp, #408]
    34d4:	8b1802c0 	add	x0, x22, x24
    34d8:	aa1803e1 	mov	x1, x24
    34dc:	2a1503e6 	mov	w6, w21
    34e0:	8b170045 	add	x5, x2, x23
    34e4:	2a1303e4 	mov	w4, w19
    34e8:	2a1a03e3 	mov	w3, w26
    34ec:	aa1403e2 	mov	x2, x20
    34f0:	8b000b20 	add	x0, x25, x0, lsl #2
    34f4:	97fff38f 	bl	330 <conv_sve_prefix>
    34f8:	f940c7e2 	ldr	x2, [sp, #392]
    34fc:	8b1806c0 	add	x0, x22, x24, lsl #1
    3500:	aa1803e1 	mov	x1, x24
    3504:	2a1503e6 	mov	w6, w21
    3508:	8b170045 	add	x5, x2, x23
    350c:	8b000b20 	add	x0, x25, x0, lsl #2
    3510:	2a1303e4 	mov	w4, w19
    3514:	2a1a03e3 	mov	w3, w26
    3518:	aa1403e2 	mov	x2, x20
    351c:	a9407bfd 	ldp	x29, x30, [sp]
    3520:	a94153f3 	ldp	x19, x20, [sp, #16]
    3524:	a9425bf5 	ldp	x21, x22, [sp, #32]
    3528:	a94363f7 	ldp	x23, x24, [sp, #48]
    352c:	a9446bf9 	ldp	x25, x26, [sp, #64]
    3530:	910883ff 	add	sp, sp, #0x220
    3534:	17fff37f 	b	330 <conv_sve_prefix>
    3538:	b941c3f5 	ldr	w21, [sp, #448]
    353c:	2a1503e7 	mov	w7, w21
    3540:	97fffa30 	bl	1e00 <conv_sve_rowpair>
    3544:	2a1503e6 	mov	w6, w21
    3548:	2a1303e4 	mov	w4, w19
    354c:	aa1403e2 	mov	x2, x20
    3550:	b94187e3 	ldr	w3, [sp, #388]
    3554:	a9407bfd 	ldp	x29, x30, [sp]
    3558:	a94153f3 	ldp	x19, x20, [sp, #16]
    355c:	a9425bf5 	ldp	x21, x22, [sp, #32]
    3560:	f94043e0 	ldr	x0, [sp, #128]
    3564:	f940c7e5 	ldr	x5, [sp, #392]
    3568:	f9410be1 	ldr	x1, [sp, #528]
    356c:	910883ff 	add	sp, sp, #0x220
    3570:	8b010c00 	add	x0, x0, x1, lsl #3
    3574:	17fff36f 	b	330 <conv_sve_prefix>
    3578:	2a0703f5 	mov	w21, w7
    357c:	b90183ff 	str	wzr, [sp, #384]
    3580:	17ffffa0 	b	3400 <conv_sve_rowtriple+0xe2c>
    3584:	25b8c011 	mov	z17.s, #0
    3588:	52800020 	mov	w0, #0x1                   	// #1
    358c:	d2800012 	mov	x18, #0x0                   	// #0
    3590:	04713234 	mov	z20.d, z17.d
    3594:	04713233 	mov	z19.d, z17.d
    3598:	04713236 	mov	z22.d, z17.d
    359c:	04713235 	mov	z21.d, z17.d
    35a0:	04713232 	mov	z18.d, z17.d
    35a4:	04713238 	mov	z24.d, z17.d
    35a8:	04713237 	mov	z23.d, z17.d
    35ac:	290d03ff 	stp	wzr, w0, [sp, #104]
    35b0:	17fffd77 	b	2b8c <conv_sve_rowtriple+0x5b8>

00000000000035b4 <conv_sve_rowquad>:
    35b4:	d10bc3ff 	sub	sp, sp, #0x2f0
    35b8:	9108a3e8 	add	x8, sp, #0x228
    35bc:	a9017bfd 	stp	x29, x30, [sp, #16]
    35c0:	910043fd 	add	x29, sp, #0x10
    35c4:	f9417be9 	ldr	x9, [sp, #752]
    35c8:	a90253f3 	stp	x19, x20, [sp, #32]
    35cc:	a90673fb 	stp	x27, x28, [sp, #96]
    35d0:	aa0203fc 	mov	x28, x2
    35d4:	2a0403fb 	mov	w27, w4
    35d8:	a9001509 	stp	x9, x5, [x8]
    35dc:	b942fbe9 	ldr	w9, [sp, #760]
    35e0:	a9011d06 	stp	x6, x7, [x8, #16]
    35e4:	f9007fe0 	str	x0, [sp, #248]
    35e8:	b901e3e3 	str	w3, [sp, #480]
    35ec:	b9025be9 	str	w9, [sp, #600]
    35f0:	f90173e1 	str	x1, [sp, #736]
    35f4:	71000c7f 	cmp	w3, #0x3
    35f8:	5400bc6d 	b.le	4d84 <conv_sve_rowquad+0x17d0>
    35fc:	a9035bf5 	stp	x21, x22, [sp, #48]
    3600:	0420e3e0 	cntb	x0
    3604:	a90463f7 	stp	x23, x24, [sp, #64]
    3608:	6b00013f 	cmp	w9, w0
    360c:	5400bdeb 	b.lt	4dc8 <conv_sve_rowquad+0x1814>  // b.tstop
    3610:	aa0103eb 	mov	x11, x1
    3614:	8b010437 	add	x23, x1, x1, lsl #1
    3618:	a9056bf9 	stp	x25, x26, [sp, #80]
    361c:	d37ef43a 	lsl	x26, x1, #2
    3620:	b941e3e1 	ldr	w1, [sp, #480]
    3624:	2518e3e0 	ptrue	p0.b
    3628:	937e7c96 	sbfiz	x22, x4, #2, #32
    362c:	04a0e3e6 	cntw	x6
    3630:	51000833 	sub	w19, w1, #0x2
    3634:	04a2e3e0 	cntw	x0, all, mul #3
    3638:	93407c23 	sxtw	x3, w1
    363c:	937e7c05 	sbfiz	x5, x0, #2, #32
    3640:	937e7cc8 	sbfiz	x8, x6, #2, #32
    3644:	51000432 	sub	w18, w1, #0x1
    3648:	51000c34 	sub	w20, w1, #0x3
    364c:	0460e3e0 	cnth	x0
    3650:	9b0b7c63 	mul	x3, x3, x11
    3654:	937e7c19 	sbfiz	x25, x0, #2, #32
    3658:	aa0803f8 	mov	x24, x8
    365c:	51000b67 	sub	w7, w27, #0x2
    3660:	8b0b0062 	add	x2, x3, x11
    3664:	a9105ff8 	stp	x24, x23, [sp, #256]
    3668:	8b0b0041 	add	x1, x2, x11
    366c:	d37df160 	lsl	x0, x11, #3
    3670:	d37ef442 	lsl	x2, x2, #2
    3674:	d37ef421 	lsl	x1, x1, #2
    3678:	9b167273 	madd	x19, x19, x22, x28
    367c:	121f78e8 	and	w8, w7, #0xfffffffe
    3680:	d37ef6e7 	lsl	x7, x23, #2
    3684:	91001337 	add	x23, x25, #0x4
    3688:	8b00032e 	add	x14, x25, x0
    368c:	8b02033e 	add	x30, x25, x2
    3690:	aa1903e9 	mov	x9, x25
    3694:	f90057f7 	str	x23, [sp, #168]
    3698:	8b160397 	add	x23, x28, x22
    369c:	a90d5ff3 	stp	x19, x23, [sp, #208]
    36a0:	8b010333 	add	x19, x25, x1
    36a4:	d37ef463 	lsl	x3, x3, #2
    36a8:	f900ebf9 	str	x25, [sp, #464]
    36ac:	11000908 	add	w8, w8, #0x2
    36b0:	f94083f9 	ldr	x25, [sp, #256]
    36b4:	b9025fe8 	str	w8, [sp, #604]
    36b8:	9b167248 	madd	x8, x18, x22, x28
    36bc:	910010a4 	add	x4, x5, #0x4
    36c0:	8b030339 	add	x25, x25, x3
    36c4:	f90067f9 	str	x25, [sp, #200]
    36c8:	aa0903f9 	mov	x25, x9
    36cc:	8b030129 	add	x9, x9, x3
    36d0:	8b0000b0 	add	x16, x5, x0
    36d4:	f9004fe8 	str	x8, [sp, #152]
    36d8:	8b0100a8 	add	x8, x5, x1
    36dc:	f90053fe 	str	x30, [sp, #160]
    36e0:	8b0200be 	add	x30, x5, x2
    36e4:	f90073e9 	str	x9, [sp, #224]
    36e8:	8b0300a9 	add	x9, x5, x3
    36ec:	f9008be5 	str	x5, [sp, #272]
    36f0:	f94057e5 	ldr	x5, [sp, #168]
    36f4:	8b010312 	add	x18, x24, x1
    36f8:	93407cc6 	sxtw	x6, w6
    36fc:	f90057e6 	str	x6, [sp, #168]
    3700:	8b0700a5 	add	x5, x5, x7
    3704:	a90e97e9 	stp	x9, x5, [sp, #232]
    3708:	0460e3e6 	cnth	x6
    370c:	f9407fe9 	ldr	x9, [sp, #248]
    3710:	8b160385 	add	x5, x28, x22
    3714:	8b00008a 	add	x10, x4, x0
    3718:	8b1600a5 	add	x5, x5, x22
    371c:	8b120132 	add	x18, x9, x18
    3720:	f900bff2 	str	x18, [sp, #376]
    3724:	93407cd2 	sxtw	x18, w6
    3728:	9b167294 	madd	x20, x20, x22, x28
    372c:	cb1a014b 	sub	x11, x10, x26
    3730:	04a2e3e6 	cntw	x6, all, mul #3
    3734:	f9005bf2 	str	x18, [sp, #176]
    3738:	8b130132 	add	x18, x9, x19
    373c:	f900f7e5 	str	x5, [sp, #488]
    3740:	aa0903e5 	mov	x5, x9
    3744:	8b0b0017 	add	x23, x0, x11
    3748:	8b0a00aa 	add	x10, x5, x10
    374c:	6d0727e8 	stp	d8, d9, [sp, #112]
    3750:	8b00030c 	add	x12, x24, x0
    3754:	91001315 	add	x21, x24, #0x4
    3758:	6d082fea 	stp	d10, d11, [sp, #128]
    375c:	8b020318 	add	x24, x24, x2
    3760:	cb1a018d 	sub	x13, x12, x26
    3764:	f9005ffe 	str	x30, [sp, #184]
    3768:	cb1a01cf 	sub	x15, x14, x26
    376c:	f900bbf2 	str	x18, [sp, #368]
    3770:	93407cd2 	sxtw	x18, w6
    3774:	f90063f2 	str	x18, [sp, #192]
    3778:	8b080132 	add	x18, x9, x8
    377c:	f900fbf4 	str	x20, [sp, #496]
    3780:	8b0f001e 	add	x30, x0, x15
    3784:	f900b7f2 	str	x18, [sp, #360]
    3788:	cb1a0211 	sub	x17, x16, x26
    378c:	f900cbea 	str	x10, [sp, #400]
    3790:	8b0502ea 	add	x10, x23, x5
    3794:	f94053e6 	ldr	x6, [sp, #160]
    3798:	f90157ea 	str	x10, [sp, #680]
    379c:	8b0b00aa 	add	x10, x5, x11
    37a0:	f900dbea 	str	x10, [sp, #432]
    37a4:	8b1800aa 	add	x10, x5, x24
    37a8:	f90093ea 	str	x10, [sp, #288]
    37ac:	8b0600aa 	add	x10, x5, x6
    37b0:	f90097ea 	str	x10, [sp, #296]
    37b4:	f9405fe6 	ldr	x6, [sp, #184]
    37b8:	8b010094 	add	x20, x4, x1
    37bc:	8b140132 	add	x18, x9, x20
    37c0:	8b0702b5 	add	x21, x21, x7
    37c4:	8b0600aa 	add	x10, x5, x6
    37c8:	8b020086 	add	x6, x4, x2
    37cc:	8b0600a6 	add	x6, x5, x6
    37d0:	f9009be6 	str	x6, [sp, #304]
    37d4:	8b050046 	add	x6, x2, x5
    37d8:	8b0d0002 	add	x2, x0, x13
    37dc:	f9013be6 	str	x6, [sp, #624]
    37e0:	8b0c00a6 	add	x6, x5, x12
    37e4:	f900a7e6 	str	x6, [sp, #328]
    37e8:	8b050046 	add	x6, x2, x5
    37ec:	f90143e6 	str	x6, [sp, #640]
    37f0:	8b0d00a6 	add	x6, x5, x13
    37f4:	f900cfe6 	str	x6, [sp, #408]
    37f8:	8b0e00a6 	add	x6, x5, x14
    37fc:	f900c3e6 	str	x6, [sp, #384]
    3800:	8b0503c6 	add	x6, x30, x5
    3804:	f90147e6 	str	x6, [sp, #648]
    3808:	8b0f00a6 	add	x6, x5, x15
    380c:	8b110002 	add	x2, x0, x17
    3810:	f900d3e6 	str	x6, [sp, #416]
    3814:	8b1000a6 	add	x6, x5, x16
    3818:	f900c7e6 	str	x6, [sp, #392]
    381c:	8b050046 	add	x6, x2, x5
    3820:	8b0900e7 	add	x7, x7, x9
    3824:	f94067e2 	ldr	x2, [sp, #200]
    3828:	f9014fe6 	str	x6, [sp, #664]
    382c:	f94073e9 	ldr	x9, [sp, #224]
    3830:	8b1100a6 	add	x6, x5, x17
    3834:	f900d7e6 	str	x6, [sp, #424]
    3838:	8b0200a6 	add	x6, x5, x2
    383c:	f9009fe6 	str	x6, [sp, #312]
    3840:	8b0900a6 	add	x6, x5, x9
    3844:	f94077e9 	ldr	x9, [sp, #232]
    3848:	f900a3e6 	str	x6, [sp, #320]
    384c:	8b050000 	add	x0, x0, x5
    3850:	f900afea 	str	x10, [sp, #344]
    3854:	8b0900a6 	add	x6, x5, x9
    3858:	8b030089 	add	x9, x4, x3
    385c:	8b050063 	add	x3, x3, x5
    3860:	f9013fe3 	str	x3, [sp, #632]
    3864:	8b0400a3 	add	x3, x5, x4
    3868:	f900abe6 	str	x6, [sp, #336]
    386c:	8b0900a6 	add	x6, x5, x9
    3870:	f9008fe6 	str	x6, [sp, #280]
    3874:	f900b3f2 	str	x18, [sp, #352]
    3878:	8b050032 	add	x18, x1, x5
    387c:	f90137f2 	str	x18, [sp, #616]
    3880:	51000777 	sub	w23, w27, #0x1
    3884:	f9015be0 	str	x0, [sp, #688]
    3888:	aa0503e0 	mov	x0, x5
    388c:	f90167e3 	str	x3, [sp, #712]
    3890:	8b0502a3 	add	x3, x21, x5
    3894:	f9014be3 	str	x3, [sp, #656]
    3898:	9100139e 	add	x30, x28, #0x4
    389c:	f9407be2 	ldr	x2, [sp, #240]
    38a0:	f9005fff 	str	xzr, [sp, #184]
    38a4:	a95ed3e1 	ldp	x1, x20, [sp, #488]
    38a8:	8b000042 	add	x2, x2, x0
    38ac:	f94083f8 	ldr	x24, [sp, #256]
    38b0:	b901e7ff 	str	wzr, [sp, #484]
    38b4:	f9408be5 	ldr	x5, [sp, #272]
    38b8:	f90153e2 	str	x2, [sp, #672]
    38bc:	91001021 	add	x1, x1, #0x4
    38c0:	f9016be1 	str	x1, [sp, #720]
    38c4:	b9825fe1 	ldrsw	x1, [sp, #604]
    38c8:	910010e2 	add	x2, x7, #0x4
    38cc:	f90177e1 	str	x1, [sp, #744]
    38d0:	8b180001 	add	x1, x0, x24
    38d4:	f900dfe1 	str	x1, [sp, #440]
    38d8:	8b190001 	add	x1, x0, x25
    38dc:	f900e3e1 	str	x1, [sp, #448]
    38e0:	8b050001 	add	x1, x0, x5
    38e4:	8b000340 	add	x0, x26, x0
    38e8:	f9015fe0 	str	x0, [sp, #696]
    38ec:	93407f60 	sxtw	x0, w27
    38f0:	f90127e0 	str	x0, [sp, #584]
    38f4:	0420e3e0 	cntb	x0
    38f8:	8b160385 	add	x5, x28, x22
    38fc:	93407c00 	sxtw	x0, w0
    3900:	f90133e0 	str	x0, [sp, #608]
    3904:	f9404ff9 	ldr	x25, [sp, #152]
    3908:	0420e3e0 	cntb	x0
    390c:	f9406bf3 	ldr	x19, [sp, #208]
    3910:	937e7c18 	sbfiz	x24, x0, #2, #32
    3914:	937f7f60 	sbfiz	x0, x27, #1, #32
    3918:	f900e7e1 	str	x1, [sp, #456]
    391c:	910010a1 	add	x1, x5, #0x4
    3920:	f9010fe1 	str	x1, [sp, #536]
    3924:	91001321 	add	x1, x25, #0x4
    3928:	f9012be0 	str	x0, [sp, #592]
    392c:	aa1603e0 	mov	x0, x22
    3930:	aa1803f6 	mov	x22, x24
    3934:	aa0003f8 	mov	x24, x0
    3938:	f900efe1 	str	x1, [sp, #472]
    393c:	91001261 	add	x1, x19, #0x4
    3940:	f90113e1 	str	x1, [sp, #544]
    3944:	91001281 	add	x1, x20, #0x4
    3948:	f90163e2 	str	x2, [sp, #704]
    394c:	f9016fe1 	str	x1, [sp, #728]
    3950:	f9405fe0 	ldr	x0, [sp, #184]
    3954:	f9407fe1 	ldr	x1, [sp, #248]
    3958:	8b000022 	add	x2, x1, x0
    395c:	710002ff 	cmp	w23, #0x0
    3960:	54009a2d 	b.le	4ca4 <conv_sve_rowquad+0x16f0>
    3964:	a95b9be5 	ldp	x5, x6, [sp, #440]
    3968:	25b8c001 	mov	z1.s, #0
    396c:	0461303b 	mov	z27.d, z1.d
    3970:	0461303a 	mov	z26.d, z1.d
    3974:	f94167e1 	ldr	x1, [sp, #712]
    3978:	04613039 	mov	z25.d, z1.d
    397c:	f940e7e7 	ldr	x7, [sp, #456]
    3980:	8b000024 	add	x4, x1, x0
    3984:	d2800000 	mov	x0, #0x0                   	// #0
    3988:	d37ef401 	lsl	x1, x0, #2
    398c:	a54040a2 	ld1w	{z2.s}, p0/z, [x5, x0, lsl #2]
    3990:	a5404044 	ld1w	{z4.s}, p0/z, [x2, x0, lsl #2]
    3994:	8b010383 	add	x3, x28, x1
    3998:	8b0103c1 	add	x1, x30, x1
    399c:	8540c066 	ld1rw	{z6.s}, p0/z, [x3]
    39a0:	8540c025 	ld1rw	{z5.s}, p0/z, [x1]
    39a4:	65860888 	fmul	z8.s, z4.s, z6.s
    39a8:	05201044 	ext	z4.b, z4.b, z2.b, #4
    39ac:	65850884 	fmul	z4.s, z4.s, z5.s
    39b0:	a54040c0 	ld1w	{z0.s}, p0/z, [x6, x0, lsl #2]
    39b4:	a54040e3 	ld1w	{z3.s}, p0/z, [x7, x0, lsl #2]
    39b8:	a5404087 	ld1w	{z7.s}, p0/z, [x4, x0, lsl #2]
    39bc:	65880339 	fadd	z25.s, z25.s, z8.s
    39c0:	91000800 	add	x0, x0, #0x2
    39c4:	65860848 	fmul	z8.s, z2.s, z6.s
    39c8:	65840339 	fadd	z25.s, z25.s, z4.s
    39cc:	05201002 	ext	z2.b, z2.b, z0.b, #4
    39d0:	65860804 	fmul	z4.s, z0.s, z6.s
    39d4:	05201060 	ext	z0.b, z0.b, z3.b, #4
    39d8:	65850800 	fmul	z0.s, z0.s, z5.s
    39dc:	6588035a 	fadd	z26.s, z26.s, z8.s
    39e0:	65850842 	fmul	z2.s, z2.s, z5.s
    39e4:	6584037b 	fadd	z27.s, z27.s, z4.s
    39e8:	65860863 	fmul	z3.s, z3.s, z6.s
    39ec:	6580037b 	fadd	z27.s, z27.s, z0.s
    39f0:	65830021 	fadd	z1.s, z1.s, z3.s
    39f4:	658508e0 	fmul	z0.s, z7.s, z5.s
    39f8:	6582035a 	fadd	z26.s, z26.s, z2.s
    39fc:	65800021 	fadd	z1.s, z1.s, z0.s
    3a00:	6b0002ff 	cmp	w23, w0
    3a04:	54fffc2c 	b.gt	3988 <conv_sve_rowquad+0x3d4>
    3a08:	b9425fe0 	ldr	w0, [sp, #604]
    3a0c:	b9009be0 	str	w0, [sp, #152]
    3a10:	6b00037f 	cmp	w27, w0
    3a14:	5400958d 	b.le	4cc4 <conv_sve_rowquad+0x1710>
    3a18:	a94f87e3 	ldp	x3, x1, [sp, #248]
    3a1c:	f940ebe4 	ldr	x4, [sp, #464]
    3a20:	b9809be0 	ldrsw	x0, [sp, #152]
    3a24:	8b040065 	add	x5, x3, x4
    3a28:	8b010066 	add	x6, x3, x1
    3a2c:	f9408be4 	ldr	x4, [sp, #272]
    3a30:	aa0003e1 	mov	x1, x0
    3a34:	8b040064 	add	x4, x3, x4
    3a38:	8b010b83 	add	x3, x28, x1, lsl #2
    3a3c:	a5414045 	ld1w	{z5.s}, p0/z, [x2, x1, lsl #2]
    3a40:	a54140c4 	ld1w	{z4.s}, p0/z, [x6, x1, lsl #2]
    3a44:	a54140a3 	ld1w	{z3.s}, p0/z, [x5, x1, lsl #2]
    3a48:	a5414082 	ld1w	{z2.s}, p0/z, [x4, x1, lsl #2]
    3a4c:	91000421 	add	x1, x1, #0x1
    3a50:	8540c060 	ld1rw	{z0.s}, p0/z, [x3]
    3a54:	658008a5 	fmul	z5.s, z5.s, z0.s
    3a58:	65800884 	fmul	z4.s, z4.s, z0.s
    3a5c:	65800863 	fmul	z3.s, z3.s, z0.s
    3a60:	65850339 	fadd	z25.s, z25.s, z5.s
    3a64:	65800840 	fmul	z0.s, z2.s, z0.s
    3a68:	6584035a 	fadd	z26.s, z26.s, z4.s
    3a6c:	6583037b 	fadd	z27.s, z27.s, z3.s
    3a70:	65800021 	fadd	z1.s, z1.s, z0.s
    3a74:	6b01037f 	cmp	w27, w1
    3a78:	54fffe0c 	b.gt	3a38 <conv_sve_rowquad+0x484>
    3a7c:	f9405fe1 	ldr	x1, [sp, #184]
    3a80:	f9415fe2 	ldr	x2, [sp, #696]
    3a84:	8b020021 	add	x1, x1, x2
    3a88:	710002ff 	cmp	w23, #0x0
    3a8c:	540092cd 	b.le	4ce4 <conv_sve_rowquad+0x1730>
    3a90:	a9599fe6 	ldp	x6, x7, [sp, #408]
    3a94:	25b8c002 	mov	z2.s, #0
    3a98:	d2800002 	mov	x2, #0x0                   	// #0
    3a9c:	04623056 	mov	z22.d, z2.d
    3aa0:	a95aa7e8 	ldp	x8, x9, [sp, #424]
    3aa4:	04623055 	mov	z21.d, z2.d
    3aa8:	04623058 	mov	z24.d, z2.d
    3aac:	f9406fe5 	ldr	x5, [sp, #216]
    3ab0:	f9410fea 	ldr	x10, [sp, #536]
    3ab4:	d503201f 	nop
    3ab8:	d37ef443 	lsl	x3, x2, #2
    3abc:	a5424026 	ld1w	{z6.s}, p0/z, [x1, x2, lsl #2]
    3ac0:	8b0300a4 	add	x4, x5, x3
    3ac4:	8540c084 	ld1rw	{z4.s}, p0/z, [x4]
    3ac8:	658408c9 	fmul	z9.s, z6.s, z4.s
    3acc:	a54240c3 	ld1w	{z3.s}, p0/z, [x6, x2, lsl #2]
    3ad0:	65890339 	fadd	z25.s, z25.s, z9.s
    3ad4:	65840869 	fmul	z9.s, z3.s, z4.s
    3ad8:	a54240e0 	ld1w	{z0.s}, p0/z, [x7, x2, lsl #2]
    3adc:	a5424105 	ld1w	{z5.s}, p0/z, [x8, x2, lsl #2]
    3ae0:	0420bccb 	movprfx	z11, z6
    3ae4:	0520106b 	ext	z11.b, z11.b, z3.b, #4
    3ae8:	8b030144 	add	x4, x10, x3
    3aec:	6589035a 	fadd	z26.s, z26.s, z9.s
    3af0:	8540c087 	ld1rw	{z7.s}, p0/z, [x4]
    3af4:	65840809 	fmul	z9.s, z0.s, z4.s
    3af8:	6587096a 	fmul	z10.s, z11.s, z7.s
    3afc:	658408a4 	fmul	z4.s, z5.s, z4.s
    3b00:	a5424128 	ld1w	{z8.s}, p0/z, [x9, x2, lsl #2]
    3b04:	6589037b 	fadd	z27.s, z27.s, z9.s
    3b08:	65840021 	fadd	z1.s, z1.s, z4.s
    3b0c:	0420bc09 	movprfx	z9, z0
    3b10:	052010a9 	ext	z9.b, z9.b, z5.b, #4
    3b14:	658a0339 	fadd	z25.s, z25.s, z10.s
    3b18:	65870924 	fmul	z4.s, z9.s, z7.s
    3b1c:	0420bc6a 	movprfx	z10, z3
    3b20:	0520100a 	ext	z10.b, z10.b, z0.b, #4
    3b24:	91000842 	add	x2, x2, #0x2
    3b28:	65870950 	fmul	z16.s, z10.s, z7.s
    3b2c:	65870907 	fmul	z7.s, z8.s, z7.s
    3b30:	8b030384 	add	x4, x28, x3
    3b34:	6584037b 	fadd	z27.s, z27.s, z4.s
    3b38:	8b0303c3 	add	x3, x30, x3
    3b3c:	65870021 	fadd	z1.s, z1.s, z7.s
    3b40:	8540c064 	ld1rw	{z4.s}, p0/z, [x3]
    3b44:	8540c087 	ld1rw	{z7.s}, p0/z, [x4]
    3b48:	6584096b 	fmul	z11.s, z11.s, z4.s
    3b4c:	658708c6 	fmul	z6.s, z6.s, z7.s
    3b50:	65870863 	fmul	z3.s, z3.s, z7.s
    3b54:	65860318 	fadd	z24.s, z24.s, z6.s
    3b58:	658302b5 	fadd	z21.s, z21.s, z3.s
    3b5c:	65870800 	fmul	z0.s, z0.s, z7.s
    3b60:	658708a5 	fmul	z5.s, z5.s, z7.s
    3b64:	658002d6 	fadd	z22.s, z22.s, z0.s
    3b68:	65850042 	fadd	z2.s, z2.s, z5.s
    3b6c:	6584094a 	fmul	z10.s, z10.s, z4.s
    3b70:	65840929 	fmul	z9.s, z9.s, z4.s
    3b74:	65840908 	fmul	z8.s, z8.s, z4.s
    3b78:	6590035a 	fadd	z26.s, z26.s, z16.s
    3b7c:	658b0318 	fadd	z24.s, z24.s, z11.s
    3b80:	658a02b5 	fadd	z21.s, z21.s, z10.s
    3b84:	658902d6 	fadd	z22.s, z22.s, z9.s
    3b88:	65880042 	fadd	z2.s, z2.s, z8.s
    3b8c:	6b0202ff 	cmp	w23, w2
    3b90:	54fff94c 	b.gt	3ab8 <conv_sve_rowquad+0x504>
    3b94:	b9409be2 	ldr	w2, [sp, #152]
    3b98:	6b02037f 	cmp	w27, w2
    3b9c:	540089ed 	b.le	4cd8 <conv_sve_rowquad+0x1724>
    3ba0:	a94a9fe6 	ldp	x6, x7, [sp, #168]
    3ba4:	d37ef402 	lsl	x2, x0, #2
    3ba8:	f9406fe5 	ldr	x5, [sp, #216]
    3bac:	b9409be3 	ldr	w3, [sp, #152]
    3bb0:	f94063e8 	ldr	x8, [sp, #192]
    3bb4:	11000464 	add	w4, w3, #0x1
    3bb8:	8b0200a3 	add	x3, x5, x2
    3bbc:	8540c060 	ld1rw	{z0.s}, p0/z, [x3]
    3bc0:	8b020023 	add	x3, x1, x2
    3bc4:	a540a063 	ld1w	{z3.s}, p0/z, [x3]
    3bc8:	8b020383 	add	x3, x28, x2
    3bcc:	65800865 	fmul	z5.s, z3.s, z0.s
    3bd0:	8540c064 	ld1rw	{z4.s}, p0/z, [x3]
    3bd4:	65840863 	fmul	z3.s, z3.s, z4.s
    3bd8:	8b0000c3 	add	x3, x6, x0
    3bdc:	65850339 	fadd	z25.s, z25.s, z5.s
    3be0:	65830318 	fadd	z24.s, z24.s, z3.s
    3be4:	a5434023 	ld1w	{z3.s}, p0/z, [x1, x3, lsl #2]
    3be8:	65800865 	fmul	z5.s, z3.s, z0.s
    3bec:	65840863 	fmul	z3.s, z3.s, z4.s
    3bf0:	8b0000e3 	add	x3, x7, x0
    3bf4:	6585035a 	fadd	z26.s, z26.s, z5.s
    3bf8:	658302b5 	fadd	z21.s, z21.s, z3.s
    3bfc:	a5434023 	ld1w	{z3.s}, p0/z, [x1, x3, lsl #2]
    3c00:	65800865 	fmul	z5.s, z3.s, z0.s
    3c04:	65840863 	fmul	z3.s, z3.s, z4.s
    3c08:	b900a3e4 	str	w4, [sp, #160]
    3c0c:	8b000103 	add	x3, x8, x0
    3c10:	658302d6 	fadd	z22.s, z22.s, z3.s
    3c14:	6585037b 	fadd	z27.s, z27.s, z5.s
    3c18:	a5434023 	ld1w	{z3.s}, p0/z, [x1, x3, lsl #2]
    3c1c:	65800860 	fmul	z0.s, z3.s, z0.s
    3c20:	65840863 	fmul	z3.s, z3.s, z4.s
    3c24:	65800021 	fadd	z1.s, z1.s, z0.s
    3c28:	65830042 	fadd	z2.s, z2.s, z3.s
    3c2c:	6b1b009f 	cmp	w4, w27
    3c30:	540003ea 	b.ge	3cac <conv_sve_rowquad+0x6f8>  // b.tcont
    3c34:	91001042 	add	x2, x2, #0x4
    3c38:	93407c83 	sxtw	x3, w4
    3c3c:	8b0200a4 	add	x4, x5, x2
    3c40:	8540c080 	ld1rw	{z0.s}, p0/z, [x4]
    3c44:	8b020024 	add	x4, x1, x2
    3c48:	8b020382 	add	x2, x28, x2
    3c4c:	a540a083 	ld1w	{z3.s}, p0/z, [x4]
    3c50:	8540c044 	ld1rw	{z4.s}, p0/z, [x2]
    3c54:	65800865 	fmul	z5.s, z3.s, z0.s
    3c58:	65840863 	fmul	z3.s, z3.s, z4.s
    3c5c:	8b0300c2 	add	x2, x6, x3
    3c60:	65850339 	fadd	z25.s, z25.s, z5.s
    3c64:	65830318 	fadd	z24.s, z24.s, z3.s
    3c68:	a5424023 	ld1w	{z3.s}, p0/z, [x1, x2, lsl #2]
    3c6c:	65800865 	fmul	z5.s, z3.s, z0.s
    3c70:	65840863 	fmul	z3.s, z3.s, z4.s
    3c74:	8b0300e2 	add	x2, x7, x3
    3c78:	6585035a 	fadd	z26.s, z26.s, z5.s
    3c7c:	8b030103 	add	x3, x8, x3
    3c80:	a5424025 	ld1w	{z5.s}, p0/z, [x1, x2, lsl #2]
    3c84:	658302b5 	fadd	z21.s, z21.s, z3.s
    3c88:	658008a6 	fmul	z6.s, z5.s, z0.s
    3c8c:	a5434023 	ld1w	{z3.s}, p0/z, [x1, x3, lsl #2]
    3c90:	658408a5 	fmul	z5.s, z5.s, z4.s
    3c94:	65800860 	fmul	z0.s, z3.s, z0.s
    3c98:	6586037b 	fadd	z27.s, z27.s, z6.s
    3c9c:	65840863 	fmul	z3.s, z3.s, z4.s
    3ca0:	658502d6 	fadd	z22.s, z22.s, z5.s
    3ca4:	65800021 	fadd	z1.s, z1.s, z0.s
    3ca8:	65830042 	fadd	z2.s, z2.s, z3.s
    3cac:	f9405fe1 	ldr	x1, [sp, #184]
    3cb0:	f9415be2 	ldr	x2, [sp, #688]
    3cb4:	8b020024 	add	x4, x1, x2
    3cb8:	710002ff 	cmp	w23, #0x0
    3cbc:	54007ead 	b.le	4c90 <conv_sve_rowquad+0x16dc>
    3cc0:	a95827e8 	ldp	x8, x9, [sp, #384]
    3cc4:	25b8c000 	mov	z0.s, #0
    3cc8:	d2800001 	mov	x1, #0x0                   	// #0
    3ccc:	04603014 	mov	z20.d, z0.d
    3cd0:	f9406fe6 	ldr	x6, [sp, #216]
    3cd4:	04603013 	mov	z19.d, z0.d
    3cd8:	04603017 	mov	z23.d, z0.d
    3cdc:	f940a7e5 	ldr	x5, [sp, #328]
    3ce0:	f940cbea 	ldr	x10, [sp, #400]
    3ce4:	f940f7e7 	ldr	x7, [sp, #488]
    3ce8:	f9410feb 	ldr	x11, [sp, #536]
    3cec:	f9416bec 	ldr	x12, [sp, #720]
    3cf0:	d37ef422 	lsl	x2, x1, #2
    3cf4:	a54140a4 	ld1w	{z4.s}, p0/z, [x5, x1, lsl #2]
    3cf8:	8b0200e3 	add	x3, x7, x2
    3cfc:	a5414086 	ld1w	{z6.s}, p0/z, [x4, x1, lsl #2]
    3d00:	8540c067 	ld1rw	{z7.s}, p0/z, [x3]
    3d04:	0420bcca 	movprfx	z10, z6
    3d08:	0520108a 	ext	z10.b, z10.b, z4.b, #4
    3d0c:	658708c9 	fmul	z9.s, z6.s, z7.s
    3d10:	8b020183 	add	x3, x12, x2
    3d14:	8540c070 	ld1rw	{z16.s}, p0/z, [x3]
    3d18:	6590094b 	fmul	z11.s, z10.s, z16.s
    3d1c:	a5414103 	ld1w	{z3.s}, p0/z, [x8, x1, lsl #2]
    3d20:	a5414125 	ld1w	{z5.s}, p0/z, [x9, x1, lsl #2]
    3d24:	65890339 	fadd	z25.s, z25.s, z9.s
    3d28:	65870889 	fmul	z9.s, z4.s, z7.s
    3d2c:	658b0339 	fadd	z25.s, z25.s, z11.s
    3d30:	6587086b 	fmul	z11.s, z3.s, z7.s
    3d34:	658708a7 	fmul	z7.s, z5.s, z7.s
    3d38:	6589035a 	fadd	z26.s, z26.s, z9.s
    3d3c:	658b037b 	fadd	z27.s, z27.s, z11.s
    3d40:	0420bc89 	movprfx	z9, z4
    3d44:	05201069 	ext	z9.b, z9.b, z3.b, #4
    3d48:	0420bc6b 	movprfx	z11, z3
    3d4c:	052010ab 	ext	z11.b, z11.b, z5.b, #4
    3d50:	65900931 	fmul	z17.s, z9.s, z16.s
    3d54:	65870021 	fadd	z1.s, z1.s, z7.s
    3d58:	65900967 	fmul	z7.s, z11.s, z16.s
    3d5c:	8b0200c3 	add	x3, x6, x2
    3d60:	6591035a 	fadd	z26.s, z26.s, z17.s
    3d64:	6587037b 	fadd	z27.s, z27.s, z7.s
    3d68:	8540c067 	ld1rw	{z7.s}, p0/z, [x3]
    3d6c:	658708d1 	fmul	z17.s, z6.s, z7.s
    3d70:	a5414148 	ld1w	{z8.s}, p0/z, [x10, x1, lsl #2]
    3d74:	65910318 	fadd	z24.s, z24.s, z17.s
    3d78:	65900910 	fmul	z16.s, z8.s, z16.s
    3d7c:	65870891 	fmul	z17.s, z4.s, z7.s
    3d80:	8b020163 	add	x3, x11, x2
    3d84:	659102b5 	fadd	z21.s, z21.s, z17.s
    3d88:	65900021 	fadd	z1.s, z1.s, z16.s
    3d8c:	65870871 	fmul	z17.s, z3.s, z7.s
    3d90:	8540c070 	ld1rw	{z16.s}, p0/z, [x3]
    3d94:	65900952 	fmul	z18.s, z10.s, z16.s
    3d98:	658708a7 	fmul	z7.s, z5.s, z7.s
    3d9c:	659102d6 	fadd	z22.s, z22.s, z17.s
    3da0:	65920318 	fadd	z24.s, z24.s, z18.s
    3da4:	65900971 	fmul	z17.s, z11.s, z16.s
    3da8:	65900932 	fmul	z18.s, z9.s, z16.s
    3dac:	91000821 	add	x1, x1, #0x2
    3db0:	65900910 	fmul	z16.s, z8.s, z16.s
    3db4:	8b020383 	add	x3, x28, x2
    3db8:	65870042 	fadd	z2.s, z2.s, z7.s
    3dbc:	8b0203c2 	add	x2, x30, x2
    3dc0:	65900042 	fadd	z2.s, z2.s, z16.s
    3dc4:	8540c047 	ld1rw	{z7.s}, p0/z, [x2]
    3dc8:	8540c070 	ld1rw	{z16.s}, p0/z, [x3]
    3dcc:	6587094a 	fmul	z10.s, z10.s, z7.s
    3dd0:	659008c6 	fmul	z6.s, z6.s, z16.s
    3dd4:	65900884 	fmul	z4.s, z4.s, z16.s
    3dd8:	658602f7 	fadd	z23.s, z23.s, z6.s
    3ddc:	65840273 	fadd	z19.s, z19.s, z4.s
    3de0:	65900863 	fmul	z3.s, z3.s, z16.s
    3de4:	659008a5 	fmul	z5.s, z5.s, z16.s
    3de8:	65830294 	fadd	z20.s, z20.s, z3.s
    3dec:	65850000 	fadd	z0.s, z0.s, z5.s
    3df0:	65870929 	fmul	z9.s, z9.s, z7.s
    3df4:	6587096b 	fmul	z11.s, z11.s, z7.s
    3df8:	65870908 	fmul	z8.s, z8.s, z7.s
    3dfc:	659202b5 	fadd	z21.s, z21.s, z18.s
    3e00:	659102d6 	fadd	z22.s, z22.s, z17.s
    3e04:	658a02f7 	fadd	z23.s, z23.s, z10.s
    3e08:	65890273 	fadd	z19.s, z19.s, z9.s
    3e0c:	658b0294 	fadd	z20.s, z20.s, z11.s
    3e10:	65880000 	fadd	z0.s, z0.s, z8.s
    3e14:	6b0102ff 	cmp	w23, w1
    3e18:	54fff6cc 	b.gt	3cf0 <conv_sve_rowquad+0x73c>
    3e1c:	b9409be1 	ldr	w1, [sp, #152]
    3e20:	6b1b003f 	cmp	w1, w27
    3e24:	54000aea 	b.ge	3f80 <conv_sve_rowquad+0x9cc>  // b.tcont
    3e28:	a94aa3e5 	ldp	x5, x8, [sp, #168]
    3e2c:	d37ef401 	lsl	x1, x0, #2
    3e30:	f940f7e6 	ldr	x6, [sp, #488]
    3e34:	f9406fe7 	ldr	x7, [sp, #216]
    3e38:	8b0100c2 	add	x2, x6, x1
    3e3c:	8540c044 	ld1rw	{z4.s}, p0/z, [x2]
    3e40:	8b010082 	add	x2, x4, x1
    3e44:	a540a046 	ld1w	{z6.s}, p0/z, [x2]
    3e48:	8b0100e2 	add	x2, x7, x1
    3e4c:	658408c7 	fmul	z7.s, z6.s, z4.s
    3e50:	f94063e9 	ldr	x9, [sp, #192]
    3e54:	8540c043 	ld1rw	{z3.s}, p0/z, [x2]
    3e58:	8b0000a3 	add	x3, x5, x0
    3e5c:	65870339 	fadd	z25.s, z25.s, z7.s
    3e60:	a5434085 	ld1w	{z5.s}, p0/z, [x4, x3, lsl #2]
    3e64:	658308c7 	fmul	z7.s, z6.s, z3.s
    3e68:	658408a8 	fmul	z8.s, z5.s, z4.s
    3e6c:	8b010382 	add	x2, x28, x1
    3e70:	65870318 	fadd	z24.s, z24.s, z7.s
    3e74:	6588035a 	fadd	z26.s, z26.s, z8.s
    3e78:	8540c047 	ld1rw	{z7.s}, p0/z, [x2]
    3e7c:	658308a8 	fmul	z8.s, z5.s, z3.s
    3e80:	8b000102 	add	x2, x8, x0
    3e84:	658708c6 	fmul	z6.s, z6.s, z7.s
    3e88:	658708a5 	fmul	z5.s, z5.s, z7.s
    3e8c:	658602f7 	fadd	z23.s, z23.s, z6.s
    3e90:	65850273 	fadd	z19.s, z19.s, z5.s
    3e94:	a5424085 	ld1w	{z5.s}, p0/z, [x4, x2, lsl #2]
    3e98:	8b000122 	add	x2, x9, x0
    3e9c:	658308a6 	fmul	z6.s, z5.s, z3.s
    3ea0:	658802b5 	fadd	z21.s, z21.s, z8.s
    3ea4:	658602d6 	fadd	z22.s, z22.s, z6.s
    3ea8:	658408a8 	fmul	z8.s, z5.s, z4.s
    3eac:	658708a6 	fmul	z6.s, z5.s, z7.s
    3eb0:	a5424085 	ld1w	{z5.s}, p0/z, [x4, x2, lsl #2]
    3eb4:	b940a3e2 	ldr	w2, [sp, #160]
    3eb8:	658408a4 	fmul	z4.s, z5.s, z4.s
    3ebc:	658308a3 	fmul	z3.s, z5.s, z3.s
    3ec0:	6588037b 	fadd	z27.s, z27.s, z8.s
    3ec4:	658708a5 	fmul	z5.s, z5.s, z7.s
    3ec8:	65860294 	fadd	z20.s, z20.s, z6.s
    3ecc:	65840021 	fadd	z1.s, z1.s, z4.s
    3ed0:	65830042 	fadd	z2.s, z2.s, z3.s
    3ed4:	65850000 	fadd	z0.s, z0.s, z5.s
    3ed8:	6b1b005f 	cmp	w2, w27
    3edc:	5400052a 	b.ge	3f80 <conv_sve_rowquad+0x9cc>  // b.tcont
    3ee0:	91001021 	add	x1, x1, #0x4
    3ee4:	93407c42 	sxtw	x2, w2
    3ee8:	8b0100c3 	add	x3, x6, x1
    3eec:	8540c064 	ld1rw	{z4.s}, p0/z, [x3]
    3ef0:	8b010083 	add	x3, x4, x1
    3ef4:	a540a065 	ld1w	{z5.s}, p0/z, [x3]
    3ef8:	658408a3 	fmul	z3.s, z5.s, z4.s
    3efc:	8b0100e3 	add	x3, x7, x1
    3f00:	65830339 	fadd	z25.s, z25.s, z3.s
    3f04:	8b010381 	add	x1, x28, x1
    3f08:	8540c063 	ld1rw	{z3.s}, p0/z, [x3]
    3f0c:	8540c027 	ld1rw	{z7.s}, p0/z, [x1]
    3f10:	658308a6 	fmul	z6.s, z5.s, z3.s
    3f14:	658708a5 	fmul	z5.s, z5.s, z7.s
    3f18:	8b0200a1 	add	x1, x5, x2
    3f1c:	65860318 	fadd	z24.s, z24.s, z6.s
    3f20:	658502f7 	fadd	z23.s, z23.s, z5.s
    3f24:	a5414085 	ld1w	{z5.s}, p0/z, [x4, x1, lsl #2]
    3f28:	658408a8 	fmul	z8.s, z5.s, z4.s
    3f2c:	658308a6 	fmul	z6.s, z5.s, z3.s
    3f30:	658708a5 	fmul	z5.s, z5.s, z7.s
    3f34:	8b020101 	add	x1, x8, x2
    3f38:	6588035a 	fadd	z26.s, z26.s, z8.s
    3f3c:	8b020122 	add	x2, x9, x2
    3f40:	658602b5 	fadd	z21.s, z21.s, z6.s
    3f44:	65850273 	fadd	z19.s, z19.s, z5.s
    3f48:	a5414086 	ld1w	{z6.s}, p0/z, [x4, x1, lsl #2]
    3f4c:	a5424085 	ld1w	{z5.s}, p0/z, [x4, x2, lsl #2]
    3f50:	658408c9 	fmul	z9.s, z6.s, z4.s
    3f54:	658308c8 	fmul	z8.s, z6.s, z3.s
    3f58:	658408a4 	fmul	z4.s, z5.s, z4.s
    3f5c:	658308a3 	fmul	z3.s, z5.s, z3.s
    3f60:	658708c6 	fmul	z6.s, z6.s, z7.s
    3f64:	658708a5 	fmul	z5.s, z5.s, z7.s
    3f68:	6589037b 	fadd	z27.s, z27.s, z9.s
    3f6c:	658802d6 	fadd	z22.s, z22.s, z8.s
    3f70:	65860294 	fadd	z20.s, z20.s, z6.s
    3f74:	65840021 	fadd	z1.s, z1.s, z4.s
    3f78:	65830042 	fadd	z2.s, z2.s, z3.s
    3f7c:	65850000 	fadd	z0.s, z0.s, z5.s
    3f80:	f94127e2 	ldr	x2, [sp, #584]
    3f84:	25b8c003 	mov	z3.s, #0
    3f88:	a91fdbf9 	stp	x25, x22, [sp, #504]
    3f8c:	04633070 	mov	z16.d, z3.d
    3f90:	b940a3f4 	ldr	w20, [sp, #160]
    3f94:	04633067 	mov	z7.d, z3.d
    3f98:	f9412be3 	ldr	x3, [sp, #592]
    3f9c:	04633072 	mov	z18.d, z3.d
    3fa0:	8b000041 	add	x1, x2, x0
    3fa4:	cb140025 	sub	x5, x1, x20
    3fa8:	cb140046 	sub	x6, x2, x20
    3fac:	8b140070 	add	x16, x3, x20
    3fb0:	cb140004 	sub	x4, x0, x20
    3fb4:	f94057e1 	ldr	x1, [sp, #168]
    3fb8:	d37ef484 	lsl	x4, x4, #2
    3fbc:	f94087e3 	ldr	x3, [sp, #264]
    3fc0:	d37ef4c6 	lsl	x6, x6, #2
    3fc4:	f94063e7 	ldr	x7, [sp, #192]
    3fc8:	8b140073 	add	x19, x3, x20
    3fcc:	8b000072 	add	x18, x3, x0
    3fd0:	8b000023 	add	x3, x1, x0
    3fd4:	f9405be1 	ldr	x1, [sp, #176]
    3fd8:	d37ef4a5 	lsl	x5, x5, #2
    3fdc:	f9407fe8 	ldr	x8, [sp, #248]
    3fe0:	8b000022 	add	x2, x1, x0
    3fe4:	8b0000e1 	add	x1, x7, x0
    3fe8:	d37ef400 	lsl	x0, x0, #2
    3fec:	d37ef442 	lsl	x2, x2, #2
    3ff0:	f90067e0 	str	x0, [sp, #200]
    3ff4:	d37ef421 	lsl	x1, x1, #2
    3ff8:	a90e0be1 	stp	x1, x2, [sp, #224]
    3ffc:	8b130913 	add	x19, x8, x19, lsl #2
    4000:	f9405fe0 	ldr	x0, [sp, #184]
    4004:	8b120912 	add	x18, x8, x18, lsl #2
    4008:	f94143e1 	ldr	x1, [sp, #640]
    400c:	8b140b91 	add	x17, x28, x20, lsl #2
    4010:	8b100b90 	add	x16, x28, x16, lsl #2
    4014:	cb140bf4 	neg	x20, x20, lsl #2
    4018:	8b01000e 	add	x14, x0, x1
    401c:	aa0603f6 	mov	x22, x6
    4020:	f94163e1 	ldr	x1, [sp, #704]
    4024:	aa0503f9 	mov	x25, x5
    4028:	f90107fc 	str	x28, [sp, #520]
    402c:	aa0403fc 	mov	x28, x4
    4030:	8b000028 	add	x8, x1, x0
    4034:	f9010bfe 	str	x30, [sp, #528]
    4038:	f94147e1 	ldr	x1, [sp, #648]
    403c:	aa0703fe 	mov	x30, x7
    4040:	d37ef463 	lsl	x3, x3, #2
    4044:	52800075 	mov	w21, #0x3                   	// #3
    4048:	8b01000d 	add	x13, x0, x1
    404c:	f9007be3 	str	x3, [sp, #240]
    4050:	f9414be1 	ldr	x1, [sp, #656]
    4054:	8b01000c 	add	x12, x0, x1
    4058:	f9414fe1 	ldr	x1, [sp, #664]
    405c:	8b01000b 	add	x11, x0, x1
    4060:	f94153e1 	ldr	x1, [sp, #672]
    4064:	8b01000a 	add	x10, x0, x1
    4068:	f94157e1 	ldr	x1, [sp, #680]
    406c:	8b010009 	add	x9, x0, x1
    4070:	d100110f 	sub	x15, x8, #0x4
    4074:	8b160206 	add	x6, x16, x22
    4078:	8b140205 	add	x5, x16, x20
    407c:	8b160223 	add	x3, x17, x22
    4080:	8b140224 	add	x4, x17, x20
    4084:	710002ff 	cmp	w23, #0x0
    4088:	54000c2d 	b.le	420c <conv_sve_rowquad+0xc58>
    408c:	d2800082 	mov	x2, #0x4                   	// #4
    4090:	d2800000 	mov	x0, #0x0                   	// #0
    4094:	d503201f 	nop
    4098:	d37ef401 	lsl	x1, x0, #2
    409c:	a54041f1 	ld1w	{z17.s}, p0/z, [x15, x0, lsl #2]
    40a0:	8b0100c7 	add	x7, x6, x1
    40a4:	8540c0e8 	ld1rw	{z8.s}, p0/z, [x7]
    40a8:	65880a2a 	fmul	z10.s, z17.s, z8.s
    40ac:	a54041c6 	ld1w	{z6.s}, p0/z, [x14, x0, lsl #2]
    40b0:	658a0339 	fadd	z25.s, z25.s, z10.s
    40b4:	658808ca 	fmul	z10.s, z6.s, z8.s
    40b8:	a54041a5 	ld1w	{z5.s}, p0/z, [x13, x0, lsl #2]
    40bc:	658a035a 	fadd	z26.s, z26.s, z10.s
    40c0:	658808aa 	fmul	z10.s, z5.s, z8.s
    40c4:	a540415d 	ld1w	{z29.s}, p0/z, [x10, x0, lsl #2]
    40c8:	a5404164 	ld1w	{z4.s}, p0/z, [x11, x0, lsl #2]
    40cc:	8b0200c7 	add	x7, x6, x2
    40d0:	65880888 	fmul	z8.s, z4.s, z8.s
    40d4:	8540c0e9 	ld1rw	{z9.s}, p0/z, [x7]
    40d8:	658a037b 	fadd	z27.s, z27.s, z10.s
    40dc:	65890baa 	fmul	z10.s, z29.s, z9.s
    40e0:	8b0100a7 	add	x7, x5, x1
    40e4:	65880021 	fadd	z1.s, z1.s, z8.s
    40e8:	658a037b 	fadd	z27.s, z27.s, z10.s
    40ec:	8540c0e8 	ld1rw	{z8.s}, p0/z, [x7]
    40f0:	65880a2a 	fmul	z10.s, z17.s, z8.s
    40f4:	a540411f 	ld1w	{z31.s}, p0/z, [x8, x0, lsl #2]
    40f8:	658a0318 	fadd	z24.s, z24.s, z10.s
    40fc:	65890beb 	fmul	z11.s, z31.s, z9.s
    4100:	658808ca 	fmul	z10.s, z6.s, z8.s
    4104:	a540419e 	ld1w	{z30.s}, p0/z, [x12, x0, lsl #2]
    4108:	a540413c 	ld1w	{z28.s}, p0/z, [x9, x0, lsl #2]
    410c:	658a02b5 	fadd	z21.s, z21.s, z10.s
    4110:	658b0339 	fadd	z25.s, z25.s, z11.s
    4114:	658808aa 	fmul	z10.s, z5.s, z8.s
    4118:	65890bcb 	fmul	z11.s, z30.s, z9.s
    411c:	65890b89 	fmul	z9.s, z28.s, z9.s
    4120:	8b0200a7 	add	x7, x5, x2
    4124:	65880888 	fmul	z8.s, z4.s, z8.s
    4128:	658a02d6 	fadd	z22.s, z22.s, z10.s
    412c:	65890021 	fadd	z1.s, z1.s, z9.s
    4130:	8540c0e9 	ld1rw	{z9.s}, p0/z, [x7]
    4134:	65890baa 	fmul	z10.s, z29.s, z9.s
    4138:	8b010067 	add	x7, x3, x1
    413c:	65880042 	fadd	z2.s, z2.s, z8.s
    4140:	658a02d6 	fadd	z22.s, z22.s, z10.s
    4144:	8540c0e8 	ld1rw	{z8.s}, p0/z, [x7]
    4148:	65880a2a 	fmul	z10.s, z17.s, z8.s
    414c:	658b035a 	fadd	z26.s, z26.s, z11.s
    4150:	658a02f7 	fadd	z23.s, z23.s, z10.s
    4154:	65890beb 	fmul	z11.s, z31.s, z9.s
    4158:	658808ca 	fmul	z10.s, z6.s, z8.s
    415c:	658b0318 	fadd	z24.s, z24.s, z11.s
    4160:	658a0273 	fadd	z19.s, z19.s, z10.s
    4164:	65890bcb 	fmul	z11.s, z30.s, z9.s
    4168:	658808aa 	fmul	z10.s, z5.s, z8.s
    416c:	65890b89 	fmul	z9.s, z28.s, z9.s
    4170:	65880888 	fmul	z8.s, z4.s, z8.s
    4174:	8b010081 	add	x1, x4, x1
    4178:	8b020067 	add	x7, x3, x2
    417c:	65880000 	fadd	z0.s, z0.s, z8.s
    4180:	658b02b5 	fadd	z21.s, z21.s, z11.s
    4184:	8540c028 	ld1rw	{z8.s}, p0/z, [x1]
    4188:	65890042 	fadd	z2.s, z2.s, z9.s
    418c:	658808c6 	fmul	z6.s, z6.s, z8.s
    4190:	8540c0e9 	ld1rw	{z9.s}, p0/z, [x7]
    4194:	65880884 	fmul	z4.s, z4.s, z8.s
    4198:	65890beb 	fmul	z11.s, z31.s, z9.s
    419c:	91000800 	add	x0, x0, #0x2
    41a0:	8b020081 	add	x1, x4, x2
    41a4:	658a0294 	fadd	z20.s, z20.s, z10.s
    41a8:	658600e7 	fadd	z7.s, z7.s, z6.s
    41ac:	65890baa 	fmul	z10.s, z29.s, z9.s
    41b0:	65840063 	fadd	z3.s, z3.s, z4.s
    41b4:	658b02f7 	fadd	z23.s, z23.s, z11.s
    41b8:	8540c024 	ld1rw	{z4.s}, p0/z, [x1]
    41bc:	65890bcb 	fmul	z11.s, z30.s, z9.s
    41c0:	65880a31 	fmul	z17.s, z17.s, z8.s
    41c4:	65890b89 	fmul	z9.s, z28.s, z9.s
    41c8:	65910252 	fadd	z18.s, z18.s, z17.s
    41cc:	658808a6 	fmul	z6.s, z5.s, z8.s
    41d0:	65840bff 	fmul	z31.s, z31.s, z4.s
    41d4:	65860205 	fadd	z5.s, z16.s, z6.s
    41d8:	65840bde 	fmul	z30.s, z30.s, z4.s
    41dc:	65840bbd 	fmul	z29.s, z29.s, z4.s
    41e0:	65840b9c 	fmul	z28.s, z28.s, z4.s
    41e4:	91002042 	add	x2, x2, #0x8
    41e8:	658b0273 	fadd	z19.s, z19.s, z11.s
    41ec:	658a0294 	fadd	z20.s, z20.s, z10.s
    41f0:	65890000 	fadd	z0.s, z0.s, z9.s
    41f4:	659f0252 	fadd	z18.s, z18.s, z31.s
    41f8:	659e00e7 	fadd	z7.s, z7.s, z30.s
    41fc:	659d00b0 	fadd	z16.s, z5.s, z29.s
    4200:	659c0063 	fadd	z3.s, z3.s, z28.s
    4204:	6b0002ff 	cmp	w23, w0
    4208:	54fff48c 	b.gt	4098 <conv_sve_rowquad+0xae4>
    420c:	b9409be0 	ldr	w0, [sp, #152]
    4210:	6b1b001f 	cmp	w0, w27
    4214:	54000b6a 	b.ge	4380 <conv_sve_rowquad+0xdcc>  // b.tcont
    4218:	a540a248 	ld1w	{z8.s}, p0/z, [x18]
    421c:	8b190200 	add	x0, x16, x25
    4220:	8540c009 	ld1rw	{z9.s}, p0/z, [x0]
    4224:	65890905 	fmul	z5.s, z8.s, z9.s
    4228:	a94a8be1 	ldp	x1, x2, [sp, #168]
    422c:	a5414246 	ld1w	{z6.s}, p0/z, [x18, x1, lsl #2]
    4230:	658908c4 	fmul	z4.s, z6.s, z9.s
    4234:	65850339 	fadd	z25.s, z25.s, z5.s
    4238:	6584035a 	fadd	z26.s, z26.s, z4.s
    423c:	a5424245 	ld1w	{z5.s}, p0/z, [x18, x2, lsl #2]
    4240:	a55e4244 	ld1w	{z4.s}, p0/z, [x18, x30, lsl #2]
    4244:	658908aa 	fmul	z10.s, z5.s, z9.s
    4248:	65890889 	fmul	z9.s, z4.s, z9.s
    424c:	8b1c0200 	add	x0, x16, x28
    4250:	658a037b 	fadd	z27.s, z27.s, z10.s
    4254:	65890021 	fadd	z1.s, z1.s, z9.s
    4258:	8540c009 	ld1rw	{z9.s}, p0/z, [x0]
    425c:	658908ca 	fmul	z10.s, z6.s, z9.s
    4260:	6589090b 	fmul	z11.s, z8.s, z9.s
    4264:	658a02b5 	fadd	z21.s, z21.s, z10.s
    4268:	658908aa 	fmul	z10.s, z5.s, z9.s
    426c:	65890889 	fmul	z9.s, z4.s, z9.s
    4270:	8b190220 	add	x0, x17, x25
    4274:	658a02d6 	fadd	z22.s, z22.s, z10.s
    4278:	65890042 	fadd	z2.s, z2.s, z9.s
    427c:	8540c009 	ld1rw	{z9.s}, p0/z, [x0]
    4280:	658908ca 	fmul	z10.s, z6.s, z9.s
    4284:	8b1c0220 	add	x0, x17, x28
    4288:	658b0318 	fadd	z24.s, z24.s, z11.s
    428c:	658a0273 	fadd	z19.s, z19.s, z10.s
    4290:	6589090b 	fmul	z11.s, z8.s, z9.s
    4294:	658908aa 	fmul	z10.s, z5.s, z9.s
    4298:	65890889 	fmul	z9.s, z4.s, z9.s
    429c:	65890000 	fadd	z0.s, z0.s, z9.s
    42a0:	8540c009 	ld1rw	{z9.s}, p0/z, [x0]
    42a4:	b940a3e0 	ldr	w0, [sp, #160]
    42a8:	65890908 	fmul	z8.s, z8.s, z9.s
    42ac:	658908c6 	fmul	z6.s, z6.s, z9.s
    42b0:	658908a5 	fmul	z5.s, z5.s, z9.s
    42b4:	65890884 	fmul	z4.s, z4.s, z9.s
    42b8:	658b02f7 	fadd	z23.s, z23.s, z11.s
    42bc:	658a0294 	fadd	z20.s, z20.s, z10.s
    42c0:	65880252 	fadd	z18.s, z18.s, z8.s
    42c4:	658600e7 	fadd	z7.s, z7.s, z6.s
    42c8:	65850210 	fadd	z16.s, z16.s, z5.s
    42cc:	65840063 	fadd	z3.s, z3.s, z4.s
    42d0:	6b00037f 	cmp	w27, w0
    42d4:	5400056d 	b.le	4380 <conv_sve_rowquad+0xdcc>
    42d8:	a540a269 	ld1w	{z9.s}, p0/z, [x19]
    42dc:	8b180200 	add	x0, x16, x24
    42e0:	8540c005 	ld1rw	{z5.s}, p0/z, [x0]
    42e4:	65850926 	fmul	z6.s, z9.s, z5.s
    42e8:	65860339 	fadd	z25.s, z25.s, z6.s
    42ec:	a5424266 	ld1w	{z6.s}, p0/z, [x19, x2, lsl #2]
    42f0:	658508ca 	fmul	z10.s, z6.s, z5.s
    42f4:	a5414268 	ld1w	{z8.s}, p0/z, [x19, x1, lsl #2]
    42f8:	8b180220 	add	x0, x17, x24
    42fc:	65850904 	fmul	z4.s, z8.s, z5.s
    4300:	658a037b 	fadd	z27.s, z27.s, z10.s
    4304:	8540c00a 	ld1rw	{z10.s}, p0/z, [x0]
    4308:	658a0911 	fmul	z17.s, z8.s, z10.s
    430c:	658a093c 	fmul	z28.s, z9.s, z10.s
    4310:	6584035a 	fadd	z26.s, z26.s, z4.s
    4314:	65910273 	fadd	z19.s, z19.s, z17.s
    4318:	a55e4264 	ld1w	{z4.s}, p0/z, [x19, x30, lsl #2]
    431c:	658a08d1 	fmul	z17.s, z6.s, z10.s
    4320:	65850885 	fmul	z5.s, z4.s, z5.s
    4324:	658a088a 	fmul	z10.s, z4.s, z10.s
    4328:	65850021 	fadd	z1.s, z1.s, z5.s
    432c:	658a0000 	fadd	z0.s, z0.s, z10.s
    4330:	8540c205 	ld1rw	{z5.s}, p0/z, [x16]
    4334:	8540c22a 	ld1rw	{z10.s}, p0/z, [x17]
    4338:	6585092b 	fmul	z11.s, z9.s, z5.s
    433c:	658a0929 	fmul	z9.s, z9.s, z10.s
    4340:	658b0318 	fadd	z24.s, z24.s, z11.s
    4344:	65890252 	fadd	z18.s, z18.s, z9.s
    4348:	6585090b 	fmul	z11.s, z8.s, z5.s
    434c:	658508c9 	fmul	z9.s, z6.s, z5.s
    4350:	658a0908 	fmul	z8.s, z8.s, z10.s
    4354:	65850885 	fmul	z5.s, z4.s, z5.s
    4358:	658a08c6 	fmul	z6.s, z6.s, z10.s
    435c:	658a0884 	fmul	z4.s, z4.s, z10.s
    4360:	659c02f7 	fadd	z23.s, z23.s, z28.s
    4364:	65910294 	fadd	z20.s, z20.s, z17.s
    4368:	658b02b5 	fadd	z21.s, z21.s, z11.s
    436c:	658800e7 	fadd	z7.s, z7.s, z8.s
    4370:	658902d6 	fadd	z22.s, z22.s, z9.s
    4374:	65860210 	fadd	z16.s, z16.s, z6.s
    4378:	65850042 	fadd	z2.s, z2.s, z5.s
    437c:	65840063 	fadd	z3.s, z3.s, z4.s
    4380:	b941e3e0 	ldr	w0, [sp, #480]
    4384:	110006b5 	add	w21, w21, #0x1
    4388:	8b180210 	add	x16, x16, x24
    438c:	8b180231 	add	x17, x17, x24
    4390:	8b1a0273 	add	x19, x19, x26
    4394:	8b1a0252 	add	x18, x18, x26
    4398:	8b1a01ce 	add	x14, x14, x26
    439c:	8b1a0108 	add	x8, x8, x26
    43a0:	8b1a01ad 	add	x13, x13, x26
    43a4:	8b1a018c 	add	x12, x12, x26
    43a8:	8b1a016b 	add	x11, x11, x26
    43ac:	8b1a014a 	add	x10, x10, x26
    43b0:	8b1a0129 	add	x9, x9, x26
    43b4:	6b15001f 	cmp	w0, w21
    43b8:	54ffe5c1 	b.ne	4070 <conv_sve_rowquad+0xabc>  // b.any
    43bc:	f9405fe0 	ldr	x0, [sp, #184]
    43c0:	f9413fe1 	ldr	x1, [sp, #632]
    43c4:	a95fdbf9 	ldp	x25, x22, [sp, #504]
    43c8:	8b010003 	add	x3, x0, x1
    43cc:	f94107fc 	ldr	x28, [sp, #520]
    43d0:	f9410bfe 	ldr	x30, [sp, #528]
    43d4:	710002ff 	cmp	w23, #0x0
    43d8:	54000aad 	b.le	452c <conv_sve_rowquad+0xf78>
    43dc:	a9539be5 	ldp	x5, x6, [sp, #312]
    43e0:	d2800000 	mov	x0, #0x0                   	// #0
    43e4:	f9406be8 	ldr	x8, [sp, #208]
    43e8:	f9408fe4 	ldr	x4, [sp, #280]
    43ec:	f940abe7 	ldr	x7, [sp, #336]
    43f0:	f940efea 	ldr	x10, [sp, #472]
    43f4:	f940fbe9 	ldr	x9, [sp, #496]
    43f8:	f94113eb 	ldr	x11, [sp, #544]
    43fc:	f9416fec 	ldr	x12, [sp, #728]
    4400:	d37ef401 	lsl	x1, x0, #2
    4404:	a54040a4 	ld1w	{z4.s}, p0/z, [x5, x0, lsl #2]
    4408:	8b010322 	add	x2, x25, x1
    440c:	a5404068 	ld1w	{z8.s}, p0/z, [x3, x0, lsl #2]
    4410:	8540c04a 	ld1rw	{z10.s}, p0/z, [x2]
    4414:	0420bd11 	movprfx	z17, z8
    4418:	05201091 	ext	z17.b, z17.b, z4.b, #4
    441c:	8b010142 	add	x2, x10, x1
    4420:	8540c05d 	ld1rw	{z29.s}, p0/z, [x2]
    4424:	659d0a3c 	fmul	z28.s, z17.s, z29.s
    4428:	a54040c5 	ld1w	{z5.s}, p0/z, [x6, x0, lsl #2]
    442c:	658a090b 	fmul	z11.s, z8.s, z10.s
    4430:	658b0318 	fadd	z24.s, z24.s, z11.s
    4434:	659c0318 	fadd	z24.s, z24.s, z28.s
    4438:	658a08bc 	fmul	z28.s, z5.s, z10.s
    443c:	a54040e6 	ld1w	{z6.s}, p0/z, [x7, x0, lsl #2]
    4440:	658a088b 	fmul	z11.s, z4.s, z10.s
    4444:	659c02d6 	fadd	z22.s, z22.s, z28.s
    4448:	658a08dc 	fmul	z28.s, z6.s, z10.s
    444c:	658b02b5 	fadd	z21.s, z21.s, z11.s
    4450:	0420bcaa 	movprfx	z10, z5
    4454:	052010ca 	ext	z10.b, z10.b, z6.b, #4
    4458:	0420bc8b 	movprfx	z11, z4
    445c:	052010ab 	ext	z11.b, z11.b, z5.b, #4
    4460:	659c0042 	fadd	z2.s, z2.s, z28.s
    4464:	659d097e 	fmul	z30.s, z11.s, z29.s
    4468:	659d095c 	fmul	z28.s, z10.s, z29.s
    446c:	8b010102 	add	x2, x8, x1
    4470:	659e02b5 	fadd	z21.s, z21.s, z30.s
    4474:	659c02d6 	fadd	z22.s, z22.s, z28.s
    4478:	8540c05c 	ld1rw	{z28.s}, p0/z, [x2]
    447c:	659c091e 	fmul	z30.s, z8.s, z28.s
    4480:	a5404089 	ld1w	{z9.s}, p0/z, [x4, x0, lsl #2]
    4484:	659e02f7 	fadd	z23.s, z23.s, z30.s
    4488:	659d093d 	fmul	z29.s, z9.s, z29.s
    448c:	659c089e 	fmul	z30.s, z4.s, z28.s
    4490:	8b010162 	add	x2, x11, x1
    4494:	659e0273 	fadd	z19.s, z19.s, z30.s
    4498:	659d0042 	fadd	z2.s, z2.s, z29.s
    449c:	659c08be 	fmul	z30.s, z5.s, z28.s
    44a0:	8540c05d 	ld1rw	{z29.s}, p0/z, [x2]
    44a4:	659d0a3f 	fmul	z31.s, z17.s, z29.s
    44a8:	659c08dc 	fmul	z28.s, z6.s, z28.s
    44ac:	659e0294 	fadd	z20.s, z20.s, z30.s
    44b0:	659f02f7 	fadd	z23.s, z23.s, z31.s
    44b4:	659d095e 	fmul	z30.s, z10.s, z29.s
    44b8:	659d097f 	fmul	z31.s, z11.s, z29.s
    44bc:	91000800 	add	x0, x0, #0x2
    44c0:	659d093d 	fmul	z29.s, z9.s, z29.s
    44c4:	8b010122 	add	x2, x9, x1
    44c8:	659c0000 	fadd	z0.s, z0.s, z28.s
    44cc:	8b010181 	add	x1, x12, x1
    44d0:	659d0000 	fadd	z0.s, z0.s, z29.s
    44d4:	8540c03c 	ld1rw	{z28.s}, p0/z, [x1]
    44d8:	8540c05d 	ld1rw	{z29.s}, p0/z, [x2]
    44dc:	659c0a31 	fmul	z17.s, z17.s, z28.s
    44e0:	659d0908 	fmul	z8.s, z8.s, z29.s
    44e4:	659d0884 	fmul	z4.s, z4.s, z29.s
    44e8:	65880252 	fadd	z18.s, z18.s, z8.s
    44ec:	658400e7 	fadd	z7.s, z7.s, z4.s
    44f0:	659d08a5 	fmul	z5.s, z5.s, z29.s
    44f4:	659d08c6 	fmul	z6.s, z6.s, z29.s
    44f8:	65850205 	fadd	z5.s, z16.s, z5.s
    44fc:	65860063 	fadd	z3.s, z3.s, z6.s
    4500:	659c096b 	fmul	z11.s, z11.s, z28.s
    4504:	659c094a 	fmul	z10.s, z10.s, z28.s
    4508:	659c0929 	fmul	z9.s, z9.s, z28.s
    450c:	659f0273 	fadd	z19.s, z19.s, z31.s
    4510:	659e0294 	fadd	z20.s, z20.s, z30.s
    4514:	65910252 	fadd	z18.s, z18.s, z17.s
    4518:	658b00e7 	fadd	z7.s, z7.s, z11.s
    451c:	658a00b0 	fadd	z16.s, z5.s, z10.s
    4520:	65890063 	fadd	z3.s, z3.s, z9.s
    4524:	6b0002ff 	cmp	w23, w0
    4528:	54fff6cc 	b.gt	4400 <conv_sve_rowquad+0xe4c>
    452c:	b9409be0 	ldr	w0, [sp, #152]
    4530:	6b1b001f 	cmp	w0, w27
    4534:	54000b6a 	b.ge	46a0 <conv_sve_rowquad+0x10ec>  // b.tcont
    4538:	a94c93e0 	ldp	x0, x4, [sp, #200]
    453c:	f940fbe5 	ldr	x5, [sp, #496]
    4540:	8b000322 	add	x2, x25, x0
    4544:	8540c045 	ld1rw	{z5.s}, p0/z, [x2]
    4548:	aa0003e2 	mov	x2, x0
    454c:	8b000060 	add	x0, x3, x0
    4550:	a540a006 	ld1w	{z6.s}, p0/z, [x0]
    4554:	8b020080 	add	x0, x4, x2
    4558:	8540c004 	ld1rw	{z4.s}, p0/z, [x0]
    455c:	8b0200a0 	add	x0, x5, x2
    4560:	8540c009 	ld1rw	{z9.s}, p0/z, [x0]
    4564:	f9407be0 	ldr	x0, [sp, #240]
    4568:	658508c8 	fmul	z8.s, z6.s, z5.s
    456c:	65880318 	fadd	z24.s, z24.s, z8.s
    4570:	658408c8 	fmul	z8.s, z6.s, z4.s
    4574:	658802f7 	fadd	z23.s, z23.s, z8.s
    4578:	8b000060 	add	x0, x3, x0
    457c:	658908c8 	fmul	z8.s, z6.s, z9.s
    4580:	a540a006 	ld1w	{z6.s}, p0/z, [x0]
    4584:	f94077e0 	ldr	x0, [sp, #232]
    4588:	658508ca 	fmul	z10.s, z6.s, z5.s
    458c:	65880252 	fadd	z18.s, z18.s, z8.s
    4590:	658408c8 	fmul	z8.s, z6.s, z4.s
    4594:	658908c6 	fmul	z6.s, z6.s, z9.s
    4598:	8b000060 	add	x0, x3, x0
    459c:	658600e7 	fadd	z7.s, z7.s, z6.s
    45a0:	a540a006 	ld1w	{z6.s}, p0/z, [x0]
    45a4:	f94073e0 	ldr	x0, [sp, #224]
    45a8:	65880273 	fadd	z19.s, z19.s, z8.s
    45ac:	658408c8 	fmul	z8.s, z6.s, z4.s
    45b0:	658a02b5 	fadd	z21.s, z21.s, z10.s
    45b4:	65880294 	fadd	z20.s, z20.s, z8.s
    45b8:	8b000060 	add	x0, x3, x0
    45bc:	658508ca 	fmul	z10.s, z6.s, z5.s
    45c0:	658908c8 	fmul	z8.s, z6.s, z9.s
    45c4:	a540a006 	ld1w	{z6.s}, p0/z, [x0]
    45c8:	b940a3e0 	ldr	w0, [sp, #160]
    45cc:	658508c5 	fmul	z5.s, z6.s, z5.s
    45d0:	658408c4 	fmul	z4.s, z6.s, z4.s
    45d4:	658a02d6 	fadd	z22.s, z22.s, z10.s
    45d8:	658908c6 	fmul	z6.s, z6.s, z9.s
    45dc:	65880210 	fadd	z16.s, z16.s, z8.s
    45e0:	65850042 	fadd	z2.s, z2.s, z5.s
    45e4:	65840000 	fadd	z0.s, z0.s, z4.s
    45e8:	65860063 	fadd	z3.s, z3.s, z6.s
    45ec:	6b00037f 	cmp	w27, w0
    45f0:	5400058d 	b.le	46a0 <conv_sve_rowquad+0x10ec>
    45f4:	93407c01 	sxtw	x1, w0
    45f8:	91001040 	add	x0, x2, #0x4
    45fc:	f94057e2 	ldr	x2, [sp, #168]
    4600:	8b010042 	add	x2, x2, x1
    4604:	a5424066 	ld1w	{z6.s}, p0/z, [x3, x2, lsl #2]
    4608:	8b000322 	add	x2, x25, x0
    460c:	8540c045 	ld1rw	{z5.s}, p0/z, [x2]
    4610:	8b000062 	add	x2, x3, x0
    4614:	658508c4 	fmul	z4.s, z6.s, z5.s
    4618:	a540a048 	ld1w	{z8.s}, p0/z, [x2]
    461c:	658402b5 	fadd	z21.s, z21.s, z4.s
    4620:	8b000082 	add	x2, x4, x0
    4624:	65850904 	fmul	z4.s, z8.s, z5.s
    4628:	8b0000a0 	add	x0, x5, x0
    462c:	65840318 	fadd	z24.s, z24.s, z4.s
    4630:	8540c009 	ld1rw	{z9.s}, p0/z, [x0]
    4634:	8540c044 	ld1rw	{z4.s}, p0/z, [x2]
    4638:	f9405be0 	ldr	x0, [sp, #176]
    463c:	6584090a 	fmul	z10.s, z8.s, z4.s
    4640:	65890908 	fmul	z8.s, z8.s, z9.s
    4644:	65880252 	fadd	z18.s, z18.s, z8.s
    4648:	f94063e2 	ldr	x2, [sp, #192]
    464c:	658408c8 	fmul	z8.s, z6.s, z4.s
    4650:	658908c6 	fmul	z6.s, z6.s, z9.s
    4654:	8b010000 	add	x0, x0, x1
    4658:	658a02f7 	fadd	z23.s, z23.s, z10.s
    465c:	65880273 	fadd	z19.s, z19.s, z8.s
    4660:	8b010041 	add	x1, x2, x1
    4664:	a5404068 	ld1w	{z8.s}, p0/z, [x3, x0, lsl #2]
    4668:	658600e7 	fadd	z7.s, z7.s, z6.s
    466c:	6585090b 	fmul	z11.s, z8.s, z5.s
    4670:	a5414066 	ld1w	{z6.s}, p0/z, [x3, x1, lsl #2]
    4674:	6584090a 	fmul	z10.s, z8.s, z4.s
    4678:	658508c5 	fmul	z5.s, z6.s, z5.s
    467c:	658408c4 	fmul	z4.s, z6.s, z4.s
    4680:	65890908 	fmul	z8.s, z8.s, z9.s
    4684:	658908c6 	fmul	z6.s, z6.s, z9.s
    4688:	658b02d6 	fadd	z22.s, z22.s, z11.s
    468c:	658a0294 	fadd	z20.s, z20.s, z10.s
    4690:	65880210 	fadd	z16.s, z16.s, z8.s
    4694:	65850042 	fadd	z2.s, z2.s, z5.s
    4698:	65840000 	fadd	z0.s, z0.s, z4.s
    469c:	65860063 	fadd	z3.s, z3.s, z6.s
    46a0:	f9405fe0 	ldr	x0, [sp, #184]
    46a4:	f9413be1 	ldr	x1, [sp, #624]
    46a8:	8b010000 	add	x0, x0, x1
    46ac:	710002ff 	cmp	w23, #0x0
    46b0:	540007ed 	b.le	47ac <conv_sve_rowquad+0x11f8>
    46b4:	a95217e4 	ldp	x4, x5, [sp, #288]
    46b8:	d2800001 	mov	x1, #0x0                   	// #0
    46bc:	f9406be7 	ldr	x7, [sp, #208]
    46c0:	f9409be6 	ldr	x6, [sp, #304]
    46c4:	f940afe8 	ldr	x8, [sp, #344]
    46c8:	f940efe9 	ldr	x9, [sp, #472]
    46cc:	f94113ea 	ldr	x10, [sp, #544]
    46d0:	d37ef422 	lsl	x2, x1, #2
    46d4:	a5414084 	ld1w	{z4.s}, p0/z, [x4, x1, lsl #2]
    46d8:	8b020323 	add	x3, x25, x2
    46dc:	a5414009 	ld1w	{z9.s}, p0/z, [x0, x1, lsl #2]
    46e0:	8540c066 	ld1rw	{z6.s}, p0/z, [x3]
    46e4:	0420bd3c 	movprfx	z28, z9
    46e8:	0520109c 	ext	z28.b, z28.b, z4.b, #4
    46ec:	6586092b 	fmul	z11.s, z9.s, z6.s
    46f0:	8b020123 	add	x3, x9, x2
    46f4:	8540c071 	ld1rw	{z17.s}, p0/z, [x3]
    46f8:	65910b9d 	fmul	z29.s, z28.s, z17.s
    46fc:	a54140a5 	ld1w	{z5.s}, p0/z, [x5, x1, lsl #2]
    4700:	a5414108 	ld1w	{z8.s}, p0/z, [x8, x1, lsl #2]
    4704:	658b02f7 	fadd	z23.s, z23.s, z11.s
    4708:	6586088b 	fmul	z11.s, z4.s, z6.s
    470c:	659d02f7 	fadd	z23.s, z23.s, z29.s
    4710:	658608bd 	fmul	z29.s, z5.s, z6.s
    4714:	65860906 	fmul	z6.s, z8.s, z6.s
    4718:	a54140ca 	ld1w	{z10.s}, p0/z, [x6, x1, lsl #2]
    471c:	658b0273 	fadd	z19.s, z19.s, z11.s
    4720:	659d0294 	fadd	z20.s, z20.s, z29.s
    4724:	0420bc8b 	movprfx	z11, z4
    4728:	052010ab 	ext	z11.b, z11.b, z5.b, #4
    472c:	0420bcbd 	movprfx	z29, z5
    4730:	0520111d 	ext	z29.b, z29.b, z8.b, #4
    4734:	6591097e 	fmul	z30.s, z11.s, z17.s
    4738:	65860000 	fadd	z0.s, z0.s, z6.s
    473c:	91000821 	add	x1, x1, #0x2
    4740:	65910ba6 	fmul	z6.s, z29.s, z17.s
    4744:	65910951 	fmul	z17.s, z10.s, z17.s
    4748:	8b0200e3 	add	x3, x7, x2
    474c:	65860294 	fadd	z20.s, z20.s, z6.s
    4750:	8b020142 	add	x2, x10, x2
    4754:	65910000 	fadd	z0.s, z0.s, z17.s
    4758:	8540c046 	ld1rw	{z6.s}, p0/z, [x2]
    475c:	8540c071 	ld1rw	{z17.s}, p0/z, [x3]
    4760:	65860b9c 	fmul	z28.s, z28.s, z6.s
    4764:	65910929 	fmul	z9.s, z9.s, z17.s
    4768:	65910884 	fmul	z4.s, z4.s, z17.s
    476c:	65890252 	fadd	z18.s, z18.s, z9.s
    4770:	658400e7 	fadd	z7.s, z7.s, z4.s
    4774:	659108a5 	fmul	z5.s, z5.s, z17.s
    4778:	65910908 	fmul	z8.s, z8.s, z17.s
    477c:	65850205 	fadd	z5.s, z16.s, z5.s
    4780:	65880063 	fadd	z3.s, z3.s, z8.s
    4784:	6586096b 	fmul	z11.s, z11.s, z6.s
    4788:	65860bbd 	fmul	z29.s, z29.s, z6.s
    478c:	6586094a 	fmul	z10.s, z10.s, z6.s
    4790:	659e0273 	fadd	z19.s, z19.s, z30.s
    4794:	659c0252 	fadd	z18.s, z18.s, z28.s
    4798:	658b00e7 	fadd	z7.s, z7.s, z11.s
    479c:	659d00b0 	fadd	z16.s, z5.s, z29.s
    47a0:	658a0063 	fadd	z3.s, z3.s, z10.s
    47a4:	6b0102ff 	cmp	w23, w1
    47a8:	54fff94c 	b.gt	46d0 <conv_sve_rowquad+0x111c>
    47ac:	b9409be1 	ldr	w1, [sp, #152]
    47b0:	6b1b003f 	cmp	w1, w27
    47b4:	5400262a 	b.ge	4c78 <conv_sve_rowquad+0x16c4>  // b.tcont
    47b8:	a94c97e3 	ldp	x3, x5, [sp, #200]
    47bc:	8b030001 	add	x1, x0, x3
    47c0:	a540a025 	ld1w	{z5.s}, p0/z, [x1]
    47c4:	8b0300a1 	add	x1, x5, x3
    47c8:	8540c026 	ld1rw	{z6.s}, p0/z, [x1]
    47cc:	f9407be1 	ldr	x1, [sp, #240]
    47d0:	8b030322 	add	x2, x25, x3
    47d4:	8540c044 	ld1rw	{z4.s}, p0/z, [x2]
    47d8:	658408a8 	fmul	z8.s, z5.s, z4.s
    47dc:	658608a5 	fmul	z5.s, z5.s, z6.s
    47e0:	8b010001 	add	x1, x0, x1
    47e4:	65850252 	fadd	z18.s, z18.s, z5.s
    47e8:	a540a025 	ld1w	{z5.s}, p0/z, [x1]
    47ec:	f94077e1 	ldr	x1, [sp, #232]
    47f0:	658802f7 	fadd	z23.s, z23.s, z8.s
    47f4:	658408a8 	fmul	z8.s, z5.s, z4.s
    47f8:	658608a5 	fmul	z5.s, z5.s, z6.s
    47fc:	658500e7 	fadd	z7.s, z7.s, z5.s
    4800:	8b010001 	add	x1, x0, x1
    4804:	a540a025 	ld1w	{z5.s}, p0/z, [x1]
    4808:	f94073e1 	ldr	x1, [sp, #224]
    480c:	65880273 	fadd	z19.s, z19.s, z8.s
    4810:	658408a8 	fmul	z8.s, z5.s, z4.s
    4814:	658608a5 	fmul	z5.s, z5.s, z6.s
    4818:	65850210 	fadd	z16.s, z16.s, z5.s
    481c:	65880294 	fadd	z20.s, z20.s, z8.s
    4820:	8b010001 	add	x1, x0, x1
    4824:	a540a025 	ld1w	{z5.s}, p0/z, [x1]
    4828:	b940a3e1 	ldr	w1, [sp, #160]
    482c:	658408a4 	fmul	z4.s, z5.s, z4.s
    4830:	658608a5 	fmul	z5.s, z5.s, z6.s
    4834:	65840000 	fadd	z0.s, z0.s, z4.s
    4838:	65850063 	fadd	z3.s, z3.s, z5.s
    483c:	6b01037f 	cmp	w27, w1
    4840:	5400044d 	b.le	48c8 <conv_sve_rowquad+0x1314>
    4844:	f94057e4 	ldr	x4, [sp, #168]
    4848:	93407c21 	sxtw	x1, w1
    484c:	91001063 	add	x3, x3, #0x4
    4850:	8b010084 	add	x4, x4, x1
    4854:	a5444005 	ld1w	{z5.s}, p0/z, [x0, x4, lsl #2]
    4858:	8b030324 	add	x4, x25, x3
    485c:	8540c084 	ld1rw	{z4.s}, p0/z, [x4]
    4860:	8b030004 	add	x4, x0, x3
    4864:	658408a6 	fmul	z6.s, z5.s, z4.s
    4868:	8b0300a3 	add	x3, x5, x3
    486c:	a540a088 	ld1w	{z8.s}, p0/z, [x4]
    4870:	65860273 	fadd	z19.s, z19.s, z6.s
    4874:	8540c066 	ld1rw	{z6.s}, p0/z, [x3]
    4878:	f9405be3 	ldr	x3, [sp, #176]
    487c:	65840909 	fmul	z9.s, z8.s, z4.s
    4880:	658608a5 	fmul	z5.s, z5.s, z6.s
    4884:	65860908 	fmul	z8.s, z8.s, z6.s
    4888:	f94063e4 	ldr	x4, [sp, #192]
    488c:	658902f7 	fadd	z23.s, z23.s, z9.s
    4890:	8b010063 	add	x3, x3, x1
    4894:	65880252 	fadd	z18.s, z18.s, z8.s
    4898:	658500e7 	fadd	z7.s, z7.s, z5.s
    489c:	a5434008 	ld1w	{z8.s}, p0/z, [x0, x3, lsl #2]
    48a0:	8b010081 	add	x1, x4, x1
    48a4:	65840909 	fmul	z9.s, z8.s, z4.s
    48a8:	a5414005 	ld1w	{z5.s}, p0/z, [x0, x1, lsl #2]
    48ac:	65860908 	fmul	z8.s, z8.s, z6.s
    48b0:	658408a4 	fmul	z4.s, z5.s, z4.s
    48b4:	65890294 	fadd	z20.s, z20.s, z9.s
    48b8:	658608a5 	fmul	z5.s, z5.s, z6.s
    48bc:	65880210 	fadd	z16.s, z16.s, z8.s
    48c0:	65840000 	fadd	z0.s, z0.s, z4.s
    48c4:	65850063 	fadd	z3.s, z3.s, z5.s
    48c8:	f9405fe0 	ldr	x0, [sp, #184]
    48cc:	f94137e1 	ldr	x1, [sp, #616]
    48d0:	8b010003 	add	x3, x0, x1
    48d4:	710002ff 	cmp	w23, #0x0
    48d8:	5400056d 	b.le	4984 <conv_sve_rowquad+0x13d0>
    48dc:	a95617e4 	ldp	x4, x5, [sp, #352]
    48e0:	d2800000 	mov	x0, #0x0                   	// #0
    48e4:	a9571fe6 	ldp	x6, x7, [sp, #368]
    48e8:	f940efe8 	ldr	x8, [sp, #472]
    48ec:	d503201f 	nop
    48f0:	d37ef401 	lsl	x1, x0, #2
    48f4:	a5404066 	ld1w	{z6.s}, p0/z, [x3, x0, lsl #2]
    48f8:	8b010322 	add	x2, x25, x1
    48fc:	8540c04b 	ld1rw	{z11.s}, p0/z, [x2]
    4900:	658b08c8 	fmul	z8.s, z6.s, z11.s
    4904:	a54040e5 	ld1w	{z5.s}, p0/z, [x7, x0, lsl #2]
    4908:	a54040c4 	ld1w	{z4.s}, p0/z, [x6, x0, lsl #2]
    490c:	a54040a9 	ld1w	{z9.s}, p0/z, [x5, x0, lsl #2]
    4910:	a540409c 	ld1w	{z28.s}, p0/z, [x4, x0, lsl #2]
    4914:	052010a6 	ext	z6.b, z6.b, z5.b, #4
    4918:	65880252 	fadd	z18.s, z18.s, z8.s
    491c:	658b0891 	fmul	z17.s, z4.s, z11.s
    4920:	658b08a8 	fmul	z8.s, z5.s, z11.s
    4924:	8b010101 	add	x1, x8, x1
    4928:	05201085 	ext	z5.b, z5.b, z4.b, #4
    492c:	8540c02a 	ld1rw	{z10.s}, p0/z, [x1]
    4930:	05201124 	ext	z4.b, z4.b, z9.b, #4
    4934:	91000800 	add	x0, x0, #0x2
    4938:	658a0884 	fmul	z4.s, z4.s, z10.s
    493c:	658800e7 	fadd	z7.s, z7.s, z8.s
    4940:	658a08c6 	fmul	z6.s, z6.s, z10.s
    4944:	658a08a8 	fmul	z8.s, z5.s, z10.s
    4948:	658b0929 	fmul	z9.s, z9.s, z11.s
    494c:	65910205 	fadd	z5.s, z16.s, z17.s
    4950:	65890063 	fadd	z3.s, z3.s, z9.s
    4954:	658400b0 	fadd	z16.s, z5.s, z4.s
    4958:	65860252 	fadd	z18.s, z18.s, z6.s
    495c:	658a0b84 	fmul	z4.s, z28.s, z10.s
    4960:	658800e7 	fadd	z7.s, z7.s, z8.s
    4964:	65840063 	fadd	z3.s, z3.s, z4.s
    4968:	6b0002ff 	cmp	w23, w0
    496c:	54fffc2c 	b.gt	48f0 <conv_sve_rowquad+0x133c>
    4970:	f94067e0 	ldr	x0, [sp, #200]
    4974:	8b000322 	add	x2, x25, x0
    4978:	b9409be0 	ldr	w0, [sp, #152]
    497c:	6b1b001f 	cmp	w0, w27
    4980:	5400060a 	b.ge	4a40 <conv_sve_rowquad+0x148c>  // b.tcont
    4984:	f9407be0 	ldr	x0, [sp, #240]
    4988:	8540c044 	ld1rw	{z4.s}, p0/z, [x2]
    498c:	8b000064 	add	x4, x3, x0
    4990:	a540a086 	ld1w	{z6.s}, p0/z, [x4]
    4994:	f94077e0 	ldr	x0, [sp, #232]
    4998:	658408c6 	fmul	z6.s, z6.s, z4.s
    499c:	658600e7 	fadd	z7.s, z7.s, z6.s
    49a0:	8b000061 	add	x1, x3, x0
    49a4:	a540a025 	ld1w	{z5.s}, p0/z, [x1]
    49a8:	f94073e0 	ldr	x0, [sp, #224]
    49ac:	658408a5 	fmul	z5.s, z5.s, z4.s
    49b0:	65850210 	fadd	z16.s, z16.s, z5.s
    49b4:	f94067e1 	ldr	x1, [sp, #200]
    49b8:	8b000060 	add	x0, x3, x0
    49bc:	a540a006 	ld1w	{z6.s}, p0/z, [x0]
    49c0:	658408c6 	fmul	z6.s, z6.s, z4.s
    49c4:	65860063 	fadd	z3.s, z3.s, z6.s
    49c8:	8b010060 	add	x0, x3, x1
    49cc:	a540a005 	ld1w	{z5.s}, p0/z, [x0]
    49d0:	b940a3e0 	ldr	w0, [sp, #160]
    49d4:	658408a4 	fmul	z4.s, z5.s, z4.s
    49d8:	65840252 	fadd	z18.s, z18.s, z4.s
    49dc:	6b00037f 	cmp	w27, w0
    49e0:	5400030d 	b.le	4a40 <conv_sve_rowquad+0x148c>
    49e4:	91001021 	add	x1, x1, #0x4
    49e8:	93407c00 	sxtw	x0, w0
    49ec:	8b010322 	add	x2, x25, x1
    49f0:	8b010061 	add	x1, x3, x1
    49f4:	a540a026 	ld1w	{z6.s}, p0/z, [x1]
    49f8:	f94057e1 	ldr	x1, [sp, #168]
    49fc:	8540c044 	ld1rw	{z4.s}, p0/z, [x2]
    4a00:	658408c6 	fmul	z6.s, z6.s, z4.s
    4a04:	f94063e2 	ldr	x2, [sp, #192]
    4a08:	65860252 	fadd	z18.s, z18.s, z6.s
    4a0c:	8b000021 	add	x1, x1, x0
    4a10:	a5414065 	ld1w	{z5.s}, p0/z, [x3, x1, lsl #2]
    4a14:	f9405be1 	ldr	x1, [sp, #176]
    4a18:	658408a5 	fmul	z5.s, z5.s, z4.s
    4a1c:	658500e7 	fadd	z7.s, z7.s, z5.s
    4a20:	8b000021 	add	x1, x1, x0
    4a24:	8b000040 	add	x0, x2, x0
    4a28:	a5414066 	ld1w	{z6.s}, p0/z, [x3, x1, lsl #2]
    4a2c:	a5404065 	ld1w	{z5.s}, p0/z, [x3, x0, lsl #2]
    4a30:	658408c6 	fmul	z6.s, z6.s, z4.s
    4a34:	658408a4 	fmul	z4.s, z5.s, z4.s
    4a38:	65860210 	fadd	z16.s, z16.s, z6.s
    4a3c:	65840063 	fadd	z3.s, z3.s, z4.s
    4a40:	9108a3e0 	add	x0, sp, #0x228
    4a44:	b941e7e9 	ldr	w9, [sp, #484]
    4a48:	f9405fe2 	ldr	x2, [sp, #184]
    4a4c:	0430e3e9 	incb	x9
    4a50:	a9401408 	ldp	x8, x5, [x0]
    4a54:	b901e7e9 	str	w9, [sp, #484]
    4a58:	a9411c06 	ldp	x6, x7, [x0, #16]
    4a5c:	f94083e3 	ldr	x3, [sp, #256]
    4a60:	8b0200a1 	add	x1, x5, x2
    4a64:	e540e039 	st1w	{z25.s}, p0, [x1]
    4a68:	f940ebe4 	ldr	x4, [sp, #464]
    4a6c:	8b0200c0 	add	x0, x6, x2
    4a70:	e540e018 	st1w	{z24.s}, p0, [x0]
    4a74:	8b0200e1 	add	x1, x7, x2
    4a78:	8b020100 	add	x0, x8, x2
    4a7c:	e540e037 	st1w	{z23.s}, p0, [x1]
    4a80:	8b0300a1 	add	x1, x5, x3
    4a84:	e540e012 	st1w	{z18.s}, p0, [x0]
    4a88:	8b0300c0 	add	x0, x6, x3
    4a8c:	e540e03a 	st1w	{z26.s}, p0, [x1]
    4a90:	8b0300e1 	add	x1, x7, x3
    4a94:	e540e015 	st1w	{z21.s}, p0, [x0]
    4a98:	8b030100 	add	x0, x8, x3
    4a9c:	e540e033 	st1w	{z19.s}, p0, [x1]
    4aa0:	8b0400a1 	add	x1, x5, x4
    4aa4:	e540e007 	st1w	{z7.s}, p0, [x0]
    4aa8:	8b0400c0 	add	x0, x6, x4
    4aac:	e540e03b 	st1w	{z27.s}, p0, [x1]
    4ab0:	8b0400e1 	add	x1, x7, x4
    4ab4:	e540e016 	st1w	{z22.s}, p0, [x0]
    4ab8:	8b040100 	add	x0, x8, x4
    4abc:	e540e034 	st1w	{z20.s}, p0, [x1]
    4ac0:	f9408be1 	ldr	x1, [sp, #272]
    4ac4:	e540e010 	st1w	{z16.s}, p0, [x0]
    4ac8:	b9425be0 	ldr	w0, [sp, #600]
    4acc:	4b090013 	sub	w19, w0, w9
    4ad0:	8b0100a0 	add	x0, x5, x1
    4ad4:	e540e001 	st1w	{z1.s}, p0, [x0]
    4ad8:	8b0100c0 	add	x0, x6, x1
    4adc:	e540e002 	st1w	{z2.s}, p0, [x0]
    4ae0:	8b0100e0 	add	x0, x7, x1
    4ae4:	e540e000 	st1w	{z0.s}, p0, [x0]
    4ae8:	8b010100 	add	x0, x8, x1
    4aec:	e540e003 	st1w	{z3.s}, p0, [x0]
    4af0:	f940bfe0 	ldr	x0, [sp, #376]
    4af4:	8b160000 	add	x0, x0, x22
    4af8:	f900bfe0 	str	x0, [sp, #376]
    4afc:	f940bbe0 	ldr	x0, [sp, #368]
    4b00:	8b160000 	add	x0, x0, x22
    4b04:	f900bbe0 	str	x0, [sp, #368]
    4b08:	f940b7e0 	ldr	x0, [sp, #360]
    4b0c:	8b160000 	add	x0, x0, x22
    4b10:	f900b7e0 	str	x0, [sp, #360]
    4b14:	f940b3e0 	ldr	x0, [sp, #352]
    4b18:	f94133e5 	ldr	x5, [sp, #608]
    4b1c:	8b160000 	add	x0, x0, x22
    4b20:	f900b3e0 	str	x0, [sp, #352]
    4b24:	f94093e0 	ldr	x0, [sp, #288]
    4b28:	8b160000 	add	x0, x0, x22
    4b2c:	f90093e0 	str	x0, [sp, #288]
    4b30:	f94097e0 	ldr	x0, [sp, #296]
    4b34:	8b160000 	add	x0, x0, x22
    4b38:	f90097e0 	str	x0, [sp, #296]
    4b3c:	f940afe0 	ldr	x0, [sp, #344]
    4b40:	8b160000 	add	x0, x0, x22
    4b44:	f900afe0 	str	x0, [sp, #344]
    4b48:	f9409be0 	ldr	x0, [sp, #304]
    4b4c:	8b160000 	add	x0, x0, x22
    4b50:	f9009be0 	str	x0, [sp, #304]
    4b54:	f9409fe0 	ldr	x0, [sp, #312]
    4b58:	8b160000 	add	x0, x0, x22
    4b5c:	f9009fe0 	str	x0, [sp, #312]
    4b60:	f940a3e0 	ldr	x0, [sp, #320]
    4b64:	8b160000 	add	x0, x0, x22
    4b68:	f900a3e0 	str	x0, [sp, #320]
    4b6c:	f940abe0 	ldr	x0, [sp, #336]
    4b70:	8b160000 	add	x0, x0, x22
    4b74:	f900abe0 	str	x0, [sp, #336]
    4b78:	f9408fe0 	ldr	x0, [sp, #280]
    4b7c:	8b160000 	add	x0, x0, x22
    4b80:	f9008fe0 	str	x0, [sp, #280]
    4b84:	f94087e0 	ldr	x0, [sp, #264]
    4b88:	8b050000 	add	x0, x0, x5
    4b8c:	f90087e0 	str	x0, [sp, #264]
    4b90:	f940a7e0 	ldr	x0, [sp, #328]
    4b94:	8b160000 	add	x0, x0, x22
    4b98:	f900a7e0 	str	x0, [sp, #328]
    4b9c:	f940c3e0 	ldr	x0, [sp, #384]
    4ba0:	8b160000 	add	x0, x0, x22
    4ba4:	f900c3e0 	str	x0, [sp, #384]
    4ba8:	f940c7e0 	ldr	x0, [sp, #392]
    4bac:	8b160000 	add	x0, x0, x22
    4bb0:	f900c7e0 	str	x0, [sp, #392]
    4bb4:	f940cbe0 	ldr	x0, [sp, #400]
    4bb8:	8b160000 	add	x0, x0, x22
    4bbc:	f900cbe0 	str	x0, [sp, #400]
    4bc0:	f940cfe0 	ldr	x0, [sp, #408]
    4bc4:	8b160000 	add	x0, x0, x22
    4bc8:	f900cfe0 	str	x0, [sp, #408]
    4bcc:	f940d3e0 	ldr	x0, [sp, #416]
    4bd0:	8b160000 	add	x0, x0, x22
    4bd4:	f900d3e0 	str	x0, [sp, #416]
    4bd8:	f940d7e0 	ldr	x0, [sp, #424]
    4bdc:	8b160000 	add	x0, x0, x22
    4be0:	f900d7e0 	str	x0, [sp, #424]
    4be4:	f940dbe0 	ldr	x0, [sp, #432]
    4be8:	8b160000 	add	x0, x0, x22
    4bec:	f900dbe0 	str	x0, [sp, #432]
    4bf0:	f940dfe0 	ldr	x0, [sp, #440]
    4bf4:	8b160000 	add	x0, x0, x22
    4bf8:	f900dfe0 	str	x0, [sp, #440]
    4bfc:	f940e3e0 	ldr	x0, [sp, #448]
    4c00:	8b160000 	add	x0, x0, x22
    4c04:	f900e3e0 	str	x0, [sp, #448]
    4c08:	f940e7e0 	ldr	x0, [sp, #456]
    4c0c:	8b160000 	add	x0, x0, x22
    4c10:	f900e7e0 	str	x0, [sp, #456]
    4c14:	8b160040 	add	x0, x2, x22
    4c18:	f9005fe0 	str	x0, [sp, #184]
    4c1c:	8b160060 	add	x0, x3, x22
    4c20:	f90083e0 	str	x0, [sp, #256]
    4c24:	8b160080 	add	x0, x4, x22
    4c28:	f900ebe0 	str	x0, [sp, #464]
    4c2c:	8b160020 	add	x0, x1, x22
    4c30:	f9008be0 	str	x0, [sp, #272]
    4c34:	0420e3e0 	cntb	x0
    4c38:	6b00027f 	cmp	w19, w0
    4c3c:	54ff68aa 	b.ge	3950 <conv_sve_rowquad+0x39c>  // b.tcont
    4c40:	a9456bf9 	ldp	x25, x26, [sp, #80]
    4c44:	6d4727e8 	ldp	d8, d9, [sp, #112]
    4c48:	6d482fea 	ldp	d10, d11, [sp, #128]
    4c4c:	b941e7e1 	ldr	w1, [sp, #484]
    4c50:	b9425be0 	ldr	w0, [sp, #600]
    4c54:	6b01001f 	cmp	w0, w1
    4c58:	5400050c 	b.gt	4cf8 <conv_sve_rowquad+0x1744>
    4c5c:	a9417bfd 	ldp	x29, x30, [sp, #16]
    4c60:	a94253f3 	ldp	x19, x20, [sp, #32]
    4c64:	a9435bf5 	ldp	x21, x22, [sp, #48]
    4c68:	a94463f7 	ldp	x23, x24, [sp, #64]
    4c6c:	a94673fb 	ldp	x27, x28, [sp, #96]
    4c70:	910bc3ff 	add	sp, sp, #0x2f0
    4c74:	d65f03c0 	ret
    4c78:	f9405fe0 	ldr	x0, [sp, #184]
    4c7c:	f94137e1 	ldr	x1, [sp, #616]
    4c80:	8b010003 	add	x3, x0, x1
    4c84:	710002ff 	cmp	w23, #0x0
    4c88:	54ffe2ac 	b.gt	48dc <conv_sve_rowquad+0x1328>
    4c8c:	17ffff6d 	b	4a40 <conv_sve_rowquad+0x148c>
    4c90:	25b8c000 	mov	z0.s, #0
    4c94:	04603014 	mov	z20.d, z0.d
    4c98:	04603013 	mov	z19.d, z0.d
    4c9c:	04603017 	mov	z23.d, z0.d
    4ca0:	17fffc5f 	b	3e1c <conv_sve_rowquad+0x868>
    4ca4:	7100037f 	cmp	w27, #0x0
    4ca8:	5400096d 	b.le	4dd4 <conv_sve_rowquad+0x1820>
    4cac:	25b8c019 	mov	z25.s, #0
    4cb0:	0479333b 	mov	z27.d, z25.d
    4cb4:	04793321 	mov	z1.d, z25.d
    4cb8:	0479333a 	mov	z26.d, z25.d
    4cbc:	b9009bff 	str	wzr, [sp, #152]
    4cc0:	17fffb56 	b	3a18 <conv_sve_rowquad+0x464>
    4cc4:	f9405fe0 	ldr	x0, [sp, #184]
    4cc8:	f9415fe1 	ldr	x1, [sp, #696]
    4ccc:	8b010001 	add	x1, x0, x1
    4cd0:	f94177e0 	ldr	x0, [sp, #744]
    4cd4:	17fffb6f 	b	3a90 <conv_sve_rowquad+0x4dc>
    4cd8:	11000441 	add	w1, w2, #0x1
    4cdc:	b900a3e1 	str	w1, [sp, #160]
    4ce0:	17fffbf3 	b	3cac <conv_sve_rowquad+0x6f8>
    4ce4:	25b8c002 	mov	z2.s, #0
    4ce8:	04623056 	mov	z22.d, z2.d
    4cec:	04623055 	mov	z21.d, z2.d
    4cf0:	04623058 	mov	z24.d, z2.d
    4cf4:	17fffba8 	b	3b94 <conv_sve_rowquad+0x5e0>
    4cf8:	937e7c35 	sbfiz	x21, x1, #2, #32
    4cfc:	93407c34 	sxtw	x20, w1
    4d00:	f94123e1 	ldr	x1, [sp, #576]
    4d04:	b90003f3 	str	w19, [sp]
    4d08:	f9407ff7 	ldr	x23, [sp, #248]
    4d0c:	8b150027 	add	x7, x1, x21
    4d10:	f9411fe1 	ldr	x1, [sp, #568]
    4d14:	8b1502e0 	add	x0, x23, x21
    4d18:	f94173f6 	ldr	x22, [sp, #736]
    4d1c:	8b150026 	add	x6, x1, x21
    4d20:	f9411be1 	ldr	x1, [sp, #560]
    4d24:	2a1b03e4 	mov	w4, w27
    4d28:	b941e3f8 	ldr	w24, [sp, #480]
    4d2c:	aa1c03e2 	mov	x2, x28
    4d30:	8b150025 	add	x5, x1, x21
    4d34:	aa1603e1 	mov	x1, x22
    4d38:	2a1803e3 	mov	w3, w24
    4d3c:	97fff626 	bl	25d4 <conv_sve_rowtriple>
    4d40:	8b1606c0 	add	x0, x22, x22, lsl #1
    4d44:	aa1603e1 	mov	x1, x22
    4d48:	f94117e2 	ldr	x2, [sp, #552]
    4d4c:	8b140000 	add	x0, x0, x20
    4d50:	2a1303e6 	mov	w6, w19
    4d54:	2a1b03e4 	mov	w4, w27
    4d58:	8b150045 	add	x5, x2, x21
    4d5c:	2a1803e3 	mov	w3, w24
    4d60:	8b000ae0 	add	x0, x23, x0, lsl #2
    4d64:	aa1c03e2 	mov	x2, x28
    4d68:	a9417bfd 	ldp	x29, x30, [sp, #16]
    4d6c:	a94253f3 	ldp	x19, x20, [sp, #32]
    4d70:	a9435bf5 	ldp	x21, x22, [sp, #48]
    4d74:	a94463f7 	ldp	x23, x24, [sp, #64]
    4d78:	a94673fb 	ldp	x27, x28, [sp, #96]
    4d7c:	910bc3ff 	add	sp, sp, #0x2f0
    4d80:	17ffed6c 	b	330 <conv_sve_prefix>
    4d84:	b9425bf3 	ldr	w19, [sp, #600]
    4d88:	b90003f3 	str	w19, [sp]
    4d8c:	97fff612 	bl	25d4 <conv_sve_rowtriple>
    4d90:	2a1303e6 	mov	w6, w19
    4d94:	2a1b03e4 	mov	w4, w27
    4d98:	aa1c03e2 	mov	x2, x28
    4d9c:	b941e3e3 	ldr	w3, [sp, #480]
    4da0:	a9417bfd 	ldp	x29, x30, [sp, #16]
    4da4:	a94253f3 	ldp	x19, x20, [sp, #32]
    4da8:	a94673fb 	ldp	x27, x28, [sp, #96]
    4dac:	f94173e1 	ldr	x1, [sp, #736]
    4db0:	f9407fe7 	ldr	x7, [sp, #248]
    4db4:	f94117e5 	ldr	x5, [sp, #552]
    4db8:	8b010420 	add	x0, x1, x1, lsl #1
    4dbc:	910bc3ff 	add	sp, sp, #0x2f0
    4dc0:	8b0008e0 	add	x0, x7, x0, lsl #2
    4dc4:	17ffed5b 	b	330 <conv_sve_prefix>
    4dc8:	2a0903f3 	mov	w19, w9
    4dcc:	b901e7ff 	str	wzr, [sp, #484]
    4dd0:	17ffff9f 	b	4c4c <conv_sve_rowquad+0x1698>
    4dd4:	25b8c002 	mov	z2.s, #0
    4dd8:	52800021 	mov	w1, #0x1                   	// #1
    4ddc:	d2800000 	mov	x0, #0x0                   	// #0
    4de0:	04623056 	mov	z22.d, z2.d
    4de4:	04623055 	mov	z21.d, z2.d
    4de8:	04623059 	mov	z25.d, z2.d
    4dec:	0462305b 	mov	z27.d, z2.d
    4df0:	04623041 	mov	z1.d, z2.d
    4df4:	04623058 	mov	z24.d, z2.d
    4df8:	0462305a 	mov	z26.d, z2.d
    4dfc:	b9009bff 	str	wzr, [sp, #152]
    4e00:	b900a3e1 	str	w1, [sp, #160]
    4e04:	17fffbaa 	b	3cac <conv_sve_rowquad+0x6f8>
    4e08:	d503201f 	nop
    4e0c:	d503201f 	nop

0000000000004e10 <conv2d._omp_fn.0>:
    4e10:	d10283ff 	sub	sp, sp, #0xa0
    4e14:	a9017bfd 	stp	x29, x30, [sp, #16]
    4e18:	910043fd 	add	x29, sp, #0x10
    4e1c:	a90463f7 	stp	x23, x24, [sp, #64]
    4e20:	aa0003f8 	mov	x24, x0
    4e24:	a90253f3 	stp	x19, x20, [sp, #32]
    4e28:	a9035bf5 	stp	x21, x22, [sp, #48]
    4e2c:	94000000 	bl	0 <omp_get_num_threads>
    4e30:	2a0003f4 	mov	w20, w0
    4e34:	94000000 	bl	0 <omp_get_thread_num>
    4e38:	2a0003f3 	mov	w19, w0
    4e3c:	b9403300 	ldr	w0, [x24, #48]
    4e40:	1ad40c16 	sdiv	w22, w0, w20
    4e44:	1b1482c1 	msub	w1, w22, w20, w0
    4e48:	6b01027f 	cmp	w19, w1
    4e4c:	54000c6b 	b.lt	4fd8 <conv2d._omp_fn.0+0x1c8>  // b.tstop
    4e50:	1b1306d3 	madd	w19, w22, w19, w1
    4e54:	0b1302c0 	add	w0, w22, w19
    4e58:	b9007fe0 	str	w0, [sp, #124]
    4e5c:	6b00027f 	cmp	w19, w0
    4e60:	5400080a 	b.ge	4f60 <conv2d._omp_fn.0+0x150>  // b.tcont
    4e64:	29455f15 	ldp	w21, w23, [x24, #40]
    4e68:	a90673fb 	stp	x27, x28, [sp, #96]
    4e6c:	531e7660 	lsl	w0, w19, #2
    4e70:	a9416f03 	ldp	x3, x27, [x24, #16]
    4e74:	93407c14 	sxtw	x20, w0
    4e78:	93407ee9 	sxtw	x9, w23
    4e7c:	937e7ee1 	sbfiz	x1, x23, #2, #32
    4e80:	a9400b04 	ldp	x4, x2, [x24]
    4e84:	4b0002b5 	sub	w21, w21, w0
    4e88:	9b092689 	madd	x9, x20, x9, x9
    4e8c:	937d7ee0 	sbfiz	x0, x23, #3, #32
    4e90:	9b147f68 	mul	x8, x27, x20
    4e94:	937c7efc 	sbfiz	x28, x23, #4, #32
    4e98:	9b140c34 	madd	x20, x1, x20, x3
    4e9c:	a9056bf9 	stp	x25, x26, [sp, #80]
    4ea0:	8b090876 	add	x22, x3, x9, lsl #2
    4ea4:	2944671a 	ldp	w26, w25, [x24, #32]
    4ea8:	8b080898 	add	x24, x4, x8, lsl #2
    4eac:	a90907e0 	stp	x0, x1, [sp, #144]
    4eb0:	d37cef60 	lsl	x0, x27, #4
    4eb4:	f90043e0 	str	x0, [sp, #128]
    4eb8:	14000016 	b	4f10 <conv2d._omp_fn.0+0x100>
    4ebc:	54000740 	b.eq	4fa4 <conv2d._omp_fn.0+0x194>  // b.none
    4ec0:	71000abf 	cmp	w21, #0x2
    4ec4:	540005a0 	b.eq	4f78 <conv2d._omp_fn.0+0x168>  // b.none
    4ec8:	2a1703e6 	mov	w6, w23
    4ecc:	aa1403e5 	mov	x5, x20
    4ed0:	2a1903e4 	mov	w4, w25
    4ed4:	2a1a03e3 	mov	w3, w26
    4ed8:	aa1b03e1 	mov	x1, x27
    4edc:	aa1803e0 	mov	x0, x24
    4ee0:	f90047e2 	str	x2, [sp, #136]
    4ee4:	97ffed13 	bl	330 <conv_sve_prefix>
    4ee8:	f94047e2 	ldr	x2, [sp, #136]
    4eec:	11000673 	add	w19, w19, #0x1
    4ef0:	f94043e0 	ldr	x0, [sp, #128]
    4ef4:	510012b5 	sub	w21, w21, #0x4
    4ef8:	8b1c0294 	add	x20, x20, x28
    4efc:	8b1c02d6 	add	x22, x22, x28
    4f00:	8b000318 	add	x24, x24, x0
    4f04:	b9407fe0 	ldr	w0, [sp, #124]
    4f08:	6b13001f 	cmp	w0, w19
    4f0c:	54000260 	b.eq	4f58 <conv2d._omp_fn.0+0x148>  // b.none
    4f10:	71000ebf 	cmp	w21, #0x3
    4f14:	54fffd4d 	b.le	4ebc <conv2d._omp_fn.0+0xac>
    4f18:	f9404be0 	ldr	x0, [sp, #144]
    4f1c:	b9000bf7 	str	w23, [sp, #8]
    4f20:	aa1603e6 	mov	x6, x22
    4f24:	aa1403e5 	mov	x5, x20
    4f28:	8b140007 	add	x7, x0, x20
    4f2c:	2a1903e4 	mov	w4, w25
    4f30:	f9404fe0 	ldr	x0, [sp, #152]
    4f34:	2a1a03e3 	mov	w3, w26
    4f38:	aa1b03e1 	mov	x1, x27
    4f3c:	f90047e2 	str	x2, [sp, #136]
    4f40:	8b070000 	add	x0, x0, x7
    4f44:	f90003e0 	str	x0, [sp]
    4f48:	aa1803e0 	mov	x0, x24
    4f4c:	97fff99a 	bl	35b4 <conv_sve_rowquad>
    4f50:	f94047e2 	ldr	x2, [sp, #136]
    4f54:	17ffffe6 	b	4eec <conv2d._omp_fn.0+0xdc>
    4f58:	a9456bf9 	ldp	x25, x26, [sp, #80]
    4f5c:	a94673fb 	ldp	x27, x28, [sp, #96]
    4f60:	a9417bfd 	ldp	x29, x30, [sp, #16]
    4f64:	a94253f3 	ldp	x19, x20, [sp, #32]
    4f68:	a9435bf5 	ldp	x21, x22, [sp, #48]
    4f6c:	a94463f7 	ldp	x23, x24, [sp, #64]
    4f70:	910283ff 	add	sp, sp, #0xa0
    4f74:	d65f03c0 	ret
    4f78:	2a1703e7 	mov	w7, w23
    4f7c:	aa1603e6 	mov	x6, x22
    4f80:	aa1403e5 	mov	x5, x20
    4f84:	2a1903e4 	mov	w4, w25
    4f88:	2a1a03e3 	mov	w3, w26
    4f8c:	aa1b03e1 	mov	x1, x27
    4f90:	aa1803e0 	mov	x0, x24
    4f94:	f90047e2 	str	x2, [sp, #136]
    4f98:	97fff39a 	bl	1e00 <conv_sve_rowpair>
    4f9c:	f94047e2 	ldr	x2, [sp, #136]
    4fa0:	17ffffd3 	b	4eec <conv2d._omp_fn.0+0xdc>
    4fa4:	f9404be0 	ldr	x0, [sp, #144]
    4fa8:	b90003f7 	str	w23, [sp]
    4fac:	aa1603e6 	mov	x6, x22
    4fb0:	aa1403e5 	mov	x5, x20
    4fb4:	8b140007 	add	x7, x0, x20
    4fb8:	2a1903e4 	mov	w4, w25
    4fbc:	2a1a03e3 	mov	w3, w26
    4fc0:	aa1b03e1 	mov	x1, x27
    4fc4:	aa1803e0 	mov	x0, x24
    4fc8:	f90047e2 	str	x2, [sp, #136]
    4fcc:	97fff582 	bl	25d4 <conv_sve_rowtriple>
    4fd0:	f94047e2 	ldr	x2, [sp, #136]
    4fd4:	17ffffc6 	b	4eec <conv2d._omp_fn.0+0xdc>
    4fd8:	110006d6 	add	w22, w22, #0x1
    4fdc:	52800001 	mov	w1, #0x0                   	// #0
    4fe0:	17ffff9c 	b	4e50 <conv2d._omp_fn.0+0x40>

0000000000004fe4 <conv2d>:
    4fe4:	7100009f 	cmp	w4, #0x0
    4fe8:	7a40c8a4 	ccmp	w5, #0x0, #0x4, gt
    4fec:	5400058d 	b.le	509c <conv2d+0xb8>
    4ff0:	a9b77bfd 	stp	x29, x30, [sp, #-144]!
    4ff4:	6b01009f 	cmp	w4, w1
    4ff8:	7a42d0a0 	ccmp	w5, w2, #0x0, le
    4ffc:	910003fd 	mov	x29, sp
    5000:	a90153f3 	stp	x19, x20, [sp, #16]
    5004:	2a0503f4 	mov	w20, w5
    5008:	a9025bf5 	stp	x21, x22, [sp, #32]
    500c:	2a0403f5 	mov	w21, w4
    5010:	540000ad 	b.le	5024 <conv2d+0x40>
    5014:	a94153f3 	ldp	x19, x20, [sp, #16]
    5018:	a9425bf5 	ldp	x21, x22, [sp, #32]
    501c:	a8c97bfd 	ldp	x29, x30, [sp], #144
    5020:	d65f03c0 	ret
    5024:	4b040021 	sub	w1, w1, w4
    5028:	a90363f7 	stp	x23, x24, [sp, #48]
    502c:	aa0003f8 	mov	x24, x0
    5030:	4b050040 	sub	w0, w2, w5
    5034:	aa0303f7 	mov	x23, x3
    5038:	aa0603f6 	mov	x22, x6
    503c:	11000433 	add	w19, w1, #0x1
    5040:	a9046bf9 	stp	x25, x26, [sp, #64]
    5044:	1100041a 	add	w26, w0, #0x1
    5048:	93407c59 	sxtw	x25, w2
    504c:	d2800200 	mov	x0, #0x10                  	// #16
    5050:	94000000 	bl	0 <getauxval>
    5054:	37b00260 	tbnz	w0, #22, 50a0 <conv2d+0xbc>
    5058:	910163e1 	add	x1, sp, #0x58
    505c:	52800003 	mov	w3, #0x0                   	// #0
    5060:	52800002 	mov	w2, #0x0                   	// #0
    5064:	90000000 	adrp	x0, 0 <conv_sve_tail>
    5068:	91000000 	add	x0, x0, #0x0
    506c:	a905dff8 	stp	x24, x23, [sp, #88]
    5070:	a906e7f6 	stp	x22, x25, [sp, #104]
    5074:	290f53f5 	stp	w21, w20, [sp, #120]
    5078:	29106bf3 	stp	w19, w26, [sp, #128]
    507c:	b9008bff 	str	wzr, [sp, #136]
    5080:	94000000 	bl	0 <GOMP_parallel>
    5084:	a94153f3 	ldp	x19, x20, [sp, #16]
    5088:	a9425bf5 	ldp	x21, x22, [sp, #32]
    508c:	a94363f7 	ldp	x23, x24, [sp, #48]
    5090:	a9446bf9 	ldp	x25, x26, [sp, #64]
    5094:	a8c97bfd 	ldp	x29, x30, [sp], #144
    5098:	d65f03c0 	ret
    509c:	d65f03c0 	ret
    50a0:	f240067f 	tst	x19, #0x3
    50a4:	13027e64 	asr	w4, w19, #2
    50a8:	1a840484 	cinc	w4, w4, ne  // ne = any
    50ac:	910163e1 	add	x1, sp, #0x58
    50b0:	52800003 	mov	w3, #0x0                   	// #0
    50b4:	52800002 	mov	w2, #0x0                   	// #0
    50b8:	90000000 	adrp	x0, 0 <conv_sve_tail>
    50bc:	91000000 	add	x0, x0, #0x0
    50c0:	a905dff8 	stp	x24, x23, [sp, #88]
    50c4:	a906e7f6 	stp	x22, x25, [sp, #104]
    50c8:	290f53f5 	stp	w21, w20, [sp, #120]
    50cc:	29106bf3 	stp	w19, w26, [sp, #128]
    50d0:	b9008be4 	str	w4, [sp, #136]
    50d4:	94000000 	bl	0 <GOMP_parallel>
    50d8:	a94153f3 	ldp	x19, x20, [sp, #16]
    50dc:	a9425bf5 	ldp	x21, x22, [sp, #32]
    50e0:	a94363f7 	ldp	x23, x24, [sp, #48]
    50e4:	a9446bf9 	ldp	x25, x26, [sp, #64]
    50e8:	a8c97bfd 	ldp	x29, x30, [sp], #144
    50ec:	d65f03c0 	ret
