{"allowed_cpu_count": 38, "allowed_cpus": [76, 77, 78, 79, 80, 81, 82, 83, 84, 85, 86, 87, 88, 89, 90, 91, 92, 93, 94, 95, 96, 97, 98, 99, 100, 101, 102, 103, 104, 105, 106, 107, 108, 109, 110, 111, 112, 113], "guard_pass": true, "host": "COMPUTE_NODE", "numa_nodes": ["node2"], "scheduler_job_id": "1582526"}
gcc (gcc for openEuler 3.0.2) 12.3.1
Copyright (C) 2022 Free Software Foundation, Inc.
This is free software; see the source for copying conditions.  There is NO
warranty; not even for MERCHANTABILITY or FITNESS FOR A PARTICULAR PURPOSE.

INSTRUMENTED_SOURCE_PASS kernel_hook=1 original_modified=0
SOURCE_FEATURES_PASS panel16=1 packedL16=1 has_budget=1 history_budget_bytes=4194304 panel8x16=1
MODE=micro THREADS=1 NARROW_VL=0 EXPECT_SVE16=1 EXPECT_PACKEDL16=1
PASS micro_cases=14 ordered_FMA_bitwise=1 prefix_padding_L_unchanged=1 history_unchanged=1
SOURCE_FEATURES_PASS panel16=1 packedL16=1 has_budget=1 history_budget_bytes=4194304 panel8x16=1
MODE=packed-micro THREADS=1 NARROW_VL=0 EXPECT_SVE16=1 EXPECT_PACKEDL16=1
PASS packed_micro_cases=14 ordered_FMA_bitwise=1 prefix_padding_L_unchanged=1 history_unchanged=1
SOURCE_FEATURES_PASS panel16=1 packedL16=1 has_budget=1 history_budget_bytes=4194304 panel8x16=1
MODE=wide-micro THREADS=1 NARROW_VL=0 EXPECT_SVE16=1 EXPECT_PACKEDL16=1
WIDE_MICRO_PASS start=0 lda=9 calls=1 arguments=1 bad=0 panel_stride=64
WIDE_MICRO_PASS start=0 lda=15 calls=1 arguments=1 bad=0 panel_stride=64
WIDE_MICRO_PASS start=1 lda=10 calls=1 arguments=1 bad=0 panel_stride=72
WIDE_MICRO_PASS start=1 lda=16 calls=1 arguments=1 bad=0 panel_stride=72
WIDE_MICRO_PASS start=7 lda=16 calls=1 arguments=1 bad=0 panel_stride=120
WIDE_MICRO_PASS start=7 lda=22 calls=1 arguments=1 bad=0 panel_stride=120
WIDE_MICRO_PASS start=8 lda=17 calls=1 arguments=1 bad=0 panel_stride=128
WIDE_MICRO_PASS start=8 lda=23 calls=1 arguments=1 bad=0 panel_stride=128
WIDE_MICRO_PASS start=9 lda=18 calls=1 arguments=1 bad=0 panel_stride=136
WIDE_MICRO_PASS start=9 lda=24 calls=1 arguments=1 bad=0 panel_stride=136
WIDE_MICRO_PASS start=15 lda=24 calls=1 arguments=1 bad=0 panel_stride=184
WIDE_MICRO_PASS start=15 lda=30 calls=1 arguments=1 bad=0 panel_stride=184
WIDE_MICRO_PASS start=16 lda=25 calls=1 arguments=1 bad=0 panel_stride=192
WIDE_MICRO_PASS start=16 lda=31 calls=1 arguments=1 bad=0 panel_stride=192
WIDE_MICRO_PASS start=255 lda=264 calls=1 arguments=1 bad=0 panel_stride=2104
WIDE_MICRO_PASS start=255 lda=270 calls=1 arguments=1 bad=0 panel_stride=2104
WIDE_MICRO_PASS start=256 lda=265 calls=1 arguments=1 bad=0 panel_stride=2112
WIDE_MICRO_PASS start=256 lda=271 calls=1 arguments=1 bad=0 panel_stride=2112
PASS wide_micro_cases=18 ordered_FMA_bitwise=1 prefix_padding_L_unchanged=1 two_panels_unchanged_outside_rows=1
SOURCE_FEATURES_PASS panel16=1 packedL16=1 has_budget=1 history_budget_bytes=4194304 panel8x16=1
MODE=full THREADS=1 NARROW_VL=0 EXPECT_SVE16=1 EXPECT_PACKEDL16=1
ALLOC_PASS m=1 n=1 small=1 wide_path=0 history_expected=0 history_calls=0 history_bytes=0 history_success=0 history_fail=0 x_calls=1 x_bytes=64 x_success=1 x_fail=0 kb_calls=0 kb_bytes=0 kb_success=0 kb_fail=0 total=1 injected=0 history_level=-1 x_level=1 kb_level=-1 shape_bad=0 x_each_worker_once=1
CASE_PASS m=1 n=1 sve16_entries=0 expected=0 old_entries=0 packed_entries=0 packed_expected=0 wide_entries=0 wide_expected=0 wrapper_entries=0 wrapper_expected=0
ARGUMENTS_PASS m=1 n=1 calls=0 bad=0 expected_panel_stride=8
ALLOC_PASS m=1 n=7 small=1 wide_path=0 history_expected=0 history_calls=0 history_bytes=0 history_success=0 history_fail=0 x_calls=1 x_bytes=64 x_success=1 x_fail=0 kb_calls=0 kb_bytes=0 kb_success=0 kb_fail=0 total=1 injected=0 history_level=-1 x_level=1 kb_level=-1 shape_bad=0 x_each_worker_once=1
CASE_PASS m=1 n=7 sve16_entries=0 expected=0 old_entries=0 packed_entries=0 packed_expected=0 wide_entries=0 wide_expected=0 wrapper_entries=0 wrapper_expected=0
ARGUMENTS_PASS m=1 n=7 calls=0 bad=0 expected_panel_stride=8
ALLOC_PASS m=1 n=8 small=1 wide_path=0 history_expected=0 history_calls=0 history_bytes=0 history_success=0 history_fail=0 x_calls=1 x_bytes=64 x_success=1 x_fail=0 kb_calls=0 kb_bytes=0 kb_success=0 kb_fail=0 total=1 injected=0 history_level=-1 x_level=1 kb_level=-1 shape_bad=0 x_each_worker_once=1
CASE_PASS m=1 n=8 sve16_entries=0 expected=0 old_entries=0 packed_entries=0 packed_expected=0 wide_entries=0 wide_expected=0 wrapper_entries=0 wrapper_expected=0
ARGUMENTS_PASS m=1 n=8 calls=0 bad=0 expected_panel_stride=8
ALLOC_PASS m=1 n=9 small=1 wide_path=0 history_expected=0 history_calls=0 history_bytes=0 history_success=0 history_fail=0 x_calls=1 x_bytes=64 x_success=1 x_fail=0 kb_calls=0 kb_bytes=0 kb_success=0 kb_fail=0 total=1 injected=0 history_level=-1 x_level=1 kb_level=-1 shape_bad=0 x_each_worker_once=1
CASE_PASS m=1 n=9 sve16_entries=0 expected=0 old_entries=0 packed_entries=0 packed_expected=0 wide_entries=0 wide_expected=0 wrapper_entries=0 wrapper_expected=0
ARGUMENTS_PASS m=1 n=9 calls=0 bad=0 expected_panel_stride=8
ALLOC_PASS m=1 n=17 small=1 wide_path=0 history_expected=0 history_calls=0 history_bytes=0 history_success=0 history_fail=0 x_calls=1 x_bytes=64 x_success=1 x_fail=0 kb_calls=0 kb_bytes=0 kb_success=0 kb_fail=0 total=1 injected=0 history_level=-1 x_level=1 kb_level=-1 shape_bad=0 x_each_worker_once=1
CASE_PASS m=1 n=17 sve16_entries=0 expected=0 old_entries=0 packed_entries=0 packed_expected=0 wide_entries=0 wide_expected=0 wrapper_entries=0 wrapper_expected=0
ARGUMENTS_PASS m=1 n=17 calls=0 bad=0 expected_panel_stride=8
ALLOC_PASS m=3 n=1 small=1 wide_path=0 history_expected=0 history_calls=0 history_bytes=0 history_success=0 history_fail=0 x_calls=1 x_bytes=192 x_success=1 x_fail=0 kb_calls=0 kb_bytes=0 kb_success=0 kb_fail=0 total=1 injected=0 history_level=-1 x_level=1 kb_level=-1 shape_bad=0 x_each_worker_once=1
CASE_PASS m=3 n=1 sve16_entries=0 expected=0 old_entries=0 packed_entries=0 packed_expected=0 wide_entries=0 wide_expected=0 wrapper_entries=0 wrapper_expected=0
ARGUMENTS_PASS m=3 n=1 calls=0 bad=0 expected_panel_stride=24
ALLOC_PASS m=3 n=7 small=1 wide_path=0 history_expected=0 history_calls=0 history_bytes=0 history_success=0 history_fail=0 x_calls=1 x_bytes=192 x_success=1 x_fail=0 kb_calls=0 kb_bytes=0 kb_success=0 kb_fail=0 total=1 injected=0 history_level=-1 x_level=1 kb_level=-1 shape_bad=0 x_each_worker_once=1
CASE_PASS m=3 n=7 sve16_entries=0 expected=0 old_entries=0 packed_entries=0 packed_expected=0 wide_entries=0 wide_expected=0 wrapper_entries=0 wrapper_expected=0
ARGUMENTS_PASS m=3 n=7 calls=0 bad=0 expected_panel_stride=24
ALLOC_PASS m=3 n=8 small=1 wide_path=0 history_expected=0 history_calls=0 history_bytes=0 history_success=0 history_fail=0 x_calls=1 x_bytes=192 x_success=1 x_fail=0 kb_calls=0 kb_bytes=0 kb_success=0 kb_fail=0 total=1 injected=0 history_level=-1 x_level=1 kb_level=-1 shape_bad=0 x_each_worker_once=1
CASE_PASS m=3 n=8 sve16_entries=0 expected=0 old_entries=0 packed_entries=0 packed_expected=0 wide_entries=0 wide_expected=0 wrapper_entries=0 wrapper_expected=0
ARGUMENTS_PASS m=3 n=8 calls=0 bad=0 expected_panel_stride=24
ALLOC_PASS m=3 n=9 small=1 wide_path=0 history_expected=0 history_calls=0 history_bytes=0 history_success=0 history_fail=0 x_calls=1 x_bytes=192 x_success=1 x_fail=0 kb_calls=0 kb_bytes=0 kb_success=0 kb_fail=0 total=1 injected=0 history_level=-1 x_level=1 kb_level=-1 shape_bad=0 x_each_worker_once=1
CASE_PASS m=3 n=9 sve16_entries=0 expected=0 old_entries=0 packed_entries=0 packed_expected=0 wide_entries=0 wide_expected=0 wrapper_entries=0 wrapper_expected=0
ARGUMENTS_PASS m=3 n=9 calls=0 bad=0 expected_panel_stride=24
ALLOC_PASS m=3 n=17 small=1 wide_path=0 history_expected=0 history_calls=0 history_bytes=0 history_success=0 history_fail=0 x_calls=1 x_bytes=192 x_success=1 x_fail=0 kb_calls=0 kb_bytes=0 kb_success=0 kb_fail=0 total=1 injected=0 history_level=-1 x_level=1 kb_level=-1 shape_bad=0 x_each_worker_once=1
CASE_PASS m=3 n=17 sve16_entries=0 expected=0 old_entries=0 packed_entries=0 packed_expected=0 wide_entries=0 wide_expected=0 wrapper_entries=0 wrapper_expected=0
ARGUMENTS_PASS m=3 n=17 calls=0 bad=0 expected_panel_stride=24
ALLOC_PASS m=4 n=1 small=1 wide_path=0 history_expected=0 history_calls=0 history_bytes=0 history_success=0 history_fail=0 x_calls=1 x_bytes=256 x_success=1 x_fail=0 kb_calls=0 kb_bytes=0 kb_success=0 kb_fail=0 total=1 injected=0 history_level=-1 x_level=1 kb_level=-1 shape_bad=0 x_each_worker_once=1
CASE_PASS m=4 n=1 sve16_entries=0 expected=0 old_entries=0 packed_entries=0 packed_expected=0 wide_entries=0 wide_expected=0 wrapper_entries=0 wrapper_expected=0
ARGUMENTS_PASS m=4 n=1 calls=0 bad=0 expected_panel_stride=32
ALLOC_PASS m=4 n=7 small=1 wide_path=0 history_expected=0 history_calls=0 history_bytes=0 history_success=0 history_fail=0 x_calls=1 x_bytes=256 x_success=1 x_fail=0 kb_calls=0 kb_bytes=0 kb_success=0 kb_fail=0 total=1 injected=0 history_level=-1 x_level=1 kb_level=-1 shape_bad=0 x_each_worker_once=1
CASE_PASS m=4 n=7 sve16_entries=0 expected=0 old_entries=0 packed_entries=0 packed_expected=0 wide_entries=0 wide_expected=0 wrapper_entries=0 wrapper_expected=0
ARGUMENTS_PASS m=4 n=7 calls=0 bad=0 expected_panel_stride=32
ALLOC_PASS m=4 n=8 small=1 wide_path=0 history_expected=0 history_calls=0 history_bytes=0 history_success=0 history_fail=0 x_calls=1 x_bytes=256 x_success=1 x_fail=0 kb_calls=0 kb_bytes=0 kb_success=0 kb_fail=0 total=1 injected=0 history_level=-1 x_level=1 kb_level=-1 shape_bad=0 x_each_worker_once=1
CASE_PASS m=4 n=8 sve16_entries=0 expected=0 old_entries=0 packed_entries=0 packed_expected=0 wide_entries=0 wide_expected=0 wrapper_entries=0 wrapper_expected=0
ARGUMENTS_PASS m=4 n=8 calls=0 bad=0 expected_panel_stride=32
ALLOC_PASS m=4 n=9 small=1 wide_path=0 history_expected=0 history_calls=0 history_bytes=0 history_success=0 history_fail=0 x_calls=1 x_bytes=256 x_success=1 x_fail=0 kb_calls=0 kb_bytes=0 kb_success=0 kb_fail=0 total=1 injected=0 history_level=-1 x_level=1 kb_level=-1 shape_bad=0 x_each_worker_once=1
CASE_PASS m=4 n=9 sve16_entries=0 expected=0 old_entries=0 packed_entries=0 packed_expected=0 wide_entries=0 wide_expected=0 wrapper_entries=0 wrapper_expected=0
ARGUMENTS_PASS m=4 n=9 calls=0 bad=0 expected_panel_stride=32
ALLOC_PASS m=4 n=17 small=1 wide_path=0 history_expected=0 history_calls=0 history_bytes=0 history_success=0 history_fail=0 x_calls=1 x_bytes=256 x_success=1 x_fail=0 kb_calls=0 kb_bytes=0 kb_success=0 kb_fail=0 total=1 injected=0 history_level=-1 x_level=1 kb_level=-1 shape_bad=0 x_each_worker_once=1
CASE_PASS m=4 n=17 sve16_entries=0 expected=0 old_entries=0 packed_entries=0 packed_expected=0 wide_entries=0 wide_expected=0 wrapper_entries=0 wrapper_expected=0
ARGUMENTS_PASS m=4 n=17 calls=0 bad=0 expected_panel_stride=32
ALLOC_PASS m=5 n=1 small=1 wide_path=0 history_expected=0 history_calls=0 history_bytes=0 history_success=0 history_fail=0 x_calls=1 x_bytes=320 x_success=1 x_fail=0 kb_calls=0 kb_bytes=0 kb_success=0 kb_fail=0 total=1 injected=0 history_level=-1 x_level=1 kb_level=-1 shape_bad=0 x_each_worker_once=1
CASE_PASS m=5 n=1 sve16_entries=0 expected=0 old_entries=0 packed_entries=0 packed_expected=0 wide_entries=0 wide_expected=0 wrapper_entries=0 wrapper_expected=0
ARGUMENTS_PASS m=5 n=1 calls=0 bad=0 expected_panel_stride=40
ALLOC_PASS m=5 n=7 small=1 wide_path=0 history_expected=0 history_calls=0 history_bytes=0 history_success=0 history_fail=0 x_calls=1 x_bytes=320 x_success=1 x_fail=0 kb_calls=0 kb_bytes=0 kb_success=0 kb_fail=0 total=1 injected=0 history_level=-1 x_level=1 kb_level=-1 shape_bad=0 x_each_worker_once=1
CASE_PASS m=5 n=7 sve16_entries=0 expected=0 old_entries=0 packed_entries=0 packed_expected=0 wide_entries=0 wide_expected=0 wrapper_entries=0 wrapper_expected=0
ARGUMENTS_PASS m=5 n=7 calls=0 bad=0 expected_panel_stride=40
ALLOC_PASS m=5 n=8 small=1 wide_path=0 history_expected=0 history_calls=0 history_bytes=0 history_success=0 history_fail=0 x_calls=1 x_bytes=320 x_success=1 x_fail=0 kb_calls=0 kb_bytes=0 kb_success=0 kb_fail=0 total=1 injected=0 history_level=-1 x_level=1 kb_level=-1 shape_bad=0 x_each_worker_once=1
CASE_PASS m=5 n=8 sve16_entries=0 expected=0 old_entries=0 packed_entries=0 packed_expected=0 wide_entries=0 wide_expected=0 wrapper_entries=0 wrapper_expected=0
ARGUMENTS_PASS m=5 n=8 calls=0 bad=0 expected_panel_stride=40
ALLOC_PASS m=5 n=9 small=1 wide_path=0 history_expected=0 history_calls=0 history_bytes=0 history_success=0 history_fail=0 x_calls=1 x_bytes=320 x_success=1 x_fail=0 kb_calls=0 kb_bytes=0 kb_success=0 kb_fail=0 total=1 injected=0 history_level=-1 x_level=1 kb_level=-1 shape_bad=0 x_each_worker_once=1
CASE_PASS m=5 n=9 sve16_entries=0 expected=0 old_entries=0 packed_entries=0 packed_expected=0 wide_entries=0 wide_expected=0 wrapper_entries=0 wrapper_expected=0
ARGUMENTS_PASS m=5 n=9 calls=0 bad=0 expected_panel_stride=40
ALLOC_PASS m=5 n=17 small=1 wide_path=0 history_expected=0 history_calls=0 history_bytes=0 history_success=0 history_fail=0 x_calls=1 x_bytes=320 x_success=1 x_fail=0 kb_calls=0 kb_bytes=0 kb_success=0 kb_fail=0 total=1 injected=0 history_level=-1 x_level=1 kb_level=-1 shape_bad=0 x_each_worker_once=1
CASE_PASS m=5 n=17 sve16_entries=0 expected=0 old_entries=0 packed_entries=0 packed_expected=0 wide_entries=0 wide_expected=0 wrapper_entries=0 wrapper_expected=0
ARGUMENTS_PASS m=5 n=17 calls=0 bad=0 expected_panel_stride=40
ALLOC_PASS m=15 n=1 small=1 wide_path=0 history_expected=0 history_calls=0 history_bytes=0 history_success=0 history_fail=0 x_calls=1 x_bytes=960 x_success=1 x_fail=0 kb_calls=0 kb_bytes=0 kb_success=0 kb_fail=0 total=1 injected=0 history_level=-1 x_level=1 kb_level=-1 shape_bad=0 x_each_worker_once=1
CASE_PASS m=15 n=1 sve16_entries=0 expected=0 old_entries=0 packed_entries=0 packed_expected=0 wide_entries=0 wide_expected=0 wrapper_entries=0 wrapper_expected=0
ARGUMENTS_PASS m=15 n=1 calls=0 bad=0 expected_panel_stride=120
ALLOC_PASS m=15 n=7 small=1 wide_path=0 history_expected=0 history_calls=0 history_bytes=0 history_success=0 history_fail=0 x_calls=1 x_bytes=960 x_success=1 x_fail=0 kb_calls=0 kb_bytes=0 kb_success=0 kb_fail=0 total=1 injected=0 history_level=-1 x_level=1 kb_level=-1 shape_bad=0 x_each_worker_once=1
CASE_PASS m=15 n=7 sve16_entries=0 expected=0 old_entries=0 packed_entries=0 packed_expected=0 wide_entries=0 wide_expected=0 wrapper_entries=0 wrapper_expected=0
ARGUMENTS_PASS m=15 n=7 calls=0 bad=0 expected_panel_stride=120
ALLOC_PASS m=15 n=8 small=1 wide_path=0 history_expected=0 history_calls=0 history_bytes=0 history_success=0 history_fail=0 x_calls=1 x_bytes=960 x_success=1 x_fail=0 kb_calls=0 kb_bytes=0 kb_success=0 kb_fail=0 total=1 injected=0 history_level=-1 x_level=1 kb_level=-1 shape_bad=0 x_each_worker_once=1
CASE_PASS m=15 n=8 sve16_entries=0 expected=0 old_entries=0 packed_entries=0 packed_expected=0 wide_entries=0 wide_expected=0 wrapper_entries=0 wrapper_expected=0
ARGUMENTS_PASS m=15 n=8 calls=0 bad=0 expected_panel_stride=120
ALLOC_PASS m=15 n=9 small=1 wide_path=0 history_expected=0 history_calls=0 history_bytes=0 history_success=0 history_fail=0 x_calls=1 x_bytes=960 x_success=1 x_fail=0 kb_calls=0 kb_bytes=0 kb_success=0 kb_fail=0 total=1 injected=0 history_level=-1 x_level=1 kb_level=-1 shape_bad=0 x_each_worker_once=1
CASE_PASS m=15 n=9 sve16_entries=0 expected=0 old_entries=0 packed_entries=0 packed_expected=0 wide_entries=0 wide_expected=0 wrapper_entries=0 wrapper_expected=0
ARGUMENTS_PASS m=15 n=9 calls=0 bad=0 expected_panel_stride=120
ALLOC_PASS m=15 n=17 small=1 wide_path=0 history_expected=0 history_calls=0 history_bytes=0 history_success=0 history_fail=0 x_calls=1 x_bytes=960 x_success=1 x_fail=0 kb_calls=0 kb_bytes=0 kb_success=0 kb_fail=0 total=1 injected=0 history_level=-1 x_level=1 kb_level=-1 shape_bad=0 x_each_worker_once=1
CASE_PASS m=15 n=17 sve16_entries=0 expected=0 old_entries=0 packed_entries=0 packed_expected=0 wide_entries=0 wide_expected=0 wrapper_entries=0 wrapper_expected=0
ARGUMENTS_PASS m=15 n=17 calls=0 bad=0 expected_panel_stride=120
ALLOC_PASS m=16 n=1 small=1 wide_path=0 history_expected=0 history_calls=0 history_bytes=0 history_success=0 history_fail=0 x_calls=1 x_bytes=1024 x_success=1 x_fail=0 kb_calls=0 kb_bytes=0 kb_success=0 kb_fail=0 total=1 injected=0 history_level=-1 x_level=1 kb_level=-1 shape_bad=0 x_each_worker_once=1
CASE_PASS m=16 n=1 sve16_entries=1 expected=1 old_entries=1 packed_entries=0 packed_expected=0 wide_entries=0 wide_expected=0 wrapper_entries=0 wrapper_expected=0
ARGUMENTS_PASS m=16 n=1 calls=0 bad=0 expected_panel_stride=128
ALLOC_PASS m=16 n=7 small=1 wide_path=0 history_expected=0 history_calls=0 history_bytes=0 history_success=0 history_fail=0 x_calls=1 x_bytes=1024 x_success=1 x_fail=0 kb_calls=0 kb_bytes=0 kb_success=0 kb_fail=0 total=1 injected=0 history_level=-1 x_level=1 kb_level=-1 shape_bad=0 x_each_worker_once=1
CASE_PASS m=16 n=7 sve16_entries=1 expected=1 old_entries=1 packed_entries=0 packed_expected=0 wide_entries=0 wide_expected=0 wrapper_entries=0 wrapper_expected=0
ARGUMENTS_PASS m=16 n=7 calls=0 bad=0 expected_panel_stride=128
ALLOC_PASS m=16 n=8 small=1 wide_path=0 history_expected=0 history_calls=0 history_bytes=0 history_success=0 history_fail=0 x_calls=1 x_bytes=1024 x_success=1 x_fail=0 kb_calls=0 kb_bytes=0 kb_success=0 kb_fail=0 total=1 injected=0 history_level=-1 x_level=1 kb_level=-1 shape_bad=0 x_each_worker_once=1
CASE_PASS m=16 n=8 sve16_entries=1 expected=1 old_entries=1 packed_entries=0 packed_expected=0 wide_entries=0 wide_expected=0 wrapper_entries=0 wrapper_expected=0
ARGUMENTS_PASS m=16 n=8 calls=0 bad=0 expected_panel_stride=128
ALLOC_PASS m=16 n=9 small=1 wide_path=0 history_expected=0 history_calls=0 history_bytes=0 history_success=0 history_fail=0 x_calls=1 x_bytes=1024 x_success=1 x_fail=0 kb_calls=0 kb_bytes=0 kb_success=0 kb_fail=0 total=1 injected=0 history_level=-1 x_level=1 kb_level=-1 shape_bad=0 x_each_worker_once=1
CASE_PASS m=16 n=9 sve16_entries=2 expected=2 old_entries=2 packed_entries=0 packed_expected=0 wide_entries=0 wide_expected=0 wrapper_entries=0 wrapper_expected=0
ARGUMENTS_PASS m=16 n=9 calls=0 bad=0 expected_panel_stride=128
ALLOC_PASS m=16 n=17 small=1 wide_path=0 history_expected=0 history_calls=0 history_bytes=0 history_success=0 history_fail=0 x_calls=1 x_bytes=1024 x_success=1 x_fail=0 kb_calls=0 kb_bytes=0 kb_success=0 kb_fail=0 total=1 injected=0 history_level=-1 x_level=1 kb_level=-1 shape_bad=0 x_each_worker_once=1
CASE_PASS m=16 n=17 sve16_entries=3 expected=3 old_entries=3 packed_entries=0 packed_expected=0 wide_entries=0 wide_expected=0 wrapper_entries=0 wrapper_expected=0
ARGUMENTS_PASS m=16 n=17 calls=0 bad=0 expected_panel_stride=128
ALLOC_PASS m=17 n=1 small=1 wide_path=0 history_expected=0 history_calls=0 history_bytes=0 history_success=0 history_fail=0 x_calls=1 x_bytes=1088 x_success=1 x_fail=0 kb_calls=0 kb_bytes=0 kb_success=0 kb_fail=0 total=1 injected=0 history_level=-1 x_level=1 kb_level=-1 shape_bad=0 x_each_worker_once=1
CASE_PASS m=17 n=1 sve16_entries=1 expected=1 old_entries=1 packed_entries=0 packed_expected=0 wide_entries=0 wide_expected=0 wrapper_entries=0 wrapper_expected=0
ARGUMENTS_PASS m=17 n=1 calls=0 bad=0 expected_panel_stride=136
ALLOC_PASS m=17 n=7 small=1 wide_path=0 history_expected=0 history_calls=0 history_bytes=0 history_success=0 history_fail=0 x_calls=1 x_bytes=1088 x_success=1 x_fail=0 kb_calls=0 kb_bytes=0 kb_success=0 kb_fail=0 total=1 injected=0 history_level=-1 x_level=1 kb_level=-1 shape_bad=0 x_each_worker_once=1
CASE_PASS m=17 n=7 sve16_entries=1 expected=1 old_entries=1 packed_entries=0 packed_expected=0 wide_entries=0 wide_expected=0 wrapper_entries=0 wrapper_expected=0
ARGUMENTS_PASS m=17 n=7 calls=0 bad=0 expected_panel_stride=136
ALLOC_PASS m=17 n=8 small=1 wide_path=0 history_expected=0 history_calls=0 history_bytes=0 history_success=0 history_fail=0 x_calls=1 x_bytes=1088 x_success=1 x_fail=0 kb_calls=0 kb_bytes=0 kb_success=0 kb_fail=0 total=1 injected=0 history_level=-1 x_level=1 kb_level=-1 shape_bad=0 x_each_worker_once=1
CASE_PASS m=17 n=8 sve16_entries=1 expected=1 old_entries=1 packed_entries=0 packed_expected=0 wide_entries=0 wide_expected=0 wrapper_entries=0 wrapper_expected=0
ARGUMENTS_PASS m=17 n=8 calls=0 bad=0 expected_panel_stride=136
ALLOC_PASS m=17 n=9 small=1 wide_path=0 history_expected=0 history_calls=0 history_bytes=0 history_success=0 history_fail=0 x_calls=1 x_bytes=1088 x_success=1 x_fail=0 kb_calls=0 kb_bytes=0 kb_success=0 kb_fail=0 total=1 injected=0 history_level=-1 x_level=1 kb_level=-1 shape_bad=0 x_each_worker_once=1
CASE_PASS m=17 n=9 sve16_entries=2 expected=2 old_entries=2 packed_entries=0 packed_expected=0 wide_entries=0 wide_expected=0 wrapper_entries=0 wrapper_expected=0
ARGUMENTS_PASS m=17 n=9 calls=0 bad=0 expected_panel_stride=136
ALLOC_PASS m=17 n=17 small=1 wide_path=0 history_expected=0 history_calls=0 history_bytes=0 history_success=0 history_fail=0 x_calls=1 x_bytes=1088 x_success=1 x_fail=0 kb_calls=0 kb_bytes=0 kb_success=0 kb_fail=0 total=1 injected=0 history_level=-1 x_level=1 kb_level=-1 shape_bad=0 x_each_worker_once=1
CASE_PASS m=17 n=17 sve16_entries=3 expected=3 old_entries=3 packed_entries=0 packed_expected=0 wide_entries=0 wide_expected=0 wrapper_entries=0 wrapper_expected=0
ARGUMENTS_PASS m=17 n=17 calls=0 bad=0 expected_panel_stride=136
ALLOC_PASS m=31 n=1 small=1 wide_path=0 history_expected=0 history_calls=0 history_bytes=0 history_success=0 history_fail=0 x_calls=1 x_bytes=1984 x_success=1 x_fail=0 kb_calls=0 kb_bytes=0 kb_success=0 kb_fail=0 total=1 injected=0 history_level=-1 x_level=1 kb_level=-1 shape_bad=0 x_each_worker_once=1
CASE_PASS m=31 n=1 sve16_entries=1 expected=1 old_entries=1 packed_entries=0 packed_expected=0 wide_entries=0 wide_expected=0 wrapper_entries=0 wrapper_expected=0
ARGUMENTS_PASS m=31 n=1 calls=0 bad=0 expected_panel_stride=248
ALLOC_PASS m=31 n=7 small=1 wide_path=0 history_expected=0 history_calls=0 history_bytes=0 history_success=0 history_fail=0 x_calls=1 x_bytes=1984 x_success=1 x_fail=0 kb_calls=0 kb_bytes=0 kb_success=0 kb_fail=0 total=1 injected=0 history_level=-1 x_level=1 kb_level=-1 shape_bad=0 x_each_worker_once=1
CASE_PASS m=31 n=7 sve16_entries=1 expected=1 old_entries=1 packed_entries=0 packed_expected=0 wide_entries=0 wide_expected=0 wrapper_entries=0 wrapper_expected=0
ARGUMENTS_PASS m=31 n=7 calls=0 bad=0 expected_panel_stride=248
ALLOC_PASS m=31 n=8 small=1 wide_path=0 history_expected=0 history_calls=0 history_bytes=0 history_success=0 history_fail=0 x_calls=1 x_bytes=1984 x_success=1 x_fail=0 kb_calls=0 kb_bytes=0 kb_success=0 kb_fail=0 total=1 injected=0 history_level=-1 x_level=1 kb_level=-1 shape_bad=0 x_each_worker_once=1
CASE_PASS m=31 n=8 sve16_entries=1 expected=1 old_entries=1 packed_entries=0 packed_expected=0 wide_entries=0 wide_expected=0 wrapper_entries=0 wrapper_expected=0
ARGUMENTS_PASS m=31 n=8 calls=0 bad=0 expected_panel_stride=248
ALLOC_PASS m=31 n=9 small=1 wide_path=0 history_expected=0 history_calls=0 history_bytes=0 history_success=0 history_fail=0 x_calls=1 x_bytes=1984 x_success=1 x_fail=0 kb_calls=0 kb_bytes=0 kb_success=0 kb_fail=0 total=1 injected=0 history_level=-1 x_level=1 kb_level=-1 shape_bad=0 x_each_worker_once=1
CASE_PASS m=31 n=9 sve16_entries=2 expected=2 old_entries=2 packed_entries=0 packed_expected=0 wide_entries=0 wide_expected=0 wrapper_entries=0 wrapper_expected=0
ARGUMENTS_PASS m=31 n=9 calls=0 bad=0 expected_panel_stride=248
ALLOC_PASS m=31 n=17 small=1 wide_path=0 history_expected=0 history_calls=0 history_bytes=0 history_success=0 history_fail=0 x_calls=1 x_bytes=1984 x_success=1 x_fail=0 kb_calls=0 kb_bytes=0 kb_success=0 kb_fail=0 total=1 injected=0 history_level=-1 x_level=1 kb_level=-1 shape_bad=0 x_each_worker_once=1
CASE_PASS m=31 n=17 sve16_entries=3 expected=3 old_entries=3 packed_entries=0 packed_expected=0 wide_entries=0 wide_expected=0 wrapper_entries=0 wrapper_expected=0
ARGUMENTS_PASS m=31 n=17 calls=0 bad=0 expected_panel_stride=248
ALLOC_PASS m=32 n=1 small=1 wide_path=0 history_expected=1 history_calls=1 history_bytes=2048 history_success=1 history_fail=0 x_calls=1 x_bytes=2048 x_success=1 x_fail=0 kb_calls=0 kb_bytes=0 kb_success=0 kb_fail=0 total=2 injected=0 history_level=0 x_level=1 kb_level=-1 shape_bad=0 x_each_worker_once=1
CASE_PASS m=32 n=1 sve16_entries=2 expected=2 old_entries=1 packed_entries=1 packed_expected=1 wide_entries=0 wide_expected=0 wrapper_entries=0 wrapper_expected=0
ARGUMENTS_PASS m=32 n=1 calls=0 bad=0 expected_panel_stride=256
ALLOC_PASS m=32 n=7 small=1 wide_path=0 history_expected=1 history_calls=1 history_bytes=2048 history_success=1 history_fail=0 x_calls=1 x_bytes=2048 x_success=1 x_fail=0 kb_calls=0 kb_bytes=0 kb_success=0 kb_fail=0 total=2 injected=0 history_level=0 x_level=1 kb_level=-1 shape_bad=0 x_each_worker_once=1
CASE_PASS m=32 n=7 sve16_entries=2 expected=2 old_entries=1 packed_entries=1 packed_expected=1 wide_entries=0 wide_expected=0 wrapper_entries=0 wrapper_expected=0
ARGUMENTS_PASS m=32 n=7 calls=0 bad=0 expected_panel_stride=256
ALLOC_PASS m=32 n=8 small=1 wide_path=0 history_expected=1 history_calls=1 history_bytes=2048 history_success=1 history_fail=0 x_calls=1 x_bytes=2048 x_success=1 x_fail=0 kb_calls=0 kb_bytes=0 kb_success=0 kb_fail=0 total=2 injected=0 history_level=0 x_level=1 kb_level=-1 shape_bad=0 x_each_worker_once=1
CASE_PASS m=32 n=8 sve16_entries=2 expected=2 old_entries=1 packed_entries=1 packed_expected=1 wide_entries=0 wide_expected=0 wrapper_entries=0 wrapper_expected=0
ARGUMENTS_PASS m=32 n=8 calls=0 bad=0 expected_panel_stride=256
ALLOC_PASS m=32 n=9 small=1 wide_path=0 history_expected=1 history_calls=1 history_bytes=2048 history_success=1 history_fail=0 x_calls=1 x_bytes=2048 x_success=1 x_fail=0 kb_calls=0 kb_bytes=0 kb_success=0 kb_fail=0 total=2 injected=0 history_level=0 x_level=1 kb_level=-1 shape_bad=0 x_each_worker_once=1
CASE_PASS m=32 n=9 sve16_entries=4 expected=4 old_entries=2 packed_entries=2 packed_expected=2 wide_entries=0 wide_expected=0 wrapper_entries=0 wrapper_expected=0
ARGUMENTS_PASS m=32 n=9 calls=0 bad=0 expected_panel_stride=256
ALLOC_PASS m=32 n=17 small=1 wide_path=0 history_expected=1 history_calls=1 history_bytes=2048 history_success=1 history_fail=0 x_calls=1 x_bytes=2048 x_success=1 x_fail=0 kb_calls=0 kb_bytes=0 kb_success=0 kb_fail=0 total=2 injected=0 history_level=0 x_level=1 kb_level=-1 shape_bad=0 x_each_worker_once=1
CASE_PASS m=32 n=17 sve16_entries=6 expected=6 old_entries=3 packed_entries=3 packed_expected=3 wide_entries=0 wide_expected=0 wrapper_entries=0 wrapper_expected=0
ARGUMENTS_PASS m=32 n=17 calls=0 bad=0 expected_panel_stride=256
ALLOC_PASS m=33 n=1 small=1 wide_path=0 history_expected=1 history_calls=1 history_bytes=2048 history_success=1 history_fail=0 x_calls=1 x_bytes=2112 x_success=1 x_fail=0 kb_calls=0 kb_bytes=0 kb_success=0 kb_fail=0 total=2 injected=0 history_level=0 x_level=1 kb_level=-1 shape_bad=0 x_each_worker_once=1
CASE_PASS m=33 n=1 sve16_entries=2 expected=2 old_entries=1 packed_entries=1 packed_expected=1 wide_entries=0 wide_expected=0 wrapper_entries=0 wrapper_expected=0
ARGUMENTS_PASS m=33 n=1 calls=0 bad=0 expected_panel_stride=264
ALLOC_PASS m=33 n=7 small=1 wide_path=0 history_expected=1 history_calls=1 history_bytes=2048 history_success=1 history_fail=0 x_calls=1 x_bytes=2112 x_success=1 x_fail=0 kb_calls=0 kb_bytes=0 kb_success=0 kb_fail=0 total=2 injected=0 history_level=0 x_level=1 kb_level=-1 shape_bad=0 x_each_worker_once=1
CASE_PASS m=33 n=7 sve16_entries=2 expected=2 old_entries=1 packed_entries=1 packed_expected=1 wide_entries=0 wide_expected=0 wrapper_entries=0 wrapper_expected=0
ARGUMENTS_PASS m=33 n=7 calls=0 bad=0 expected_panel_stride=264
ALLOC_PASS m=33 n=8 small=1 wide_path=0 history_expected=1 history_calls=1 history_bytes=2048 history_success=1 history_fail=0 x_calls=1 x_bytes=2112 x_success=1 x_fail=0 kb_calls=0 kb_bytes=0 kb_success=0 kb_fail=0 total=2 injected=0 history_level=0 x_level=1 kb_level=-1 shape_bad=0 x_each_worker_once=1
CASE_PASS m=33 n=8 sve16_entries=2 expected=2 old_entries=1 packed_entries=1 packed_expected=1 wide_entries=0 wide_expected=0 wrapper_entries=0 wrapper_expected=0
ARGUMENTS_PASS m=33 n=8 calls=0 bad=0 expected_panel_stride=264
ALLOC_PASS m=33 n=9 small=1 wide_path=0 history_expected=1 history_calls=1 history_bytes=2048 history_success=1 history_fail=0 x_calls=1 x_bytes=2112 x_success=1 x_fail=0 kb_calls=0 kb_bytes=0 kb_success=0 kb_fail=0 total=2 injected=0 history_level=0 x_level=1 kb_level=-1 shape_bad=0 x_each_worker_once=1
CASE_PASS m=33 n=9 sve16_entries=4 expected=4 old_entries=2 packed_entries=2 packed_expected=2 wide_entries=0 wide_expected=0 wrapper_entries=0 wrapper_expected=0
ARGUMENTS_PASS m=33 n=9 calls=0 bad=0 expected_panel_stride=264
ALLOC_PASS m=33 n=17 small=1 wide_path=0 history_expected=1 history_calls=1 history_bytes=2048 history_success=1 history_fail=0 x_calls=1 x_bytes=2112 x_success=1 x_fail=0 kb_calls=0 kb_bytes=0 kb_success=0 kb_fail=0 total=2 injected=0 history_level=0 x_level=1 kb_level=-1 shape_bad=0 x_each_worker_once=1
CASE_PASS m=33 n=17 sve16_entries=6 expected=6 old_entries=3 packed_entries=3 packed_expected=3 wide_entries=0 wide_expected=0 wrapper_entries=0 wrapper_expected=0
ARGUMENTS_PASS m=33 n=17 calls=0 bad=0 expected_panel_stride=264
ALLOC_PASS m=63 n=1 small=1 wide_path=0 history_expected=1 history_calls=1 history_bytes=6144 history_success=1 history_fail=0 x_calls=1 x_bytes=4032 x_success=1 x_fail=0 kb_calls=0 kb_bytes=0 kb_success=0 kb_fail=0 total=2 injected=0 history_level=0 x_level=1 kb_level=-1 shape_bad=0 x_each_worker_once=1
CASE_PASS m=63 n=1 sve16_entries=3 expected=3 old_entries=1 packed_entries=2 packed_expected=2 wide_entries=0 wide_expected=0 wrapper_entries=0 wrapper_expected=0
ARGUMENTS_PASS m=63 n=1 calls=0 bad=0 expected_panel_stride=504
ALLOC_PASS m=63 n=7 small=1 wide_path=0 history_expected=1 history_calls=1 history_bytes=6144 history_success=1 history_fail=0 x_calls=1 x_bytes=4032 x_success=1 x_fail=0 kb_calls=0 kb_bytes=0 kb_success=0 kb_fail=0 total=2 injected=0 history_level=0 x_level=1 kb_level=-1 shape_bad=0 x_each_worker_once=1
CASE_PASS m=63 n=7 sve16_entries=3 expected=3 old_entries=1 packed_entries=2 packed_expected=2 wide_entries=0 wide_expected=0 wrapper_entries=0 wrapper_expected=0
ARGUMENTS_PASS m=63 n=7 calls=0 bad=0 expected_panel_stride=504
ALLOC_PASS m=63 n=8 small=1 wide_path=0 history_expected=1 history_calls=1 history_bytes=6144 history_success=1 history_fail=0 x_calls=1 x_bytes=4032 x_success=1 x_fail=0 kb_calls=0 kb_bytes=0 kb_success=0 kb_fail=0 total=2 injected=0 history_level=0 x_level=1 kb_level=-1 shape_bad=0 x_each_worker_once=1
CASE_PASS m=63 n=8 sve16_entries=3 expected=3 old_entries=1 packed_entries=2 packed_expected=2 wide_entries=0 wide_expected=0 wrapper_entries=0 wrapper_expected=0
ARGUMENTS_PASS m=63 n=8 calls=0 bad=0 expected_panel_stride=504
ALLOC_PASS m=63 n=9 small=1 wide_path=0 history_expected=1 history_calls=1 history_bytes=6144 history_success=1 history_fail=0 x_calls=1 x_bytes=4032 x_success=1 x_fail=0 kb_calls=0 kb_bytes=0 kb_success=0 kb_fail=0 total=2 injected=0 history_level=0 x_level=1 kb_level=-1 shape_bad=0 x_each_worker_once=1
CASE_PASS m=63 n=9 sve16_entries=6 expected=6 old_entries=2 packed_entries=4 packed_expected=4 wide_entries=0 wide_expected=0 wrapper_entries=0 wrapper_expected=0
ARGUMENTS_PASS m=63 n=9 calls=0 bad=0 expected_panel_stride=504
ALLOC_PASS m=63 n=17 small=1 wide_path=0 history_expected=1 history_calls=1 history_bytes=6144 history_success=1 history_fail=0 x_calls=1 x_bytes=4032 x_success=1 x_fail=0 kb_calls=0 kb_bytes=0 kb_success=0 kb_fail=0 total=2 injected=0 history_level=0 x_level=1 kb_level=-1 shape_bad=0 x_each_worker_once=1
CASE_PASS m=63 n=17 sve16_entries=9 expected=9 old_entries=3 packed_entries=6 packed_expected=6 wide_entries=0 wide_expected=0 wrapper_entries=0 wrapper_expected=0
ARGUMENTS_PASS m=63 n=17 calls=0 bad=0 expected_panel_stride=504
ALLOC_PASS m=64 n=1 small=1 wide_path=0 history_expected=1 history_calls=1 history_bytes=12288 history_success=1 history_fail=0 x_calls=1 x_bytes=4096 x_success=1 x_fail=0 kb_calls=0 kb_bytes=0 kb_success=0 kb_fail=0 total=2 injected=0 history_level=0 x_level=1 kb_level=-1 shape_bad=0 x_each_worker_once=1
CASE_PASS m=64 n=1 sve16_entries=4 expected=4 old_entries=1 packed_entries=3 packed_expected=3 wide_entries=0 wide_expected=0 wrapper_entries=0 wrapper_expected=0
ARGUMENTS_PASS m=64 n=1 calls=0 bad=0 expected_panel_stride=512
ALLOC_PASS m=64 n=7 small=1 wide_path=0 history_expected=1 history_calls=1 history_bytes=12288 history_success=1 history_fail=0 x_calls=1 x_bytes=4096 x_success=1 x_fail=0 kb_calls=0 kb_bytes=0 kb_success=0 kb_fail=0 total=2 injected=0 history_level=0 x_level=1 kb_level=-1 shape_bad=0 x_each_worker_once=1
CASE_PASS m=64 n=7 sve16_entries=4 expected=4 old_entries=1 packed_entries=3 packed_expected=3 wide_entries=0 wide_expected=0 wrapper_entries=0 wrapper_expected=0
ARGUMENTS_PASS m=64 n=7 calls=0 bad=0 expected_panel_stride=512
ALLOC_PASS m=64 n=8 small=1 wide_path=0 history_expected=1 history_calls=1 history_bytes=12288 history_success=1 history_fail=0 x_calls=1 x_bytes=4096 x_success=1 x_fail=0 kb_calls=0 kb_bytes=0 kb_success=0 kb_fail=0 total=2 injected=0 history_level=0 x_level=1 kb_level=-1 shape_bad=0 x_each_worker_once=1
CASE_PASS m=64 n=8 sve16_entries=4 expected=4 old_entries=1 packed_entries=3 packed_expected=3 wide_entries=0 wide_expected=0 wrapper_entries=0 wrapper_expected=0
ARGUMENTS_PASS m=64 n=8 calls=0 bad=0 expected_panel_stride=512
ALLOC_PASS m=64 n=9 small=1 wide_path=0 history_expected=1 history_calls=1 history_bytes=12288 history_success=1 history_fail=0 x_calls=1 x_bytes=4096 x_success=1 x_fail=0 kb_calls=0 kb_bytes=0 kb_success=0 kb_fail=0 total=2 injected=0 history_level=0 x_level=1 kb_level=-1 shape_bad=0 x_each_worker_once=1
CASE_PASS m=64 n=9 sve16_entries=8 expected=8 old_entries=2 packed_entries=6 packed_expected=6 wide_entries=0 wide_expected=0 wrapper_entries=0 wrapper_expected=0
ARGUMENTS_PASS m=64 n=9 calls=0 bad=0 expected_panel_stride=512
ALLOC_PASS m=64 n=17 small=1 wide_path=0 history_expected=1 history_calls=1 history_bytes=12288 history_success=1 history_fail=0 x_calls=1 x_bytes=4096 x_success=1 x_fail=0 kb_calls=0 kb_bytes=0 kb_success=0 kb_fail=0 total=2 injected=0 history_level=0 x_level=1 kb_level=-1 shape_bad=0 x_each_worker_once=1
CASE_PASS m=64 n=17 sve16_entries=12 expected=12 old_entries=3 packed_entries=9 packed_expected=9 wide_entries=0 wide_expected=0 wrapper_entries=0 wrapper_expected=0
ARGUMENTS_PASS m=64 n=17 calls=0 bad=0 expected_panel_stride=512
ALLOC_PASS m=65 n=1 small=1 wide_path=0 history_expected=1 history_calls=1 history_bytes=12288 history_success=1 history_fail=0 x_calls=1 x_bytes=4160 x_success=1 x_fail=0 kb_calls=0 kb_bytes=0 kb_success=0 kb_fail=0 total=2 injected=0 history_level=0 x_level=1 kb_level=-1 shape_bad=0 x_each_worker_once=1
CASE_PASS m=65 n=1 sve16_entries=4 expected=4 old_entries=1 packed_entries=3 packed_expected=3 wide_entries=0 wide_expected=0 wrapper_entries=0 wrapper_expected=0
ARGUMENTS_PASS m=65 n=1 calls=0 bad=0 expected_panel_stride=520
ALLOC_PASS m=65 n=7 small=1 wide_path=0 history_expected=1 history_calls=1 history_bytes=12288 history_success=1 history_fail=0 x_calls=1 x_bytes=4160 x_success=1 x_fail=0 kb_calls=0 kb_bytes=0 kb_success=0 kb_fail=0 total=2 injected=0 history_level=0 x_level=1 kb_level=-1 shape_bad=0 x_each_worker_once=1
CASE_PASS m=65 n=7 sve16_entries=4 expected=4 old_entries=1 packed_entries=3 packed_expected=3 wide_entries=0 wide_expected=0 wrapper_entries=0 wrapper_expected=0
ARGUMENTS_PASS m=65 n=7 calls=0 bad=0 expected_panel_stride=520
ALLOC_PASS m=65 n=8 small=1 wide_path=0 history_expected=1 history_calls=1 history_bytes=12288 history_success=1 history_fail=0 x_calls=1 x_bytes=4160 x_success=1 x_fail=0 kb_calls=0 kb_bytes=0 kb_success=0 kb_fail=0 total=2 injected=0 history_level=0 x_level=1 kb_level=-1 shape_bad=0 x_each_worker_once=1
CASE_PASS m=65 n=8 sve16_entries=4 expected=4 old_entries=1 packed_entries=3 packed_expected=3 wide_entries=0 wide_expected=0 wrapper_entries=0 wrapper_expected=0
ARGUMENTS_PASS m=65 n=8 calls=0 bad=0 expected_panel_stride=520
ALLOC_PASS m=65 n=9 small=1 wide_path=0 history_expected=1 history_calls=1 history_bytes=12288 history_success=1 history_fail=0 x_calls=1 x_bytes=4160 x_success=1 x_fail=0 kb_calls=0 kb_bytes=0 kb_success=0 kb_fail=0 total=2 injected=0 history_level=0 x_level=1 kb_level=-1 shape_bad=0 x_each_worker_once=1
CASE_PASS m=65 n=9 sve16_entries=8 expected=8 old_entries=2 packed_entries=6 packed_expected=6 wide_entries=0 wide_expected=0 wrapper_entries=0 wrapper_expected=0
ARGUMENTS_PASS m=65 n=9 calls=0 bad=0 expected_panel_stride=520
ALLOC_PASS m=65 n=17 small=1 wide_path=0 history_expected=1 history_calls=1 history_bytes=12288 history_success=1 history_fail=0 x_calls=1 x_bytes=4160 x_success=1 x_fail=0 kb_calls=0 kb_bytes=0 kb_success=0 kb_fail=0 total=2 injected=0 history_level=0 x_level=1 kb_level=-1 shape_bad=0 x_each_worker_once=1
CASE_PASS m=65 n=17 sve16_entries=12 expected=12 old_entries=3 packed_entries=9 packed_expected=9 wide_entries=0 wide_expected=0 wrapper_entries=0 wrapper_expected=0
ARGUMENTS_PASS m=65 n=17 calls=0 bad=0 expected_panel_stride=520
ALLOC_PASS m=255 n=1 small=1 wide_path=0 history_expected=1 history_calls=1 history_bytes=215040 history_success=1 history_fail=0 x_calls=1 x_bytes=16320 x_success=1 x_fail=0 kb_calls=0 kb_bytes=0 kb_success=0 kb_fail=0 total=2 injected=0 history_level=0 x_level=1 kb_level=-1 shape_bad=0 x_each_worker_once=1
CASE_PASS m=255 n=1 sve16_entries=15 expected=15 old_entries=1 packed_entries=14 packed_expected=14 wide_entries=0 wide_expected=0 wrapper_entries=0 wrapper_expected=0
ARGUMENTS_PASS m=255 n=1 calls=0 bad=0 expected_panel_stride=2040
ALLOC_PASS m=255 n=7 small=1 wide_path=0 history_expected=1 history_calls=1 history_bytes=215040 history_success=1 history_fail=0 x_calls=1 x_bytes=16320 x_success=1 x_fail=0 kb_calls=0 kb_bytes=0 kb_success=0 kb_fail=0 total=2 injected=0 history_level=0 x_level=1 kb_level=-1 shape_bad=0 x_each_worker_once=1
CASE_PASS m=255 n=7 sve16_entries=15 expected=15 old_entries=1 packed_entries=14 packed_expected=14 wide_entries=0 wide_expected=0 wrapper_entries=0 wrapper_expected=0
ARGUMENTS_PASS m=255 n=7 calls=0 bad=0 expected_panel_stride=2040
ALLOC_PASS m=255 n=8 small=1 wide_path=0 history_expected=1 history_calls=1 history_bytes=215040 history_success=1 history_fail=0 x_calls=1 x_bytes=16320 x_success=1 x_fail=0 kb_calls=0 kb_bytes=0 kb_success=0 kb_fail=0 total=2 injected=0 history_level=0 x_level=1 kb_level=-1 shape_bad=0 x_each_worker_once=1
CASE_PASS m=255 n=8 sve16_entries=15 expected=15 old_entries=1 packed_entries=14 packed_expected=14 wide_entries=0 wide_expected=0 wrapper_entries=0 wrapper_expected=0
ARGUMENTS_PASS m=255 n=8 calls=0 bad=0 expected_panel_stride=2040
ALLOC_PASS m=255 n=9 small=1 wide_path=0 history_expected=1 history_calls=1 history_bytes=215040 history_success=1 history_fail=0 x_calls=1 x_bytes=16320 x_success=1 x_fail=0 kb_calls=0 kb_bytes=0 kb_success=0 kb_fail=0 total=2 injected=0 history_level=0 x_level=1 kb_level=-1 shape_bad=0 x_each_worker_once=1
CASE_PASS m=255 n=9 sve16_entries=30 expected=30 old_entries=2 packed_entries=28 packed_expected=28 wide_entries=0 wide_expected=0 wrapper_entries=0 wrapper_expected=0
ARGUMENTS_PASS m=255 n=9 calls=0 bad=0 expected_panel_stride=2040
ALLOC_PASS m=255 n=17 small=1 wide_path=0 history_expected=1 history_calls=1 history_bytes=215040 history_success=1 history_fail=0 x_calls=1 x_bytes=16320 x_success=1 x_fail=0 kb_calls=0 kb_bytes=0 kb_success=0 kb_fail=0 total=2 injected=0 history_level=0 x_level=1 kb_level=-1 shape_bad=0 x_each_worker_once=1
CASE_PASS m=255 n=17 sve16_entries=45 expected=45 old_entries=3 packed_entries=42 packed_expected=42 wide_entries=0 wide_expected=0 wrapper_entries=0 wrapper_expected=0
ARGUMENTS_PASS m=255 n=17 calls=0 bad=0 expected_panel_stride=2040
ALLOC_PASS m=256 n=1 small=1 wide_path=0 history_expected=1 history_calls=1 history_bytes=245760 history_success=1 history_fail=0 x_calls=1 x_bytes=16384 x_success=1 x_fail=0 kb_calls=0 kb_bytes=0 kb_success=0 kb_fail=0 total=2 injected=0 history_level=0 x_level=1 kb_level=-1 shape_bad=0 x_each_worker_once=1
CASE_PASS m=256 n=1 sve16_entries=16 expected=16 old_entries=1 packed_entries=15 packed_expected=15 wide_entries=0 wide_expected=0 wrapper_entries=0 wrapper_expected=0
ARGUMENTS_PASS m=256 n=1 calls=0 bad=0 expected_panel_stride=2048
ALLOC_PASS m=256 n=7 small=1 wide_path=0 history_expected=1 history_calls=1 history_bytes=245760 history_success=1 history_fail=0 x_calls=1 x_bytes=16384 x_success=1 x_fail=0 kb_calls=0 kb_bytes=0 kb_success=0 kb_fail=0 total=2 injected=0 history_level=0 x_level=1 kb_level=-1 shape_bad=0 x_each_worker_once=1
CASE_PASS m=256 n=7 sve16_entries=16 expected=16 old_entries=1 packed_entries=15 packed_expected=15 wide_entries=0 wide_expected=0 wrapper_entries=0 wrapper_expected=0
ARGUMENTS_PASS m=256 n=7 calls=0 bad=0 expected_panel_stride=2048
ALLOC_PASS m=256 n=8 small=1 wide_path=0 history_expected=1 history_calls=1 history_bytes=245760 history_success=1 history_fail=0 x_calls=1 x_bytes=16384 x_success=1 x_fail=0 kb_calls=0 kb_bytes=0 kb_success=0 kb_fail=0 total=2 injected=0 history_level=0 x_level=1 kb_level=-1 shape_bad=0 x_each_worker_once=1
CASE_PASS m=256 n=8 sve16_entries=16 expected=16 old_entries=1 packed_entries=15 packed_expected=15 wide_entries=0 wide_expected=0 wrapper_entries=0 wrapper_expected=0
ARGUMENTS_PASS m=256 n=8 calls=0 bad=0 expected_panel_stride=2048
ALLOC_PASS m=256 n=9 small=1 wide_path=0 history_expected=1 history_calls=1 history_bytes=245760 history_success=1 history_fail=0 x_calls=1 x_bytes=16384 x_success=1 x_fail=0 kb_calls=0 kb_bytes=0 kb_success=0 kb_fail=0 total=2 injected=0 history_level=0 x_level=1 kb_level=-1 shape_bad=0 x_each_worker_once=1
CASE_PASS m=256 n=9 sve16_entries=32 expected=32 old_entries=2 packed_entries=30 packed_expected=30 wide_entries=0 wide_expected=0 wrapper_entries=0 wrapper_expected=0
ARGUMENTS_PASS m=256 n=9 calls=0 bad=0 expected_panel_stride=2048
ALLOC_PASS m=256 n=17 small=1 wide_path=0 history_expected=1 history_calls=1 history_bytes=245760 history_success=1 history_fail=0 x_calls=1 x_bytes=16384 x_success=1 x_fail=0 kb_calls=0 kb_bytes=0 kb_success=0 kb_fail=0 total=2 injected=0 history_level=0 x_level=1 kb_level=-1 shape_bad=0 x_each_worker_once=1
CASE_PASS m=256 n=17 sve16_entries=48 expected=48 old_entries=3 packed_entries=45 packed_expected=45 wide_entries=0 wide_expected=0 wrapper_entries=0 wrapper_expected=0
ARGUMENTS_PASS m=256 n=17 calls=0 bad=0 expected_panel_stride=2048
ALLOC_PASS m=257 n=1 small=1 wide_path=0 history_expected=1 history_calls=1 history_bytes=245760 history_success=1 history_fail=0 x_calls=1 x_bytes=16448 x_success=1 x_fail=0 kb_calls=0 kb_bytes=0 kb_success=0 kb_fail=0 total=2 injected=0 history_level=0 x_level=1 kb_level=-1 shape_bad=0 x_each_worker_once=1
CASE_PASS m=257 n=1 sve16_entries=16 expected=16 old_entries=1 packed_entries=15 packed_expected=15 wide_entries=0 wide_expected=0 wrapper_entries=0 wrapper_expected=0
ARGUMENTS_PASS m=257 n=1 calls=0 bad=0 expected_panel_stride=2056
ALLOC_PASS m=257 n=7 small=1 wide_path=0 history_expected=1 history_calls=1 history_bytes=245760 history_success=1 history_fail=0 x_calls=1 x_bytes=16448 x_success=1 x_fail=0 kb_calls=0 kb_bytes=0 kb_success=0 kb_fail=0 total=2 injected=0 history_level=0 x_level=1 kb_level=-1 shape_bad=0 x_each_worker_once=1
CASE_PASS m=257 n=7 sve16_entries=16 expected=16 old_entries=1 packed_entries=15 packed_expected=15 wide_entries=0 wide_expected=0 wrapper_entries=0 wrapper_expected=0
ARGUMENTS_PASS m=257 n=7 calls=0 bad=0 expected_panel_stride=2056
ALLOC_PASS m=257 n=8 small=1 wide_path=0 history_expected=1 history_calls=1 history_bytes=245760 history_success=1 history_fail=0 x_calls=1 x_bytes=16448 x_success=1 x_fail=0 kb_calls=0 kb_bytes=0 kb_success=0 kb_fail=0 total=2 injected=0 history_level=0 x_level=1 kb_level=-1 shape_bad=0 x_each_worker_once=1
CASE_PASS m=257 n=8 sve16_entries=16 expected=16 old_entries=1 packed_entries=15 packed_expected=15 wide_entries=0 wide_expected=0 wrapper_entries=0 wrapper_expected=0
ARGUMENTS_PASS m=257 n=8 calls=0 bad=0 expected_panel_stride=2056
ALLOC_PASS m=257 n=9 small=1 wide_path=0 history_expected=1 history_calls=1 history_bytes=245760 history_success=1 history_fail=0 x_calls=1 x_bytes=16448 x_success=1 x_fail=0 kb_calls=0 kb_bytes=0 kb_success=0 kb_fail=0 total=2 injected=0 history_level=0 x_level=1 kb_level=-1 shape_bad=0 x_each_worker_once=1
CASE_PASS m=257 n=9 sve16_entries=32 expected=32 old_entries=2 packed_entries=30 packed_expected=30 wide_entries=0 wide_expected=0 wrapper_entries=0 wrapper_expected=0
ARGUMENTS_PASS m=257 n=9 calls=0 bad=0 expected_panel_stride=2056
ALLOC_PASS m=257 n=17 small=1 wide_path=0 history_expected=1 history_calls=1 history_bytes=245760 history_success=1 history_fail=0 x_calls=1 x_bytes=16448 x_success=1 x_fail=0 kb_calls=0 kb_bytes=0 kb_success=0 kb_fail=0 total=2 injected=0 history_level=0 x_level=1 kb_level=-1 shape_bad=0 x_each_worker_once=1
CASE_PASS m=257 n=17 sve16_entries=48 expected=48 old_entries=3 packed_entries=45 packed_expected=45 wide_entries=0 wide_expected=0 wrapper_entries=0 wrapper_expected=0
ARGUMENTS_PASS m=257 n=17 calls=0 bad=0 expected_panel_stride=2056
ALLOCATION_SUMMARY_PASS cases=80 budget_cases=0 shared_injection_cases=0
PASS whole_cases=80 noop_cases=4 non_dyadic_long_double_RHS=1 padding_L_unchanged=1 max_error=1.1102230246251565e-16
SOURCE_FEATURES_PASS panel16=1 packedL16=1 has_budget=1 history_budget_bytes=4194304 panel8x16=1
MODE=full THREADS=4 NARROW_VL=0 EXPECT_SVE16=1 EXPECT_PACKEDL16=1
ALLOC_PASS m=1 n=1 small=1 wide_path=0 history_expected=0 history_calls=0 history_bytes=0 history_success=0 history_fail=0 x_calls=4 x_bytes=256 x_success=4 x_fail=0 kb_calls=0 kb_bytes=0 kb_success=0 kb_fail=0 total=4 injected=0 history_level=-1 x_level=1 kb_level=-1 shape_bad=0 x_each_worker_once=1
CASE_PASS m=1 n=1 sve16_entries=0 expected=0 old_entries=0 packed_entries=0 packed_expected=0 wide_entries=0 wide_expected=0 wrapper_entries=0 wrapper_expected=0
ARGUMENTS_PASS m=1 n=1 calls=0 bad=0 expected_panel_stride=8
ALLOC_PASS m=1 n=7 small=1 wide_path=0 history_expected=0 history_calls=0 history_bytes=0 history_success=0 history_fail=0 x_calls=4 x_bytes=256 x_success=4 x_fail=0 kb_calls=0 kb_bytes=0 kb_success=0 kb_fail=0 total=4 injected=0 history_level=-1 x_level=1 kb_level=-1 shape_bad=0 x_each_worker_once=1
CASE_PASS m=1 n=7 sve16_entries=0 expected=0 old_entries=0 packed_entries=0 packed_expected=0 wide_entries=0 wide_expected=0 wrapper_entries=0 wrapper_expected=0
ARGUMENTS_PASS m=1 n=7 calls=0 bad=0 expected_panel_stride=8
ALLOC_PASS m=1 n=8 small=1 wide_path=0 history_expected=0 history_calls=0 history_bytes=0 history_success=0 history_fail=0 x_calls=4 x_bytes=256 x_success=4 x_fail=0 kb_calls=0 kb_bytes=0 kb_success=0 kb_fail=0 total=4 injected=0 history_level=-1 x_level=1 kb_level=-1 shape_bad=0 x_each_worker_once=1
CASE_PASS m=1 n=8 sve16_entries=0 expected=0 old_entries=0 packed_entries=0 packed_expected=0 wide_entries=0 wide_expected=0 wrapper_entries=0 wrapper_expected=0
ARGUMENTS_PASS m=1 n=8 calls=0 bad=0 expected_panel_stride=8
ALLOC_PASS m=1 n=9 small=1 wide_path=0 history_expected=0 history_calls=0 history_bytes=0 history_success=0 history_fail=0 x_calls=4 x_bytes=256 x_success=4 x_fail=0 kb_calls=0 kb_bytes=0 kb_success=0 kb_fail=0 total=4 injected=0 history_level=-1 x_level=1 kb_level=-1 shape_bad=0 x_each_worker_once=1
CASE_PASS m=1 n=9 sve16_entries=0 expected=0 old_entries=0 packed_entries=0 packed_expected=0 wide_entries=0 wide_expected=0 wrapper_entries=0 wrapper_expected=0
ARGUMENTS_PASS m=1 n=9 calls=0 bad=0 expected_panel_stride=8
ALLOC_PASS m=1 n=17 small=1 wide_path=0 history_expected=0 history_calls=0 history_bytes=0 history_success=0 history_fail=0 x_calls=4 x_bytes=256 x_success=4 x_fail=0 kb_calls=0 kb_bytes=0 kb_success=0 kb_fail=0 total=4 injected=0 history_level=-1 x_level=1 kb_level=-1 shape_bad=0 x_each_worker_once=1
CASE_PASS m=1 n=17 sve16_entries=0 expected=0 old_entries=0 packed_entries=0 packed_expected=0 wide_entries=0 wide_expected=0 wrapper_entries=0 wrapper_expected=0
ARGUMENTS_PASS m=1 n=17 calls=0 bad=0 expected_panel_stride=8
ALLOC_PASS m=3 n=1 small=1 wide_path=0 history_expected=0 history_calls=0 history_bytes=0 history_success=0 history_fail=0 x_calls=4 x_bytes=768 x_success=4 x_fail=0 kb_calls=0 kb_bytes=0 kb_success=0 kb_fail=0 total=4 injected=0 history_level=-1 x_level=1 kb_level=-1 shape_bad=0 x_each_worker_once=1
CASE_PASS m=3 n=1 sve16_entries=0 expected=0 old_entries=0 packed_entries=0 packed_expected=0 wide_entries=0 wide_expected=0 wrapper_entries=0 wrapper_expected=0
ARGUMENTS_PASS m=3 n=1 calls=0 bad=0 expected_panel_stride=24
ALLOC_PASS m=3 n=7 small=1 wide_path=0 history_expected=0 history_calls=0 history_bytes=0 history_success=0 history_fail=0 x_calls=4 x_bytes=768 x_success=4 x_fail=0 kb_calls=0 kb_bytes=0 kb_success=0 kb_fail=0 total=4 injected=0 history_level=-1 x_level=1 kb_level=-1 shape_bad=0 x_each_worker_once=1
CASE_PASS m=3 n=7 sve16_entries=0 expected=0 old_entries=0 packed_entries=0 packed_expected=0 wide_entries=0 wide_expected=0 wrapper_entries=0 wrapper_expected=0
ARGUMENTS_PASS m=3 n=7 calls=0 bad=0 expected_panel_stride=24
ALLOC_PASS m=3 n=8 small=1 wide_path=0 history_expected=0 history_calls=0 history_bytes=0 history_success=0 history_fail=0 x_calls=4 x_bytes=768 x_success=4 x_fail=0 kb_calls=0 kb_bytes=0 kb_success=0 kb_fail=0 total=4 injected=0 history_level=-1 x_level=1 kb_level=-1 shape_bad=0 x_each_worker_once=1
CASE_PASS m=3 n=8 sve16_entries=0 expected=0 old_entries=0 packed_entries=0 packed_expected=0 wide_entries=0 wide_expected=0 wrapper_entries=0 wrapper_expected=0
ARGUMENTS_PASS m=3 n=8 calls=0 bad=0 expected_panel_stride=24
ALLOC_PASS m=3 n=9 small=1 wide_path=0 history_expected=0 history_calls=0 history_bytes=0 history_success=0 history_fail=0 x_calls=4 x_bytes=768 x_success=4 x_fail=0 kb_calls=0 kb_bytes=0 kb_success=0 kb_fail=0 total=4 injected=0 history_level=-1 x_level=1 kb_level=-1 shape_bad=0 x_each_worker_once=1
CASE_PASS m=3 n=9 sve16_entries=0 expected=0 old_entries=0 packed_entries=0 packed_expected=0 wide_entries=0 wide_expected=0 wrapper_entries=0 wrapper_expected=0
ARGUMENTS_PASS m=3 n=9 calls=0 bad=0 expected_panel_stride=24
ALLOC_PASS m=3 n=17 small=1 wide_path=0 history_expected=0 history_calls=0 history_bytes=0 history_success=0 history_fail=0 x_calls=4 x_bytes=768 x_success=4 x_fail=0 kb_calls=0 kb_bytes=0 kb_success=0 kb_fail=0 total=4 injected=0 history_level=-1 x_level=1 kb_level=-1 shape_bad=0 x_each_worker_once=1
CASE_PASS m=3 n=17 sve16_entries=0 expected=0 old_entries=0 packed_entries=0 packed_expected=0 wide_entries=0 wide_expected=0 wrapper_entries=0 wrapper_expected=0
ARGUMENTS_PASS m=3 n=17 calls=0 bad=0 expected_panel_stride=24
ALLOC_PASS m=4 n=1 small=1 wide_path=0 history_expected=0 history_calls=0 history_bytes=0 history_success=0 history_fail=0 x_calls=4 x_bytes=1024 x_success=4 x_fail=0 kb_calls=0 kb_bytes=0 kb_success=0 kb_fail=0 total=4 injected=0 history_level=-1 x_level=1 kb_level=-1 shape_bad=0 x_each_worker_once=1
CASE_PASS m=4 n=1 sve16_entries=0 expected=0 old_entries=0 packed_entries=0 packed_expected=0 wide_entries=0 wide_expected=0 wrapper_entries=0 wrapper_expected=0
ARGUMENTS_PASS m=4 n=1 calls=0 bad=0 expected_panel_stride=32
ALLOC_PASS m=4 n=7 small=1 wide_path=0 history_expected=0 history_calls=0 history_bytes=0 history_success=0 history_fail=0 x_calls=4 x_bytes=1024 x_success=4 x_fail=0 kb_calls=0 kb_bytes=0 kb_success=0 kb_fail=0 total=4 injected=0 history_level=-1 x_level=1 kb_level=-1 shape_bad=0 x_each_worker_once=1
CASE_PASS m=4 n=7 sve16_entries=0 expected=0 old_entries=0 packed_entries=0 packed_expected=0 wide_entries=0 wide_expected=0 wrapper_entries=0 wrapper_expected=0
ARGUMENTS_PASS m=4 n=7 calls=0 bad=0 expected_panel_stride=32
ALLOC_PASS m=4 n=8 small=1 wide_path=0 history_expected=0 history_calls=0 history_bytes=0 history_success=0 history_fail=0 x_calls=4 x_bytes=1024 x_success=4 x_fail=0 kb_calls=0 kb_bytes=0 kb_success=0 kb_fail=0 total=4 injected=0 history_level=-1 x_level=1 kb_level=-1 shape_bad=0 x_each_worker_once=1
CASE_PASS m=4 n=8 sve16_entries=0 expected=0 old_entries=0 packed_entries=0 packed_expected=0 wide_entries=0 wide_expected=0 wrapper_entries=0 wrapper_expected=0
ARGUMENTS_PASS m=4 n=8 calls=0 bad=0 expected_panel_stride=32
ALLOC_PASS m=4 n=9 small=1 wide_path=0 history_expected=0 history_calls=0 history_bytes=0 history_success=0 history_fail=0 x_calls=4 x_bytes=1024 x_success=4 x_fail=0 kb_calls=0 kb_bytes=0 kb_success=0 kb_fail=0 total=4 injected=0 history_level=-1 x_level=1 kb_level=-1 shape_bad=0 x_each_worker_once=1
CASE_PASS m=4 n=9 sve16_entries=0 expected=0 old_entries=0 packed_entries=0 packed_expected=0 wide_entries=0 wide_expected=0 wrapper_entries=0 wrapper_expected=0
ARGUMENTS_PASS m=4 n=9 calls=0 bad=0 expected_panel_stride=32
ALLOC_PASS m=4 n=17 small=1 wide_path=0 history_expected=0 history_calls=0 history_bytes=0 history_success=0 history_fail=0 x_calls=4 x_bytes=1024 x_success=4 x_fail=0 kb_calls=0 kb_bytes=0 kb_success=0 kb_fail=0 total=4 injected=0 history_level=-1 x_level=1 kb_level=-1 shape_bad=0 x_each_worker_once=1
CASE_PASS m=4 n=17 sve16_entries=0 expected=0 old_entries=0 packed_entries=0 packed_expected=0 wide_entries=0 wide_expected=0 wrapper_entries=0 wrapper_expected=0
ARGUMENTS_PASS m=4 n=17 calls=0 bad=0 expected_panel_stride=32
ALLOC_PASS m=5 n=1 small=1 wide_path=0 history_expected=0 history_calls=0 history_bytes=0 history_success=0 history_fail=0 x_calls=4 x_bytes=1280 x_success=4 x_fail=0 kb_calls=0 kb_bytes=0 kb_success=0 kb_fail=0 total=4 injected=0 history_level=-1 x_level=1 kb_level=-1 shape_bad=0 x_each_worker_once=1
CASE_PASS m=5 n=1 sve16_entries=0 expected=0 old_entries=0 packed_entries=0 packed_expected=0 wide_entries=0 wide_expected=0 wrapper_entries=0 wrapper_expected=0
ARGUMENTS_PASS m=5 n=1 calls=0 bad=0 expected_panel_stride=40
ALLOC_PASS m=5 n=7 small=1 wide_path=0 history_expected=0 history_calls=0 history_bytes=0 history_success=0 history_fail=0 x_calls=4 x_bytes=1280 x_success=4 x_fail=0 kb_calls=0 kb_bytes=0 kb_success=0 kb_fail=0 total=4 injected=0 history_level=-1 x_level=1 kb_level=-1 shape_bad=0 x_each_worker_once=1
CASE_PASS m=5 n=7 sve16_entries=0 expected=0 old_entries=0 packed_entries=0 packed_expected=0 wide_entries=0 wide_expected=0 wrapper_entries=0 wrapper_expected=0
ARGUMENTS_PASS m=5 n=7 calls=0 bad=0 expected_panel_stride=40
ALLOC_PASS m=5 n=8 small=1 wide_path=0 history_expected=0 history_calls=0 history_bytes=0 history_success=0 history_fail=0 x_calls=4 x_bytes=1280 x_success=4 x_fail=0 kb_calls=0 kb_bytes=0 kb_success=0 kb_fail=0 total=4 injected=0 history_level=-1 x_level=1 kb_level=-1 shape_bad=0 x_each_worker_once=1
CASE_PASS m=5 n=8 sve16_entries=0 expected=0 old_entries=0 packed_entries=0 packed_expected=0 wide_entries=0 wide_expected=0 wrapper_entries=0 wrapper_expected=0
ARGUMENTS_PASS m=5 n=8 calls=0 bad=0 expected_panel_stride=40
ALLOC_PASS m=5 n=9 small=1 wide_path=0 history_expected=0 history_calls=0 history_bytes=0 history_success=0 history_fail=0 x_calls=4 x_bytes=1280 x_success=4 x_fail=0 kb_calls=0 kb_bytes=0 kb_success=0 kb_fail=0 total=4 injected=0 history_level=-1 x_level=1 kb_level=-1 shape_bad=0 x_each_worker_once=1
CASE_PASS m=5 n=9 sve16_entries=0 expected=0 old_entries=0 packed_entries=0 packed_expected=0 wide_entries=0 wide_expected=0 wrapper_entries=0 wrapper_expected=0
ARGUMENTS_PASS m=5 n=9 calls=0 bad=0 expected_panel_stride=40
ALLOC_PASS m=5 n=17 small=1 wide_path=0 history_expected=0 history_calls=0 history_bytes=0 history_success=0 history_fail=0 x_calls=4 x_bytes=1280 x_success=4 x_fail=0 kb_calls=0 kb_bytes=0 kb_success=0 kb_fail=0 total=4 injected=0 history_level=-1 x_level=1 kb_level=-1 shape_bad=0 x_each_worker_once=1
CASE_PASS m=5 n=17 sve16_entries=0 expected=0 old_entries=0 packed_entries=0 packed_expected=0 wide_entries=0 wide_expected=0 wrapper_entries=0 wrapper_expected=0
ARGUMENTS_PASS m=5 n=17 calls=0 bad=0 expected_panel_stride=40
ALLOC_PASS m=15 n=1 small=1 wide_path=0 history_expected=0 history_calls=0 history_bytes=0 history_success=0 history_fail=0 x_calls=4 x_bytes=3840 x_success=4 x_fail=0 kb_calls=0 kb_bytes=0 kb_success=0 kb_fail=0 total=4 injected=0 history_level=-1 x_level=1 kb_level=-1 shape_bad=0 x_each_worker_once=1
CASE_PASS m=15 n=1 sve16_entries=0 expected=0 old_entries=0 packed_entries=0 packed_expected=0 wide_entries=0 wide_expected=0 wrapper_entries=0 wrapper_expected=0
ARGUMENTS_PASS m=15 n=1 calls=0 bad=0 expected_panel_stride=120
ALLOC_PASS m=15 n=7 small=1 wide_path=0 history_expected=0 history_calls=0 history_bytes=0 history_success=0 history_fail=0 x_calls=4 x_bytes=3840 x_success=4 x_fail=0 kb_calls=0 kb_bytes=0 kb_success=0 kb_fail=0 total=4 injected=0 history_level=-1 x_level=1 kb_level=-1 shape_bad=0 x_each_worker_once=1
CASE_PASS m=15 n=7 sve16_entries=0 expected=0 old_entries=0 packed_entries=0 packed_expected=0 wide_entries=0 wide_expected=0 wrapper_entries=0 wrapper_expected=0
ARGUMENTS_PASS m=15 n=7 calls=0 bad=0 expected_panel_stride=120
ALLOC_PASS m=15 n=8 small=1 wide_path=0 history_expected=0 history_calls=0 history_bytes=0 history_success=0 history_fail=0 x_calls=4 x_bytes=3840 x_success=4 x_fail=0 kb_calls=0 kb_bytes=0 kb_success=0 kb_fail=0 total=4 injected=0 history_level=-1 x_level=1 kb_level=-1 shape_bad=0 x_each_worker_once=1
CASE_PASS m=15 n=8 sve16_entries=0 expected=0 old_entries=0 packed_entries=0 packed_expected=0 wide_entries=0 wide_expected=0 wrapper_entries=0 wrapper_expected=0
ARGUMENTS_PASS m=15 n=8 calls=0 bad=0 expected_panel_stride=120
ALLOC_PASS m=15 n=9 small=1 wide_path=0 history_expected=0 history_calls=0 history_bytes=0 history_success=0 history_fail=0 x_calls=4 x_bytes=3840 x_success=4 x_fail=0 kb_calls=0 kb_bytes=0 kb_success=0 kb_fail=0 total=4 injected=0 history_level=-1 x_level=1 kb_level=-1 shape_bad=0 x_each_worker_once=1
CASE_PASS m=15 n=9 sve16_entries=0 expected=0 old_entries=0 packed_entries=0 packed_expected=0 wide_entries=0 wide_expected=0 wrapper_entries=0 wrapper_expected=0
ARGUMENTS_PASS m=15 n=9 calls=0 bad=0 expected_panel_stride=120
ALLOC_PASS m=15 n=17 small=1 wide_path=0 history_expected=0 history_calls=0 history_bytes=0 history_success=0 history_fail=0 x_calls=4 x_bytes=3840 x_success=4 x_fail=0 kb_calls=0 kb_bytes=0 kb_success=0 kb_fail=0 total=4 injected=0 history_level=-1 x_level=1 kb_level=-1 shape_bad=0 x_each_worker_once=1
CASE_PASS m=15 n=17 sve16_entries=0 expected=0 old_entries=0 packed_entries=0 packed_expected=0 wide_entries=0 wide_expected=0 wrapper_entries=0 wrapper_expected=0
ARGUMENTS_PASS m=15 n=17 calls=0 bad=0 expected_panel_stride=120
ALLOC_PASS m=16 n=1 small=1 wide_path=0 history_expected=0 history_calls=0 history_bytes=0 history_success=0 history_fail=0 x_calls=4 x_bytes=4096 x_success=4 x_fail=0 kb_calls=0 kb_bytes=0 kb_success=0 kb_fail=0 total=4 injected=0 history_level=-1 x_level=1 kb_level=-1 shape_bad=0 x_each_worker_once=1
CASE_PASS m=16 n=1 sve16_entries=1 expected=1 old_entries=1 packed_entries=0 packed_expected=0 wide_entries=0 wide_expected=0 wrapper_entries=0 wrapper_expected=0
ARGUMENTS_PASS m=16 n=1 calls=0 bad=0 expected_panel_stride=128
ALLOC_PASS m=16 n=7 small=1 wide_path=0 history_expected=0 history_calls=0 history_bytes=0 history_success=0 history_fail=0 x_calls=4 x_bytes=4096 x_success=4 x_fail=0 kb_calls=0 kb_bytes=0 kb_success=0 kb_fail=0 total=4 injected=0 history_level=-1 x_level=1 kb_level=-1 shape_bad=0 x_each_worker_once=1
CASE_PASS m=16 n=7 sve16_entries=1 expected=1 old_entries=1 packed_entries=0 packed_expected=0 wide_entries=0 wide_expected=0 wrapper_entries=0 wrapper_expected=0
ARGUMENTS_PASS m=16 n=7 calls=0 bad=0 expected_panel_stride=128
ALLOC_PASS m=16 n=8 small=1 wide_path=0 history_expected=0 history_calls=0 history_bytes=0 history_success=0 history_fail=0 x_calls=4 x_bytes=4096 x_success=4 x_fail=0 kb_calls=0 kb_bytes=0 kb_success=0 kb_fail=0 total=4 injected=0 history_level=-1 x_level=1 kb_level=-1 shape_bad=0 x_each_worker_once=1
CASE_PASS m=16 n=8 sve16_entries=1 expected=1 old_entries=1 packed_entries=0 packed_expected=0 wide_entries=0 wide_expected=0 wrapper_entries=0 wrapper_expected=0
ARGUMENTS_PASS m=16 n=8 calls=0 bad=0 expected_panel_stride=128
ALLOC_PASS m=16 n=9 small=1 wide_path=0 history_expected=0 history_calls=0 history_bytes=0 history_success=0 history_fail=0 x_calls=4 x_bytes=4096 x_success=4 x_fail=0 kb_calls=0 kb_bytes=0 kb_success=0 kb_fail=0 total=4 injected=0 history_level=-1 x_level=1 kb_level=-1 shape_bad=0 x_each_worker_once=1
CASE_PASS m=16 n=9 sve16_entries=2 expected=2 old_entries=2 packed_entries=0 packed_expected=0 wide_entries=0 wide_expected=0 wrapper_entries=0 wrapper_expected=0
ARGUMENTS_PASS m=16 n=9 calls=0 bad=0 expected_panel_stride=128
ALLOC_PASS m=16 n=17 small=1 wide_path=0 history_expected=0 history_calls=0 history_bytes=0 history_success=0 history_fail=0 x_calls=4 x_bytes=4096 x_success=4 x_fail=0 kb_calls=0 kb_bytes=0 kb_success=0 kb_fail=0 total=4 injected=0 history_level=-1 x_level=1 kb_level=-1 shape_bad=0 x_each_worker_once=1
CASE_PASS m=16 n=17 sve16_entries=3 expected=3 old_entries=3 packed_entries=0 packed_expected=0 wide_entries=0 wide_expected=0 wrapper_entries=0 wrapper_expected=0
ARGUMENTS_PASS m=16 n=17 calls=0 bad=0 expected_panel_stride=128
ALLOC_PASS m=17 n=1 small=1 wide_path=0 history_expected=0 history_calls=0 history_bytes=0 history_success=0 history_fail=0 x_calls=4 x_bytes=4352 x_success=4 x_fail=0 kb_calls=0 kb_bytes=0 kb_success=0 kb_fail=0 total=4 injected=0 history_level=-1 x_level=1 kb_level=-1 shape_bad=0 x_each_worker_once=1
CASE_PASS m=17 n=1 sve16_entries=1 expected=1 old_entries=1 packed_entries=0 packed_expected=0 wide_entries=0 wide_expected=0 wrapper_entries=0 wrapper_expected=0
ARGUMENTS_PASS m=17 n=1 calls=0 bad=0 expected_panel_stride=136
ALLOC_PASS m=17 n=7 small=1 wide_path=0 history_expected=0 history_calls=0 history_bytes=0 history_success=0 history_fail=0 x_calls=4 x_bytes=4352 x_success=4 x_fail=0 kb_calls=0 kb_bytes=0 kb_success=0 kb_fail=0 total=4 injected=0 history_level=-1 x_level=1 kb_level=-1 shape_bad=0 x_each_worker_once=1
CASE_PASS m=17 n=7 sve16_entries=1 expected=1 old_entries=1 packed_entries=0 packed_expected=0 wide_entries=0 wide_expected=0 wrapper_entries=0 wrapper_expected=0
ARGUMENTS_PASS m=17 n=7 calls=0 bad=0 expected_panel_stride=136
ALLOC_PASS m=17 n=8 small=1 wide_path=0 history_expected=0 history_calls=0 history_bytes=0 history_success=0 history_fail=0 x_calls=4 x_bytes=4352 x_success=4 x_fail=0 kb_calls=0 kb_bytes=0 kb_success=0 kb_fail=0 total=4 injected=0 history_level=-1 x_level=1 kb_level=-1 shape_bad=0 x_each_worker_once=1
CASE_PASS m=17 n=8 sve16_entries=1 expected=1 old_entries=1 packed_entries=0 packed_expected=0 wide_entries=0 wide_expected=0 wrapper_entries=0 wrapper_expected=0
ARGUMENTS_PASS m=17 n=8 calls=0 bad=0 expected_panel_stride=136
ALLOC_PASS m=17 n=9 small=1 wide_path=0 history_expected=0 history_calls=0 history_bytes=0 history_success=0 history_fail=0 x_calls=4 x_bytes=4352 x_success=4 x_fail=0 kb_calls=0 kb_bytes=0 kb_success=0 kb_fail=0 total=4 injected=0 history_level=-1 x_level=1 kb_level=-1 shape_bad=0 x_each_worker_once=1
CASE_PASS m=17 n=9 sve16_entries=2 expected=2 old_entries=2 packed_entries=0 packed_expected=0 wide_entries=0 wide_expected=0 wrapper_entries=0 wrapper_expected=0
ARGUMENTS_PASS m=17 n=9 calls=0 bad=0 expected_panel_stride=136
ALLOC_PASS m=17 n=17 small=1 wide_path=0 history_expected=0 history_calls=0 history_bytes=0 history_success=0 history_fail=0 x_calls=4 x_bytes=4352 x_success=4 x_fail=0 kb_calls=0 kb_bytes=0 kb_success=0 kb_fail=0 total=4 injected=0 history_level=-1 x_level=1 kb_level=-1 shape_bad=0 x_each_worker_once=1
CASE_PASS m=17 n=17 sve16_entries=3 expected=3 old_entries=3 packed_entries=0 packed_expected=0 wide_entries=0 wide_expected=0 wrapper_entries=0 wrapper_expected=0
ARGUMENTS_PASS m=17 n=17 calls=0 bad=0 expected_panel_stride=136
ALLOC_PASS m=31 n=1 small=1 wide_path=0 history_expected=0 history_calls=0 history_bytes=0 history_success=0 history_fail=0 x_calls=4 x_bytes=7936 x_success=4 x_fail=0 kb_calls=0 kb_bytes=0 kb_success=0 kb_fail=0 total=4 injected=0 history_level=-1 x_level=1 kb_level=-1 shape_bad=0 x_each_worker_once=1
CASE_PASS m=31 n=1 sve16_entries=1 expected=1 old_entries=1 packed_entries=0 packed_expected=0 wide_entries=0 wide_expected=0 wrapper_entries=0 wrapper_expected=0
ARGUMENTS_PASS m=31 n=1 calls=0 bad=0 expected_panel_stride=248
ALLOC_PASS m=31 n=7 small=1 wide_path=0 history_expected=0 history_calls=0 history_bytes=0 history_success=0 history_fail=0 x_calls=4 x_bytes=7936 x_success=4 x_fail=0 kb_calls=0 kb_bytes=0 kb_success=0 kb_fail=0 total=4 injected=0 history_level=-1 x_level=1 kb_level=-1 shape_bad=0 x_each_worker_once=1
CASE_PASS m=31 n=7 sve16_entries=1 expected=1 old_entries=1 packed_entries=0 packed_expected=0 wide_entries=0 wide_expected=0 wrapper_entries=0 wrapper_expected=0
ARGUMENTS_PASS m=31 n=7 calls=0 bad=0 expected_panel_stride=248
ALLOC_PASS m=31 n=8 small=1 wide_path=0 history_expected=0 history_calls=0 history_bytes=0 history_success=0 history_fail=0 x_calls=4 x_bytes=7936 x_success=4 x_fail=0 kb_calls=0 kb_bytes=0 kb_success=0 kb_fail=0 total=4 injected=0 history_level=-1 x_level=1 kb_level=-1 shape_bad=0 x_each_worker_once=1
CASE_PASS m=31 n=8 sve16_entries=1 expected=1 old_entries=1 packed_entries=0 packed_expected=0 wide_entries=0 wide_expected=0 wrapper_entries=0 wrapper_expected=0
ARGUMENTS_PASS m=31 n=8 calls=0 bad=0 expected_panel_stride=248
ALLOC_PASS m=31 n=9 small=1 wide_path=0 history_expected=0 history_calls=0 history_bytes=0 history_success=0 history_fail=0 x_calls=4 x_bytes=7936 x_success=4 x_fail=0 kb_calls=0 kb_bytes=0 kb_success=0 kb_fail=0 total=4 injected=0 history_level=-1 x_level=1 kb_level=-1 shape_bad=0 x_each_worker_once=1
CASE_PASS m=31 n=9 sve16_entries=2 expected=2 old_entries=2 packed_entries=0 packed_expected=0 wide_entries=0 wide_expected=0 wrapper_entries=0 wrapper_expected=0
ARGUMENTS_PASS m=31 n=9 calls=0 bad=0 expected_panel_stride=248
ALLOC_PASS m=31 n=17 small=1 wide_path=0 history_expected=0 history_calls=0 history_bytes=0 history_success=0 history_fail=0 x_calls=4 x_bytes=7936 x_success=4 x_fail=0 kb_calls=0 kb_bytes=0 kb_success=0 kb_fail=0 total=4 injected=0 history_level=-1 x_level=1 kb_level=-1 shape_bad=0 x_each_worker_once=1
CASE_PASS m=31 n=17 sve16_entries=3 expected=3 old_entries=3 packed_entries=0 packed_expected=0 wide_entries=0 wide_expected=0 wrapper_entries=0 wrapper_expected=0
ARGUMENTS_PASS m=31 n=17 calls=0 bad=0 expected_panel_stride=248
ALLOC_PASS m=32 n=1 small=1 wide_path=0 history_expected=1 history_calls=1 history_bytes=2048 history_success=1 history_fail=0 x_calls=4 x_bytes=8192 x_success=4 x_fail=0 kb_calls=0 kb_bytes=0 kb_success=0 kb_fail=0 total=5 injected=0 history_level=0 x_level=1 kb_level=-1 shape_bad=0 x_each_worker_once=1
CASE_PASS m=32 n=1 sve16_entries=2 expected=2 old_entries=1 packed_entries=1 packed_expected=1 wide_entries=0 wide_expected=0 wrapper_entries=0 wrapper_expected=0
ARGUMENTS_PASS m=32 n=1 calls=0 bad=0 expected_panel_stride=256
ALLOC_PASS m=32 n=7 small=1 wide_path=0 history_expected=1 history_calls=1 history_bytes=2048 history_success=1 history_fail=0 x_calls=4 x_bytes=8192 x_success=4 x_fail=0 kb_calls=0 kb_bytes=0 kb_success=0 kb_fail=0 total=5 injected=0 history_level=0 x_level=1 kb_level=-1 shape_bad=0 x_each_worker_once=1
CASE_PASS m=32 n=7 sve16_entries=2 expected=2 old_entries=1 packed_entries=1 packed_expected=1 wide_entries=0 wide_expected=0 wrapper_entries=0 wrapper_expected=0
ARGUMENTS_PASS m=32 n=7 calls=0 bad=0 expected_panel_stride=256
ALLOC_PASS m=32 n=8 small=1 wide_path=0 history_expected=1 history_calls=1 history_bytes=2048 history_success=1 history_fail=0 x_calls=4 x_bytes=8192 x_success=4 x_fail=0 kb_calls=0 kb_bytes=0 kb_success=0 kb_fail=0 total=5 injected=0 history_level=0 x_level=1 kb_level=-1 shape_bad=0 x_each_worker_once=1
CASE_PASS m=32 n=8 sve16_entries=2 expected=2 old_entries=1 packed_entries=1 packed_expected=1 wide_entries=0 wide_expected=0 wrapper_entries=0 wrapper_expected=0
ARGUMENTS_PASS m=32 n=8 calls=0 bad=0 expected_panel_stride=256
ALLOC_PASS m=32 n=9 small=1 wide_path=0 history_expected=1 history_calls=1 history_bytes=2048 history_success=1 history_fail=0 x_calls=4 x_bytes=8192 x_success=4 x_fail=0 kb_calls=0 kb_bytes=0 kb_success=0 kb_fail=0 total=5 injected=0 history_level=0 x_level=1 kb_level=-1 shape_bad=0 x_each_worker_once=1
CASE_PASS m=32 n=9 sve16_entries=4 expected=4 old_entries=2 packed_entries=2 packed_expected=2 wide_entries=0 wide_expected=0 wrapper_entries=0 wrapper_expected=0
ARGUMENTS_PASS m=32 n=9 calls=0 bad=0 expected_panel_stride=256
ALLOC_PASS m=32 n=17 small=1 wide_path=0 history_expected=1 history_calls=1 history_bytes=2048 history_success=1 history_fail=0 x_calls=4 x_bytes=8192 x_success=4 x_fail=0 kb_calls=0 kb_bytes=0 kb_success=0 kb_fail=0 total=5 injected=0 history_level=0 x_level=1 kb_level=-1 shape_bad=0 x_each_worker_once=1
CASE_PASS m=32 n=17 sve16_entries=6 expected=6 old_entries=3 packed_entries=3 packed_expected=3 wide_entries=0 wide_expected=0 wrapper_entries=0 wrapper_expected=0
ARGUMENTS_PASS m=32 n=17 calls=0 bad=0 expected_panel_stride=256
ALLOC_PASS m=33 n=1 small=1 wide_path=0 history_expected=1 history_calls=1 history_bytes=2048 history_success=1 history_fail=0 x_calls=4 x_bytes=8448 x_success=4 x_fail=0 kb_calls=0 kb_bytes=0 kb_success=0 kb_fail=0 total=5 injected=0 history_level=0 x_level=1 kb_level=-1 shape_bad=0 x_each_worker_once=1
CASE_PASS m=33 n=1 sve16_entries=2 expected=2 old_entries=1 packed_entries=1 packed_expected=1 wide_entries=0 wide_expected=0 wrapper_entries=0 wrapper_expected=0
ARGUMENTS_PASS m=33 n=1 calls=0 bad=0 expected_panel_stride=264
ALLOC_PASS m=33 n=7 small=1 wide_path=0 history_expected=1 history_calls=1 history_bytes=2048 history_success=1 history_fail=0 x_calls=4 x_bytes=8448 x_success=4 x_fail=0 kb_calls=0 kb_bytes=0 kb_success=0 kb_fail=0 total=5 injected=0 history_level=0 x_level=1 kb_level=-1 shape_bad=0 x_each_worker_once=1
CASE_PASS m=33 n=7 sve16_entries=2 expected=2 old_entries=1 packed_entries=1 packed_expected=1 wide_entries=0 wide_expected=0 wrapper_entries=0 wrapper_expected=0
ARGUMENTS_PASS m=33 n=7 calls=0 bad=0 expected_panel_stride=264
ALLOC_PASS m=33 n=8 small=1 wide_path=0 history_expected=1 history_calls=1 history_bytes=2048 history_success=1 history_fail=0 x_calls=4 x_bytes=8448 x_success=4 x_fail=0 kb_calls=0 kb_bytes=0 kb_success=0 kb_fail=0 total=5 injected=0 history_level=0 x_level=1 kb_level=-1 shape_bad=0 x_each_worker_once=1
CASE_PASS m=33 n=8 sve16_entries=2 expected=2 old_entries=1 packed_entries=1 packed_expected=1 wide_entries=0 wide_expected=0 wrapper_entries=0 wrapper_expected=0
ARGUMENTS_PASS m=33 n=8 calls=0 bad=0 expected_panel_stride=264
ALLOC_PASS m=33 n=9 small=1 wide_path=0 history_expected=1 history_calls=1 history_bytes=2048 history_success=1 history_fail=0 x_calls=4 x_bytes=8448 x_success=4 x_fail=0 kb_calls=0 kb_bytes=0 kb_success=0 kb_fail=0 total=5 injected=0 history_level=0 x_level=1 kb_level=-1 shape_bad=0 x_each_worker_once=1
CASE_PASS m=33 n=9 sve16_entries=4 expected=4 old_entries=2 packed_entries=2 packed_expected=2 wide_entries=0 wide_expected=0 wrapper_entries=0 wrapper_expected=0
ARGUMENTS_PASS m=33 n=9 calls=0 bad=0 expected_panel_stride=264
ALLOC_PASS m=33 n=17 small=1 wide_path=0 history_expected=1 history_calls=1 history_bytes=2048 history_success=1 history_fail=0 x_calls=4 x_bytes=8448 x_success=4 x_fail=0 kb_calls=0 kb_bytes=0 kb_success=0 kb_fail=0 total=5 injected=0 history_level=0 x_level=1 kb_level=-1 shape_bad=0 x_each_worker_once=1
CASE_PASS m=33 n=17 sve16_entries=6 expected=6 old_entries=3 packed_entries=3 packed_expected=3 wide_entries=0 wide_expected=0 wrapper_entries=0 wrapper_expected=0
ARGUMENTS_PASS m=33 n=17 calls=0 bad=0 expected_panel_stride=264
ALLOC_PASS m=63 n=1 small=1 wide_path=0 history_expected=1 history_calls=1 history_bytes=6144 history_success=1 history_fail=0 x_calls=4 x_bytes=16128 x_success=4 x_fail=0 kb_calls=0 kb_bytes=0 kb_success=0 kb_fail=0 total=5 injected=0 history_level=0 x_level=1 kb_level=-1 shape_bad=0 x_each_worker_once=1
CASE_PASS m=63 n=1 sve16_entries=3 expected=3 old_entries=1 packed_entries=2 packed_expected=2 wide_entries=0 wide_expected=0 wrapper_entries=0 wrapper_expected=0
ARGUMENTS_PASS m=63 n=1 calls=0 bad=0 expected_panel_stride=504
ALLOC_PASS m=63 n=7 small=1 wide_path=0 history_expected=1 history_calls=1 history_bytes=6144 history_success=1 history_fail=0 x_calls=4 x_bytes=16128 x_success=4 x_fail=0 kb_calls=0 kb_bytes=0 kb_success=0 kb_fail=0 total=5 injected=0 history_level=0 x_level=1 kb_level=-1 shape_bad=0 x_each_worker_once=1
CASE_PASS m=63 n=7 sve16_entries=3 expected=3 old_entries=1 packed_entries=2 packed_expected=2 wide_entries=0 wide_expected=0 wrapper_entries=0 wrapper_expected=0
ARGUMENTS_PASS m=63 n=7 calls=0 bad=0 expected_panel_stride=504
ALLOC_PASS m=63 n=8 small=1 wide_path=0 history_expected=1 history_calls=1 history_bytes=6144 history_success=1 history_fail=0 x_calls=4 x_bytes=16128 x_success=4 x_fail=0 kb_calls=0 kb_bytes=0 kb_success=0 kb_fail=0 total=5 injected=0 history_level=0 x_level=1 kb_level=-1 shape_bad=0 x_each_worker_once=1
CASE_PASS m=63 n=8 sve16_entries=3 expected=3 old_entries=1 packed_entries=2 packed_expected=2 wide_entries=0 wide_expected=0 wrapper_entries=0 wrapper_expected=0
ARGUMENTS_PASS m=63 n=8 calls=0 bad=0 expected_panel_stride=504
ALLOC_PASS m=63 n=9 small=1 wide_path=0 history_expected=1 history_calls=1 history_bytes=6144 history_success=1 history_fail=0 x_calls=4 x_bytes=16128 x_success=4 x_fail=0 kb_calls=0 kb_bytes=0 kb_success=0 kb_fail=0 total=5 injected=0 history_level=0 x_level=1 kb_level=-1 shape_bad=0 x_each_worker_once=1
CASE_PASS m=63 n=9 sve16_entries=6 expected=6 old_entries=2 packed_entries=4 packed_expected=4 wide_entries=0 wide_expected=0 wrapper_entries=0 wrapper_expected=0
ARGUMENTS_PASS m=63 n=9 calls=0 bad=0 expected_panel_stride=504
ALLOC_PASS m=63 n=17 small=1 wide_path=0 history_expected=1 history_calls=1 history_bytes=6144 history_success=1 history_fail=0 x_calls=4 x_bytes=16128 x_success=4 x_fail=0 kb_calls=0 kb_bytes=0 kb_success=0 kb_fail=0 total=5 injected=0 history_level=0 x_level=1 kb_level=-1 shape_bad=0 x_each_worker_once=1
CASE_PASS m=63 n=17 sve16_entries=9 expected=9 old_entries=3 packed_entries=6 packed_expected=6 wide_entries=0 wide_expected=0 wrapper_entries=0 wrapper_expected=0
ARGUMENTS_PASS m=63 n=17 calls=0 bad=0 expected_panel_stride=504
ALLOC_PASS m=64 n=1 small=1 wide_path=0 history_expected=1 history_calls=1 history_bytes=12288 history_success=1 history_fail=0 x_calls=4 x_bytes=16384 x_success=4 x_fail=0 kb_calls=0 kb_bytes=0 kb_success=0 kb_fail=0 total=5 injected=0 history_level=0 x_level=1 kb_level=-1 shape_bad=0 x_each_worker_once=1
CASE_PASS m=64 n=1 sve16_entries=4 expected=4 old_entries=1 packed_entries=3 packed_expected=3 wide_entries=0 wide_expected=0 wrapper_entries=0 wrapper_expected=0
ARGUMENTS_PASS m=64 n=1 calls=0 bad=0 expected_panel_stride=512
ALLOC_PASS m=64 n=7 small=1 wide_path=0 history_expected=1 history_calls=1 history_bytes=12288 history_success=1 history_fail=0 x_calls=4 x_bytes=16384 x_success=4 x_fail=0 kb_calls=0 kb_bytes=0 kb_success=0 kb_fail=0 total=5 injected=0 history_level=0 x_level=1 kb_level=-1 shape_bad=0 x_each_worker_once=1
CASE_PASS m=64 n=7 sve16_entries=4 expected=4 old_entries=1 packed_entries=3 packed_expected=3 wide_entries=0 wide_expected=0 wrapper_entries=0 wrapper_expected=0
ARGUMENTS_PASS m=64 n=7 calls=0 bad=0 expected_panel_stride=512
ALLOC_PASS m=64 n=8 small=1 wide_path=0 history_expected=1 history_calls=1 history_bytes=12288 history_success=1 history_fail=0 x_calls=4 x_bytes=16384 x_success=4 x_fail=0 kb_calls=0 kb_bytes=0 kb_success=0 kb_fail=0 total=5 injected=0 history_level=0 x_level=1 kb_level=-1 shape_bad=0 x_each_worker_once=1
CASE_PASS m=64 n=8 sve16_entries=4 expected=4 old_entries=1 packed_entries=3 packed_expected=3 wide_entries=0 wide_expected=0 wrapper_entries=0 wrapper_expected=0
ARGUMENTS_PASS m=64 n=8 calls=0 bad=0 expected_panel_stride=512
ALLOC_PASS m=64 n=9 small=1 wide_path=0 history_expected=1 history_calls=1 history_bytes=12288 history_success=1 history_fail=0 x_calls=4 x_bytes=16384 x_success=4 x_fail=0 kb_calls=0 kb_bytes=0 kb_success=0 kb_fail=0 total=5 injected=0 history_level=0 x_level=1 kb_level=-1 shape_bad=0 x_each_worker_once=1
CASE_PASS m=64 n=9 sve16_entries=8 expected=8 old_entries=2 packed_entries=6 packed_expected=6 wide_entries=0 wide_expected=0 wrapper_entries=0 wrapper_expected=0
ARGUMENTS_PASS m=64 n=9 calls=0 bad=0 expected_panel_stride=512
ALLOC_PASS m=64 n=17 small=1 wide_path=0 history_expected=1 history_calls=1 history_bytes=12288 history_success=1 history_fail=0 x_calls=4 x_bytes=16384 x_success=4 x_fail=0 kb_calls=0 kb_bytes=0 kb_success=0 kb_fail=0 total=5 injected=0 history_level=0 x_level=1 kb_level=-1 shape_bad=0 x_each_worker_once=1
CASE_PASS m=64 n=17 sve16_entries=12 expected=12 old_entries=3 packed_entries=9 packed_expected=9 wide_entries=0 wide_expected=0 wrapper_entries=0 wrapper_expected=0
ARGUMENTS_PASS m=64 n=17 calls=0 bad=0 expected_panel_stride=512
ALLOC_PASS m=65 n=1 small=1 wide_path=0 history_expected=1 history_calls=1 history_bytes=12288 history_success=1 history_fail=0 x_calls=4 x_bytes=16640 x_success=4 x_fail=0 kb_calls=0 kb_bytes=0 kb_success=0 kb_fail=0 total=5 injected=0 history_level=0 x_level=1 kb_level=-1 shape_bad=0 x_each_worker_once=1
CASE_PASS m=65 n=1 sve16_entries=4 expected=4 old_entries=1 packed_entries=3 packed_expected=3 wide_entries=0 wide_expected=0 wrapper_entries=0 wrapper_expected=0
ARGUMENTS_PASS m=65 n=1 calls=0 bad=0 expected_panel_stride=520
ALLOC_PASS m=65 n=7 small=1 wide_path=0 history_expected=1 history_calls=1 history_bytes=12288 history_success=1 history_fail=0 x_calls=4 x_bytes=16640 x_success=4 x_fail=0 kb_calls=0 kb_bytes=0 kb_success=0 kb_fail=0 total=5 injected=0 history_level=0 x_level=1 kb_level=-1 shape_bad=0 x_each_worker_once=1
CASE_PASS m=65 n=7 sve16_entries=4 expected=4 old_entries=1 packed_entries=3 packed_expected=3 wide_entries=0 wide_expected=0 wrapper_entries=0 wrapper_expected=0
ARGUMENTS_PASS m=65 n=7 calls=0 bad=0 expected_panel_stride=520
ALLOC_PASS m=65 n=8 small=1 wide_path=0 history_expected=1 history_calls=1 history_bytes=12288 history_success=1 history_fail=0 x_calls=4 x_bytes=16640 x_success=4 x_fail=0 kb_calls=0 kb_bytes=0 kb_success=0 kb_fail=0 total=5 injected=0 history_level=0 x_level=1 kb_level=-1 shape_bad=0 x_each_worker_once=1
CASE_PASS m=65 n=8 sve16_entries=4 expected=4 old_entries=1 packed_entries=3 packed_expected=3 wide_entries=0 wide_expected=0 wrapper_entries=0 wrapper_expected=0
ARGUMENTS_PASS m=65 n=8 calls=0 bad=0 expected_panel_stride=520
ALLOC_PASS m=65 n=9 small=1 wide_path=0 history_expected=1 history_calls=1 history_bytes=12288 history_success=1 history_fail=0 x_calls=4 x_bytes=16640 x_success=4 x_fail=0 kb_calls=0 kb_bytes=0 kb_success=0 kb_fail=0 total=5 injected=0 history_level=0 x_level=1 kb_level=-1 shape_bad=0 x_each_worker_once=1
CASE_PASS m=65 n=9 sve16_entries=8 expected=8 old_entries=2 packed_entries=6 packed_expected=6 wide_entries=0 wide_expected=0 wrapper_entries=0 wrapper_expected=0
ARGUMENTS_PASS m=65 n=9 calls=0 bad=0 expected_panel_stride=520
ALLOC_PASS m=65 n=17 small=1 wide_path=0 history_expected=1 history_calls=1 history_bytes=12288 history_success=1 history_fail=0 x_calls=4 x_bytes=16640 x_success=4 x_fail=0 kb_calls=0 kb_bytes=0 kb_success=0 kb_fail=0 total=5 injected=0 history_level=0 x_level=1 kb_level=-1 shape_bad=0 x_each_worker_once=1
CASE_PASS m=65 n=17 sve16_entries=12 expected=12 old_entries=3 packed_entries=9 packed_expected=9 wide_entries=0 wide_expected=0 wrapper_entries=0 wrapper_expected=0
ARGUMENTS_PASS m=65 n=17 calls=0 bad=0 expected_panel_stride=520
ALLOC_PASS m=255 n=1 small=1 wide_path=0 history_expected=1 history_calls=1 history_bytes=215040 history_success=1 history_fail=0 x_calls=4 x_bytes=65280 x_success=4 x_fail=0 kb_calls=0 kb_bytes=0 kb_success=0 kb_fail=0 total=5 injected=0 history_level=0 x_level=1 kb_level=-1 shape_bad=0 x_each_worker_once=1
CASE_PASS m=255 n=1 sve16_entries=15 expected=15 old_entries=1 packed_entries=14 packed_expected=14 wide_entries=0 wide_expected=0 wrapper_entries=0 wrapper_expected=0
ARGUMENTS_PASS m=255 n=1 calls=0 bad=0 expected_panel_stride=2040
ALLOC_PASS m=255 n=7 small=1 wide_path=0 history_expected=1 history_calls=1 history_bytes=215040 history_success=1 history_fail=0 x_calls=4 x_bytes=65280 x_success=4 x_fail=0 kb_calls=0 kb_bytes=0 kb_success=0 kb_fail=0 total=5 injected=0 history_level=0 x_level=1 kb_level=-1 shape_bad=0 x_each_worker_once=1
CASE_PASS m=255 n=7 sve16_entries=15 expected=15 old_entries=1 packed_entries=14 packed_expected=14 wide_entries=0 wide_expected=0 wrapper_entries=0 wrapper_expected=0
ARGUMENTS_PASS m=255 n=7 calls=0 bad=0 expected_panel_stride=2040
ALLOC_PASS m=255 n=8 small=1 wide_path=0 history_expected=1 history_calls=1 history_bytes=215040 history_success=1 history_fail=0 x_calls=4 x_bytes=65280 x_success=4 x_fail=0 kb_calls=0 kb_bytes=0 kb_success=0 kb_fail=0 total=5 injected=0 history_level=0 x_level=1 kb_level=-1 shape_bad=0 x_each_worker_once=1
CASE_PASS m=255 n=8 sve16_entries=15 expected=15 old_entries=1 packed_entries=14 packed_expected=14 wide_entries=0 wide_expected=0 wrapper_entries=0 wrapper_expected=0
ARGUMENTS_PASS m=255 n=8 calls=0 bad=0 expected_panel_stride=2040
ALLOC_PASS m=255 n=9 small=1 wide_path=0 history_expected=1 history_calls=1 history_bytes=215040 history_success=1 history_fail=0 x_calls=4 x_bytes=65280 x_success=4 x_fail=0 kb_calls=0 kb_bytes=0 kb_success=0 kb_fail=0 total=5 injected=0 history_level=0 x_level=1 kb_level=-1 shape_bad=0 x_each_worker_once=1
CASE_PASS m=255 n=9 sve16_entries=30 expected=30 old_entries=2 packed_entries=28 packed_expected=28 wide_entries=0 wide_expected=0 wrapper_entries=0 wrapper_expected=0
ARGUMENTS_PASS m=255 n=9 calls=0 bad=0 expected_panel_stride=2040
ALLOC_PASS m=255 n=17 small=1 wide_path=0 history_expected=1 history_calls=1 history_bytes=215040 history_success=1 history_fail=0 x_calls=4 x_bytes=65280 x_success=4 x_fail=0 kb_calls=0 kb_bytes=0 kb_success=0 kb_fail=0 total=5 injected=0 history_level=0 x_level=1 kb_level=-1 shape_bad=0 x_each_worker_once=1
CASE_PASS m=255 n=17 sve16_entries=45 expected=45 old_entries=3 packed_entries=42 packed_expected=42 wide_entries=0 wide_expected=0 wrapper_entries=0 wrapper_expected=0
ARGUMENTS_PASS m=255 n=17 calls=0 bad=0 expected_panel_stride=2040
ALLOC_PASS m=256 n=1 small=1 wide_path=0 history_expected=1 history_calls=1 history_bytes=245760 history_success=1 history_fail=0 x_calls=4 x_bytes=65536 x_success=4 x_fail=0 kb_calls=0 kb_bytes=0 kb_success=0 kb_fail=0 total=5 injected=0 history_level=0 x_level=1 kb_level=-1 shape_bad=0 x_each_worker_once=1
CASE_PASS m=256 n=1 sve16_entries=16 expected=16 old_entries=1 packed_entries=15 packed_expected=15 wide_entries=0 wide_expected=0 wrapper_entries=0 wrapper_expected=0
ARGUMENTS_PASS m=256 n=1 calls=0 bad=0 expected_panel_stride=2048
ALLOC_PASS m=256 n=7 small=1 wide_path=0 history_expected=1 history_calls=1 history_bytes=245760 history_success=1 history_fail=0 x_calls=4 x_bytes=65536 x_success=4 x_fail=0 kb_calls=0 kb_bytes=0 kb_success=0 kb_fail=0 total=5 injected=0 history_level=0 x_level=1 kb_level=-1 shape_bad=0 x_each_worker_once=1
CASE_PASS m=256 n=7 sve16_entries=16 expected=16 old_entries=1 packed_entries=15 packed_expected=15 wide_entries=0 wide_expected=0 wrapper_entries=0 wrapper_expected=0
ARGUMENTS_PASS m=256 n=7 calls=0 bad=0 expected_panel_stride=2048
ALLOC_PASS m=256 n=8 small=1 wide_path=0 history_expected=1 history_calls=1 history_bytes=245760 history_success=1 history_fail=0 x_calls=4 x_bytes=65536 x_success=4 x_fail=0 kb_calls=0 kb_bytes=0 kb_success=0 kb_fail=0 total=5 injected=0 history_level=0 x_level=1 kb_level=-1 shape_bad=0 x_each_worker_once=1
CASE_PASS m=256 n=8 sve16_entries=16 expected=16 old_entries=1 packed_entries=15 packed_expected=15 wide_entries=0 wide_expected=0 wrapper_entries=0 wrapper_expected=0
ARGUMENTS_PASS m=256 n=8 calls=0 bad=0 expected_panel_stride=2048
ALLOC_PASS m=256 n=9 small=1 wide_path=0 history_expected=1 history_calls=1 history_bytes=245760 history_success=1 history_fail=0 x_calls=4 x_bytes=65536 x_success=4 x_fail=0 kb_calls=0 kb_bytes=0 kb_success=0 kb_fail=0 total=5 injected=0 history_level=0 x_level=1 kb_level=-1 shape_bad=0 x_each_worker_once=1
CASE_PASS m=256 n=9 sve16_entries=32 expected=32 old_entries=2 packed_entries=30 packed_expected=30 wide_entries=0 wide_expected=0 wrapper_entries=0 wrapper_expected=0
ARGUMENTS_PASS m=256 n=9 calls=0 bad=0 expected_panel_stride=2048
ALLOC_PASS m=256 n=17 small=1 wide_path=0 history_expected=1 history_calls=1 history_bytes=245760 history_success=1 history_fail=0 x_calls=4 x_bytes=65536 x_success=4 x_fail=0 kb_calls=0 kb_bytes=0 kb_success=0 kb_fail=0 total=5 injected=0 history_level=0 x_level=1 kb_level=-1 shape_bad=0 x_each_worker_once=1
CASE_PASS m=256 n=17 sve16_entries=48 expected=48 old_entries=3 packed_entries=45 packed_expected=45 wide_entries=0 wide_expected=0 wrapper_entries=0 wrapper_expected=0
ARGUMENTS_PASS m=256 n=17 calls=0 bad=0 expected_panel_stride=2048
ALLOC_PASS m=257 n=1 small=1 wide_path=0 history_expected=1 history_calls=1 history_bytes=245760 history_success=1 history_fail=0 x_calls=4 x_bytes=65792 x_success=4 x_fail=0 kb_calls=0 kb_bytes=0 kb_success=0 kb_fail=0 total=5 injected=0 history_level=0 x_level=1 kb_level=-1 shape_bad=0 x_each_worker_once=1
CASE_PASS m=257 n=1 sve16_entries=16 expected=16 old_entries=1 packed_entries=15 packed_expected=15 wide_entries=0 wide_expected=0 wrapper_entries=0 wrapper_expected=0
ARGUMENTS_PASS m=257 n=1 calls=0 bad=0 expected_panel_stride=2056
ALLOC_PASS m=257 n=7 small=1 wide_path=0 history_expected=1 history_calls=1 history_bytes=245760 history_success=1 history_fail=0 x_calls=4 x_bytes=65792 x_success=4 x_fail=0 kb_calls=0 kb_bytes=0 kb_success=0 kb_fail=0 total=5 injected=0 history_level=0 x_level=1 kb_level=-1 shape_bad=0 x_each_worker_once=1
CASE_PASS m=257 n=7 sve16_entries=16 expected=16 old_entries=1 packed_entries=15 packed_expected=15 wide_entries=0 wide_expected=0 wrapper_entries=0 wrapper_expected=0
ARGUMENTS_PASS m=257 n=7 calls=0 bad=0 expected_panel_stride=2056
ALLOC_PASS m=257 n=8 small=1 wide_path=0 history_expected=1 history_calls=1 history_bytes=245760 history_success=1 history_fail=0 x_calls=4 x_bytes=65792 x_success=4 x_fail=0 kb_calls=0 kb_bytes=0 kb_success=0 kb_fail=0 total=5 injected=0 history_level=0 x_level=1 kb_level=-1 shape_bad=0 x_each_worker_once=1
CASE_PASS m=257 n=8 sve16_entries=16 expected=16 old_entries=1 packed_entries=15 packed_expected=15 wide_entries=0 wide_expected=0 wrapper_entries=0 wrapper_expected=0
ARGUMENTS_PASS m=257 n=8 calls=0 bad=0 expected_panel_stride=2056
ALLOC_PASS m=257 n=9 small=1 wide_path=0 history_expected=1 history_calls=1 history_bytes=245760 history_success=1 history_fail=0 x_calls=4 x_bytes=65792 x_success=4 x_fail=0 kb_calls=0 kb_bytes=0 kb_success=0 kb_fail=0 total=5 injected=0 history_level=0 x_level=1 kb_level=-1 shape_bad=0 x_each_worker_once=1
CASE_PASS m=257 n=9 sve16_entries=32 expected=32 old_entries=2 packed_entries=30 packed_expected=30 wide_entries=0 wide_expected=0 wrapper_entries=0 wrapper_expected=0
ARGUMENTS_PASS m=257 n=9 calls=0 bad=0 expected_panel_stride=2056
ALLOC_PASS m=257 n=17 small=1 wide_path=0 history_expected=1 history_calls=1 history_bytes=245760 history_success=1 history_fail=0 x_calls=4 x_bytes=65792 x_success=4 x_fail=0 kb_calls=0 kb_bytes=0 kb_success=0 kb_fail=0 total=5 injected=0 history_level=0 x_level=1 kb_level=-1 shape_bad=0 x_each_worker_once=1
CASE_PASS m=257 n=17 sve16_entries=48 expected=48 old_entries=3 packed_entries=45 packed_expected=45 wide_entries=0 wide_expected=0 wrapper_entries=0 wrapper_expected=0
ARGUMENTS_PASS m=257 n=17 calls=0 bad=0 expected_panel_stride=2056
ALLOCATION_SUMMARY_PASS cases=80 budget_cases=0 shared_injection_cases=0
PASS whole_cases=80 noop_cases=4 non_dyadic_long_double_RHS=1 padding_L_unchanged=1 max_error=1.1102230246251565e-16
SOURCE_FEATURES_PASS panel16=1 packedL16=1 has_budget=1 history_budget_bytes=4194304 panel8x16=1
MODE=smoke THREADS=38 NARROW_VL=0 EXPECT_SVE16=1 EXPECT_PACKEDL16=1
ALLOC_PASS m=15 n=9 small=1 wide_path=0 history_expected=0 history_calls=0 history_bytes=0 history_success=0 history_fail=0 x_calls=38 x_bytes=36480 x_success=38 x_fail=0 kb_calls=0 kb_bytes=0 kb_success=0 kb_fail=0 total=38 injected=0 history_level=-1 x_level=1 kb_level=-1 shape_bad=0 x_each_worker_once=1
CASE_PASS m=15 n=9 sve16_entries=0 expected=0 old_entries=0 packed_entries=0 packed_expected=0 wide_entries=0 wide_expected=0 wrapper_entries=0 wrapper_expected=0
ARGUMENTS_PASS m=15 n=9 calls=0 bad=0 expected_panel_stride=120
ALLOC_PASS m=16 n=17 small=1 wide_path=0 history_expected=0 history_calls=0 history_bytes=0 history_success=0 history_fail=0 x_calls=38 x_bytes=38912 x_success=38 x_fail=0 kb_calls=0 kb_bytes=0 kb_success=0 kb_fail=0 total=38 injected=0 history_level=-1 x_level=1 kb_level=-1 shape_bad=0 x_each_worker_once=1
CASE_PASS m=16 n=17 sve16_entries=3 expected=3 old_entries=3 packed_entries=0 packed_expected=0 wide_entries=0 wide_expected=0 wrapper_entries=0 wrapper_expected=0
ARGUMENTS_PASS m=16 n=17 calls=0 bad=0 expected_panel_stride=128
ALLOC_PASS m=33 n=313 small=1 wide_path=0 history_expected=1 history_calls=1 history_bytes=2048 history_success=1 history_fail=0 x_calls=38 x_bytes=80256 x_success=38 x_fail=0 kb_calls=0 kb_bytes=0 kb_success=0 kb_fail=0 total=39 injected=0 history_level=0 x_level=1 kb_level=-1 shape_bad=0 x_each_worker_once=1
CASE_PASS m=33 n=313 sve16_entries=80 expected=80 old_entries=40 packed_entries=40 packed_expected=40 wide_entries=0 wide_expected=0 wrapper_entries=0 wrapper_expected=0
ARGUMENTS_PASS m=33 n=313 calls=0 bad=0 expected_panel_stride=264
ALLOC_PASS m=257 n=313 small=1 wide_path=0 history_expected=1 history_calls=1 history_bytes=245760 history_success=1 history_fail=0 x_calls=38 x_bytes=625024 x_success=38 x_fail=0 kb_calls=0 kb_bytes=0 kb_success=0 kb_fail=0 total=39 injected=0 history_level=0 x_level=1 kb_level=-1 shape_bad=0 x_each_worker_once=1
CASE_PASS m=257 n=313 sve16_entries=640 expected=640 old_entries=40 packed_entries=600 packed_expected=600 wide_entries=0 wide_expected=0 wrapper_entries=0 wrapper_expected=0
ARGUMENTS_PASS m=257 n=313 calls=0 bad=0 expected_panel_stride=2056
ALLOCATION_SUMMARY_PASS cases=4 budget_cases=0 shared_injection_cases=0
PASS whole_cases=4 noop_cases=4 non_dyadic_long_double_RHS=1 padding_L_unchanged=1 max_error=1.1102230246251565e-16
SOURCE_FEATURES_PASS panel16=1 packedL16=1 has_budget=1 history_budget_bytes=4194304 panel8x16=1
MODE=boundary THREADS=1 NARROW_VL=0 EXPECT_SVE16=1 EXPECT_PACKEDL16=1
ALLOC_PASS m=4095 n=9 small=1 wide_path=1 history_expected=0 history_calls=0 history_bytes=0 history_success=0 history_fail=0 x_calls=1 x_bytes=524160 x_success=1 x_fail=0 kb_calls=0 kb_bytes=0 kb_success=0 kb_fail=0 total=1 injected=0 history_level=-1 x_level=1 kb_level=-1 shape_bad=0 x_each_worker_once=1
CASE_PASS m=4095 n=9 sve16_entries=510 expected=510 old_entries=510 packed_entries=0 packed_expected=0 wide_entries=0 wide_expected=0 wrapper_entries=1 wrapper_expected=1
ARGUMENTS_PASS m=4095 n=9 calls=0 bad=0 expected_panel_stride=32760
ALLOC_PASS m=4097 n=9 small=0 wide_path=0 history_expected=0 history_calls=0 history_bytes=0 history_success=0 history_fail=0 x_calls=0 x_bytes=0 x_success=0 x_fail=0 kb_calls=1 kb_bytes=32768 kb_success=1 kb_fail=0 total=1 injected=0 history_level=-1 x_level=-1 kb_level=0 shape_bad=0 x_each_worker_once=1
CASE_PASS m=4097 n=9 sve16_entries=0 expected=0 old_entries=0 packed_entries=0 packed_expected=0 wide_entries=0 wide_expected=0 wrapper_entries=0 wrapper_expected=0
ARGUMENTS_PASS m=4097 n=9 calls=0 bad=0 expected_panel_stride=32776
ALLOCATION_SUMMARY_PASS cases=2 budget_cases=0 shared_injection_cases=0
PASS whole_cases=2 noop_cases=4 non_dyadic_long_double_RHS=1 padding_L_unchanged=1 max_error=3.8857805861880479e-16
SOURCE_FEATURES_PASS panel16=1 packedL16=1 has_budget=1 history_budget_bytes=4194304 panel8x16=1
MODE=full THREADS=4 NARROW_VL=0 EXPECT_SVE16=0 EXPECT_PACKEDL16=0
ALLOC_PASS m=1 n=1 small=1 wide_path=0 history_expected=0 history_calls=0 history_bytes=0 history_success=0 history_fail=0 x_calls=4 x_bytes=256 x_success=4 x_fail=0 kb_calls=0 kb_bytes=0 kb_success=0 kb_fail=0 total=4 injected=0 history_level=-1 x_level=1 kb_level=-1 shape_bad=0 x_each_worker_once=1
CASE_PASS m=1 n=1 sve16_entries=0 expected=0 old_entries=0 packed_entries=0 packed_expected=0 wide_entries=0 wide_expected=0 wrapper_entries=0 wrapper_expected=0
ARGUMENTS_PASS m=1 n=1 calls=0 bad=0 expected_panel_stride=8
ALLOC_PASS m=1 n=7 small=1 wide_path=0 history_expected=0 history_calls=0 history_bytes=0 history_success=0 history_fail=0 x_calls=4 x_bytes=256 x_success=4 x_fail=0 kb_calls=0 kb_bytes=0 kb_success=0 kb_fail=0 total=4 injected=0 history_level=-1 x_level=1 kb_level=-1 shape_bad=0 x_each_worker_once=1
CASE_PASS m=1 n=7 sve16_entries=0 expected=0 old_entries=0 packed_entries=0 packed_expected=0 wide_entries=0 wide_expected=0 wrapper_entries=0 wrapper_expected=0
ARGUMENTS_PASS m=1 n=7 calls=0 bad=0 expected_panel_stride=8
ALLOC_PASS m=1 n=8 small=1 wide_path=0 history_expected=0 history_calls=0 history_bytes=0 history_success=0 history_fail=0 x_calls=4 x_bytes=256 x_success=4 x_fail=0 kb_calls=0 kb_bytes=0 kb_success=0 kb_fail=0 total=4 injected=0 history_level=-1 x_level=1 kb_level=-1 shape_bad=0 x_each_worker_once=1
CASE_PASS m=1 n=8 sve16_entries=0 expected=0 old_entries=0 packed_entries=0 packed_expected=0 wide_entries=0 wide_expected=0 wrapper_entries=0 wrapper_expected=0
ARGUMENTS_PASS m=1 n=8 calls=0 bad=0 expected_panel_stride=8
ALLOC_PASS m=1 n=9 small=1 wide_path=0 history_expected=0 history_calls=0 history_bytes=0 history_success=0 history_fail=0 x_calls=4 x_bytes=256 x_success=4 x_fail=0 kb_calls=0 kb_bytes=0 kb_success=0 kb_fail=0 total=4 injected=0 history_level=-1 x_level=1 kb_level=-1 shape_bad=0 x_each_worker_once=1
CASE_PASS m=1 n=9 sve16_entries=0 expected=0 old_entries=0 packed_entries=0 packed_expected=0 wide_entries=0 wide_expected=0 wrapper_entries=0 wrapper_expected=0
ARGUMENTS_PASS m=1 n=9 calls=0 bad=0 expected_panel_stride=8
ALLOC_PASS m=1 n=17 small=1 wide_path=0 history_expected=0 history_calls=0 history_bytes=0 history_success=0 history_fail=0 x_calls=4 x_bytes=256 x_success=4 x_fail=0 kb_calls=0 kb_bytes=0 kb_success=0 kb_fail=0 total=4 injected=0 history_level=-1 x_level=1 kb_level=-1 shape_bad=0 x_each_worker_once=1
CASE_PASS m=1 n=17 sve16_entries=0 expected=0 old_entries=0 packed_entries=0 packed_expected=0 wide_entries=0 wide_expected=0 wrapper_entries=0 wrapper_expected=0
ARGUMENTS_PASS m=1 n=17 calls=0 bad=0 expected_panel_stride=8
ALLOC_PASS m=3 n=1 small=1 wide_path=0 history_expected=0 history_calls=0 history_bytes=0 history_success=0 history_fail=0 x_calls=4 x_bytes=768 x_success=4 x_fail=0 kb_calls=0 kb_bytes=0 kb_success=0 kb_fail=0 total=4 injected=0 history_level=-1 x_level=1 kb_level=-1 shape_bad=0 x_each_worker_once=1
CASE_PASS m=3 n=1 sve16_entries=0 expected=0 old_entries=0 packed_entries=0 packed_expected=0 wide_entries=0 wide_expected=0 wrapper_entries=0 wrapper_expected=0
ARGUMENTS_PASS m=3 n=1 calls=0 bad=0 expected_panel_stride=24
ALLOC_PASS m=3 n=7 small=1 wide_path=0 history_expected=0 history_calls=0 history_bytes=0 history_success=0 history_fail=0 x_calls=4 x_bytes=768 x_success=4 x_fail=0 kb_calls=0 kb_bytes=0 kb_success=0 kb_fail=0 total=4 injected=0 history_level=-1 x_level=1 kb_level=-1 shape_bad=0 x_each_worker_once=1
CASE_PASS m=3 n=7 sve16_entries=0 expected=0 old_entries=0 packed_entries=0 packed_expected=0 wide_entries=0 wide_expected=0 wrapper_entries=0 wrapper_expected=0
ARGUMENTS_PASS m=3 n=7 calls=0 bad=0 expected_panel_stride=24
ALLOC_PASS m=3 n=8 small=1 wide_path=0 history_expected=0 history_calls=0 history_bytes=0 history_success=0 history_fail=0 x_calls=4 x_bytes=768 x_success=4 x_fail=0 kb_calls=0 kb_bytes=0 kb_success=0 kb_fail=0 total=4 injected=0 history_level=-1 x_level=1 kb_level=-1 shape_bad=0 x_each_worker_once=1
CASE_PASS m=3 n=8 sve16_entries=0 expected=0 old_entries=0 packed_entries=0 packed_expected=0 wide_entries=0 wide_expected=0 wrapper_entries=0 wrapper_expected=0
ARGUMENTS_PASS m=3 n=8 calls=0 bad=0 expected_panel_stride=24
ALLOC_PASS m=3 n=9 small=1 wide_path=0 history_expected=0 history_calls=0 history_bytes=0 history_success=0 history_fail=0 x_calls=4 x_bytes=768 x_success=4 x_fail=0 kb_calls=0 kb_bytes=0 kb_success=0 kb_fail=0 total=4 injected=0 history_level=-1 x_level=1 kb_level=-1 shape_bad=0 x_each_worker_once=1
CASE_PASS m=3 n=9 sve16_entries=0 expected=0 old_entries=0 packed_entries=0 packed_expected=0 wide_entries=0 wide_expected=0 wrapper_entries=0 wrapper_expected=0
ARGUMENTS_PASS m=3 n=9 calls=0 bad=0 expected_panel_stride=24
ALLOC_PASS m=3 n=17 small=1 wide_path=0 history_expected=0 history_calls=0 history_bytes=0 history_success=0 history_fail=0 x_calls=4 x_bytes=768 x_success=4 x_fail=0 kb_calls=0 kb_bytes=0 kb_success=0 kb_fail=0 total=4 injected=0 history_level=-1 x_level=1 kb_level=-1 shape_bad=0 x_each_worker_once=1
CASE_PASS m=3 n=17 sve16_entries=0 expected=0 old_entries=0 packed_entries=0 packed_expected=0 wide_entries=0 wide_expected=0 wrapper_entries=0 wrapper_expected=0
ARGUMENTS_PASS m=3 n=17 calls=0 bad=0 expected_panel_stride=24
ALLOC_PASS m=4 n=1 small=1 wide_path=0 history_expected=0 history_calls=0 history_bytes=0 history_success=0 history_fail=0 x_calls=4 x_bytes=1024 x_success=4 x_fail=0 kb_calls=0 kb_bytes=0 kb_success=0 kb_fail=0 total=4 injected=0 history_level=-1 x_level=1 kb_level=-1 shape_bad=0 x_each_worker_once=1
CASE_PASS m=4 n=1 sve16_entries=0 expected=0 old_entries=0 packed_entries=0 packed_expected=0 wide_entries=0 wide_expected=0 wrapper_entries=0 wrapper_expected=0
ARGUMENTS_PASS m=4 n=1 calls=0 bad=0 expected_panel_stride=32
ALLOC_PASS m=4 n=7 small=1 wide_path=0 history_expected=0 history_calls=0 history_bytes=0 history_success=0 history_fail=0 x_calls=4 x_bytes=1024 x_success=4 x_fail=0 kb_calls=0 kb_bytes=0 kb_success=0 kb_fail=0 total=4 injected=0 history_level=-1 x_level=1 kb_level=-1 shape_bad=0 x_each_worker_once=1
CASE_PASS m=4 n=7 sve16_entries=0 expected=0 old_entries=0 packed_entries=0 packed_expected=0 wide_entries=0 wide_expected=0 wrapper_entries=0 wrapper_expected=0
ARGUMENTS_PASS m=4 n=7 calls=0 bad=0 expected_panel_stride=32
ALLOC_PASS m=4 n=8 small=1 wide_path=0 history_expected=0 history_calls=0 history_bytes=0 history_success=0 history_fail=0 x_calls=4 x_bytes=1024 x_success=4 x_fail=0 kb_calls=0 kb_bytes=0 kb_success=0 kb_fail=0 total=4 injected=0 history_level=-1 x_level=1 kb_level=-1 shape_bad=0 x_each_worker_once=1
CASE_PASS m=4 n=8 sve16_entries=0 expected=0 old_entries=0 packed_entries=0 packed_expected=0 wide_entries=0 wide_expected=0 wrapper_entries=0 wrapper_expected=0
ARGUMENTS_PASS m=4 n=8 calls=0 bad=0 expected_panel_stride=32
ALLOC_PASS m=4 n=9 small=1 wide_path=0 history_expected=0 history_calls=0 history_bytes=0 history_success=0 history_fail=0 x_calls=4 x_bytes=1024 x_success=4 x_fail=0 kb_calls=0 kb_bytes=0 kb_success=0 kb_fail=0 total=4 injected=0 history_level=-1 x_level=1 kb_level=-1 shape_bad=0 x_each_worker_once=1
CASE_PASS m=4 n=9 sve16_entries=0 expected=0 old_entries=0 packed_entries=0 packed_expected=0 wide_entries=0 wide_expected=0 wrapper_entries=0 wrapper_expected=0
ARGUMENTS_PASS m=4 n=9 calls=0 bad=0 expected_panel_stride=32
ALLOC_PASS m=4 n=17 small=1 wide_path=0 history_expected=0 history_calls=0 history_bytes=0 history_success=0 history_fail=0 x_calls=4 x_bytes=1024 x_success=4 x_fail=0 kb_calls=0 kb_bytes=0 kb_success=0 kb_fail=0 total=4 injected=0 history_level=-1 x_level=1 kb_level=-1 shape_bad=0 x_each_worker_once=1
CASE_PASS m=4 n=17 sve16_entries=0 expected=0 old_entries=0 packed_entries=0 packed_expected=0 wide_entries=0 wide_expected=0 wrapper_entries=0 wrapper_expected=0
ARGUMENTS_PASS m=4 n=17 calls=0 bad=0 expected_panel_stride=32
ALLOC_PASS m=5 n=1 small=1 wide_path=0 history_expected=0 history_calls=0 history_bytes=0 history_success=0 history_fail=0 x_calls=4 x_bytes=1280 x_success=4 x_fail=0 kb_calls=0 kb_bytes=0 kb_success=0 kb_fail=0 total=4 injected=0 history_level=-1 x_level=1 kb_level=-1 shape_bad=0 x_each_worker_once=1
CASE_PASS m=5 n=1 sve16_entries=0 expected=0 old_entries=0 packed_entries=0 packed_expected=0 wide_entries=0 wide_expected=0 wrapper_entries=0 wrapper_expected=0
ARGUMENTS_PASS m=5 n=1 calls=0 bad=0 expected_panel_stride=40
ALLOC_PASS m=5 n=7 small=1 wide_path=0 history_expected=0 history_calls=0 history_bytes=0 history_success=0 history_fail=0 x_calls=4 x_bytes=1280 x_success=4 x_fail=0 kb_calls=0 kb_bytes=0 kb_success=0 kb_fail=0 total=4 injected=0 history_level=-1 x_level=1 kb_level=-1 shape_bad=0 x_each_worker_once=1
CASE_PASS m=5 n=7 sve16_entries=0 expected=0 old_entries=0 packed_entries=0 packed_expected=0 wide_entries=0 wide_expected=0 wrapper_entries=0 wrapper_expected=0
ARGUMENTS_PASS m=5 n=7 calls=0 bad=0 expected_panel_stride=40
ALLOC_PASS m=5 n=8 small=1 wide_path=0 history_expected=0 history_calls=0 history_bytes=0 history_success=0 history_fail=0 x_calls=4 x_bytes=1280 x_success=4 x_fail=0 kb_calls=0 kb_bytes=0 kb_success=0 kb_fail=0 total=4 injected=0 history_level=-1 x_level=1 kb_level=-1 shape_bad=0 x_each_worker_once=1
CASE_PASS m=5 n=8 sve16_entries=0 expected=0 old_entries=0 packed_entries=0 packed_expected=0 wide_entries=0 wide_expected=0 wrapper_entries=0 wrapper_expected=0
ARGUMENTS_PASS m=5 n=8 calls=0 bad=0 expected_panel_stride=40
ALLOC_PASS m=5 n=9 small=1 wide_path=0 history_expected=0 history_calls=0 history_bytes=0 history_success=0 history_fail=0 x_calls=4 x_bytes=1280 x_success=4 x_fail=0 kb_calls=0 kb_bytes=0 kb_success=0 kb_fail=0 total=4 injected=0 history_level=-1 x_level=1 kb_level=-1 shape_bad=0 x_each_worker_once=1
CASE_PASS m=5 n=9 sve16_entries=0 expected=0 old_entries=0 packed_entries=0 packed_expected=0 wide_entries=0 wide_expected=0 wrapper_entries=0 wrapper_expected=0
ARGUMENTS_PASS m=5 n=9 calls=0 bad=0 expected_panel_stride=40
ALLOC_PASS m=5 n=17 small=1 wide_path=0 history_expected=0 history_calls=0 history_bytes=0 history_success=0 history_fail=0 x_calls=4 x_bytes=1280 x_success=4 x_fail=0 kb_calls=0 kb_bytes=0 kb_success=0 kb_fail=0 total=4 injected=0 history_level=-1 x_level=1 kb_level=-1 shape_bad=0 x_each_worker_once=1
CASE_PASS m=5 n=17 sve16_entries=0 expected=0 old_entries=0 packed_entries=0 packed_expected=0 wide_entries=0 wide_expected=0 wrapper_entries=0 wrapper_expected=0
ARGUMENTS_PASS m=5 n=17 calls=0 bad=0 expected_panel_stride=40
ALLOC_PASS m=15 n=1 small=1 wide_path=0 history_expected=0 history_calls=0 history_bytes=0 history_success=0 history_fail=0 x_calls=4 x_bytes=3840 x_success=4 x_fail=0 kb_calls=0 kb_bytes=0 kb_success=0 kb_fail=0 total=4 injected=0 history_level=-1 x_level=1 kb_level=-1 shape_bad=0 x_each_worker_once=1
CASE_PASS m=15 n=1 sve16_entries=0 expected=0 old_entries=0 packed_entries=0 packed_expected=0 wide_entries=0 wide_expected=0 wrapper_entries=0 wrapper_expected=0
ARGUMENTS_PASS m=15 n=1 calls=0 bad=0 expected_panel_stride=120
ALLOC_PASS m=15 n=7 small=1 wide_path=0 history_expected=0 history_calls=0 history_bytes=0 history_success=0 history_fail=0 x_calls=4 x_bytes=3840 x_success=4 x_fail=0 kb_calls=0 kb_bytes=0 kb_success=0 kb_fail=0 total=4 injected=0 history_level=-1 x_level=1 kb_level=-1 shape_bad=0 x_each_worker_once=1
CASE_PASS m=15 n=7 sve16_entries=0 expected=0 old_entries=0 packed_entries=0 packed_expected=0 wide_entries=0 wide_expected=0 wrapper_entries=0 wrapper_expected=0
ARGUMENTS_PASS m=15 n=7 calls=0 bad=0 expected_panel_stride=120
ALLOC_PASS m=15 n=8 small=1 wide_path=0 history_expected=0 history_calls=0 history_bytes=0 history_success=0 history_fail=0 x_calls=4 x_bytes=3840 x_success=4 x_fail=0 kb_calls=0 kb_bytes=0 kb_success=0 kb_fail=0 total=4 injected=0 history_level=-1 x_level=1 kb_level=-1 shape_bad=0 x_each_worker_once=1
CASE_PASS m=15 n=8 sve16_entries=0 expected=0 old_entries=0 packed_entries=0 packed_expected=0 wide_entries=0 wide_expected=0 wrapper_entries=0 wrapper_expected=0
ARGUMENTS_PASS m=15 n=8 calls=0 bad=0 expected_panel_stride=120
ALLOC_PASS m=15 n=9 small=1 wide_path=0 history_expected=0 history_calls=0 history_bytes=0 history_success=0 history_fail=0 x_calls=4 x_bytes=3840 x_success=4 x_fail=0 kb_calls=0 kb_bytes=0 kb_success=0 kb_fail=0 total=4 injected=0 history_level=-1 x_level=1 kb_level=-1 shape_bad=0 x_each_worker_once=1
CASE_PASS m=15 n=9 sve16_entries=0 expected=0 old_entries=0 packed_entries=0 packed_expected=0 wide_entries=0 wide_expected=0 wrapper_entries=0 wrapper_expected=0
ARGUMENTS_PASS m=15 n=9 calls=0 bad=0 expected_panel_stride=120
ALLOC_PASS m=15 n=17 small=1 wide_path=0 history_expected=0 history_calls=0 history_bytes=0 history_success=0 history_fail=0 x_calls=4 x_bytes=3840 x_success=4 x_fail=0 kb_calls=0 kb_bytes=0 kb_success=0 kb_fail=0 total=4 injected=0 history_level=-1 x_level=1 kb_level=-1 shape_bad=0 x_each_worker_once=1
CASE_PASS m=15 n=17 sve16_entries=0 expected=0 old_entries=0 packed_entries=0 packed_expected=0 wide_entries=0 wide_expected=0 wrapper_entries=0 wrapper_expected=0
ARGUMENTS_PASS m=15 n=17 calls=0 bad=0 expected_panel_stride=120
ALLOC_PASS m=16 n=1 small=1 wide_path=0 history_expected=0 history_calls=0 history_bytes=0 history_success=0 history_fail=0 x_calls=4 x_bytes=4096 x_success=4 x_fail=0 kb_calls=0 kb_bytes=0 kb_success=0 kb_fail=0 total=4 injected=0 history_level=-1 x_level=1 kb_level=-1 shape_bad=0 x_each_worker_once=1
CASE_PASS m=16 n=1 sve16_entries=0 expected=0 old_entries=0 packed_entries=0 packed_expected=0 wide_entries=0 wide_expected=0 wrapper_entries=0 wrapper_expected=0
ARGUMENTS_PASS m=16 n=1 calls=0 bad=0 expected_panel_stride=128
ALLOC_PASS m=16 n=7 small=1 wide_path=0 history_expected=0 history_calls=0 history_bytes=0 history_success=0 history_fail=0 x_calls=4 x_bytes=4096 x_success=4 x_fail=0 kb_calls=0 kb_bytes=0 kb_success=0 kb_fail=0 total=4 injected=0 history_level=-1 x_level=1 kb_level=-1 shape_bad=0 x_each_worker_once=1
CASE_PASS m=16 n=7 sve16_entries=0 expected=0 old_entries=0 packed_entries=0 packed_expected=0 wide_entries=0 wide_expected=0 wrapper_entries=0 wrapper_expected=0
ARGUMENTS_PASS m=16 n=7 calls=0 bad=0 expected_panel_stride=128
ALLOC_PASS m=16 n=8 small=1 wide_path=0 history_expected=0 history_calls=0 history_bytes=0 history_success=0 history_fail=0 x_calls=4 x_bytes=4096 x_success=4 x_fail=0 kb_calls=0 kb_bytes=0 kb_success=0 kb_fail=0 total=4 injected=0 history_level=-1 x_level=1 kb_level=-1 shape_bad=0 x_each_worker_once=1
CASE_PASS m=16 n=8 sve16_entries=0 expected=0 old_entries=0 packed_entries=0 packed_expected=0 wide_entries=0 wide_expected=0 wrapper_entries=0 wrapper_expected=0
ARGUMENTS_PASS m=16 n=8 calls=0 bad=0 expected_panel_stride=128
ALLOC_PASS m=16 n=9 small=1 wide_path=0 history_expected=0 history_calls=0 history_bytes=0 history_success=0 history_fail=0 x_calls=4 x_bytes=4096 x_success=4 x_fail=0 kb_calls=0 kb_bytes=0 kb_success=0 kb_fail=0 total=4 injected=0 history_level=-1 x_level=1 kb_level=-1 shape_bad=0 x_each_worker_once=1
CASE_PASS m=16 n=9 sve16_entries=0 expected=0 old_entries=0 packed_entries=0 packed_expected=0 wide_entries=0 wide_expected=0 wrapper_entries=0 wrapper_expected=0
ARGUMENTS_PASS m=16 n=9 calls=0 bad=0 expected_panel_stride=128
ALLOC_PASS m=16 n=17 small=1 wide_path=0 history_expected=0 history_calls=0 history_bytes=0 history_success=0 history_fail=0 x_calls=4 x_bytes=4096 x_success=4 x_fail=0 kb_calls=0 kb_bytes=0 kb_success=0 kb_fail=0 total=4 injected=0 history_level=-1 x_level=1 kb_level=-1 shape_bad=0 x_each_worker_once=1
CASE_PASS m=16 n=17 sve16_entries=0 expected=0 old_entries=0 packed_entries=0 packed_expected=0 wide_entries=0 wide_expected=0 wrapper_entries=0 wrapper_expected=0
ARGUMENTS_PASS m=16 n=17 calls=0 bad=0 expected_panel_stride=128
ALLOC_PASS m=17 n=1 small=1 wide_path=0 history_expected=0 history_calls=0 history_bytes=0 history_success=0 history_fail=0 x_calls=4 x_bytes=4352 x_success=4 x_fail=0 kb_calls=0 kb_bytes=0 kb_success=0 kb_fail=0 total=4 injected=0 history_level=-1 x_level=1 kb_level=-1 shape_bad=0 x_each_worker_once=1
CASE_PASS m=17 n=1 sve16_entries=0 expected=0 old_entries=0 packed_entries=0 packed_expected=0 wide_entries=0 wide_expected=0 wrapper_entries=0 wrapper_expected=0
ARGUMENTS_PASS m=17 n=1 calls=0 bad=0 expected_panel_stride=136
ALLOC_PASS m=17 n=7 small=1 wide_path=0 history_expected=0 history_calls=0 history_bytes=0 history_success=0 history_fail=0 x_calls=4 x_bytes=4352 x_success=4 x_fail=0 kb_calls=0 kb_bytes=0 kb_success=0 kb_fail=0 total=4 injected=0 history_level=-1 x_level=1 kb_level=-1 shape_bad=0 x_each_worker_once=1
CASE_PASS m=17 n=7 sve16_entries=0 expected=0 old_entries=0 packed_entries=0 packed_expected=0 wide_entries=0 wide_expected=0 wrapper_entries=0 wrapper_expected=0
ARGUMENTS_PASS m=17 n=7 calls=0 bad=0 expected_panel_stride=136
ALLOC_PASS m=17 n=8 small=1 wide_path=0 history_expected=0 history_calls=0 history_bytes=0 history_success=0 history_fail=0 x_calls=4 x_bytes=4352 x_success=4 x_fail=0 kb_calls=0 kb_bytes=0 kb_success=0 kb_fail=0 total=4 injected=0 history_level=-1 x_level=1 kb_level=-1 shape_bad=0 x_each_worker_once=1
CASE_PASS m=17 n=8 sve16_entries=0 expected=0 old_entries=0 packed_entries=0 packed_expected=0 wide_entries=0 wide_expected=0 wrapper_entries=0 wrapper_expected=0
ARGUMENTS_PASS m=17 n=8 calls=0 bad=0 expected_panel_stride=136
ALLOC_PASS m=17 n=9 small=1 wide_path=0 history_expected=0 history_calls=0 history_bytes=0 history_success=0 history_fail=0 x_calls=4 x_bytes=4352 x_success=4 x_fail=0 kb_calls=0 kb_bytes=0 kb_success=0 kb_fail=0 total=4 injected=0 history_level=-1 x_level=1 kb_level=-1 shape_bad=0 x_each_worker_once=1
CASE_PASS m=17 n=9 sve16_entries=0 expected=0 old_entries=0 packed_entries=0 packed_expected=0 wide_entries=0 wide_expected=0 wrapper_entries=0 wrapper_expected=0
ARGUMENTS_PASS m=17 n=9 calls=0 bad=0 expected_panel_stride=136
ALLOC_PASS m=17 n=17 small=1 wide_path=0 history_expected=0 history_calls=0 history_bytes=0 history_success=0 history_fail=0 x_calls=4 x_bytes=4352 x_success=4 x_fail=0 kb_calls=0 kb_bytes=0 kb_success=0 kb_fail=0 total=4 injected=0 history_level=-1 x_level=1 kb_level=-1 shape_bad=0 x_each_worker_once=1
CASE_PASS m=17 n=17 sve16_entries=0 expected=0 old_entries=0 packed_entries=0 packed_expected=0 wide_entries=0 wide_expected=0 wrapper_entries=0 wrapper_expected=0
ARGUMENTS_PASS m=17 n=17 calls=0 bad=0 expected_panel_stride=136
ALLOC_PASS m=31 n=1 small=1 wide_path=0 history_expected=0 history_calls=0 history_bytes=0 history_success=0 history_fail=0 x_calls=4 x_bytes=7936 x_success=4 x_fail=0 kb_calls=0 kb_bytes=0 kb_success=0 kb_fail=0 total=4 injected=0 history_level=-1 x_level=1 kb_level=-1 shape_bad=0 x_each_worker_once=1
CASE_PASS m=31 n=1 sve16_entries=0 expected=0 old_entries=0 packed_entries=0 packed_expected=0 wide_entries=0 wide_expected=0 wrapper_entries=0 wrapper_expected=0
ARGUMENTS_PASS m=31 n=1 calls=0 bad=0 expected_panel_stride=248
ALLOC_PASS m=31 n=7 small=1 wide_path=0 history_expected=0 history_calls=0 history_bytes=0 history_success=0 history_fail=0 x_calls=4 x_bytes=7936 x_success=4 x_fail=0 kb_calls=0 kb_bytes=0 kb_success=0 kb_fail=0 total=4 injected=0 history_level=-1 x_level=1 kb_level=-1 shape_bad=0 x_each_worker_once=1
CASE_PASS m=31 n=7 sve16_entries=0 expected=0 old_entries=0 packed_entries=0 packed_expected=0 wide_entries=0 wide_expected=0 wrapper_entries=0 wrapper_expected=0
ARGUMENTS_PASS m=31 n=7 calls=0 bad=0 expected_panel_stride=248
ALLOC_PASS m=31 n=8 small=1 wide_path=0 history_expected=0 history_calls=0 history_bytes=0 history_success=0 history_fail=0 x_calls=4 x_bytes=7936 x_success=4 x_fail=0 kb_calls=0 kb_bytes=0 kb_success=0 kb_fail=0 total=4 injected=0 history_level=-1 x_level=1 kb_level=-1 shape_bad=0 x_each_worker_once=1
CASE_PASS m=31 n=8 sve16_entries=0 expected=0 old_entries=0 packed_entries=0 packed_expected=0 wide_entries=0 wide_expected=0 wrapper_entries=0 wrapper_expected=0
ARGUMENTS_PASS m=31 n=8 calls=0 bad=0 expected_panel_stride=248
ALLOC_PASS m=31 n=9 small=1 wide_path=0 history_expected=0 history_calls=0 history_bytes=0 history_success=0 history_fail=0 x_calls=4 x_bytes=7936 x_success=4 x_fail=0 kb_calls=0 kb_bytes=0 kb_success=0 kb_fail=0 total=4 injected=0 history_level=-1 x_level=1 kb_level=-1 shape_bad=0 x_each_worker_once=1
CASE_PASS m=31 n=9 sve16_entries=0 expected=0 old_entries=0 packed_entries=0 packed_expected=0 wide_entries=0 wide_expected=0 wrapper_entries=0 wrapper_expected=0
ARGUMENTS_PASS m=31 n=9 calls=0 bad=0 expected_panel_stride=248
ALLOC_PASS m=31 n=17 small=1 wide_path=0 history_expected=0 history_calls=0 history_bytes=0 history_success=0 history_fail=0 x_calls=4 x_bytes=7936 x_success=4 x_fail=0 kb_calls=0 kb_bytes=0 kb_success=0 kb_fail=0 total=4 injected=0 history_level=-1 x_level=1 kb_level=-1 shape_bad=0 x_each_worker_once=1
CASE_PASS m=31 n=17 sve16_entries=0 expected=0 old_entries=0 packed_entries=0 packed_expected=0 wide_entries=0 wide_expected=0 wrapper_entries=0 wrapper_expected=0
ARGUMENTS_PASS m=31 n=17 calls=0 bad=0 expected_panel_stride=248
ALLOC_PASS m=32 n=1 small=1 wide_path=0 history_expected=0 history_calls=0 history_bytes=0 history_success=0 history_fail=0 x_calls=4 x_bytes=8192 x_success=4 x_fail=0 kb_calls=0 kb_bytes=0 kb_success=0 kb_fail=0 total=4 injected=0 history_level=-1 x_level=1 kb_level=-1 shape_bad=0 x_each_worker_once=1
CASE_PASS m=32 n=1 sve16_entries=0 expected=0 old_entries=0 packed_entries=0 packed_expected=0 wide_entries=0 wide_expected=0 wrapper_entries=0 wrapper_expected=0
ARGUMENTS_PASS m=32 n=1 calls=0 bad=0 expected_panel_stride=256
ALLOC_PASS m=32 n=7 small=1 wide_path=0 history_expected=0 history_calls=0 history_bytes=0 history_success=0 history_fail=0 x_calls=4 x_bytes=8192 x_success=4 x_fail=0 kb_calls=0 kb_bytes=0 kb_success=0 kb_fail=0 total=4 injected=0 history_level=-1 x_level=1 kb_level=-1 shape_bad=0 x_each_worker_once=1
CASE_PASS m=32 n=7 sve16_entries=0 expected=0 old_entries=0 packed_entries=0 packed_expected=0 wide_entries=0 wide_expected=0 wrapper_entries=0 wrapper_expected=0
ARGUMENTS_PASS m=32 n=7 calls=0 bad=0 expected_panel_stride=256
ALLOC_PASS m=32 n=8 small=1 wide_path=0 history_expected=0 history_calls=0 history_bytes=0 history_success=0 history_fail=0 x_calls=4 x_bytes=8192 x_success=4 x_fail=0 kb_calls=0 kb_bytes=0 kb_success=0 kb_fail=0 total=4 injected=0 history_level=-1 x_level=1 kb_level=-1 shape_bad=0 x_each_worker_once=1
CASE_PASS m=32 n=8 sve16_entries=0 expected=0 old_entries=0 packed_entries=0 packed_expected=0 wide_entries=0 wide_expected=0 wrapper_entries=0 wrapper_expected=0
ARGUMENTS_PASS m=32 n=8 calls=0 bad=0 expected_panel_stride=256
ALLOC_PASS m=32 n=9 small=1 wide_path=0 history_expected=0 history_calls=0 history_bytes=0 history_success=0 history_fail=0 x_calls=4 x_bytes=8192 x_success=4 x_fail=0 kb_calls=0 kb_bytes=0 kb_success=0 kb_fail=0 total=4 injected=0 history_level=-1 x_level=1 kb_level=-1 shape_bad=0 x_each_worker_once=1
CASE_PASS m=32 n=9 sve16_entries=0 expected=0 old_entries=0 packed_entries=0 packed_expected=0 wide_entries=0 wide_expected=0 wrapper_entries=0 wrapper_expected=0
ARGUMENTS_PASS m=32 n=9 calls=0 bad=0 expected_panel_stride=256
ALLOC_PASS m=32 n=17 small=1 wide_path=0 history_expected=0 history_calls=0 history_bytes=0 history_success=0 history_fail=0 x_calls=4 x_bytes=8192 x_success=4 x_fail=0 kb_calls=0 kb_bytes=0 kb_success=0 kb_fail=0 total=4 injected=0 history_level=-1 x_level=1 kb_level=-1 shape_bad=0 x_each_worker_once=1
CASE_PASS m=32 n=17 sve16_entries=0 expected=0 old_entries=0 packed_entries=0 packed_expected=0 wide_entries=0 wide_expected=0 wrapper_entries=0 wrapper_expected=0
ARGUMENTS_PASS m=32 n=17 calls=0 bad=0 expected_panel_stride=256
ALLOC_PASS m=33 n=1 small=1 wide_path=0 history_expected=0 history_calls=0 history_bytes=0 history_success=0 history_fail=0 x_calls=4 x_bytes=8448 x_success=4 x_fail=0 kb_calls=0 kb_bytes=0 kb_success=0 kb_fail=0 total=4 injected=0 history_level=-1 x_level=1 kb_level=-1 shape_bad=0 x_each_worker_once=1
CASE_PASS m=33 n=1 sve16_entries=0 expected=0 old_entries=0 packed_entries=0 packed_expected=0 wide_entries=0 wide_expected=0 wrapper_entries=0 wrapper_expected=0
ARGUMENTS_PASS m=33 n=1 calls=0 bad=0 expected_panel_stride=264
ALLOC_PASS m=33 n=7 small=1 wide_path=0 history_expected=0 history_calls=0 history_bytes=0 history_success=0 history_fail=0 x_calls=4 x_bytes=8448 x_success=4 x_fail=0 kb_calls=0 kb_bytes=0 kb_success=0 kb_fail=0 total=4 injected=0 history_level=-1 x_level=1 kb_level=-1 shape_bad=0 x_each_worker_once=1
CASE_PASS m=33 n=7 sve16_entries=0 expected=0 old_entries=0 packed_entries=0 packed_expected=0 wide_entries=0 wide_expected=0 wrapper_entries=0 wrapper_expected=0
ARGUMENTS_PASS m=33 n=7 calls=0 bad=0 expected_panel_stride=264
ALLOC_PASS m=33 n=8 small=1 wide_path=0 history_expected=0 history_calls=0 history_bytes=0 history_success=0 history_fail=0 x_calls=4 x_bytes=8448 x_success=4 x_fail=0 kb_calls=0 kb_bytes=0 kb_success=0 kb_fail=0 total=4 injected=0 history_level=-1 x_level=1 kb_level=-1 shape_bad=0 x_each_worker_once=1
CASE_PASS m=33 n=8 sve16_entries=0 expected=0 old_entries=0 packed_entries=0 packed_expected=0 wide_entries=0 wide_expected=0 wrapper_entries=0 wrapper_expected=0
ARGUMENTS_PASS m=33 n=8 calls=0 bad=0 expected_panel_stride=264
ALLOC_PASS m=33 n=9 small=1 wide_path=0 history_expected=0 history_calls=0 history_bytes=0 history_success=0 history_fail=0 x_calls=4 x_bytes=8448 x_success=4 x_fail=0 kb_calls=0 kb_bytes=0 kb_success=0 kb_fail=0 total=4 injected=0 history_level=-1 x_level=1 kb_level=-1 shape_bad=0 x_each_worker_once=1
CASE_PASS m=33 n=9 sve16_entries=0 expected=0 old_entries=0 packed_entries=0 packed_expected=0 wide_entries=0 wide_expected=0 wrapper_entries=0 wrapper_expected=0
ARGUMENTS_PASS m=33 n=9 calls=0 bad=0 expected_panel_stride=264
ALLOC_PASS m=33 n=17 small=1 wide_path=0 history_expected=0 history_calls=0 history_bytes=0 history_success=0 history_fail=0 x_calls=4 x_bytes=8448 x_success=4 x_fail=0 kb_calls=0 kb_bytes=0 kb_success=0 kb_fail=0 total=4 injected=0 history_level=-1 x_level=1 kb_level=-1 shape_bad=0 x_each_worker_once=1
CASE_PASS m=33 n=17 sve16_entries=0 expected=0 old_entries=0 packed_entries=0 packed_expected=0 wide_entries=0 wide_expected=0 wrapper_entries=0 wrapper_expected=0
ARGUMENTS_PASS m=33 n=17 calls=0 bad=0 expected_panel_stride=264
ALLOC_PASS m=63 n=1 small=1 wide_path=0 history_expected=0 history_calls=0 history_bytes=0 history_success=0 history_fail=0 x_calls=4 x_bytes=16128 x_success=4 x_fail=0 kb_calls=0 kb_bytes=0 kb_success=0 kb_fail=0 total=4 injected=0 history_level=-1 x_level=1 kb_level=-1 shape_bad=0 x_each_worker_once=1
CASE_PASS m=63 n=1 sve16_entries=0 expected=0 old_entries=0 packed_entries=0 packed_expected=0 wide_entries=0 wide_expected=0 wrapper_entries=0 wrapper_expected=0
ARGUMENTS_PASS m=63 n=1 calls=0 bad=0 expected_panel_stride=504
ALLOC_PASS m=63 n=7 small=1 wide_path=0 history_expected=0 history_calls=0 history_bytes=0 history_success=0 history_fail=0 x_calls=4 x_bytes=16128 x_success=4 x_fail=0 kb_calls=0 kb_bytes=0 kb_success=0 kb_fail=0 total=4 injected=0 history_level=-1 x_level=1 kb_level=-1 shape_bad=0 x_each_worker_once=1
CASE_PASS m=63 n=7 sve16_entries=0 expected=0 old_entries=0 packed_entries=0 packed_expected=0 wide_entries=0 wide_expected=0 wrapper_entries=0 wrapper_expected=0
ARGUMENTS_PASS m=63 n=7 calls=0 bad=0 expected_panel_stride=504
ALLOC_PASS m=63 n=8 small=1 wide_path=0 history_expected=0 history_calls=0 history_bytes=0 history_success=0 history_fail=0 x_calls=4 x_bytes=16128 x_success=4 x_fail=0 kb_calls=0 kb_bytes=0 kb_success=0 kb_fail=0 total=4 injected=0 history_level=-1 x_level=1 kb_level=-1 shape_bad=0 x_each_worker_once=1
CASE_PASS m=63 n=8 sve16_entries=0 expected=0 old_entries=0 packed_entries=0 packed_expected=0 wide_entries=0 wide_expected=0 wrapper_entries=0 wrapper_expected=0
ARGUMENTS_PASS m=63 n=8 calls=0 bad=0 expected_panel_stride=504
ALLOC_PASS m=63 n=9 small=1 wide_path=0 history_expected=0 history_calls=0 history_bytes=0 history_success=0 history_fail=0 x_calls=4 x_bytes=16128 x_success=4 x_fail=0 kb_calls=0 kb_bytes=0 kb_success=0 kb_fail=0 total=4 injected=0 history_level=-1 x_level=1 kb_level=-1 shape_bad=0 x_each_worker_once=1
CASE_PASS m=63 n=9 sve16_entries=0 expected=0 old_entries=0 packed_entries=0 packed_expected=0 wide_entries=0 wide_expected=0 wrapper_entries=0 wrapper_expected=0
ARGUMENTS_PASS m=63 n=9 calls=0 bad=0 expected_panel_stride=504
ALLOC_PASS m=63 n=17 small=1 wide_path=0 history_expected=0 history_calls=0 history_bytes=0 history_success=0 history_fail=0 x_calls=4 x_bytes=16128 x_success=4 x_fail=0 kb_calls=0 kb_bytes=0 kb_success=0 kb_fail=0 total=4 injected=0 history_level=-1 x_level=1 kb_level=-1 shape_bad=0 x_each_worker_once=1
CASE_PASS m=63 n=17 sve16_entries=0 expected=0 old_entries=0 packed_entries=0 packed_expected=0 wide_entries=0 wide_expected=0 wrapper_entries=0 wrapper_expected=0
ARGUMENTS_PASS m=63 n=17 calls=0 bad=0 expected_panel_stride=504
ALLOC_PASS m=64 n=1 small=1 wide_path=0 history_expected=0 history_calls=0 history_bytes=0 history_success=0 history_fail=0 x_calls=4 x_bytes=16384 x_success=4 x_fail=0 kb_calls=0 kb_bytes=0 kb_success=0 kb_fail=0 total=4 injected=0 history_level=-1 x_level=1 kb_level=-1 shape_bad=0 x_each_worker_once=1
CASE_PASS m=64 n=1 sve16_entries=0 expected=0 old_entries=0 packed_entries=0 packed_expected=0 wide_entries=0 wide_expected=0 wrapper_entries=0 wrapper_expected=0
ARGUMENTS_PASS m=64 n=1 calls=0 bad=0 expected_panel_stride=512
ALLOC_PASS m=64 n=7 small=1 wide_path=0 history_expected=0 history_calls=0 history_bytes=0 history_success=0 history_fail=0 x_calls=4 x_bytes=16384 x_success=4 x_fail=0 kb_calls=0 kb_bytes=0 kb_success=0 kb_fail=0 total=4 injected=0 history_level=-1 x_level=1 kb_level=-1 shape_bad=0 x_each_worker_once=1
CASE_PASS m=64 n=7 sve16_entries=0 expected=0 old_entries=0 packed_entries=0 packed_expected=0 wide_entries=0 wide_expected=0 wrapper_entries=0 wrapper_expected=0
ARGUMENTS_PASS m=64 n=7 calls=0 bad=0 expected_panel_stride=512
ALLOC_PASS m=64 n=8 small=1 wide_path=0 history_expected=0 history_calls=0 history_bytes=0 history_success=0 history_fail=0 x_calls=4 x_bytes=16384 x_success=4 x_fail=0 kb_calls=0 kb_bytes=0 kb_success=0 kb_fail=0 total=4 injected=0 history_level=-1 x_level=1 kb_level=-1 shape_bad=0 x_each_worker_once=1
CASE_PASS m=64 n=8 sve16_entries=0 expected=0 old_entries=0 packed_entries=0 packed_expected=0 wide_entries=0 wide_expected=0 wrapper_entries=0 wrapper_expected=0
ARGUMENTS_PASS m=64 n=8 calls=0 bad=0 expected_panel_stride=512
ALLOC_PASS m=64 n=9 small=1 wide_path=0 history_expected=0 history_calls=0 history_bytes=0 history_success=0 history_fail=0 x_calls=4 x_bytes=16384 x_success=4 x_fail=0 kb_calls=0 kb_bytes=0 kb_success=0 kb_fail=0 total=4 injected=0 history_level=-1 x_level=1 kb_level=-1 shape_bad=0 x_each_worker_once=1
CASE_PASS m=64 n=9 sve16_entries=0 expected=0 old_entries=0 packed_entries=0 packed_expected=0 wide_entries=0 wide_expected=0 wrapper_entries=0 wrapper_expected=0
ARGUMENTS_PASS m=64 n=9 calls=0 bad=0 expected_panel_stride=512
ALLOC_PASS m=64 n=17 small=1 wide_path=0 history_expected=0 history_calls=0 history_bytes=0 history_success=0 history_fail=0 x_calls=4 x_bytes=16384 x_success=4 x_fail=0 kb_calls=0 kb_bytes=0 kb_success=0 kb_fail=0 total=4 injected=0 history_level=-1 x_level=1 kb_level=-1 shape_bad=0 x_each_worker_once=1
CASE_PASS m=64 n=17 sve16_entries=0 expected=0 old_entries=0 packed_entries=0 packed_expected=0 wide_entries=0 wide_expected=0 wrapper_entries=0 wrapper_expected=0
ARGUMENTS_PASS m=64 n=17 calls=0 bad=0 expected_panel_stride=512
ALLOC_PASS m=65 n=1 small=1 wide_path=0 history_expected=0 history_calls=0 history_bytes=0 history_success=0 history_fail=0 x_calls=4 x_bytes=16640 x_success=4 x_fail=0 kb_calls=0 kb_bytes=0 kb_success=0 kb_fail=0 total=4 injected=0 history_level=-1 x_level=1 kb_level=-1 shape_bad=0 x_each_worker_once=1
CASE_PASS m=65 n=1 sve16_entries=0 expected=0 old_entries=0 packed_entries=0 packed_expected=0 wide_entries=0 wide_expected=0 wrapper_entries=0 wrapper_expected=0
ARGUMENTS_PASS m=65 n=1 calls=0 bad=0 expected_panel_stride=520
ALLOC_PASS m=65 n=7 small=1 wide_path=0 history_expected=0 history_calls=0 history_bytes=0 history_success=0 history_fail=0 x_calls=4 x_bytes=16640 x_success=4 x_fail=0 kb_calls=0 kb_bytes=0 kb_success=0 kb_fail=0 total=4 injected=0 history_level=-1 x_level=1 kb_level=-1 shape_bad=0 x_each_worker_once=1
CASE_PASS m=65 n=7 sve16_entries=0 expected=0 old_entries=0 packed_entries=0 packed_expected=0 wide_entries=0 wide_expected=0 wrapper_entries=0 wrapper_expected=0
ARGUMENTS_PASS m=65 n=7 calls=0 bad=0 expected_panel_stride=520
ALLOC_PASS m=65 n=8 small=1 wide_path=0 history_expected=0 history_calls=0 history_bytes=0 history_success=0 history_fail=0 x_calls=4 x_bytes=16640 x_success=4 x_fail=0 kb_calls=0 kb_bytes=0 kb_success=0 kb_fail=0 total=4 injected=0 history_level=-1 x_level=1 kb_level=-1 shape_bad=0 x_each_worker_once=1
CASE_PASS m=65 n=8 sve16_entries=0 expected=0 old_entries=0 packed_entries=0 packed_expected=0 wide_entries=0 wide_expected=0 wrapper_entries=0 wrapper_expected=0
ARGUMENTS_PASS m=65 n=8 calls=0 bad=0 expected_panel_stride=520
ALLOC_PASS m=65 n=9 small=1 wide_path=0 history_expected=0 history_calls=0 history_bytes=0 history_success=0 history_fail=0 x_calls=4 x_bytes=16640 x_success=4 x_fail=0 kb_calls=0 kb_bytes=0 kb_success=0 kb_fail=0 total=4 injected=0 history_level=-1 x_level=1 kb_level=-1 shape_bad=0 x_each_worker_once=1
CASE_PASS m=65 n=9 sve16_entries=0 expected=0 old_entries=0 packed_entries=0 packed_expected=0 wide_entries=0 wide_expected=0 wrapper_entries=0 wrapper_expected=0
ARGUMENTS_PASS m=65 n=9 calls=0 bad=0 expected_panel_stride=520
ALLOC_PASS m=65 n=17 small=1 wide_path=0 history_expected=0 history_calls=0 history_bytes=0 history_success=0 history_fail=0 x_calls=4 x_bytes=16640 x_success=4 x_fail=0 kb_calls=0 kb_bytes=0 kb_success=0 kb_fail=0 total=4 injected=0 history_level=-1 x_level=1 kb_level=-1 shape_bad=0 x_each_worker_once=1
CASE_PASS m=65 n=17 sve16_entries=0 expected=0 old_entries=0 packed_entries=0 packed_expected=0 wide_entries=0 wide_expected=0 wrapper_entries=0 wrapper_expected=0
ARGUMENTS_PASS m=65 n=17 calls=0 bad=0 expected_panel_stride=520
ALLOC_PASS m=255 n=1 small=1 wide_path=0 history_expected=0 history_calls=0 history_bytes=0 history_success=0 history_fail=0 x_calls=4 x_bytes=65280 x_success=4 x_fail=0 kb_calls=0 kb_bytes=0 kb_success=0 kb_fail=0 total=4 injected=0 history_level=-1 x_level=1 kb_level=-1 shape_bad=0 x_each_worker_once=1
CASE_PASS m=255 n=1 sve16_entries=0 expected=0 old_entries=0 packed_entries=0 packed_expected=0 wide_entries=0 wide_expected=0 wrapper_entries=0 wrapper_expected=0
ARGUMENTS_PASS m=255 n=1 calls=0 bad=0 expected_panel_stride=2040
ALLOC_PASS m=255 n=7 small=1 wide_path=0 history_expected=0 history_calls=0 history_bytes=0 history_success=0 history_fail=0 x_calls=4 x_bytes=65280 x_success=4 x_fail=0 kb_calls=0 kb_bytes=0 kb_success=0 kb_fail=0 total=4 injected=0 history_level=-1 x_level=1 kb_level=-1 shape_bad=0 x_each_worker_once=1
CASE_PASS m=255 n=7 sve16_entries=0 expected=0 old_entries=0 packed_entries=0 packed_expected=0 wide_entries=0 wide_expected=0 wrapper_entries=0 wrapper_expected=0
ARGUMENTS_PASS m=255 n=7 calls=0 bad=0 expected_panel_stride=2040
ALLOC_PASS m=255 n=8 small=1 wide_path=0 history_expected=0 history_calls=0 history_bytes=0 history_success=0 history_fail=0 x_calls=4 x_bytes=65280 x_success=4 x_fail=0 kb_calls=0 kb_bytes=0 kb_success=0 kb_fail=0 total=4 injected=0 history_level=-1 x_level=1 kb_level=-1 shape_bad=0 x_each_worker_once=1
CASE_PASS m=255 n=8 sve16_entries=0 expected=0 old_entries=0 packed_entries=0 packed_expected=0 wide_entries=0 wide_expected=0 wrapper_entries=0 wrapper_expected=0
ARGUMENTS_PASS m=255 n=8 calls=0 bad=0 expected_panel_stride=2040
ALLOC_PASS m=255 n=9 small=1 wide_path=0 history_expected=0 history_calls=0 history_bytes=0 history_success=0 history_fail=0 x_calls=4 x_bytes=65280 x_success=4 x_fail=0 kb_calls=0 kb_bytes=0 kb_success=0 kb_fail=0 total=4 injected=0 history_level=-1 x_level=1 kb_level=-1 shape_bad=0 x_each_worker_once=1
CASE_PASS m=255 n=9 sve16_entries=0 expected=0 old_entries=0 packed_entries=0 packed_expected=0 wide_entries=0 wide_expected=0 wrapper_entries=0 wrapper_expected=0
ARGUMENTS_PASS m=255 n=9 calls=0 bad=0 expected_panel_stride=2040
ALLOC_PASS m=255 n=17 small=1 wide_path=0 history_expected=0 history_calls=0 history_bytes=0 history_success=0 history_fail=0 x_calls=4 x_bytes=65280 x_success=4 x_fail=0 kb_calls=0 kb_bytes=0 kb_success=0 kb_fail=0 total=4 injected=0 history_level=-1 x_level=1 kb_level=-1 shape_bad=0 x_each_worker_once=1
CASE_PASS m=255 n=17 sve16_entries=0 expected=0 old_entries=0 packed_entries=0 packed_expected=0 wide_entries=0 wide_expected=0 wrapper_entries=0 wrapper_expected=0
ARGUMENTS_PASS m=255 n=17 calls=0 bad=0 expected_panel_stride=2040
ALLOC_PASS m=256 n=1 small=1 wide_path=0 history_expected=0 history_calls=0 history_bytes=0 history_success=0 history_fail=0 x_calls=4 x_bytes=65536 x_success=4 x_fail=0 kb_calls=0 kb_bytes=0 kb_success=0 kb_fail=0 total=4 injected=0 history_level=-1 x_level=1 kb_level=-1 shape_bad=0 x_each_worker_once=1
CASE_PASS m=256 n=1 sve16_entries=0 expected=0 old_entries=0 packed_entries=0 packed_expected=0 wide_entries=0 wide_expected=0 wrapper_entries=0 wrapper_expected=0
ARGUMENTS_PASS m=256 n=1 calls=0 bad=0 expected_panel_stride=2048
ALLOC_PASS m=256 n=7 small=1 wide_path=0 history_expected=0 history_calls=0 history_bytes=0 history_success=0 history_fail=0 x_calls=4 x_bytes=65536 x_success=4 x_fail=0 kb_calls=0 kb_bytes=0 kb_success=0 kb_fail=0 total=4 injected=0 history_level=-1 x_level=1 kb_level=-1 shape_bad=0 x_each_worker_once=1
CASE_PASS m=256 n=7 sve16_entries=0 expected=0 old_entries=0 packed_entries=0 packed_expected=0 wide_entries=0 wide_expected=0 wrapper_entries=0 wrapper_expected=0
ARGUMENTS_PASS m=256 n=7 calls=0 bad=0 expected_panel_stride=2048
ALLOC_PASS m=256 n=8 small=1 wide_path=0 history_expected=0 history_calls=0 history_bytes=0 history_success=0 history_fail=0 x_calls=4 x_bytes=65536 x_success=4 x_fail=0 kb_calls=0 kb_bytes=0 kb_success=0 kb_fail=0 total=4 injected=0 history_level=-1 x_level=1 kb_level=-1 shape_bad=0 x_each_worker_once=1
CASE_PASS m=256 n=8 sve16_entries=0 expected=0 old_entries=0 packed_entries=0 packed_expected=0 wide_entries=0 wide_expected=0 wrapper_entries=0 wrapper_expected=0
ARGUMENTS_PASS m=256 n=8 calls=0 bad=0 expected_panel_stride=2048
ALLOC_PASS m=256 n=9 small=1 wide_path=0 history_expected=0 history_calls=0 history_bytes=0 history_success=0 history_fail=0 x_calls=4 x_bytes=65536 x_success=4 x_fail=0 kb_calls=0 kb_bytes=0 kb_success=0 kb_fail=0 total=4 injected=0 history_level=-1 x_level=1 kb_level=-1 shape_bad=0 x_each_worker_once=1
CASE_PASS m=256 n=9 sve16_entries=0 expected=0 old_entries=0 packed_entries=0 packed_expected=0 wide_entries=0 wide_expected=0 wrapper_entries=0 wrapper_expected=0
ARGUMENTS_PASS m=256 n=9 calls=0 bad=0 expected_panel_stride=2048
ALLOC_PASS m=256 n=17 small=1 wide_path=0 history_expected=0 history_calls=0 history_bytes=0 history_success=0 history_fail=0 x_calls=4 x_bytes=65536 x_success=4 x_fail=0 kb_calls=0 kb_bytes=0 kb_success=0 kb_fail=0 total=4 injected=0 history_level=-1 x_level=1 kb_level=-1 shape_bad=0 x_each_worker_once=1
CASE_PASS m=256 n=17 sve16_entries=0 expected=0 old_entries=0 packed_entries=0 packed_expected=0 wide_entries=0 wide_expected=0 wrapper_entries=0 wrapper_expected=0
ARGUMENTS_PASS m=256 n=17 calls=0 bad=0 expected_panel_stride=2048
ALLOC_PASS m=257 n=1 small=1 wide_path=0 history_expected=0 history_calls=0 history_bytes=0 history_success=0 history_fail=0 x_calls=4 x_bytes=65792 x_success=4 x_fail=0 kb_calls=0 kb_bytes=0 kb_success=0 kb_fail=0 total=4 injected=0 history_level=-1 x_level=1 kb_level=-1 shape_bad=0 x_each_worker_once=1
CASE_PASS m=257 n=1 sve16_entries=0 expected=0 old_entries=0 packed_entries=0 packed_expected=0 wide_entries=0 wide_expected=0 wrapper_entries=0 wrapper_expected=0
ARGUMENTS_PASS m=257 n=1 calls=0 bad=0 expected_panel_stride=2056
ALLOC_PASS m=257 n=7 small=1 wide_path=0 history_expected=0 history_calls=0 history_bytes=0 history_success=0 history_fail=0 x_calls=4 x_bytes=65792 x_success=4 x_fail=0 kb_calls=0 kb_bytes=0 kb_success=0 kb_fail=0 total=4 injected=0 history_level=-1 x_level=1 kb_level=-1 shape_bad=0 x_each_worker_once=1
CASE_PASS m=257 n=7 sve16_entries=0 expected=0 old_entries=0 packed_entries=0 packed_expected=0 wide_entries=0 wide_expected=0 wrapper_entries=0 wrapper_expected=0
ARGUMENTS_PASS m=257 n=7 calls=0 bad=0 expected_panel_stride=2056
ALLOC_PASS m=257 n=8 small=1 wide_path=0 history_expected=0 history_calls=0 history_bytes=0 history_success=0 history_fail=0 x_calls=4 x_bytes=65792 x_success=4 x_fail=0 kb_calls=0 kb_bytes=0 kb_success=0 kb_fail=0 total=4 injected=0 history_level=-1 x_level=1 kb_level=-1 shape_bad=0 x_each_worker_once=1
CASE_PASS m=257 n=8 sve16_entries=0 expected=0 old_entries=0 packed_entries=0 packed_expected=0 wide_entries=0 wide_expected=0 wrapper_entries=0 wrapper_expected=0
ARGUMENTS_PASS m=257 n=8 calls=0 bad=0 expected_panel_stride=2056
ALLOC_PASS m=257 n=9 small=1 wide_path=0 history_expected=0 history_calls=0 history_bytes=0 history_success=0 history_fail=0 x_calls=4 x_bytes=65792 x_success=4 x_fail=0 kb_calls=0 kb_bytes=0 kb_success=0 kb_fail=0 total=4 injected=0 history_level=-1 x_level=1 kb_level=-1 shape_bad=0 x_each_worker_once=1
CASE_PASS m=257 n=9 sve16_entries=0 expected=0 old_entries=0 packed_entries=0 packed_expected=0 wide_entries=0 wide_expected=0 wrapper_entries=0 wrapper_expected=0
ARGUMENTS_PASS m=257 n=9 calls=0 bad=0 expected_panel_stride=2056
ALLOC_PASS m=257 n=17 small=1 wide_path=0 history_expected=0 history_calls=0 history_bytes=0 history_success=0 history_fail=0 x_calls=4 x_bytes=65792 x_success=4 x_fail=0 kb_calls=0 kb_bytes=0 kb_success=0 kb_fail=0 total=4 injected=0 history_level=-1 x_level=1 kb_level=-1 shape_bad=0 x_each_worker_once=1
CASE_PASS m=257 n=17 sve16_entries=0 expected=0 old_entries=0 packed_entries=0 packed_expected=0 wide_entries=0 wide_expected=0 wrapper_entries=0 wrapper_expected=0
ARGUMENTS_PASS m=257 n=17 calls=0 bad=0 expected_panel_stride=2056
ALLOCATION_SUMMARY_PASS cases=80 budget_cases=0 shared_injection_cases=0
PASS whole_cases=80 noop_cases=4 non_dyadic_long_double_RHS=1 padding_L_unchanged=1 max_error=1.1102230246251565e-16
SOURCE_FEATURES_PASS panel16=1 packedL16=1 has_budget=1 history_budget_bytes=4194304 panel8x16=1
MODE=full THREADS=4 NARROW_VL=0 EXPECT_SVE16=0 EXPECT_PACKEDL16=0
ALLOC_PASS m=1 n=1 small=1 wide_path=0 history_expected=0 history_calls=0 history_bytes=0 history_success=0 history_fail=0 x_calls=4 x_bytes=256 x_success=0 x_fail=4 kb_calls=0 kb_bytes=0 kb_success=0 kb_fail=0 total=4 injected=4 history_level=-1 x_level=1 kb_level=-1 shape_bad=0 x_each_worker_once=1
CASE_PASS m=1 n=1 sve16_entries=0 expected=0 old_entries=0 packed_entries=0 packed_expected=0 wide_entries=0 wide_expected=0 wrapper_entries=0 wrapper_expected=0
ARGUMENTS_PASS m=1 n=1 calls=0 bad=0 expected_panel_stride=8
ALLOC_PASS m=1 n=7 small=1 wide_path=0 history_expected=0 history_calls=0 history_bytes=0 history_success=0 history_fail=0 x_calls=4 x_bytes=256 x_success=0 x_fail=4 kb_calls=0 kb_bytes=0 kb_success=0 kb_fail=0 total=4 injected=4 history_level=-1 x_level=1 kb_level=-1 shape_bad=0 x_each_worker_once=1
CASE_PASS m=1 n=7 sve16_entries=0 expected=0 old_entries=0 packed_entries=0 packed_expected=0 wide_entries=0 wide_expected=0 wrapper_entries=0 wrapper_expected=0
ARGUMENTS_PASS m=1 n=7 calls=0 bad=0 expected_panel_stride=8
ALLOC_PASS m=1 n=8 small=1 wide_path=0 history_expected=0 history_calls=0 history_bytes=0 history_success=0 history_fail=0 x_calls=4 x_bytes=256 x_success=0 x_fail=4 kb_calls=0 kb_bytes=0 kb_success=0 kb_fail=0 total=4 injected=4 history_level=-1 x_level=1 kb_level=-1 shape_bad=0 x_each_worker_once=1
CASE_PASS m=1 n=8 sve16_entries=0 expected=0 old_entries=0 packed_entries=0 packed_expected=0 wide_entries=0 wide_expected=0 wrapper_entries=0 wrapper_expected=0
ARGUMENTS_PASS m=1 n=8 calls=0 bad=0 expected_panel_stride=8
ALLOC_PASS m=1 n=9 small=1 wide_path=0 history_expected=0 history_calls=0 history_bytes=0 history_success=0 history_fail=0 x_calls=4 x_bytes=256 x_success=0 x_fail=4 kb_calls=0 kb_bytes=0 kb_success=0 kb_fail=0 total=4 injected=4 history_level=-1 x_level=1 kb_level=-1 shape_bad=0 x_each_worker_once=1
CASE_PASS m=1 n=9 sve16_entries=0 expected=0 old_entries=0 packed_entries=0 packed_expected=0 wide_entries=0 wide_expected=0 wrapper_entries=0 wrapper_expected=0
ARGUMENTS_PASS m=1 n=9 calls=0 bad=0 expected_panel_stride=8
ALLOC_PASS m=1 n=17 small=1 wide_path=0 history_expected=0 history_calls=0 history_bytes=0 history_success=0 history_fail=0 x_calls=4 x_bytes=256 x_success=0 x_fail=4 kb_calls=0 kb_bytes=0 kb_success=0 kb_fail=0 total=4 injected=4 history_level=-1 x_level=1 kb_level=-1 shape_bad=0 x_each_worker_once=1
CASE_PASS m=1 n=17 sve16_entries=0 expected=0 old_entries=0 packed_entries=0 packed_expected=0 wide_entries=0 wide_expected=0 wrapper_entries=0 wrapper_expected=0
ARGUMENTS_PASS m=1 n=17 calls=0 bad=0 expected_panel_stride=8
ALLOC_PASS m=3 n=1 small=1 wide_path=0 history_expected=0 history_calls=0 history_bytes=0 history_success=0 history_fail=0 x_calls=4 x_bytes=768 x_success=0 x_fail=4 kb_calls=0 kb_bytes=0 kb_success=0 kb_fail=0 total=4 injected=4 history_level=-1 x_level=1 kb_level=-1 shape_bad=0 x_each_worker_once=1
CASE_PASS m=3 n=1 sve16_entries=0 expected=0 old_entries=0 packed_entries=0 packed_expected=0 wide_entries=0 wide_expected=0 wrapper_entries=0 wrapper_expected=0
ARGUMENTS_PASS m=3 n=1 calls=0 bad=0 expected_panel_stride=24
ALLOC_PASS m=3 n=7 small=1 wide_path=0 history_expected=0 history_calls=0 history_bytes=0 history_success=0 history_fail=0 x_calls=4 x_bytes=768 x_success=0 x_fail=4 kb_calls=0 kb_bytes=0 kb_success=0 kb_fail=0 total=4 injected=4 history_level=-1 x_level=1 kb_level=-1 shape_bad=0 x_each_worker_once=1
CASE_PASS m=3 n=7 sve16_entries=0 expected=0 old_entries=0 packed_entries=0 packed_expected=0 wide_entries=0 wide_expected=0 wrapper_entries=0 wrapper_expected=0
ARGUMENTS_PASS m=3 n=7 calls=0 bad=0 expected_panel_stride=24
ALLOC_PASS m=3 n=8 small=1 wide_path=0 history_expected=0 history_calls=0 history_bytes=0 history_success=0 history_fail=0 x_calls=4 x_bytes=768 x_success=0 x_fail=4 kb_calls=0 kb_bytes=0 kb_success=0 kb_fail=0 total=4 injected=4 history_level=-1 x_level=1 kb_level=-1 shape_bad=0 x_each_worker_once=1
CASE_PASS m=3 n=8 sve16_entries=0 expected=0 old_entries=0 packed_entries=0 packed_expected=0 wide_entries=0 wide_expected=0 wrapper_entries=0 wrapper_expected=0
ARGUMENTS_PASS m=3 n=8 calls=0 bad=0 expected_panel_stride=24
ALLOC_PASS m=3 n=9 small=1 wide_path=0 history_expected=0 history_calls=0 history_bytes=0 history_success=0 history_fail=0 x_calls=4 x_bytes=768 x_success=0 x_fail=4 kb_calls=0 kb_bytes=0 kb_success=0 kb_fail=0 total=4 injected=4 history_level=-1 x_level=1 kb_level=-1 shape_bad=0 x_each_worker_once=1
CASE_PASS m=3 n=9 sve16_entries=0 expected=0 old_entries=0 packed_entries=0 packed_expected=0 wide_entries=0 wide_expected=0 wrapper_entries=0 wrapper_expected=0
ARGUMENTS_PASS m=3 n=9 calls=0 bad=0 expected_panel_stride=24
ALLOC_PASS m=3 n=17 small=1 wide_path=0 history_expected=0 history_calls=0 history_bytes=0 history_success=0 history_fail=0 x_calls=4 x_bytes=768 x_success=0 x_fail=4 kb_calls=0 kb_bytes=0 kb_success=0 kb_fail=0 total=4 injected=4 history_level=-1 x_level=1 kb_level=-1 shape_bad=0 x_each_worker_once=1
CASE_PASS m=3 n=17 sve16_entries=0 expected=0 old_entries=0 packed_entries=0 packed_expected=0 wide_entries=0 wide_expected=0 wrapper_entries=0 wrapper_expected=0
ARGUMENTS_PASS m=3 n=17 calls=0 bad=0 expected_panel_stride=24
ALLOC_PASS m=4 n=1 small=1 wide_path=0 history_expected=0 history_calls=0 history_bytes=0 history_success=0 history_fail=0 x_calls=4 x_bytes=1024 x_success=0 x_fail=4 kb_calls=0 kb_bytes=0 kb_success=0 kb_fail=0 total=4 injected=4 history_level=-1 x_level=1 kb_level=-1 shape_bad=0 x_each_worker_once=1
CASE_PASS m=4 n=1 sve16_entries=0 expected=0 old_entries=0 packed_entries=0 packed_expected=0 wide_entries=0 wide_expected=0 wrapper_entries=0 wrapper_expected=0
ARGUMENTS_PASS m=4 n=1 calls=0 bad=0 expected_panel_stride=32
ALLOC_PASS m=4 n=7 small=1 wide_path=0 history_expected=0 history_calls=0 history_bytes=0 history_success=0 history_fail=0 x_calls=4 x_bytes=1024 x_success=0 x_fail=4 kb_calls=0 kb_bytes=0 kb_success=0 kb_fail=0 total=4 injected=4 history_level=-1 x_level=1 kb_level=-1 shape_bad=0 x_each_worker_once=1
CASE_PASS m=4 n=7 sve16_entries=0 expected=0 old_entries=0 packed_entries=0 packed_expected=0 wide_entries=0 wide_expected=0 wrapper_entries=0 wrapper_expected=0
ARGUMENTS_PASS m=4 n=7 calls=0 bad=0 expected_panel_stride=32
ALLOC_PASS m=4 n=8 small=1 wide_path=0 history_expected=0 history_calls=0 history_bytes=0 history_success=0 history_fail=0 x_calls=4 x_bytes=1024 x_success=0 x_fail=4 kb_calls=0 kb_bytes=0 kb_success=0 kb_fail=0 total=4 injected=4 history_level=-1 x_level=1 kb_level=-1 shape_bad=0 x_each_worker_once=1
CASE_PASS m=4 n=8 sve16_entries=0 expected=0 old_entries=0 packed_entries=0 packed_expected=0 wide_entries=0 wide_expected=0 wrapper_entries=0 wrapper_expected=0
ARGUMENTS_PASS m=4 n=8 calls=0 bad=0 expected_panel_stride=32
ALLOC_PASS m=4 n=9 small=1 wide_path=0 history_expected=0 history_calls=0 history_bytes=0 history_success=0 history_fail=0 x_calls=4 x_bytes=1024 x_success=0 x_fail=4 kb_calls=0 kb_bytes=0 kb_success=0 kb_fail=0 total=4 injected=4 history_level=-1 x_level=1 kb_level=-1 shape_bad=0 x_each_worker_once=1
CASE_PASS m=4 n=9 sve16_entries=0 expected=0 old_entries=0 packed_entries=0 packed_expected=0 wide_entries=0 wide_expected=0 wrapper_entries=0 wrapper_expected=0
ARGUMENTS_PASS m=4 n=9 calls=0 bad=0 expected_panel_stride=32
ALLOC_PASS m=4 n=17 small=1 wide_path=0 history_expected=0 history_calls=0 history_bytes=0 history_success=0 history_fail=0 x_calls=4 x_bytes=1024 x_success=0 x_fail=4 kb_calls=0 kb_bytes=0 kb_success=0 kb_fail=0 total=4 injected=4 history_level=-1 x_level=1 kb_level=-1 shape_bad=0 x_each_worker_once=1
CASE_PASS m=4 n=17 sve16_entries=0 expected=0 old_entries=0 packed_entries=0 packed_expected=0 wide_entries=0 wide_expected=0 wrapper_entries=0 wrapper_expected=0
ARGUMENTS_PASS m=4 n=17 calls=0 bad=0 expected_panel_stride=32
ALLOC_PASS m=5 n=1 small=1 wide_path=0 history_expected=0 history_calls=0 history_bytes=0 history_success=0 history_fail=0 x_calls=4 x_bytes=1280 x_success=0 x_fail=4 kb_calls=0 kb_bytes=0 kb_success=0 kb_fail=0 total=4 injected=4 history_level=-1 x_level=1 kb_level=-1 shape_bad=0 x_each_worker_once=1
CASE_PASS m=5 n=1 sve16_entries=0 expected=0 old_entries=0 packed_entries=0 packed_expected=0 wide_entries=0 wide_expected=0 wrapper_entries=0 wrapper_expected=0
ARGUMENTS_PASS m=5 n=1 calls=0 bad=0 expected_panel_stride=40
ALLOC_PASS m=5 n=7 small=1 wide_path=0 history_expected=0 history_calls=0 history_bytes=0 history_success=0 history_fail=0 x_calls=4 x_bytes=1280 x_success=0 x_fail=4 kb_calls=0 kb_bytes=0 kb_success=0 kb_fail=0 total=4 injected=4 history_level=-1 x_level=1 kb_level=-1 shape_bad=0 x_each_worker_once=1
CASE_PASS m=5 n=7 sve16_entries=0 expected=0 old_entries=0 packed_entries=0 packed_expected=0 wide_entries=0 wide_expected=0 wrapper_entries=0 wrapper_expected=0
ARGUMENTS_PASS m=5 n=7 calls=0 bad=0 expected_panel_stride=40
ALLOC_PASS m=5 n=8 small=1 wide_path=0 history_expected=0 history_calls=0 history_bytes=0 history_success=0 history_fail=0 x_calls=4 x_bytes=1280 x_success=0 x_fail=4 kb_calls=0 kb_bytes=0 kb_success=0 kb_fail=0 total=4 injected=4 history_level=-1 x_level=1 kb_level=-1 shape_bad=0 x_each_worker_once=1
CASE_PASS m=5 n=8 sve16_entries=0 expected=0 old_entries=0 packed_entries=0 packed_expected=0 wide_entries=0 wide_expected=0 wrapper_entries=0 wrapper_expected=0
ARGUMENTS_PASS m=5 n=8 calls=0 bad=0 expected_panel_stride=40
ALLOC_PASS m=5 n=9 small=1 wide_path=0 history_expected=0 history_calls=0 history_bytes=0 history_success=0 history_fail=0 x_calls=4 x_bytes=1280 x_success=0 x_fail=4 kb_calls=0 kb_bytes=0 kb_success=0 kb_fail=0 total=4 injected=4 history_level=-1 x_level=1 kb_level=-1 shape_bad=0 x_each_worker_once=1
CASE_PASS m=5 n=9 sve16_entries=0 expected=0 old_entries=0 packed_entries=0 packed_expected=0 wide_entries=0 wide_expected=0 wrapper_entries=0 wrapper_expected=0
ARGUMENTS_PASS m=5 n=9 calls=0 bad=0 expected_panel_stride=40
ALLOC_PASS m=5 n=17 small=1 wide_path=0 history_expected=0 history_calls=0 history_bytes=0 history_success=0 history_fail=0 x_calls=4 x_bytes=1280 x_success=0 x_fail=4 kb_calls=0 kb_bytes=0 kb_success=0 kb_fail=0 total=4 injected=4 history_level=-1 x_level=1 kb_level=-1 shape_bad=0 x_each_worker_once=1
CASE_PASS m=5 n=17 sve16_entries=0 expected=0 old_entries=0 packed_entries=0 packed_expected=0 wide_entries=0 wide_expected=0 wrapper_entries=0 wrapper_expected=0
ARGUMENTS_PASS m=5 n=17 calls=0 bad=0 expected_panel_stride=40
ALLOC_PASS m=15 n=1 small=1 wide_path=0 history_expected=0 history_calls=0 history_bytes=0 history_success=0 history_fail=0 x_calls=4 x_bytes=3840 x_success=0 x_fail=4 kb_calls=0 kb_bytes=0 kb_success=0 kb_fail=0 total=4 injected=4 history_level=-1 x_level=1 kb_level=-1 shape_bad=0 x_each_worker_once=1
CASE_PASS m=15 n=1 sve16_entries=0 expected=0 old_entries=0 packed_entries=0 packed_expected=0 wide_entries=0 wide_expected=0 wrapper_entries=0 wrapper_expected=0
ARGUMENTS_PASS m=15 n=1 calls=0 bad=0 expected_panel_stride=120
ALLOC_PASS m=15 n=7 small=1 wide_path=0 history_expected=0 history_calls=0 history_bytes=0 history_success=0 history_fail=0 x_calls=4 x_bytes=3840 x_success=0 x_fail=4 kb_calls=0 kb_bytes=0 kb_success=0 kb_fail=0 total=4 injected=4 history_level=-1 x_level=1 kb_level=-1 shape_bad=0 x_each_worker_once=1
CASE_PASS m=15 n=7 sve16_entries=0 expected=0 old_entries=0 packed_entries=0 packed_expected=0 wide_entries=0 wide_expected=0 wrapper_entries=0 wrapper_expected=0
ARGUMENTS_PASS m=15 n=7 calls=0 bad=0 expected_panel_stride=120
ALLOC_PASS m=15 n=8 small=1 wide_path=0 history_expected=0 history_calls=0 history_bytes=0 history_success=0 history_fail=0 x_calls=4 x_bytes=3840 x_success=0 x_fail=4 kb_calls=0 kb_bytes=0 kb_success=0 kb_fail=0 total=4 injected=4 history_level=-1 x_level=1 kb_level=-1 shape_bad=0 x_each_worker_once=1
CASE_PASS m=15 n=8 sve16_entries=0 expected=0 old_entries=0 packed_entries=0 packed_expected=0 wide_entries=0 wide_expected=0 wrapper_entries=0 wrapper_expected=0
ARGUMENTS_PASS m=15 n=8 calls=0 bad=0 expected_panel_stride=120
ALLOC_PASS m=15 n=9 small=1 wide_path=0 history_expected=0 history_calls=0 history_bytes=0 history_success=0 history_fail=0 x_calls=4 x_bytes=3840 x_success=0 x_fail=4 kb_calls=0 kb_bytes=0 kb_success=0 kb_fail=0 total=4 injected=4 history_level=-1 x_level=1 kb_level=-1 shape_bad=0 x_each_worker_once=1
CASE_PASS m=15 n=9 sve16_entries=0 expected=0 old_entries=0 packed_entries=0 packed_expected=0 wide_entries=0 wide_expected=0 wrapper_entries=0 wrapper_expected=0
ARGUMENTS_PASS m=15 n=9 calls=0 bad=0 expected_panel_stride=120
ALLOC_PASS m=15 n=17 small=1 wide_path=0 history_expected=0 history_calls=0 history_bytes=0 history_success=0 history_fail=0 x_calls=4 x_bytes=3840 x_success=0 x_fail=4 kb_calls=0 kb_bytes=0 kb_success=0 kb_fail=0 total=4 injected=4 history_level=-1 x_level=1 kb_level=-1 shape_bad=0 x_each_worker_once=1
CASE_PASS m=15 n=17 sve16_entries=0 expected=0 old_entries=0 packed_entries=0 packed_expected=0 wide_entries=0 wide_expected=0 wrapper_entries=0 wrapper_expected=0
ARGUMENTS_PASS m=15 n=17 calls=0 bad=0 expected_panel_stride=120
ALLOC_PASS m=16 n=1 small=1 wide_path=0 history_expected=0 history_calls=0 history_bytes=0 history_success=0 history_fail=0 x_calls=4 x_bytes=4096 x_success=0 x_fail=4 kb_calls=0 kb_bytes=0 kb_success=0 kb_fail=0 total=4 injected=4 history_level=-1 x_level=1 kb_level=-1 shape_bad=0 x_each_worker_once=1
CASE_PASS m=16 n=1 sve16_entries=0 expected=0 old_entries=0 packed_entries=0 packed_expected=0 wide_entries=0 wide_expected=0 wrapper_entries=0 wrapper_expected=0
ARGUMENTS_PASS m=16 n=1 calls=0 bad=0 expected_panel_stride=128
ALLOC_PASS m=16 n=7 small=1 wide_path=0 history_expected=0 history_calls=0 history_bytes=0 history_success=0 history_fail=0 x_calls=4 x_bytes=4096 x_success=0 x_fail=4 kb_calls=0 kb_bytes=0 kb_success=0 kb_fail=0 total=4 injected=4 history_level=-1 x_level=1 kb_level=-1 shape_bad=0 x_each_worker_once=1
CASE_PASS m=16 n=7 sve16_entries=0 expected=0 old_entries=0 packed_entries=0 packed_expected=0 wide_entries=0 wide_expected=0 wrapper_entries=0 wrapper_expected=0
ARGUMENTS_PASS m=16 n=7 calls=0 bad=0 expected_panel_stride=128
ALLOC_PASS m=16 n=8 small=1 wide_path=0 history_expected=0 history_calls=0 history_bytes=0 history_success=0 history_fail=0 x_calls=4 x_bytes=4096 x_success=0 x_fail=4 kb_calls=0 kb_bytes=0 kb_success=0 kb_fail=0 total=4 injected=4 history_level=-1 x_level=1 kb_level=-1 shape_bad=0 x_each_worker_once=1
CASE_PASS m=16 n=8 sve16_entries=0 expected=0 old_entries=0 packed_entries=0 packed_expected=0 wide_entries=0 wide_expected=0 wrapper_entries=0 wrapper_expected=0
ARGUMENTS_PASS m=16 n=8 calls=0 bad=0 expected_panel_stride=128
ALLOC_PASS m=16 n=9 small=1 wide_path=0 history_expected=0 history_calls=0 history_bytes=0 history_success=0 history_fail=0 x_calls=4 x_bytes=4096 x_success=0 x_fail=4 kb_calls=0 kb_bytes=0 kb_success=0 kb_fail=0 total=4 injected=4 history_level=-1 x_level=1 kb_level=-1 shape_bad=0 x_each_worker_once=1
CASE_PASS m=16 n=9 sve16_entries=0 expected=0 old_entries=0 packed_entries=0 packed_expected=0 wide_entries=0 wide_expected=0 wrapper_entries=0 wrapper_expected=0
ARGUMENTS_PASS m=16 n=9 calls=0 bad=0 expected_panel_stride=128
ALLOC_PASS m=16 n=17 small=1 wide_path=0 history_expected=0 history_calls=0 history_bytes=0 history_success=0 history_fail=0 x_calls=4 x_bytes=4096 x_success=0 x_fail=4 kb_calls=0 kb_bytes=0 kb_success=0 kb_fail=0 total=4 injected=4 history_level=-1 x_level=1 kb_level=-1 shape_bad=0 x_each_worker_once=1
CASE_PASS m=16 n=17 sve16_entries=0 expected=0 old_entries=0 packed_entries=0 packed_expected=0 wide_entries=0 wide_expected=0 wrapper_entries=0 wrapper_expected=0
ARGUMENTS_PASS m=16 n=17 calls=0 bad=0 expected_panel_stride=128
ALLOC_PASS m=17 n=1 small=1 wide_path=0 history_expected=0 history_calls=0 history_bytes=0 history_success=0 history_fail=0 x_calls=4 x_bytes=4352 x_success=0 x_fail=4 kb_calls=0 kb_bytes=0 kb_success=0 kb_fail=0 total=4 injected=4 history_level=-1 x_level=1 kb_level=-1 shape_bad=0 x_each_worker_once=1
CASE_PASS m=17 n=1 sve16_entries=0 expected=0 old_entries=0 packed_entries=0 packed_expected=0 wide_entries=0 wide_expected=0 wrapper_entries=0 wrapper_expected=0
ARGUMENTS_PASS m=17 n=1 calls=0 bad=0 expected_panel_stride=136
ALLOC_PASS m=17 n=7 small=1 wide_path=0 history_expected=0 history_calls=0 history_bytes=0 history_success=0 history_fail=0 x_calls=4 x_bytes=4352 x_success=0 x_fail=4 kb_calls=0 kb_bytes=0 kb_success=0 kb_fail=0 total=4 injected=4 history_level=-1 x_level=1 kb_level=-1 shape_bad=0 x_each_worker_once=1
CASE_PASS m=17 n=7 sve16_entries=0 expected=0 old_entries=0 packed_entries=0 packed_expected=0 wide_entries=0 wide_expected=0 wrapper_entries=0 wrapper_expected=0
ARGUMENTS_PASS m=17 n=7 calls=0 bad=0 expected_panel_stride=136
ALLOC_PASS m=17 n=8 small=1 wide_path=0 history_expected=0 history_calls=0 history_bytes=0 history_success=0 history_fail=0 x_calls=4 x_bytes=4352 x_success=0 x_fail=4 kb_calls=0 kb_bytes=0 kb_success=0 kb_fail=0 total=4 injected=4 history_level=-1 x_level=1 kb_level=-1 shape_bad=0 x_each_worker_once=1
CASE_PASS m=17 n=8 sve16_entries=0 expected=0 old_entries=0 packed_entries=0 packed_expected=0 wide_entries=0 wide_expected=0 wrapper_entries=0 wrapper_expected=0
ARGUMENTS_PASS m=17 n=8 calls=0 bad=0 expected_panel_stride=136
ALLOC_PASS m=17 n=9 small=1 wide_path=0 history_expected=0 history_calls=0 history_bytes=0 history_success=0 history_fail=0 x_calls=4 x_bytes=4352 x_success=0 x_fail=4 kb_calls=0 kb_bytes=0 kb_success=0 kb_fail=0 total=4 injected=4 history_level=-1 x_level=1 kb_level=-1 shape_bad=0 x_each_worker_once=1
CASE_PASS m=17 n=9 sve16_entries=0 expected=0 old_entries=0 packed_entries=0 packed_expected=0 wide_entries=0 wide_expected=0 wrapper_entries=0 wrapper_expected=0
ARGUMENTS_PASS m=17 n=9 calls=0 bad=0 expected_panel_stride=136
ALLOC_PASS m=17 n=17 small=1 wide_path=0 history_expected=0 history_calls=0 history_bytes=0 history_success=0 history_fail=0 x_calls=4 x_bytes=4352 x_success=0 x_fail=4 kb_calls=0 kb_bytes=0 kb_success=0 kb_fail=0 total=4 injected=4 history_level=-1 x_level=1 kb_level=-1 shape_bad=0 x_each_worker_once=1
CASE_PASS m=17 n=17 sve16_entries=0 expected=0 old_entries=0 packed_entries=0 packed_expected=0 wide_entries=0 wide_expected=0 wrapper_entries=0 wrapper_expected=0
ARGUMENTS_PASS m=17 n=17 calls=0 bad=0 expected_panel_stride=136
ALLOC_PASS m=31 n=1 small=1 wide_path=0 history_expected=0 history_calls=0 history_bytes=0 history_success=0 history_fail=0 x_calls=4 x_bytes=7936 x_success=0 x_fail=4 kb_calls=0 kb_bytes=0 kb_success=0 kb_fail=0 total=4 injected=4 history_level=-1 x_level=1 kb_level=-1 shape_bad=0 x_each_worker_once=1
CASE_PASS m=31 n=1 sve16_entries=0 expected=0 old_entries=0 packed_entries=0 packed_expected=0 wide_entries=0 wide_expected=0 wrapper_entries=0 wrapper_expected=0
ARGUMENTS_PASS m=31 n=1 calls=0 bad=0 expected_panel_stride=248
ALLOC_PASS m=31 n=7 small=1 wide_path=0 history_expected=0 history_calls=0 history_bytes=0 history_success=0 history_fail=0 x_calls=4 x_bytes=7936 x_success=0 x_fail=4 kb_calls=0 kb_bytes=0 kb_success=0 kb_fail=0 total=4 injected=4 history_level=-1 x_level=1 kb_level=-1 shape_bad=0 x_each_worker_once=1
CASE_PASS m=31 n=7 sve16_entries=0 expected=0 old_entries=0 packed_entries=0 packed_expected=0 wide_entries=0 wide_expected=0 wrapper_entries=0 wrapper_expected=0
ARGUMENTS_PASS m=31 n=7 calls=0 bad=0 expected_panel_stride=248
ALLOC_PASS m=31 n=8 small=1 wide_path=0 history_expected=0 history_calls=0 history_bytes=0 history_success=0 history_fail=0 x_calls=4 x_bytes=7936 x_success=0 x_fail=4 kb_calls=0 kb_bytes=0 kb_success=0 kb_fail=0 total=4 injected=4 history_level=-1 x_level=1 kb_level=-1 shape_bad=0 x_each_worker_once=1
CASE_PASS m=31 n=8 sve16_entries=0 expected=0 old_entries=0 packed_entries=0 packed_expected=0 wide_entries=0 wide_expected=0 wrapper_entries=0 wrapper_expected=0
ARGUMENTS_PASS m=31 n=8 calls=0 bad=0 expected_panel_stride=248
ALLOC_PASS m=31 n=9 small=1 wide_path=0 history_expected=0 history_calls=0 history_bytes=0 history_success=0 history_fail=0 x_calls=4 x_bytes=7936 x_success=0 x_fail=4 kb_calls=0 kb_bytes=0 kb_success=0 kb_fail=0 total=4 injected=4 history_level=-1 x_level=1 kb_level=-1 shape_bad=0 x_each_worker_once=1
CASE_PASS m=31 n=9 sve16_entries=0 expected=0 old_entries=0 packed_entries=0 packed_expected=0 wide_entries=0 wide_expected=0 wrapper_entries=0 wrapper_expected=0
ARGUMENTS_PASS m=31 n=9 calls=0 bad=0 expected_panel_stride=248
ALLOC_PASS m=31 n=17 small=1 wide_path=0 history_expected=0 history_calls=0 history_bytes=0 history_success=0 history_fail=0 x_calls=4 x_bytes=7936 x_success=0 x_fail=4 kb_calls=0 kb_bytes=0 kb_success=0 kb_fail=0 total=4 injected=4 history_level=-1 x_level=1 kb_level=-1 shape_bad=0 x_each_worker_once=1
CASE_PASS m=31 n=17 sve16_entries=0 expected=0 old_entries=0 packed_entries=0 packed_expected=0 wide_entries=0 wide_expected=0 wrapper_entries=0 wrapper_expected=0
ARGUMENTS_PASS m=31 n=17 calls=0 bad=0 expected_panel_stride=248
ALLOC_PASS m=32 n=1 small=1 wide_path=0 history_expected=1 history_calls=1 history_bytes=2048 history_success=0 history_fail=1 x_calls=4 x_bytes=8192 x_success=0 x_fail=4 kb_calls=0 kb_bytes=0 kb_success=0 kb_fail=0 total=5 injected=5 history_level=0 x_level=1 kb_level=-1 shape_bad=0 x_each_worker_once=1
CASE_PASS m=32 n=1 sve16_entries=0 expected=0 old_entries=0 packed_entries=0 packed_expected=0 wide_entries=0 wide_expected=0 wrapper_entries=0 wrapper_expected=0
ARGUMENTS_PASS m=32 n=1 calls=0 bad=0 expected_panel_stride=256
ALLOC_PASS m=32 n=7 small=1 wide_path=0 history_expected=1 history_calls=1 history_bytes=2048 history_success=0 history_fail=1 x_calls=4 x_bytes=8192 x_success=0 x_fail=4 kb_calls=0 kb_bytes=0 kb_success=0 kb_fail=0 total=5 injected=5 history_level=0 x_level=1 kb_level=-1 shape_bad=0 x_each_worker_once=1
CASE_PASS m=32 n=7 sve16_entries=0 expected=0 old_entries=0 packed_entries=0 packed_expected=0 wide_entries=0 wide_expected=0 wrapper_entries=0 wrapper_expected=0
ARGUMENTS_PASS m=32 n=7 calls=0 bad=0 expected_panel_stride=256
ALLOC_PASS m=32 n=8 small=1 wide_path=0 history_expected=1 history_calls=1 history_bytes=2048 history_success=0 history_fail=1 x_calls=4 x_bytes=8192 x_success=0 x_fail=4 kb_calls=0 kb_bytes=0 kb_success=0 kb_fail=0 total=5 injected=5 history_level=0 x_level=1 kb_level=-1 shape_bad=0 x_each_worker_once=1
CASE_PASS m=32 n=8 sve16_entries=0 expected=0 old_entries=0 packed_entries=0 packed_expected=0 wide_entries=0 wide_expected=0 wrapper_entries=0 wrapper_expected=0
ARGUMENTS_PASS m=32 n=8 calls=0 bad=0 expected_panel_stride=256
ALLOC_PASS m=32 n=9 small=1 wide_path=0 history_expected=1 history_calls=1 history_bytes=2048 history_success=0 history_fail=1 x_calls=4 x_bytes=8192 x_success=0 x_fail=4 kb_calls=0 kb_bytes=0 kb_success=0 kb_fail=0 total=5 injected=5 history_level=0 x_level=1 kb_level=-1 shape_bad=0 x_each_worker_once=1
CASE_PASS m=32 n=9 sve16_entries=0 expected=0 old_entries=0 packed_entries=0 packed_expected=0 wide_entries=0 wide_expected=0 wrapper_entries=0 wrapper_expected=0
ARGUMENTS_PASS m=32 n=9 calls=0 bad=0 expected_panel_stride=256
ALLOC_PASS m=32 n=17 small=1 wide_path=0 history_expected=1 history_calls=1 history_bytes=2048 history_success=0 history_fail=1 x_calls=4 x_bytes=8192 x_success=0 x_fail=4 kb_calls=0 kb_bytes=0 kb_success=0 kb_fail=0 total=5 injected=5 history_level=0 x_level=1 kb_level=-1 shape_bad=0 x_each_worker_once=1
CASE_PASS m=32 n=17 sve16_entries=0 expected=0 old_entries=0 packed_entries=0 packed_expected=0 wide_entries=0 wide_expected=0 wrapper_entries=0 wrapper_expected=0
ARGUMENTS_PASS m=32 n=17 calls=0 bad=0 expected_panel_stride=256
ALLOC_PASS m=33 n=1 small=1 wide_path=0 history_expected=1 history_calls=1 history_bytes=2048 history_success=0 history_fail=1 x_calls=4 x_bytes=8448 x_success=0 x_fail=4 kb_calls=0 kb_bytes=0 kb_success=0 kb_fail=0 total=5 injected=5 history_level=0 x_level=1 kb_level=-1 shape_bad=0 x_each_worker_once=1
CASE_PASS m=33 n=1 sve16_entries=0 expected=0 old_entries=0 packed_entries=0 packed_expected=0 wide_entries=0 wide_expected=0 wrapper_entries=0 wrapper_expected=0
ARGUMENTS_PASS m=33 n=1 calls=0 bad=0 expected_panel_stride=264
ALLOC_PASS m=33 n=7 small=1 wide_path=0 history_expected=1 history_calls=1 history_bytes=2048 history_success=0 history_fail=1 x_calls=4 x_bytes=8448 x_success=0 x_fail=4 kb_calls=0 kb_bytes=0 kb_success=0 kb_fail=0 total=5 injected=5 history_level=0 x_level=1 kb_level=-1 shape_bad=0 x_each_worker_once=1
CASE_PASS m=33 n=7 sve16_entries=0 expected=0 old_entries=0 packed_entries=0 packed_expected=0 wide_entries=0 wide_expected=0 wrapper_entries=0 wrapper_expected=0
ARGUMENTS_PASS m=33 n=7 calls=0 bad=0 expected_panel_stride=264
ALLOC_PASS m=33 n=8 small=1 wide_path=0 history_expected=1 history_calls=1 history_bytes=2048 history_success=0 history_fail=1 x_calls=4 x_bytes=8448 x_success=0 x_fail=4 kb_calls=0 kb_bytes=0 kb_success=0 kb_fail=0 total=5 injected=5 history_level=0 x_level=1 kb_level=-1 shape_bad=0 x_each_worker_once=1
CASE_PASS m=33 n=8 sve16_entries=0 expected=0 old_entries=0 packed_entries=0 packed_expected=0 wide_entries=0 wide_expected=0 wrapper_entries=0 wrapper_expected=0
ARGUMENTS_PASS m=33 n=8 calls=0 bad=0 expected_panel_stride=264
ALLOC_PASS m=33 n=9 small=1 wide_path=0 history_expected=1 history_calls=1 history_bytes=2048 history_success=0 history_fail=1 x_calls=4 x_bytes=8448 x_success=0 x_fail=4 kb_calls=0 kb_bytes=0 kb_success=0 kb_fail=0 total=5 injected=5 history_level=0 x_level=1 kb_level=-1 shape_bad=0 x_each_worker_once=1
CASE_PASS m=33 n=9 sve16_entries=0 expected=0 old_entries=0 packed_entries=0 packed_expected=0 wide_entries=0 wide_expected=0 wrapper_entries=0 wrapper_expected=0
ARGUMENTS_PASS m=33 n=9 calls=0 bad=0 expected_panel_stride=264
ALLOC_PASS m=33 n=17 small=1 wide_path=0 history_expected=1 history_calls=1 history_bytes=2048 history_success=0 history_fail=1 x_calls=4 x_bytes=8448 x_success=0 x_fail=4 kb_calls=0 kb_bytes=0 kb_success=0 kb_fail=0 total=5 injected=5 history_level=0 x_level=1 kb_level=-1 shape_bad=0 x_each_worker_once=1
CASE_PASS m=33 n=17 sve16_entries=0 expected=0 old_entries=0 packed_entries=0 packed_expected=0 wide_entries=0 wide_expected=0 wrapper_entries=0 wrapper_expected=0
ARGUMENTS_PASS m=33 n=17 calls=0 bad=0 expected_panel_stride=264
ALLOC_PASS m=63 n=1 small=1 wide_path=0 history_expected=1 history_calls=1 history_bytes=6144 history_success=0 history_fail=1 x_calls=4 x_bytes=16128 x_success=0 x_fail=4 kb_calls=0 kb_bytes=0 kb_success=0 kb_fail=0 total=5 injected=5 history_level=0 x_level=1 kb_level=-1 shape_bad=0 x_each_worker_once=1
CASE_PASS m=63 n=1 sve16_entries=0 expected=0 old_entries=0 packed_entries=0 packed_expected=0 wide_entries=0 wide_expected=0 wrapper_entries=0 wrapper_expected=0
ARGUMENTS_PASS m=63 n=1 calls=0 bad=0 expected_panel_stride=504
ALLOC_PASS m=63 n=7 small=1 wide_path=0 history_expected=1 history_calls=1 history_bytes=6144 history_success=0 history_fail=1 x_calls=4 x_bytes=16128 x_success=0 x_fail=4 kb_calls=0 kb_bytes=0 kb_success=0 kb_fail=0 total=5 injected=5 history_level=0 x_level=1 kb_level=-1 shape_bad=0 x_each_worker_once=1
CASE_PASS m=63 n=7 sve16_entries=0 expected=0 old_entries=0 packed_entries=0 packed_expected=0 wide_entries=0 wide_expected=0 wrapper_entries=0 wrapper_expected=0
ARGUMENTS_PASS m=63 n=7 calls=0 bad=0 expected_panel_stride=504
ALLOC_PASS m=63 n=8 small=1 wide_path=0 history_expected=1 history_calls=1 history_bytes=6144 history_success=0 history_fail=1 x_calls=4 x_bytes=16128 x_success=0 x_fail=4 kb_calls=0 kb_bytes=0 kb_success=0 kb_fail=0 total=5 injected=5 history_level=0 x_level=1 kb_level=-1 shape_bad=0 x_each_worker_once=1
CASE_PASS m=63 n=8 sve16_entries=0 expected=0 old_entries=0 packed_entries=0 packed_expected=0 wide_entries=0 wide_expected=0 wrapper_entries=0 wrapper_expected=0
ARGUMENTS_PASS m=63 n=8 calls=0 bad=0 expected_panel_stride=504
ALLOC_PASS m=63 n=9 small=1 wide_path=0 history_expected=1 history_calls=1 history_bytes=6144 history_success=0 history_fail=1 x_calls=4 x_bytes=16128 x_success=0 x_fail=4 kb_calls=0 kb_bytes=0 kb_success=0 kb_fail=0 total=5 injected=5 history_level=0 x_level=1 kb_level=-1 shape_bad=0 x_each_worker_once=1
CASE_PASS m=63 n=9 sve16_entries=0 expected=0 old_entries=0 packed_entries=0 packed_expected=0 wide_entries=0 wide_expected=0 wrapper_entries=0 wrapper_expected=0
ARGUMENTS_PASS m=63 n=9 calls=0 bad=0 expected_panel_stride=504
ALLOC_PASS m=63 n=17 small=1 wide_path=0 history_expected=1 history_calls=1 history_bytes=6144 history_success=0 history_fail=1 x_calls=4 x_bytes=16128 x_success=0 x_fail=4 kb_calls=0 kb_bytes=0 kb_success=0 kb_fail=0 total=5 injected=5 history_level=0 x_level=1 kb_level=-1 shape_bad=0 x_each_worker_once=1
CASE_PASS m=63 n=17 sve16_entries=0 expected=0 old_entries=0 packed_entries=0 packed_expected=0 wide_entries=0 wide_expected=0 wrapper_entries=0 wrapper_expected=0
ARGUMENTS_PASS m=63 n=17 calls=0 bad=0 expected_panel_stride=504
ALLOC_PASS m=64 n=1 small=1 wide_path=0 history_expected=1 history_calls=1 history_bytes=12288 history_success=0 history_fail=1 x_calls=4 x_bytes=16384 x_success=0 x_fail=4 kb_calls=0 kb_bytes=0 kb_success=0 kb_fail=0 total=5 injected=5 history_level=0 x_level=1 kb_level=-1 shape_bad=0 x_each_worker_once=1
CASE_PASS m=64 n=1 sve16_entries=0 expected=0 old_entries=0 packed_entries=0 packed_expected=0 wide_entries=0 wide_expected=0 wrapper_entries=0 wrapper_expected=0
ARGUMENTS_PASS m=64 n=1 calls=0 bad=0 expected_panel_stride=512
ALLOC_PASS m=64 n=7 small=1 wide_path=0 history_expected=1 history_calls=1 history_bytes=12288 history_success=0 history_fail=1 x_calls=4 x_bytes=16384 x_success=0 x_fail=4 kb_calls=0 kb_bytes=0 kb_success=0 kb_fail=0 total=5 injected=5 history_level=0 x_level=1 kb_level=-1 shape_bad=0 x_each_worker_once=1
CASE_PASS m=64 n=7 sve16_entries=0 expected=0 old_entries=0 packed_entries=0 packed_expected=0 wide_entries=0 wide_expected=0 wrapper_entries=0 wrapper_expected=0
ARGUMENTS_PASS m=64 n=7 calls=0 bad=0 expected_panel_stride=512
ALLOC_PASS m=64 n=8 small=1 wide_path=0 history_expected=1 history_calls=1 history_bytes=12288 history_success=0 history_fail=1 x_calls=4 x_bytes=16384 x_success=0 x_fail=4 kb_calls=0 kb_bytes=0 kb_success=0 kb_fail=0 total=5 injected=5 history_level=0 x_level=1 kb_level=-1 shape_bad=0 x_each_worker_once=1
CASE_PASS m=64 n=8 sve16_entries=0 expected=0 old_entries=0 packed_entries=0 packed_expected=0 wide_entries=0 wide_expected=0 wrapper_entries=0 wrapper_expected=0
ARGUMENTS_PASS m=64 n=8 calls=0 bad=0 expected_panel_stride=512
ALLOC_PASS m=64 n=9 small=1 wide_path=0 history_expected=1 history_calls=1 history_bytes=12288 history_success=0 history_fail=1 x_calls=4 x_bytes=16384 x_success=0 x_fail=4 kb_calls=0 kb_bytes=0 kb_success=0 kb_fail=0 total=5 injected=5 history_level=0 x_level=1 kb_level=-1 shape_bad=0 x_each_worker_once=1
CASE_PASS m=64 n=9 sve16_entries=0 expected=0 old_entries=0 packed_entries=0 packed_expected=0 wide_entries=0 wide_expected=0 wrapper_entries=0 wrapper_expected=0
ARGUMENTS_PASS m=64 n=9 calls=0 bad=0 expected_panel_stride=512
ALLOC_PASS m=64 n=17 small=1 wide_path=0 history_expected=1 history_calls=1 history_bytes=12288 history_success=0 history_fail=1 x_calls=4 x_bytes=16384 x_success=0 x_fail=4 kb_calls=0 kb_bytes=0 kb_success=0 kb_fail=0 total=5 injected=5 history_level=0 x_level=1 kb_level=-1 shape_bad=0 x_each_worker_once=1
CASE_PASS m=64 n=17 sve16_entries=0 expected=0 old_entries=0 packed_entries=0 packed_expected=0 wide_entries=0 wide_expected=0 wrapper_entries=0 wrapper_expected=0
ARGUMENTS_PASS m=64 n=17 calls=0 bad=0 expected_panel_stride=512
ALLOC_PASS m=65 n=1 small=1 wide_path=0 history_expected=1 history_calls=1 history_bytes=12288 history_success=0 history_fail=1 x_calls=4 x_bytes=16640 x_success=0 x_fail=4 kb_calls=0 kb_bytes=0 kb_success=0 kb_fail=0 total=5 injected=5 history_level=0 x_level=1 kb_level=-1 shape_bad=0 x_each_worker_once=1
CASE_PASS m=65 n=1 sve16_entries=0 expected=0 old_entries=0 packed_entries=0 packed_expected=0 wide_entries=0 wide_expected=0 wrapper_entries=0 wrapper_expected=0
ARGUMENTS_PASS m=65 n=1 calls=0 bad=0 expected_panel_stride=520
ALLOC_PASS m=65 n=7 small=1 wide_path=0 history_expected=1 history_calls=1 history_bytes=12288 history_success=0 history_fail=1 x_calls=4 x_bytes=16640 x_success=0 x_fail=4 kb_calls=0 kb_bytes=0 kb_success=0 kb_fail=0 total=5 injected=5 history_level=0 x_level=1 kb_level=-1 shape_bad=0 x_each_worker_once=1
CASE_PASS m=65 n=7 sve16_entries=0 expected=0 old_entries=0 packed_entries=0 packed_expected=0 wide_entries=0 wide_expected=0 wrapper_entries=0 wrapper_expected=0
ARGUMENTS_PASS m=65 n=7 calls=0 bad=0 expected_panel_stride=520
ALLOC_PASS m=65 n=8 small=1 wide_path=0 history_expected=1 history_calls=1 history_bytes=12288 history_success=0 history_fail=1 x_calls=4 x_bytes=16640 x_success=0 x_fail=4 kb_calls=0 kb_bytes=0 kb_success=0 kb_fail=0 total=5 injected=5 history_level=0 x_level=1 kb_level=-1 shape_bad=0 x_each_worker_once=1
CASE_PASS m=65 n=8 sve16_entries=0 expected=0 old_entries=0 packed_entries=0 packed_expected=0 wide_entries=0 wide_expected=0 wrapper_entries=0 wrapper_expected=0
ARGUMENTS_PASS m=65 n=8 calls=0 bad=0 expected_panel_stride=520
ALLOC_PASS m=65 n=9 small=1 wide_path=0 history_expected=1 history_calls=1 history_bytes=12288 history_success=0 history_fail=1 x_calls=4 x_bytes=16640 x_success=0 x_fail=4 kb_calls=0 kb_bytes=0 kb_success=0 kb_fail=0 total=5 injected=5 history_level=0 x_level=1 kb_level=-1 shape_bad=0 x_each_worker_once=1
CASE_PASS m=65 n=9 sve16_entries=0 expected=0 old_entries=0 packed_entries=0 packed_expected=0 wide_entries=0 wide_expected=0 wrapper_entries=0 wrapper_expected=0
ARGUMENTS_PASS m=65 n=9 calls=0 bad=0 expected_panel_stride=520
ALLOC_PASS m=65 n=17 small=1 wide_path=0 history_expected=1 history_calls=1 history_bytes=12288 history_success=0 history_fail=1 x_calls=4 x_bytes=16640 x_success=0 x_fail=4 kb_calls=0 kb_bytes=0 kb_success=0 kb_fail=0 total=5 injected=5 history_level=0 x_level=1 kb_level=-1 shape_bad=0 x_each_worker_once=1
CASE_PASS m=65 n=17 sve16_entries=0 expected=0 old_entries=0 packed_entries=0 packed_expected=0 wide_entries=0 wide_expected=0 wrapper_entries=0 wrapper_expected=0
ARGUMENTS_PASS m=65 n=17 calls=0 bad=0 expected_panel_stride=520
ALLOC_PASS m=255 n=1 small=1 wide_path=0 history_expected=1 history_calls=1 history_bytes=215040 history_success=0 history_fail=1 x_calls=4 x_bytes=65280 x_success=0 x_fail=4 kb_calls=0 kb_bytes=0 kb_success=0 kb_fail=0 total=5 injected=5 history_level=0 x_level=1 kb_level=-1 shape_bad=0 x_each_worker_once=1
CASE_PASS m=255 n=1 sve16_entries=0 expected=0 old_entries=0 packed_entries=0 packed_expected=0 wide_entries=0 wide_expected=0 wrapper_entries=0 wrapper_expected=0
ARGUMENTS_PASS m=255 n=1 calls=0 bad=0 expected_panel_stride=2040
ALLOC_PASS m=255 n=7 small=1 wide_path=0 history_expected=1 history_calls=1 history_bytes=215040 history_success=0 history_fail=1 x_calls=4 x_bytes=65280 x_success=0 x_fail=4 kb_calls=0 kb_bytes=0 kb_success=0 kb_fail=0 total=5 injected=5 history_level=0 x_level=1 kb_level=-1 shape_bad=0 x_each_worker_once=1
CASE_PASS m=255 n=7 sve16_entries=0 expected=0 old_entries=0 packed_entries=0 packed_expected=0 wide_entries=0 wide_expected=0 wrapper_entries=0 wrapper_expected=0
ARGUMENTS_PASS m=255 n=7 calls=0 bad=0 expected_panel_stride=2040
ALLOC_PASS m=255 n=8 small=1 wide_path=0 history_expected=1 history_calls=1 history_bytes=215040 history_success=0 history_fail=1 x_calls=4 x_bytes=65280 x_success=0 x_fail=4 kb_calls=0 kb_bytes=0 kb_success=0 kb_fail=0 total=5 injected=5 history_level=0 x_level=1 kb_level=-1 shape_bad=0 x_each_worker_once=1
CASE_PASS m=255 n=8 sve16_entries=0 expected=0 old_entries=0 packed_entries=0 packed_expected=0 wide_entries=0 wide_expected=0 wrapper_entries=0 wrapper_expected=0
ARGUMENTS_PASS m=255 n=8 calls=0 bad=0 expected_panel_stride=2040
ALLOC_PASS m=255 n=9 small=1 wide_path=0 history_expected=1 history_calls=1 history_bytes=215040 history_success=0 history_fail=1 x_calls=4 x_bytes=65280 x_success=0 x_fail=4 kb_calls=0 kb_bytes=0 kb_success=0 kb_fail=0 total=5 injected=5 history_level=0 x_level=1 kb_level=-1 shape_bad=0 x_each_worker_once=1
CASE_PASS m=255 n=9 sve16_entries=0 expected=0 old_entries=0 packed_entries=0 packed_expected=0 wide_entries=0 wide_expected=0 wrapper_entries=0 wrapper_expected=0
ARGUMENTS_PASS m=255 n=9 calls=0 bad=0 expected_panel_stride=2040
ALLOC_PASS m=255 n=17 small=1 wide_path=0 history_expected=1 history_calls=1 history_bytes=215040 history_success=0 history_fail=1 x_calls=4 x_bytes=65280 x_success=0 x_fail=4 kb_calls=0 kb_bytes=0 kb_success=0 kb_fail=0 total=5 injected=5 history_level=0 x_level=1 kb_level=-1 shape_bad=0 x_each_worker_once=1
CASE_PASS m=255 n=17 sve16_entries=0 expected=0 old_entries=0 packed_entries=0 packed_expected=0 wide_entries=0 wide_expected=0 wrapper_entries=0 wrapper_expected=0
ARGUMENTS_PASS m=255 n=17 calls=0 bad=0 expected_panel_stride=2040
ALLOC_PASS m=256 n=1 small=1 wide_path=0 history_expected=1 history_calls=1 history_bytes=245760 history_success=0 history_fail=1 x_calls=4 x_bytes=65536 x_success=0 x_fail=4 kb_calls=0 kb_bytes=0 kb_success=0 kb_fail=0 total=5 injected=5 history_level=0 x_level=1 kb_level=-1 shape_bad=0 x_each_worker_once=1
CASE_PASS m=256 n=1 sve16_entries=0 expected=0 old_entries=0 packed_entries=0 packed_expected=0 wide_entries=0 wide_expected=0 wrapper_entries=0 wrapper_expected=0
ARGUMENTS_PASS m=256 n=1 calls=0 bad=0 expected_panel_stride=2048
ALLOC_PASS m=256 n=7 small=1 wide_path=0 history_expected=1 history_calls=1 history_bytes=245760 history_success=0 history_fail=1 x_calls=4 x_bytes=65536 x_success=0 x_fail=4 kb_calls=0 kb_bytes=0 kb_success=0 kb_fail=0 total=5 injected=5 history_level=0 x_level=1 kb_level=-1 shape_bad=0 x_each_worker_once=1
CASE_PASS m=256 n=7 sve16_entries=0 expected=0 old_entries=0 packed_entries=0 packed_expected=0 wide_entries=0 wide_expected=0 wrapper_entries=0 wrapper_expected=0
ARGUMENTS_PASS m=256 n=7 calls=0 bad=0 expected_panel_stride=2048
ALLOC_PASS m=256 n=8 small=1 wide_path=0 history_expected=1 history_calls=1 history_bytes=245760 history_success=0 history_fail=1 x_calls=4 x_bytes=65536 x_success=0 x_fail=4 kb_calls=0 kb_bytes=0 kb_success=0 kb_fail=0 total=5 injected=5 history_level=0 x_level=1 kb_level=-1 shape_bad=0 x_each_worker_once=1
CASE_PASS m=256 n=8 sve16_entries=0 expected=0 old_entries=0 packed_entries=0 packed_expected=0 wide_entries=0 wide_expected=0 wrapper_entries=0 wrapper_expected=0
ARGUMENTS_PASS m=256 n=8 calls=0 bad=0 expected_panel_stride=2048
ALLOC_PASS m=256 n=9 small=1 wide_path=0 history_expected=1 history_calls=1 history_bytes=245760 history_success=0 history_fail=1 x_calls=4 x_bytes=65536 x_success=0 x_fail=4 kb_calls=0 kb_bytes=0 kb_success=0 kb_fail=0 total=5 injected=5 history_level=0 x_level=1 kb_level=-1 shape_bad=0 x_each_worker_once=1
CASE_PASS m=256 n=9 sve16_entries=0 expected=0 old_entries=0 packed_entries=0 packed_expected=0 wide_entries=0 wide_expected=0 wrapper_entries=0 wrapper_expected=0
ARGUMENTS_PASS m=256 n=9 calls=0 bad=0 expected_panel_stride=2048
ALLOC_PASS m=256 n=17 small=1 wide_path=0 history_expected=1 history_calls=1 history_bytes=245760 history_success=0 history_fail=1 x_calls=4 x_bytes=65536 x_success=0 x_fail=4 kb_calls=0 kb_bytes=0 kb_success=0 kb_fail=0 total=5 injected=5 history_level=0 x_level=1 kb_level=-1 shape_bad=0 x_each_worker_once=1
CASE_PASS m=256 n=17 sve16_entries=0 expected=0 old_entries=0 packed_entries=0 packed_expected=0 wide_entries=0 wide_expected=0 wrapper_entries=0 wrapper_expected=0
ARGUMENTS_PASS m=256 n=17 calls=0 bad=0 expected_panel_stride=2048
ALLOC_PASS m=257 n=1 small=1 wide_path=0 history_expected=1 history_calls=1 history_bytes=245760 history_success=0 history_fail=1 x_calls=4 x_bytes=65792 x_success=0 x_fail=4 kb_calls=0 kb_bytes=0 kb_success=0 kb_fail=0 total=5 injected=5 history_level=0 x_level=1 kb_level=-1 shape_bad=0 x_each_worker_once=1
CASE_PASS m=257 n=1 sve16_entries=0 expected=0 old_entries=0 packed_entries=0 packed_expected=0 wide_entries=0 wide_expected=0 wrapper_entries=0 wrapper_expected=0
ARGUMENTS_PASS m=257 n=1 calls=0 bad=0 expected_panel_stride=2056
ALLOC_PASS m=257 n=7 small=1 wide_path=0 history_expected=1 history_calls=1 history_bytes=245760 history_success=0 history_fail=1 x_calls=4 x_bytes=65792 x_success=0 x_fail=4 kb_calls=0 kb_bytes=0 kb_success=0 kb_fail=0 total=5 injected=5 history_level=0 x_level=1 kb_level=-1 shape_bad=0 x_each_worker_once=1
CASE_PASS m=257 n=7 sve16_entries=0 expected=0 old_entries=0 packed_entries=0 packed_expected=0 wide_entries=0 wide_expected=0 wrapper_entries=0 wrapper_expected=0
ARGUMENTS_PASS m=257 n=7 calls=0 bad=0 expected_panel_stride=2056
ALLOC_PASS m=257 n=8 small=1 wide_path=0 history_expected=1 history_calls=1 history_bytes=245760 history_success=0 history_fail=1 x_calls=4 x_bytes=65792 x_success=0 x_fail=4 kb_calls=0 kb_bytes=0 kb_success=0 kb_fail=0 total=5 injected=5 history_level=0 x_level=1 kb_level=-1 shape_bad=0 x_each_worker_once=1
CASE_PASS m=257 n=8 sve16_entries=0 expected=0 old_entries=0 packed_entries=0 packed_expected=0 wide_entries=0 wide_expected=0 wrapper_entries=0 wrapper_expected=0
ARGUMENTS_PASS m=257 n=8 calls=0 bad=0 expected_panel_stride=2056
ALLOC_PASS m=257 n=9 small=1 wide_path=0 history_expected=1 history_calls=1 history_bytes=245760 history_success=0 history_fail=1 x_calls=4 x_bytes=65792 x_success=0 x_fail=4 kb_calls=0 kb_bytes=0 kb_success=0 kb_fail=0 total=5 injected=5 history_level=0 x_level=1 kb_level=-1 shape_bad=0 x_each_worker_once=1
CASE_PASS m=257 n=9 sve16_entries=0 expected=0 old_entries=0 packed_entries=0 packed_expected=0 wide_entries=0 wide_expected=0 wrapper_entries=0 wrapper_expected=0
ARGUMENTS_PASS m=257 n=9 calls=0 bad=0 expected_panel_stride=2056
ALLOC_PASS m=257 n=17 small=1 wide_path=0 history_expected=1 history_calls=1 history_bytes=245760 history_success=0 history_fail=1 x_calls=4 x_bytes=65792 x_success=0 x_fail=4 kb_calls=0 kb_bytes=0 kb_success=0 kb_fail=0 total=5 injected=5 history_level=0 x_level=1 kb_level=-1 shape_bad=0 x_each_worker_once=1
CASE_PASS m=257 n=17 sve16_entries=0 expected=0 old_entries=0 packed_entries=0 packed_expected=0 wide_entries=0 wide_expected=0 wrapper_entries=0 wrapper_expected=0
ARGUMENTS_PASS m=257 n=17 calls=0 bad=0 expected_panel_stride=2056
ALLOCATION_SUMMARY_PASS cases=80 budget_cases=0 shared_injection_cases=0
PASS whole_cases=80 noop_cases=4 non_dyadic_long_double_RHS=1 padding_L_unchanged=1 max_error=1.1102230246251565e-16
SOURCE_FEATURES_PASS panel16=1 packedL16=1 has_budget=1 history_budget_bytes=4194304 panel8x16=1
MODE=full THREADS=4 NARROW_VL=1 EXPECT_SVE16=0 EXPECT_PACKEDL16=0
ALLOC_PASS m=1 n=1 small=1 wide_path=0 history_expected=0 history_calls=0 history_bytes=0 history_success=0 history_fail=0 x_calls=4 x_bytes=256 x_success=4 x_fail=0 kb_calls=0 kb_bytes=0 kb_success=0 kb_fail=0 total=4 injected=0 history_level=-1 x_level=1 kb_level=-1 shape_bad=0 x_each_worker_once=1
CASE_PASS m=1 n=1 sve16_entries=0 expected=0 old_entries=0 packed_entries=0 packed_expected=0 wide_entries=0 wide_expected=0 wrapper_entries=0 wrapper_expected=0
ARGUMENTS_PASS m=1 n=1 calls=0 bad=0 expected_panel_stride=8
ALLOC_PASS m=1 n=7 small=1 wide_path=0 history_expected=0 history_calls=0 history_bytes=0 history_success=0 history_fail=0 x_calls=4 x_bytes=256 x_success=4 x_fail=0 kb_calls=0 kb_bytes=0 kb_success=0 kb_fail=0 total=4 injected=0 history_level=-1 x_level=1 kb_level=-1 shape_bad=0 x_each_worker_once=1
CASE_PASS m=1 n=7 sve16_entries=0 expected=0 old_entries=0 packed_entries=0 packed_expected=0 wide_entries=0 wide_expected=0 wrapper_entries=0 wrapper_expected=0
ARGUMENTS_PASS m=1 n=7 calls=0 bad=0 expected_panel_stride=8
ALLOC_PASS m=1 n=8 small=1 wide_path=0 history_expected=0 history_calls=0 history_bytes=0 history_success=0 history_fail=0 x_calls=4 x_bytes=256 x_success=4 x_fail=0 kb_calls=0 kb_bytes=0 kb_success=0 kb_fail=0 total=4 injected=0 history_level=-1 x_level=1 kb_level=-1 shape_bad=0 x_each_worker_once=1
CASE_PASS m=1 n=8 sve16_entries=0 expected=0 old_entries=0 packed_entries=0 packed_expected=0 wide_entries=0 wide_expected=0 wrapper_entries=0 wrapper_expected=0
ARGUMENTS_PASS m=1 n=8 calls=0 bad=0 expected_panel_stride=8
ALLOC_PASS m=1 n=9 small=1 wide_path=0 history_expected=0 history_calls=0 history_bytes=0 history_success=0 history_fail=0 x_calls=4 x_bytes=256 x_success=4 x_fail=0 kb_calls=0 kb_bytes=0 kb_success=0 kb_fail=0 total=4 injected=0 history_level=-1 x_level=1 kb_level=-1 shape_bad=0 x_each_worker_once=1
CASE_PASS m=1 n=9 sve16_entries=0 expected=0 old_entries=0 packed_entries=0 packed_expected=0 wide_entries=0 wide_expected=0 wrapper_entries=0 wrapper_expected=0
ARGUMENTS_PASS m=1 n=9 calls=0 bad=0 expected_panel_stride=8
ALLOC_PASS m=1 n=17 small=1 wide_path=0 history_expected=0 history_calls=0 history_bytes=0 history_success=0 history_fail=0 x_calls=4 x_bytes=256 x_success=4 x_fail=0 kb_calls=0 kb_bytes=0 kb_success=0 kb_fail=0 total=4 injected=0 history_level=-1 x_level=1 kb_level=-1 shape_bad=0 x_each_worker_once=1
CASE_PASS m=1 n=17 sve16_entries=0 expected=0 old_entries=0 packed_entries=0 packed_expected=0 wide_entries=0 wide_expected=0 wrapper_entries=0 wrapper_expected=0
ARGUMENTS_PASS m=1 n=17 calls=0 bad=0 expected_panel_stride=8
ALLOC_PASS m=3 n=1 small=1 wide_path=0 history_expected=0 history_calls=0 history_bytes=0 history_success=0 history_fail=0 x_calls=4 x_bytes=768 x_success=4 x_fail=0 kb_calls=0 kb_bytes=0 kb_success=0 kb_fail=0 total=4 injected=0 history_level=-1 x_level=1 kb_level=-1 shape_bad=0 x_each_worker_once=1
CASE_PASS m=3 n=1 sve16_entries=0 expected=0 old_entries=0 packed_entries=0 packed_expected=0 wide_entries=0 wide_expected=0 wrapper_entries=0 wrapper_expected=0
ARGUMENTS_PASS m=3 n=1 calls=0 bad=0 expected_panel_stride=24
ALLOC_PASS m=3 n=7 small=1 wide_path=0 history_expected=0 history_calls=0 history_bytes=0 history_success=0 history_fail=0 x_calls=4 x_bytes=768 x_success=4 x_fail=0 kb_calls=0 kb_bytes=0 kb_success=0 kb_fail=0 total=4 injected=0 history_level=-1 x_level=1 kb_level=-1 shape_bad=0 x_each_worker_once=1
CASE_PASS m=3 n=7 sve16_entries=0 expected=0 old_entries=0 packed_entries=0 packed_expected=0 wide_entries=0 wide_expected=0 wrapper_entries=0 wrapper_expected=0
ARGUMENTS_PASS m=3 n=7 calls=0 bad=0 expected_panel_stride=24
ALLOC_PASS m=3 n=8 small=1 wide_path=0 history_expected=0 history_calls=0 history_bytes=0 history_success=0 history_fail=0 x_calls=4 x_bytes=768 x_success=4 x_fail=0 kb_calls=0 kb_bytes=0 kb_success=0 kb_fail=0 total=4 injected=0 history_level=-1 x_level=1 kb_level=-1 shape_bad=0 x_each_worker_once=1
CASE_PASS m=3 n=8 sve16_entries=0 expected=0 old_entries=0 packed_entries=0 packed_expected=0 wide_entries=0 wide_expected=0 wrapper_entries=0 wrapper_expected=0
ARGUMENTS_PASS m=3 n=8 calls=0 bad=0 expected_panel_stride=24
ALLOC_PASS m=3 n=9 small=1 wide_path=0 history_expected=0 history_calls=0 history_bytes=0 history_success=0 history_fail=0 x_calls=4 x_bytes=768 x_success=4 x_fail=0 kb_calls=0 kb_bytes=0 kb_success=0 kb_fail=0 total=4 injected=0 history_level=-1 x_level=1 kb_level=-1 shape_bad=0 x_each_worker_once=1
CASE_PASS m=3 n=9 sve16_entries=0 expected=0 old_entries=0 packed_entries=0 packed_expected=0 wide_entries=0 wide_expected=0 wrapper_entries=0 wrapper_expected=0
ARGUMENTS_PASS m=3 n=9 calls=0 bad=0 expected_panel_stride=24
ALLOC_PASS m=3 n=17 small=1 wide_path=0 history_expected=0 history_calls=0 history_bytes=0 history_success=0 history_fail=0 x_calls=4 x_bytes=768 x_success=4 x_fail=0 kb_calls=0 kb_bytes=0 kb_success=0 kb_fail=0 total=4 injected=0 history_level=-1 x_level=1 kb_level=-1 shape_bad=0 x_each_worker_once=1
CASE_PASS m=3 n=17 sve16_entries=0 expected=0 old_entries=0 packed_entries=0 packed_expected=0 wide_entries=0 wide_expected=0 wrapper_entries=0 wrapper_expected=0
ARGUMENTS_PASS m=3 n=17 calls=0 bad=0 expected_panel_stride=24
ALLOC_PASS m=4 n=1 small=1 wide_path=0 history_expected=0 history_calls=0 history_bytes=0 history_success=0 history_fail=0 x_calls=4 x_bytes=1024 x_success=4 x_fail=0 kb_calls=0 kb_bytes=0 kb_success=0 kb_fail=0 total=4 injected=0 history_level=-1 x_level=1 kb_level=-1 shape_bad=0 x_each_worker_once=1
CASE_PASS m=4 n=1 sve16_entries=0 expected=0 old_entries=0 packed_entries=0 packed_expected=0 wide_entries=0 wide_expected=0 wrapper_entries=0 wrapper_expected=0
ARGUMENTS_PASS m=4 n=1 calls=0 bad=0 expected_panel_stride=32
ALLOC_PASS m=4 n=7 small=1 wide_path=0 history_expected=0 history_calls=0 history_bytes=0 history_success=0 history_fail=0 x_calls=4 x_bytes=1024 x_success=4 x_fail=0 kb_calls=0 kb_bytes=0 kb_success=0 kb_fail=0 total=4 injected=0 history_level=-1 x_level=1 kb_level=-1 shape_bad=0 x_each_worker_once=1
CASE_PASS m=4 n=7 sve16_entries=0 expected=0 old_entries=0 packed_entries=0 packed_expected=0 wide_entries=0 wide_expected=0 wrapper_entries=0 wrapper_expected=0
ARGUMENTS_PASS m=4 n=7 calls=0 bad=0 expected_panel_stride=32
ALLOC_PASS m=4 n=8 small=1 wide_path=0 history_expected=0 history_calls=0 history_bytes=0 history_success=0 history_fail=0 x_calls=4 x_bytes=1024 x_success=4 x_fail=0 kb_calls=0 kb_bytes=0 kb_success=0 kb_fail=0 total=4 injected=0 history_level=-1 x_level=1 kb_level=-1 shape_bad=0 x_each_worker_once=1
CASE_PASS m=4 n=8 sve16_entries=0 expected=0 old_entries=0 packed_entries=0 packed_expected=0 wide_entries=0 wide_expected=0 wrapper_entries=0 wrapper_expected=0
ARGUMENTS_PASS m=4 n=8 calls=0 bad=0 expected_panel_stride=32
ALLOC_PASS m=4 n=9 small=1 wide_path=0 history_expected=0 history_calls=0 history_bytes=0 history_success=0 history_fail=0 x_calls=4 x_bytes=1024 x_success=4 x_fail=0 kb_calls=0 kb_bytes=0 kb_success=0 kb_fail=0 total=4 injected=0 history_level=-1 x_level=1 kb_level=-1 shape_bad=0 x_each_worker_once=1
CASE_PASS m=4 n=9 sve16_entries=0 expected=0 old_entries=0 packed_entries=0 packed_expected=0 wide_entries=0 wide_expected=0 wrapper_entries=0 wrapper_expected=0
ARGUMENTS_PASS m=4 n=9 calls=0 bad=0 expected_panel_stride=32
ALLOC_PASS m=4 n=17 small=1 wide_path=0 history_expected=0 history_calls=0 history_bytes=0 history_success=0 history_fail=0 x_calls=4 x_bytes=1024 x_success=4 x_fail=0 kb_calls=0 kb_bytes=0 kb_success=0 kb_fail=0 total=4 injected=0 history_level=-1 x_level=1 kb_level=-1 shape_bad=0 x_each_worker_once=1
CASE_PASS m=4 n=17 sve16_entries=0 expected=0 old_entries=0 packed_entries=0 packed_expected=0 wide_entries=0 wide_expected=0 wrapper_entries=0 wrapper_expected=0
ARGUMENTS_PASS m=4 n=17 calls=0 bad=0 expected_panel_stride=32
ALLOC_PASS m=5 n=1 small=1 wide_path=0 history_expected=0 history_calls=0 history_bytes=0 history_success=0 history_fail=0 x_calls=4 x_bytes=1280 x_success=4 x_fail=0 kb_calls=0 kb_bytes=0 kb_success=0 kb_fail=0 total=4 injected=0 history_level=-1 x_level=1 kb_level=-1 shape_bad=0 x_each_worker_once=1
CASE_PASS m=5 n=1 sve16_entries=0 expected=0 old_entries=0 packed_entries=0 packed_expected=0 wide_entries=0 wide_expected=0 wrapper_entries=0 wrapper_expected=0
ARGUMENTS_PASS m=5 n=1 calls=0 bad=0 expected_panel_stride=40
ALLOC_PASS m=5 n=7 small=1 wide_path=0 history_expected=0 history_calls=0 history_bytes=0 history_success=0 history_fail=0 x_calls=4 x_bytes=1280 x_success=4 x_fail=0 kb_calls=0 kb_bytes=0 kb_success=0 kb_fail=0 total=4 injected=0 history_level=-1 x_level=1 kb_level=-1 shape_bad=0 x_each_worker_once=1
CASE_PASS m=5 n=7 sve16_entries=0 expected=0 old_entries=0 packed_entries=0 packed_expected=0 wide_entries=0 wide_expected=0 wrapper_entries=0 wrapper_expected=0
ARGUMENTS_PASS m=5 n=7 calls=0 bad=0 expected_panel_stride=40
ALLOC_PASS m=5 n=8 small=1 wide_path=0 history_expected=0 history_calls=0 history_bytes=0 history_success=0 history_fail=0 x_calls=4 x_bytes=1280 x_success=4 x_fail=0 kb_calls=0 kb_bytes=0 kb_success=0 kb_fail=0 total=4 injected=0 history_level=-1 x_level=1 kb_level=-1 shape_bad=0 x_each_worker_once=1
CASE_PASS m=5 n=8 sve16_entries=0 expected=0 old_entries=0 packed_entries=0 packed_expected=0 wide_entries=0 wide_expected=0 wrapper_entries=0 wrapper_expected=0
ARGUMENTS_PASS m=5 n=8 calls=0 bad=0 expected_panel_stride=40
ALLOC_PASS m=5 n=9 small=1 wide_path=0 history_expected=0 history_calls=0 history_bytes=0 history_success=0 history_fail=0 x_calls=4 x_bytes=1280 x_success=4 x_fail=0 kb_calls=0 kb_bytes=0 kb_success=0 kb_fail=0 total=4 injected=0 history_level=-1 x_level=1 kb_level=-1 shape_bad=0 x_each_worker_once=1
CASE_PASS m=5 n=9 sve16_entries=0 expected=0 old_entries=0 packed_entries=0 packed_expected=0 wide_entries=0 wide_expected=0 wrapper_entries=0 wrapper_expected=0
ARGUMENTS_PASS m=5 n=9 calls=0 bad=0 expected_panel_stride=40
ALLOC_PASS m=5 n=17 small=1 wide_path=0 history_expected=0 history_calls=0 history_bytes=0 history_success=0 history_fail=0 x_calls=4 x_bytes=1280 x_success=4 x_fail=0 kb_calls=0 kb_bytes=0 kb_success=0 kb_fail=0 total=4 injected=0 history_level=-1 x_level=1 kb_level=-1 shape_bad=0 x_each_worker_once=1
CASE_PASS m=5 n=17 sve16_entries=0 expected=0 old_entries=0 packed_entries=0 packed_expected=0 wide_entries=0 wide_expected=0 wrapper_entries=0 wrapper_expected=0
ARGUMENTS_PASS m=5 n=17 calls=0 bad=0 expected_panel_stride=40
ALLOC_PASS m=15 n=1 small=1 wide_path=0 history_expected=0 history_calls=0 history_bytes=0 history_success=0 history_fail=0 x_calls=4 x_bytes=3840 x_success=4 x_fail=0 kb_calls=0 kb_bytes=0 kb_success=0 kb_fail=0 total=4 injected=0 history_level=-1 x_level=1 kb_level=-1 shape_bad=0 x_each_worker_once=1
CASE_PASS m=15 n=1 sve16_entries=0 expected=0 old_entries=0 packed_entries=0 packed_expected=0 wide_entries=0 wide_expected=0 wrapper_entries=0 wrapper_expected=0
ARGUMENTS_PASS m=15 n=1 calls=0 bad=0 expected_panel_stride=120
ALLOC_PASS m=15 n=7 small=1 wide_path=0 history_expected=0 history_calls=0 history_bytes=0 history_success=0 history_fail=0 x_calls=4 x_bytes=3840 x_success=4 x_fail=0 kb_calls=0 kb_bytes=0 kb_success=0 kb_fail=0 total=4 injected=0 history_level=-1 x_level=1 kb_level=-1 shape_bad=0 x_each_worker_once=1
CASE_PASS m=15 n=7 sve16_entries=0 expected=0 old_entries=0 packed_entries=0 packed_expected=0 wide_entries=0 wide_expected=0 wrapper_entries=0 wrapper_expected=0
ARGUMENTS_PASS m=15 n=7 calls=0 bad=0 expected_panel_stride=120
ALLOC_PASS m=15 n=8 small=1 wide_path=0 history_expected=0 history_calls=0 history_bytes=0 history_success=0 history_fail=0 x_calls=4 x_bytes=3840 x_success=4 x_fail=0 kb_calls=0 kb_bytes=0 kb_success=0 kb_fail=0 total=4 injected=0 history_level=-1 x_level=1 kb_level=-1 shape_bad=0 x_each_worker_once=1
CASE_PASS m=15 n=8 sve16_entries=0 expected=0 old_entries=0 packed_entries=0 packed_expected=0 wide_entries=0 wide_expected=0 wrapper_entries=0 wrapper_expected=0
ARGUMENTS_PASS m=15 n=8 calls=0 bad=0 expected_panel_stride=120
ALLOC_PASS m=15 n=9 small=1 wide_path=0 history_expected=0 history_calls=0 history_bytes=0 history_success=0 history_fail=0 x_calls=4 x_bytes=3840 x_success=4 x_fail=0 kb_calls=0 kb_bytes=0 kb_success=0 kb_fail=0 total=4 injected=0 history_level=-1 x_level=1 kb_level=-1 shape_bad=0 x_each_worker_once=1
CASE_PASS m=15 n=9 sve16_entries=0 expected=0 old_entries=0 packed_entries=0 packed_expected=0 wide_entries=0 wide_expected=0 wrapper_entries=0 wrapper_expected=0
ARGUMENTS_PASS m=15 n=9 calls=0 bad=0 expected_panel_stride=120
ALLOC_PASS m=15 n=17 small=1 wide_path=0 history_expected=0 history_calls=0 history_bytes=0 history_success=0 history_fail=0 x_calls=4 x_bytes=3840 x_success=4 x_fail=0 kb_calls=0 kb_bytes=0 kb_success=0 kb_fail=0 total=4 injected=0 history_level=-1 x_level=1 kb_level=-1 shape_bad=0 x_each_worker_once=1
CASE_PASS m=15 n=17 sve16_entries=0 expected=0 old_entries=0 packed_entries=0 packed_expected=0 wide_entries=0 wide_expected=0 wrapper_entries=0 wrapper_expected=0
ARGUMENTS_PASS m=15 n=17 calls=0 bad=0 expected_panel_stride=120
ALLOC_PASS m=16 n=1 small=1 wide_path=0 history_expected=0 history_calls=0 history_bytes=0 history_success=0 history_fail=0 x_calls=4 x_bytes=4096 x_success=4 x_fail=0 kb_calls=0 kb_bytes=0 kb_success=0 kb_fail=0 total=4 injected=0 history_level=-1 x_level=1 kb_level=-1 shape_bad=0 x_each_worker_once=1
CASE_PASS m=16 n=1 sve16_entries=0 expected=0 old_entries=0 packed_entries=0 packed_expected=0 wide_entries=0 wide_expected=0 wrapper_entries=0 wrapper_expected=0
ARGUMENTS_PASS m=16 n=1 calls=0 bad=0 expected_panel_stride=128
ALLOC_PASS m=16 n=7 small=1 wide_path=0 history_expected=0 history_calls=0 history_bytes=0 history_success=0 history_fail=0 x_calls=4 x_bytes=4096 x_success=4 x_fail=0 kb_calls=0 kb_bytes=0 kb_success=0 kb_fail=0 total=4 injected=0 history_level=-1 x_level=1 kb_level=-1 shape_bad=0 x_each_worker_once=1
CASE_PASS m=16 n=7 sve16_entries=0 expected=0 old_entries=0 packed_entries=0 packed_expected=0 wide_entries=0 wide_expected=0 wrapper_entries=0 wrapper_expected=0
ARGUMENTS_PASS m=16 n=7 calls=0 bad=0 expected_panel_stride=128
ALLOC_PASS m=16 n=8 small=1 wide_path=0 history_expected=0 history_calls=0 history_bytes=0 history_success=0 history_fail=0 x_calls=4 x_bytes=4096 x_success=4 x_fail=0 kb_calls=0 kb_bytes=0 kb_success=0 kb_fail=0 total=4 injected=0 history_level=-1 x_level=1 kb_level=-1 shape_bad=0 x_each_worker_once=1
CASE_PASS m=16 n=8 sve16_entries=0 expected=0 old_entries=0 packed_entries=0 packed_expected=0 wide_entries=0 wide_expected=0 wrapper_entries=0 wrapper_expected=0
ARGUMENTS_PASS m=16 n=8 calls=0 bad=0 expected_panel_stride=128
ALLOC_PASS m=16 n=9 small=1 wide_path=0 history_expected=0 history_calls=0 history_bytes=0 history_success=0 history_fail=0 x_calls=4 x_bytes=4096 x_success=4 x_fail=0 kb_calls=0 kb_bytes=0 kb_success=0 kb_fail=0 total=4 injected=0 history_level=-1 x_level=1 kb_level=-1 shape_bad=0 x_each_worker_once=1
CASE_PASS m=16 n=9 sve16_entries=0 expected=0 old_entries=0 packed_entries=0 packed_expected=0 wide_entries=0 wide_expected=0 wrapper_entries=0 wrapper_expected=0
ARGUMENTS_PASS m=16 n=9 calls=0 bad=0 expected_panel_stride=128
ALLOC_PASS m=16 n=17 small=1 wide_path=0 history_expected=0 history_calls=0 history_bytes=0 history_success=0 history_fail=0 x_calls=4 x_bytes=4096 x_success=4 x_fail=0 kb_calls=0 kb_bytes=0 kb_success=0 kb_fail=0 total=4 injected=0 history_level=-1 x_level=1 kb_level=-1 shape_bad=0 x_each_worker_once=1
CASE_PASS m=16 n=17 sve16_entries=0 expected=0 old_entries=0 packed_entries=0 packed_expected=0 wide_entries=0 wide_expected=0 wrapper_entries=0 wrapper_expected=0
ARGUMENTS_PASS m=16 n=17 calls=0 bad=0 expected_panel_stride=128
ALLOC_PASS m=17 n=1 small=1 wide_path=0 history_expected=0 history_calls=0 history_bytes=0 history_success=0 history_fail=0 x_calls=4 x_bytes=4352 x_success=4 x_fail=0 kb_calls=0 kb_bytes=0 kb_success=0 kb_fail=0 total=4 injected=0 history_level=-1 x_level=1 kb_level=-1 shape_bad=0 x_each_worker_once=1
CASE_PASS m=17 n=1 sve16_entries=0 expected=0 old_entries=0 packed_entries=0 packed_expected=0 wide_entries=0 wide_expected=0 wrapper_entries=0 wrapper_expected=0
ARGUMENTS_PASS m=17 n=1 calls=0 bad=0 expected_panel_stride=136
ALLOC_PASS m=17 n=7 small=1 wide_path=0 history_expected=0 history_calls=0 history_bytes=0 history_success=0 history_fail=0 x_calls=4 x_bytes=4352 x_success=4 x_fail=0 kb_calls=0 kb_bytes=0 kb_success=0 kb_fail=0 total=4 injected=0 history_level=-1 x_level=1 kb_level=-1 shape_bad=0 x_each_worker_once=1
CASE_PASS m=17 n=7 sve16_entries=0 expected=0 old_entries=0 packed_entries=0 packed_expected=0 wide_entries=0 wide_expected=0 wrapper_entries=0 wrapper_expected=0
ARGUMENTS_PASS m=17 n=7 calls=0 bad=0 expected_panel_stride=136
ALLOC_PASS m=17 n=8 small=1 wide_path=0 history_expected=0 history_calls=0 history_bytes=0 history_success=0 history_fail=0 x_calls=4 x_bytes=4352 x_success=4 x_fail=0 kb_calls=0 kb_bytes=0 kb_success=0 kb_fail=0 total=4 injected=0 history_level=-1 x_level=1 kb_level=-1 shape_bad=0 x_each_worker_once=1
CASE_PASS m=17 n=8 sve16_entries=0 expected=0 old_entries=0 packed_entries=0 packed_expected=0 wide_entries=0 wide_expected=0 wrapper_entries=0 wrapper_expected=0
ARGUMENTS_PASS m=17 n=8 calls=0 bad=0 expected_panel_stride=136
ALLOC_PASS m=17 n=9 small=1 wide_path=0 history_expected=0 history_calls=0 history_bytes=0 history_success=0 history_fail=0 x_calls=4 x_bytes=4352 x_success=4 x_fail=0 kb_calls=0 kb_bytes=0 kb_success=0 kb_fail=0 total=4 injected=0 history_level=-1 x_level=1 kb_level=-1 shape_bad=0 x_each_worker_once=1
CASE_PASS m=17 n=9 sve16_entries=0 expected=0 old_entries=0 packed_entries=0 packed_expected=0 wide_entries=0 wide_expected=0 wrapper_entries=0 wrapper_expected=0
ARGUMENTS_PASS m=17 n=9 calls=0 bad=0 expected_panel_stride=136
ALLOC_PASS m=17 n=17 small=1 wide_path=0 history_expected=0 history_calls=0 history_bytes=0 history_success=0 history_fail=0 x_calls=4 x_bytes=4352 x_success=4 x_fail=0 kb_calls=0 kb_bytes=0 kb_success=0 kb_fail=0 total=4 injected=0 history_level=-1 x_level=1 kb_level=-1 shape_bad=0 x_each_worker_once=1
CASE_PASS m=17 n=17 sve16_entries=0 expected=0 old_entries=0 packed_entries=0 packed_expected=0 wide_entries=0 wide_expected=0 wrapper_entries=0 wrapper_expected=0
ARGUMENTS_PASS m=17 n=17 calls=0 bad=0 expected_panel_stride=136
ALLOC_PASS m=31 n=1 small=1 wide_path=0 history_expected=0 history_calls=0 history_bytes=0 history_success=0 history_fail=0 x_calls=4 x_bytes=7936 x_success=4 x_fail=0 kb_calls=0 kb_bytes=0 kb_success=0 kb_fail=0 total=4 injected=0 history_level=-1 x_level=1 kb_level=-1 shape_bad=0 x_each_worker_once=1
CASE_PASS m=31 n=1 sve16_entries=0 expected=0 old_entries=0 packed_entries=0 packed_expected=0 wide_entries=0 wide_expected=0 wrapper_entries=0 wrapper_expected=0
ARGUMENTS_PASS m=31 n=1 calls=0 bad=0 expected_panel_stride=248
ALLOC_PASS m=31 n=7 small=1 wide_path=0 history_expected=0 history_calls=0 history_bytes=0 history_success=0 history_fail=0 x_calls=4 x_bytes=7936 x_success=4 x_fail=0 kb_calls=0 kb_bytes=0 kb_success=0 kb_fail=0 total=4 injected=0 history_level=-1 x_level=1 kb_level=-1 shape_bad=0 x_each_worker_once=1
CASE_PASS m=31 n=7 sve16_entries=0 expected=0 old_entries=0 packed_entries=0 packed_expected=0 wide_entries=0 wide_expected=0 wrapper_entries=0 wrapper_expected=0
ARGUMENTS_PASS m=31 n=7 calls=0 bad=0 expected_panel_stride=248
ALLOC_PASS m=31 n=8 small=1 wide_path=0 history_expected=0 history_calls=0 history_bytes=0 history_success=0 history_fail=0 x_calls=4 x_bytes=7936 x_success=4 x_fail=0 kb_calls=0 kb_bytes=0 kb_success=0 kb_fail=0 total=4 injected=0 history_level=-1 x_level=1 kb_level=-1 shape_bad=0 x_each_worker_once=1
CASE_PASS m=31 n=8 sve16_entries=0 expected=0 old_entries=0 packed_entries=0 packed_expected=0 wide_entries=0 wide_expected=0 wrapper_entries=0 wrapper_expected=0
ARGUMENTS_PASS m=31 n=8 calls=0 bad=0 expected_panel_stride=248
ALLOC_PASS m=31 n=9 small=1 wide_path=0 history_expected=0 history_calls=0 history_bytes=0 history_success=0 history_fail=0 x_calls=4 x_bytes=7936 x_success=4 x_fail=0 kb_calls=0 kb_bytes=0 kb_success=0 kb_fail=0 total=4 injected=0 history_level=-1 x_level=1 kb_level=-1 shape_bad=0 x_each_worker_once=1
CASE_PASS m=31 n=9 sve16_entries=0 expected=0 old_entries=0 packed_entries=0 packed_expected=0 wide_entries=0 wide_expected=0 wrapper_entries=0 wrapper_expected=0
ARGUMENTS_PASS m=31 n=9 calls=0 bad=0 expected_panel_stride=248
ALLOC_PASS m=31 n=17 small=1 wide_path=0 history_expected=0 history_calls=0 history_bytes=0 history_success=0 history_fail=0 x_calls=4 x_bytes=7936 x_success=4 x_fail=0 kb_calls=0 kb_bytes=0 kb_success=0 kb_fail=0 total=4 injected=0 history_level=-1 x_level=1 kb_level=-1 shape_bad=0 x_each_worker_once=1
CASE_PASS m=31 n=17 sve16_entries=0 expected=0 old_entries=0 packed_entries=0 packed_expected=0 wide_entries=0 wide_expected=0 wrapper_entries=0 wrapper_expected=0
ARGUMENTS_PASS m=31 n=17 calls=0 bad=0 expected_panel_stride=248
ALLOC_PASS m=32 n=1 small=1 wide_path=0 history_expected=1 history_calls=1 history_bytes=2048 history_success=1 history_fail=0 x_calls=4 x_bytes=8192 x_success=4 x_fail=0 kb_calls=0 kb_bytes=0 kb_success=0 kb_fail=0 total=5 injected=0 history_level=0 x_level=1 kb_level=-1 shape_bad=0 x_each_worker_once=1
CASE_PASS m=32 n=1 sve16_entries=0 expected=0 old_entries=0 packed_entries=0 packed_expected=0 wide_entries=0 wide_expected=0 wrapper_entries=0 wrapper_expected=0
ARGUMENTS_PASS m=32 n=1 calls=0 bad=0 expected_panel_stride=256
ALLOC_PASS m=32 n=7 small=1 wide_path=0 history_expected=1 history_calls=1 history_bytes=2048 history_success=1 history_fail=0 x_calls=4 x_bytes=8192 x_success=4 x_fail=0 kb_calls=0 kb_bytes=0 kb_success=0 kb_fail=0 total=5 injected=0 history_level=0 x_level=1 kb_level=-1 shape_bad=0 x_each_worker_once=1
CASE_PASS m=32 n=7 sve16_entries=0 expected=0 old_entries=0 packed_entries=0 packed_expected=0 wide_entries=0 wide_expected=0 wrapper_entries=0 wrapper_expected=0
ARGUMENTS_PASS m=32 n=7 calls=0 bad=0 expected_panel_stride=256
ALLOC_PASS m=32 n=8 small=1 wide_path=0 history_expected=1 history_calls=1 history_bytes=2048 history_success=1 history_fail=0 x_calls=4 x_bytes=8192 x_success=4 x_fail=0 kb_calls=0 kb_bytes=0 kb_success=0 kb_fail=0 total=5 injected=0 history_level=0 x_level=1 kb_level=-1 shape_bad=0 x_each_worker_once=1
CASE_PASS m=32 n=8 sve16_entries=0 expected=0 old_entries=0 packed_entries=0 packed_expected=0 wide_entries=0 wide_expected=0 wrapper_entries=0 wrapper_expected=0
ARGUMENTS_PASS m=32 n=8 calls=0 bad=0 expected_panel_stride=256
ALLOC_PASS m=32 n=9 small=1 wide_path=0 history_expected=1 history_calls=1 history_bytes=2048 history_success=1 history_fail=0 x_calls=4 x_bytes=8192 x_success=4 x_fail=0 kb_calls=0 kb_bytes=0 kb_success=0 kb_fail=0 total=5 injected=0 history_level=0 x_level=1 kb_level=-1 shape_bad=0 x_each_worker_once=1
CASE_PASS m=32 n=9 sve16_entries=0 expected=0 old_entries=0 packed_entries=0 packed_expected=0 wide_entries=0 wide_expected=0 wrapper_entries=0 wrapper_expected=0
ARGUMENTS_PASS m=32 n=9 calls=0 bad=0 expected_panel_stride=256
ALLOC_PASS m=32 n=17 small=1 wide_path=0 history_expected=1 history_calls=1 history_bytes=2048 history_success=1 history_fail=0 x_calls=4 x_bytes=8192 x_success=4 x_fail=0 kb_calls=0 kb_bytes=0 kb_success=0 kb_fail=0 total=5 injected=0 history_level=0 x_level=1 kb_level=-1 shape_bad=0 x_each_worker_once=1
CASE_PASS m=32 n=17 sve16_entries=0 expected=0 old_entries=0 packed_entries=0 packed_expected=0 wide_entries=0 wide_expected=0 wrapper_entries=0 wrapper_expected=0
ARGUMENTS_PASS m=32 n=17 calls=0 bad=0 expected_panel_stride=256
ALLOC_PASS m=33 n=1 small=1 wide_path=0 history_expected=1 history_calls=1 history_bytes=2048 history_success=1 history_fail=0 x_calls=4 x_bytes=8448 x_success=4 x_fail=0 kb_calls=0 kb_bytes=0 kb_success=0 kb_fail=0 total=5 injected=0 history_level=0 x_level=1 kb_level=-1 shape_bad=0 x_each_worker_once=1
CASE_PASS m=33 n=1 sve16_entries=0 expected=0 old_entries=0 packed_entries=0 packed_expected=0 wide_entries=0 wide_expected=0 wrapper_entries=0 wrapper_expected=0
ARGUMENTS_PASS m=33 n=1 calls=0 bad=0 expected_panel_stride=264
ALLOC_PASS m=33 n=7 small=1 wide_path=0 history_expected=1 history_calls=1 history_bytes=2048 history_success=1 history_fail=0 x_calls=4 x_bytes=8448 x_success=4 x_fail=0 kb_calls=0 kb_bytes=0 kb_success=0 kb_fail=0 total=5 injected=0 history_level=0 x_level=1 kb_level=-1 shape_bad=0 x_each_worker_once=1
CASE_PASS m=33 n=7 sve16_entries=0 expected=0 old_entries=0 packed_entries=0 packed_expected=0 wide_entries=0 wide_expected=0 wrapper_entries=0 wrapper_expected=0
ARGUMENTS_PASS m=33 n=7 calls=0 bad=0 expected_panel_stride=264
ALLOC_PASS m=33 n=8 small=1 wide_path=0 history_expected=1 history_calls=1 history_bytes=2048 history_success=1 history_fail=0 x_calls=4 x_bytes=8448 x_success=4 x_fail=0 kb_calls=0 kb_bytes=0 kb_success=0 kb_fail=0 total=5 injected=0 history_level=0 x_level=1 kb_level=-1 shape_bad=0 x_each_worker_once=1
CASE_PASS m=33 n=8 sve16_entries=0 expected=0 old_entries=0 packed_entries=0 packed_expected=0 wide_entries=0 wide_expected=0 wrapper_entries=0 wrapper_expected=0
ARGUMENTS_PASS m=33 n=8 calls=0 bad=0 expected_panel_stride=264
ALLOC_PASS m=33 n=9 small=1 wide_path=0 history_expected=1 history_calls=1 history_bytes=2048 history_success=1 history_fail=0 x_calls=4 x_bytes=8448 x_success=4 x_fail=0 kb_calls=0 kb_bytes=0 kb_success=0 kb_fail=0 total=5 injected=0 history_level=0 x_level=1 kb_level=-1 shape_bad=0 x_each_worker_once=1
CASE_PASS m=33 n=9 sve16_entries=0 expected=0 old_entries=0 packed_entries=0 packed_expected=0 wide_entries=0 wide_expected=0 wrapper_entries=0 wrapper_expected=0
ARGUMENTS_PASS m=33 n=9 calls=0 bad=0 expected_panel_stride=264
ALLOC_PASS m=33 n=17 small=1 wide_path=0 history_expected=1 history_calls=1 history_bytes=2048 history_success=1 history_fail=0 x_calls=4 x_bytes=8448 x_success=4 x_fail=0 kb_calls=0 kb_bytes=0 kb_success=0 kb_fail=0 total=5 injected=0 history_level=0 x_level=1 kb_level=-1 shape_bad=0 x_each_worker_once=1
CASE_PASS m=33 n=17 sve16_entries=0 expected=0 old_entries=0 packed_entries=0 packed_expected=0 wide_entries=0 wide_expected=0 wrapper_entries=0 wrapper_expected=0
ARGUMENTS_PASS m=33 n=17 calls=0 bad=0 expected_panel_stride=264
ALLOC_PASS m=63 n=1 small=1 wide_path=0 history_expected=1 history_calls=1 history_bytes=6144 history_success=1 history_fail=0 x_calls=4 x_bytes=16128 x_success=4 x_fail=0 kb_calls=0 kb_bytes=0 kb_success=0 kb_fail=0 total=5 injected=0 history_level=0 x_level=1 kb_level=-1 shape_bad=0 x_each_worker_once=1
CASE_PASS m=63 n=1 sve16_entries=0 expected=0 old_entries=0 packed_entries=0 packed_expected=0 wide_entries=0 wide_expected=0 wrapper_entries=0 wrapper_expected=0
ARGUMENTS_PASS m=63 n=1 calls=0 bad=0 expected_panel_stride=504
ALLOC_PASS m=63 n=7 small=1 wide_path=0 history_expected=1 history_calls=1 history_bytes=6144 history_success=1 history_fail=0 x_calls=4 x_bytes=16128 x_success=4 x_fail=0 kb_calls=0 kb_bytes=0 kb_success=0 kb_fail=0 total=5 injected=0 history_level=0 x_level=1 kb_level=-1 shape_bad=0 x_each_worker_once=1
CASE_PASS m=63 n=7 sve16_entries=0 expected=0 old_entries=0 packed_entries=0 packed_expected=0 wide_entries=0 wide_expected=0 wrapper_entries=0 wrapper_expected=0
ARGUMENTS_PASS m=63 n=7 calls=0 bad=0 expected_panel_stride=504
ALLOC_PASS m=63 n=8 small=1 wide_path=0 history_expected=1 history_calls=1 history_bytes=6144 history_success=1 history_fail=0 x_calls=4 x_bytes=16128 x_success=4 x_fail=0 kb_calls=0 kb_bytes=0 kb_success=0 kb_fail=0 total=5 injected=0 history_level=0 x_level=1 kb_level=-1 shape_bad=0 x_each_worker_once=1
CASE_PASS m=63 n=8 sve16_entries=0 expected=0 old_entries=0 packed_entries=0 packed_expected=0 wide_entries=0 wide_expected=0 wrapper_entries=0 wrapper_expected=0
ARGUMENTS_PASS m=63 n=8 calls=0 bad=0 expected_panel_stride=504
ALLOC_PASS m=63 n=9 small=1 wide_path=0 history_expected=1 history_calls=1 history_bytes=6144 history_success=1 history_fail=0 x_calls=4 x_bytes=16128 x_success=4 x_fail=0 kb_calls=0 kb_bytes=0 kb_success=0 kb_fail=0 total=5 injected=0 history_level=0 x_level=1 kb_level=-1 shape_bad=0 x_each_worker_once=1
CASE_PASS m=63 n=9 sve16_entries=0 expected=0 old_entries=0 packed_entries=0 packed_expected=0 wide_entries=0 wide_expected=0 wrapper_entries=0 wrapper_expected=0
ARGUMENTS_PASS m=63 n=9 calls=0 bad=0 expected_panel_stride=504
ALLOC_PASS m=63 n=17 small=1 wide_path=0 history_expected=1 history_calls=1 history_bytes=6144 history_success=1 history_fail=0 x_calls=4 x_bytes=16128 x_success=4 x_fail=0 kb_calls=0 kb_bytes=0 kb_success=0 kb_fail=0 total=5 injected=0 history_level=0 x_level=1 kb_level=-1 shape_bad=0 x_each_worker_once=1
CASE_PASS m=63 n=17 sve16_entries=0 expected=0 old_entries=0 packed_entries=0 packed_expected=0 wide_entries=0 wide_expected=0 wrapper_entries=0 wrapper_expected=0
ARGUMENTS_PASS m=63 n=17 calls=0 bad=0 expected_panel_stride=504
ALLOC_PASS m=64 n=1 small=1 wide_path=0 history_expected=1 history_calls=1 history_bytes=12288 history_success=1 history_fail=0 x_calls=4 x_bytes=16384 x_success=4 x_fail=0 kb_calls=0 kb_bytes=0 kb_success=0 kb_fail=0 total=5 injected=0 history_level=0 x_level=1 kb_level=-1 shape_bad=0 x_each_worker_once=1
CASE_PASS m=64 n=1 sve16_entries=0 expected=0 old_entries=0 packed_entries=0 packed_expected=0 wide_entries=0 wide_expected=0 wrapper_entries=0 wrapper_expected=0
ARGUMENTS_PASS m=64 n=1 calls=0 bad=0 expected_panel_stride=512
ALLOC_PASS m=64 n=7 small=1 wide_path=0 history_expected=1 history_calls=1 history_bytes=12288 history_success=1 history_fail=0 x_calls=4 x_bytes=16384 x_success=4 x_fail=0 kb_calls=0 kb_bytes=0 kb_success=0 kb_fail=0 total=5 injected=0 history_level=0 x_level=1 kb_level=-1 shape_bad=0 x_each_worker_once=1
CASE_PASS m=64 n=7 sve16_entries=0 expected=0 old_entries=0 packed_entries=0 packed_expected=0 wide_entries=0 wide_expected=0 wrapper_entries=0 wrapper_expected=0
ARGUMENTS_PASS m=64 n=7 calls=0 bad=0 expected_panel_stride=512
ALLOC_PASS m=64 n=8 small=1 wide_path=0 history_expected=1 history_calls=1 history_bytes=12288 history_success=1 history_fail=0 x_calls=4 x_bytes=16384 x_success=4 x_fail=0 kb_calls=0 kb_bytes=0 kb_success=0 kb_fail=0 total=5 injected=0 history_level=0 x_level=1 kb_level=-1 shape_bad=0 x_each_worker_once=1
CASE_PASS m=64 n=8 sve16_entries=0 expected=0 old_entries=0 packed_entries=0 packed_expected=0 wide_entries=0 wide_expected=0 wrapper_entries=0 wrapper_expected=0
ARGUMENTS_PASS m=64 n=8 calls=0 bad=0 expected_panel_stride=512
ALLOC_PASS m=64 n=9 small=1 wide_path=0 history_expected=1 history_calls=1 history_bytes=12288 history_success=1 history_fail=0 x_calls=4 x_bytes=16384 x_success=4 x_fail=0 kb_calls=0 kb_bytes=0 kb_success=0 kb_fail=0 total=5 injected=0 history_level=0 x_level=1 kb_level=-1 shape_bad=0 x_each_worker_once=1
CASE_PASS m=64 n=9 sve16_entries=0 expected=0 old_entries=0 packed_entries=0 packed_expected=0 wide_entries=0 wide_expected=0 wrapper_entries=0 wrapper_expected=0
ARGUMENTS_PASS m=64 n=9 calls=0 bad=0 expected_panel_stride=512
ALLOC_PASS m=64 n=17 small=1 wide_path=0 history_expected=1 history_calls=1 history_bytes=12288 history_success=1 history_fail=0 x_calls=4 x_bytes=16384 x_success=4 x_fail=0 kb_calls=0 kb_bytes=0 kb_success=0 kb_fail=0 total=5 injected=0 history_level=0 x_level=1 kb_level=-1 shape_bad=0 x_each_worker_once=1
CASE_PASS m=64 n=17 sve16_entries=0 expected=0 old_entries=0 packed_entries=0 packed_expected=0 wide_entries=0 wide_expected=0 wrapper_entries=0 wrapper_expected=0
ARGUMENTS_PASS m=64 n=17 calls=0 bad=0 expected_panel_stride=512
ALLOC_PASS m=65 n=1 small=1 wide_path=0 history_expected=1 history_calls=1 history_bytes=12288 history_success=1 history_fail=0 x_calls=4 x_bytes=16640 x_success=4 x_fail=0 kb_calls=0 kb_bytes=0 kb_success=0 kb_fail=0 total=5 injected=0 history_level=0 x_level=1 kb_level=-1 shape_bad=0 x_each_worker_once=1
CASE_PASS m=65 n=1 sve16_entries=0 expected=0 old_entries=0 packed_entries=0 packed_expected=0 wide_entries=0 wide_expected=0 wrapper_entries=0 wrapper_expected=0
ARGUMENTS_PASS m=65 n=1 calls=0 bad=0 expected_panel_stride=520
ALLOC_PASS m=65 n=7 small=1 wide_path=0 history_expected=1 history_calls=1 history_bytes=12288 history_success=1 history_fail=0 x_calls=4 x_bytes=16640 x_success=4 x_fail=0 kb_calls=0 kb_bytes=0 kb_success=0 kb_fail=0 total=5 injected=0 history_level=0 x_level=1 kb_level=-1 shape_bad=0 x_each_worker_once=1
CASE_PASS m=65 n=7 sve16_entries=0 expected=0 old_entries=0 packed_entries=0 packed_expected=0 wide_entries=0 wide_expected=0 wrapper_entries=0 wrapper_expected=0
ARGUMENTS_PASS m=65 n=7 calls=0 bad=0 expected_panel_stride=520
ALLOC_PASS m=65 n=8 small=1 wide_path=0 history_expected=1 history_calls=1 history_bytes=12288 history_success=1 history_fail=0 x_calls=4 x_bytes=16640 x_success=4 x_fail=0 kb_calls=0 kb_bytes=0 kb_success=0 kb_fail=0 total=5 injected=0 history_level=0 x_level=1 kb_level=-1 shape_bad=0 x_each_worker_once=1
CASE_PASS m=65 n=8 sve16_entries=0 expected=0 old_entries=0 packed_entries=0 packed_expected=0 wide_entries=0 wide_expected=0 wrapper_entries=0 wrapper_expected=0
ARGUMENTS_PASS m=65 n=8 calls=0 bad=0 expected_panel_stride=520
ALLOC_PASS m=65 n=9 small=1 wide_path=0 history_expected=1 history_calls=1 history_bytes=12288 history_success=1 history_fail=0 x_calls=4 x_bytes=16640 x_success=4 x_fail=0 kb_calls=0 kb_bytes=0 kb_success=0 kb_fail=0 total=5 injected=0 history_level=0 x_level=1 kb_level=-1 shape_bad=0 x_each_worker_once=1
CASE_PASS m=65 n=9 sve16_entries=0 expected=0 old_entries=0 packed_entries=0 packed_expected=0 wide_entries=0 wide_expected=0 wrapper_entries=0 wrapper_expected=0
ARGUMENTS_PASS m=65 n=9 calls=0 bad=0 expected_panel_stride=520
ALLOC_PASS m=65 n=17 small=1 wide_path=0 history_expected=1 history_calls=1 history_bytes=12288 history_success=1 history_fail=0 x_calls=4 x_bytes=16640 x_success=4 x_fail=0 kb_calls=0 kb_bytes=0 kb_success=0 kb_fail=0 total=5 injected=0 history_level=0 x_level=1 kb_level=-1 shape_bad=0 x_each_worker_once=1
CASE_PASS m=65 n=17 sve16_entries=0 expected=0 old_entries=0 packed_entries=0 packed_expected=0 wide_entries=0 wide_expected=0 wrapper_entries=0 wrapper_expected=0
ARGUMENTS_PASS m=65 n=17 calls=0 bad=0 expected_panel_stride=520
ALLOC_PASS m=255 n=1 small=1 wide_path=0 history_expected=1 history_calls=1 history_bytes=215040 history_success=1 history_fail=0 x_calls=4 x_bytes=65280 x_success=4 x_fail=0 kb_calls=0 kb_bytes=0 kb_success=0 kb_fail=0 total=5 injected=0 history_level=0 x_level=1 kb_level=-1 shape_bad=0 x_each_worker_once=1
CASE_PASS m=255 n=1 sve16_entries=0 expected=0 old_entries=0 packed_entries=0 packed_expected=0 wide_entries=0 wide_expected=0 wrapper_entries=0 wrapper_expected=0
ARGUMENTS_PASS m=255 n=1 calls=0 bad=0 expected_panel_stride=2040
ALLOC_PASS m=255 n=7 small=1 wide_path=0 history_expected=1 history_calls=1 history_bytes=215040 history_success=1 history_fail=0 x_calls=4 x_bytes=65280 x_success=4 x_fail=0 kb_calls=0 kb_bytes=0 kb_success=0 kb_fail=0 total=5 injected=0 history_level=0 x_level=1 kb_level=-1 shape_bad=0 x_each_worker_once=1
CASE_PASS m=255 n=7 sve16_entries=0 expected=0 old_entries=0 packed_entries=0 packed_expected=0 wide_entries=0 wide_expected=0 wrapper_entries=0 wrapper_expected=0
ARGUMENTS_PASS m=255 n=7 calls=0 bad=0 expected_panel_stride=2040
ALLOC_PASS m=255 n=8 small=1 wide_path=0 history_expected=1 history_calls=1 history_bytes=215040 history_success=1 history_fail=0 x_calls=4 x_bytes=65280 x_success=4 x_fail=0 kb_calls=0 kb_bytes=0 kb_success=0 kb_fail=0 total=5 injected=0 history_level=0 x_level=1 kb_level=-1 shape_bad=0 x_each_worker_once=1
CASE_PASS m=255 n=8 sve16_entries=0 expected=0 old_entries=0 packed_entries=0 packed_expected=0 wide_entries=0 wide_expected=0 wrapper_entries=0 wrapper_expected=0
ARGUMENTS_PASS m=255 n=8 calls=0 bad=0 expected_panel_stride=2040
ALLOC_PASS m=255 n=9 small=1 wide_path=0 history_expected=1 history_calls=1 history_bytes=215040 history_success=1 history_fail=0 x_calls=4 x_bytes=65280 x_success=4 x_fail=0 kb_calls=0 kb_bytes=0 kb_success=0 kb_fail=0 total=5 injected=0 history_level=0 x_level=1 kb_level=-1 shape_bad=0 x_each_worker_once=1
CASE_PASS m=255 n=9 sve16_entries=0 expected=0 old_entries=0 packed_entries=0 packed_expected=0 wide_entries=0 wide_expected=0 wrapper_entries=0 wrapper_expected=0
ARGUMENTS_PASS m=255 n=9 calls=0 bad=0 expected_panel_stride=2040
ALLOC_PASS m=255 n=17 small=1 wide_path=0 history_expected=1 history_calls=1 history_bytes=215040 history_success=1 history_fail=0 x_calls=4 x_bytes=65280 x_success=4 x_fail=0 kb_calls=0 kb_bytes=0 kb_success=0 kb_fail=0 total=5 injected=0 history_level=0 x_level=1 kb_level=-1 shape_bad=0 x_each_worker_once=1
CASE_PASS m=255 n=17 sve16_entries=0 expected=0 old_entries=0 packed_entries=0 packed_expected=0 wide_entries=0 wide_expected=0 wrapper_entries=0 wrapper_expected=0
ARGUMENTS_PASS m=255 n=17 calls=0 bad=0 expected_panel_stride=2040
ALLOC_PASS m=256 n=1 small=1 wide_path=0 history_expected=1 history_calls=1 history_bytes=245760 history_success=1 history_fail=0 x_calls=4 x_bytes=65536 x_success=4 x_fail=0 kb_calls=0 kb_bytes=0 kb_success=0 kb_fail=0 total=5 injected=0 history_level=0 x_level=1 kb_level=-1 shape_bad=0 x_each_worker_once=1
CASE_PASS m=256 n=1 sve16_entries=0 expected=0 old_entries=0 packed_entries=0 packed_expected=0 wide_entries=0 wide_expected=0 wrapper_entries=0 wrapper_expected=0
ARGUMENTS_PASS m=256 n=1 calls=0 bad=0 expected_panel_stride=2048
ALLOC_PASS m=256 n=7 small=1 wide_path=0 history_expected=1 history_calls=1 history_bytes=245760 history_success=1 history_fail=0 x_calls=4 x_bytes=65536 x_success=4 x_fail=0 kb_calls=0 kb_bytes=0 kb_success=0 kb_fail=0 total=5 injected=0 history_level=0 x_level=1 kb_level=-1 shape_bad=0 x_each_worker_once=1
CASE_PASS m=256 n=7 sve16_entries=0 expected=0 old_entries=0 packed_entries=0 packed_expected=0 wide_entries=0 wide_expected=0 wrapper_entries=0 wrapper_expected=0
ARGUMENTS_PASS m=256 n=7 calls=0 bad=0 expected_panel_stride=2048
ALLOC_PASS m=256 n=8 small=1 wide_path=0 history_expected=1 history_calls=1 history_bytes=245760 history_success=1 history_fail=0 x_calls=4 x_bytes=65536 x_success=4 x_fail=0 kb_calls=0 kb_bytes=0 kb_success=0 kb_fail=0 total=5 injected=0 history_level=0 x_level=1 kb_level=-1 shape_bad=0 x_each_worker_once=1
CASE_PASS m=256 n=8 sve16_entries=0 expected=0 old_entries=0 packed_entries=0 packed_expected=0 wide_entries=0 wide_expected=0 wrapper_entries=0 wrapper_expected=0
ARGUMENTS_PASS m=256 n=8 calls=0 bad=0 expected_panel_stride=2048
ALLOC_PASS m=256 n=9 small=1 wide_path=0 history_expected=1 history_calls=1 history_bytes=245760 history_success=1 history_fail=0 x_calls=4 x_bytes=65536 x_success=4 x_fail=0 kb_calls=0 kb_bytes=0 kb_success=0 kb_fail=0 total=5 injected=0 history_level=0 x_level=1 kb_level=-1 shape_bad=0 x_each_worker_once=1
CASE_PASS m=256 n=9 sve16_entries=0 expected=0 old_entries=0 packed_entries=0 packed_expected=0 wide_entries=0 wide_expected=0 wrapper_entries=0 wrapper_expected=0
ARGUMENTS_PASS m=256 n=9 calls=0 bad=0 expected_panel_stride=2048
ALLOC_PASS m=256 n=17 small=1 wide_path=0 history_expected=1 history_calls=1 history_bytes=245760 history_success=1 history_fail=0 x_calls=4 x_bytes=65536 x_success=4 x_fail=0 kb_calls=0 kb_bytes=0 kb_success=0 kb_fail=0 total=5 injected=0 history_level=0 x_level=1 kb_level=-1 shape_bad=0 x_each_worker_once=1
CASE_PASS m=256 n=17 sve16_entries=0 expected=0 old_entries=0 packed_entries=0 packed_expected=0 wide_entries=0 wide_expected=0 wrapper_entries=0 wrapper_expected=0
ARGUMENTS_PASS m=256 n=17 calls=0 bad=0 expected_panel_stride=2048
ALLOC_PASS m=257 n=1 small=1 wide_path=0 history_expected=1 history_calls=1 history_bytes=245760 history_success=1 history_fail=0 x_calls=4 x_bytes=65792 x_success=4 x_fail=0 kb_calls=0 kb_bytes=0 kb_success=0 kb_fail=0 total=5 injected=0 history_level=0 x_level=1 kb_level=-1 shape_bad=0 x_each_worker_once=1
CASE_PASS m=257 n=1 sve16_entries=0 expected=0 old_entries=0 packed_entries=0 packed_expected=0 wide_entries=0 wide_expected=0 wrapper_entries=0 wrapper_expected=0
ARGUMENTS_PASS m=257 n=1 calls=0 bad=0 expected_panel_stride=2056
ALLOC_PASS m=257 n=7 small=1 wide_path=0 history_expected=1 history_calls=1 history_bytes=245760 history_success=1 history_fail=0 x_calls=4 x_bytes=65792 x_success=4 x_fail=0 kb_calls=0 kb_bytes=0 kb_success=0 kb_fail=0 total=5 injected=0 history_level=0 x_level=1 kb_level=-1 shape_bad=0 x_each_worker_once=1
CASE_PASS m=257 n=7 sve16_entries=0 expected=0 old_entries=0 packed_entries=0 packed_expected=0 wide_entries=0 wide_expected=0 wrapper_entries=0 wrapper_expected=0
ARGUMENTS_PASS m=257 n=7 calls=0 bad=0 expected_panel_stride=2056
ALLOC_PASS m=257 n=8 small=1 wide_path=0 history_expected=1 history_calls=1 history_bytes=245760 history_success=1 history_fail=0 x_calls=4 x_bytes=65792 x_success=4 x_fail=0 kb_calls=0 kb_bytes=0 kb_success=0 kb_fail=0 total=5 injected=0 history_level=0 x_level=1 kb_level=-1 shape_bad=0 x_each_worker_once=1
CASE_PASS m=257 n=8 sve16_entries=0 expected=0 old_entries=0 packed_entries=0 packed_expected=0 wide_entries=0 wide_expected=0 wrapper_entries=0 wrapper_expected=0
ARGUMENTS_PASS m=257 n=8 calls=0 bad=0 expected_panel_stride=2056
ALLOC_PASS m=257 n=9 small=1 wide_path=0 history_expected=1 history_calls=1 history_bytes=245760 history_success=1 history_fail=0 x_calls=4 x_bytes=65792 x_success=4 x_fail=0 kb_calls=0 kb_bytes=0 kb_success=0 kb_fail=0 total=5 injected=0 history_level=0 x_level=1 kb_level=-1 shape_bad=0 x_each_worker_once=1
CASE_PASS m=257 n=9 sve16_entries=0 expected=0 old_entries=0 packed_entries=0 packed_expected=0 wide_entries=0 wide_expected=0 wrapper_entries=0 wrapper_expected=0
ARGUMENTS_PASS m=257 n=9 calls=0 bad=0 expected_panel_stride=2056
ALLOC_PASS m=257 n=17 small=1 wide_path=0 history_expected=1 history_calls=1 history_bytes=245760 history_success=1 history_fail=0 x_calls=4 x_bytes=65792 x_success=4 x_fail=0 kb_calls=0 kb_bytes=0 kb_success=0 kb_fail=0 total=5 injected=0 history_level=0 x_level=1 kb_level=-1 shape_bad=0 x_each_worker_once=1
CASE_PASS m=257 n=17 sve16_entries=0 expected=0 old_entries=0 packed_entries=0 packed_expected=0 wide_entries=0 wide_expected=0 wrapper_entries=0 wrapper_expected=0
ARGUMENTS_PASS m=257 n=17 calls=0 bad=0 expected_panel_stride=2056
ALLOCATION_SUMMARY_PASS cases=80 budget_cases=0 shared_injection_cases=0
PASS whole_cases=80 noop_cases=4 non_dyadic_long_double_RHS=1 padding_L_unchanged=1 max_error=1.1102230246251565e-16
SOURCE_FEATURES_PASS panel16=1 packedL16=1 has_budget=1 history_budget_bytes=4194304 panel8x16=1
MODE=shared-fail THREADS=1 NARROW_VL=0 EXPECT_SVE16=1 EXPECT_PACKEDL16=0
ALLOC_PASS m=32 n=1 small=1 wide_path=0 history_expected=1 history_calls=1 history_bytes=2048 history_success=0 history_fail=1 x_calls=1 x_bytes=2048 x_success=1 x_fail=0 kb_calls=0 kb_bytes=0 kb_success=0 kb_fail=0 total=2 injected=1 history_level=0 x_level=1 kb_level=-1 shape_bad=0 x_each_worker_once=1
CASE_PASS m=32 n=1 sve16_entries=2 expected=2 old_entries=2 packed_entries=0 packed_expected=0 wide_entries=0 wide_expected=0 wrapper_entries=0 wrapper_expected=0
ARGUMENTS_PASS m=32 n=1 calls=0 bad=0 expected_panel_stride=256
SHARED_ALLOC_PASS m=32 n=1 calls=2 injected=1 shared_first=1 later_X_success=1
ALLOC_PASS m=32 n=7 small=1 wide_path=0 history_expected=1 history_calls=1 history_bytes=2048 history_success=0 history_fail=1 x_calls=1 x_bytes=2048 x_success=1 x_fail=0 kb_calls=0 kb_bytes=0 kb_success=0 kb_fail=0 total=2 injected=1 history_level=0 x_level=1 kb_level=-1 shape_bad=0 x_each_worker_once=1
CASE_PASS m=32 n=7 sve16_entries=2 expected=2 old_entries=2 packed_entries=0 packed_expected=0 wide_entries=0 wide_expected=0 wrapper_entries=0 wrapper_expected=0
ARGUMENTS_PASS m=32 n=7 calls=0 bad=0 expected_panel_stride=256
SHARED_ALLOC_PASS m=32 n=7 calls=2 injected=1 shared_first=1 later_X_success=1
ALLOC_PASS m=32 n=8 small=1 wide_path=0 history_expected=1 history_calls=1 history_bytes=2048 history_success=0 history_fail=1 x_calls=1 x_bytes=2048 x_success=1 x_fail=0 kb_calls=0 kb_bytes=0 kb_success=0 kb_fail=0 total=2 injected=1 history_level=0 x_level=1 kb_level=-1 shape_bad=0 x_each_worker_once=1
CASE_PASS m=32 n=8 sve16_entries=2 expected=2 old_entries=2 packed_entries=0 packed_expected=0 wide_entries=0 wide_expected=0 wrapper_entries=0 wrapper_expected=0
ARGUMENTS_PASS m=32 n=8 calls=0 bad=0 expected_panel_stride=256
SHARED_ALLOC_PASS m=32 n=8 calls=2 injected=1 shared_first=1 later_X_success=1
ALLOC_PASS m=32 n=9 small=1 wide_path=0 history_expected=1 history_calls=1 history_bytes=2048 history_success=0 history_fail=1 x_calls=1 x_bytes=2048 x_success=1 x_fail=0 kb_calls=0 kb_bytes=0 kb_success=0 kb_fail=0 total=2 injected=1 history_level=0 x_level=1 kb_level=-1 shape_bad=0 x_each_worker_once=1
CASE_PASS m=32 n=9 sve16_entries=4 expected=4 old_entries=4 packed_entries=0 packed_expected=0 wide_entries=0 wide_expected=0 wrapper_entries=0 wrapper_expected=0
ARGUMENTS_PASS m=32 n=9 calls=0 bad=0 expected_panel_stride=256
SHARED_ALLOC_PASS m=32 n=9 calls=2 injected=1 shared_first=1 later_X_success=1
ALLOC_PASS m=32 n=17 small=1 wide_path=0 history_expected=1 history_calls=1 history_bytes=2048 history_success=0 history_fail=1 x_calls=1 x_bytes=2048 x_success=1 x_fail=0 kb_calls=0 kb_bytes=0 kb_success=0 kb_fail=0 total=2 injected=1 history_level=0 x_level=1 kb_level=-1 shape_bad=0 x_each_worker_once=1
CASE_PASS m=32 n=17 sve16_entries=6 expected=6 old_entries=6 packed_entries=0 packed_expected=0 wide_entries=0 wide_expected=0 wrapper_entries=0 wrapper_expected=0
ARGUMENTS_PASS m=32 n=17 calls=0 bad=0 expected_panel_stride=256
SHARED_ALLOC_PASS m=32 n=17 calls=2 injected=1 shared_first=1 later_X_success=1
ALLOC_PASS m=33 n=1 small=1 wide_path=0 history_expected=1 history_calls=1 history_bytes=2048 history_success=0 history_fail=1 x_calls=1 x_bytes=2112 x_success=1 x_fail=0 kb_calls=0 kb_bytes=0 kb_success=0 kb_fail=0 total=2 injected=1 history_level=0 x_level=1 kb_level=-1 shape_bad=0 x_each_worker_once=1
CASE_PASS m=33 n=1 sve16_entries=2 expected=2 old_entries=2 packed_entries=0 packed_expected=0 wide_entries=0 wide_expected=0 wrapper_entries=0 wrapper_expected=0
ARGUMENTS_PASS m=33 n=1 calls=0 bad=0 expected_panel_stride=264
SHARED_ALLOC_PASS m=33 n=1 calls=2 injected=1 shared_first=1 later_X_success=1
ALLOC_PASS m=33 n=7 small=1 wide_path=0 history_expected=1 history_calls=1 history_bytes=2048 history_success=0 history_fail=1 x_calls=1 x_bytes=2112 x_success=1 x_fail=0 kb_calls=0 kb_bytes=0 kb_success=0 kb_fail=0 total=2 injected=1 history_level=0 x_level=1 kb_level=-1 shape_bad=0 x_each_worker_once=1
CASE_PASS m=33 n=7 sve16_entries=2 expected=2 old_entries=2 packed_entries=0 packed_expected=0 wide_entries=0 wide_expected=0 wrapper_entries=0 wrapper_expected=0
ARGUMENTS_PASS m=33 n=7 calls=0 bad=0 expected_panel_stride=264
SHARED_ALLOC_PASS m=33 n=7 calls=2 injected=1 shared_first=1 later_X_success=1
ALLOC_PASS m=33 n=8 small=1 wide_path=0 history_expected=1 history_calls=1 history_bytes=2048 history_success=0 history_fail=1 x_calls=1 x_bytes=2112 x_success=1 x_fail=0 kb_calls=0 kb_bytes=0 kb_success=0 kb_fail=0 total=2 injected=1 history_level=0 x_level=1 kb_level=-1 shape_bad=0 x_each_worker_once=1
CASE_PASS m=33 n=8 sve16_entries=2 expected=2 old_entries=2 packed_entries=0 packed_expected=0 wide_entries=0 wide_expected=0 wrapper_entries=0 wrapper_expected=0
ARGUMENTS_PASS m=33 n=8 calls=0 bad=0 expected_panel_stride=264
SHARED_ALLOC_PASS m=33 n=8 calls=2 injected=1 shared_first=1 later_X_success=1
ALLOC_PASS m=33 n=9 small=1 wide_path=0 history_expected=1 history_calls=1 history_bytes=2048 history_success=0 history_fail=1 x_calls=1 x_bytes=2112 x_success=1 x_fail=0 kb_calls=0 kb_bytes=0 kb_success=0 kb_fail=0 total=2 injected=1 history_level=0 x_level=1 kb_level=-1 shape_bad=0 x_each_worker_once=1
CASE_PASS m=33 n=9 sve16_entries=4 expected=4 old_entries=4 packed_entries=0 packed_expected=0 wide_entries=0 wide_expected=0 wrapper_entries=0 wrapper_expected=0
ARGUMENTS_PASS m=33 n=9 calls=0 bad=0 expected_panel_stride=264
SHARED_ALLOC_PASS m=33 n=9 calls=2 injected=1 shared_first=1 later_X_success=1
ALLOC_PASS m=33 n=17 small=1 wide_path=0 history_expected=1 history_calls=1 history_bytes=2048 history_success=0 history_fail=1 x_calls=1 x_bytes=2112 x_success=1 x_fail=0 kb_calls=0 kb_bytes=0 kb_success=0 kb_fail=0 total=2 injected=1 history_level=0 x_level=1 kb_level=-1 shape_bad=0 x_each_worker_once=1
CASE_PASS m=33 n=17 sve16_entries=6 expected=6 old_entries=6 packed_entries=0 packed_expected=0 wide_entries=0 wide_expected=0 wrapper_entries=0 wrapper_expected=0
ARGUMENTS_PASS m=33 n=17 calls=0 bad=0 expected_panel_stride=264
SHARED_ALLOC_PASS m=33 n=17 calls=2 injected=1 shared_first=1 later_X_success=1
ALLOC_PASS m=63 n=1 small=1 wide_path=0 history_expected=1 history_calls=1 history_bytes=6144 history_success=0 history_fail=1 x_calls=1 x_bytes=4032 x_success=1 x_fail=0 kb_calls=0 kb_bytes=0 kb_success=0 kb_fail=0 total=2 injected=1 history_level=0 x_level=1 kb_level=-1 shape_bad=0 x_each_worker_once=1
CASE_PASS m=63 n=1 sve16_entries=3 expected=3 old_entries=3 packed_entries=0 packed_expected=0 wide_entries=0 wide_expected=0 wrapper_entries=0 wrapper_expected=0
ARGUMENTS_PASS m=63 n=1 calls=0 bad=0 expected_panel_stride=504
SHARED_ALLOC_PASS m=63 n=1 calls=2 injected=1 shared_first=1 later_X_success=1
ALLOC_PASS m=63 n=7 small=1 wide_path=0 history_expected=1 history_calls=1 history_bytes=6144 history_success=0 history_fail=1 x_calls=1 x_bytes=4032 x_success=1 x_fail=0 kb_calls=0 kb_bytes=0 kb_success=0 kb_fail=0 total=2 injected=1 history_level=0 x_level=1 kb_level=-1 shape_bad=0 x_each_worker_once=1
CASE_PASS m=63 n=7 sve16_entries=3 expected=3 old_entries=3 packed_entries=0 packed_expected=0 wide_entries=0 wide_expected=0 wrapper_entries=0 wrapper_expected=0
ARGUMENTS_PASS m=63 n=7 calls=0 bad=0 expected_panel_stride=504
SHARED_ALLOC_PASS m=63 n=7 calls=2 injected=1 shared_first=1 later_X_success=1
ALLOC_PASS m=63 n=8 small=1 wide_path=0 history_expected=1 history_calls=1 history_bytes=6144 history_success=0 history_fail=1 x_calls=1 x_bytes=4032 x_success=1 x_fail=0 kb_calls=0 kb_bytes=0 kb_success=0 kb_fail=0 total=2 injected=1 history_level=0 x_level=1 kb_level=-1 shape_bad=0 x_each_worker_once=1
CASE_PASS m=63 n=8 sve16_entries=3 expected=3 old_entries=3 packed_entries=0 packed_expected=0 wide_entries=0 wide_expected=0 wrapper_entries=0 wrapper_expected=0
ARGUMENTS_PASS m=63 n=8 calls=0 bad=0 expected_panel_stride=504
SHARED_ALLOC_PASS m=63 n=8 calls=2 injected=1 shared_first=1 later_X_success=1
ALLOC_PASS m=63 n=9 small=1 wide_path=0 history_expected=1 history_calls=1 history_bytes=6144 history_success=0 history_fail=1 x_calls=1 x_bytes=4032 x_success=1 x_fail=0 kb_calls=0 kb_bytes=0 kb_success=0 kb_fail=0 total=2 injected=1 history_level=0 x_level=1 kb_level=-1 shape_bad=0 x_each_worker_once=1
CASE_PASS m=63 n=9 sve16_entries=6 expected=6 old_entries=6 packed_entries=0 packed_expected=0 wide_entries=0 wide_expected=0 wrapper_entries=0 wrapper_expected=0
ARGUMENTS_PASS m=63 n=9 calls=0 bad=0 expected_panel_stride=504
SHARED_ALLOC_PASS m=63 n=9 calls=2 injected=1 shared_first=1 later_X_success=1
ALLOC_PASS m=63 n=17 small=1 wide_path=0 history_expected=1 history_calls=1 history_bytes=6144 history_success=0 history_fail=1 x_calls=1 x_bytes=4032 x_success=1 x_fail=0 kb_calls=0 kb_bytes=0 kb_success=0 kb_fail=0 total=2 injected=1 history_level=0 x_level=1 kb_level=-1 shape_bad=0 x_each_worker_once=1
CASE_PASS m=63 n=17 sve16_entries=9 expected=9 old_entries=9 packed_entries=0 packed_expected=0 wide_entries=0 wide_expected=0 wrapper_entries=0 wrapper_expected=0
ARGUMENTS_PASS m=63 n=17 calls=0 bad=0 expected_panel_stride=504
SHARED_ALLOC_PASS m=63 n=17 calls=2 injected=1 shared_first=1 later_X_success=1
ALLOC_PASS m=64 n=1 small=1 wide_path=0 history_expected=1 history_calls=1 history_bytes=12288 history_success=0 history_fail=1 x_calls=1 x_bytes=4096 x_success=1 x_fail=0 kb_calls=0 kb_bytes=0 kb_success=0 kb_fail=0 total=2 injected=1 history_level=0 x_level=1 kb_level=-1 shape_bad=0 x_each_worker_once=1
CASE_PASS m=64 n=1 sve16_entries=4 expected=4 old_entries=4 packed_entries=0 packed_expected=0 wide_entries=0 wide_expected=0 wrapper_entries=0 wrapper_expected=0
ARGUMENTS_PASS m=64 n=1 calls=0 bad=0 expected_panel_stride=512
SHARED_ALLOC_PASS m=64 n=1 calls=2 injected=1 shared_first=1 later_X_success=1
ALLOC_PASS m=64 n=7 small=1 wide_path=0 history_expected=1 history_calls=1 history_bytes=12288 history_success=0 history_fail=1 x_calls=1 x_bytes=4096 x_success=1 x_fail=0 kb_calls=0 kb_bytes=0 kb_success=0 kb_fail=0 total=2 injected=1 history_level=0 x_level=1 kb_level=-1 shape_bad=0 x_each_worker_once=1
CASE_PASS m=64 n=7 sve16_entries=4 expected=4 old_entries=4 packed_entries=0 packed_expected=0 wide_entries=0 wide_expected=0 wrapper_entries=0 wrapper_expected=0
ARGUMENTS_PASS m=64 n=7 calls=0 bad=0 expected_panel_stride=512
SHARED_ALLOC_PASS m=64 n=7 calls=2 injected=1 shared_first=1 later_X_success=1
ALLOC_PASS m=64 n=8 small=1 wide_path=0 history_expected=1 history_calls=1 history_bytes=12288 history_success=0 history_fail=1 x_calls=1 x_bytes=4096 x_success=1 x_fail=0 kb_calls=0 kb_bytes=0 kb_success=0 kb_fail=0 total=2 injected=1 history_level=0 x_level=1 kb_level=-1 shape_bad=0 x_each_worker_once=1
CASE_PASS m=64 n=8 sve16_entries=4 expected=4 old_entries=4 packed_entries=0 packed_expected=0 wide_entries=0 wide_expected=0 wrapper_entries=0 wrapper_expected=0
ARGUMENTS_PASS m=64 n=8 calls=0 bad=0 expected_panel_stride=512
SHARED_ALLOC_PASS m=64 n=8 calls=2 injected=1 shared_first=1 later_X_success=1
ALLOC_PASS m=64 n=9 small=1 wide_path=0 history_expected=1 history_calls=1 history_bytes=12288 history_success=0 history_fail=1 x_calls=1 x_bytes=4096 x_success=1 x_fail=0 kb_calls=0 kb_bytes=0 kb_success=0 kb_fail=0 total=2 injected=1 history_level=0 x_level=1 kb_level=-1 shape_bad=0 x_each_worker_once=1
CASE_PASS m=64 n=9 sve16_entries=8 expected=8 old_entries=8 packed_entries=0 packed_expected=0 wide_entries=0 wide_expected=0 wrapper_entries=0 wrapper_expected=0
ARGUMENTS_PASS m=64 n=9 calls=0 bad=0 expected_panel_stride=512
SHARED_ALLOC_PASS m=64 n=9 calls=2 injected=1 shared_first=1 later_X_success=1
ALLOC_PASS m=64 n=17 small=1 wide_path=0 history_expected=1 history_calls=1 history_bytes=12288 history_success=0 history_fail=1 x_calls=1 x_bytes=4096 x_success=1 x_fail=0 kb_calls=0 kb_bytes=0 kb_success=0 kb_fail=0 total=2 injected=1 history_level=0 x_level=1 kb_level=-1 shape_bad=0 x_each_worker_once=1
CASE_PASS m=64 n=17 sve16_entries=12 expected=12 old_entries=12 packed_entries=0 packed_expected=0 wide_entries=0 wide_expected=0 wrapper_entries=0 wrapper_expected=0
ARGUMENTS_PASS m=64 n=17 calls=0 bad=0 expected_panel_stride=512
SHARED_ALLOC_PASS m=64 n=17 calls=2 injected=1 shared_first=1 later_X_success=1
ALLOC_PASS m=65 n=1 small=1 wide_path=0 history_expected=1 history_calls=1 history_bytes=12288 history_success=0 history_fail=1 x_calls=1 x_bytes=4160 x_success=1 x_fail=0 kb_calls=0 kb_bytes=0 kb_success=0 kb_fail=0 total=2 injected=1 history_level=0 x_level=1 kb_level=-1 shape_bad=0 x_each_worker_once=1
CASE_PASS m=65 n=1 sve16_entries=4 expected=4 old_entries=4 packed_entries=0 packed_expected=0 wide_entries=0 wide_expected=0 wrapper_entries=0 wrapper_expected=0
ARGUMENTS_PASS m=65 n=1 calls=0 bad=0 expected_panel_stride=520
SHARED_ALLOC_PASS m=65 n=1 calls=2 injected=1 shared_first=1 later_X_success=1
ALLOC_PASS m=65 n=7 small=1 wide_path=0 history_expected=1 history_calls=1 history_bytes=12288 history_success=0 history_fail=1 x_calls=1 x_bytes=4160 x_success=1 x_fail=0 kb_calls=0 kb_bytes=0 kb_success=0 kb_fail=0 total=2 injected=1 history_level=0 x_level=1 kb_level=-1 shape_bad=0 x_each_worker_once=1
CASE_PASS m=65 n=7 sve16_entries=4 expected=4 old_entries=4 packed_entries=0 packed_expected=0 wide_entries=0 wide_expected=0 wrapper_entries=0 wrapper_expected=0
ARGUMENTS_PASS m=65 n=7 calls=0 bad=0 expected_panel_stride=520
SHARED_ALLOC_PASS m=65 n=7 calls=2 injected=1 shared_first=1 later_X_success=1
ALLOC_PASS m=65 n=8 small=1 wide_path=0 history_expected=1 history_calls=1 history_bytes=12288 history_success=0 history_fail=1 x_calls=1 x_bytes=4160 x_success=1 x_fail=0 kb_calls=0 kb_bytes=0 kb_success=0 kb_fail=0 total=2 injected=1 history_level=0 x_level=1 kb_level=-1 shape_bad=0 x_each_worker_once=1
CASE_PASS m=65 n=8 sve16_entries=4 expected=4 old_entries=4 packed_entries=0 packed_expected=0 wide_entries=0 wide_expected=0 wrapper_entries=0 wrapper_expected=0
ARGUMENTS_PASS m=65 n=8 calls=0 bad=0 expected_panel_stride=520
SHARED_ALLOC_PASS m=65 n=8 calls=2 injected=1 shared_first=1 later_X_success=1
ALLOC_PASS m=65 n=9 small=1 wide_path=0 history_expected=1 history_calls=1 history_bytes=12288 history_success=0 history_fail=1 x_calls=1 x_bytes=4160 x_success=1 x_fail=0 kb_calls=0 kb_bytes=0 kb_success=0 kb_fail=0 total=2 injected=1 history_level=0 x_level=1 kb_level=-1 shape_bad=0 x_each_worker_once=1
CASE_PASS m=65 n=9 sve16_entries=8 expected=8 old_entries=8 packed_entries=0 packed_expected=0 wide_entries=0 wide_expected=0 wrapper_entries=0 wrapper_expected=0
ARGUMENTS_PASS m=65 n=9 calls=0 bad=0 expected_panel_stride=520
SHARED_ALLOC_PASS m=65 n=9 calls=2 injected=1 shared_first=1 later_X_success=1
ALLOC_PASS m=65 n=17 small=1 wide_path=0 history_expected=1 history_calls=1 history_bytes=12288 history_success=0 history_fail=1 x_calls=1 x_bytes=4160 x_success=1 x_fail=0 kb_calls=0 kb_bytes=0 kb_success=0 kb_fail=0 total=2 injected=1 history_level=0 x_level=1 kb_level=-1 shape_bad=0 x_each_worker_once=1
CASE_PASS m=65 n=17 sve16_entries=12 expected=12 old_entries=12 packed_entries=0 packed_expected=0 wide_entries=0 wide_expected=0 wrapper_entries=0 wrapper_expected=0
ARGUMENTS_PASS m=65 n=17 calls=0 bad=0 expected_panel_stride=520
SHARED_ALLOC_PASS m=65 n=17 calls=2 injected=1 shared_first=1 later_X_success=1
ALLOC_PASS m=255 n=1 small=1 wide_path=0 history_expected=1 history_calls=1 history_bytes=215040 history_success=0 history_fail=1 x_calls=1 x_bytes=16320 x_success=1 x_fail=0 kb_calls=0 kb_bytes=0 kb_success=0 kb_fail=0 total=2 injected=1 history_level=0 x_level=1 kb_level=-1 shape_bad=0 x_each_worker_once=1
CASE_PASS m=255 n=1 sve16_entries=15 expected=15 old_entries=15 packed_entries=0 packed_expected=0 wide_entries=0 wide_expected=0 wrapper_entries=0 wrapper_expected=0
ARGUMENTS_PASS m=255 n=1 calls=0 bad=0 expected_panel_stride=2040
SHARED_ALLOC_PASS m=255 n=1 calls=2 injected=1 shared_first=1 later_X_success=1
ALLOC_PASS m=255 n=7 small=1 wide_path=0 history_expected=1 history_calls=1 history_bytes=215040 history_success=0 history_fail=1 x_calls=1 x_bytes=16320 x_success=1 x_fail=0 kb_calls=0 kb_bytes=0 kb_success=0 kb_fail=0 total=2 injected=1 history_level=0 x_level=1 kb_level=-1 shape_bad=0 x_each_worker_once=1
CASE_PASS m=255 n=7 sve16_entries=15 expected=15 old_entries=15 packed_entries=0 packed_expected=0 wide_entries=0 wide_expected=0 wrapper_entries=0 wrapper_expected=0
ARGUMENTS_PASS m=255 n=7 calls=0 bad=0 expected_panel_stride=2040
SHARED_ALLOC_PASS m=255 n=7 calls=2 injected=1 shared_first=1 later_X_success=1
ALLOC_PASS m=255 n=8 small=1 wide_path=0 history_expected=1 history_calls=1 history_bytes=215040 history_success=0 history_fail=1 x_calls=1 x_bytes=16320 x_success=1 x_fail=0 kb_calls=0 kb_bytes=0 kb_success=0 kb_fail=0 total=2 injected=1 history_level=0 x_level=1 kb_level=-1 shape_bad=0 x_each_worker_once=1
CASE_PASS m=255 n=8 sve16_entries=15 expected=15 old_entries=15 packed_entries=0 packed_expected=0 wide_entries=0 wide_expected=0 wrapper_entries=0 wrapper_expected=0
ARGUMENTS_PASS m=255 n=8 calls=0 bad=0 expected_panel_stride=2040
SHARED_ALLOC_PASS m=255 n=8 calls=2 injected=1 shared_first=1 later_X_success=1
ALLOC_PASS m=255 n=9 small=1 wide_path=0 history_expected=1 history_calls=1 history_bytes=215040 history_success=0 history_fail=1 x_calls=1 x_bytes=16320 x_success=1 x_fail=0 kb_calls=0 kb_bytes=0 kb_success=0 kb_fail=0 total=2 injected=1 history_level=0 x_level=1 kb_level=-1 shape_bad=0 x_each_worker_once=1
CASE_PASS m=255 n=9 sve16_entries=30 expected=30 old_entries=30 packed_entries=0 packed_expected=0 wide_entries=0 wide_expected=0 wrapper_entries=0 wrapper_expected=0
ARGUMENTS_PASS m=255 n=9 calls=0 bad=0 expected_panel_stride=2040
SHARED_ALLOC_PASS m=255 n=9 calls=2 injected=1 shared_first=1 later_X_success=1
ALLOC_PASS m=255 n=17 small=1 wide_path=0 history_expected=1 history_calls=1 history_bytes=215040 history_success=0 history_fail=1 x_calls=1 x_bytes=16320 x_success=1 x_fail=0 kb_calls=0 kb_bytes=0 kb_success=0 kb_fail=0 total=2 injected=1 history_level=0 x_level=1 kb_level=-1 shape_bad=0 x_each_worker_once=1
CASE_PASS m=255 n=17 sve16_entries=45 expected=45 old_entries=45 packed_entries=0 packed_expected=0 wide_entries=0 wide_expected=0 wrapper_entries=0 wrapper_expected=0
ARGUMENTS_PASS m=255 n=17 calls=0 bad=0 expected_panel_stride=2040
SHARED_ALLOC_PASS m=255 n=17 calls=2 injected=1 shared_first=1 later_X_success=1
ALLOC_PASS m=256 n=1 small=1 wide_path=0 history_expected=1 history_calls=1 history_bytes=245760 history_success=0 history_fail=1 x_calls=1 x_bytes=16384 x_success=1 x_fail=0 kb_calls=0 kb_bytes=0 kb_success=0 kb_fail=0 total=2 injected=1 history_level=0 x_level=1 kb_level=-1 shape_bad=0 x_each_worker_once=1
CASE_PASS m=256 n=1 sve16_entries=16 expected=16 old_entries=16 packed_entries=0 packed_expected=0 wide_entries=0 wide_expected=0 wrapper_entries=0 wrapper_expected=0
ARGUMENTS_PASS m=256 n=1 calls=0 bad=0 expected_panel_stride=2048
SHARED_ALLOC_PASS m=256 n=1 calls=2 injected=1 shared_first=1 later_X_success=1
ALLOC_PASS m=256 n=7 small=1 wide_path=0 history_expected=1 history_calls=1 history_bytes=245760 history_success=0 history_fail=1 x_calls=1 x_bytes=16384 x_success=1 x_fail=0 kb_calls=0 kb_bytes=0 kb_success=0 kb_fail=0 total=2 injected=1 history_level=0 x_level=1 kb_level=-1 shape_bad=0 x_each_worker_once=1
CASE_PASS m=256 n=7 sve16_entries=16 expected=16 old_entries=16 packed_entries=0 packed_expected=0 wide_entries=0 wide_expected=0 wrapper_entries=0 wrapper_expected=0
ARGUMENTS_PASS m=256 n=7 calls=0 bad=0 expected_panel_stride=2048
SHARED_ALLOC_PASS m=256 n=7 calls=2 injected=1 shared_first=1 later_X_success=1
ALLOC_PASS m=256 n=8 small=1 wide_path=0 history_expected=1 history_calls=1 history_bytes=245760 history_success=0 history_fail=1 x_calls=1 x_bytes=16384 x_success=1 x_fail=0 kb_calls=0 kb_bytes=0 kb_success=0 kb_fail=0 total=2 injected=1 history_level=0 x_level=1 kb_level=-1 shape_bad=0 x_each_worker_once=1
CASE_PASS m=256 n=8 sve16_entries=16 expected=16 old_entries=16 packed_entries=0 packed_expected=0 wide_entries=0 wide_expected=0 wrapper_entries=0 wrapper_expected=0
ARGUMENTS_PASS m=256 n=8 calls=0 bad=0 expected_panel_stride=2048
SHARED_ALLOC_PASS m=256 n=8 calls=2 injected=1 shared_first=1 later_X_success=1
ALLOC_PASS m=256 n=9 small=1 wide_path=0 history_expected=1 history_calls=1 history_bytes=245760 history_success=0 history_fail=1 x_calls=1 x_bytes=16384 x_success=1 x_fail=0 kb_calls=0 kb_bytes=0 kb_success=0 kb_fail=0 total=2 injected=1 history_level=0 x_level=1 kb_level=-1 shape_bad=0 x_each_worker_once=1
CASE_PASS m=256 n=9 sve16_entries=32 expected=32 old_entries=32 packed_entries=0 packed_expected=0 wide_entries=0 wide_expected=0 wrapper_entries=0 wrapper_expected=0
ARGUMENTS_PASS m=256 n=9 calls=0 bad=0 expected_panel_stride=2048
SHARED_ALLOC_PASS m=256 n=9 calls=2 injected=1 shared_first=1 later_X_success=1
ALLOC_PASS m=256 n=17 small=1 wide_path=0 history_expected=1 history_calls=1 history_bytes=245760 history_success=0 history_fail=1 x_calls=1 x_bytes=16384 x_success=1 x_fail=0 kb_calls=0 kb_bytes=0 kb_success=0 kb_fail=0 total=2 injected=1 history_level=0 x_level=1 kb_level=-1 shape_bad=0 x_each_worker_once=1
CASE_PASS m=256 n=17 sve16_entries=48 expected=48 old_entries=48 packed_entries=0 packed_expected=0 wide_entries=0 wide_expected=0 wrapper_entries=0 wrapper_expected=0
ARGUMENTS_PASS m=256 n=17 calls=0 bad=0 expected_panel_stride=2048
SHARED_ALLOC_PASS m=256 n=17 calls=2 injected=1 shared_first=1 later_X_success=1
ALLOC_PASS m=257 n=1 small=1 wide_path=0 history_expected=1 history_calls=1 history_bytes=245760 history_success=0 history_fail=1 x_calls=1 x_bytes=16448 x_success=1 x_fail=0 kb_calls=0 kb_bytes=0 kb_success=0 kb_fail=0 total=2 injected=1 history_level=0 x_level=1 kb_level=-1 shape_bad=0 x_each_worker_once=1
CASE_PASS m=257 n=1 sve16_entries=16 expected=16 old_entries=16 packed_entries=0 packed_expected=0 wide_entries=0 wide_expected=0 wrapper_entries=0 wrapper_expected=0
ARGUMENTS_PASS m=257 n=1 calls=0 bad=0 expected_panel_stride=2056
SHARED_ALLOC_PASS m=257 n=1 calls=2 injected=1 shared_first=1 later_X_success=1
ALLOC_PASS m=257 n=7 small=1 wide_path=0 history_expected=1 history_calls=1 history_bytes=245760 history_success=0 history_fail=1 x_calls=1 x_bytes=16448 x_success=1 x_fail=0 kb_calls=0 kb_bytes=0 kb_success=0 kb_fail=0 total=2 injected=1 history_level=0 x_level=1 kb_level=-1 shape_bad=0 x_each_worker_once=1
CASE_PASS m=257 n=7 sve16_entries=16 expected=16 old_entries=16 packed_entries=0 packed_expected=0 wide_entries=0 wide_expected=0 wrapper_entries=0 wrapper_expected=0
ARGUMENTS_PASS m=257 n=7 calls=0 bad=0 expected_panel_stride=2056
SHARED_ALLOC_PASS m=257 n=7 calls=2 injected=1 shared_first=1 later_X_success=1
ALLOC_PASS m=257 n=8 small=1 wide_path=0 history_expected=1 history_calls=1 history_bytes=245760 history_success=0 history_fail=1 x_calls=1 x_bytes=16448 x_success=1 x_fail=0 kb_calls=0 kb_bytes=0 kb_success=0 kb_fail=0 total=2 injected=1 history_level=0 x_level=1 kb_level=-1 shape_bad=0 x_each_worker_once=1
CASE_PASS m=257 n=8 sve16_entries=16 expected=16 old_entries=16 packed_entries=0 packed_expected=0 wide_entries=0 wide_expected=0 wrapper_entries=0 wrapper_expected=0
ARGUMENTS_PASS m=257 n=8 calls=0 bad=0 expected_panel_stride=2056
SHARED_ALLOC_PASS m=257 n=8 calls=2 injected=1 shared_first=1 later_X_success=1
ALLOC_PASS m=257 n=9 small=1 wide_path=0 history_expected=1 history_calls=1 history_bytes=245760 history_success=0 history_fail=1 x_calls=1 x_bytes=16448 x_success=1 x_fail=0 kb_calls=0 kb_bytes=0 kb_success=0 kb_fail=0 total=2 injected=1 history_level=0 x_level=1 kb_level=-1 shape_bad=0 x_each_worker_once=1
CASE_PASS m=257 n=9 sve16_entries=32 expected=32 old_entries=32 packed_entries=0 packed_expected=0 wide_entries=0 wide_expected=0 wrapper_entries=0 wrapper_expected=0
ARGUMENTS_PASS m=257 n=9 calls=0 bad=0 expected_panel_stride=2056
SHARED_ALLOC_PASS m=257 n=9 calls=2 injected=1 shared_first=1 later_X_success=1
ALLOC_PASS m=257 n=17 small=1 wide_path=0 history_expected=1 history_calls=1 history_bytes=245760 history_success=0 history_fail=1 x_calls=1 x_bytes=16448 x_success=1 x_fail=0 kb_calls=0 kb_bytes=0 kb_success=0 kb_fail=0 total=2 injected=1 history_level=0 x_level=1 kb_level=-1 shape_bad=0 x_each_worker_once=1
CASE_PASS m=257 n=17 sve16_entries=48 expected=48 old_entries=48 packed_entries=0 packed_expected=0 wide_entries=0 wide_expected=0 wrapper_entries=0 wrapper_expected=0
ARGUMENTS_PASS m=257 n=17 calls=0 bad=0 expected_panel_stride=2056
SHARED_ALLOC_PASS m=257 n=17 calls=2 injected=1 shared_first=1 later_X_success=1
ALLOCATION_SUMMARY_PASS cases=40 budget_cases=0 shared_injection_cases=40
PASS whole_cases=40 noop_cases=4 non_dyadic_long_double_RHS=1 padding_L_unchanged=1 max_error=1.1102230246251565e-16
SOURCE_FEATURES_PASS panel16=1 packedL16=1 has_budget=1 history_budget_bytes=4194304 panel8x16=1
MODE=shared-fail THREADS=4 NARROW_VL=0 EXPECT_SVE16=1 EXPECT_PACKEDL16=0
ALLOC_PASS m=32 n=1 small=1 wide_path=0 history_expected=1 history_calls=1 history_bytes=2048 history_success=0 history_fail=1 x_calls=4 x_bytes=8192 x_success=4 x_fail=0 kb_calls=0 kb_bytes=0 kb_success=0 kb_fail=0 total=5 injected=1 history_level=0 x_level=1 kb_level=-1 shape_bad=0 x_each_worker_once=1
CASE_PASS m=32 n=1 sve16_entries=2 expected=2 old_entries=2 packed_entries=0 packed_expected=0 wide_entries=0 wide_expected=0 wrapper_entries=0 wrapper_expected=0
ARGUMENTS_PASS m=32 n=1 calls=0 bad=0 expected_panel_stride=256
SHARED_ALLOC_PASS m=32 n=1 calls=5 injected=1 shared_first=1 later_X_success=4
ALLOC_PASS m=32 n=7 small=1 wide_path=0 history_expected=1 history_calls=1 history_bytes=2048 history_success=0 history_fail=1 x_calls=4 x_bytes=8192 x_success=4 x_fail=0 kb_calls=0 kb_bytes=0 kb_success=0 kb_fail=0 total=5 injected=1 history_level=0 x_level=1 kb_level=-1 shape_bad=0 x_each_worker_once=1
CASE_PASS m=32 n=7 sve16_entries=2 expected=2 old_entries=2 packed_entries=0 packed_expected=0 wide_entries=0 wide_expected=0 wrapper_entries=0 wrapper_expected=0
ARGUMENTS_PASS m=32 n=7 calls=0 bad=0 expected_panel_stride=256
SHARED_ALLOC_PASS m=32 n=7 calls=5 injected=1 shared_first=1 later_X_success=4
ALLOC_PASS m=32 n=8 small=1 wide_path=0 history_expected=1 history_calls=1 history_bytes=2048 history_success=0 history_fail=1 x_calls=4 x_bytes=8192 x_success=4 x_fail=0 kb_calls=0 kb_bytes=0 kb_success=0 kb_fail=0 total=5 injected=1 history_level=0 x_level=1 kb_level=-1 shape_bad=0 x_each_worker_once=1
CASE_PASS m=32 n=8 sve16_entries=2 expected=2 old_entries=2 packed_entries=0 packed_expected=0 wide_entries=0 wide_expected=0 wrapper_entries=0 wrapper_expected=0
ARGUMENTS_PASS m=32 n=8 calls=0 bad=0 expected_panel_stride=256
SHARED_ALLOC_PASS m=32 n=8 calls=5 injected=1 shared_first=1 later_X_success=4
ALLOC_PASS m=32 n=9 small=1 wide_path=0 history_expected=1 history_calls=1 history_bytes=2048 history_success=0 history_fail=1 x_calls=4 x_bytes=8192 x_success=4 x_fail=0 kb_calls=0 kb_bytes=0 kb_success=0 kb_fail=0 total=5 injected=1 history_level=0 x_level=1 kb_level=-1 shape_bad=0 x_each_worker_once=1
CASE_PASS m=32 n=9 sve16_entries=4 expected=4 old_entries=4 packed_entries=0 packed_expected=0 wide_entries=0 wide_expected=0 wrapper_entries=0 wrapper_expected=0
ARGUMENTS_PASS m=32 n=9 calls=0 bad=0 expected_panel_stride=256
SHARED_ALLOC_PASS m=32 n=9 calls=5 injected=1 shared_first=1 later_X_success=4
ALLOC_PASS m=32 n=17 small=1 wide_path=0 history_expected=1 history_calls=1 history_bytes=2048 history_success=0 history_fail=1 x_calls=4 x_bytes=8192 x_success=4 x_fail=0 kb_calls=0 kb_bytes=0 kb_success=0 kb_fail=0 total=5 injected=1 history_level=0 x_level=1 kb_level=-1 shape_bad=0 x_each_worker_once=1
CASE_PASS m=32 n=17 sve16_entries=6 expected=6 old_entries=6 packed_entries=0 packed_expected=0 wide_entries=0 wide_expected=0 wrapper_entries=0 wrapper_expected=0
ARGUMENTS_PASS m=32 n=17 calls=0 bad=0 expected_panel_stride=256
SHARED_ALLOC_PASS m=32 n=17 calls=5 injected=1 shared_first=1 later_X_success=4
ALLOC_PASS m=33 n=1 small=1 wide_path=0 history_expected=1 history_calls=1 history_bytes=2048 history_success=0 history_fail=1 x_calls=4 x_bytes=8448 x_success=4 x_fail=0 kb_calls=0 kb_bytes=0 kb_success=0 kb_fail=0 total=5 injected=1 history_level=0 x_level=1 kb_level=-1 shape_bad=0 x_each_worker_once=1
CASE_PASS m=33 n=1 sve16_entries=2 expected=2 old_entries=2 packed_entries=0 packed_expected=0 wide_entries=0 wide_expected=0 wrapper_entries=0 wrapper_expected=0
ARGUMENTS_PASS m=33 n=1 calls=0 bad=0 expected_panel_stride=264
SHARED_ALLOC_PASS m=33 n=1 calls=5 injected=1 shared_first=1 later_X_success=4
ALLOC_PASS m=33 n=7 small=1 wide_path=0 history_expected=1 history_calls=1 history_bytes=2048 history_success=0 history_fail=1 x_calls=4 x_bytes=8448 x_success=4 x_fail=0 kb_calls=0 kb_bytes=0 kb_success=0 kb_fail=0 total=5 injected=1 history_level=0 x_level=1 kb_level=-1 shape_bad=0 x_each_worker_once=1
CASE_PASS m=33 n=7 sve16_entries=2 expected=2 old_entries=2 packed_entries=0 packed_expected=0 wide_entries=0 wide_expected=0 wrapper_entries=0 wrapper_expected=0
ARGUMENTS_PASS m=33 n=7 calls=0 bad=0 expected_panel_stride=264
SHARED_ALLOC_PASS m=33 n=7 calls=5 injected=1 shared_first=1 later_X_success=4
ALLOC_PASS m=33 n=8 small=1 wide_path=0 history_expected=1 history_calls=1 history_bytes=2048 history_success=0 history_fail=1 x_calls=4 x_bytes=8448 x_success=4 x_fail=0 kb_calls=0 kb_bytes=0 kb_success=0 kb_fail=0 total=5 injected=1 history_level=0 x_level=1 kb_level=-1 shape_bad=0 x_each_worker_once=1
CASE_PASS m=33 n=8 sve16_entries=2 expected=2 old_entries=2 packed_entries=0 packed_expected=0 wide_entries=0 wide_expected=0 wrapper_entries=0 wrapper_expected=0
ARGUMENTS_PASS m=33 n=8 calls=0 bad=0 expected_panel_stride=264
SHARED_ALLOC_PASS m=33 n=8 calls=5 injected=1 shared_first=1 later_X_success=4
ALLOC_PASS m=33 n=9 small=1 wide_path=0 history_expected=1 history_calls=1 history_bytes=2048 history_success=0 history_fail=1 x_calls=4 x_bytes=8448 x_success=4 x_fail=0 kb_calls=0 kb_bytes=0 kb_success=0 kb_fail=0 total=5 injected=1 history_level=0 x_level=1 kb_level=-1 shape_bad=0 x_each_worker_once=1
CASE_PASS m=33 n=9 sve16_entries=4 expected=4 old_entries=4 packed_entries=0 packed_expected=0 wide_entries=0 wide_expected=0 wrapper_entries=0 wrapper_expected=0
ARGUMENTS_PASS m=33 n=9 calls=0 bad=0 expected_panel_stride=264
SHARED_ALLOC_PASS m=33 n=9 calls=5 injected=1 shared_first=1 later_X_success=4
ALLOC_PASS m=33 n=17 small=1 wide_path=0 history_expected=1 history_calls=1 history_bytes=2048 history_success=0 history_fail=1 x_calls=4 x_bytes=8448 x_success=4 x_fail=0 kb_calls=0 kb_bytes=0 kb_success=0 kb_fail=0 total=5 injected=1 history_level=0 x_level=1 kb_level=-1 shape_bad=0 x_each_worker_once=1
CASE_PASS m=33 n=17 sve16_entries=6 expected=6 old_entries=6 packed_entries=0 packed_expected=0 wide_entries=0 wide_expected=0 wrapper_entries=0 wrapper_expected=0
ARGUMENTS_PASS m=33 n=17 calls=0 bad=0 expected_panel_stride=264
SHARED_ALLOC_PASS m=33 n=17 calls=5 injected=1 shared_first=1 later_X_success=4
ALLOC_PASS m=63 n=1 small=1 wide_path=0 history_expected=1 history_calls=1 history_bytes=6144 history_success=0 history_fail=1 x_calls=4 x_bytes=16128 x_success=4 x_fail=0 kb_calls=0 kb_bytes=0 kb_success=0 kb_fail=0 total=5 injected=1 history_level=0 x_level=1 kb_level=-1 shape_bad=0 x_each_worker_once=1
CASE_PASS m=63 n=1 sve16_entries=3 expected=3 old_entries=3 packed_entries=0 packed_expected=0 wide_entries=0 wide_expected=0 wrapper_entries=0 wrapper_expected=0
ARGUMENTS_PASS m=63 n=1 calls=0 bad=0 expected_panel_stride=504
SHARED_ALLOC_PASS m=63 n=1 calls=5 injected=1 shared_first=1 later_X_success=4
ALLOC_PASS m=63 n=7 small=1 wide_path=0 history_expected=1 history_calls=1 history_bytes=6144 history_success=0 history_fail=1 x_calls=4 x_bytes=16128 x_success=4 x_fail=0 kb_calls=0 kb_bytes=0 kb_success=0 kb_fail=0 total=5 injected=1 history_level=0 x_level=1 kb_level=-1 shape_bad=0 x_each_worker_once=1
CASE_PASS m=63 n=7 sve16_entries=3 expected=3 old_entries=3 packed_entries=0 packed_expected=0 wide_entries=0 wide_expected=0 wrapper_entries=0 wrapper_expected=0
ARGUMENTS_PASS m=63 n=7 calls=0 bad=0 expected_panel_stride=504
SHARED_ALLOC_PASS m=63 n=7 calls=5 injected=1 shared_first=1 later_X_success=4
ALLOC_PASS m=63 n=8 small=1 wide_path=0 history_expected=1 history_calls=1 history_bytes=6144 history_success=0 history_fail=1 x_calls=4 x_bytes=16128 x_success=4 x_fail=0 kb_calls=0 kb_bytes=0 kb_success=0 kb_fail=0 total=5 injected=1 history_level=0 x_level=1 kb_level=-1 shape_bad=0 x_each_worker_once=1
CASE_PASS m=63 n=8 sve16_entries=3 expected=3 old_entries=3 packed_entries=0 packed_expected=0 wide_entries=0 wide_expected=0 wrapper_entries=0 wrapper_expected=0
ARGUMENTS_PASS m=63 n=8 calls=0 bad=0 expected_panel_stride=504
SHARED_ALLOC_PASS m=63 n=8 calls=5 injected=1 shared_first=1 later_X_success=4
ALLOC_PASS m=63 n=9 small=1 wide_path=0 history_expected=1 history_calls=1 history_bytes=6144 history_success=0 history_fail=1 x_calls=4 x_bytes=16128 x_success=4 x_fail=0 kb_calls=0 kb_bytes=0 kb_success=0 kb_fail=0 total=5 injected=1 history_level=0 x_level=1 kb_level=-1 shape_bad=0 x_each_worker_once=1
CASE_PASS m=63 n=9 sve16_entries=6 expected=6 old_entries=6 packed_entries=0 packed_expected=0 wide_entries=0 wide_expected=0 wrapper_entries=0 wrapper_expected=0
ARGUMENTS_PASS m=63 n=9 calls=0 bad=0 expected_panel_stride=504
SHARED_ALLOC_PASS m=63 n=9 calls=5 injected=1 shared_first=1 later_X_success=4
ALLOC_PASS m=63 n=17 small=1 wide_path=0 history_expected=1 history_calls=1 history_bytes=6144 history_success=0 history_fail=1 x_calls=4 x_bytes=16128 x_success=4 x_fail=0 kb_calls=0 kb_bytes=0 kb_success=0 kb_fail=0 total=5 injected=1 history_level=0 x_level=1 kb_level=-1 shape_bad=0 x_each_worker_once=1
CASE_PASS m=63 n=17 sve16_entries=9 expected=9 old_entries=9 packed_entries=0 packed_expected=0 wide_entries=0 wide_expected=0 wrapper_entries=0 wrapper_expected=0
ARGUMENTS_PASS m=63 n=17 calls=0 bad=0 expected_panel_stride=504
SHARED_ALLOC_PASS m=63 n=17 calls=5 injected=1 shared_first=1 later_X_success=4
ALLOC_PASS m=64 n=1 small=1 wide_path=0 history_expected=1 history_calls=1 history_bytes=12288 history_success=0 history_fail=1 x_calls=4 x_bytes=16384 x_success=4 x_fail=0 kb_calls=0 kb_bytes=0 kb_success=0 kb_fail=0 total=5 injected=1 history_level=0 x_level=1 kb_level=-1 shape_bad=0 x_each_worker_once=1
CASE_PASS m=64 n=1 sve16_entries=4 expected=4 old_entries=4 packed_entries=0 packed_expected=0 wide_entries=0 wide_expected=0 wrapper_entries=0 wrapper_expected=0
ARGUMENTS_PASS m=64 n=1 calls=0 bad=0 expected_panel_stride=512
SHARED_ALLOC_PASS m=64 n=1 calls=5 injected=1 shared_first=1 later_X_success=4
ALLOC_PASS m=64 n=7 small=1 wide_path=0 history_expected=1 history_calls=1 history_bytes=12288 history_success=0 history_fail=1 x_calls=4 x_bytes=16384 x_success=4 x_fail=0 kb_calls=0 kb_bytes=0 kb_success=0 kb_fail=0 total=5 injected=1 history_level=0 x_level=1 kb_level=-1 shape_bad=0 x_each_worker_once=1
CASE_PASS m=64 n=7 sve16_entries=4 expected=4 old_entries=4 packed_entries=0 packed_expected=0 wide_entries=0 wide_expected=0 wrapper_entries=0 wrapper_expected=0
ARGUMENTS_PASS m=64 n=7 calls=0 bad=0 expected_panel_stride=512
SHARED_ALLOC_PASS m=64 n=7 calls=5 injected=1 shared_first=1 later_X_success=4
ALLOC_PASS m=64 n=8 small=1 wide_path=0 history_expected=1 history_calls=1 history_bytes=12288 history_success=0 history_fail=1 x_calls=4 x_bytes=16384 x_success=4 x_fail=0 kb_calls=0 kb_bytes=0 kb_success=0 kb_fail=0 total=5 injected=1 history_level=0 x_level=1 kb_level=-1 shape_bad=0 x_each_worker_once=1
CASE_PASS m=64 n=8 sve16_entries=4 expected=4 old_entries=4 packed_entries=0 packed_expected=0 wide_entries=0 wide_expected=0 wrapper_entries=0 wrapper_expected=0
ARGUMENTS_PASS m=64 n=8 calls=0 bad=0 expected_panel_stride=512
SHARED_ALLOC_PASS m=64 n=8 calls=5 injected=1 shared_first=1 later_X_success=4
ALLOC_PASS m=64 n=9 small=1 wide_path=0 history_expected=1 history_calls=1 history_bytes=12288 history_success=0 history_fail=1 x_calls=4 x_bytes=16384 x_success=4 x_fail=0 kb_calls=0 kb_bytes=0 kb_success=0 kb_fail=0 total=5 injected=1 history_level=0 x_level=1 kb_level=-1 shape_bad=0 x_each_worker_once=1
CASE_PASS m=64 n=9 sve16_entries=8 expected=8 old_entries=8 packed_entries=0 packed_expected=0 wide_entries=0 wide_expected=0 wrapper_entries=0 wrapper_expected=0
ARGUMENTS_PASS m=64 n=9 calls=0 bad=0 expected_panel_stride=512
SHARED_ALLOC_PASS m=64 n=9 calls=5 injected=1 shared_first=1 later_X_success=4
ALLOC_PASS m=64 n=17 small=1 wide_path=0 history_expected=1 history_calls=1 history_bytes=12288 history_success=0 history_fail=1 x_calls=4 x_bytes=16384 x_success=4 x_fail=0 kb_calls=0 kb_bytes=0 kb_success=0 kb_fail=0 total=5 injected=1 history_level=0 x_level=1 kb_level=-1 shape_bad=0 x_each_worker_once=1
CASE_PASS m=64 n=17 sve16_entries=12 expected=12 old_entries=12 packed_entries=0 packed_expected=0 wide_entries=0 wide_expected=0 wrapper_entries=0 wrapper_expected=0
ARGUMENTS_PASS m=64 n=17 calls=0 bad=0 expected_panel_stride=512
SHARED_ALLOC_PASS m=64 n=17 calls=5 injected=1 shared_first=1 later_X_success=4
ALLOC_PASS m=65 n=1 small=1 wide_path=0 history_expected=1 history_calls=1 history_bytes=12288 history_success=0 history_fail=1 x_calls=4 x_bytes=16640 x_success=4 x_fail=0 kb_calls=0 kb_bytes=0 kb_success=0 kb_fail=0 total=5 injected=1 history_level=0 x_level=1 kb_level=-1 shape_bad=0 x_each_worker_once=1
CASE_PASS m=65 n=1 sve16_entries=4 expected=4 old_entries=4 packed_entries=0 packed_expected=0 wide_entries=0 wide_expected=0 wrapper_entries=0 wrapper_expected=0
ARGUMENTS_PASS m=65 n=1 calls=0 bad=0 expected_panel_stride=520
SHARED_ALLOC_PASS m=65 n=1 calls=5 injected=1 shared_first=1 later_X_success=4
ALLOC_PASS m=65 n=7 small=1 wide_path=0 history_expected=1 history_calls=1 history_bytes=12288 history_success=0 history_fail=1 x_calls=4 x_bytes=16640 x_success=4 x_fail=0 kb_calls=0 kb_bytes=0 kb_success=0 kb_fail=0 total=5 injected=1 history_level=0 x_level=1 kb_level=-1 shape_bad=0 x_each_worker_once=1
CASE_PASS m=65 n=7 sve16_entries=4 expected=4 old_entries=4 packed_entries=0 packed_expected=0 wide_entries=0 wide_expected=0 wrapper_entries=0 wrapper_expected=0
ARGUMENTS_PASS m=65 n=7 calls=0 bad=0 expected_panel_stride=520
SHARED_ALLOC_PASS m=65 n=7 calls=5 injected=1 shared_first=1 later_X_success=4
ALLOC_PASS m=65 n=8 small=1 wide_path=0 history_expected=1 history_calls=1 history_bytes=12288 history_success=0 history_fail=1 x_calls=4 x_bytes=16640 x_success=4 x_fail=0 kb_calls=0 kb_bytes=0 kb_success=0 kb_fail=0 total=5 injected=1 history_level=0 x_level=1 kb_level=-1 shape_bad=0 x_each_worker_once=1
CASE_PASS m=65 n=8 sve16_entries=4 expected=4 old_entries=4 packed_entries=0 packed_expected=0 wide_entries=0 wide_expected=0 wrapper_entries=0 wrapper_expected=0
ARGUMENTS_PASS m=65 n=8 calls=0 bad=0 expected_panel_stride=520
SHARED_ALLOC_PASS m=65 n=8 calls=5 injected=1 shared_first=1 later_X_success=4
ALLOC_PASS m=65 n=9 small=1 wide_path=0 history_expected=1 history_calls=1 history_bytes=12288 history_success=0 history_fail=1 x_calls=4 x_bytes=16640 x_success=4 x_fail=0 kb_calls=0 kb_bytes=0 kb_success=0 kb_fail=0 total=5 injected=1 history_level=0 x_level=1 kb_level=-1 shape_bad=0 x_each_worker_once=1
CASE_PASS m=65 n=9 sve16_entries=8 expected=8 old_entries=8 packed_entries=0 packed_expected=0 wide_entries=0 wide_expected=0 wrapper_entries=0 wrapper_expected=0
ARGUMENTS_PASS m=65 n=9 calls=0 bad=0 expected_panel_stride=520
SHARED_ALLOC_PASS m=65 n=9 calls=5 injected=1 shared_first=1 later_X_success=4
ALLOC_PASS m=65 n=17 small=1 wide_path=0 history_expected=1 history_calls=1 history_bytes=12288 history_success=0 history_fail=1 x_calls=4 x_bytes=16640 x_success=4 x_fail=0 kb_calls=0 kb_bytes=0 kb_success=0 kb_fail=0 total=5 injected=1 history_level=0 x_level=1 kb_level=-1 shape_bad=0 x_each_worker_once=1
CASE_PASS m=65 n=17 sve16_entries=12 expected=12 old_entries=12 packed_entries=0 packed_expected=0 wide_entries=0 wide_expected=0 wrapper_entries=0 wrapper_expected=0
ARGUMENTS_PASS m=65 n=17 calls=0 bad=0 expected_panel_stride=520
SHARED_ALLOC_PASS m=65 n=17 calls=5 injected=1 shared_first=1 later_X_success=4
ALLOC_PASS m=255 n=1 small=1 wide_path=0 history_expected=1 history_calls=1 history_bytes=215040 history_success=0 history_fail=1 x_calls=4 x_bytes=65280 x_success=4 x_fail=0 kb_calls=0 kb_bytes=0 kb_success=0 kb_fail=0 total=5 injected=1 history_level=0 x_level=1 kb_level=-1 shape_bad=0 x_each_worker_once=1
CASE_PASS m=255 n=1 sve16_entries=15 expected=15 old_entries=15 packed_entries=0 packed_expected=0 wide_entries=0 wide_expected=0 wrapper_entries=0 wrapper_expected=0
ARGUMENTS_PASS m=255 n=1 calls=0 bad=0 expected_panel_stride=2040
SHARED_ALLOC_PASS m=255 n=1 calls=5 injected=1 shared_first=1 later_X_success=4
ALLOC_PASS m=255 n=7 small=1 wide_path=0 history_expected=1 history_calls=1 history_bytes=215040 history_success=0 history_fail=1 x_calls=4 x_bytes=65280 x_success=4 x_fail=0 kb_calls=0 kb_bytes=0 kb_success=0 kb_fail=0 total=5 injected=1 history_level=0 x_level=1 kb_level=-1 shape_bad=0 x_each_worker_once=1
CASE_PASS m=255 n=7 sve16_entries=15 expected=15 old_entries=15 packed_entries=0 packed_expected=0 wide_entries=0 wide_expected=0 wrapper_entries=0 wrapper_expected=0
ARGUMENTS_PASS m=255 n=7 calls=0 bad=0 expected_panel_stride=2040
SHARED_ALLOC_PASS m=255 n=7 calls=5 injected=1 shared_first=1 later_X_success=4
ALLOC_PASS m=255 n=8 small=1 wide_path=0 history_expected=1 history_calls=1 history_bytes=215040 history_success=0 history_fail=1 x_calls=4 x_bytes=65280 x_success=4 x_fail=0 kb_calls=0 kb_bytes=0 kb_success=0 kb_fail=0 total=5 injected=1 history_level=0 x_level=1 kb_level=-1 shape_bad=0 x_each_worker_once=1
CASE_PASS m=255 n=8 sve16_entries=15 expected=15 old_entries=15 packed_entries=0 packed_expected=0 wide_entries=0 wide_expected=0 wrapper_entries=0 wrapper_expected=0
ARGUMENTS_PASS m=255 n=8 calls=0 bad=0 expected_panel_stride=2040
SHARED_ALLOC_PASS m=255 n=8 calls=5 injected=1 shared_first=1 later_X_success=4
ALLOC_PASS m=255 n=9 small=1 wide_path=0 history_expected=1 history_calls=1 history_bytes=215040 history_success=0 history_fail=1 x_calls=4 x_bytes=65280 x_success=4 x_fail=0 kb_calls=0 kb_bytes=0 kb_success=0 kb_fail=0 total=5 injected=1 history_level=0 x_level=1 kb_level=-1 shape_bad=0 x_each_worker_once=1
CASE_PASS m=255 n=9 sve16_entries=30 expected=30 old_entries=30 packed_entries=0 packed_expected=0 wide_entries=0 wide_expected=0 wrapper_entries=0 wrapper_expected=0
ARGUMENTS_PASS m=255 n=9 calls=0 bad=0 expected_panel_stride=2040
SHARED_ALLOC_PASS m=255 n=9 calls=5 injected=1 shared_first=1 later_X_success=4
ALLOC_PASS m=255 n=17 small=1 wide_path=0 history_expected=1 history_calls=1 history_bytes=215040 history_success=0 history_fail=1 x_calls=4 x_bytes=65280 x_success=4 x_fail=0 kb_calls=0 kb_bytes=0 kb_success=0 kb_fail=0 total=5 injected=1 history_level=0 x_level=1 kb_level=-1 shape_bad=0 x_each_worker_once=1
CASE_PASS m=255 n=17 sve16_entries=45 expected=45 old_entries=45 packed_entries=0 packed_expected=0 wide_entries=0 wide_expected=0 wrapper_entries=0 wrapper_expected=0
ARGUMENTS_PASS m=255 n=17 calls=0 bad=0 expected_panel_stride=2040
SHARED_ALLOC_PASS m=255 n=17 calls=5 injected=1 shared_first=1 later_X_success=4
ALLOC_PASS m=256 n=1 small=1 wide_path=0 history_expected=1 history_calls=1 history_bytes=245760 history_success=0 history_fail=1 x_calls=4 x_bytes=65536 x_success=4 x_fail=0 kb_calls=0 kb_bytes=0 kb_success=0 kb_fail=0 total=5 injected=1 history_level=0 x_level=1 kb_level=-1 shape_bad=0 x_each_worker_once=1
CASE_PASS m=256 n=1 sve16_entries=16 expected=16 old_entries=16 packed_entries=0 packed_expected=0 wide_entries=0 wide_expected=0 wrapper_entries=0 wrapper_expected=0
ARGUMENTS_PASS m=256 n=1 calls=0 bad=0 expected_panel_stride=2048
SHARED_ALLOC_PASS m=256 n=1 calls=5 injected=1 shared_first=1 later_X_success=4
ALLOC_PASS m=256 n=7 small=1 wide_path=0 history_expected=1 history_calls=1 history_bytes=245760 history_success=0 history_fail=1 x_calls=4 x_bytes=65536 x_success=4 x_fail=0 kb_calls=0 kb_bytes=0 kb_success=0 kb_fail=0 total=5 injected=1 history_level=0 x_level=1 kb_level=-1 shape_bad=0 x_each_worker_once=1
CASE_PASS m=256 n=7 sve16_entries=16 expected=16 old_entries=16 packed_entries=0 packed_expected=0 wide_entries=0 wide_expected=0 wrapper_entries=0 wrapper_expected=0
ARGUMENTS_PASS m=256 n=7 calls=0 bad=0 expected_panel_stride=2048
SHARED_ALLOC_PASS m=256 n=7 calls=5 injected=1 shared_first=1 later_X_success=4
ALLOC_PASS m=256 n=8 small=1 wide_path=0 history_expected=1 history_calls=1 history_bytes=245760 history_success=0 history_fail=1 x_calls=4 x_bytes=65536 x_success=4 x_fail=0 kb_calls=0 kb_bytes=0 kb_success=0 kb_fail=0 total=5 injected=1 history_level=0 x_level=1 kb_level=-1 shape_bad=0 x_each_worker_once=1
CASE_PASS m=256 n=8 sve16_entries=16 expected=16 old_entries=16 packed_entries=0 packed_expected=0 wide_entries=0 wide_expected=0 wrapper_entries=0 wrapper_expected=0
ARGUMENTS_PASS m=256 n=8 calls=0 bad=0 expected_panel_stride=2048
SHARED_ALLOC_PASS m=256 n=8 calls=5 injected=1 shared_first=1 later_X_success=4
ALLOC_PASS m=256 n=9 small=1 wide_path=0 history_expected=1 history_calls=1 history_bytes=245760 history_success=0 history_fail=1 x_calls=4 x_bytes=65536 x_success=4 x_fail=0 kb_calls=0 kb_bytes=0 kb_success=0 kb_fail=0 total=5 injected=1 history_level=0 x_level=1 kb_level=-1 shape_bad=0 x_each_worker_once=1
CASE_PASS m=256 n=9 sve16_entries=32 expected=32 old_entries=32 packed_entries=0 packed_expected=0 wide_entries=0 wide_expected=0 wrapper_entries=0 wrapper_expected=0
ARGUMENTS_PASS m=256 n=9 calls=0 bad=0 expected_panel_stride=2048
SHARED_ALLOC_PASS m=256 n=9 calls=5 injected=1 shared_first=1 later_X_success=4
ALLOC_PASS m=256 n=17 small=1 wide_path=0 history_expected=1 history_calls=1 history_bytes=245760 history_success=0 history_fail=1 x_calls=4 x_bytes=65536 x_success=4 x_fail=0 kb_calls=0 kb_bytes=0 kb_success=0 kb_fail=0 total=5 injected=1 history_level=0 x_level=1 kb_level=-1 shape_bad=0 x_each_worker_once=1
CASE_PASS m=256 n=17 sve16_entries=48 expected=48 old_entries=48 packed_entries=0 packed_expected=0 wide_entries=0 wide_expected=0 wrapper_entries=0 wrapper_expected=0
ARGUMENTS_PASS m=256 n=17 calls=0 bad=0 expected_panel_stride=2048
SHARED_ALLOC_PASS m=256 n=17 calls=5 injected=1 shared_first=1 later_X_success=4
ALLOC_PASS m=257 n=1 small=1 wide_path=0 history_expected=1 history_calls=1 history_bytes=245760 history_success=0 history_fail=1 x_calls=4 x_bytes=65792 x_success=4 x_fail=0 kb_calls=0 kb_bytes=0 kb_success=0 kb_fail=0 total=5 injected=1 history_level=0 x_level=1 kb_level=-1 shape_bad=0 x_each_worker_once=1
CASE_PASS m=257 n=1 sve16_entries=16 expected=16 old_entries=16 packed_entries=0 packed_expected=0 wide_entries=0 wide_expected=0 wrapper_entries=0 wrapper_expected=0
ARGUMENTS_PASS m=257 n=1 calls=0 bad=0 expected_panel_stride=2056
SHARED_ALLOC_PASS m=257 n=1 calls=5 injected=1 shared_first=1 later_X_success=4
ALLOC_PASS m=257 n=7 small=1 wide_path=0 history_expected=1 history_calls=1 history_bytes=245760 history_success=0 history_fail=1 x_calls=4 x_bytes=65792 x_success=4 x_fail=0 kb_calls=0 kb_bytes=0 kb_success=0 kb_fail=0 total=5 injected=1 history_level=0 x_level=1 kb_level=-1 shape_bad=0 x_each_worker_once=1
CASE_PASS m=257 n=7 sve16_entries=16 expected=16 old_entries=16 packed_entries=0 packed_expected=0 wide_entries=0 wide_expected=0 wrapper_entries=0 wrapper_expected=0
ARGUMENTS_PASS m=257 n=7 calls=0 bad=0 expected_panel_stride=2056
SHARED_ALLOC_PASS m=257 n=7 calls=5 injected=1 shared_first=1 later_X_success=4
ALLOC_PASS m=257 n=8 small=1 wide_path=0 history_expected=1 history_calls=1 history_bytes=245760 history_success=0 history_fail=1 x_calls=4 x_bytes=65792 x_success=4 x_fail=0 kb_calls=0 kb_bytes=0 kb_success=0 kb_fail=0 total=5 injected=1 history_level=0 x_level=1 kb_level=-1 shape_bad=0 x_each_worker_once=1
CASE_PASS m=257 n=8 sve16_entries=16 expected=16 old_entries=16 packed_entries=0 packed_expected=0 wide_entries=0 wide_expected=0 wrapper_entries=0 wrapper_expected=0
ARGUMENTS_PASS m=257 n=8 calls=0 bad=0 expected_panel_stride=2056
SHARED_ALLOC_PASS m=257 n=8 calls=5 injected=1 shared_first=1 later_X_success=4
ALLOC_PASS m=257 n=9 small=1 wide_path=0 history_expected=1 history_calls=1 history_bytes=245760 history_success=0 history_fail=1 x_calls=4 x_bytes=65792 x_success=4 x_fail=0 kb_calls=0 kb_bytes=0 kb_success=0 kb_fail=0 total=5 injected=1 history_level=0 x_level=1 kb_level=-1 shape_bad=0 x_each_worker_once=1
CASE_PASS m=257 n=9 sve16_entries=32 expected=32 old_entries=32 packed_entries=0 packed_expected=0 wide_entries=0 wide_expected=0 wrapper_entries=0 wrapper_expected=0
ARGUMENTS_PASS m=257 n=9 calls=0 bad=0 expected_panel_stride=2056
SHARED_ALLOC_PASS m=257 n=9 calls=5 injected=1 shared_first=1 later_X_success=4
ALLOC_PASS m=257 n=17 small=1 wide_path=0 history_expected=1 history_calls=1 history_bytes=245760 history_success=0 history_fail=1 x_calls=4 x_bytes=65792 x_success=4 x_fail=0 kb_calls=0 kb_bytes=0 kb_success=0 kb_fail=0 total=5 injected=1 history_level=0 x_level=1 kb_level=-1 shape_bad=0 x_each_worker_once=1
CASE_PASS m=257 n=17 sve16_entries=48 expected=48 old_entries=48 packed_entries=0 packed_expected=0 wide_entries=0 wide_expected=0 wrapper_entries=0 wrapper_expected=0
ARGUMENTS_PASS m=257 n=17 calls=0 bad=0 expected_panel_stride=2056
SHARED_ALLOC_PASS m=257 n=17 calls=5 injected=1 shared_first=1 later_X_success=4
ALLOCATION_SUMMARY_PASS cases=40 budget_cases=0 shared_injection_cases=40
PASS whole_cases=40 noop_cases=4 non_dyadic_long_double_RHS=1 padding_L_unchanged=1 max_error=1.1102230246251565e-16
SOURCE_FEATURES_PASS panel16=1 packedL16=1 has_budget=1 history_budget_bytes=4194304 panel8x16=1
MODE=budget THREADS=1 NARROW_VL=0 EXPECT_SVE16=1 EXPECT_PACKEDL16=1
ALLOC_PASS m=1023 n=9 small=1 wide_path=0 history_expected=1 history_calls=1 history_bytes=3999744 history_success=1 history_fail=0 x_calls=1 x_bytes=65472 x_success=1 x_fail=0 kb_calls=0 kb_bytes=0 kb_success=0 kb_fail=0 total=2 injected=0 history_level=0 x_level=1 kb_level=-1 shape_bad=0 x_each_worker_once=1
CASE_PASS m=1023 n=9 sve16_entries=126 expected=126 old_entries=2 packed_entries=124 packed_expected=124 wide_entries=0 wide_expected=0 wrapper_entries=0 wrapper_expected=0
ARGUMENTS_PASS m=1023 n=9 calls=0 bad=0 expected_panel_stride=8184
ALLOC_PASS m=1024 n=9 small=1 wide_path=0 history_expected=1 history_calls=1 history_bytes=4128768 history_success=1 history_fail=0 x_calls=1 x_bytes=65536 x_success=1 x_fail=0 kb_calls=0 kb_bytes=0 kb_success=0 kb_fail=0 total=2 injected=0 history_level=0 x_level=1 kb_level=-1 shape_bad=0 x_each_worker_once=1
CASE_PASS m=1024 n=9 sve16_entries=128 expected=128 old_entries=2 packed_entries=126 packed_expected=126 wide_entries=0 wide_expected=0 wrapper_entries=0 wrapper_expected=0
ARGUMENTS_PASS m=1024 n=9 calls=0 bad=0 expected_panel_stride=8192
ALLOC_PASS m=1039 n=9 small=1 wide_path=0 history_expected=1 history_calls=1 history_bytes=4128768 history_success=1 history_fail=0 x_calls=1 x_bytes=66496 x_success=1 x_fail=0 kb_calls=0 kb_bytes=0 kb_success=0 kb_fail=0 total=2 injected=0 history_level=0 x_level=1 kb_level=-1 shape_bad=0 x_each_worker_once=1
CASE_PASS m=1039 n=9 sve16_entries=128 expected=128 old_entries=2 packed_entries=126 packed_expected=126 wide_entries=0 wide_expected=0 wrapper_entries=0 wrapper_expected=0
ARGUMENTS_PASS m=1039 n=9 calls=0 bad=0 expected_panel_stride=8312
ALLOC_PASS m=1040 n=9 small=1 wide_path=1 history_expected=0 history_calls=0 history_bytes=0 history_success=0 history_fail=0 x_calls=1 x_bytes=133120 x_success=1 x_fail=0 kb_calls=0 kb_bytes=0 kb_success=0 kb_fail=0 total=1 injected=0 history_level=-1 x_level=1 kb_level=-1 shape_bad=0 x_each_worker_once=1
CASE_PASS m=1040 n=9 sve16_entries=130 expected=130 old_entries=130 packed_entries=0 packed_expected=0 wide_entries=0 wide_expected=0 wrapper_entries=1 wrapper_expected=1
ARGUMENTS_PASS m=1040 n=9 calls=0 bad=0 expected_panel_stride=8320
ALLOC_PASS m=1041 n=9 small=1 wide_path=1 history_expected=0 history_calls=0 history_bytes=0 history_success=0 history_fail=0 x_calls=1 x_bytes=133248 x_success=1 x_fail=0 kb_calls=0 kb_bytes=0 kb_success=0 kb_fail=0 total=1 injected=0 history_level=-1 x_level=1 kb_level=-1 shape_bad=0 x_each_worker_once=1
CASE_PASS m=1041 n=9 sve16_entries=130 expected=130 old_entries=130 packed_entries=0 packed_expected=0 wide_entries=0 wide_expected=0 wrapper_entries=1 wrapper_expected=1
ARGUMENTS_PASS m=1041 n=9 calls=0 bad=0 expected_panel_stride=8328
ALLOCATION_SUMMARY_PASS cases=5 budget_cases=5 shared_injection_cases=0
PASS whole_cases=5 noop_cases=4 non_dyadic_long_double_RHS=1 padding_L_unchanged=1 max_error=1.1102230246251565e-16
SOURCE_FEATURES_PASS panel16=1 packedL16=1 has_budget=1 history_budget_bytes=4194304 panel8x16=1
MODE=budget THREADS=4 NARROW_VL=0 EXPECT_SVE16=1 EXPECT_PACKEDL16=1
ALLOC_PASS m=1023 n=9 small=1 wide_path=0 history_expected=1 history_calls=1 history_bytes=3999744 history_success=1 history_fail=0 x_calls=4 x_bytes=261888 x_success=4 x_fail=0 kb_calls=0 kb_bytes=0 kb_success=0 kb_fail=0 total=5 injected=0 history_level=0 x_level=1 kb_level=-1 shape_bad=0 x_each_worker_once=1
CASE_PASS m=1023 n=9 sve16_entries=126 expected=126 old_entries=2 packed_entries=124 packed_expected=124 wide_entries=0 wide_expected=0 wrapper_entries=0 wrapper_expected=0
ARGUMENTS_PASS m=1023 n=9 calls=0 bad=0 expected_panel_stride=8184
ALLOC_PASS m=1024 n=9 small=1 wide_path=0 history_expected=1 history_calls=1 history_bytes=4128768 history_success=1 history_fail=0 x_calls=4 x_bytes=262144 x_success=4 x_fail=0 kb_calls=0 kb_bytes=0 kb_success=0 kb_fail=0 total=5 injected=0 history_level=0 x_level=1 kb_level=-1 shape_bad=0 x_each_worker_once=1
CASE_PASS m=1024 n=9 sve16_entries=128 expected=128 old_entries=2 packed_entries=126 packed_expected=126 wide_entries=0 wide_expected=0 wrapper_entries=0 wrapper_expected=0
ARGUMENTS_PASS m=1024 n=9 calls=0 bad=0 expected_panel_stride=8192
ALLOC_PASS m=1039 n=9 small=1 wide_path=0 history_expected=1 history_calls=1 history_bytes=4128768 history_success=1 history_fail=0 x_calls=4 x_bytes=265984 x_success=4 x_fail=0 kb_calls=0 kb_bytes=0 kb_success=0 kb_fail=0 total=5 injected=0 history_level=0 x_level=1 kb_level=-1 shape_bad=0 x_each_worker_once=1
CASE_PASS m=1039 n=9 sve16_entries=128 expected=128 old_entries=2 packed_entries=126 packed_expected=126 wide_entries=0 wide_expected=0 wrapper_entries=0 wrapper_expected=0
ARGUMENTS_PASS m=1039 n=9 calls=0 bad=0 expected_panel_stride=8312
ALLOC_PASS m=1040 n=9 small=1 wide_path=1 history_expected=0 history_calls=0 history_bytes=0 history_success=0 history_fail=0 x_calls=4 x_bytes=532480 x_success=4 x_fail=0 kb_calls=0 kb_bytes=0 kb_success=0 kb_fail=0 total=4 injected=0 history_level=-1 x_level=1 kb_level=-1 shape_bad=0 x_each_worker_once=1
CASE_PASS m=1040 n=9 sve16_entries=130 expected=130 old_entries=130 packed_entries=0 packed_expected=0 wide_entries=0 wide_expected=0 wrapper_entries=1 wrapper_expected=1
ARGUMENTS_PASS m=1040 n=9 calls=0 bad=0 expected_panel_stride=8320
ALLOC_PASS m=1041 n=9 small=1 wide_path=1 history_expected=0 history_calls=0 history_bytes=0 history_success=0 history_fail=0 x_calls=4 x_bytes=532992 x_success=4 x_fail=0 kb_calls=0 kb_bytes=0 kb_success=0 kb_fail=0 total=4 injected=0 history_level=-1 x_level=1 kb_level=-1 shape_bad=0 x_each_worker_once=1
CASE_PASS m=1041 n=9 sve16_entries=130 expected=130 old_entries=130 packed_entries=0 packed_expected=0 wide_entries=0 wide_expected=0 wrapper_entries=1 wrapper_expected=1
ARGUMENTS_PASS m=1041 n=9 calls=0 bad=0 expected_panel_stride=8328
ALLOCATION_SUMMARY_PASS cases=5 budget_cases=5 shared_injection_cases=0
PASS whole_cases=5 noop_cases=4 non_dyadic_long_double_RHS=1 padding_L_unchanged=1 max_error=1.1102230246251565e-16
SOURCE_FEATURES_PASS panel16=1 packedL16=1 has_budget=1 history_budget_bytes=4194304 panel8x16=1
MODE=budget-smoke THREADS=38 NARROW_VL=0 EXPECT_SVE16=1 EXPECT_PACKEDL16=1
ALLOC_PASS m=1039 n=313 small=1 wide_path=0 history_expected=1 history_calls=1 history_bytes=4128768 history_success=1 history_fail=0 x_calls=38 x_bytes=2526848 x_success=38 x_fail=0 kb_calls=0 kb_bytes=0 kb_success=0 kb_fail=0 total=39 injected=0 history_level=0 x_level=1 kb_level=-1 shape_bad=0 x_each_worker_once=1
CASE_PASS m=1039 n=313 sve16_entries=2560 expected=2560 old_entries=40 packed_entries=2520 packed_expected=2520 wide_entries=0 wide_expected=0 wrapper_entries=0 wrapper_expected=0
ARGUMENTS_PASS m=1039 n=313 calls=0 bad=0 expected_panel_stride=8312
ALLOC_PASS m=1040 n=313 small=1 wide_path=1 history_expected=0 history_calls=0 history_bytes=0 history_success=0 history_fail=0 x_calls=38 x_bytes=5058560 x_success=38 x_fail=0 kb_calls=0 kb_bytes=0 kb_success=0 kb_fail=0 total=38 injected=0 history_level=-1 x_level=1 kb_level=-1 shape_bad=0 x_each_worker_once=1
CASE_PASS m=1040 n=313 sve16_entries=130 expected=130 old_entries=130 packed_entries=0 packed_expected=0 wide_entries=2470 wide_expected=2470 wrapper_entries=1 wrapper_expected=1
ARGUMENTS_PASS m=1040 n=313 calls=2470 bad=0 expected_panel_stride=8320
ALLOCATION_SUMMARY_PASS cases=2 budget_cases=2 shared_injection_cases=0
PASS whole_cases=2 noop_cases=4 non_dyadic_long_double_RHS=1 padding_L_unchanged=1 max_error=1.1102230246251565e-16
SOURCE_FEATURES_PASS panel16=1 packedL16=1 has_budget=1 history_budget_bytes=4194304 panel8x16=1
MODE=budget THREADS=4 NARROW_VL=0 EXPECT_SVE16=0 EXPECT_PACKEDL16=0
ALLOC_PASS m=1023 n=9 small=1 wide_path=0 history_expected=1 history_calls=1 history_bytes=3999744 history_success=1 history_fail=0 x_calls=4 x_bytes=261888 x_success=0 x_fail=4 kb_calls=0 kb_bytes=0 kb_success=0 kb_fail=0 total=5 injected=4 history_level=0 x_level=1 kb_level=-1 shape_bad=0 x_each_worker_once=1
CASE_PASS m=1023 n=9 sve16_entries=0 expected=0 old_entries=0 packed_entries=0 packed_expected=0 wide_entries=0 wide_expected=0 wrapper_entries=0 wrapper_expected=0
ARGUMENTS_PASS m=1023 n=9 calls=0 bad=0 expected_panel_stride=8184
ALLOC_PASS m=1024 n=9 small=1 wide_path=0 history_expected=1 history_calls=1 history_bytes=4128768 history_success=1 history_fail=0 x_calls=4 x_bytes=262144 x_success=0 x_fail=4 kb_calls=0 kb_bytes=0 kb_success=0 kb_fail=0 total=5 injected=4 history_level=0 x_level=1 kb_level=-1 shape_bad=0 x_each_worker_once=1
CASE_PASS m=1024 n=9 sve16_entries=0 expected=0 old_entries=0 packed_entries=0 packed_expected=0 wide_entries=0 wide_expected=0 wrapper_entries=0 wrapper_expected=0
ARGUMENTS_PASS m=1024 n=9 calls=0 bad=0 expected_panel_stride=8192
ALLOC_PASS m=1039 n=9 small=1 wide_path=0 history_expected=1 history_calls=1 history_bytes=4128768 history_success=1 history_fail=0 x_calls=4 x_bytes=265984 x_success=0 x_fail=4 kb_calls=0 kb_bytes=0 kb_success=0 kb_fail=0 total=5 injected=4 history_level=0 x_level=1 kb_level=-1 shape_bad=0 x_each_worker_once=1
CASE_PASS m=1039 n=9 sve16_entries=0 expected=0 old_entries=0 packed_entries=0 packed_expected=0 wide_entries=0 wide_expected=0 wrapper_entries=0 wrapper_expected=0
ARGUMENTS_PASS m=1039 n=9 calls=0 bad=0 expected_panel_stride=8312
ALLOC_PASS m=1040 n=9 small=1 wide_path=1 history_expected=0 history_calls=0 history_bytes=0 history_success=0 history_fail=0 x_calls=4 x_bytes=532480 x_success=0 x_fail=4 kb_calls=0 kb_bytes=0 kb_success=0 kb_fail=0 total=4 injected=4 history_level=-1 x_level=1 kb_level=-1 shape_bad=0 x_each_worker_once=1
CASE_PASS m=1040 n=9 sve16_entries=0 expected=0 old_entries=0 packed_entries=0 packed_expected=0 wide_entries=0 wide_expected=0 wrapper_entries=1 wrapper_expected=1
ARGUMENTS_PASS m=1040 n=9 calls=0 bad=0 expected_panel_stride=8320
ALLOC_PASS m=1041 n=9 small=1 wide_path=1 history_expected=0 history_calls=0 history_bytes=0 history_success=0 history_fail=0 x_calls=4 x_bytes=532992 x_success=0 x_fail=4 kb_calls=0 kb_bytes=0 kb_success=0 kb_fail=0 total=4 injected=4 history_level=-1 x_level=1 kb_level=-1 shape_bad=0 x_each_worker_once=1
CASE_PASS m=1041 n=9 sve16_entries=0 expected=0 old_entries=0 packed_entries=0 packed_expected=0 wide_entries=0 wide_expected=0 wrapper_entries=1 wrapper_expected=1
ARGUMENTS_PASS m=1041 n=9 calls=0 bad=0 expected_panel_stride=8328
ALLOCATION_SUMMARY_PASS cases=5 budget_cases=5 shared_injection_cases=0
PASS whole_cases=5 noop_cases=4 non_dyadic_long_double_RHS=1 padding_L_unchanged=1 max_error=1.1102230246251565e-16
SOURCE_FEATURES_PASS panel16=1 packedL16=1 has_budget=1 history_budget_bytes=4194304 panel8x16=1
MODE=budget THREADS=4 NARROW_VL=0 EXPECT_SVE16=0 EXPECT_PACKEDL16=0
ALLOC_PASS m=1023 n=9 small=1 wide_path=0 history_expected=0 history_calls=0 history_bytes=0 history_success=0 history_fail=0 x_calls=4 x_bytes=261888 x_success=4 x_fail=0 kb_calls=0 kb_bytes=0 kb_success=0 kb_fail=0 total=4 injected=0 history_level=-1 x_level=1 kb_level=-1 shape_bad=0 x_each_worker_once=1
CASE_PASS m=1023 n=9 sve16_entries=0 expected=0 old_entries=0 packed_entries=0 packed_expected=0 wide_entries=0 wide_expected=0 wrapper_entries=0 wrapper_expected=0
ARGUMENTS_PASS m=1023 n=9 calls=0 bad=0 expected_panel_stride=8184
ALLOC_PASS m=1024 n=9 small=1 wide_path=0 history_expected=0 history_calls=0 history_bytes=0 history_success=0 history_fail=0 x_calls=4 x_bytes=262144 x_success=4 x_fail=0 kb_calls=0 kb_bytes=0 kb_success=0 kb_fail=0 total=4 injected=0 history_level=-1 x_level=1 kb_level=-1 shape_bad=0 x_each_worker_once=1
CASE_PASS m=1024 n=9 sve16_entries=0 expected=0 old_entries=0 packed_entries=0 packed_expected=0 wide_entries=0 wide_expected=0 wrapper_entries=0 wrapper_expected=0
ARGUMENTS_PASS m=1024 n=9 calls=0 bad=0 expected_panel_stride=8192
ALLOC_PASS m=1039 n=9 small=1 wide_path=0 history_expected=0 history_calls=0 history_bytes=0 history_success=0 history_fail=0 x_calls=4 x_bytes=265984 x_success=4 x_fail=0 kb_calls=0 kb_bytes=0 kb_success=0 kb_fail=0 total=4 injected=0 history_level=-1 x_level=1 kb_level=-1 shape_bad=0 x_each_worker_once=1
CASE_PASS m=1039 n=9 sve16_entries=0 expected=0 old_entries=0 packed_entries=0 packed_expected=0 wide_entries=0 wide_expected=0 wrapper_entries=0 wrapper_expected=0
ARGUMENTS_PASS m=1039 n=9 calls=0 bad=0 expected_panel_stride=8312
ALLOC_PASS m=1040 n=9 small=1 wide_path=0 history_expected=0 history_calls=0 history_bytes=0 history_success=0 history_fail=0 x_calls=4 x_bytes=266240 x_success=4 x_fail=0 kb_calls=0 kb_bytes=0 kb_success=0 kb_fail=0 total=4 injected=0 history_level=-1 x_level=1 kb_level=-1 shape_bad=0 x_each_worker_once=1
CASE_PASS m=1040 n=9 sve16_entries=0 expected=0 old_entries=0 packed_entries=0 packed_expected=0 wide_entries=0 wide_expected=0 wrapper_entries=0 wrapper_expected=0
ARGUMENTS_PASS m=1040 n=9 calls=0 bad=0 expected_panel_stride=8320
ALLOC_PASS m=1041 n=9 small=1 wide_path=0 history_expected=0 history_calls=0 history_bytes=0 history_success=0 history_fail=0 x_calls=4 x_bytes=266496 x_success=4 x_fail=0 kb_calls=0 kb_bytes=0 kb_success=0 kb_fail=0 total=4 injected=0 history_level=-1 x_level=1 kb_level=-1 shape_bad=0 x_each_worker_once=1
CASE_PASS m=1041 n=9 sve16_entries=0 expected=0 old_entries=0 packed_entries=0 packed_expected=0 wide_entries=0 wide_expected=0 wrapper_entries=0 wrapper_expected=0
ARGUMENTS_PASS m=1041 n=9 calls=0 bad=0 expected_panel_stride=8328
ALLOCATION_SUMMARY_PASS cases=5 budget_cases=5 shared_injection_cases=0
PASS whole_cases=5 noop_cases=4 non_dyadic_long_double_RHS=1 padding_L_unchanged=1 max_error=1.1102230246251565e-16
SOURCE_FEATURES_PASS panel16=1 packedL16=1 has_budget=1 history_budget_bytes=4194304 panel8x16=1
MODE=budget THREADS=4 NARROW_VL=1 EXPECT_SVE16=0 EXPECT_PACKEDL16=0
ALLOC_PASS m=1023 n=9 small=1 wide_path=0 history_expected=1 history_calls=1 history_bytes=3999744 history_success=1 history_fail=0 x_calls=4 x_bytes=261888 x_success=4 x_fail=0 kb_calls=0 kb_bytes=0 kb_success=0 kb_fail=0 total=5 injected=0 history_level=0 x_level=1 kb_level=-1 shape_bad=0 x_each_worker_once=1
CASE_PASS m=1023 n=9 sve16_entries=0 expected=0 old_entries=0 packed_entries=0 packed_expected=0 wide_entries=0 wide_expected=0 wrapper_entries=0 wrapper_expected=0
ARGUMENTS_PASS m=1023 n=9 calls=0 bad=0 expected_panel_stride=8184
ALLOC_PASS m=1024 n=9 small=1 wide_path=0 history_expected=1 history_calls=1 history_bytes=4128768 history_success=1 history_fail=0 x_calls=4 x_bytes=262144 x_success=4 x_fail=0 kb_calls=0 kb_bytes=0 kb_success=0 kb_fail=0 total=5 injected=0 history_level=0 x_level=1 kb_level=-1 shape_bad=0 x_each_worker_once=1
CASE_PASS m=1024 n=9 sve16_entries=0 expected=0 old_entries=0 packed_entries=0 packed_expected=0 wide_entries=0 wide_expected=0 wrapper_entries=0 wrapper_expected=0
ARGUMENTS_PASS m=1024 n=9 calls=0 bad=0 expected_panel_stride=8192
ALLOC_PASS m=1039 n=9 small=1 wide_path=0 history_expected=1 history_calls=1 history_bytes=4128768 history_success=1 history_fail=0 x_calls=4 x_bytes=265984 x_success=4 x_fail=0 kb_calls=0 kb_bytes=0 kb_success=0 kb_fail=0 total=5 injected=0 history_level=0 x_level=1 kb_level=-1 shape_bad=0 x_each_worker_once=1
CASE_PASS m=1039 n=9 sve16_entries=0 expected=0 old_entries=0 packed_entries=0 packed_expected=0 wide_entries=0 wide_expected=0 wrapper_entries=0 wrapper_expected=0
ARGUMENTS_PASS m=1039 n=9 calls=0 bad=0 expected_panel_stride=8312
ALLOC_PASS m=1040 n=9 small=1 wide_path=1 history_expected=0 history_calls=0 history_bytes=0 history_success=0 history_fail=0 x_calls=4 x_bytes=532480 x_success=4 x_fail=0 kb_calls=0 kb_bytes=0 kb_success=0 kb_fail=0 total=4 injected=0 history_level=-1 x_level=1 kb_level=-1 shape_bad=0 x_each_worker_once=1
CASE_PASS m=1040 n=9 sve16_entries=0 expected=0 old_entries=0 packed_entries=0 packed_expected=0 wide_entries=0 wide_expected=0 wrapper_entries=1 wrapper_expected=1
ARGUMENTS_PASS m=1040 n=9 calls=0 bad=0 expected_panel_stride=8320
ALLOC_PASS m=1041 n=9 small=1 wide_path=1 history_expected=0 history_calls=0 history_bytes=0 history_success=0 history_fail=0 x_calls=4 x_bytes=532992 x_success=4 x_fail=0 kb_calls=0 kb_bytes=0 kb_success=0 kb_fail=0 total=4 injected=0 history_level=-1 x_level=1 kb_level=-1 shape_bad=0 x_each_worker_once=1
CASE_PASS m=1041 n=9 sve16_entries=0 expected=0 old_entries=0 packed_entries=0 packed_expected=0 wide_entries=0 wide_expected=0 wrapper_entries=1 wrapper_expected=1
ARGUMENTS_PASS m=1041 n=9 calls=0 bad=0 expected_panel_stride=8328
ALLOCATION_SUMMARY_PASS cases=5 budget_cases=5 shared_injection_cases=0
PASS whole_cases=5 noop_cases=4 non_dyadic_long_double_RHS=1 padding_L_unchanged=1 max_error=1.1102230246251565e-16
SOURCE_FEATURES_PASS panel16=1 packedL16=1 has_budget=1 history_budget_bytes=4194304 panel8x16=1
MODE=budget THREADS=4 NARROW_VL=0 EXPECT_SVE16=1 EXPECT_PACKEDL16=0
ALLOC_PASS m=1023 n=9 small=1 wide_path=0 history_expected=1 history_calls=1 history_bytes=3999744 history_success=0 history_fail=1 x_calls=4 x_bytes=261888 x_success=4 x_fail=0 kb_calls=0 kb_bytes=0 kb_success=0 kb_fail=0 total=5 injected=1 history_level=0 x_level=1 kb_level=-1 shape_bad=0 x_each_worker_once=1
CASE_PASS m=1023 n=9 sve16_entries=126 expected=126 old_entries=126 packed_entries=0 packed_expected=0 wide_entries=0 wide_expected=0 wrapper_entries=0 wrapper_expected=0
ARGUMENTS_PASS m=1023 n=9 calls=0 bad=0 expected_panel_stride=8184
SHARED_ALLOC_PASS m=1023 n=9 calls=5 injected=1 shared_first=1 later_X_success=4
ALLOC_PASS m=1024 n=9 small=1 wide_path=0 history_expected=1 history_calls=1 history_bytes=4128768 history_success=0 history_fail=1 x_calls=4 x_bytes=262144 x_success=4 x_fail=0 kb_calls=0 kb_bytes=0 kb_success=0 kb_fail=0 total=5 injected=1 history_level=0 x_level=1 kb_level=-1 shape_bad=0 x_each_worker_once=1
CASE_PASS m=1024 n=9 sve16_entries=128 expected=128 old_entries=128 packed_entries=0 packed_expected=0 wide_entries=0 wide_expected=0 wrapper_entries=0 wrapper_expected=0
ARGUMENTS_PASS m=1024 n=9 calls=0 bad=0 expected_panel_stride=8192
SHARED_ALLOC_PASS m=1024 n=9 calls=5 injected=1 shared_first=1 later_X_success=4
ALLOC_PASS m=1039 n=9 small=1 wide_path=0 history_expected=1 history_calls=1 history_bytes=4128768 history_success=0 history_fail=1 x_calls=4 x_bytes=265984 x_success=4 x_fail=0 kb_calls=0 kb_bytes=0 kb_success=0 kb_fail=0 total=5 injected=1 history_level=0 x_level=1 kb_level=-1 shape_bad=0 x_each_worker_once=1
CASE_PASS m=1039 n=9 sve16_entries=128 expected=128 old_entries=128 packed_entries=0 packed_expected=0 wide_entries=0 wide_expected=0 wrapper_entries=0 wrapper_expected=0
ARGUMENTS_PASS m=1039 n=9 calls=0 bad=0 expected_panel_stride=8312
SHARED_ALLOC_PASS m=1039 n=9 calls=5 injected=1 shared_first=1 later_X_success=4
ALLOC_PASS m=1040 n=9 small=1 wide_path=1 history_expected=0 history_calls=0 history_bytes=0 history_success=0 history_fail=0 x_calls=4 x_bytes=532480 x_success=4 x_fail=0 kb_calls=0 kb_bytes=0 kb_success=0 kb_fail=0 total=4 injected=0 history_level=-1 x_level=1 kb_level=-1 shape_bad=0 x_each_worker_once=1
CASE_PASS m=1040 n=9 sve16_entries=130 expected=130 old_entries=130 packed_entries=0 packed_expected=0 wide_entries=0 wide_expected=0 wrapper_entries=1 wrapper_expected=1
ARGUMENTS_PASS m=1040 n=9 calls=0 bad=0 expected_panel_stride=8320
ALLOC_PASS m=1041 n=9 small=1 wide_path=1 history_expected=0 history_calls=0 history_bytes=0 history_success=0 history_fail=0 x_calls=4 x_bytes=532992 x_success=4 x_fail=0 kb_calls=0 kb_bytes=0 kb_success=0 kb_fail=0 total=4 injected=0 history_level=-1 x_level=1 kb_level=-1 shape_bad=0 x_each_worker_once=1
CASE_PASS m=1041 n=9 sve16_entries=130 expected=130 old_entries=130 packed_entries=0 packed_expected=0 wide_entries=0 wide_expected=0 wrapper_entries=1 wrapper_expected=1
ARGUMENTS_PASS m=1041 n=9 calls=0 bad=0 expected_panel_stride=8328
ALLOCATION_SUMMARY_PASS cases=5 budget_cases=5 shared_injection_cases=3
PASS whole_cases=5 noop_cases=4 non_dyadic_long_double_RHS=1 padding_L_unchanged=1 max_error=1.1102230246251565e-16
SOURCE_FEATURES_PASS panel16=1 packedL16=1 has_budget=1 history_budget_bytes=4194304 panel8x16=1
MODE=wide-grid THREADS=1 NARROW_VL=0 EXPECT_SVE16=1 EXPECT_PACKEDL16=1
ALLOC_PASS m=1039 n=15 small=1 wide_path=0 history_expected=1 history_calls=1 history_bytes=4128768 history_success=1 history_fail=0 x_calls=1 x_bytes=66496 x_success=1 x_fail=0 kb_calls=0 kb_bytes=0 kb_success=0 kb_fail=0 total=2 injected=0 history_level=0 x_level=1 kb_level=-1 shape_bad=0 x_each_worker_once=1
CASE_PASS m=1039 n=15 sve16_entries=128 expected=128 old_entries=2 packed_entries=126 packed_expected=126 wide_entries=0 wide_expected=0 wrapper_entries=0 wrapper_expected=0
ARGUMENTS_PASS m=1039 n=15 calls=0 bad=0 expected_panel_stride=8312
ALLOC_PASS m=1039 n=16 small=1 wide_path=0 history_expected=1 history_calls=1 history_bytes=4128768 history_success=1 history_fail=0 x_calls=1 x_bytes=66496 x_success=1 x_fail=0 kb_calls=0 kb_bytes=0 kb_success=0 kb_fail=0 total=2 injected=0 history_level=0 x_level=1 kb_level=-1 shape_bad=0 x_each_worker_once=1
CASE_PASS m=1039 n=16 sve16_entries=128 expected=128 old_entries=2 packed_entries=126 packed_expected=126 wide_entries=0 wide_expected=0 wrapper_entries=0 wrapper_expected=0
ARGUMENTS_PASS m=1039 n=16 calls=0 bad=0 expected_panel_stride=8312
ALLOC_PASS m=1039 n=17 small=1 wide_path=0 history_expected=1 history_calls=1 history_bytes=4128768 history_success=1 history_fail=0 x_calls=1 x_bytes=66496 x_success=1 x_fail=0 kb_calls=0 kb_bytes=0 kb_success=0 kb_fail=0 total=2 injected=0 history_level=0 x_level=1 kb_level=-1 shape_bad=0 x_each_worker_once=1
CASE_PASS m=1039 n=17 sve16_entries=192 expected=192 old_entries=3 packed_entries=189 packed_expected=189 wide_entries=0 wide_expected=0 wrapper_entries=0 wrapper_expected=0
ARGUMENTS_PASS m=1039 n=17 calls=0 bad=0 expected_panel_stride=8312
ALLOC_PASS m=1039 n=31 small=1 wide_path=0 history_expected=1 history_calls=1 history_bytes=4128768 history_success=1 history_fail=0 x_calls=1 x_bytes=66496 x_success=1 x_fail=0 kb_calls=0 kb_bytes=0 kb_success=0 kb_fail=0 total=2 injected=0 history_level=0 x_level=1 kb_level=-1 shape_bad=0 x_each_worker_once=1
CASE_PASS m=1039 n=31 sve16_entries=256 expected=256 old_entries=4 packed_entries=252 packed_expected=252 wide_entries=0 wide_expected=0 wrapper_entries=0 wrapper_expected=0
ARGUMENTS_PASS m=1039 n=31 calls=0 bad=0 expected_panel_stride=8312
ALLOC_PASS m=1039 n=32 small=1 wide_path=0 history_expected=1 history_calls=1 history_bytes=4128768 history_success=1 history_fail=0 x_calls=1 x_bytes=66496 x_success=1 x_fail=0 kb_calls=0 kb_bytes=0 kb_success=0 kb_fail=0 total=2 injected=0 history_level=0 x_level=1 kb_level=-1 shape_bad=0 x_each_worker_once=1
CASE_PASS m=1039 n=32 sve16_entries=256 expected=256 old_entries=4 packed_entries=252 packed_expected=252 wide_entries=0 wide_expected=0 wrapper_entries=0 wrapper_expected=0
ARGUMENTS_PASS m=1039 n=32 calls=0 bad=0 expected_panel_stride=8312
ALLOC_PASS m=1039 n=33 small=1 wide_path=0 history_expected=1 history_calls=1 history_bytes=4128768 history_success=1 history_fail=0 x_calls=1 x_bytes=66496 x_success=1 x_fail=0 kb_calls=0 kb_bytes=0 kb_success=0 kb_fail=0 total=2 injected=0 history_level=0 x_level=1 kb_level=-1 shape_bad=0 x_each_worker_once=1
CASE_PASS m=1039 n=33 sve16_entries=320 expected=320 old_entries=5 packed_entries=315 packed_expected=315 wide_entries=0 wide_expected=0 wrapper_entries=0 wrapper_expected=0
ARGUMENTS_PASS m=1039 n=33 calls=0 bad=0 expected_panel_stride=8312
ALLOC_PASS m=1040 n=15 small=1 wide_path=1 history_expected=0 history_calls=0 history_bytes=0 history_success=0 history_fail=0 x_calls=1 x_bytes=133120 x_success=1 x_fail=0 kb_calls=0 kb_bytes=0 kb_success=0 kb_fail=0 total=1 injected=0 history_level=-1 x_level=1 kb_level=-1 shape_bad=0 x_each_worker_once=1
CASE_PASS m=1040 n=15 sve16_entries=130 expected=130 old_entries=130 packed_entries=0 packed_expected=0 wide_entries=0 wide_expected=0 wrapper_entries=1 wrapper_expected=1
ARGUMENTS_PASS m=1040 n=15 calls=0 bad=0 expected_panel_stride=8320
ALLOC_PASS m=1040 n=16 small=1 wide_path=1 history_expected=0 history_calls=0 history_bytes=0 history_success=0 history_fail=0 x_calls=1 x_bytes=133120 x_success=1 x_fail=0 kb_calls=0 kb_bytes=0 kb_success=0 kb_fail=0 total=1 injected=0 history_level=-1 x_level=1 kb_level=-1 shape_bad=0 x_each_worker_once=1
CASE_PASS m=1040 n=16 sve16_entries=0 expected=0 old_entries=0 packed_entries=0 packed_expected=0 wide_entries=130 wide_expected=130 wrapper_entries=1 wrapper_expected=1
ARGUMENTS_PASS m=1040 n=16 calls=130 bad=0 expected_panel_stride=8320
ALLOC_PASS m=1040 n=17 small=1 wide_path=1 history_expected=0 history_calls=0 history_bytes=0 history_success=0 history_fail=0 x_calls=1 x_bytes=133120 x_success=1 x_fail=0 kb_calls=0 kb_bytes=0 kb_success=0 kb_fail=0 total=1 injected=0 history_level=-1 x_level=1 kb_level=-1 shape_bad=0 x_each_worker_once=1
CASE_PASS m=1040 n=17 sve16_entries=65 expected=65 old_entries=65 packed_entries=0 packed_expected=0 wide_entries=130 wide_expected=130 wrapper_entries=1 wrapper_expected=1
ARGUMENTS_PASS m=1040 n=17 calls=130 bad=0 expected_panel_stride=8320
ALLOC_PASS m=1040 n=31 small=1 wide_path=1 history_expected=0 history_calls=0 history_bytes=0 history_success=0 history_fail=0 x_calls=1 x_bytes=133120 x_success=1 x_fail=0 kb_calls=0 kb_bytes=0 kb_success=0 kb_fail=0 total=1 injected=0 history_level=-1 x_level=1 kb_level=-1 shape_bad=0 x_each_worker_once=1
CASE_PASS m=1040 n=31 sve16_entries=130 expected=130 old_entries=130 packed_entries=0 packed_expected=0 wide_entries=130 wide_expected=130 wrapper_entries=1 wrapper_expected=1
ARGUMENTS_PASS m=1040 n=31 calls=130 bad=0 expected_panel_stride=8320
ALLOC_PASS m=1040 n=32 small=1 wide_path=1 history_expected=0 history_calls=0 history_bytes=0 history_success=0 history_fail=0 x_calls=1 x_bytes=133120 x_success=1 x_fail=0 kb_calls=0 kb_bytes=0 kb_success=0 kb_fail=0 total=1 injected=0 history_level=-1 x_level=1 kb_level=-1 shape_bad=0 x_each_worker_once=1
CASE_PASS m=1040 n=32 sve16_entries=0 expected=0 old_entries=0 packed_entries=0 packed_expected=0 wide_entries=260 wide_expected=260 wrapper_entries=1 wrapper_expected=1
ARGUMENTS_PASS m=1040 n=32 calls=260 bad=0 expected_panel_stride=8320
ALLOC_PASS m=1040 n=33 small=1 wide_path=1 history_expected=0 history_calls=0 history_bytes=0 history_success=0 history_fail=0 x_calls=1 x_bytes=133120 x_success=1 x_fail=0 kb_calls=0 kb_bytes=0 kb_success=0 kb_fail=0 total=1 injected=0 history_level=-1 x_level=1 kb_level=-1 shape_bad=0 x_each_worker_once=1
CASE_PASS m=1040 n=33 sve16_entries=65 expected=65 old_entries=65 packed_entries=0 packed_expected=0 wide_entries=260 wide_expected=260 wrapper_entries=1 wrapper_expected=1
ARGUMENTS_PASS m=1040 n=33 calls=260 bad=0 expected_panel_stride=8320
ALLOCATION_SUMMARY_PASS cases=12 budget_cases=0 shared_injection_cases=0
PASS whole_cases=12 noop_cases=4 non_dyadic_long_double_RHS=1 padding_L_unchanged=1 max_error=1.1102230246251565e-16
SOURCE_FEATURES_PASS panel16=1 packedL16=1 has_budget=1 history_budget_bytes=4194304 panel8x16=1
MODE=wide-grid THREADS=4 NARROW_VL=0 EXPECT_SVE16=1 EXPECT_PACKEDL16=1
ALLOC_PASS m=1039 n=15 small=1 wide_path=0 history_expected=1 history_calls=1 history_bytes=4128768 history_success=1 history_fail=0 x_calls=4 x_bytes=265984 x_success=4 x_fail=0 kb_calls=0 kb_bytes=0 kb_success=0 kb_fail=0 total=5 injected=0 history_level=0 x_level=1 kb_level=-1 shape_bad=0 x_each_worker_once=1
CASE_PASS m=1039 n=15 sve16_entries=128 expected=128 old_entries=2 packed_entries=126 packed_expected=126 wide_entries=0 wide_expected=0 wrapper_entries=0 wrapper_expected=0
ARGUMENTS_PASS m=1039 n=15 calls=0 bad=0 expected_panel_stride=8312
ALLOC_PASS m=1039 n=16 small=1 wide_path=0 history_expected=1 history_calls=1 history_bytes=4128768 history_success=1 history_fail=0 x_calls=4 x_bytes=265984 x_success=4 x_fail=0 kb_calls=0 kb_bytes=0 kb_success=0 kb_fail=0 total=5 injected=0 history_level=0 x_level=1 kb_level=-1 shape_bad=0 x_each_worker_once=1
CASE_PASS m=1039 n=16 sve16_entries=128 expected=128 old_entries=2 packed_entries=126 packed_expected=126 wide_entries=0 wide_expected=0 wrapper_entries=0 wrapper_expected=0
ARGUMENTS_PASS m=1039 n=16 calls=0 bad=0 expected_panel_stride=8312
ALLOC_PASS m=1039 n=17 small=1 wide_path=0 history_expected=1 history_calls=1 history_bytes=4128768 history_success=1 history_fail=0 x_calls=4 x_bytes=265984 x_success=4 x_fail=0 kb_calls=0 kb_bytes=0 kb_success=0 kb_fail=0 total=5 injected=0 history_level=0 x_level=1 kb_level=-1 shape_bad=0 x_each_worker_once=1
CASE_PASS m=1039 n=17 sve16_entries=192 expected=192 old_entries=3 packed_entries=189 packed_expected=189 wide_entries=0 wide_expected=0 wrapper_entries=0 wrapper_expected=0
ARGUMENTS_PASS m=1039 n=17 calls=0 bad=0 expected_panel_stride=8312
ALLOC_PASS m=1039 n=31 small=1 wide_path=0 history_expected=1 history_calls=1 history_bytes=4128768 history_success=1 history_fail=0 x_calls=4 x_bytes=265984 x_success=4 x_fail=0 kb_calls=0 kb_bytes=0 kb_success=0 kb_fail=0 total=5 injected=0 history_level=0 x_level=1 kb_level=-1 shape_bad=0 x_each_worker_once=1
CASE_PASS m=1039 n=31 sve16_entries=256 expected=256 old_entries=4 packed_entries=252 packed_expected=252 wide_entries=0 wide_expected=0 wrapper_entries=0 wrapper_expected=0
ARGUMENTS_PASS m=1039 n=31 calls=0 bad=0 expected_panel_stride=8312
ALLOC_PASS m=1039 n=32 small=1 wide_path=0 history_expected=1 history_calls=1 history_bytes=4128768 history_success=1 history_fail=0 x_calls=4 x_bytes=265984 x_success=4 x_fail=0 kb_calls=0 kb_bytes=0 kb_success=0 kb_fail=0 total=5 injected=0 history_level=0 x_level=1 kb_level=-1 shape_bad=0 x_each_worker_once=1
CASE_PASS m=1039 n=32 sve16_entries=256 expected=256 old_entries=4 packed_entries=252 packed_expected=252 wide_entries=0 wide_expected=0 wrapper_entries=0 wrapper_expected=0
ARGUMENTS_PASS m=1039 n=32 calls=0 bad=0 expected_panel_stride=8312
ALLOC_PASS m=1039 n=33 small=1 wide_path=0 history_expected=1 history_calls=1 history_bytes=4128768 history_success=1 history_fail=0 x_calls=4 x_bytes=265984 x_success=4 x_fail=0 kb_calls=0 kb_bytes=0 kb_success=0 kb_fail=0 total=5 injected=0 history_level=0 x_level=1 kb_level=-1 shape_bad=0 x_each_worker_once=1
CASE_PASS m=1039 n=33 sve16_entries=320 expected=320 old_entries=5 packed_entries=315 packed_expected=315 wide_entries=0 wide_expected=0 wrapper_entries=0 wrapper_expected=0
ARGUMENTS_PASS m=1039 n=33 calls=0 bad=0 expected_panel_stride=8312
ALLOC_PASS m=1040 n=15 small=1 wide_path=1 history_expected=0 history_calls=0 history_bytes=0 history_success=0 history_fail=0 x_calls=4 x_bytes=532480 x_success=4 x_fail=0 kb_calls=0 kb_bytes=0 kb_success=0 kb_fail=0 total=4 injected=0 history_level=-1 x_level=1 kb_level=-1 shape_bad=0 x_each_worker_once=1
CASE_PASS m=1040 n=15 sve16_entries=130 expected=130 old_entries=130 packed_entries=0 packed_expected=0 wide_entries=0 wide_expected=0 wrapper_entries=1 wrapper_expected=1
ARGUMENTS_PASS m=1040 n=15 calls=0 bad=0 expected_panel_stride=8320
ALLOC_PASS m=1040 n=16 small=1 wide_path=1 history_expected=0 history_calls=0 history_bytes=0 history_success=0 history_fail=0 x_calls=4 x_bytes=532480 x_success=4 x_fail=0 kb_calls=0 kb_bytes=0 kb_success=0 kb_fail=0 total=4 injected=0 history_level=-1 x_level=1 kb_level=-1 shape_bad=0 x_each_worker_once=1
CASE_PASS m=1040 n=16 sve16_entries=0 expected=0 old_entries=0 packed_entries=0 packed_expected=0 wide_entries=130 wide_expected=130 wrapper_entries=1 wrapper_expected=1
ARGUMENTS_PASS m=1040 n=16 calls=130 bad=0 expected_panel_stride=8320
ALLOC_PASS m=1040 n=17 small=1 wide_path=1 history_expected=0 history_calls=0 history_bytes=0 history_success=0 history_fail=0 x_calls=4 x_bytes=532480 x_success=4 x_fail=0 kb_calls=0 kb_bytes=0 kb_success=0 kb_fail=0 total=4 injected=0 history_level=-1 x_level=1 kb_level=-1 shape_bad=0 x_each_worker_once=1
CASE_PASS m=1040 n=17 sve16_entries=65 expected=65 old_entries=65 packed_entries=0 packed_expected=0 wide_entries=130 wide_expected=130 wrapper_entries=1 wrapper_expected=1
ARGUMENTS_PASS m=1040 n=17 calls=130 bad=0 expected_panel_stride=8320
ALLOC_PASS m=1040 n=31 small=1 wide_path=1 history_expected=0 history_calls=0 history_bytes=0 history_success=0 history_fail=0 x_calls=4 x_bytes=532480 x_success=4 x_fail=0 kb_calls=0 kb_bytes=0 kb_success=0 kb_fail=0 total=4 injected=0 history_level=-1 x_level=1 kb_level=-1 shape_bad=0 x_each_worker_once=1
CASE_PASS m=1040 n=31 sve16_entries=130 expected=130 old_entries=130 packed_entries=0 packed_expected=0 wide_entries=130 wide_expected=130 wrapper_entries=1 wrapper_expected=1
ARGUMENTS_PASS m=1040 n=31 calls=130 bad=0 expected_panel_stride=8320
ALLOC_PASS m=1040 n=32 small=1 wide_path=1 history_expected=0 history_calls=0 history_bytes=0 history_success=0 history_fail=0 x_calls=4 x_bytes=532480 x_success=4 x_fail=0 kb_calls=0 kb_bytes=0 kb_success=0 kb_fail=0 total=4 injected=0 history_level=-1 x_level=1 kb_level=-1 shape_bad=0 x_each_worker_once=1
CASE_PASS m=1040 n=32 sve16_entries=0 expected=0 old_entries=0 packed_entries=0 packed_expected=0 wide_entries=260 wide_expected=260 wrapper_entries=1 wrapper_expected=1
ARGUMENTS_PASS m=1040 n=32 calls=260 bad=0 expected_panel_stride=8320
ALLOC_PASS m=1040 n=33 small=1 wide_path=1 history_expected=0 history_calls=0 history_bytes=0 history_success=0 history_fail=0 x_calls=4 x_bytes=532480 x_success=4 x_fail=0 kb_calls=0 kb_bytes=0 kb_success=0 kb_fail=0 total=4 injected=0 history_level=-1 x_level=1 kb_level=-1 shape_bad=0 x_each_worker_once=1
CASE_PASS m=1040 n=33 sve16_entries=65 expected=65 old_entries=65 packed_entries=0 packed_expected=0 wide_entries=260 wide_expected=260 wrapper_entries=1 wrapper_expected=1
ARGUMENTS_PASS m=1040 n=33 calls=260 bad=0 expected_panel_stride=8320
ALLOCATION_SUMMARY_PASS cases=12 budget_cases=0 shared_injection_cases=0
PASS whole_cases=12 noop_cases=4 non_dyadic_long_double_RHS=1 padding_L_unchanged=1 max_error=1.1102230246251565e-16
SOURCE_FEATURES_PASS panel16=1 packedL16=1 has_budget=1 history_budget_bytes=4194304 panel8x16=1
MODE=wide-grid-tail THREADS=38 NARROW_VL=0 EXPECT_SVE16=1 EXPECT_PACKEDL16=1
ALLOC_PASS m=1039 n=15 small=1 wide_path=0 history_expected=1 history_calls=1 history_bytes=4128768 history_success=1 history_fail=0 x_calls=38 x_bytes=2526848 x_success=38 x_fail=0 kb_calls=0 kb_bytes=0 kb_success=0 kb_fail=0 total=39 injected=0 history_level=0 x_level=1 kb_level=-1 shape_bad=0 x_each_worker_once=1
CASE_PASS m=1039 n=15 sve16_entries=128 expected=128 old_entries=2 packed_entries=126 packed_expected=126 wide_entries=0 wide_expected=0 wrapper_entries=0 wrapper_expected=0
ARGUMENTS_PASS m=1039 n=15 calls=0 bad=0 expected_panel_stride=8312
ALLOC_PASS m=1039 n=16 small=1 wide_path=0 history_expected=1 history_calls=1 history_bytes=4128768 history_success=1 history_fail=0 x_calls=38 x_bytes=2526848 x_success=38 x_fail=0 kb_calls=0 kb_bytes=0 kb_success=0 kb_fail=0 total=39 injected=0 history_level=0 x_level=1 kb_level=-1 shape_bad=0 x_each_worker_once=1
CASE_PASS m=1039 n=16 sve16_entries=128 expected=128 old_entries=2 packed_entries=126 packed_expected=126 wide_entries=0 wide_expected=0 wrapper_entries=0 wrapper_expected=0
ARGUMENTS_PASS m=1039 n=16 calls=0 bad=0 expected_panel_stride=8312
ALLOC_PASS m=1039 n=17 small=1 wide_path=0 history_expected=1 history_calls=1 history_bytes=4128768 history_success=1 history_fail=0 x_calls=38 x_bytes=2526848 x_success=38 x_fail=0 kb_calls=0 kb_bytes=0 kb_success=0 kb_fail=0 total=39 injected=0 history_level=0 x_level=1 kb_level=-1 shape_bad=0 x_each_worker_once=1
CASE_PASS m=1039 n=17 sve16_entries=192 expected=192 old_entries=3 packed_entries=189 packed_expected=189 wide_entries=0 wide_expected=0 wrapper_entries=0 wrapper_expected=0
ARGUMENTS_PASS m=1039 n=17 calls=0 bad=0 expected_panel_stride=8312
ALLOC_PASS m=1039 n=31 small=1 wide_path=0 history_expected=1 history_calls=1 history_bytes=4128768 history_success=1 history_fail=0 x_calls=38 x_bytes=2526848 x_success=38 x_fail=0 kb_calls=0 kb_bytes=0 kb_success=0 kb_fail=0 total=39 injected=0 history_level=0 x_level=1 kb_level=-1 shape_bad=0 x_each_worker_once=1
CASE_PASS m=1039 n=31 sve16_entries=256 expected=256 old_entries=4 packed_entries=252 packed_expected=252 wide_entries=0 wide_expected=0 wrapper_entries=0 wrapper_expected=0
ARGUMENTS_PASS m=1039 n=31 calls=0 bad=0 expected_panel_stride=8312
ALLOC_PASS m=1039 n=32 small=1 wide_path=0 history_expected=1 history_calls=1 history_bytes=4128768 history_success=1 history_fail=0 x_calls=38 x_bytes=2526848 x_success=38 x_fail=0 kb_calls=0 kb_bytes=0 kb_success=0 kb_fail=0 total=39 injected=0 history_level=0 x_level=1 kb_level=-1 shape_bad=0 x_each_worker_once=1
CASE_PASS m=1039 n=32 sve16_entries=256 expected=256 old_entries=4 packed_entries=252 packed_expected=252 wide_entries=0 wide_expected=0 wrapper_entries=0 wrapper_expected=0
ARGUMENTS_PASS m=1039 n=32 calls=0 bad=0 expected_panel_stride=8312
ALLOC_PASS m=1039 n=33 small=1 wide_path=0 history_expected=1 history_calls=1 history_bytes=4128768 history_success=1 history_fail=0 x_calls=38 x_bytes=2526848 x_success=38 x_fail=0 kb_calls=0 kb_bytes=0 kb_success=0 kb_fail=0 total=39 injected=0 history_level=0 x_level=1 kb_level=-1 shape_bad=0 x_each_worker_once=1
CASE_PASS m=1039 n=33 sve16_entries=320 expected=320 old_entries=5 packed_entries=315 packed_expected=315 wide_entries=0 wide_expected=0 wrapper_entries=0 wrapper_expected=0
ARGUMENTS_PASS m=1039 n=33 calls=0 bad=0 expected_panel_stride=8312
ALLOC_PASS m=1040 n=15 small=1 wide_path=1 history_expected=0 history_calls=0 history_bytes=0 history_success=0 history_fail=0 x_calls=38 x_bytes=5058560 x_success=38 x_fail=0 kb_calls=0 kb_bytes=0 kb_success=0 kb_fail=0 total=38 injected=0 history_level=-1 x_level=1 kb_level=-1 shape_bad=0 x_each_worker_once=1
CASE_PASS m=1040 n=15 sve16_entries=130 expected=130 old_entries=130 packed_entries=0 packed_expected=0 wide_entries=0 wide_expected=0 wrapper_entries=1 wrapper_expected=1
ARGUMENTS_PASS m=1040 n=15 calls=0 bad=0 expected_panel_stride=8320
ALLOC_PASS m=1040 n=16 small=1 wide_path=1 history_expected=0 history_calls=0 history_bytes=0 history_success=0 history_fail=0 x_calls=38 x_bytes=5058560 x_success=38 x_fail=0 kb_calls=0 kb_bytes=0 kb_success=0 kb_fail=0 total=38 injected=0 history_level=-1 x_level=1 kb_level=-1 shape_bad=0 x_each_worker_once=1
CASE_PASS m=1040 n=16 sve16_entries=0 expected=0 old_entries=0 packed_entries=0 packed_expected=0 wide_entries=130 wide_expected=130 wrapper_entries=1 wrapper_expected=1
ARGUMENTS_PASS m=1040 n=16 calls=130 bad=0 expected_panel_stride=8320
ALLOC_PASS m=1040 n=17 small=1 wide_path=1 history_expected=0 history_calls=0 history_bytes=0 history_success=0 history_fail=0 x_calls=38 x_bytes=5058560 x_success=38 x_fail=0 kb_calls=0 kb_bytes=0 kb_success=0 kb_fail=0 total=38 injected=0 history_level=-1 x_level=1 kb_level=-1 shape_bad=0 x_each_worker_once=1
CASE_PASS m=1040 n=17 sve16_entries=65 expected=65 old_entries=65 packed_entries=0 packed_expected=0 wide_entries=130 wide_expected=130 wrapper_entries=1 wrapper_expected=1
ARGUMENTS_PASS m=1040 n=17 calls=130 bad=0 expected_panel_stride=8320
ALLOC_PASS m=1040 n=31 small=1 wide_path=1 history_expected=0 history_calls=0 history_bytes=0 history_success=0 history_fail=0 x_calls=38 x_bytes=5058560 x_success=38 x_fail=0 kb_calls=0 kb_bytes=0 kb_success=0 kb_fail=0 total=38 injected=0 history_level=-1 x_level=1 kb_level=-1 shape_bad=0 x_each_worker_once=1
CASE_PASS m=1040 n=31 sve16_entries=130 expected=130 old_entries=130 packed_entries=0 packed_expected=0 wide_entries=130 wide_expected=130 wrapper_entries=1 wrapper_expected=1
ARGUMENTS_PASS m=1040 n=31 calls=130 bad=0 expected_panel_stride=8320
ALLOC_PASS m=1040 n=32 small=1 wide_path=1 history_expected=0 history_calls=0 history_bytes=0 history_success=0 history_fail=0 x_calls=38 x_bytes=5058560 x_success=38 x_fail=0 kb_calls=0 kb_bytes=0 kb_success=0 kb_fail=0 total=38 injected=0 history_level=-1 x_level=1 kb_level=-1 shape_bad=0 x_each_worker_once=1
CASE_PASS m=1040 n=32 sve16_entries=0 expected=0 old_entries=0 packed_entries=0 packed_expected=0 wide_entries=260 wide_expected=260 wrapper_entries=1 wrapper_expected=1
ARGUMENTS_PASS m=1040 n=32 calls=260 bad=0 expected_panel_stride=8320
ALLOC_PASS m=1040 n=33 small=1 wide_path=1 history_expected=0 history_calls=0 history_bytes=0 history_success=0 history_fail=0 x_calls=38 x_bytes=5058560 x_success=38 x_fail=0 kb_calls=0 kb_bytes=0 kb_success=0 kb_fail=0 total=38 injected=0 history_level=-1 x_level=1 kb_level=-1 shape_bad=0 x_each_worker_once=1
CASE_PASS m=1040 n=33 sve16_entries=65 expected=65 old_entries=65 packed_entries=0 packed_expected=0 wide_entries=260 wide_expected=260 wrapper_entries=1 wrapper_expected=1
ARGUMENTS_PASS m=1040 n=33 calls=260 bad=0 expected_panel_stride=8320
ALLOC_PASS m=1047 n=33 small=1 wide_path=1 history_expected=0 history_calls=0 history_bytes=0 history_success=0 history_fail=0 x_calls=38 x_bytes=5092608 x_success=38 x_fail=0 kb_calls=0 kb_bytes=0 kb_success=0 kb_fail=0 total=38 injected=0 history_level=-1 x_level=1 kb_level=-1 shape_bad=0 x_each_worker_once=1
CASE_PASS m=1047 n=33 sve16_entries=65 expected=65 old_entries=65 packed_entries=0 packed_expected=0 wide_entries=260 wide_expected=260 wrapper_entries=1 wrapper_expected=1
ARGUMENTS_PASS m=1047 n=33 calls=260 bad=0 expected_panel_stride=8376
ALLOCATION_SUMMARY_PASS cases=13 budget_cases=0 shared_injection_cases=0
PASS whole_cases=13 noop_cases=4 non_dyadic_long_double_RHS=1 padding_L_unchanged=1 max_error=1.1102230246251565e-16
SOURCE_FEATURES_PASS panel16=1 packedL16=1 has_budget=1 history_budget_bytes=4194304 panel8x16=1
MODE=wide-grid THREADS=4 NARROW_VL=0 EXPECT_SVE16=0 EXPECT_PACKEDL16=0
ALLOC_PASS m=1039 n=15 small=1 wide_path=0 history_expected=0 history_calls=0 history_bytes=0 history_success=0 history_fail=0 x_calls=4 x_bytes=265984 x_success=4 x_fail=0 kb_calls=0 kb_bytes=0 kb_success=0 kb_fail=0 total=4 injected=0 history_level=-1 x_level=1 kb_level=-1 shape_bad=0 x_each_worker_once=1
CASE_PASS m=1039 n=15 sve16_entries=0 expected=0 old_entries=0 packed_entries=0 packed_expected=0 wide_entries=0 wide_expected=0 wrapper_entries=0 wrapper_expected=0
ARGUMENTS_PASS m=1039 n=15 calls=0 bad=0 expected_panel_stride=8312
ALLOC_PASS m=1039 n=16 small=1 wide_path=0 history_expected=0 history_calls=0 history_bytes=0 history_success=0 history_fail=0 x_calls=4 x_bytes=265984 x_success=4 x_fail=0 kb_calls=0 kb_bytes=0 kb_success=0 kb_fail=0 total=4 injected=0 history_level=-1 x_level=1 kb_level=-1 shape_bad=0 x_each_worker_once=1
CASE_PASS m=1039 n=16 sve16_entries=0 expected=0 old_entries=0 packed_entries=0 packed_expected=0 wide_entries=0 wide_expected=0 wrapper_entries=0 wrapper_expected=0
ARGUMENTS_PASS m=1039 n=16 calls=0 bad=0 expected_panel_stride=8312
ALLOC_PASS m=1039 n=17 small=1 wide_path=0 history_expected=0 history_calls=0 history_bytes=0 history_success=0 history_fail=0 x_calls=4 x_bytes=265984 x_success=4 x_fail=0 kb_calls=0 kb_bytes=0 kb_success=0 kb_fail=0 total=4 injected=0 history_level=-1 x_level=1 kb_level=-1 shape_bad=0 x_each_worker_once=1
CASE_PASS m=1039 n=17 sve16_entries=0 expected=0 old_entries=0 packed_entries=0 packed_expected=0 wide_entries=0 wide_expected=0 wrapper_entries=0 wrapper_expected=0
ARGUMENTS_PASS m=1039 n=17 calls=0 bad=0 expected_panel_stride=8312
ALLOC_PASS m=1039 n=31 small=1 wide_path=0 history_expected=0 history_calls=0 history_bytes=0 history_success=0 history_fail=0 x_calls=4 x_bytes=265984 x_success=4 x_fail=0 kb_calls=0 kb_bytes=0 kb_success=0 kb_fail=0 total=4 injected=0 history_level=-1 x_level=1 kb_level=-1 shape_bad=0 x_each_worker_once=1
CASE_PASS m=1039 n=31 sve16_entries=0 expected=0 old_entries=0 packed_entries=0 packed_expected=0 wide_entries=0 wide_expected=0 wrapper_entries=0 wrapper_expected=0
ARGUMENTS_PASS m=1039 n=31 calls=0 bad=0 expected_panel_stride=8312
ALLOC_PASS m=1039 n=32 small=1 wide_path=0 history_expected=0 history_calls=0 history_bytes=0 history_success=0 history_fail=0 x_calls=4 x_bytes=265984 x_success=4 x_fail=0 kb_calls=0 kb_bytes=0 kb_success=0 kb_fail=0 total=4 injected=0 history_level=-1 x_level=1 kb_level=-1 shape_bad=0 x_each_worker_once=1
CASE_PASS m=1039 n=32 sve16_entries=0 expected=0 old_entries=0 packed_entries=0 packed_expected=0 wide_entries=0 wide_expected=0 wrapper_entries=0 wrapper_expected=0
ARGUMENTS_PASS m=1039 n=32 calls=0 bad=0 expected_panel_stride=8312
ALLOC_PASS m=1039 n=33 small=1 wide_path=0 history_expected=0 history_calls=0 history_bytes=0 history_success=0 history_fail=0 x_calls=4 x_bytes=265984 x_success=4 x_fail=0 kb_calls=0 kb_bytes=0 kb_success=0 kb_fail=0 total=4 injected=0 history_level=-1 x_level=1 kb_level=-1 shape_bad=0 x_each_worker_once=1
CASE_PASS m=1039 n=33 sve16_entries=0 expected=0 old_entries=0 packed_entries=0 packed_expected=0 wide_entries=0 wide_expected=0 wrapper_entries=0 wrapper_expected=0
ARGUMENTS_PASS m=1039 n=33 calls=0 bad=0 expected_panel_stride=8312
ALLOC_PASS m=1040 n=15 small=1 wide_path=0 history_expected=0 history_calls=0 history_bytes=0 history_success=0 history_fail=0 x_calls=4 x_bytes=266240 x_success=4 x_fail=0 kb_calls=0 kb_bytes=0 kb_success=0 kb_fail=0 total=4 injected=0 history_level=-1 x_level=1 kb_level=-1 shape_bad=0 x_each_worker_once=1
CASE_PASS m=1040 n=15 sve16_entries=0 expected=0 old_entries=0 packed_entries=0 packed_expected=0 wide_entries=0 wide_expected=0 wrapper_entries=0 wrapper_expected=0
ARGUMENTS_PASS m=1040 n=15 calls=0 bad=0 expected_panel_stride=8320
ALLOC_PASS m=1040 n=16 small=1 wide_path=0 history_expected=0 history_calls=0 history_bytes=0 history_success=0 history_fail=0 x_calls=4 x_bytes=266240 x_success=4 x_fail=0 kb_calls=0 kb_bytes=0 kb_success=0 kb_fail=0 total=4 injected=0 history_level=-1 x_level=1 kb_level=-1 shape_bad=0 x_each_worker_once=1
CASE_PASS m=1040 n=16 sve16_entries=0 expected=0 old_entries=0 packed_entries=0 packed_expected=0 wide_entries=0 wide_expected=0 wrapper_entries=0 wrapper_expected=0
ARGUMENTS_PASS m=1040 n=16 calls=0 bad=0 expected_panel_stride=8320
ALLOC_PASS m=1040 n=17 small=1 wide_path=0 history_expected=0 history_calls=0 history_bytes=0 history_success=0 history_fail=0 x_calls=4 x_bytes=266240 x_success=4 x_fail=0 kb_calls=0 kb_bytes=0 kb_success=0 kb_fail=0 total=4 injected=0 history_level=-1 x_level=1 kb_level=-1 shape_bad=0 x_each_worker_once=1
CASE_PASS m=1040 n=17 sve16_entries=0 expected=0 old_entries=0 packed_entries=0 packed_expected=0 wide_entries=0 wide_expected=0 wrapper_entries=0 wrapper_expected=0
ARGUMENTS_PASS m=1040 n=17 calls=0 bad=0 expected_panel_stride=8320
ALLOC_PASS m=1040 n=31 small=1 wide_path=0 history_expected=0 history_calls=0 history_bytes=0 history_success=0 history_fail=0 x_calls=4 x_bytes=266240 x_success=4 x_fail=0 kb_calls=0 kb_bytes=0 kb_success=0 kb_fail=0 total=4 injected=0 history_level=-1 x_level=1 kb_level=-1 shape_bad=0 x_each_worker_once=1
CASE_PASS m=1040 n=31 sve16_entries=0 expected=0 old_entries=0 packed_entries=0 packed_expected=0 wide_entries=0 wide_expected=0 wrapper_entries=0 wrapper_expected=0
ARGUMENTS_PASS m=1040 n=31 calls=0 bad=0 expected_panel_stride=8320
ALLOC_PASS m=1040 n=32 small=1 wide_path=0 history_expected=0 history_calls=0 history_bytes=0 history_success=0 history_fail=0 x_calls=4 x_bytes=266240 x_success=4 x_fail=0 kb_calls=0 kb_bytes=0 kb_success=0 kb_fail=0 total=4 injected=0 history_level=-1 x_level=1 kb_level=-1 shape_bad=0 x_each_worker_once=1
CASE_PASS m=1040 n=32 sve16_entries=0 expected=0 old_entries=0 packed_entries=0 packed_expected=0 wide_entries=0 wide_expected=0 wrapper_entries=0 wrapper_expected=0
ARGUMENTS_PASS m=1040 n=32 calls=0 bad=0 expected_panel_stride=8320
ALLOC_PASS m=1040 n=33 small=1 wide_path=0 history_expected=0 history_calls=0 history_bytes=0 history_success=0 history_fail=0 x_calls=4 x_bytes=266240 x_success=4 x_fail=0 kb_calls=0 kb_bytes=0 kb_success=0 kb_fail=0 total=4 injected=0 history_level=-1 x_level=1 kb_level=-1 shape_bad=0 x_each_worker_once=1
CASE_PASS m=1040 n=33 sve16_entries=0 expected=0 old_entries=0 packed_entries=0 packed_expected=0 wide_entries=0 wide_expected=0 wrapper_entries=0 wrapper_expected=0
ARGUMENTS_PASS m=1040 n=33 calls=0 bad=0 expected_panel_stride=8320
ALLOCATION_SUMMARY_PASS cases=12 budget_cases=0 shared_injection_cases=0
PASS whole_cases=12 noop_cases=4 non_dyadic_long_double_RHS=1 padding_L_unchanged=1 max_error=1.1102230246251565e-16
SOURCE_FEATURES_PASS panel16=1 packedL16=1 has_budget=1 history_budget_bytes=4194304 panel8x16=1
MODE=wide-grid THREADS=4 NARROW_VL=1 EXPECT_SVE16=0 EXPECT_PACKEDL16=0
ALLOC_PASS m=1039 n=15 small=1 wide_path=0 history_expected=1 history_calls=1 history_bytes=4128768 history_success=1 history_fail=0 x_calls=4 x_bytes=265984 x_success=4 x_fail=0 kb_calls=0 kb_bytes=0 kb_success=0 kb_fail=0 total=5 injected=0 history_level=0 x_level=1 kb_level=-1 shape_bad=0 x_each_worker_once=1
CASE_PASS m=1039 n=15 sve16_entries=0 expected=0 old_entries=0 packed_entries=0 packed_expected=0 wide_entries=0 wide_expected=0 wrapper_entries=0 wrapper_expected=0
ARGUMENTS_PASS m=1039 n=15 calls=0 bad=0 expected_panel_stride=8312
ALLOC_PASS m=1039 n=16 small=1 wide_path=0 history_expected=1 history_calls=1 history_bytes=4128768 history_success=1 history_fail=0 x_calls=4 x_bytes=265984 x_success=4 x_fail=0 kb_calls=0 kb_bytes=0 kb_success=0 kb_fail=0 total=5 injected=0 history_level=0 x_level=1 kb_level=-1 shape_bad=0 x_each_worker_once=1
CASE_PASS m=1039 n=16 sve16_entries=0 expected=0 old_entries=0 packed_entries=0 packed_expected=0 wide_entries=0 wide_expected=0 wrapper_entries=0 wrapper_expected=0
ARGUMENTS_PASS m=1039 n=16 calls=0 bad=0 expected_panel_stride=8312
ALLOC_PASS m=1039 n=17 small=1 wide_path=0 history_expected=1 history_calls=1 history_bytes=4128768 history_success=1 history_fail=0 x_calls=4 x_bytes=265984 x_success=4 x_fail=0 kb_calls=0 kb_bytes=0 kb_success=0 kb_fail=0 total=5 injected=0 history_level=0 x_level=1 kb_level=-1 shape_bad=0 x_each_worker_once=1
CASE_PASS m=1039 n=17 sve16_entries=0 expected=0 old_entries=0 packed_entries=0 packed_expected=0 wide_entries=0 wide_expected=0 wrapper_entries=0 wrapper_expected=0
ARGUMENTS_PASS m=1039 n=17 calls=0 bad=0 expected_panel_stride=8312
ALLOC_PASS m=1039 n=31 small=1 wide_path=0 history_expected=1 history_calls=1 history_bytes=4128768 history_success=1 history_fail=0 x_calls=4 x_bytes=265984 x_success=4 x_fail=0 kb_calls=0 kb_bytes=0 kb_success=0 kb_fail=0 total=5 injected=0 history_level=0 x_level=1 kb_level=-1 shape_bad=0 x_each_worker_once=1
CASE_PASS m=1039 n=31 sve16_entries=0 expected=0 old_entries=0 packed_entries=0 packed_expected=0 wide_entries=0 wide_expected=0 wrapper_entries=0 wrapper_expected=0
ARGUMENTS_PASS m=1039 n=31 calls=0 bad=0 expected_panel_stride=8312
ALLOC_PASS m=1039 n=32 small=1 wide_path=0 history_expected=1 history_calls=1 history_bytes=4128768 history_success=1 history_fail=0 x_calls=4 x_bytes=265984 x_success=4 x_fail=0 kb_calls=0 kb_bytes=0 kb_success=0 kb_fail=0 total=5 injected=0 history_level=0 x_level=1 kb_level=-1 shape_bad=0 x_each_worker_once=1
CASE_PASS m=1039 n=32 sve16_entries=0 expected=0 old_entries=0 packed_entries=0 packed_expected=0 wide_entries=0 wide_expected=0 wrapper_entries=0 wrapper_expected=0
ARGUMENTS_PASS m=1039 n=32 calls=0 bad=0 expected_panel_stride=8312
ALLOC_PASS m=1039 n=33 small=1 wide_path=0 history_expected=1 history_calls=1 history_bytes=4128768 history_success=1 history_fail=0 x_calls=4 x_bytes=265984 x_success=4 x_fail=0 kb_calls=0 kb_bytes=0 kb_success=0 kb_fail=0 total=5 injected=0 history_level=0 x_level=1 kb_level=-1 shape_bad=0 x_each_worker_once=1
CASE_PASS m=1039 n=33 sve16_entries=0 expected=0 old_entries=0 packed_entries=0 packed_expected=0 wide_entries=0 wide_expected=0 wrapper_entries=0 wrapper_expected=0
ARGUMENTS_PASS m=1039 n=33 calls=0 bad=0 expected_panel_stride=8312
ALLOC_PASS m=1040 n=15 small=1 wide_path=1 history_expected=0 history_calls=0 history_bytes=0 history_success=0 history_fail=0 x_calls=4 x_bytes=532480 x_success=4 x_fail=0 kb_calls=0 kb_bytes=0 kb_success=0 kb_fail=0 total=4 injected=0 history_level=-1 x_level=1 kb_level=-1 shape_bad=0 x_each_worker_once=1
CASE_PASS m=1040 n=15 sve16_entries=0 expected=0 old_entries=0 packed_entries=0 packed_expected=0 wide_entries=0 wide_expected=0 wrapper_entries=1 wrapper_expected=1
ARGUMENTS_PASS m=1040 n=15 calls=0 bad=0 expected_panel_stride=8320
ALLOC_PASS m=1040 n=16 small=1 wide_path=1 history_expected=0 history_calls=0 history_bytes=0 history_success=0 history_fail=0 x_calls=4 x_bytes=532480 x_success=4 x_fail=0 kb_calls=0 kb_bytes=0 kb_success=0 kb_fail=0 total=4 injected=0 history_level=-1 x_level=1 kb_level=-1 shape_bad=0 x_each_worker_once=1
CASE_PASS m=1040 n=16 sve16_entries=0 expected=0 old_entries=0 packed_entries=0 packed_expected=0 wide_entries=0 wide_expected=0 wrapper_entries=1 wrapper_expected=1
ARGUMENTS_PASS m=1040 n=16 calls=0 bad=0 expected_panel_stride=8320
ALLOC_PASS m=1040 n=17 small=1 wide_path=1 history_expected=0 history_calls=0 history_bytes=0 history_success=0 history_fail=0 x_calls=4 x_bytes=532480 x_success=4 x_fail=0 kb_calls=0 kb_bytes=0 kb_success=0 kb_fail=0 total=4 injected=0 history_level=-1 x_level=1 kb_level=-1 shape_bad=0 x_each_worker_once=1
CASE_PASS m=1040 n=17 sve16_entries=0 expected=0 old_entries=0 packed_entries=0 packed_expected=0 wide_entries=0 wide_expected=0 wrapper_entries=1 wrapper_expected=1
ARGUMENTS_PASS m=1040 n=17 calls=0 bad=0 expected_panel_stride=8320
ALLOC_PASS m=1040 n=31 small=1 wide_path=1 history_expected=0 history_calls=0 history_bytes=0 history_success=0 history_fail=0 x_calls=4 x_bytes=532480 x_success=4 x_fail=0 kb_calls=0 kb_bytes=0 kb_success=0 kb_fail=0 total=4 injected=0 history_level=-1 x_level=1 kb_level=-1 shape_bad=0 x_each_worker_once=1
CASE_PASS m=1040 n=31 sve16_entries=0 expected=0 old_entries=0 packed_entries=0 packed_expected=0 wide_entries=0 wide_expected=0 wrapper_entries=1 wrapper_expected=1
ARGUMENTS_PASS m=1040 n=31 calls=0 bad=0 expected_panel_stride=8320
ALLOC_PASS m=1040 n=32 small=1 wide_path=1 history_expected=0 history_calls=0 history_bytes=0 history_success=0 history_fail=0 x_calls=4 x_bytes=532480 x_success=4 x_fail=0 kb_calls=0 kb_bytes=0 kb_success=0 kb_fail=0 total=4 injected=0 history_level=-1 x_level=1 kb_level=-1 shape_bad=0 x_each_worker_once=1
CASE_PASS m=1040 n=32 sve16_entries=0 expected=0 old_entries=0 packed_entries=0 packed_expected=0 wide_entries=0 wide_expected=0 wrapper_entries=1 wrapper_expected=1
ARGUMENTS_PASS m=1040 n=32 calls=0 bad=0 expected_panel_stride=8320
ALLOC_PASS m=1040 n=33 small=1 wide_path=1 history_expected=0 history_calls=0 history_bytes=0 history_success=0 history_fail=0 x_calls=4 x_bytes=532480 x_success=4 x_fail=0 kb_calls=0 kb_bytes=0 kb_success=0 kb_fail=0 total=4 injected=0 history_level=-1 x_level=1 kb_level=-1 shape_bad=0 x_each_worker_once=1
CASE_PASS m=1040 n=33 sve16_entries=0 expected=0 old_entries=0 packed_entries=0 packed_expected=0 wide_entries=0 wide_expected=0 wrapper_entries=1 wrapper_expected=1
ARGUMENTS_PASS m=1040 n=33 calls=0 bad=0 expected_panel_stride=8320
ALLOCATION_SUMMARY_PASS cases=12 budget_cases=0 shared_injection_cases=0
PASS whole_cases=12 noop_cases=4 non_dyadic_long_double_RHS=1 padding_L_unchanged=1 max_error=1.1102230246251565e-16
SOURCE_FEATURES_PASS panel16=1 packedL16=1 has_budget=1 history_budget_bytes=4194304 panel8x16=1
MODE=wide-grid THREADS=4 NARROW_VL=0 EXPECT_SVE16=1 EXPECT_PACKEDL16=0
ALLOC_PASS m=1039 n=15 small=1 wide_path=0 history_expected=1 history_calls=1 history_bytes=4128768 history_success=0 history_fail=1 x_calls=4 x_bytes=265984 x_success=4 x_fail=0 kb_calls=0 kb_bytes=0 kb_success=0 kb_fail=0 total=5 injected=1 history_level=0 x_level=1 kb_level=-1 shape_bad=0 x_each_worker_once=1
CASE_PASS m=1039 n=15 sve16_entries=128 expected=128 old_entries=128 packed_entries=0 packed_expected=0 wide_entries=0 wide_expected=0 wrapper_entries=0 wrapper_expected=0
ARGUMENTS_PASS m=1039 n=15 calls=0 bad=0 expected_panel_stride=8312
SHARED_ALLOC_PASS m=1039 n=15 calls=5 injected=1 shared_first=1 later_X_success=4
ALLOC_PASS m=1039 n=16 small=1 wide_path=0 history_expected=1 history_calls=1 history_bytes=4128768 history_success=0 history_fail=1 x_calls=4 x_bytes=265984 x_success=4 x_fail=0 kb_calls=0 kb_bytes=0 kb_success=0 kb_fail=0 total=5 injected=1 history_level=0 x_level=1 kb_level=-1 shape_bad=0 x_each_worker_once=1
CASE_PASS m=1039 n=16 sve16_entries=128 expected=128 old_entries=128 packed_entries=0 packed_expected=0 wide_entries=0 wide_expected=0 wrapper_entries=0 wrapper_expected=0
ARGUMENTS_PASS m=1039 n=16 calls=0 bad=0 expected_panel_stride=8312
SHARED_ALLOC_PASS m=1039 n=16 calls=5 injected=1 shared_first=1 later_X_success=4
ALLOC_PASS m=1039 n=17 small=1 wide_path=0 history_expected=1 history_calls=1 history_bytes=4128768 history_success=0 history_fail=1 x_calls=4 x_bytes=265984 x_success=4 x_fail=0 kb_calls=0 kb_bytes=0 kb_success=0 kb_fail=0 total=5 injected=1 history_level=0 x_level=1 kb_level=-1 shape_bad=0 x_each_worker_once=1
CASE_PASS m=1039 n=17 sve16_entries=192 expected=192 old_entries=192 packed_entries=0 packed_expected=0 wide_entries=0 wide_expected=0 wrapper_entries=0 wrapper_expected=0
ARGUMENTS_PASS m=1039 n=17 calls=0 bad=0 expected_panel_stride=8312
SHARED_ALLOC_PASS m=1039 n=17 calls=5 injected=1 shared_first=1 later_X_success=4
ALLOC_PASS m=1039 n=31 small=1 wide_path=0 history_expected=1 history_calls=1 history_bytes=4128768 history_success=0 history_fail=1 x_calls=4 x_bytes=265984 x_success=4 x_fail=0 kb_calls=0 kb_bytes=0 kb_success=0 kb_fail=0 total=5 injected=1 history_level=0 x_level=1 kb_level=-1 shape_bad=0 x_each_worker_once=1
CASE_PASS m=1039 n=31 sve16_entries=256 expected=256 old_entries=256 packed_entries=0 packed_expected=0 wide_entries=0 wide_expected=0 wrapper_entries=0 wrapper_expected=0
ARGUMENTS_PASS m=1039 n=31 calls=0 bad=0 expected_panel_stride=8312
SHARED_ALLOC_PASS m=1039 n=31 calls=5 injected=1 shared_first=1 later_X_success=4
ALLOC_PASS m=1039 n=32 small=1 wide_path=0 history_expected=1 history_calls=1 history_bytes=4128768 history_success=0 history_fail=1 x_calls=4 x_bytes=265984 x_success=4 x_fail=0 kb_calls=0 kb_bytes=0 kb_success=0 kb_fail=0 total=5 injected=1 history_level=0 x_level=1 kb_level=-1 shape_bad=0 x_each_worker_once=1
CASE_PASS m=1039 n=32 sve16_entries=256 expected=256 old_entries=256 packed_entries=0 packed_expected=0 wide_entries=0 wide_expected=0 wrapper_entries=0 wrapper_expected=0
ARGUMENTS_PASS m=1039 n=32 calls=0 bad=0 expected_panel_stride=8312
SHARED_ALLOC_PASS m=1039 n=32 calls=5 injected=1 shared_first=1 later_X_success=4
ALLOC_PASS m=1039 n=33 small=1 wide_path=0 history_expected=1 history_calls=1 history_bytes=4128768 history_success=0 history_fail=1 x_calls=4 x_bytes=265984 x_success=4 x_fail=0 kb_calls=0 kb_bytes=0 kb_success=0 kb_fail=0 total=5 injected=1 history_level=0 x_level=1 kb_level=-1 shape_bad=0 x_each_worker_once=1
CASE_PASS m=1039 n=33 sve16_entries=320 expected=320 old_entries=320 packed_entries=0 packed_expected=0 wide_entries=0 wide_expected=0 wrapper_entries=0 wrapper_expected=0
ARGUMENTS_PASS m=1039 n=33 calls=0 bad=0 expected_panel_stride=8312
SHARED_ALLOC_PASS m=1039 n=33 calls=5 injected=1 shared_first=1 later_X_success=4
ALLOC_PASS m=1040 n=15 small=1 wide_path=1 history_expected=0 history_calls=0 history_bytes=0 history_success=0 history_fail=0 x_calls=4 x_bytes=532480 x_success=4 x_fail=0 kb_calls=0 kb_bytes=0 kb_success=0 kb_fail=0 total=4 injected=0 history_level=-1 x_level=1 kb_level=-1 shape_bad=0 x_each_worker_once=1
CASE_PASS m=1040 n=15 sve16_entries=130 expected=130 old_entries=130 packed_entries=0 packed_expected=0 wide_entries=0 wide_expected=0 wrapper_entries=1 wrapper_expected=1
ARGUMENTS_PASS m=1040 n=15 calls=0 bad=0 expected_panel_stride=8320
ALLOC_PASS m=1040 n=16 small=1 wide_path=1 history_expected=0 history_calls=0 history_bytes=0 history_success=0 history_fail=0 x_calls=4 x_bytes=532480 x_success=4 x_fail=0 kb_calls=0 kb_bytes=0 kb_success=0 kb_fail=0 total=4 injected=0 history_level=-1 x_level=1 kb_level=-1 shape_bad=0 x_each_worker_once=1
CASE_PASS m=1040 n=16 sve16_entries=0 expected=0 old_entries=0 packed_entries=0 packed_expected=0 wide_entries=130 wide_expected=130 wrapper_entries=1 wrapper_expected=1
ARGUMENTS_PASS m=1040 n=16 calls=130 bad=0 expected_panel_stride=8320
ALLOC_PASS m=1040 n=17 small=1 wide_path=1 history_expected=0 history_calls=0 history_bytes=0 history_success=0 history_fail=0 x_calls=4 x_bytes=532480 x_success=4 x_fail=0 kb_calls=0 kb_bytes=0 kb_success=0 kb_fail=0 total=4 injected=0 history_level=-1 x_level=1 kb_level=-1 shape_bad=0 x_each_worker_once=1
CASE_PASS m=1040 n=17 sve16_entries=65 expected=65 old_entries=65 packed_entries=0 packed_expected=0 wide_entries=130 wide_expected=130 wrapper_entries=1 wrapper_expected=1
ARGUMENTS_PASS m=1040 n=17 calls=130 bad=0 expected_panel_stride=8320
ALLOC_PASS m=1040 n=31 small=1 wide_path=1 history_expected=0 history_calls=0 history_bytes=0 history_success=0 history_fail=0 x_calls=4 x_bytes=532480 x_success=4 x_fail=0 kb_calls=0 kb_bytes=0 kb_success=0 kb_fail=0 total=4 injected=0 history_level=-1 x_level=1 kb_level=-1 shape_bad=0 x_each_worker_once=1
CASE_PASS m=1040 n=31 sve16_entries=130 expected=130 old_entries=130 packed_entries=0 packed_expected=0 wide_entries=130 wide_expected=130 wrapper_entries=1 wrapper_expected=1
ARGUMENTS_PASS m=1040 n=31 calls=130 bad=0 expected_panel_stride=8320
ALLOC_PASS m=1040 n=32 small=1 wide_path=1 history_expected=0 history_calls=0 history_bytes=0 history_success=0 history_fail=0 x_calls=4 x_bytes=532480 x_success=4 x_fail=0 kb_calls=0 kb_bytes=0 kb_success=0 kb_fail=0 total=4 injected=0 history_level=-1 x_level=1 kb_level=-1 shape_bad=0 x_each_worker_once=1
CASE_PASS m=1040 n=32 sve16_entries=0 expected=0 old_entries=0 packed_entries=0 packed_expected=0 wide_entries=260 wide_expected=260 wrapper_entries=1 wrapper_expected=1
ARGUMENTS_PASS m=1040 n=32 calls=260 bad=0 expected_panel_stride=8320
ALLOC_PASS m=1040 n=33 small=1 wide_path=1 history_expected=0 history_calls=0 history_bytes=0 history_success=0 history_fail=0 x_calls=4 x_bytes=532480 x_success=4 x_fail=0 kb_calls=0 kb_bytes=0 kb_success=0 kb_fail=0 total=4 injected=0 history_level=-1 x_level=1 kb_level=-1 shape_bad=0 x_each_worker_once=1
CASE_PASS m=1040 n=33 sve16_entries=65 expected=65 old_entries=65 packed_entries=0 packed_expected=0 wide_entries=260 wide_expected=260 wrapper_entries=1 wrapper_expected=1
ARGUMENTS_PASS m=1040 n=33 calls=260 bad=0 expected_panel_stride=8320
ALLOCATION_SUMMARY_PASS cases=12 budget_cases=0 shared_injection_cases=6
PASS whole_cases=12 noop_cases=4 non_dyadic_long_double_RHS=1 padding_L_unchanged=1 max_error=1.1102230246251565e-16
SOURCE_FEATURES_PASS panel16=1 packedL16=1 has_budget=1 history_budget_bytes=4194304 panel8x16=1
MODE=wide-grid THREADS=4 NARROW_VL=0 EXPECT_SVE16=0 EXPECT_PACKEDL16=0
ALLOC_PASS m=1039 n=15 small=1 wide_path=0 history_expected=1 history_calls=1 history_bytes=4128768 history_success=1 history_fail=0 x_calls=4 x_bytes=265984 x_success=0 x_fail=4 kb_calls=0 kb_bytes=0 kb_success=0 kb_fail=0 total=5 injected=4 history_level=0 x_level=1 kb_level=-1 shape_bad=0 x_each_worker_once=1
CASE_PASS m=1039 n=15 sve16_entries=0 expected=0 old_entries=0 packed_entries=0 packed_expected=0 wide_entries=0 wide_expected=0 wrapper_entries=0 wrapper_expected=0
ARGUMENTS_PASS m=1039 n=15 calls=0 bad=0 expected_panel_stride=8312
ALLOC_PASS m=1039 n=16 small=1 wide_path=0 history_expected=1 history_calls=1 history_bytes=4128768 history_success=1 history_fail=0 x_calls=4 x_bytes=265984 x_success=0 x_fail=4 kb_calls=0 kb_bytes=0 kb_success=0 kb_fail=0 total=5 injected=4 history_level=0 x_level=1 kb_level=-1 shape_bad=0 x_each_worker_once=1
CASE_PASS m=1039 n=16 sve16_entries=0 expected=0 old_entries=0 packed_entries=0 packed_expected=0 wide_entries=0 wide_expected=0 wrapper_entries=0 wrapper_expected=0
ARGUMENTS_PASS m=1039 n=16 calls=0 bad=0 expected_panel_stride=8312
ALLOC_PASS m=1039 n=17 small=1 wide_path=0 history_expected=1 history_calls=1 history_bytes=4128768 history_success=1 history_fail=0 x_calls=4 x_bytes=265984 x_success=0 x_fail=4 kb_calls=0 kb_bytes=0 kb_success=0 kb_fail=0 total=5 injected=4 history_level=0 x_level=1 kb_level=-1 shape_bad=0 x_each_worker_once=1
CASE_PASS m=1039 n=17 sve16_entries=0 expected=0 old_entries=0 packed_entries=0 packed_expected=0 wide_entries=0 wide_expected=0 wrapper_entries=0 wrapper_expected=0
ARGUMENTS_PASS m=1039 n=17 calls=0 bad=0 expected_panel_stride=8312
ALLOC_PASS m=1039 n=31 small=1 wide_path=0 history_expected=1 history_calls=1 history_bytes=4128768 history_success=1 history_fail=0 x_calls=4 x_bytes=265984 x_success=0 x_fail=4 kb_calls=0 kb_bytes=0 kb_success=0 kb_fail=0 total=5 injected=4 history_level=0 x_level=1 kb_level=-1 shape_bad=0 x_each_worker_once=1
CASE_PASS m=1039 n=31 sve16_entries=0 expected=0 old_entries=0 packed_entries=0 packed_expected=0 wide_entries=0 wide_expected=0 wrapper_entries=0 wrapper_expected=0
ARGUMENTS_PASS m=1039 n=31 calls=0 bad=0 expected_panel_stride=8312
ALLOC_PASS m=1039 n=32 small=1 wide_path=0 history_expected=1 history_calls=1 history_bytes=4128768 history_success=1 history_fail=0 x_calls=4 x_bytes=265984 x_success=0 x_fail=4 kb_calls=0 kb_bytes=0 kb_success=0 kb_fail=0 total=5 injected=4 history_level=0 x_level=1 kb_level=-1 shape_bad=0 x_each_worker_once=1
CASE_PASS m=1039 n=32 sve16_entries=0 expected=0 old_entries=0 packed_entries=0 packed_expected=0 wide_entries=0 wide_expected=0 wrapper_entries=0 wrapper_expected=0
ARGUMENTS_PASS m=1039 n=32 calls=0 bad=0 expected_panel_stride=8312
ALLOC_PASS m=1039 n=33 small=1 wide_path=0 history_expected=1 history_calls=1 history_bytes=4128768 history_success=1 history_fail=0 x_calls=4 x_bytes=265984 x_success=0 x_fail=4 kb_calls=0 kb_bytes=0 kb_success=0 kb_fail=0 total=5 injected=4 history_level=0 x_level=1 kb_level=-1 shape_bad=0 x_each_worker_once=1
CASE_PASS m=1039 n=33 sve16_entries=0 expected=0 old_entries=0 packed_entries=0 packed_expected=0 wide_entries=0 wide_expected=0 wrapper_entries=0 wrapper_expected=0
ARGUMENTS_PASS m=1039 n=33 calls=0 bad=0 expected_panel_stride=8312
ALLOC_PASS m=1040 n=15 small=1 wide_path=1 history_expected=0 history_calls=0 history_bytes=0 history_success=0 history_fail=0 x_calls=4 x_bytes=532480 x_success=0 x_fail=4 kb_calls=0 kb_bytes=0 kb_success=0 kb_fail=0 total=4 injected=4 history_level=-1 x_level=1 kb_level=-1 shape_bad=0 x_each_worker_once=1
CASE_PASS m=1040 n=15 sve16_entries=0 expected=0 old_entries=0 packed_entries=0 packed_expected=0 wide_entries=0 wide_expected=0 wrapper_entries=1 wrapper_expected=1
ARGUMENTS_PASS m=1040 n=15 calls=0 bad=0 expected_panel_stride=8320
ALLOC_PASS m=1040 n=16 small=1 wide_path=1 history_expected=0 history_calls=0 history_bytes=0 history_success=0 history_fail=0 x_calls=4 x_bytes=532480 x_success=0 x_fail=4 kb_calls=0 kb_bytes=0 kb_success=0 kb_fail=0 total=4 injected=4 history_level=-1 x_level=1 kb_level=-1 shape_bad=0 x_each_worker_once=1
CASE_PASS m=1040 n=16 sve16_entries=0 expected=0 old_entries=0 packed_entries=0 packed_expected=0 wide_entries=0 wide_expected=0 wrapper_entries=1 wrapper_expected=1
ARGUMENTS_PASS m=1040 n=16 calls=0 bad=0 expected_panel_stride=8320
ALLOC_PASS m=1040 n=17 small=1 wide_path=1 history_expected=0 history_calls=0 history_bytes=0 history_success=0 history_fail=0 x_calls=4 x_bytes=532480 x_success=0 x_fail=4 kb_calls=0 kb_bytes=0 kb_success=0 kb_fail=0 total=4 injected=4 history_level=-1 x_level=1 kb_level=-1 shape_bad=0 x_each_worker_once=1
CASE_PASS m=1040 n=17 sve16_entries=0 expected=0 old_entries=0 packed_entries=0 packed_expected=0 wide_entries=0 wide_expected=0 wrapper_entries=1 wrapper_expected=1
ARGUMENTS_PASS m=1040 n=17 calls=0 bad=0 expected_panel_stride=8320
ALLOC_PASS m=1040 n=31 small=1 wide_path=1 history_expected=0 history_calls=0 history_bytes=0 history_success=0 history_fail=0 x_calls=4 x_bytes=532480 x_success=0 x_fail=4 kb_calls=0 kb_bytes=0 kb_success=0 kb_fail=0 total=4 injected=4 history_level=-1 x_level=1 kb_level=-1 shape_bad=0 x_each_worker_once=1
CASE_PASS m=1040 n=31 sve16_entries=0 expected=0 old_entries=0 packed_entries=0 packed_expected=0 wide_entries=0 wide_expected=0 wrapper_entries=1 wrapper_expected=1
ARGUMENTS_PASS m=1040 n=31 calls=0 bad=0 expected_panel_stride=8320
ALLOC_PASS m=1040 n=32 small=1 wide_path=1 history_expected=0 history_calls=0 history_bytes=0 history_success=0 history_fail=0 x_calls=4 x_bytes=532480 x_success=0 x_fail=4 kb_calls=0 kb_bytes=0 kb_success=0 kb_fail=0 total=4 injected=4 history_level=-1 x_level=1 kb_level=-1 shape_bad=0 x_each_worker_once=1
CASE_PASS m=1040 n=32 sve16_entries=0 expected=0 old_entries=0 packed_entries=0 packed_expected=0 wide_entries=0 wide_expected=0 wrapper_entries=1 wrapper_expected=1
ARGUMENTS_PASS m=1040 n=32 calls=0 bad=0 expected_panel_stride=8320
ALLOC_PASS m=1040 n=33 small=1 wide_path=1 history_expected=0 history_calls=0 history_bytes=0 history_success=0 history_fail=0 x_calls=4 x_bytes=532480 x_success=0 x_fail=4 kb_calls=0 kb_bytes=0 kb_success=0 kb_fail=0 total=4 injected=4 history_level=-1 x_level=1 kb_level=-1 shape_bad=0 x_each_worker_once=1
CASE_PASS m=1040 n=33 sve16_entries=0 expected=0 old_entries=0 packed_entries=0 packed_expected=0 wide_entries=0 wide_expected=0 wrapper_entries=1 wrapper_expected=1
ARGUMENTS_PASS m=1040 n=33 calls=0 bad=0 expected_panel_stride=8320
ALLOCATION_SUMMARY_PASS cases=12 budget_cases=0 shared_injection_cases=0
PASS whole_cases=12 noop_cases=4 non_dyadic_long_double_RHS=1 padding_L_unchanged=1 max_error=1.1102230246251565e-16
SOURCE_FEATURES_PASS panel16=1 packedL16=1 has_budget=1 history_budget_bytes=4194304 panel8x16=1
MODE=wide-grid THREADS=4 NARROW_VL=0 EXPECT_SVE16=0 EXPECT_PACKEDL16=0
ALLOC_PASS m=1039 n=15 small=1 wide_path=0 history_expected=1 history_calls=1 history_bytes=4128768 history_success=0 history_fail=1 x_calls=4 x_bytes=265984 x_success=0 x_fail=4 kb_calls=0 kb_bytes=0 kb_success=0 kb_fail=0 total=5 injected=5 history_level=0 x_level=1 kb_level=-1 shape_bad=0 x_each_worker_once=1
CASE_PASS m=1039 n=15 sve16_entries=0 expected=0 old_entries=0 packed_entries=0 packed_expected=0 wide_entries=0 wide_expected=0 wrapper_entries=0 wrapper_expected=0
ARGUMENTS_PASS m=1039 n=15 calls=0 bad=0 expected_panel_stride=8312
ALLOC_PASS m=1039 n=16 small=1 wide_path=0 history_expected=1 history_calls=1 history_bytes=4128768 history_success=0 history_fail=1 x_calls=4 x_bytes=265984 x_success=0 x_fail=4 kb_calls=0 kb_bytes=0 kb_success=0 kb_fail=0 total=5 injected=5 history_level=0 x_level=1 kb_level=-1 shape_bad=0 x_each_worker_once=1
CASE_PASS m=1039 n=16 sve16_entries=0 expected=0 old_entries=0 packed_entries=0 packed_expected=0 wide_entries=0 wide_expected=0 wrapper_entries=0 wrapper_expected=0
ARGUMENTS_PASS m=1039 n=16 calls=0 bad=0 expected_panel_stride=8312
ALLOC_PASS m=1039 n=17 small=1 wide_path=0 history_expected=1 history_calls=1 history_bytes=4128768 history_success=0 history_fail=1 x_calls=4 x_bytes=265984 x_success=0 x_fail=4 kb_calls=0 kb_bytes=0 kb_success=0 kb_fail=0 total=5 injected=5 history_level=0 x_level=1 kb_level=-1 shape_bad=0 x_each_worker_once=1
CASE_PASS m=1039 n=17 sve16_entries=0 expected=0 old_entries=0 packed_entries=0 packed_expected=0 wide_entries=0 wide_expected=0 wrapper_entries=0 wrapper_expected=0
ARGUMENTS_PASS m=1039 n=17 calls=0 bad=0 expected_panel_stride=8312
ALLOC_PASS m=1039 n=31 small=1 wide_path=0 history_expected=1 history_calls=1 history_bytes=4128768 history_success=0 history_fail=1 x_calls=4 x_bytes=265984 x_success=0 x_fail=4 kb_calls=0 kb_bytes=0 kb_success=0 kb_fail=0 total=5 injected=5 history_level=0 x_level=1 kb_level=-1 shape_bad=0 x_each_worker_once=1
CASE_PASS m=1039 n=31 sve16_entries=0 expected=0 old_entries=0 packed_entries=0 packed_expected=0 wide_entries=0 wide_expected=0 wrapper_entries=0 wrapper_expected=0
ARGUMENTS_PASS m=1039 n=31 calls=0 bad=0 expected_panel_stride=8312
ALLOC_PASS m=1039 n=32 small=1 wide_path=0 history_expected=1 history_calls=1 history_bytes=4128768 history_success=0 history_fail=1 x_calls=4 x_bytes=265984 x_success=0 x_fail=4 kb_calls=0 kb_bytes=0 kb_success=0 kb_fail=0 total=5 injected=5 history_level=0 x_level=1 kb_level=-1 shape_bad=0 x_each_worker_once=1
CASE_PASS m=1039 n=32 sve16_entries=0 expected=0 old_entries=0 packed_entries=0 packed_expected=0 wide_entries=0 wide_expected=0 wrapper_entries=0 wrapper_expected=0
ARGUMENTS_PASS m=1039 n=32 calls=0 bad=0 expected_panel_stride=8312
ALLOC_PASS m=1039 n=33 small=1 wide_path=0 history_expected=1 history_calls=1 history_bytes=4128768 history_success=0 history_fail=1 x_calls=4 x_bytes=265984 x_success=0 x_fail=4 kb_calls=0 kb_bytes=0 kb_success=0 kb_fail=0 total=5 injected=5 history_level=0 x_level=1 kb_level=-1 shape_bad=0 x_each_worker_once=1
CASE_PASS m=1039 n=33 sve16_entries=0 expected=0 old_entries=0 packed_entries=0 packed_expected=0 wide_entries=0 wide_expected=0 wrapper_entries=0 wrapper_expected=0
ARGUMENTS_PASS m=1039 n=33 calls=0 bad=0 expected_panel_stride=8312
ALLOC_PASS m=1040 n=15 small=1 wide_path=1 history_expected=0 history_calls=0 history_bytes=0 history_success=0 history_fail=0 x_calls=4 x_bytes=532480 x_success=0 x_fail=4 kb_calls=0 kb_bytes=0 kb_success=0 kb_fail=0 total=4 injected=4 history_level=-1 x_level=1 kb_level=-1 shape_bad=0 x_each_worker_once=1
CASE_PASS m=1040 n=15 sve16_entries=0 expected=0 old_entries=0 packed_entries=0 packed_expected=0 wide_entries=0 wide_expected=0 wrapper_entries=1 wrapper_expected=1
ARGUMENTS_PASS m=1040 n=15 calls=0 bad=0 expected_panel_stride=8320
ALLOC_PASS m=1040 n=16 small=1 wide_path=1 history_expected=0 history_calls=0 history_bytes=0 history_success=0 history_fail=0 x_calls=4 x_bytes=532480 x_success=0 x_fail=4 kb_calls=0 kb_bytes=0 kb_success=0 kb_fail=0 total=4 injected=4 history_level=-1 x_level=1 kb_level=-1 shape_bad=0 x_each_worker_once=1
CASE_PASS m=1040 n=16 sve16_entries=0 expected=0 old_entries=0 packed_entries=0 packed_expected=0 wide_entries=0 wide_expected=0 wrapper_entries=1 wrapper_expected=1
ARGUMENTS_PASS m=1040 n=16 calls=0 bad=0 expected_panel_stride=8320
ALLOC_PASS m=1040 n=17 small=1 wide_path=1 history_expected=0 history_calls=0 history_bytes=0 history_success=0 history_fail=0 x_calls=4 x_bytes=532480 x_success=0 x_fail=4 kb_calls=0 kb_bytes=0 kb_success=0 kb_fail=0 total=4 injected=4 history_level=-1 x_level=1 kb_level=-1 shape_bad=0 x_each_worker_once=1
CASE_PASS m=1040 n=17 sve16_entries=0 expected=0 old_entries=0 packed_entries=0 packed_expected=0 wide_entries=0 wide_expected=0 wrapper_entries=1 wrapper_expected=1
ARGUMENTS_PASS m=1040 n=17 calls=0 bad=0 expected_panel_stride=8320
ALLOC_PASS m=1040 n=31 small=1 wide_path=1 history_expected=0 history_calls=0 history_bytes=0 history_success=0 history_fail=0 x_calls=4 x_bytes=532480 x_success=0 x_fail=4 kb_calls=0 kb_bytes=0 kb_success=0 kb_fail=0 total=4 injected=4 history_level=-1 x_level=1 kb_level=-1 shape_bad=0 x_each_worker_once=1
CASE_PASS m=1040 n=31 sve16_entries=0 expected=0 old_entries=0 packed_entries=0 packed_expected=0 wide_entries=0 wide_expected=0 wrapper_entries=1 wrapper_expected=1
ARGUMENTS_PASS m=1040 n=31 calls=0 bad=0 expected_panel_stride=8320
ALLOC_PASS m=1040 n=32 small=1 wide_path=1 history_expected=0 history_calls=0 history_bytes=0 history_success=0 history_fail=0 x_calls=4 x_bytes=532480 x_success=0 x_fail=4 kb_calls=0 kb_bytes=0 kb_success=0 kb_fail=0 total=4 injected=4 history_level=-1 x_level=1 kb_level=-1 shape_bad=0 x_each_worker_once=1
CASE_PASS m=1040 n=32 sve16_entries=0 expected=0 old_entries=0 packed_entries=0 packed_expected=0 wide_entries=0 wide_expected=0 wrapper_entries=1 wrapper_expected=1
ARGUMENTS_PASS m=1040 n=32 calls=0 bad=0 expected_panel_stride=8320
ALLOC_PASS m=1040 n=33 small=1 wide_path=1 history_expected=0 history_calls=0 history_bytes=0 history_success=0 history_fail=0 x_calls=4 x_bytes=532480 x_success=0 x_fail=4 kb_calls=0 kb_bytes=0 kb_success=0 kb_fail=0 total=4 injected=4 history_level=-1 x_level=1 kb_level=-1 shape_bad=0 x_each_worker_once=1
CASE_PASS m=1040 n=33 sve16_entries=0 expected=0 old_entries=0 packed_entries=0 packed_expected=0 wide_entries=0 wide_expected=0 wrapper_entries=1 wrapper_expected=1
ARGUMENTS_PASS m=1040 n=33 calls=0 bad=0 expected_panel_stride=8320
ALLOCATION_SUMMARY_PASS cases=12 budget_cases=0 shared_injection_cases=0
PASS whole_cases=12 noop_cases=4 non_dyadic_long_double_RHS=1 padding_L_unchanged=1 max_error=1.1102230246251565e-16
TRSM_PANEL8X16_PREFLIGHT_COMPLETE=1 MICRO_CASES=46 WHOLE_CASES=615 NOOP_CASES=96 OLD_MICRO_CASES=14 PACKED_MICRO_CASES=14 WIDE_MICRO_CASES=18 SHARED_FAIL_CASES=89 ALLOCATION_CASES=615 BUDGET_CASES=32 BUDGET_SHARED_INJECTIONS=3 ARGUMENT_CHECKED_CASES=633 ARGUMENT_OBSERVATIONS=6388 WRAPPER_CALLS=55
{"allowed_cpu_count": 38, "allowed_cpus": [76, 77, 78, 79, 80, 81, 82, 83, 84, 85, 86, 87, 88, 89, 90, 91, 92, 93, 94, 95, 96, 97, 98, 99, 100, 101, 102, 103, 104, 105, 106, 107, 108, 109, 110, 111, 112, 113], "guard_pass": true, "host": "COMPUTE_NODE", "numa_nodes": ["node2"], "scheduler_job_id": "1582526"}
gcc (gcc for openEuler 3.0.2) 12.3.1
Copyright (C) 2022 Free Software Foundation, Inc.
This is free software; see the source for copying conditions.  There is NO
warranty; not even for MERCHANTABILITY or FITNESS FOR A PARTICULAR PURPOSE.

INSTRUMENTED_SOURCE_PASS kernel_hook=1 original_modified=0
SOURCE_FEATURES_PASS panel16=1 packedL16=1 has_budget=1 history_budget_bytes=4194304 panel8x16=1
MODE=micro THREADS=1 NARROW_VL=0 EXPECT_SVE16=1 EXPECT_PACKEDL16=1
PASS micro_cases=14 ordered_FMA_bitwise=1 prefix_padding_L_unchanged=1 history_unchanged=1
SOURCE_FEATURES_PASS panel16=1 packedL16=1 has_budget=1 history_budget_bytes=4194304 panel8x16=1
MODE=packed-micro THREADS=1 NARROW_VL=0 EXPECT_SVE16=1 EXPECT_PACKEDL16=1
PASS packed_micro_cases=14 ordered_FMA_bitwise=1 prefix_padding_L_unchanged=1 history_unchanged=1
SOURCE_FEATURES_PASS panel16=1 packedL16=1 has_budget=1 history_budget_bytes=4194304 panel8x16=1
MODE=wide-micro THREADS=1 NARROW_VL=0 EXPECT_SVE16=1 EXPECT_PACKEDL16=1
WIDE_MICRO_PASS start=0 lda=9 calls=1 arguments=1 bad=0 panel_stride=64
WIDE_MICRO_PASS start=0 lda=15 calls=1 arguments=1 bad=0 panel_stride=64
WIDE_MICRO_PASS start=1 lda=10 calls=1 arguments=1 bad=0 panel_stride=72
WIDE_MICRO_PASS start=1 lda=16 calls=1 arguments=1 bad=0 panel_stride=72
WIDE_MICRO_PASS start=7 lda=16 calls=1 arguments=1 bad=0 panel_stride=120
WIDE_MICRO_PASS start=7 lda=22 calls=1 arguments=1 bad=0 panel_stride=120
WIDE_MICRO_PASS start=8 lda=17 calls=1 arguments=1 bad=0 panel_stride=128
WIDE_MICRO_PASS start=8 lda=23 calls=1 arguments=1 bad=0 panel_stride=128
WIDE_MICRO_PASS start=9 lda=18 calls=1 arguments=1 bad=0 panel_stride=136
WIDE_MICRO_PASS start=9 lda=24 calls=1 arguments=1 bad=0 panel_stride=136
WIDE_MICRO_PASS start=15 lda=24 calls=1 arguments=1 bad=0 panel_stride=184
WIDE_MICRO_PASS start=15 lda=30 calls=1 arguments=1 bad=0 panel_stride=184
WIDE_MICRO_PASS start=16 lda=25 calls=1 arguments=1 bad=0 panel_stride=192
WIDE_MICRO_PASS start=16 lda=31 calls=1 arguments=1 bad=0 panel_stride=192
WIDE_MICRO_PASS start=255 lda=264 calls=1 arguments=1 bad=0 panel_stride=2104
WIDE_MICRO_PASS start=255 lda=270 calls=1 arguments=1 bad=0 panel_stride=2104
WIDE_MICRO_PASS start=256 lda=265 calls=1 arguments=1 bad=0 panel_stride=2112
WIDE_MICRO_PASS start=256 lda=271 calls=1 arguments=1 bad=0 panel_stride=2112
PASS wide_micro_cases=18 ordered_FMA_bitwise=1 prefix_padding_L_unchanged=1 two_panels_unchanged_outside_rows=1
SOURCE_FEATURES_PASS panel16=1 packedL16=1 has_budget=1 history_budget_bytes=4194304 panel8x16=1
MODE=full THREADS=1 NARROW_VL=0 EXPECT_SVE16=1 EXPECT_PACKEDL16=1
ALLOC_PASS m=1 n=1 small=1 wide_path=0 history_expected=0 history_calls=0 history_bytes=0 history_success=0 history_fail=0 x_calls=1 x_bytes=64 x_success=1 x_fail=0 kb_calls=0 kb_bytes=0 kb_success=0 kb_fail=0 total=1 injected=0 history_level=-1 x_level=1 kb_level=-1 shape_bad=0 x_each_worker_once=1
CASE_PASS m=1 n=1 sve16_entries=0 expected=0 old_entries=0 packed_entries=0 packed_expected=0 wide_entries=0 wide_expected=0 wrapper_entries=0 wrapper_expected=0
ARGUMENTS_PASS m=1 n=1 calls=0 bad=0 expected_panel_stride=8
ALLOC_PASS m=1 n=7 small=1 wide_path=0 history_expected=0 history_calls=0 history_bytes=0 history_success=0 history_fail=0 x_calls=1 x_bytes=64 x_success=1 x_fail=0 kb_calls=0 kb_bytes=0 kb_success=0 kb_fail=0 total=1 injected=0 history_level=-1 x_level=1 kb_level=-1 shape_bad=0 x_each_worker_once=1
CASE_PASS m=1 n=7 sve16_entries=0 expected=0 old_entries=0 packed_entries=0 packed_expected=0 wide_entries=0 wide_expected=0 wrapper_entries=0 wrapper_expected=0
ARGUMENTS_PASS m=1 n=7 calls=0 bad=0 expected_panel_stride=8
ALLOC_PASS m=1 n=8 small=1 wide_path=0 history_expected=0 history_calls=0 history_bytes=0 history_success=0 history_fail=0 x_calls=1 x_bytes=64 x_success=1 x_fail=0 kb_calls=0 kb_bytes=0 kb_success=0 kb_fail=0 total=1 injected=0 history_level=-1 x_level=1 kb_level=-1 shape_bad=0 x_each_worker_once=1
CASE_PASS m=1 n=8 sve16_entries=0 expected=0 old_entries=0 packed_entries=0 packed_expected=0 wide_entries=0 wide_expected=0 wrapper_entries=0 wrapper_expected=0
ARGUMENTS_PASS m=1 n=8 calls=0 bad=0 expected_panel_stride=8
ALLOC_PASS m=1 n=9 small=1 wide_path=0 history_expected=0 history_calls=0 history_bytes=0 history_success=0 history_fail=0 x_calls=1 x_bytes=64 x_success=1 x_fail=0 kb_calls=0 kb_bytes=0 kb_success=0 kb_fail=0 total=1 injected=0 history_level=-1 x_level=1 kb_level=-1 shape_bad=0 x_each_worker_once=1
CASE_PASS m=1 n=9 sve16_entries=0 expected=0 old_entries=0 packed_entries=0 packed_expected=0 wide_entries=0 wide_expected=0 wrapper_entries=0 wrapper_expected=0
ARGUMENTS_PASS m=1 n=9 calls=0 bad=0 expected_panel_stride=8
ALLOC_PASS m=1 n=17 small=1 wide_path=0 history_expected=0 history_calls=0 history_bytes=0 history_success=0 history_fail=0 x_calls=1 x_bytes=64 x_success=1 x_fail=0 kb_calls=0 kb_bytes=0 kb_success=0 kb_fail=0 total=1 injected=0 history_level=-1 x_level=1 kb_level=-1 shape_bad=0 x_each_worker_once=1
CASE_PASS m=1 n=17 sve16_entries=0 expected=0 old_entries=0 packed_entries=0 packed_expected=0 wide_entries=0 wide_expected=0 wrapper_entries=0 wrapper_expected=0
ARGUMENTS_PASS m=1 n=17 calls=0 bad=0 expected_panel_stride=8
ALLOC_PASS m=3 n=1 small=1 wide_path=0 history_expected=0 history_calls=0 history_bytes=0 history_success=0 history_fail=0 x_calls=1 x_bytes=192 x_success=1 x_fail=0 kb_calls=0 kb_bytes=0 kb_success=0 kb_fail=0 total=1 injected=0 history_level=-1 x_level=1 kb_level=-1 shape_bad=0 x_each_worker_once=1
CASE_PASS m=3 n=1 sve16_entries=0 expected=0 old_entries=0 packed_entries=0 packed_expected=0 wide_entries=0 wide_expected=0 wrapper_entries=0 wrapper_expected=0
ARGUMENTS_PASS m=3 n=1 calls=0 bad=0 expected_panel_stride=24
ALLOC_PASS m=3 n=7 small=1 wide_path=0 history_expected=0 history_calls=0 history_bytes=0 history_success=0 history_fail=0 x_calls=1 x_bytes=192 x_success=1 x_fail=0 kb_calls=0 kb_bytes=0 kb_success=0 kb_fail=0 total=1 injected=0 history_level=-1 x_level=1 kb_level=-1 shape_bad=0 x_each_worker_once=1
CASE_PASS m=3 n=7 sve16_entries=0 expected=0 old_entries=0 packed_entries=0 packed_expected=0 wide_entries=0 wide_expected=0 wrapper_entries=0 wrapper_expected=0
ARGUMENTS_PASS m=3 n=7 calls=0 bad=0 expected_panel_stride=24
ALLOC_PASS m=3 n=8 small=1 wide_path=0 history_expected=0 history_calls=0 history_bytes=0 history_success=0 history_fail=0 x_calls=1 x_bytes=192 x_success=1 x_fail=0 kb_calls=0 kb_bytes=0 kb_success=0 kb_fail=0 total=1 injected=0 history_level=-1 x_level=1 kb_level=-1 shape_bad=0 x_each_worker_once=1
CASE_PASS m=3 n=8 sve16_entries=0 expected=0 old_entries=0 packed_entries=0 packed_expected=0 wide_entries=0 wide_expected=0 wrapper_entries=0 wrapper_expected=0
ARGUMENTS_PASS m=3 n=8 calls=0 bad=0 expected_panel_stride=24
ALLOC_PASS m=3 n=9 small=1 wide_path=0 history_expected=0 history_calls=0 history_bytes=0 history_success=0 history_fail=0 x_calls=1 x_bytes=192 x_success=1 x_fail=0 kb_calls=0 kb_bytes=0 kb_success=0 kb_fail=0 total=1 injected=0 history_level=-1 x_level=1 kb_level=-1 shape_bad=0 x_each_worker_once=1
CASE_PASS m=3 n=9 sve16_entries=0 expected=0 old_entries=0 packed_entries=0 packed_expected=0 wide_entries=0 wide_expected=0 wrapper_entries=0 wrapper_expected=0
ARGUMENTS_PASS m=3 n=9 calls=0 bad=0 expected_panel_stride=24
ALLOC_PASS m=3 n=17 small=1 wide_path=0 history_expected=0 history_calls=0 history_bytes=0 history_success=0 history_fail=0 x_calls=1 x_bytes=192 x_success=1 x_fail=0 kb_calls=0 kb_bytes=0 kb_success=0 kb_fail=0 total=1 injected=0 history_level=-1 x_level=1 kb_level=-1 shape_bad=0 x_each_worker_once=1
CASE_PASS m=3 n=17 sve16_entries=0 expected=0 old_entries=0 packed_entries=0 packed_expected=0 wide_entries=0 wide_expected=0 wrapper_entries=0 wrapper_expected=0
ARGUMENTS_PASS m=3 n=17 calls=0 bad=0 expected_panel_stride=24
ALLOC_PASS m=4 n=1 small=1 wide_path=0 history_expected=0 history_calls=0 history_bytes=0 history_success=0 history_fail=0 x_calls=1 x_bytes=256 x_success=1 x_fail=0 kb_calls=0 kb_bytes=0 kb_success=0 kb_fail=0 total=1 injected=0 history_level=-1 x_level=1 kb_level=-1 shape_bad=0 x_each_worker_once=1
CASE_PASS m=4 n=1 sve16_entries=0 expected=0 old_entries=0 packed_entries=0 packed_expected=0 wide_entries=0 wide_expected=0 wrapper_entries=0 wrapper_expected=0
ARGUMENTS_PASS m=4 n=1 calls=0 bad=0 expected_panel_stride=32
ALLOC_PASS m=4 n=7 small=1 wide_path=0 history_expected=0 history_calls=0 history_bytes=0 history_success=0 history_fail=0 x_calls=1 x_bytes=256 x_success=1 x_fail=0 kb_calls=0 kb_bytes=0 kb_success=0 kb_fail=0 total=1 injected=0 history_level=-1 x_level=1 kb_level=-1 shape_bad=0 x_each_worker_once=1
CASE_PASS m=4 n=7 sve16_entries=0 expected=0 old_entries=0 packed_entries=0 packed_expected=0 wide_entries=0 wide_expected=0 wrapper_entries=0 wrapper_expected=0
ARGUMENTS_PASS m=4 n=7 calls=0 bad=0 expected_panel_stride=32
ALLOC_PASS m=4 n=8 small=1 wide_path=0 history_expected=0 history_calls=0 history_bytes=0 history_success=0 history_fail=0 x_calls=1 x_bytes=256 x_success=1 x_fail=0 kb_calls=0 kb_bytes=0 kb_success=0 kb_fail=0 total=1 injected=0 history_level=-1 x_level=1 kb_level=-1 shape_bad=0 x_each_worker_once=1
CASE_PASS m=4 n=8 sve16_entries=0 expected=0 old_entries=0 packed_entries=0 packed_expected=0 wide_entries=0 wide_expected=0 wrapper_entries=0 wrapper_expected=0
ARGUMENTS_PASS m=4 n=8 calls=0 bad=0 expected_panel_stride=32
ALLOC_PASS m=4 n=9 small=1 wide_path=0 history_expected=0 history_calls=0 history_bytes=0 history_success=0 history_fail=0 x_calls=1 x_bytes=256 x_success=1 x_fail=0 kb_calls=0 kb_bytes=0 kb_success=0 kb_fail=0 total=1 injected=0 history_level=-1 x_level=1 kb_level=-1 shape_bad=0 x_each_worker_once=1
CASE_PASS m=4 n=9 sve16_entries=0 expected=0 old_entries=0 packed_entries=0 packed_expected=0 wide_entries=0 wide_expected=0 wrapper_entries=0 wrapper_expected=0
ARGUMENTS_PASS m=4 n=9 calls=0 bad=0 expected_panel_stride=32
ALLOC_PASS m=4 n=17 small=1 wide_path=0 history_expected=0 history_calls=0 history_bytes=0 history_success=0 history_fail=0 x_calls=1 x_bytes=256 x_success=1 x_fail=0 kb_calls=0 kb_bytes=0 kb_success=0 kb_fail=0 total=1 injected=0 history_level=-1 x_level=1 kb_level=-1 shape_bad=0 x_each_worker_once=1
CASE_PASS m=4 n=17 sve16_entries=0 expected=0 old_entries=0 packed_entries=0 packed_expected=0 wide_entries=0 wide_expected=0 wrapper_entries=0 wrapper_expected=0
ARGUMENTS_PASS m=4 n=17 calls=0 bad=0 expected_panel_stride=32
ALLOC_PASS m=5 n=1 small=1 wide_path=0 history_expected=0 history_calls=0 history_bytes=0 history_success=0 history_fail=0 x_calls=1 x_bytes=320 x_success=1 x_fail=0 kb_calls=0 kb_bytes=0 kb_success=0 kb_fail=0 total=1 injected=0 history_level=-1 x_level=1 kb_level=-1 shape_bad=0 x_each_worker_once=1
CASE_PASS m=5 n=1 sve16_entries=0 expected=0 old_entries=0 packed_entries=0 packed_expected=0 wide_entries=0 wide_expected=0 wrapper_entries=0 wrapper_expected=0
ARGUMENTS_PASS m=5 n=1 calls=0 bad=0 expected_panel_stride=40
ALLOC_PASS m=5 n=7 small=1 wide_path=0 history_expected=0 history_calls=0 history_bytes=0 history_success=0 history_fail=0 x_calls=1 x_bytes=320 x_success=1 x_fail=0 kb_calls=0 kb_bytes=0 kb_success=0 kb_fail=0 total=1 injected=0 history_level=-1 x_level=1 kb_level=-1 shape_bad=0 x_each_worker_once=1
CASE_PASS m=5 n=7 sve16_entries=0 expected=0 old_entries=0 packed_entries=0 packed_expected=0 wide_entries=0 wide_expected=0 wrapper_entries=0 wrapper_expected=0
ARGUMENTS_PASS m=5 n=7 calls=0 bad=0 expected_panel_stride=40
ALLOC_PASS m=5 n=8 small=1 wide_path=0 history_expected=0 history_calls=0 history_bytes=0 history_success=0 history_fail=0 x_calls=1 x_bytes=320 x_success=1 x_fail=0 kb_calls=0 kb_bytes=0 kb_success=0 kb_fail=0 total=1 injected=0 history_level=-1 x_level=1 kb_level=-1 shape_bad=0 x_each_worker_once=1
CASE_PASS m=5 n=8 sve16_entries=0 expected=0 old_entries=0 packed_entries=0 packed_expected=0 wide_entries=0 wide_expected=0 wrapper_entries=0 wrapper_expected=0
ARGUMENTS_PASS m=5 n=8 calls=0 bad=0 expected_panel_stride=40
ALLOC_PASS m=5 n=9 small=1 wide_path=0 history_expected=0 history_calls=0 history_bytes=0 history_success=0 history_fail=0 x_calls=1 x_bytes=320 x_success=1 x_fail=0 kb_calls=0 kb_bytes=0 kb_success=0 kb_fail=0 total=1 injected=0 history_level=-1 x_level=1 kb_level=-1 shape_bad=0 x_each_worker_once=1
CASE_PASS m=5 n=9 sve16_entries=0 expected=0 old_entries=0 packed_entries=0 packed_expected=0 wide_entries=0 wide_expected=0 wrapper_entries=0 wrapper_expected=0
ARGUMENTS_PASS m=5 n=9 calls=0 bad=0 expected_panel_stride=40
ALLOC_PASS m=5 n=17 small=1 wide_path=0 history_expected=0 history_calls=0 history_bytes=0 history_success=0 history_fail=0 x_calls=1 x_bytes=320 x_success=1 x_fail=0 kb_calls=0 kb_bytes=0 kb_success=0 kb_fail=0 total=1 injected=0 history_level=-1 x_level=1 kb_level=-1 shape_bad=0 x_each_worker_once=1
CASE_PASS m=5 n=17 sve16_entries=0 expected=0 old_entries=0 packed_entries=0 packed_expected=0 wide_entries=0 wide_expected=0 wrapper_entries=0 wrapper_expected=0
ARGUMENTS_PASS m=5 n=17 calls=0 bad=0 expected_panel_stride=40
ALLOC_PASS m=15 n=1 small=1 wide_path=0 history_expected=0 history_calls=0 history_bytes=0 history_success=0 history_fail=0 x_calls=1 x_bytes=960 x_success=1 x_fail=0 kb_calls=0 kb_bytes=0 kb_success=0 kb_fail=0 total=1 injected=0 history_level=-1 x_level=1 kb_level=-1 shape_bad=0 x_each_worker_once=1
CASE_PASS m=15 n=1 sve16_entries=0 expected=0 old_entries=0 packed_entries=0 packed_expected=0 wide_entries=0 wide_expected=0 wrapper_entries=0 wrapper_expected=0
ARGUMENTS_PASS m=15 n=1 calls=0 bad=0 expected_panel_stride=120
ALLOC_PASS m=15 n=7 small=1 wide_path=0 history_expected=0 history_calls=0 history_bytes=0 history_success=0 history_fail=0 x_calls=1 x_bytes=960 x_success=1 x_fail=0 kb_calls=0 kb_bytes=0 kb_success=0 kb_fail=0 total=1 injected=0 history_level=-1 x_level=1 kb_level=-1 shape_bad=0 x_each_worker_once=1
CASE_PASS m=15 n=7 sve16_entries=0 expected=0 old_entries=0 packed_entries=0 packed_expected=0 wide_entries=0 wide_expected=0 wrapper_entries=0 wrapper_expected=0
ARGUMENTS_PASS m=15 n=7 calls=0 bad=0 expected_panel_stride=120
ALLOC_PASS m=15 n=8 small=1 wide_path=0 history_expected=0 history_calls=0 history_bytes=0 history_success=0 history_fail=0 x_calls=1 x_bytes=960 x_success=1 x_fail=0 kb_calls=0 kb_bytes=0 kb_success=0 kb_fail=0 total=1 injected=0 history_level=-1 x_level=1 kb_level=-1 shape_bad=0 x_each_worker_once=1
CASE_PASS m=15 n=8 sve16_entries=0 expected=0 old_entries=0 packed_entries=0 packed_expected=0 wide_entries=0 wide_expected=0 wrapper_entries=0 wrapper_expected=0
ARGUMENTS_PASS m=15 n=8 calls=0 bad=0 expected_panel_stride=120
ALLOC_PASS m=15 n=9 small=1 wide_path=0 history_expected=0 history_calls=0 history_bytes=0 history_success=0 history_fail=0 x_calls=1 x_bytes=960 x_success=1 x_fail=0 kb_calls=0 kb_bytes=0 kb_success=0 kb_fail=0 total=1 injected=0 history_level=-1 x_level=1 kb_level=-1 shape_bad=0 x_each_worker_once=1
CASE_PASS m=15 n=9 sve16_entries=0 expected=0 old_entries=0 packed_entries=0 packed_expected=0 wide_entries=0 wide_expected=0 wrapper_entries=0 wrapper_expected=0
ARGUMENTS_PASS m=15 n=9 calls=0 bad=0 expected_panel_stride=120
ALLOC_PASS m=15 n=17 small=1 wide_path=0 history_expected=0 history_calls=0 history_bytes=0 history_success=0 history_fail=0 x_calls=1 x_bytes=960 x_success=1 x_fail=0 kb_calls=0 kb_bytes=0 kb_success=0 kb_fail=0 total=1 injected=0 history_level=-1 x_level=1 kb_level=-1 shape_bad=0 x_each_worker_once=1
CASE_PASS m=15 n=17 sve16_entries=0 expected=0 old_entries=0 packed_entries=0 packed_expected=0 wide_entries=0 wide_expected=0 wrapper_entries=0 wrapper_expected=0
ARGUMENTS_PASS m=15 n=17 calls=0 bad=0 expected_panel_stride=120
ALLOC_PASS m=16 n=1 small=1 wide_path=0 history_expected=0 history_calls=0 history_bytes=0 history_success=0 history_fail=0 x_calls=1 x_bytes=1024 x_success=1 x_fail=0 kb_calls=0 kb_bytes=0 kb_success=0 kb_fail=0 total=1 injected=0 history_level=-1 x_level=1 kb_level=-1 shape_bad=0 x_each_worker_once=1
CASE_PASS m=16 n=1 sve16_entries=1 expected=1 old_entries=1 packed_entries=0 packed_expected=0 wide_entries=0 wide_expected=0 wrapper_entries=0 wrapper_expected=0
ARGUMENTS_PASS m=16 n=1 calls=0 bad=0 expected_panel_stride=128
ALLOC_PASS m=16 n=7 small=1 wide_path=0 history_expected=0 history_calls=0 history_bytes=0 history_success=0 history_fail=0 x_calls=1 x_bytes=1024 x_success=1 x_fail=0 kb_calls=0 kb_bytes=0 kb_success=0 kb_fail=0 total=1 injected=0 history_level=-1 x_level=1 kb_level=-1 shape_bad=0 x_each_worker_once=1
CASE_PASS m=16 n=7 sve16_entries=1 expected=1 old_entries=1 packed_entries=0 packed_expected=0 wide_entries=0 wide_expected=0 wrapper_entries=0 wrapper_expected=0
ARGUMENTS_PASS m=16 n=7 calls=0 bad=0 expected_panel_stride=128
ALLOC_PASS m=16 n=8 small=1 wide_path=0 history_expected=0 history_calls=0 history_bytes=0 history_success=0 history_fail=0 x_calls=1 x_bytes=1024 x_success=1 x_fail=0 kb_calls=0 kb_bytes=0 kb_success=0 kb_fail=0 total=1 injected=0 history_level=-1 x_level=1 kb_level=-1 shape_bad=0 x_each_worker_once=1
CASE_PASS m=16 n=8 sve16_entries=1 expected=1 old_entries=1 packed_entries=0 packed_expected=0 wide_entries=0 wide_expected=0 wrapper_entries=0 wrapper_expected=0
ARGUMENTS_PASS m=16 n=8 calls=0 bad=0 expected_panel_stride=128
ALLOC_PASS m=16 n=9 small=1 wide_path=0 history_expected=0 history_calls=0 history_bytes=0 history_success=0 history_fail=0 x_calls=1 x_bytes=1024 x_success=1 x_fail=0 kb_calls=0 kb_bytes=0 kb_success=0 kb_fail=0 total=1 injected=0 history_level=-1 x_level=1 kb_level=-1 shape_bad=0 x_each_worker_once=1
CASE_PASS m=16 n=9 sve16_entries=2 expected=2 old_entries=2 packed_entries=0 packed_expected=0 wide_entries=0 wide_expected=0 wrapper_entries=0 wrapper_expected=0
ARGUMENTS_PASS m=16 n=9 calls=0 bad=0 expected_panel_stride=128
ALLOC_PASS m=16 n=17 small=1 wide_path=0 history_expected=0 history_calls=0 history_bytes=0 history_success=0 history_fail=0 x_calls=1 x_bytes=1024 x_success=1 x_fail=0 kb_calls=0 kb_bytes=0 kb_success=0 kb_fail=0 total=1 injected=0 history_level=-1 x_level=1 kb_level=-1 shape_bad=0 x_each_worker_once=1
CASE_PASS m=16 n=17 sve16_entries=3 expected=3 old_entries=3 packed_entries=0 packed_expected=0 wide_entries=0 wide_expected=0 wrapper_entries=0 wrapper_expected=0
ARGUMENTS_PASS m=16 n=17 calls=0 bad=0 expected_panel_stride=128
ALLOC_PASS m=17 n=1 small=1 wide_path=0 history_expected=0 history_calls=0 history_bytes=0 history_success=0 history_fail=0 x_calls=1 x_bytes=1088 x_success=1 x_fail=0 kb_calls=0 kb_bytes=0 kb_success=0 kb_fail=0 total=1 injected=0 history_level=-1 x_level=1 kb_level=-1 shape_bad=0 x_each_worker_once=1
CASE_PASS m=17 n=1 sve16_entries=1 expected=1 old_entries=1 packed_entries=0 packed_expected=0 wide_entries=0 wide_expected=0 wrapper_entries=0 wrapper_expected=0
ARGUMENTS_PASS m=17 n=1 calls=0 bad=0 expected_panel_stride=136
ALLOC_PASS m=17 n=7 small=1 wide_path=0 history_expected=0 history_calls=0 history_bytes=0 history_success=0 history_fail=0 x_calls=1 x_bytes=1088 x_success=1 x_fail=0 kb_calls=0 kb_bytes=0 kb_success=0 kb_fail=0 total=1 injected=0 history_level=-1 x_level=1 kb_level=-1 shape_bad=0 x_each_worker_once=1
CASE_PASS m=17 n=7 sve16_entries=1 expected=1 old_entries=1 packed_entries=0 packed_expected=0 wide_entries=0 wide_expected=0 wrapper_entries=0 wrapper_expected=0
ARGUMENTS_PASS m=17 n=7 calls=0 bad=0 expected_panel_stride=136
ALLOC_PASS m=17 n=8 small=1 wide_path=0 history_expected=0 history_calls=0 history_bytes=0 history_success=0 history_fail=0 x_calls=1 x_bytes=1088 x_success=1 x_fail=0 kb_calls=0 kb_bytes=0 kb_success=0 kb_fail=0 total=1 injected=0 history_level=-1 x_level=1 kb_level=-1 shape_bad=0 x_each_worker_once=1
CASE_PASS m=17 n=8 sve16_entries=1 expected=1 old_entries=1 packed_entries=0 packed_expected=0 wide_entries=0 wide_expected=0 wrapper_entries=0 wrapper_expected=0
ARGUMENTS_PASS m=17 n=8 calls=0 bad=0 expected_panel_stride=136
ALLOC_PASS m=17 n=9 small=1 wide_path=0 history_expected=0 history_calls=0 history_bytes=0 history_success=0 history_fail=0 x_calls=1 x_bytes=1088 x_success=1 x_fail=0 kb_calls=0 kb_bytes=0 kb_success=0 kb_fail=0 total=1 injected=0 history_level=-1 x_level=1 kb_level=-1 shape_bad=0 x_each_worker_once=1
CASE_PASS m=17 n=9 sve16_entries=2 expected=2 old_entries=2 packed_entries=0 packed_expected=0 wide_entries=0 wide_expected=0 wrapper_entries=0 wrapper_expected=0
ARGUMENTS_PASS m=17 n=9 calls=0 bad=0 expected_panel_stride=136
ALLOC_PASS m=17 n=17 small=1 wide_path=0 history_expected=0 history_calls=0 history_bytes=0 history_success=0 history_fail=0 x_calls=1 x_bytes=1088 x_success=1 x_fail=0 kb_calls=0 kb_bytes=0 kb_success=0 kb_fail=0 total=1 injected=0 history_level=-1 x_level=1 kb_level=-1 shape_bad=0 x_each_worker_once=1
CASE_PASS m=17 n=17 sve16_entries=3 expected=3 old_entries=3 packed_entries=0 packed_expected=0 wide_entries=0 wide_expected=0 wrapper_entries=0 wrapper_expected=0
ARGUMENTS_PASS m=17 n=17 calls=0 bad=0 expected_panel_stride=136
ALLOC_PASS m=31 n=1 small=1 wide_path=0 history_expected=0 history_calls=0 history_bytes=0 history_success=0 history_fail=0 x_calls=1 x_bytes=1984 x_success=1 x_fail=0 kb_calls=0 kb_bytes=0 kb_success=0 kb_fail=0 total=1 injected=0 history_level=-1 x_level=1 kb_level=-1 shape_bad=0 x_each_worker_once=1
CASE_PASS m=31 n=1 sve16_entries=1 expected=1 old_entries=1 packed_entries=0 packed_expected=0 wide_entries=0 wide_expected=0 wrapper_entries=0 wrapper_expected=0
ARGUMENTS_PASS m=31 n=1 calls=0 bad=0 expected_panel_stride=248
ALLOC_PASS m=31 n=7 small=1 wide_path=0 history_expected=0 history_calls=0 history_bytes=0 history_success=0 history_fail=0 x_calls=1 x_bytes=1984 x_success=1 x_fail=0 kb_calls=0 kb_bytes=0 kb_success=0 kb_fail=0 total=1 injected=0 history_level=-1 x_level=1 kb_level=-1 shape_bad=0 x_each_worker_once=1
CASE_PASS m=31 n=7 sve16_entries=1 expected=1 old_entries=1 packed_entries=0 packed_expected=0 wide_entries=0 wide_expected=0 wrapper_entries=0 wrapper_expected=0
ARGUMENTS_PASS m=31 n=7 calls=0 bad=0 expected_panel_stride=248
ALLOC_PASS m=31 n=8 small=1 wide_path=0 history_expected=0 history_calls=0 history_bytes=0 history_success=0 history_fail=0 x_calls=1 x_bytes=1984 x_success=1 x_fail=0 kb_calls=0 kb_bytes=0 kb_success=0 kb_fail=0 total=1 injected=0 history_level=-1 x_level=1 kb_level=-1 shape_bad=0 x_each_worker_once=1
CASE_PASS m=31 n=8 sve16_entries=1 expected=1 old_entries=1 packed_entries=0 packed_expected=0 wide_entries=0 wide_expected=0 wrapper_entries=0 wrapper_expected=0
ARGUMENTS_PASS m=31 n=8 calls=0 bad=0 expected_panel_stride=248
ALLOC_PASS m=31 n=9 small=1 wide_path=0 history_expected=0 history_calls=0 history_bytes=0 history_success=0 history_fail=0 x_calls=1 x_bytes=1984 x_success=1 x_fail=0 kb_calls=0 kb_bytes=0 kb_success=0 kb_fail=0 total=1 injected=0 history_level=-1 x_level=1 kb_level=-1 shape_bad=0 x_each_worker_once=1
CASE_PASS m=31 n=9 sve16_entries=2 expected=2 old_entries=2 packed_entries=0 packed_expected=0 wide_entries=0 wide_expected=0 wrapper_entries=0 wrapper_expected=0
ARGUMENTS_PASS m=31 n=9 calls=0 bad=0 expected_panel_stride=248
ALLOC_PASS m=31 n=17 small=1 wide_path=0 history_expected=0 history_calls=0 history_bytes=0 history_success=0 history_fail=0 x_calls=1 x_bytes=1984 x_success=1 x_fail=0 kb_calls=0 kb_bytes=0 kb_success=0 kb_fail=0 total=1 injected=0 history_level=-1 x_level=1 kb_level=-1 shape_bad=0 x_each_worker_once=1
CASE_PASS m=31 n=17 sve16_entries=3 expected=3 old_entries=3 packed_entries=0 packed_expected=0 wide_entries=0 wide_expected=0 wrapper_entries=0 wrapper_expected=0
ARGUMENTS_PASS m=31 n=17 calls=0 bad=0 expected_panel_stride=248
ALLOC_PASS m=32 n=1 small=1 wide_path=0 history_expected=1 history_calls=1 history_bytes=2048 history_success=1 history_fail=0 x_calls=1 x_bytes=2048 x_success=1 x_fail=0 kb_calls=0 kb_bytes=0 kb_success=0 kb_fail=0 total=2 injected=0 history_level=0 x_level=1 kb_level=-1 shape_bad=0 x_each_worker_once=1
CASE_PASS m=32 n=1 sve16_entries=2 expected=2 old_entries=1 packed_entries=1 packed_expected=1 wide_entries=0 wide_expected=0 wrapper_entries=0 wrapper_expected=0
ARGUMENTS_PASS m=32 n=1 calls=0 bad=0 expected_panel_stride=256
ALLOC_PASS m=32 n=7 small=1 wide_path=0 history_expected=1 history_calls=1 history_bytes=2048 history_success=1 history_fail=0 x_calls=1 x_bytes=2048 x_success=1 x_fail=0 kb_calls=0 kb_bytes=0 kb_success=0 kb_fail=0 total=2 injected=0 history_level=0 x_level=1 kb_level=-1 shape_bad=0 x_each_worker_once=1
CASE_PASS m=32 n=7 sve16_entries=2 expected=2 old_entries=1 packed_entries=1 packed_expected=1 wide_entries=0 wide_expected=0 wrapper_entries=0 wrapper_expected=0
ARGUMENTS_PASS m=32 n=7 calls=0 bad=0 expected_panel_stride=256
ALLOC_PASS m=32 n=8 small=1 wide_path=0 history_expected=1 history_calls=1 history_bytes=2048 history_success=1 history_fail=0 x_calls=1 x_bytes=2048 x_success=1 x_fail=0 kb_calls=0 kb_bytes=0 kb_success=0 kb_fail=0 total=2 injected=0 history_level=0 x_level=1 kb_level=-1 shape_bad=0 x_each_worker_once=1
CASE_PASS m=32 n=8 sve16_entries=2 expected=2 old_entries=1 packed_entries=1 packed_expected=1 wide_entries=0 wide_expected=0 wrapper_entries=0 wrapper_expected=0
ARGUMENTS_PASS m=32 n=8 calls=0 bad=0 expected_panel_stride=256
ALLOC_PASS m=32 n=9 small=1 wide_path=0 history_expected=1 history_calls=1 history_bytes=2048 history_success=1 history_fail=0 x_calls=1 x_bytes=2048 x_success=1 x_fail=0 kb_calls=0 kb_bytes=0 kb_success=0 kb_fail=0 total=2 injected=0 history_level=0 x_level=1 kb_level=-1 shape_bad=0 x_each_worker_once=1
CASE_PASS m=32 n=9 sve16_entries=4 expected=4 old_entries=2 packed_entries=2 packed_expected=2 wide_entries=0 wide_expected=0 wrapper_entries=0 wrapper_expected=0
ARGUMENTS_PASS m=32 n=9 calls=0 bad=0 expected_panel_stride=256
ALLOC_PASS m=32 n=17 small=1 wide_path=0 history_expected=1 history_calls=1 history_bytes=2048 history_success=1 history_fail=0 x_calls=1 x_bytes=2048 x_success=1 x_fail=0 kb_calls=0 kb_bytes=0 kb_success=0 kb_fail=0 total=2 injected=0 history_level=0 x_level=1 kb_level=-1 shape_bad=0 x_each_worker_once=1
CASE_PASS m=32 n=17 sve16_entries=6 expected=6 old_entries=3 packed_entries=3 packed_expected=3 wide_entries=0 wide_expected=0 wrapper_entries=0 wrapper_expected=0
ARGUMENTS_PASS m=32 n=17 calls=0 bad=0 expected_panel_stride=256
ALLOC_PASS m=33 n=1 small=1 wide_path=0 history_expected=1 history_calls=1 history_bytes=2048 history_success=1 history_fail=0 x_calls=1 x_bytes=2112 x_success=1 x_fail=0 kb_calls=0 kb_bytes=0 kb_success=0 kb_fail=0 total=2 injected=0 history_level=0 x_level=1 kb_level=-1 shape_bad=0 x_each_worker_once=1
CASE_PASS m=33 n=1 sve16_entries=2 expected=2 old_entries=1 packed_entries=1 packed_expected=1 wide_entries=0 wide_expected=0 wrapper_entries=0 wrapper_expected=0
ARGUMENTS_PASS m=33 n=1 calls=0 bad=0 expected_panel_stride=264
ALLOC_PASS m=33 n=7 small=1 wide_path=0 history_expected=1 history_calls=1 history_bytes=2048 history_success=1 history_fail=0 x_calls=1 x_bytes=2112 x_success=1 x_fail=0 kb_calls=0 kb_bytes=0 kb_success=0 kb_fail=0 total=2 injected=0 history_level=0 x_level=1 kb_level=-1 shape_bad=0 x_each_worker_once=1
CASE_PASS m=33 n=7 sve16_entries=2 expected=2 old_entries=1 packed_entries=1 packed_expected=1 wide_entries=0 wide_expected=0 wrapper_entries=0 wrapper_expected=0
ARGUMENTS_PASS m=33 n=7 calls=0 bad=0 expected_panel_stride=264
ALLOC_PASS m=33 n=8 small=1 wide_path=0 history_expected=1 history_calls=1 history_bytes=2048 history_success=1 history_fail=0 x_calls=1 x_bytes=2112 x_success=1 x_fail=0 kb_calls=0 kb_bytes=0 kb_success=0 kb_fail=0 total=2 injected=0 history_level=0 x_level=1 kb_level=-1 shape_bad=0 x_each_worker_once=1
CASE_PASS m=33 n=8 sve16_entries=2 expected=2 old_entries=1 packed_entries=1 packed_expected=1 wide_entries=0 wide_expected=0 wrapper_entries=0 wrapper_expected=0
ARGUMENTS_PASS m=33 n=8 calls=0 bad=0 expected_panel_stride=264
ALLOC_PASS m=33 n=9 small=1 wide_path=0 history_expected=1 history_calls=1 history_bytes=2048 history_success=1 history_fail=0 x_calls=1 x_bytes=2112 x_success=1 x_fail=0 kb_calls=0 kb_bytes=0 kb_success=0 kb_fail=0 total=2 injected=0 history_level=0 x_level=1 kb_level=-1 shape_bad=0 x_each_worker_once=1
CASE_PASS m=33 n=9 sve16_entries=4 expected=4 old_entries=2 packed_entries=2 packed_expected=2 wide_entries=0 wide_expected=0 wrapper_entries=0 wrapper_expected=0
ARGUMENTS_PASS m=33 n=9 calls=0 bad=0 expected_panel_stride=264
ALLOC_PASS m=33 n=17 small=1 wide_path=0 history_expected=1 history_calls=1 history_bytes=2048 history_success=1 history_fail=0 x_calls=1 x_bytes=2112 x_success=1 x_fail=0 kb_calls=0 kb_bytes=0 kb_success=0 kb_fail=0 total=2 injected=0 history_level=0 x_level=1 kb_level=-1 shape_bad=0 x_each_worker_once=1
CASE_PASS m=33 n=17 sve16_entries=6 expected=6 old_entries=3 packed_entries=3 packed_expected=3 wide_entries=0 wide_expected=0 wrapper_entries=0 wrapper_expected=0
ARGUMENTS_PASS m=33 n=17 calls=0 bad=0 expected_panel_stride=264
ALLOC_PASS m=63 n=1 small=1 wide_path=0 history_expected=1 history_calls=1 history_bytes=6144 history_success=1 history_fail=0 x_calls=1 x_bytes=4032 x_success=1 x_fail=0 kb_calls=0 kb_bytes=0 kb_success=0 kb_fail=0 total=2 injected=0 history_level=0 x_level=1 kb_level=-1 shape_bad=0 x_each_worker_once=1
CASE_PASS m=63 n=1 sve16_entries=3 expected=3 old_entries=1 packed_entries=2 packed_expected=2 wide_entries=0 wide_expected=0 wrapper_entries=0 wrapper_expected=0
ARGUMENTS_PASS m=63 n=1 calls=0 bad=0 expected_panel_stride=504
ALLOC_PASS m=63 n=7 small=1 wide_path=0 history_expected=1 history_calls=1 history_bytes=6144 history_success=1 history_fail=0 x_calls=1 x_bytes=4032 x_success=1 x_fail=0 kb_calls=0 kb_bytes=0 kb_success=0 kb_fail=0 total=2 injected=0 history_level=0 x_level=1 kb_level=-1 shape_bad=0 x_each_worker_once=1
CASE_PASS m=63 n=7 sve16_entries=3 expected=3 old_entries=1 packed_entries=2 packed_expected=2 wide_entries=0 wide_expected=0 wrapper_entries=0 wrapper_expected=0
ARGUMENTS_PASS m=63 n=7 calls=0 bad=0 expected_panel_stride=504
ALLOC_PASS m=63 n=8 small=1 wide_path=0 history_expected=1 history_calls=1 history_bytes=6144 history_success=1 history_fail=0 x_calls=1 x_bytes=4032 x_success=1 x_fail=0 kb_calls=0 kb_bytes=0 kb_success=0 kb_fail=0 total=2 injected=0 history_level=0 x_level=1 kb_level=-1 shape_bad=0 x_each_worker_once=1
CASE_PASS m=63 n=8 sve16_entries=3 expected=3 old_entries=1 packed_entries=2 packed_expected=2 wide_entries=0 wide_expected=0 wrapper_entries=0 wrapper_expected=0
ARGUMENTS_PASS m=63 n=8 calls=0 bad=0 expected_panel_stride=504
ALLOC_PASS m=63 n=9 small=1 wide_path=0 history_expected=1 history_calls=1 history_bytes=6144 history_success=1 history_fail=0 x_calls=1 x_bytes=4032 x_success=1 x_fail=0 kb_calls=0 kb_bytes=0 kb_success=0 kb_fail=0 total=2 injected=0 history_level=0 x_level=1 kb_level=-1 shape_bad=0 x_each_worker_once=1
CASE_PASS m=63 n=9 sve16_entries=6 expected=6 old_entries=2 packed_entries=4 packed_expected=4 wide_entries=0 wide_expected=0 wrapper_entries=0 wrapper_expected=0
ARGUMENTS_PASS m=63 n=9 calls=0 bad=0 expected_panel_stride=504
ALLOC_PASS m=63 n=17 small=1 wide_path=0 history_expected=1 history_calls=1 history_bytes=6144 history_success=1 history_fail=0 x_calls=1 x_bytes=4032 x_success=1 x_fail=0 kb_calls=0 kb_bytes=0 kb_success=0 kb_fail=0 total=2 injected=0 history_level=0 x_level=1 kb_level=-1 shape_bad=0 x_each_worker_once=1
CASE_PASS m=63 n=17 sve16_entries=9 expected=9 old_entries=3 packed_entries=6 packed_expected=6 wide_entries=0 wide_expected=0 wrapper_entries=0 wrapper_expected=0
ARGUMENTS_PASS m=63 n=17 calls=0 bad=0 expected_panel_stride=504
ALLOC_PASS m=64 n=1 small=1 wide_path=0 history_expected=1 history_calls=1 history_bytes=12288 history_success=1 history_fail=0 x_calls=1 x_bytes=4096 x_success=1 x_fail=0 kb_calls=0 kb_bytes=0 kb_success=0 kb_fail=0 total=2 injected=0 history_level=0 x_level=1 kb_level=-1 shape_bad=0 x_each_worker_once=1
CASE_PASS m=64 n=1 sve16_entries=4 expected=4 old_entries=1 packed_entries=3 packed_expected=3 wide_entries=0 wide_expected=0 wrapper_entries=0 wrapper_expected=0
ARGUMENTS_PASS m=64 n=1 calls=0 bad=0 expected_panel_stride=512
ALLOC_PASS m=64 n=7 small=1 wide_path=0 history_expected=1 history_calls=1 history_bytes=12288 history_success=1 history_fail=0 x_calls=1 x_bytes=4096 x_success=1 x_fail=0 kb_calls=0 kb_bytes=0 kb_success=0 kb_fail=0 total=2 injected=0 history_level=0 x_level=1 kb_level=-1 shape_bad=0 x_each_worker_once=1
CASE_PASS m=64 n=7 sve16_entries=4 expected=4 old_entries=1 packed_entries=3 packed_expected=3 wide_entries=0 wide_expected=0 wrapper_entries=0 wrapper_expected=0
ARGUMENTS_PASS m=64 n=7 calls=0 bad=0 expected_panel_stride=512
ALLOC_PASS m=64 n=8 small=1 wide_path=0 history_expected=1 history_calls=1 history_bytes=12288 history_success=1 history_fail=0 x_calls=1 x_bytes=4096 x_success=1 x_fail=0 kb_calls=0 kb_bytes=0 kb_success=0 kb_fail=0 total=2 injected=0 history_level=0 x_level=1 kb_level=-1 shape_bad=0 x_each_worker_once=1
CASE_PASS m=64 n=8 sve16_entries=4 expected=4 old_entries=1 packed_entries=3 packed_expected=3 wide_entries=0 wide_expected=0 wrapper_entries=0 wrapper_expected=0
ARGUMENTS_PASS m=64 n=8 calls=0 bad=0 expected_panel_stride=512
ALLOC_PASS m=64 n=9 small=1 wide_path=0 history_expected=1 history_calls=1 history_bytes=12288 history_success=1 history_fail=0 x_calls=1 x_bytes=4096 x_success=1 x_fail=0 kb_calls=0 kb_bytes=0 kb_success=0 kb_fail=0 total=2 injected=0 history_level=0 x_level=1 kb_level=-1 shape_bad=0 x_each_worker_once=1
CASE_PASS m=64 n=9 sve16_entries=8 expected=8 old_entries=2 packed_entries=6 packed_expected=6 wide_entries=0 wide_expected=0 wrapper_entries=0 wrapper_expected=0
ARGUMENTS_PASS m=64 n=9 calls=0 bad=0 expected_panel_stride=512
ALLOC_PASS m=64 n=17 small=1 wide_path=0 history_expected=1 history_calls=1 history_bytes=12288 history_success=1 history_fail=0 x_calls=1 x_bytes=4096 x_success=1 x_fail=0 kb_calls=0 kb_bytes=0 kb_success=0 kb_fail=0 total=2 injected=0 history_level=0 x_level=1 kb_level=-1 shape_bad=0 x_each_worker_once=1
CASE_PASS m=64 n=17 sve16_entries=12 expected=12 old_entries=3 packed_entries=9 packed_expected=9 wide_entries=0 wide_expected=0 wrapper_entries=0 wrapper_expected=0
ARGUMENTS_PASS m=64 n=17 calls=0 bad=0 expected_panel_stride=512
ALLOC_PASS m=65 n=1 small=1 wide_path=0 history_expected=1 history_calls=1 history_bytes=12288 history_success=1 history_fail=0 x_calls=1 x_bytes=4160 x_success=1 x_fail=0 kb_calls=0 kb_bytes=0 kb_success=0 kb_fail=0 total=2 injected=0 history_level=0 x_level=1 kb_level=-1 shape_bad=0 x_each_worker_once=1
CASE_PASS m=65 n=1 sve16_entries=4 expected=4 old_entries=1 packed_entries=3 packed_expected=3 wide_entries=0 wide_expected=0 wrapper_entries=0 wrapper_expected=0
ARGUMENTS_PASS m=65 n=1 calls=0 bad=0 expected_panel_stride=520
ALLOC_PASS m=65 n=7 small=1 wide_path=0 history_expected=1 history_calls=1 history_bytes=12288 history_success=1 history_fail=0 x_calls=1 x_bytes=4160 x_success=1 x_fail=0 kb_calls=0 kb_bytes=0 kb_success=0 kb_fail=0 total=2 injected=0 history_level=0 x_level=1 kb_level=-1 shape_bad=0 x_each_worker_once=1
CASE_PASS m=65 n=7 sve16_entries=4 expected=4 old_entries=1 packed_entries=3 packed_expected=3 wide_entries=0 wide_expected=0 wrapper_entries=0 wrapper_expected=0
ARGUMENTS_PASS m=65 n=7 calls=0 bad=0 expected_panel_stride=520
ALLOC_PASS m=65 n=8 small=1 wide_path=0 history_expected=1 history_calls=1 history_bytes=12288 history_success=1 history_fail=0 x_calls=1 x_bytes=4160 x_success=1 x_fail=0 kb_calls=0 kb_bytes=0 kb_success=0 kb_fail=0 total=2 injected=0 history_level=0 x_level=1 kb_level=-1 shape_bad=0 x_each_worker_once=1
CASE_PASS m=65 n=8 sve16_entries=4 expected=4 old_entries=1 packed_entries=3 packed_expected=3 wide_entries=0 wide_expected=0 wrapper_entries=0 wrapper_expected=0
ARGUMENTS_PASS m=65 n=8 calls=0 bad=0 expected_panel_stride=520
ALLOC_PASS m=65 n=9 small=1 wide_path=0 history_expected=1 history_calls=1 history_bytes=12288 history_success=1 history_fail=0 x_calls=1 x_bytes=4160 x_success=1 x_fail=0 kb_calls=0 kb_bytes=0 kb_success=0 kb_fail=0 total=2 injected=0 history_level=0 x_level=1 kb_level=-1 shape_bad=0 x_each_worker_once=1
CASE_PASS m=65 n=9 sve16_entries=8 expected=8 old_entries=2 packed_entries=6 packed_expected=6 wide_entries=0 wide_expected=0 wrapper_entries=0 wrapper_expected=0
ARGUMENTS_PASS m=65 n=9 calls=0 bad=0 expected_panel_stride=520
ALLOC_PASS m=65 n=17 small=1 wide_path=0 history_expected=1 history_calls=1 history_bytes=12288 history_success=1 history_fail=0 x_calls=1 x_bytes=4160 x_success=1 x_fail=0 kb_calls=0 kb_bytes=0 kb_success=0 kb_fail=0 total=2 injected=0 history_level=0 x_level=1 kb_level=-1 shape_bad=0 x_each_worker_once=1
CASE_PASS m=65 n=17 sve16_entries=12 expected=12 old_entries=3 packed_entries=9 packed_expected=9 wide_entries=0 wide_expected=0 wrapper_entries=0 wrapper_expected=0
ARGUMENTS_PASS m=65 n=17 calls=0 bad=0 expected_panel_stride=520
ALLOC_PASS m=255 n=1 small=1 wide_path=0 history_expected=1 history_calls=1 history_bytes=215040 history_success=1 history_fail=0 x_calls=1 x_bytes=16320 x_success=1 x_fail=0 kb_calls=0 kb_bytes=0 kb_success=0 kb_fail=0 total=2 injected=0 history_level=0 x_level=1 kb_level=-1 shape_bad=0 x_each_worker_once=1
CASE_PASS m=255 n=1 sve16_entries=15 expected=15 old_entries=1 packed_entries=14 packed_expected=14 wide_entries=0 wide_expected=0 wrapper_entries=0 wrapper_expected=0
ARGUMENTS_PASS m=255 n=1 calls=0 bad=0 expected_panel_stride=2040
ALLOC_PASS m=255 n=7 small=1 wide_path=0 history_expected=1 history_calls=1 history_bytes=215040 history_success=1 history_fail=0 x_calls=1 x_bytes=16320 x_success=1 x_fail=0 kb_calls=0 kb_bytes=0 kb_success=0 kb_fail=0 total=2 injected=0 history_level=0 x_level=1 kb_level=-1 shape_bad=0 x_each_worker_once=1
CASE_PASS m=255 n=7 sve16_entries=15 expected=15 old_entries=1 packed_entries=14 packed_expected=14 wide_entries=0 wide_expected=0 wrapper_entries=0 wrapper_expected=0
ARGUMENTS_PASS m=255 n=7 calls=0 bad=0 expected_panel_stride=2040
ALLOC_PASS m=255 n=8 small=1 wide_path=0 history_expected=1 history_calls=1 history_bytes=215040 history_success=1 history_fail=0 x_calls=1 x_bytes=16320 x_success=1 x_fail=0 kb_calls=0 kb_bytes=0 kb_success=0 kb_fail=0 total=2 injected=0 history_level=0 x_level=1 kb_level=-1 shape_bad=0 x_each_worker_once=1
CASE_PASS m=255 n=8 sve16_entries=15 expected=15 old_entries=1 packed_entries=14 packed_expected=14 wide_entries=0 wide_expected=0 wrapper_entries=0 wrapper_expected=0
ARGUMENTS_PASS m=255 n=8 calls=0 bad=0 expected_panel_stride=2040
ALLOC_PASS m=255 n=9 small=1 wide_path=0 history_expected=1 history_calls=1 history_bytes=215040 history_success=1 history_fail=0 x_calls=1 x_bytes=16320 x_success=1 x_fail=0 kb_calls=0 kb_bytes=0 kb_success=0 kb_fail=0 total=2 injected=0 history_level=0 x_level=1 kb_level=-1 shape_bad=0 x_each_worker_once=1
CASE_PASS m=255 n=9 sve16_entries=30 expected=30 old_entries=2 packed_entries=28 packed_expected=28 wide_entries=0 wide_expected=0 wrapper_entries=0 wrapper_expected=0
ARGUMENTS_PASS m=255 n=9 calls=0 bad=0 expected_panel_stride=2040
ALLOC_PASS m=255 n=17 small=1 wide_path=0 history_expected=1 history_calls=1 history_bytes=215040 history_success=1 history_fail=0 x_calls=1 x_bytes=16320 x_success=1 x_fail=0 kb_calls=0 kb_bytes=0 kb_success=0 kb_fail=0 total=2 injected=0 history_level=0 x_level=1 kb_level=-1 shape_bad=0 x_each_worker_once=1
CASE_PASS m=255 n=17 sve16_entries=45 expected=45 old_entries=3 packed_entries=42 packed_expected=42 wide_entries=0 wide_expected=0 wrapper_entries=0 wrapper_expected=0
ARGUMENTS_PASS m=255 n=17 calls=0 bad=0 expected_panel_stride=2040
ALLOC_PASS m=256 n=1 small=1 wide_path=0 history_expected=1 history_calls=1 history_bytes=245760 history_success=1 history_fail=0 x_calls=1 x_bytes=16384 x_success=1 x_fail=0 kb_calls=0 kb_bytes=0 kb_success=0 kb_fail=0 total=2 injected=0 history_level=0 x_level=1 kb_level=-1 shape_bad=0 x_each_worker_once=1
CASE_PASS m=256 n=1 sve16_entries=16 expected=16 old_entries=1 packed_entries=15 packed_expected=15 wide_entries=0 wide_expected=0 wrapper_entries=0 wrapper_expected=0
ARGUMENTS_PASS m=256 n=1 calls=0 bad=0 expected_panel_stride=2048
ALLOC_PASS m=256 n=7 small=1 wide_path=0 history_expected=1 history_calls=1 history_bytes=245760 history_success=1 history_fail=0 x_calls=1 x_bytes=16384 x_success=1 x_fail=0 kb_calls=0 kb_bytes=0 kb_success=0 kb_fail=0 total=2 injected=0 history_level=0 x_level=1 kb_level=-1 shape_bad=0 x_each_worker_once=1
CASE_PASS m=256 n=7 sve16_entries=16 expected=16 old_entries=1 packed_entries=15 packed_expected=15 wide_entries=0 wide_expected=0 wrapper_entries=0 wrapper_expected=0
ARGUMENTS_PASS m=256 n=7 calls=0 bad=0 expected_panel_stride=2048
ALLOC_PASS m=256 n=8 small=1 wide_path=0 history_expected=1 history_calls=1 history_bytes=245760 history_success=1 history_fail=0 x_calls=1 x_bytes=16384 x_success=1 x_fail=0 kb_calls=0 kb_bytes=0 kb_success=0 kb_fail=0 total=2 injected=0 history_level=0 x_level=1 kb_level=-1 shape_bad=0 x_each_worker_once=1
CASE_PASS m=256 n=8 sve16_entries=16 expected=16 old_entries=1 packed_entries=15 packed_expected=15 wide_entries=0 wide_expected=0 wrapper_entries=0 wrapper_expected=0
ARGUMENTS_PASS m=256 n=8 calls=0 bad=0 expected_panel_stride=2048
ALLOC_PASS m=256 n=9 small=1 wide_path=0 history_expected=1 history_calls=1 history_bytes=245760 history_success=1 history_fail=0 x_calls=1 x_bytes=16384 x_success=1 x_fail=0 kb_calls=0 kb_bytes=0 kb_success=0 kb_fail=0 total=2 injected=0 history_level=0 x_level=1 kb_level=-1 shape_bad=0 x_each_worker_once=1
CASE_PASS m=256 n=9 sve16_entries=32 expected=32 old_entries=2 packed_entries=30 packed_expected=30 wide_entries=0 wide_expected=0 wrapper_entries=0 wrapper_expected=0
ARGUMENTS_PASS m=256 n=9 calls=0 bad=0 expected_panel_stride=2048
ALLOC_PASS m=256 n=17 small=1 wide_path=0 history_expected=1 history_calls=1 history_bytes=245760 history_success=1 history_fail=0 x_calls=1 x_bytes=16384 x_success=1 x_fail=0 kb_calls=0 kb_bytes=0 kb_success=0 kb_fail=0 total=2 injected=0 history_level=0 x_level=1 kb_level=-1 shape_bad=0 x_each_worker_once=1
CASE_PASS m=256 n=17 sve16_entries=48 expected=48 old_entries=3 packed_entries=45 packed_expected=45 wide_entries=0 wide_expected=0 wrapper_entries=0 wrapper_expected=0
ARGUMENTS_PASS m=256 n=17 calls=0 bad=0 expected_panel_stride=2048
ALLOC_PASS m=257 n=1 small=1 wide_path=0 history_expected=1 history_calls=1 history_bytes=245760 history_success=1 history_fail=0 x_calls=1 x_bytes=16448 x_success=1 x_fail=0 kb_calls=0 kb_bytes=0 kb_success=0 kb_fail=0 total=2 injected=0 history_level=0 x_level=1 kb_level=-1 shape_bad=0 x_each_worker_once=1
CASE_PASS m=257 n=1 sve16_entries=16 expected=16 old_entries=1 packed_entries=15 packed_expected=15 wide_entries=0 wide_expected=0 wrapper_entries=0 wrapper_expected=0
ARGUMENTS_PASS m=257 n=1 calls=0 bad=0 expected_panel_stride=2056
ALLOC_PASS m=257 n=7 small=1 wide_path=0 history_expected=1 history_calls=1 history_bytes=245760 history_success=1 history_fail=0 x_calls=1 x_bytes=16448 x_success=1 x_fail=0 kb_calls=0 kb_bytes=0 kb_success=0 kb_fail=0 total=2 injected=0 history_level=0 x_level=1 kb_level=-1 shape_bad=0 x_each_worker_once=1
CASE_PASS m=257 n=7 sve16_entries=16 expected=16 old_entries=1 packed_entries=15 packed_expected=15 wide_entries=0 wide_expected=0 wrapper_entries=0 wrapper_expected=0
ARGUMENTS_PASS m=257 n=7 calls=0 bad=0 expected_panel_stride=2056
ALLOC_PASS m=257 n=8 small=1 wide_path=0 history_expected=1 history_calls=1 history_bytes=245760 history_success=1 history_fail=0 x_calls=1 x_bytes=16448 x_success=1 x_fail=0 kb_calls=0 kb_bytes=0 kb_success=0 kb_fail=0 total=2 injected=0 history_level=0 x_level=1 kb_level=-1 shape_bad=0 x_each_worker_once=1
CASE_PASS m=257 n=8 sve16_entries=16 expected=16 old_entries=1 packed_entries=15 packed_expected=15 wide_entries=0 wide_expected=0 wrapper_entries=0 wrapper_expected=0
ARGUMENTS_PASS m=257 n=8 calls=0 bad=0 expected_panel_stride=2056
ALLOC_PASS m=257 n=9 small=1 wide_path=0 history_expected=1 history_calls=1 history_bytes=245760 history_success=1 history_fail=0 x_calls=1 x_bytes=16448 x_success=1 x_fail=0 kb_calls=0 kb_bytes=0 kb_success=0 kb_fail=0 total=2 injected=0 history_level=0 x_level=1 kb_level=-1 shape_bad=0 x_each_worker_once=1
CASE_PASS m=257 n=9 sve16_entries=32 expected=32 old_entries=2 packed_entries=30 packed_expected=30 wide_entries=0 wide_expected=0 wrapper_entries=0 wrapper_expected=0
ARGUMENTS_PASS m=257 n=9 calls=0 bad=0 expected_panel_stride=2056
ALLOC_PASS m=257 n=17 small=1 wide_path=0 history_expected=1 history_calls=1 history_bytes=245760 history_success=1 history_fail=0 x_calls=1 x_bytes=16448 x_success=1 x_fail=0 kb_calls=0 kb_bytes=0 kb_success=0 kb_fail=0 total=2 injected=0 history_level=0 x_level=1 kb_level=-1 shape_bad=0 x_each_worker_once=1
CASE_PASS m=257 n=17 sve16_entries=48 expected=48 old_entries=3 packed_entries=45 packed_expected=45 wide_entries=0 wide_expected=0 wrapper_entries=0 wrapper_expected=0
ARGUMENTS_PASS m=257 n=17 calls=0 bad=0 expected_panel_stride=2056
ALLOCATION_SUMMARY_PASS cases=80 budget_cases=0 shared_injection_cases=0
PASS whole_cases=80 noop_cases=4 non_dyadic_long_double_RHS=1 padding_L_unchanged=1 max_error=1.1102230246251565e-16
SOURCE_FEATURES_PASS panel16=1 packedL16=1 has_budget=1 history_budget_bytes=4194304 panel8x16=1
MODE=full THREADS=4 NARROW_VL=0 EXPECT_SVE16=1 EXPECT_PACKEDL16=1
ALLOC_PASS m=1 n=1 small=1 wide_path=0 history_expected=0 history_calls=0 history_bytes=0 history_success=0 history_fail=0 x_calls=4 x_bytes=256 x_success=4 x_fail=0 kb_calls=0 kb_bytes=0 kb_success=0 kb_fail=0 total=4 injected=0 history_level=-1 x_level=1 kb_level=-1 shape_bad=0 x_each_worker_once=1
CASE_PASS m=1 n=1 sve16_entries=0 expected=0 old_entries=0 packed_entries=0 packed_expected=0 wide_entries=0 wide_expected=0 wrapper_entries=0 wrapper_expected=0
ARGUMENTS_PASS m=1 n=1 calls=0 bad=0 expected_panel_stride=8
ALLOC_PASS m=1 n=7 small=1 wide_path=0 history_expected=0 history_calls=0 history_bytes=0 history_success=0 history_fail=0 x_calls=4 x_bytes=256 x_success=4 x_fail=0 kb_calls=0 kb_bytes=0 kb_success=0 kb_fail=0 total=4 injected=0 history_level=-1 x_level=1 kb_level=-1 shape_bad=0 x_each_worker_once=1
CASE_PASS m=1 n=7 sve16_entries=0 expected=0 old_entries=0 packed_entries=0 packed_expected=0 wide_entries=0 wide_expected=0 wrapper_entries=0 wrapper_expected=0
ARGUMENTS_PASS m=1 n=7 calls=0 bad=0 expected_panel_stride=8
ALLOC_PASS m=1 n=8 small=1 wide_path=0 history_expected=0 history_calls=0 history_bytes=0 history_success=0 history_fail=0 x_calls=4 x_bytes=256 x_success=4 x_fail=0 kb_calls=0 kb_bytes=0 kb_success=0 kb_fail=0 total=4 injected=0 history_level=-1 x_level=1 kb_level=-1 shape_bad=0 x_each_worker_once=1
CASE_PASS m=1 n=8 sve16_entries=0 expected=0 old_entries=0 packed_entries=0 packed_expected=0 wide_entries=0 wide_expected=0 wrapper_entries=0 wrapper_expected=0
ARGUMENTS_PASS m=1 n=8 calls=0 bad=0 expected_panel_stride=8
ALLOC_PASS m=1 n=9 small=1 wide_path=0 history_expected=0 history_calls=0 history_bytes=0 history_success=0 history_fail=0 x_calls=4 x_bytes=256 x_success=4 x_fail=0 kb_calls=0 kb_bytes=0 kb_success=0 kb_fail=0 total=4 injected=0 history_level=-1 x_level=1 kb_level=-1 shape_bad=0 x_each_worker_once=1
CASE_PASS m=1 n=9 sve16_entries=0 expected=0 old_entries=0 packed_entries=0 packed_expected=0 wide_entries=0 wide_expected=0 wrapper_entries=0 wrapper_expected=0
ARGUMENTS_PASS m=1 n=9 calls=0 bad=0 expected_panel_stride=8
ALLOC_PASS m=1 n=17 small=1 wide_path=0 history_expected=0 history_calls=0 history_bytes=0 history_success=0 history_fail=0 x_calls=4 x_bytes=256 x_success=4 x_fail=0 kb_calls=0 kb_bytes=0 kb_success=0 kb_fail=0 total=4 injected=0 history_level=-1 x_level=1 kb_level=-1 shape_bad=0 x_each_worker_once=1
CASE_PASS m=1 n=17 sve16_entries=0 expected=0 old_entries=0 packed_entries=0 packed_expected=0 wide_entries=0 wide_expected=0 wrapper_entries=0 wrapper_expected=0
ARGUMENTS_PASS m=1 n=17 calls=0 bad=0 expected_panel_stride=8
ALLOC_PASS m=3 n=1 small=1 wide_path=0 history_expected=0 history_calls=0 history_bytes=0 history_success=0 history_fail=0 x_calls=4 x_bytes=768 x_success=4 x_fail=0 kb_calls=0 kb_bytes=0 kb_success=0 kb_fail=0 total=4 injected=0 history_level=-1 x_level=1 kb_level=-1 shape_bad=0 x_each_worker_once=1
CASE_PASS m=3 n=1 sve16_entries=0 expected=0 old_entries=0 packed_entries=0 packed_expected=0 wide_entries=0 wide_expected=0 wrapper_entries=0 wrapper_expected=0
ARGUMENTS_PASS m=3 n=1 calls=0 bad=0 expected_panel_stride=24
ALLOC_PASS m=3 n=7 small=1 wide_path=0 history_expected=0 history_calls=0 history_bytes=0 history_success=0 history_fail=0 x_calls=4 x_bytes=768 x_success=4 x_fail=0 kb_calls=0 kb_bytes=0 kb_success=0 kb_fail=0 total=4 injected=0 history_level=-1 x_level=1 kb_level=-1 shape_bad=0 x_each_worker_once=1
CASE_PASS m=3 n=7 sve16_entries=0 expected=0 old_entries=0 packed_entries=0 packed_expected=0 wide_entries=0 wide_expected=0 wrapper_entries=0 wrapper_expected=0
ARGUMENTS_PASS m=3 n=7 calls=0 bad=0 expected_panel_stride=24
ALLOC_PASS m=3 n=8 small=1 wide_path=0 history_expected=0 history_calls=0 history_bytes=0 history_success=0 history_fail=0 x_calls=4 x_bytes=768 x_success=4 x_fail=0 kb_calls=0 kb_bytes=0 kb_success=0 kb_fail=0 total=4 injected=0 history_level=-1 x_level=1 kb_level=-1 shape_bad=0 x_each_worker_once=1
CASE_PASS m=3 n=8 sve16_entries=0 expected=0 old_entries=0 packed_entries=0 packed_expected=0 wide_entries=0 wide_expected=0 wrapper_entries=0 wrapper_expected=0
ARGUMENTS_PASS m=3 n=8 calls=0 bad=0 expected_panel_stride=24
ALLOC_PASS m=3 n=9 small=1 wide_path=0 history_expected=0 history_calls=0 history_bytes=0 history_success=0 history_fail=0 x_calls=4 x_bytes=768 x_success=4 x_fail=0 kb_calls=0 kb_bytes=0 kb_success=0 kb_fail=0 total=4 injected=0 history_level=-1 x_level=1 kb_level=-1 shape_bad=0 x_each_worker_once=1
CASE_PASS m=3 n=9 sve16_entries=0 expected=0 old_entries=0 packed_entries=0 packed_expected=0 wide_entries=0 wide_expected=0 wrapper_entries=0 wrapper_expected=0
ARGUMENTS_PASS m=3 n=9 calls=0 bad=0 expected_panel_stride=24
ALLOC_PASS m=3 n=17 small=1 wide_path=0 history_expected=0 history_calls=0 history_bytes=0 history_success=0 history_fail=0 x_calls=4 x_bytes=768 x_success=4 x_fail=0 kb_calls=0 kb_bytes=0 kb_success=0 kb_fail=0 total=4 injected=0 history_level=-1 x_level=1 kb_level=-1 shape_bad=0 x_each_worker_once=1
CASE_PASS m=3 n=17 sve16_entries=0 expected=0 old_entries=0 packed_entries=0 packed_expected=0 wide_entries=0 wide_expected=0 wrapper_entries=0 wrapper_expected=0
ARGUMENTS_PASS m=3 n=17 calls=0 bad=0 expected_panel_stride=24
ALLOC_PASS m=4 n=1 small=1 wide_path=0 history_expected=0 history_calls=0 history_bytes=0 history_success=0 history_fail=0 x_calls=4 x_bytes=1024 x_success=4 x_fail=0 kb_calls=0 kb_bytes=0 kb_success=0 kb_fail=0 total=4 injected=0 history_level=-1 x_level=1 kb_level=-1 shape_bad=0 x_each_worker_once=1
CASE_PASS m=4 n=1 sve16_entries=0 expected=0 old_entries=0 packed_entries=0 packed_expected=0 wide_entries=0 wide_expected=0 wrapper_entries=0 wrapper_expected=0
ARGUMENTS_PASS m=4 n=1 calls=0 bad=0 expected_panel_stride=32
ALLOC_PASS m=4 n=7 small=1 wide_path=0 history_expected=0 history_calls=0 history_bytes=0 history_success=0 history_fail=0 x_calls=4 x_bytes=1024 x_success=4 x_fail=0 kb_calls=0 kb_bytes=0 kb_success=0 kb_fail=0 total=4 injected=0 history_level=-1 x_level=1 kb_level=-1 shape_bad=0 x_each_worker_once=1
CASE_PASS m=4 n=7 sve16_entries=0 expected=0 old_entries=0 packed_entries=0 packed_expected=0 wide_entries=0 wide_expected=0 wrapper_entries=0 wrapper_expected=0
ARGUMENTS_PASS m=4 n=7 calls=0 bad=0 expected_panel_stride=32
ALLOC_PASS m=4 n=8 small=1 wide_path=0 history_expected=0 history_calls=0 history_bytes=0 history_success=0 history_fail=0 x_calls=4 x_bytes=1024 x_success=4 x_fail=0 kb_calls=0 kb_bytes=0 kb_success=0 kb_fail=0 total=4 injected=0 history_level=-1 x_level=1 kb_level=-1 shape_bad=0 x_each_worker_once=1
CASE_PASS m=4 n=8 sve16_entries=0 expected=0 old_entries=0 packed_entries=0 packed_expected=0 wide_entries=0 wide_expected=0 wrapper_entries=0 wrapper_expected=0
ARGUMENTS_PASS m=4 n=8 calls=0 bad=0 expected_panel_stride=32
ALLOC_PASS m=4 n=9 small=1 wide_path=0 history_expected=0 history_calls=0 history_bytes=0 history_success=0 history_fail=0 x_calls=4 x_bytes=1024 x_success=4 x_fail=0 kb_calls=0 kb_bytes=0 kb_success=0 kb_fail=0 total=4 injected=0 history_level=-1 x_level=1 kb_level=-1 shape_bad=0 x_each_worker_once=1
CASE_PASS m=4 n=9 sve16_entries=0 expected=0 old_entries=0 packed_entries=0 packed_expected=0 wide_entries=0 wide_expected=0 wrapper_entries=0 wrapper_expected=0
ARGUMENTS_PASS m=4 n=9 calls=0 bad=0 expected_panel_stride=32
ALLOC_PASS m=4 n=17 small=1 wide_path=0 history_expected=0 history_calls=0 history_bytes=0 history_success=0 history_fail=0 x_calls=4 x_bytes=1024 x_success=4 x_fail=0 kb_calls=0 kb_bytes=0 kb_success=0 kb_fail=0 total=4 injected=0 history_level=-1 x_level=1 kb_level=-1 shape_bad=0 x_each_worker_once=1
CASE_PASS m=4 n=17 sve16_entries=0 expected=0 old_entries=0 packed_entries=0 packed_expected=0 wide_entries=0 wide_expected=0 wrapper_entries=0 wrapper_expected=0
ARGUMENTS_PASS m=4 n=17 calls=0 bad=0 expected_panel_stride=32
ALLOC_PASS m=5 n=1 small=1 wide_path=0 history_expected=0 history_calls=0 history_bytes=0 history_success=0 history_fail=0 x_calls=4 x_bytes=1280 x_success=4 x_fail=0 kb_calls=0 kb_bytes=0 kb_success=0 kb_fail=0 total=4 injected=0 history_level=-1 x_level=1 kb_level=-1 shape_bad=0 x_each_worker_once=1
CASE_PASS m=5 n=1 sve16_entries=0 expected=0 old_entries=0 packed_entries=0 packed_expected=0 wide_entries=0 wide_expected=0 wrapper_entries=0 wrapper_expected=0
ARGUMENTS_PASS m=5 n=1 calls=0 bad=0 expected_panel_stride=40
ALLOC_PASS m=5 n=7 small=1 wide_path=0 history_expected=0 history_calls=0 history_bytes=0 history_success=0 history_fail=0 x_calls=4 x_bytes=1280 x_success=4 x_fail=0 kb_calls=0 kb_bytes=0 kb_success=0 kb_fail=0 total=4 injected=0 history_level=-1 x_level=1 kb_level=-1 shape_bad=0 x_each_worker_once=1
CASE_PASS m=5 n=7 sve16_entries=0 expected=0 old_entries=0 packed_entries=0 packed_expected=0 wide_entries=0 wide_expected=0 wrapper_entries=0 wrapper_expected=0
ARGUMENTS_PASS m=5 n=7 calls=0 bad=0 expected_panel_stride=40
ALLOC_PASS m=5 n=8 small=1 wide_path=0 history_expected=0 history_calls=0 history_bytes=0 history_success=0 history_fail=0 x_calls=4 x_bytes=1280 x_success=4 x_fail=0 kb_calls=0 kb_bytes=0 kb_success=0 kb_fail=0 total=4 injected=0 history_level=-1 x_level=1 kb_level=-1 shape_bad=0 x_each_worker_once=1
CASE_PASS m=5 n=8 sve16_entries=0 expected=0 old_entries=0 packed_entries=0 packed_expected=0 wide_entries=0 wide_expected=0 wrapper_entries=0 wrapper_expected=0
ARGUMENTS_PASS m=5 n=8 calls=0 bad=0 expected_panel_stride=40
ALLOC_PASS m=5 n=9 small=1 wide_path=0 history_expected=0 history_calls=0 history_bytes=0 history_success=0 history_fail=0 x_calls=4 x_bytes=1280 x_success=4 x_fail=0 kb_calls=0 kb_bytes=0 kb_success=0 kb_fail=0 total=4 injected=0 history_level=-1 x_level=1 kb_level=-1 shape_bad=0 x_each_worker_once=1
CASE_PASS m=5 n=9 sve16_entries=0 expected=0 old_entries=0 packed_entries=0 packed_expected=0 wide_entries=0 wide_expected=0 wrapper_entries=0 wrapper_expected=0
ARGUMENTS_PASS m=5 n=9 calls=0 bad=0 expected_panel_stride=40
ALLOC_PASS m=5 n=17 small=1 wide_path=0 history_expected=0 history_calls=0 history_bytes=0 history_success=0 history_fail=0 x_calls=4 x_bytes=1280 x_success=4 x_fail=0 kb_calls=0 kb_bytes=0 kb_success=0 kb_fail=0 total=4 injected=0 history_level=-1 x_level=1 kb_level=-1 shape_bad=0 x_each_worker_once=1
CASE_PASS m=5 n=17 sve16_entries=0 expected=0 old_entries=0 packed_entries=0 packed_expected=0 wide_entries=0 wide_expected=0 wrapper_entries=0 wrapper_expected=0
ARGUMENTS_PASS m=5 n=17 calls=0 bad=0 expected_panel_stride=40
ALLOC_PASS m=15 n=1 small=1 wide_path=0 history_expected=0 history_calls=0 history_bytes=0 history_success=0 history_fail=0 x_calls=4 x_bytes=3840 x_success=4 x_fail=0 kb_calls=0 kb_bytes=0 kb_success=0 kb_fail=0 total=4 injected=0 history_level=-1 x_level=1 kb_level=-1 shape_bad=0 x_each_worker_once=1
CASE_PASS m=15 n=1 sve16_entries=0 expected=0 old_entries=0 packed_entries=0 packed_expected=0 wide_entries=0 wide_expected=0 wrapper_entries=0 wrapper_expected=0
ARGUMENTS_PASS m=15 n=1 calls=0 bad=0 expected_panel_stride=120
ALLOC_PASS m=15 n=7 small=1 wide_path=0 history_expected=0 history_calls=0 history_bytes=0 history_success=0 history_fail=0 x_calls=4 x_bytes=3840 x_success=4 x_fail=0 kb_calls=0 kb_bytes=0 kb_success=0 kb_fail=0 total=4 injected=0 history_level=-1 x_level=1 kb_level=-1 shape_bad=0 x_each_worker_once=1
CASE_PASS m=15 n=7 sve16_entries=0 expected=0 old_entries=0 packed_entries=0 packed_expected=0 wide_entries=0 wide_expected=0 wrapper_entries=0 wrapper_expected=0
ARGUMENTS_PASS m=15 n=7 calls=0 bad=0 expected_panel_stride=120
ALLOC_PASS m=15 n=8 small=1 wide_path=0 history_expected=0 history_calls=0 history_bytes=0 history_success=0 history_fail=0 x_calls=4 x_bytes=3840 x_success=4 x_fail=0 kb_calls=0 kb_bytes=0 kb_success=0 kb_fail=0 total=4 injected=0 history_level=-1 x_level=1 kb_level=-1 shape_bad=0 x_each_worker_once=1
CASE_PASS m=15 n=8 sve16_entries=0 expected=0 old_entries=0 packed_entries=0 packed_expected=0 wide_entries=0 wide_expected=0 wrapper_entries=0 wrapper_expected=0
ARGUMENTS_PASS m=15 n=8 calls=0 bad=0 expected_panel_stride=120
ALLOC_PASS m=15 n=9 small=1 wide_path=0 history_expected=0 history_calls=0 history_bytes=0 history_success=0 history_fail=0 x_calls=4 x_bytes=3840 x_success=4 x_fail=0 kb_calls=0 kb_bytes=0 kb_success=0 kb_fail=0 total=4 injected=0 history_level=-1 x_level=1 kb_level=-1 shape_bad=0 x_each_worker_once=1
CASE_PASS m=15 n=9 sve16_entries=0 expected=0 old_entries=0 packed_entries=0 packed_expected=0 wide_entries=0 wide_expected=0 wrapper_entries=0 wrapper_expected=0
ARGUMENTS_PASS m=15 n=9 calls=0 bad=0 expected_panel_stride=120
ALLOC_PASS m=15 n=17 small=1 wide_path=0 history_expected=0 history_calls=0 history_bytes=0 history_success=0 history_fail=0 x_calls=4 x_bytes=3840 x_success=4 x_fail=0 kb_calls=0 kb_bytes=0 kb_success=0 kb_fail=0 total=4 injected=0 history_level=-1 x_level=1 kb_level=-1 shape_bad=0 x_each_worker_once=1
CASE_PASS m=15 n=17 sve16_entries=0 expected=0 old_entries=0 packed_entries=0 packed_expected=0 wide_entries=0 wide_expected=0 wrapper_entries=0 wrapper_expected=0
ARGUMENTS_PASS m=15 n=17 calls=0 bad=0 expected_panel_stride=120
ALLOC_PASS m=16 n=1 small=1 wide_path=0 history_expected=0 history_calls=0 history_bytes=0 history_success=0 history_fail=0 x_calls=4 x_bytes=4096 x_success=4 x_fail=0 kb_calls=0 kb_bytes=0 kb_success=0 kb_fail=0 total=4 injected=0 history_level=-1 x_level=1 kb_level=-1 shape_bad=0 x_each_worker_once=1
CASE_PASS m=16 n=1 sve16_entries=1 expected=1 old_entries=1 packed_entries=0 packed_expected=0 wide_entries=0 wide_expected=0 wrapper_entries=0 wrapper_expected=0
ARGUMENTS_PASS m=16 n=1 calls=0 bad=0 expected_panel_stride=128
ALLOC_PASS m=16 n=7 small=1 wide_path=0 history_expected=0 history_calls=0 history_bytes=0 history_success=0 history_fail=0 x_calls=4 x_bytes=4096 x_success=4 x_fail=0 kb_calls=0 kb_bytes=0 kb_success=0 kb_fail=0 total=4 injected=0 history_level=-1 x_level=1 kb_level=-1 shape_bad=0 x_each_worker_once=1
CASE_PASS m=16 n=7 sve16_entries=1 expected=1 old_entries=1 packed_entries=0 packed_expected=0 wide_entries=0 wide_expected=0 wrapper_entries=0 wrapper_expected=0
ARGUMENTS_PASS m=16 n=7 calls=0 bad=0 expected_panel_stride=128
ALLOC_PASS m=16 n=8 small=1 wide_path=0 history_expected=0 history_calls=0 history_bytes=0 history_success=0 history_fail=0 x_calls=4 x_bytes=4096 x_success=4 x_fail=0 kb_calls=0 kb_bytes=0 kb_success=0 kb_fail=0 total=4 injected=0 history_level=-1 x_level=1 kb_level=-1 shape_bad=0 x_each_worker_once=1
CASE_PASS m=16 n=8 sve16_entries=1 expected=1 old_entries=1 packed_entries=0 packed_expected=0 wide_entries=0 wide_expected=0 wrapper_entries=0 wrapper_expected=0
ARGUMENTS_PASS m=16 n=8 calls=0 bad=0 expected_panel_stride=128
ALLOC_PASS m=16 n=9 small=1 wide_path=0 history_expected=0 history_calls=0 history_bytes=0 history_success=0 history_fail=0 x_calls=4 x_bytes=4096 x_success=4 x_fail=0 kb_calls=0 kb_bytes=0 kb_success=0 kb_fail=0 total=4 injected=0 history_level=-1 x_level=1 kb_level=-1 shape_bad=0 x_each_worker_once=1
CASE_PASS m=16 n=9 sve16_entries=2 expected=2 old_entries=2 packed_entries=0 packed_expected=0 wide_entries=0 wide_expected=0 wrapper_entries=0 wrapper_expected=0
ARGUMENTS_PASS m=16 n=9 calls=0 bad=0 expected_panel_stride=128
ALLOC_PASS m=16 n=17 small=1 wide_path=0 history_expected=0 history_calls=0 history_bytes=0 history_success=0 history_fail=0 x_calls=4 x_bytes=4096 x_success=4 x_fail=0 kb_calls=0 kb_bytes=0 kb_success=0 kb_fail=0 total=4 injected=0 history_level=-1 x_level=1 kb_level=-1 shape_bad=0 x_each_worker_once=1
CASE_PASS m=16 n=17 sve16_entries=3 expected=3 old_entries=3 packed_entries=0 packed_expected=0 wide_entries=0 wide_expected=0 wrapper_entries=0 wrapper_expected=0
ARGUMENTS_PASS m=16 n=17 calls=0 bad=0 expected_panel_stride=128
ALLOC_PASS m=17 n=1 small=1 wide_path=0 history_expected=0 history_calls=0 history_bytes=0 history_success=0 history_fail=0 x_calls=4 x_bytes=4352 x_success=4 x_fail=0 kb_calls=0 kb_bytes=0 kb_success=0 kb_fail=0 total=4 injected=0 history_level=-1 x_level=1 kb_level=-1 shape_bad=0 x_each_worker_once=1
CASE_PASS m=17 n=1 sve16_entries=1 expected=1 old_entries=1 packed_entries=0 packed_expected=0 wide_entries=0 wide_expected=0 wrapper_entries=0 wrapper_expected=0
ARGUMENTS_PASS m=17 n=1 calls=0 bad=0 expected_panel_stride=136
ALLOC_PASS m=17 n=7 small=1 wide_path=0 history_expected=0 history_calls=0 history_bytes=0 history_success=0 history_fail=0 x_calls=4 x_bytes=4352 x_success=4 x_fail=0 kb_calls=0 kb_bytes=0 kb_success=0 kb_fail=0 total=4 injected=0 history_level=-1 x_level=1 kb_level=-1 shape_bad=0 x_each_worker_once=1
CASE_PASS m=17 n=7 sve16_entries=1 expected=1 old_entries=1 packed_entries=0 packed_expected=0 wide_entries=0 wide_expected=0 wrapper_entries=0 wrapper_expected=0
ARGUMENTS_PASS m=17 n=7 calls=0 bad=0 expected_panel_stride=136
ALLOC_PASS m=17 n=8 small=1 wide_path=0 history_expected=0 history_calls=0 history_bytes=0 history_success=0 history_fail=0 x_calls=4 x_bytes=4352 x_success=4 x_fail=0 kb_calls=0 kb_bytes=0 kb_success=0 kb_fail=0 total=4 injected=0 history_level=-1 x_level=1 kb_level=-1 shape_bad=0 x_each_worker_once=1
CASE_PASS m=17 n=8 sve16_entries=1 expected=1 old_entries=1 packed_entries=0 packed_expected=0 wide_entries=0 wide_expected=0 wrapper_entries=0 wrapper_expected=0
ARGUMENTS_PASS m=17 n=8 calls=0 bad=0 expected_panel_stride=136
ALLOC_PASS m=17 n=9 small=1 wide_path=0 history_expected=0 history_calls=0 history_bytes=0 history_success=0 history_fail=0 x_calls=4 x_bytes=4352 x_success=4 x_fail=0 kb_calls=0 kb_bytes=0 kb_success=0 kb_fail=0 total=4 injected=0 history_level=-1 x_level=1 kb_level=-1 shape_bad=0 x_each_worker_once=1
CASE_PASS m=17 n=9 sve16_entries=2 expected=2 old_entries=2 packed_entries=0 packed_expected=0 wide_entries=0 wide_expected=0 wrapper_entries=0 wrapper_expected=0
ARGUMENTS_PASS m=17 n=9 calls=0 bad=0 expected_panel_stride=136
ALLOC_PASS m=17 n=17 small=1 wide_path=0 history_expected=0 history_calls=0 history_bytes=0 history_success=0 history_fail=0 x_calls=4 x_bytes=4352 x_success=4 x_fail=0 kb_calls=0 kb_bytes=0 kb_success=0 kb_fail=0 total=4 injected=0 history_level=-1 x_level=1 kb_level=-1 shape_bad=0 x_each_worker_once=1
CASE_PASS m=17 n=17 sve16_entries=3 expected=3 old_entries=3 packed_entries=0 packed_expected=0 wide_entries=0 wide_expected=0 wrapper_entries=0 wrapper_expected=0
ARGUMENTS_PASS m=17 n=17 calls=0 bad=0 expected_panel_stride=136
ALLOC_PASS m=31 n=1 small=1 wide_path=0 history_expected=0 history_calls=0 history_bytes=0 history_success=0 history_fail=0 x_calls=4 x_bytes=7936 x_success=4 x_fail=0 kb_calls=0 kb_bytes=0 kb_success=0 kb_fail=0 total=4 injected=0 history_level=-1 x_level=1 kb_level=-1 shape_bad=0 x_each_worker_once=1
CASE_PASS m=31 n=1 sve16_entries=1 expected=1 old_entries=1 packed_entries=0 packed_expected=0 wide_entries=0 wide_expected=0 wrapper_entries=0 wrapper_expected=0
ARGUMENTS_PASS m=31 n=1 calls=0 bad=0 expected_panel_stride=248
ALLOC_PASS m=31 n=7 small=1 wide_path=0 history_expected=0 history_calls=0 history_bytes=0 history_success=0 history_fail=0 x_calls=4 x_bytes=7936 x_success=4 x_fail=0 kb_calls=0 kb_bytes=0 kb_success=0 kb_fail=0 total=4 injected=0 history_level=-1 x_level=1 kb_level=-1 shape_bad=0 x_each_worker_once=1
CASE_PASS m=31 n=7 sve16_entries=1 expected=1 old_entries=1 packed_entries=0 packed_expected=0 wide_entries=0 wide_expected=0 wrapper_entries=0 wrapper_expected=0
ARGUMENTS_PASS m=31 n=7 calls=0 bad=0 expected_panel_stride=248
ALLOC_PASS m=31 n=8 small=1 wide_path=0 history_expected=0 history_calls=0 history_bytes=0 history_success=0 history_fail=0 x_calls=4 x_bytes=7936 x_success=4 x_fail=0 kb_calls=0 kb_bytes=0 kb_success=0 kb_fail=0 total=4 injected=0 history_level=-1 x_level=1 kb_level=-1 shape_bad=0 x_each_worker_once=1
CASE_PASS m=31 n=8 sve16_entries=1 expected=1 old_entries=1 packed_entries=0 packed_expected=0 wide_entries=0 wide_expected=0 wrapper_entries=0 wrapper_expected=0
ARGUMENTS_PASS m=31 n=8 calls=0 bad=0 expected_panel_stride=248
ALLOC_PASS m=31 n=9 small=1 wide_path=0 history_expected=0 history_calls=0 history_bytes=0 history_success=0 history_fail=0 x_calls=4 x_bytes=7936 x_success=4 x_fail=0 kb_calls=0 kb_bytes=0 kb_success=0 kb_fail=0 total=4 injected=0 history_level=-1 x_level=1 kb_level=-1 shape_bad=0 x_each_worker_once=1
CASE_PASS m=31 n=9 sve16_entries=2 expected=2 old_entries=2 packed_entries=0 packed_expected=0 wide_entries=0 wide_expected=0 wrapper_entries=0 wrapper_expected=0
ARGUMENTS_PASS m=31 n=9 calls=0 bad=0 expected_panel_stride=248
ALLOC_PASS m=31 n=17 small=1 wide_path=0 history_expected=0 history_calls=0 history_bytes=0 history_success=0 history_fail=0 x_calls=4 x_bytes=7936 x_success=4 x_fail=0 kb_calls=0 kb_bytes=0 kb_success=0 kb_fail=0 total=4 injected=0 history_level=-1 x_level=1 kb_level=-1 shape_bad=0 x_each_worker_once=1
CASE_PASS m=31 n=17 sve16_entries=3 expected=3 old_entries=3 packed_entries=0 packed_expected=0 wide_entries=0 wide_expected=0 wrapper_entries=0 wrapper_expected=0
ARGUMENTS_PASS m=31 n=17 calls=0 bad=0 expected_panel_stride=248
ALLOC_PASS m=32 n=1 small=1 wide_path=0 history_expected=1 history_calls=1 history_bytes=2048 history_success=1 history_fail=0 x_calls=4 x_bytes=8192 x_success=4 x_fail=0 kb_calls=0 kb_bytes=0 kb_success=0 kb_fail=0 total=5 injected=0 history_level=0 x_level=1 kb_level=-1 shape_bad=0 x_each_worker_once=1
CASE_PASS m=32 n=1 sve16_entries=2 expected=2 old_entries=1 packed_entries=1 packed_expected=1 wide_entries=0 wide_expected=0 wrapper_entries=0 wrapper_expected=0
ARGUMENTS_PASS m=32 n=1 calls=0 bad=0 expected_panel_stride=256
ALLOC_PASS m=32 n=7 small=1 wide_path=0 history_expected=1 history_calls=1 history_bytes=2048 history_success=1 history_fail=0 x_calls=4 x_bytes=8192 x_success=4 x_fail=0 kb_calls=0 kb_bytes=0 kb_success=0 kb_fail=0 total=5 injected=0 history_level=0 x_level=1 kb_level=-1 shape_bad=0 x_each_worker_once=1
CASE_PASS m=32 n=7 sve16_entries=2 expected=2 old_entries=1 packed_entries=1 packed_expected=1 wide_entries=0 wide_expected=0 wrapper_entries=0 wrapper_expected=0
ARGUMENTS_PASS m=32 n=7 calls=0 bad=0 expected_panel_stride=256
ALLOC_PASS m=32 n=8 small=1 wide_path=0 history_expected=1 history_calls=1 history_bytes=2048 history_success=1 history_fail=0 x_calls=4 x_bytes=8192 x_success=4 x_fail=0 kb_calls=0 kb_bytes=0 kb_success=0 kb_fail=0 total=5 injected=0 history_level=0 x_level=1 kb_level=-1 shape_bad=0 x_each_worker_once=1
CASE_PASS m=32 n=8 sve16_entries=2 expected=2 old_entries=1 packed_entries=1 packed_expected=1 wide_entries=0 wide_expected=0 wrapper_entries=0 wrapper_expected=0
ARGUMENTS_PASS m=32 n=8 calls=0 bad=0 expected_panel_stride=256
ALLOC_PASS m=32 n=9 small=1 wide_path=0 history_expected=1 history_calls=1 history_bytes=2048 history_success=1 history_fail=0 x_calls=4 x_bytes=8192 x_success=4 x_fail=0 kb_calls=0 kb_bytes=0 kb_success=0 kb_fail=0 total=5 injected=0 history_level=0 x_level=1 kb_level=-1 shape_bad=0 x_each_worker_once=1
CASE_PASS m=32 n=9 sve16_entries=4 expected=4 old_entries=2 packed_entries=2 packed_expected=2 wide_entries=0 wide_expected=0 wrapper_entries=0 wrapper_expected=0
ARGUMENTS_PASS m=32 n=9 calls=0 bad=0 expected_panel_stride=256
ALLOC_PASS m=32 n=17 small=1 wide_path=0 history_expected=1 history_calls=1 history_bytes=2048 history_success=1 history_fail=0 x_calls=4 x_bytes=8192 x_success=4 x_fail=0 kb_calls=0 kb_bytes=0 kb_success=0 kb_fail=0 total=5 injected=0 history_level=0 x_level=1 kb_level=-1 shape_bad=0 x_each_worker_once=1
CASE_PASS m=32 n=17 sve16_entries=6 expected=6 old_entries=3 packed_entries=3 packed_expected=3 wide_entries=0 wide_expected=0 wrapper_entries=0 wrapper_expected=0
ARGUMENTS_PASS m=32 n=17 calls=0 bad=0 expected_panel_stride=256
ALLOC_PASS m=33 n=1 small=1 wide_path=0 history_expected=1 history_calls=1 history_bytes=2048 history_success=1 history_fail=0 x_calls=4 x_bytes=8448 x_success=4 x_fail=0 kb_calls=0 kb_bytes=0 kb_success=0 kb_fail=0 total=5 injected=0 history_level=0 x_level=1 kb_level=-1 shape_bad=0 x_each_worker_once=1
CASE_PASS m=33 n=1 sve16_entries=2 expected=2 old_entries=1 packed_entries=1 packed_expected=1 wide_entries=0 wide_expected=0 wrapper_entries=0 wrapper_expected=0
ARGUMENTS_PASS m=33 n=1 calls=0 bad=0 expected_panel_stride=264
ALLOC_PASS m=33 n=7 small=1 wide_path=0 history_expected=1 history_calls=1 history_bytes=2048 history_success=1 history_fail=0 x_calls=4 x_bytes=8448 x_success=4 x_fail=0 kb_calls=0 kb_bytes=0 kb_success=0 kb_fail=0 total=5 injected=0 history_level=0 x_level=1 kb_level=-1 shape_bad=0 x_each_worker_once=1
CASE_PASS m=33 n=7 sve16_entries=2 expected=2 old_entries=1 packed_entries=1 packed_expected=1 wide_entries=0 wide_expected=0 wrapper_entries=0 wrapper_expected=0
ARGUMENTS_PASS m=33 n=7 calls=0 bad=0 expected_panel_stride=264
ALLOC_PASS m=33 n=8 small=1 wide_path=0 history_expected=1 history_calls=1 history_bytes=2048 history_success=1 history_fail=0 x_calls=4 x_bytes=8448 x_success=4 x_fail=0 kb_calls=0 kb_bytes=0 kb_success=0 kb_fail=0 total=5 injected=0 history_level=0 x_level=1 kb_level=-1 shape_bad=0 x_each_worker_once=1
CASE_PASS m=33 n=8 sve16_entries=2 expected=2 old_entries=1 packed_entries=1 packed_expected=1 wide_entries=0 wide_expected=0 wrapper_entries=0 wrapper_expected=0
ARGUMENTS_PASS m=33 n=8 calls=0 bad=0 expected_panel_stride=264
ALLOC_PASS m=33 n=9 small=1 wide_path=0 history_expected=1 history_calls=1 history_bytes=2048 history_success=1 history_fail=0 x_calls=4 x_bytes=8448 x_success=4 x_fail=0 kb_calls=0 kb_bytes=0 kb_success=0 kb_fail=0 total=5 injected=0 history_level=0 x_level=1 kb_level=-1 shape_bad=0 x_each_worker_once=1
CASE_PASS m=33 n=9 sve16_entries=4 expected=4 old_entries=2 packed_entries=2 packed_expected=2 wide_entries=0 wide_expected=0 wrapper_entries=0 wrapper_expected=0
ARGUMENTS_PASS m=33 n=9 calls=0 bad=0 expected_panel_stride=264
ALLOC_PASS m=33 n=17 small=1 wide_path=0 history_expected=1 history_calls=1 history_bytes=2048 history_success=1 history_fail=0 x_calls=4 x_bytes=8448 x_success=4 x_fail=0 kb_calls=0 kb_bytes=0 kb_success=0 kb_fail=0 total=5 injected=0 history_level=0 x_level=1 kb_level=-1 shape_bad=0 x_each_worker_once=1
CASE_PASS m=33 n=17 sve16_entries=6 expected=6 old_entries=3 packed_entries=3 packed_expected=3 wide_entries=0 wide_expected=0 wrapper_entries=0 wrapper_expected=0
ARGUMENTS_PASS m=33 n=17 calls=0 bad=0 expected_panel_stride=264
ALLOC_PASS m=63 n=1 small=1 wide_path=0 history_expected=1 history_calls=1 history_bytes=6144 history_success=1 history_fail=0 x_calls=4 x_bytes=16128 x_success=4 x_fail=0 kb_calls=0 kb_bytes=0 kb_success=0 kb_fail=0 total=5 injected=0 history_level=0 x_level=1 kb_level=-1 shape_bad=0 x_each_worker_once=1
CASE_PASS m=63 n=1 sve16_entries=3 expected=3 old_entries=1 packed_entries=2 packed_expected=2 wide_entries=0 wide_expected=0 wrapper_entries=0 wrapper_expected=0
ARGUMENTS_PASS m=63 n=1 calls=0 bad=0 expected_panel_stride=504
ALLOC_PASS m=63 n=7 small=1 wide_path=0 history_expected=1 history_calls=1 history_bytes=6144 history_success=1 history_fail=0 x_calls=4 x_bytes=16128 x_success=4 x_fail=0 kb_calls=0 kb_bytes=0 kb_success=0 kb_fail=0 total=5 injected=0 history_level=0 x_level=1 kb_level=-1 shape_bad=0 x_each_worker_once=1
CASE_PASS m=63 n=7 sve16_entries=3 expected=3 old_entries=1 packed_entries=2 packed_expected=2 wide_entries=0 wide_expected=0 wrapper_entries=0 wrapper_expected=0
ARGUMENTS_PASS m=63 n=7 calls=0 bad=0 expected_panel_stride=504
ALLOC_PASS m=63 n=8 small=1 wide_path=0 history_expected=1 history_calls=1 history_bytes=6144 history_success=1 history_fail=0 x_calls=4 x_bytes=16128 x_success=4 x_fail=0 kb_calls=0 kb_bytes=0 kb_success=0 kb_fail=0 total=5 injected=0 history_level=0 x_level=1 kb_level=-1 shape_bad=0 x_each_worker_once=1
CASE_PASS m=63 n=8 sve16_entries=3 expected=3 old_entries=1 packed_entries=2 packed_expected=2 wide_entries=0 wide_expected=0 wrapper_entries=0 wrapper_expected=0
ARGUMENTS_PASS m=63 n=8 calls=0 bad=0 expected_panel_stride=504
ALLOC_PASS m=63 n=9 small=1 wide_path=0 history_expected=1 history_calls=1 history_bytes=6144 history_success=1 history_fail=0 x_calls=4 x_bytes=16128 x_success=4 x_fail=0 kb_calls=0 kb_bytes=0 kb_success=0 kb_fail=0 total=5 injected=0 history_level=0 x_level=1 kb_level=-1 shape_bad=0 x_each_worker_once=1
CASE_PASS m=63 n=9 sve16_entries=6 expected=6 old_entries=2 packed_entries=4 packed_expected=4 wide_entries=0 wide_expected=0 wrapper_entries=0 wrapper_expected=0
ARGUMENTS_PASS m=63 n=9 calls=0 bad=0 expected_panel_stride=504
ALLOC_PASS m=63 n=17 small=1 wide_path=0 history_expected=1 history_calls=1 history_bytes=6144 history_success=1 history_fail=0 x_calls=4 x_bytes=16128 x_success=4 x_fail=0 kb_calls=0 kb_bytes=0 kb_success=0 kb_fail=0 total=5 injected=0 history_level=0 x_level=1 kb_level=-1 shape_bad=0 x_each_worker_once=1
CASE_PASS m=63 n=17 sve16_entries=9 expected=9 old_entries=3 packed_entries=6 packed_expected=6 wide_entries=0 wide_expected=0 wrapper_entries=0 wrapper_expected=0
ARGUMENTS_PASS m=63 n=17 calls=0 bad=0 expected_panel_stride=504
ALLOC_PASS m=64 n=1 small=1 wide_path=0 history_expected=1 history_calls=1 history_bytes=12288 history_success=1 history_fail=0 x_calls=4 x_bytes=16384 x_success=4 x_fail=0 kb_calls=0 kb_bytes=0 kb_success=0 kb_fail=0 total=5 injected=0 history_level=0 x_level=1 kb_level=-1 shape_bad=0 x_each_worker_once=1
CASE_PASS m=64 n=1 sve16_entries=4 expected=4 old_entries=1 packed_entries=3 packed_expected=3 wide_entries=0 wide_expected=0 wrapper_entries=0 wrapper_expected=0
ARGUMENTS_PASS m=64 n=1 calls=0 bad=0 expected_panel_stride=512
ALLOC_PASS m=64 n=7 small=1 wide_path=0 history_expected=1 history_calls=1 history_bytes=12288 history_success=1 history_fail=0 x_calls=4 x_bytes=16384 x_success=4 x_fail=0 kb_calls=0 kb_bytes=0 kb_success=0 kb_fail=0 total=5 injected=0 history_level=0 x_level=1 kb_level=-1 shape_bad=0 x_each_worker_once=1
CASE_PASS m=64 n=7 sve16_entries=4 expected=4 old_entries=1 packed_entries=3 packed_expected=3 wide_entries=0 wide_expected=0 wrapper_entries=0 wrapper_expected=0
ARGUMENTS_PASS m=64 n=7 calls=0 bad=0 expected_panel_stride=512
ALLOC_PASS m=64 n=8 small=1 wide_path=0 history_expected=1 history_calls=1 history_bytes=12288 history_success=1 history_fail=0 x_calls=4 x_bytes=16384 x_success=4 x_fail=0 kb_calls=0 kb_bytes=0 kb_success=0 kb_fail=0 total=5 injected=0 history_level=0 x_level=1 kb_level=-1 shape_bad=0 x_each_worker_once=1
CASE_PASS m=64 n=8 sve16_entries=4 expected=4 old_entries=1 packed_entries=3 packed_expected=3 wide_entries=0 wide_expected=0 wrapper_entries=0 wrapper_expected=0
ARGUMENTS_PASS m=64 n=8 calls=0 bad=0 expected_panel_stride=512
ALLOC_PASS m=64 n=9 small=1 wide_path=0 history_expected=1 history_calls=1 history_bytes=12288 history_success=1 history_fail=0 x_calls=4 x_bytes=16384 x_success=4 x_fail=0 kb_calls=0 kb_bytes=0 kb_success=0 kb_fail=0 total=5 injected=0 history_level=0 x_level=1 kb_level=-1 shape_bad=0 x_each_worker_once=1
CASE_PASS m=64 n=9 sve16_entries=8 expected=8 old_entries=2 packed_entries=6 packed_expected=6 wide_entries=0 wide_expected=0 wrapper_entries=0 wrapper_expected=0
ARGUMENTS_PASS m=64 n=9 calls=0 bad=0 expected_panel_stride=512
ALLOC_PASS m=64 n=17 small=1 wide_path=0 history_expected=1 history_calls=1 history_bytes=12288 history_success=1 history_fail=0 x_calls=4 x_bytes=16384 x_success=4 x_fail=0 kb_calls=0 kb_bytes=0 kb_success=0 kb_fail=0 total=5 injected=0 history_level=0 x_level=1 kb_level=-1 shape_bad=0 x_each_worker_once=1
CASE_PASS m=64 n=17 sve16_entries=12 expected=12 old_entries=3 packed_entries=9 packed_expected=9 wide_entries=0 wide_expected=0 wrapper_entries=0 wrapper_expected=0
ARGUMENTS_PASS m=64 n=17 calls=0 bad=0 expected_panel_stride=512
ALLOC_PASS m=65 n=1 small=1 wide_path=0 history_expected=1 history_calls=1 history_bytes=12288 history_success=1 history_fail=0 x_calls=4 x_bytes=16640 x_success=4 x_fail=0 kb_calls=0 kb_bytes=0 kb_success=0 kb_fail=0 total=5 injected=0 history_level=0 x_level=1 kb_level=-1 shape_bad=0 x_each_worker_once=1
CASE_PASS m=65 n=1 sve16_entries=4 expected=4 old_entries=1 packed_entries=3 packed_expected=3 wide_entries=0 wide_expected=0 wrapper_entries=0 wrapper_expected=0
ARGUMENTS_PASS m=65 n=1 calls=0 bad=0 expected_panel_stride=520
ALLOC_PASS m=65 n=7 small=1 wide_path=0 history_expected=1 history_calls=1 history_bytes=12288 history_success=1 history_fail=0 x_calls=4 x_bytes=16640 x_success=4 x_fail=0 kb_calls=0 kb_bytes=0 kb_success=0 kb_fail=0 total=5 injected=0 history_level=0 x_level=1 kb_level=-1 shape_bad=0 x_each_worker_once=1
CASE_PASS m=65 n=7 sve16_entries=4 expected=4 old_entries=1 packed_entries=3 packed_expected=3 wide_entries=0 wide_expected=0 wrapper_entries=0 wrapper_expected=0
ARGUMENTS_PASS m=65 n=7 calls=0 bad=0 expected_panel_stride=520
ALLOC_PASS m=65 n=8 small=1 wide_path=0 history_expected=1 history_calls=1 history_bytes=12288 history_success=1 history_fail=0 x_calls=4 x_bytes=16640 x_success=4 x_fail=0 kb_calls=0 kb_bytes=0 kb_success=0 kb_fail=0 total=5 injected=0 history_level=0 x_level=1 kb_level=-1 shape_bad=0 x_each_worker_once=1
CASE_PASS m=65 n=8 sve16_entries=4 expected=4 old_entries=1 packed_entries=3 packed_expected=3 wide_entries=0 wide_expected=0 wrapper_entries=0 wrapper_expected=0
ARGUMENTS_PASS m=65 n=8 calls=0 bad=0 expected_panel_stride=520
ALLOC_PASS m=65 n=9 small=1 wide_path=0 history_expected=1 history_calls=1 history_bytes=12288 history_success=1 history_fail=0 x_calls=4 x_bytes=16640 x_success=4 x_fail=0 kb_calls=0 kb_bytes=0 kb_success=0 kb_fail=0 total=5 injected=0 history_level=0 x_level=1 kb_level=-1 shape_bad=0 x_each_worker_once=1
CASE_PASS m=65 n=9 sve16_entries=8 expected=8 old_entries=2 packed_entries=6 packed_expected=6 wide_entries=0 wide_expected=0 wrapper_entries=0 wrapper_expected=0
ARGUMENTS_PASS m=65 n=9 calls=0 bad=0 expected_panel_stride=520
ALLOC_PASS m=65 n=17 small=1 wide_path=0 history_expected=1 history_calls=1 history_bytes=12288 history_success=1 history_fail=0 x_calls=4 x_bytes=16640 x_success=4 x_fail=0 kb_calls=0 kb_bytes=0 kb_success=0 kb_fail=0 total=5 injected=0 history_level=0 x_level=1 kb_level=-1 shape_bad=0 x_each_worker_once=1
CASE_PASS m=65 n=17 sve16_entries=12 expected=12 old_entries=3 packed_entries=9 packed_expected=9 wide_entries=0 wide_expected=0 wrapper_entries=0 wrapper_expected=0
ARGUMENTS_PASS m=65 n=17 calls=0 bad=0 expected_panel_stride=520
ALLOC_PASS m=255 n=1 small=1 wide_path=0 history_expected=1 history_calls=1 history_bytes=215040 history_success=1 history_fail=0 x_calls=4 x_bytes=65280 x_success=4 x_fail=0 kb_calls=0 kb_bytes=0 kb_success=0 kb_fail=0 total=5 injected=0 history_level=0 x_level=1 kb_level=-1 shape_bad=0 x_each_worker_once=1
CASE_PASS m=255 n=1 sve16_entries=15 expected=15 old_entries=1 packed_entries=14 packed_expected=14 wide_entries=0 wide_expected=0 wrapper_entries=0 wrapper_expected=0
ARGUMENTS_PASS m=255 n=1 calls=0 bad=0 expected_panel_stride=2040
ALLOC_PASS m=255 n=7 small=1 wide_path=0 history_expected=1 history_calls=1 history_bytes=215040 history_success=1 history_fail=0 x_calls=4 x_bytes=65280 x_success=4 x_fail=0 kb_calls=0 kb_bytes=0 kb_success=0 kb_fail=0 total=5 injected=0 history_level=0 x_level=1 kb_level=-1 shape_bad=0 x_each_worker_once=1
CASE_PASS m=255 n=7 sve16_entries=15 expected=15 old_entries=1 packed_entries=14 packed_expected=14 wide_entries=0 wide_expected=0 wrapper_entries=0 wrapper_expected=0
ARGUMENTS_PASS m=255 n=7 calls=0 bad=0 expected_panel_stride=2040
ALLOC_PASS m=255 n=8 small=1 wide_path=0 history_expected=1 history_calls=1 history_bytes=215040 history_success=1 history_fail=0 x_calls=4 x_bytes=65280 x_success=4 x_fail=0 kb_calls=0 kb_bytes=0 kb_success=0 kb_fail=0 total=5 injected=0 history_level=0 x_level=1 kb_level=-1 shape_bad=0 x_each_worker_once=1
CASE_PASS m=255 n=8 sve16_entries=15 expected=15 old_entries=1 packed_entries=14 packed_expected=14 wide_entries=0 wide_expected=0 wrapper_entries=0 wrapper_expected=0
ARGUMENTS_PASS m=255 n=8 calls=0 bad=0 expected_panel_stride=2040
ALLOC_PASS m=255 n=9 small=1 wide_path=0 history_expected=1 history_calls=1 history_bytes=215040 history_success=1 history_fail=0 x_calls=4 x_bytes=65280 x_success=4 x_fail=0 kb_calls=0 kb_bytes=0 kb_success=0 kb_fail=0 total=5 injected=0 history_level=0 x_level=1 kb_level=-1 shape_bad=0 x_each_worker_once=1
CASE_PASS m=255 n=9 sve16_entries=30 expected=30 old_entries=2 packed_entries=28 packed_expected=28 wide_entries=0 wide_expected=0 wrapper_entries=0 wrapper_expected=0
ARGUMENTS_PASS m=255 n=9 calls=0 bad=0 expected_panel_stride=2040
ALLOC_PASS m=255 n=17 small=1 wide_path=0 history_expected=1 history_calls=1 history_bytes=215040 history_success=1 history_fail=0 x_calls=4 x_bytes=65280 x_success=4 x_fail=0 kb_calls=0 kb_bytes=0 kb_success=0 kb_fail=0 total=5 injected=0 history_level=0 x_level=1 kb_level=-1 shape_bad=0 x_each_worker_once=1
CASE_PASS m=255 n=17 sve16_entries=45 expected=45 old_entries=3 packed_entries=42 packed_expected=42 wide_entries=0 wide_expected=0 wrapper_entries=0 wrapper_expected=0
ARGUMENTS_PASS m=255 n=17 calls=0 bad=0 expected_panel_stride=2040
ALLOC_PASS m=256 n=1 small=1 wide_path=0 history_expected=1 history_calls=1 history_bytes=245760 history_success=1 history_fail=0 x_calls=4 x_bytes=65536 x_success=4 x_fail=0 kb_calls=0 kb_bytes=0 kb_success=0 kb_fail=0 total=5 injected=0 history_level=0 x_level=1 kb_level=-1 shape_bad=0 x_each_worker_once=1
CASE_PASS m=256 n=1 sve16_entries=16 expected=16 old_entries=1 packed_entries=15 packed_expected=15 wide_entries=0 wide_expected=0 wrapper_entries=0 wrapper_expected=0
ARGUMENTS_PASS m=256 n=1 calls=0 bad=0 expected_panel_stride=2048
ALLOC_PASS m=256 n=7 small=1 wide_path=0 history_expected=1 history_calls=1 history_bytes=245760 history_success=1 history_fail=0 x_calls=4 x_bytes=65536 x_success=4 x_fail=0 kb_calls=0 kb_bytes=0 kb_success=0 kb_fail=0 total=5 injected=0 history_level=0 x_level=1 kb_level=-1 shape_bad=0 x_each_worker_once=1
CASE_PASS m=256 n=7 sve16_entries=16 expected=16 old_entries=1 packed_entries=15 packed_expected=15 wide_entries=0 wide_expected=0 wrapper_entries=0 wrapper_expected=0
ARGUMENTS_PASS m=256 n=7 calls=0 bad=0 expected_panel_stride=2048
ALLOC_PASS m=256 n=8 small=1 wide_path=0 history_expected=1 history_calls=1 history_bytes=245760 history_success=1 history_fail=0 x_calls=4 x_bytes=65536 x_success=4 x_fail=0 kb_calls=0 kb_bytes=0 kb_success=0 kb_fail=0 total=5 injected=0 history_level=0 x_level=1 kb_level=-1 shape_bad=0 x_each_worker_once=1
CASE_PASS m=256 n=8 sve16_entries=16 expected=16 old_entries=1 packed_entries=15 packed_expected=15 wide_entries=0 wide_expected=0 wrapper_entries=0 wrapper_expected=0
ARGUMENTS_PASS m=256 n=8 calls=0 bad=0 expected_panel_stride=2048
ALLOC_PASS m=256 n=9 small=1 wide_path=0 history_expected=1 history_calls=1 history_bytes=245760 history_success=1 history_fail=0 x_calls=4 x_bytes=65536 x_success=4 x_fail=0 kb_calls=0 kb_bytes=0 kb_success=0 kb_fail=0 total=5 injected=0 history_level=0 x_level=1 kb_level=-1 shape_bad=0 x_each_worker_once=1
CASE_PASS m=256 n=9 sve16_entries=32 expected=32 old_entries=2 packed_entries=30 packed_expected=30 wide_entries=0 wide_expected=0 wrapper_entries=0 wrapper_expected=0
ARGUMENTS_PASS m=256 n=9 calls=0 bad=0 expected_panel_stride=2048
ALLOC_PASS m=256 n=17 small=1 wide_path=0 history_expected=1 history_calls=1 history_bytes=245760 history_success=1 history_fail=0 x_calls=4 x_bytes=65536 x_success=4 x_fail=0 kb_calls=0 kb_bytes=0 kb_success=0 kb_fail=0 total=5 injected=0 history_level=0 x_level=1 kb_level=-1 shape_bad=0 x_each_worker_once=1
CASE_PASS m=256 n=17 sve16_entries=48 expected=48 old_entries=3 packed_entries=45 packed_expected=45 wide_entries=0 wide_expected=0 wrapper_entries=0 wrapper_expected=0
ARGUMENTS_PASS m=256 n=17 calls=0 bad=0 expected_panel_stride=2048
ALLOC_PASS m=257 n=1 small=1 wide_path=0 history_expected=1 history_calls=1 history_bytes=245760 history_success=1 history_fail=0 x_calls=4 x_bytes=65792 x_success=4 x_fail=0 kb_calls=0 kb_bytes=0 kb_success=0 kb_fail=0 total=5 injected=0 history_level=0 x_level=1 kb_level=-1 shape_bad=0 x_each_worker_once=1
CASE_PASS m=257 n=1 sve16_entries=16 expected=16 old_entries=1 packed_entries=15 packed_expected=15 wide_entries=0 wide_expected=0 wrapper_entries=0 wrapper_expected=0
ARGUMENTS_PASS m=257 n=1 calls=0 bad=0 expected_panel_stride=2056
ALLOC_PASS m=257 n=7 small=1 wide_path=0 history_expected=1 history_calls=1 history_bytes=245760 history_success=1 history_fail=0 x_calls=4 x_bytes=65792 x_success=4 x_fail=0 kb_calls=0 kb_bytes=0 kb_success=0 kb_fail=0 total=5 injected=0 history_level=0 x_level=1 kb_level=-1 shape_bad=0 x_each_worker_once=1
CASE_PASS m=257 n=7 sve16_entries=16 expected=16 old_entries=1 packed_entries=15 packed_expected=15 wide_entries=0 wide_expected=0 wrapper_entries=0 wrapper_expected=0
ARGUMENTS_PASS m=257 n=7 calls=0 bad=0 expected_panel_stride=2056
ALLOC_PASS m=257 n=8 small=1 wide_path=0 history_expected=1 history_calls=1 history_bytes=245760 history_success=1 history_fail=0 x_calls=4 x_bytes=65792 x_success=4 x_fail=0 kb_calls=0 kb_bytes=0 kb_success=0 kb_fail=0 total=5 injected=0 history_level=0 x_level=1 kb_level=-1 shape_bad=0 x_each_worker_once=1
CASE_PASS m=257 n=8 sve16_entries=16 expected=16 old_entries=1 packed_entries=15 packed_expected=15 wide_entries=0 wide_expected=0 wrapper_entries=0 wrapper_expected=0
ARGUMENTS_PASS m=257 n=8 calls=0 bad=0 expected_panel_stride=2056
ALLOC_PASS m=257 n=9 small=1 wide_path=0 history_expected=1 history_calls=1 history_bytes=245760 history_success=1 history_fail=0 x_calls=4 x_bytes=65792 x_success=4 x_fail=0 kb_calls=0 kb_bytes=0 kb_success=0 kb_fail=0 total=5 injected=0 history_level=0 x_level=1 kb_level=-1 shape_bad=0 x_each_worker_once=1
CASE_PASS m=257 n=9 sve16_entries=32 expected=32 old_entries=2 packed_entries=30 packed_expected=30 wide_entries=0 wide_expected=0 wrapper_entries=0 wrapper_expected=0
ARGUMENTS_PASS m=257 n=9 calls=0 bad=0 expected_panel_stride=2056
ALLOC_PASS m=257 n=17 small=1 wide_path=0 history_expected=1 history_calls=1 history_bytes=245760 history_success=1 history_fail=0 x_calls=4 x_bytes=65792 x_success=4 x_fail=0 kb_calls=0 kb_bytes=0 kb_success=0 kb_fail=0 total=5 injected=0 history_level=0 x_level=1 kb_level=-1 shape_bad=0 x_each_worker_once=1
CASE_PASS m=257 n=17 sve16_entries=48 expected=48 old_entries=3 packed_entries=45 packed_expected=45 wide_entries=0 wide_expected=0 wrapper_entries=0 wrapper_expected=0
ARGUMENTS_PASS m=257 n=17 calls=0 bad=0 expected_panel_stride=2056
ALLOCATION_SUMMARY_PASS cases=80 budget_cases=0 shared_injection_cases=0
PASS whole_cases=80 noop_cases=4 non_dyadic_long_double_RHS=1 padding_L_unchanged=1 max_error=1.1102230246251565e-16
SOURCE_FEATURES_PASS panel16=1 packedL16=1 has_budget=1 history_budget_bytes=4194304 panel8x16=1
MODE=smoke THREADS=38 NARROW_VL=0 EXPECT_SVE16=1 EXPECT_PACKEDL16=1
ALLOC_PASS m=15 n=9 small=1 wide_path=0 history_expected=0 history_calls=0 history_bytes=0 history_success=0 history_fail=0 x_calls=38 x_bytes=36480 x_success=38 x_fail=0 kb_calls=0 kb_bytes=0 kb_success=0 kb_fail=0 total=38 injected=0 history_level=-1 x_level=1 kb_level=-1 shape_bad=0 x_each_worker_once=1
CASE_PASS m=15 n=9 sve16_entries=0 expected=0 old_entries=0 packed_entries=0 packed_expected=0 wide_entries=0 wide_expected=0 wrapper_entries=0 wrapper_expected=0
ARGUMENTS_PASS m=15 n=9 calls=0 bad=0 expected_panel_stride=120
ALLOC_PASS m=16 n=17 small=1 wide_path=0 history_expected=0 history_calls=0 history_bytes=0 history_success=0 history_fail=0 x_calls=38 x_bytes=38912 x_success=38 x_fail=0 kb_calls=0 kb_bytes=0 kb_success=0 kb_fail=0 total=38 injected=0 history_level=-1 x_level=1 kb_level=-1 shape_bad=0 x_each_worker_once=1
CASE_PASS m=16 n=17 sve16_entries=3 expected=3 old_entries=3 packed_entries=0 packed_expected=0 wide_entries=0 wide_expected=0 wrapper_entries=0 wrapper_expected=0
ARGUMENTS_PASS m=16 n=17 calls=0 bad=0 expected_panel_stride=128
ALLOC_PASS m=33 n=313 small=1 wide_path=0 history_expected=1 history_calls=1 history_bytes=2048 history_success=1 history_fail=0 x_calls=38 x_bytes=80256 x_success=38 x_fail=0 kb_calls=0 kb_bytes=0 kb_success=0 kb_fail=0 total=39 injected=0 history_level=0 x_level=1 kb_level=-1 shape_bad=0 x_each_worker_once=1
CASE_PASS m=33 n=313 sve16_entries=80 expected=80 old_entries=40 packed_entries=40 packed_expected=40 wide_entries=0 wide_expected=0 wrapper_entries=0 wrapper_expected=0
ARGUMENTS_PASS m=33 n=313 calls=0 bad=0 expected_panel_stride=264
ALLOC_PASS m=257 n=313 small=1 wide_path=0 history_expected=1 history_calls=1 history_bytes=245760 history_success=1 history_fail=0 x_calls=38 x_bytes=625024 x_success=38 x_fail=0 kb_calls=0 kb_bytes=0 kb_success=0 kb_fail=0 total=39 injected=0 history_level=0 x_level=1 kb_level=-1 shape_bad=0 x_each_worker_once=1
CASE_PASS m=257 n=313 sve16_entries=640 expected=640 old_entries=40 packed_entries=600 packed_expected=600 wide_entries=0 wide_expected=0 wrapper_entries=0 wrapper_expected=0
ARGUMENTS_PASS m=257 n=313 calls=0 bad=0 expected_panel_stride=2056
ALLOCATION_SUMMARY_PASS cases=4 budget_cases=0 shared_injection_cases=0
PASS whole_cases=4 noop_cases=4 non_dyadic_long_double_RHS=1 padding_L_unchanged=1 max_error=1.1102230246251565e-16
SOURCE_FEATURES_PASS panel16=1 packedL16=1 has_budget=1 history_budget_bytes=4194304 panel8x16=1
MODE=boundary THREADS=1 NARROW_VL=0 EXPECT_SVE16=1 EXPECT_PACKEDL16=1
ALLOC_PASS m=4095 n=9 small=1 wide_path=1 history_expected=0 history_calls=0 history_bytes=0 history_success=0 history_fail=0 x_calls=1 x_bytes=524160 x_success=1 x_fail=0 kb_calls=0 kb_bytes=0 kb_success=0 kb_fail=0 total=1 injected=0 history_level=-1 x_level=1 kb_level=-1 shape_bad=0 x_each_worker_once=1
CASE_PASS m=4095 n=9 sve16_entries=510 expected=510 old_entries=510 packed_entries=0 packed_expected=0 wide_entries=0 wide_expected=0 wrapper_entries=1 wrapper_expected=1
ARGUMENTS_PASS m=4095 n=9 calls=0 bad=0 expected_panel_stride=32760
ALLOC_PASS m=4097 n=9 small=0 wide_path=0 history_expected=0 history_calls=0 history_bytes=0 history_success=0 history_fail=0 x_calls=0 x_bytes=0 x_success=0 x_fail=0 kb_calls=1 kb_bytes=32768 kb_success=1 kb_fail=0 total=1 injected=0 history_level=-1 x_level=-1 kb_level=0 shape_bad=0 x_each_worker_once=1
CASE_PASS m=4097 n=9 sve16_entries=0 expected=0 old_entries=0 packed_entries=0 packed_expected=0 wide_entries=0 wide_expected=0 wrapper_entries=0 wrapper_expected=0
ARGUMENTS_PASS m=4097 n=9 calls=0 bad=0 expected_panel_stride=32776
ALLOCATION_SUMMARY_PASS cases=2 budget_cases=0 shared_injection_cases=0
PASS whole_cases=2 noop_cases=4 non_dyadic_long_double_RHS=1 padding_L_unchanged=1 max_error=3.8857805861880479e-16
SOURCE_FEATURES_PASS panel16=1 packedL16=1 has_budget=1 history_budget_bytes=4194304 panel8x16=1
MODE=full THREADS=4 NARROW_VL=0 EXPECT_SVE16=0 EXPECT_PACKEDL16=0
ALLOC_PASS m=1 n=1 small=1 wide_path=0 history_expected=0 history_calls=0 history_bytes=0 history_success=0 history_fail=0 x_calls=4 x_bytes=256 x_success=4 x_fail=0 kb_calls=0 kb_bytes=0 kb_success=0 kb_fail=0 total=4 injected=0 history_level=-1 x_level=1 kb_level=-1 shape_bad=0 x_each_worker_once=1
CASE_PASS m=1 n=1 sve16_entries=0 expected=0 old_entries=0 packed_entries=0 packed_expected=0 wide_entries=0 wide_expected=0 wrapper_entries=0 wrapper_expected=0
ARGUMENTS_PASS m=1 n=1 calls=0 bad=0 expected_panel_stride=8
ALLOC_PASS m=1 n=7 small=1 wide_path=0 history_expected=0 history_calls=0 history_bytes=0 history_success=0 history_fail=0 x_calls=4 x_bytes=256 x_success=4 x_fail=0 kb_calls=0 kb_bytes=0 kb_success=0 kb_fail=0 total=4 injected=0 history_level=-1 x_level=1 kb_level=-1 shape_bad=0 x_each_worker_once=1
CASE_PASS m=1 n=7 sve16_entries=0 expected=0 old_entries=0 packed_entries=0 packed_expected=0 wide_entries=0 wide_expected=0 wrapper_entries=0 wrapper_expected=0
ARGUMENTS_PASS m=1 n=7 calls=0 bad=0 expected_panel_stride=8
ALLOC_PASS m=1 n=8 small=1 wide_path=0 history_expected=0 history_calls=0 history_bytes=0 history_success=0 history_fail=0 x_calls=4 x_bytes=256 x_success=4 x_fail=0 kb_calls=0 kb_bytes=0 kb_success=0 kb_fail=0 total=4 injected=0 history_level=-1 x_level=1 kb_level=-1 shape_bad=0 x_each_worker_once=1
CASE_PASS m=1 n=8 sve16_entries=0 expected=0 old_entries=0 packed_entries=0 packed_expected=0 wide_entries=0 wide_expected=0 wrapper_entries=0 wrapper_expected=0
ARGUMENTS_PASS m=1 n=8 calls=0 bad=0 expected_panel_stride=8
ALLOC_PASS m=1 n=9 small=1 wide_path=0 history_expected=0 history_calls=0 history_bytes=0 history_success=0 history_fail=0 x_calls=4 x_bytes=256 x_success=4 x_fail=0 kb_calls=0 kb_bytes=0 kb_success=0 kb_fail=0 total=4 injected=0 history_level=-1 x_level=1 kb_level=-1 shape_bad=0 x_each_worker_once=1
CASE_PASS m=1 n=9 sve16_entries=0 expected=0 old_entries=0 packed_entries=0 packed_expected=0 wide_entries=0 wide_expected=0 wrapper_entries=0 wrapper_expected=0
ARGUMENTS_PASS m=1 n=9 calls=0 bad=0 expected_panel_stride=8
ALLOC_PASS m=1 n=17 small=1 wide_path=0 history_expected=0 history_calls=0 history_bytes=0 history_success=0 history_fail=0 x_calls=4 x_bytes=256 x_success=4 x_fail=0 kb_calls=0 kb_bytes=0 kb_success=0 kb_fail=0 total=4 injected=0 history_level=-1 x_level=1 kb_level=-1 shape_bad=0 x_each_worker_once=1
CASE_PASS m=1 n=17 sve16_entries=0 expected=0 old_entries=0 packed_entries=0 packed_expected=0 wide_entries=0 wide_expected=0 wrapper_entries=0 wrapper_expected=0
ARGUMENTS_PASS m=1 n=17 calls=0 bad=0 expected_panel_stride=8
ALLOC_PASS m=3 n=1 small=1 wide_path=0 history_expected=0 history_calls=0 history_bytes=0 history_success=0 history_fail=0 x_calls=4 x_bytes=768 x_success=4 x_fail=0 kb_calls=0 kb_bytes=0 kb_success=0 kb_fail=0 total=4 injected=0 history_level=-1 x_level=1 kb_level=-1 shape_bad=0 x_each_worker_once=1
CASE_PASS m=3 n=1 sve16_entries=0 expected=0 old_entries=0 packed_entries=0 packed_expected=0 wide_entries=0 wide_expected=0 wrapper_entries=0 wrapper_expected=0
ARGUMENTS_PASS m=3 n=1 calls=0 bad=0 expected_panel_stride=24
ALLOC_PASS m=3 n=7 small=1 wide_path=0 history_expected=0 history_calls=0 history_bytes=0 history_success=0 history_fail=0 x_calls=4 x_bytes=768 x_success=4 x_fail=0 kb_calls=0 kb_bytes=0 kb_success=0 kb_fail=0 total=4 injected=0 history_level=-1 x_level=1 kb_level=-1 shape_bad=0 x_each_worker_once=1
CASE_PASS m=3 n=7 sve16_entries=0 expected=0 old_entries=0 packed_entries=0 packed_expected=0 wide_entries=0 wide_expected=0 wrapper_entries=0 wrapper_expected=0
ARGUMENTS_PASS m=3 n=7 calls=0 bad=0 expected_panel_stride=24
ALLOC_PASS m=3 n=8 small=1 wide_path=0 history_expected=0 history_calls=0 history_bytes=0 history_success=0 history_fail=0 x_calls=4 x_bytes=768 x_success=4 x_fail=0 kb_calls=0 kb_bytes=0 kb_success=0 kb_fail=0 total=4 injected=0 history_level=-1 x_level=1 kb_level=-1 shape_bad=0 x_each_worker_once=1
CASE_PASS m=3 n=8 sve16_entries=0 expected=0 old_entries=0 packed_entries=0 packed_expected=0 wide_entries=0 wide_expected=0 wrapper_entries=0 wrapper_expected=0
ARGUMENTS_PASS m=3 n=8 calls=0 bad=0 expected_panel_stride=24
ALLOC_PASS m=3 n=9 small=1 wide_path=0 history_expected=0 history_calls=0 history_bytes=0 history_success=0 history_fail=0 x_calls=4 x_bytes=768 x_success=4 x_fail=0 kb_calls=0 kb_bytes=0 kb_success=0 kb_fail=0 total=4 injected=0 history_level=-1 x_level=1 kb_level=-1 shape_bad=0 x_each_worker_once=1
CASE_PASS m=3 n=9 sve16_entries=0 expected=0 old_entries=0 packed_entries=0 packed_expected=0 wide_entries=0 wide_expected=0 wrapper_entries=0 wrapper_expected=0
ARGUMENTS_PASS m=3 n=9 calls=0 bad=0 expected_panel_stride=24
ALLOC_PASS m=3 n=17 small=1 wide_path=0 history_expected=0 history_calls=0 history_bytes=0 history_success=0 history_fail=0 x_calls=4 x_bytes=768 x_success=4 x_fail=0 kb_calls=0 kb_bytes=0 kb_success=0 kb_fail=0 total=4 injected=0 history_level=-1 x_level=1 kb_level=-1 shape_bad=0 x_each_worker_once=1
CASE_PASS m=3 n=17 sve16_entries=0 expected=0 old_entries=0 packed_entries=0 packed_expected=0 wide_entries=0 wide_expected=0 wrapper_entries=0 wrapper_expected=0
ARGUMENTS_PASS m=3 n=17 calls=0 bad=0 expected_panel_stride=24
ALLOC_PASS m=4 n=1 small=1 wide_path=0 history_expected=0 history_calls=0 history_bytes=0 history_success=0 history_fail=0 x_calls=4 x_bytes=1024 x_success=4 x_fail=0 kb_calls=0 kb_bytes=0 kb_success=0 kb_fail=0 total=4 injected=0 history_level=-1 x_level=1 kb_level=-1 shape_bad=0 x_each_worker_once=1
CASE_PASS m=4 n=1 sve16_entries=0 expected=0 old_entries=0 packed_entries=0 packed_expected=0 wide_entries=0 wide_expected=0 wrapper_entries=0 wrapper_expected=0
ARGUMENTS_PASS m=4 n=1 calls=0 bad=0 expected_panel_stride=32
ALLOC_PASS m=4 n=7 small=1 wide_path=0 history_expected=0 history_calls=0 history_bytes=0 history_success=0 history_fail=0 x_calls=4 x_bytes=1024 x_success=4 x_fail=0 kb_calls=0 kb_bytes=0 kb_success=0 kb_fail=0 total=4 injected=0 history_level=-1 x_level=1 kb_level=-1 shape_bad=0 x_each_worker_once=1
CASE_PASS m=4 n=7 sve16_entries=0 expected=0 old_entries=0 packed_entries=0 packed_expected=0 wide_entries=0 wide_expected=0 wrapper_entries=0 wrapper_expected=0
ARGUMENTS_PASS m=4 n=7 calls=0 bad=0 expected_panel_stride=32
ALLOC_PASS m=4 n=8 small=1 wide_path=0 history_expected=0 history_calls=0 history_bytes=0 history_success=0 history_fail=0 x_calls=4 x_bytes=1024 x_success=4 x_fail=0 kb_calls=0 kb_bytes=0 kb_success=0 kb_fail=0 total=4 injected=0 history_level=-1 x_level=1 kb_level=-1 shape_bad=0 x_each_worker_once=1
CASE_PASS m=4 n=8 sve16_entries=0 expected=0 old_entries=0 packed_entries=0 packed_expected=0 wide_entries=0 wide_expected=0 wrapper_entries=0 wrapper_expected=0
ARGUMENTS_PASS m=4 n=8 calls=0 bad=0 expected_panel_stride=32
ALLOC_PASS m=4 n=9 small=1 wide_path=0 history_expected=0 history_calls=0 history_bytes=0 history_success=0 history_fail=0 x_calls=4 x_bytes=1024 x_success=4 x_fail=0 kb_calls=0 kb_bytes=0 kb_success=0 kb_fail=0 total=4 injected=0 history_level=-1 x_level=1 kb_level=-1 shape_bad=0 x_each_worker_once=1
CASE_PASS m=4 n=9 sve16_entries=0 expected=0 old_entries=0 packed_entries=0 packed_expected=0 wide_entries=0 wide_expected=0 wrapper_entries=0 wrapper_expected=0
ARGUMENTS_PASS m=4 n=9 calls=0 bad=0 expected_panel_stride=32
ALLOC_PASS m=4 n=17 small=1 wide_path=0 history_expected=0 history_calls=0 history_bytes=0 history_success=0 history_fail=0 x_calls=4 x_bytes=1024 x_success=4 x_fail=0 kb_calls=0 kb_bytes=0 kb_success=0 kb_fail=0 total=4 injected=0 history_level=-1 x_level=1 kb_level=-1 shape_bad=0 x_each_worker_once=1
CASE_PASS m=4 n=17 sve16_entries=0 expected=0 old_entries=0 packed_entries=0 packed_expected=0 wide_entries=0 wide_expected=0 wrapper_entries=0 wrapper_expected=0
ARGUMENTS_PASS m=4 n=17 calls=0 bad=0 expected_panel_stride=32
ALLOC_PASS m=5 n=1 small=1 wide_path=0 history_expected=0 history_calls=0 history_bytes=0 history_success=0 history_fail=0 x_calls=4 x_bytes=1280 x_success=4 x_fail=0 kb_calls=0 kb_bytes=0 kb_success=0 kb_fail=0 total=4 injected=0 history_level=-1 x_level=1 kb_level=-1 shape_bad=0 x_each_worker_once=1
CASE_PASS m=5 n=1 sve16_entries=0 expected=0 old_entries=0 packed_entries=0 packed_expected=0 wide_entries=0 wide_expected=0 wrapper_entries=0 wrapper_expected=0
ARGUMENTS_PASS m=5 n=1 calls=0 bad=0 expected_panel_stride=40
ALLOC_PASS m=5 n=7 small=1 wide_path=0 history_expected=0 history_calls=0 history_bytes=0 history_success=0 history_fail=0 x_calls=4 x_bytes=1280 x_success=4 x_fail=0 kb_calls=0 kb_bytes=0 kb_success=0 kb_fail=0 total=4 injected=0 history_level=-1 x_level=1 kb_level=-1 shape_bad=0 x_each_worker_once=1
CASE_PASS m=5 n=7 sve16_entries=0 expected=0 old_entries=0 packed_entries=0 packed_expected=0 wide_entries=0 wide_expected=0 wrapper_entries=0 wrapper_expected=0
ARGUMENTS_PASS m=5 n=7 calls=0 bad=0 expected_panel_stride=40
ALLOC_PASS m=5 n=8 small=1 wide_path=0 history_expected=0 history_calls=0 history_bytes=0 history_success=0 history_fail=0 x_calls=4 x_bytes=1280 x_success=4 x_fail=0 kb_calls=0 kb_bytes=0 kb_success=0 kb_fail=0 total=4 injected=0 history_level=-1 x_level=1 kb_level=-1 shape_bad=0 x_each_worker_once=1
CASE_PASS m=5 n=8 sve16_entries=0 expected=0 old_entries=0 packed_entries=0 packed_expected=0 wide_entries=0 wide_expected=0 wrapper_entries=0 wrapper_expected=0
ARGUMENTS_PASS m=5 n=8 calls=0 bad=0 expected_panel_stride=40
ALLOC_PASS m=5 n=9 small=1 wide_path=0 history_expected=0 history_calls=0 history_bytes=0 history_success=0 history_fail=0 x_calls=4 x_bytes=1280 x_success=4 x_fail=0 kb_calls=0 kb_bytes=0 kb_success=0 kb_fail=0 total=4 injected=0 history_level=-1 x_level=1 kb_level=-1 shape_bad=0 x_each_worker_once=1
CASE_PASS m=5 n=9 sve16_entries=0 expected=0 old_entries=0 packed_entries=0 packed_expected=0 wide_entries=0 wide_expected=0 wrapper_entries=0 wrapper_expected=0
ARGUMENTS_PASS m=5 n=9 calls=0 bad=0 expected_panel_stride=40
ALLOC_PASS m=5 n=17 small=1 wide_path=0 history_expected=0 history_calls=0 history_bytes=0 history_success=0 history_fail=0 x_calls=4 x_bytes=1280 x_success=4 x_fail=0 kb_calls=0 kb_bytes=0 kb_success=0 kb_fail=0 total=4 injected=0 history_level=-1 x_level=1 kb_level=-1 shape_bad=0 x_each_worker_once=1
CASE_PASS m=5 n=17 sve16_entries=0 expected=0 old_entries=0 packed_entries=0 packed_expected=0 wide_entries=0 wide_expected=0 wrapper_entries=0 wrapper_expected=0
ARGUMENTS_PASS m=5 n=17 calls=0 bad=0 expected_panel_stride=40
ALLOC_PASS m=15 n=1 small=1 wide_path=0 history_expected=0 history_calls=0 history_bytes=0 history_success=0 history_fail=0 x_calls=4 x_bytes=3840 x_success=4 x_fail=0 kb_calls=0 kb_bytes=0 kb_success=0 kb_fail=0 total=4 injected=0 history_level=-1 x_level=1 kb_level=-1 shape_bad=0 x_each_worker_once=1
CASE_PASS m=15 n=1 sve16_entries=0 expected=0 old_entries=0 packed_entries=0 packed_expected=0 wide_entries=0 wide_expected=0 wrapper_entries=0 wrapper_expected=0
ARGUMENTS_PASS m=15 n=1 calls=0 bad=0 expected_panel_stride=120
ALLOC_PASS m=15 n=7 small=1 wide_path=0 history_expected=0 history_calls=0 history_bytes=0 history_success=0 history_fail=0 x_calls=4 x_bytes=3840 x_success=4 x_fail=0 kb_calls=0 kb_bytes=0 kb_success=0 kb_fail=0 total=4 injected=0 history_level=-1 x_level=1 kb_level=-1 shape_bad=0 x_each_worker_once=1
CASE_PASS m=15 n=7 sve16_entries=0 expected=0 old_entries=0 packed_entries=0 packed_expected=0 wide_entries=0 wide_expected=0 wrapper_entries=0 wrapper_expected=0
ARGUMENTS_PASS m=15 n=7 calls=0 bad=0 expected_panel_stride=120
ALLOC_PASS m=15 n=8 small=1 wide_path=0 history_expected=0 history_calls=0 history_bytes=0 history_success=0 history_fail=0 x_calls=4 x_bytes=3840 x_success=4 x_fail=0 kb_calls=0 kb_bytes=0 kb_success=0 kb_fail=0 total=4 injected=0 history_level=-1 x_level=1 kb_level=-1 shape_bad=0 x_each_worker_once=1
CASE_PASS m=15 n=8 sve16_entries=0 expected=0 old_entries=0 packed_entries=0 packed_expected=0 wide_entries=0 wide_expected=0 wrapper_entries=0 wrapper_expected=0
ARGUMENTS_PASS m=15 n=8 calls=0 bad=0 expected_panel_stride=120
ALLOC_PASS m=15 n=9 small=1 wide_path=0 history_expected=0 history_calls=0 history_bytes=0 history_success=0 history_fail=0 x_calls=4 x_bytes=3840 x_success=4 x_fail=0 kb_calls=0 kb_bytes=0 kb_success=0 kb_fail=0 total=4 injected=0 history_level=-1 x_level=1 kb_level=-1 shape_bad=0 x_each_worker_once=1
CASE_PASS m=15 n=9 sve16_entries=0 expected=0 old_entries=0 packed_entries=0 packed_expected=0 wide_entries=0 wide_expected=0 wrapper_entries=0 wrapper_expected=0
ARGUMENTS_PASS m=15 n=9 calls=0 bad=0 expected_panel_stride=120
ALLOC_PASS m=15 n=17 small=1 wide_path=0 history_expected=0 history_calls=0 history_bytes=0 history_success=0 history_fail=0 x_calls=4 x_bytes=3840 x_success=4 x_fail=0 kb_calls=0 kb_bytes=0 kb_success=0 kb_fail=0 total=4 injected=0 history_level=-1 x_level=1 kb_level=-1 shape_bad=0 x_each_worker_once=1
CASE_PASS m=15 n=17 sve16_entries=0 expected=0 old_entries=0 packed_entries=0 packed_expected=0 wide_entries=0 wide_expected=0 wrapper_entries=0 wrapper_expected=0
ARGUMENTS_PASS m=15 n=17 calls=0 bad=0 expected_panel_stride=120
ALLOC_PASS m=16 n=1 small=1 wide_path=0 history_expected=0 history_calls=0 history_bytes=0 history_success=0 history_fail=0 x_calls=4 x_bytes=4096 x_success=4 x_fail=0 kb_calls=0 kb_bytes=0 kb_success=0 kb_fail=0 total=4 injected=0 history_level=-1 x_level=1 kb_level=-1 shape_bad=0 x_each_worker_once=1
CASE_PASS m=16 n=1 sve16_entries=0 expected=0 old_entries=0 packed_entries=0 packed_expected=0 wide_entries=0 wide_expected=0 wrapper_entries=0 wrapper_expected=0
ARGUMENTS_PASS m=16 n=1 calls=0 bad=0 expected_panel_stride=128
ALLOC_PASS m=16 n=7 small=1 wide_path=0 history_expected=0 history_calls=0 history_bytes=0 history_success=0 history_fail=0 x_calls=4 x_bytes=4096 x_success=4 x_fail=0 kb_calls=0 kb_bytes=0 kb_success=0 kb_fail=0 total=4 injected=0 history_level=-1 x_level=1 kb_level=-1 shape_bad=0 x_each_worker_once=1
CASE_PASS m=16 n=7 sve16_entries=0 expected=0 old_entries=0 packed_entries=0 packed_expected=0 wide_entries=0 wide_expected=0 wrapper_entries=0 wrapper_expected=0
ARGUMENTS_PASS m=16 n=7 calls=0 bad=0 expected_panel_stride=128
ALLOC_PASS m=16 n=8 small=1 wide_path=0 history_expected=0 history_calls=0 history_bytes=0 history_success=0 history_fail=0 x_calls=4 x_bytes=4096 x_success=4 x_fail=0 kb_calls=0 kb_bytes=0 kb_success=0 kb_fail=0 total=4 injected=0 history_level=-1 x_level=1 kb_level=-1 shape_bad=0 x_each_worker_once=1
CASE_PASS m=16 n=8 sve16_entries=0 expected=0 old_entries=0 packed_entries=0 packed_expected=0 wide_entries=0 wide_expected=0 wrapper_entries=0 wrapper_expected=0
ARGUMENTS_PASS m=16 n=8 calls=0 bad=0 expected_panel_stride=128
ALLOC_PASS m=16 n=9 small=1 wide_path=0 history_expected=0 history_calls=0 history_bytes=0 history_success=0 history_fail=0 x_calls=4 x_bytes=4096 x_success=4 x_fail=0 kb_calls=0 kb_bytes=0 kb_success=0 kb_fail=0 total=4 injected=0 history_level=-1 x_level=1 kb_level=-1 shape_bad=0 x_each_worker_once=1
CASE_PASS m=16 n=9 sve16_entries=0 expected=0 old_entries=0 packed_entries=0 packed_expected=0 wide_entries=0 wide_expected=0 wrapper_entries=0 wrapper_expected=0
ARGUMENTS_PASS m=16 n=9 calls=0 bad=0 expected_panel_stride=128
ALLOC_PASS m=16 n=17 small=1 wide_path=0 history_expected=0 history_calls=0 history_bytes=0 history_success=0 history_fail=0 x_calls=4 x_bytes=4096 x_success=4 x_fail=0 kb_calls=0 kb_bytes=0 kb_success=0 kb_fail=0 total=4 injected=0 history_level=-1 x_level=1 kb_level=-1 shape_bad=0 x_each_worker_once=1
CASE_PASS m=16 n=17 sve16_entries=0 expected=0 old_entries=0 packed_entries=0 packed_expected=0 wide_entries=0 wide_expected=0 wrapper_entries=0 wrapper_expected=0
ARGUMENTS_PASS m=16 n=17 calls=0 bad=0 expected_panel_stride=128
ALLOC_PASS m=17 n=1 small=1 wide_path=0 history_expected=0 history_calls=0 history_bytes=0 history_success=0 history_fail=0 x_calls=4 x_bytes=4352 x_success=4 x_fail=0 kb_calls=0 kb_bytes=0 kb_success=0 kb_fail=0 total=4 injected=0 history_level=-1 x_level=1 kb_level=-1 shape_bad=0 x_each_worker_once=1
CASE_PASS m=17 n=1 sve16_entries=0 expected=0 old_entries=0 packed_entries=0 packed_expected=0 wide_entries=0 wide_expected=0 wrapper_entries=0 wrapper_expected=0
ARGUMENTS_PASS m=17 n=1 calls=0 bad=0 expected_panel_stride=136
ALLOC_PASS m=17 n=7 small=1 wide_path=0 history_expected=0 history_calls=0 history_bytes=0 history_success=0 history_fail=0 x_calls=4 x_bytes=4352 x_success=4 x_fail=0 kb_calls=0 kb_bytes=0 kb_success=0 kb_fail=0 total=4 injected=0 history_level=-1 x_level=1 kb_level=-1 shape_bad=0 x_each_worker_once=1
CASE_PASS m=17 n=7 sve16_entries=0 expected=0 old_entries=0 packed_entries=0 packed_expected=0 wide_entries=0 wide_expected=0 wrapper_entries=0 wrapper_expected=0
ARGUMENTS_PASS m=17 n=7 calls=0 bad=0 expected_panel_stride=136
ALLOC_PASS m=17 n=8 small=1 wide_path=0 history_expected=0 history_calls=0 history_bytes=0 history_success=0 history_fail=0 x_calls=4 x_bytes=4352 x_success=4 x_fail=0 kb_calls=0 kb_bytes=0 kb_success=0 kb_fail=0 total=4 injected=0 history_level=-1 x_level=1 kb_level=-1 shape_bad=0 x_each_worker_once=1
CASE_PASS m=17 n=8 sve16_entries=0 expected=0 old_entries=0 packed_entries=0 packed_expected=0 wide_entries=0 wide_expected=0 wrapper_entries=0 wrapper_expected=0
ARGUMENTS_PASS m=17 n=8 calls=0 bad=0 expected_panel_stride=136
ALLOC_PASS m=17 n=9 small=1 wide_path=0 history_expected=0 history_calls=0 history_bytes=0 history_success=0 history_fail=0 x_calls=4 x_bytes=4352 x_success=4 x_fail=0 kb_calls=0 kb_bytes=0 kb_success=0 kb_fail=0 total=4 injected=0 history_level=-1 x_level=1 kb_level=-1 shape_bad=0 x_each_worker_once=1
CASE_PASS m=17 n=9 sve16_entries=0 expected=0 old_entries=0 packed_entries=0 packed_expected=0 wide_entries=0 wide_expected=0 wrapper_entries=0 wrapper_expected=0
ARGUMENTS_PASS m=17 n=9 calls=0 bad=0 expected_panel_stride=136
ALLOC_PASS m=17 n=17 small=1 wide_path=0 history_expected=0 history_calls=0 history_bytes=0 history_success=0 history_fail=0 x_calls=4 x_bytes=4352 x_success=4 x_fail=0 kb_calls=0 kb_bytes=0 kb_success=0 kb_fail=0 total=4 injected=0 history_level=-1 x_level=1 kb_level=-1 shape_bad=0 x_each_worker_once=1
CASE_PASS m=17 n=17 sve16_entries=0 expected=0 old_entries=0 packed_entries=0 packed_expected=0 wide_entries=0 wide_expected=0 wrapper_entries=0 wrapper_expected=0
ARGUMENTS_PASS m=17 n=17 calls=0 bad=0 expected_panel_stride=136
ALLOC_PASS m=31 n=1 small=1 wide_path=0 history_expected=0 history_calls=0 history_bytes=0 history_success=0 history_fail=0 x_calls=4 x_bytes=7936 x_success=4 x_fail=0 kb_calls=0 kb_bytes=0 kb_success=0 kb_fail=0 total=4 injected=0 history_level=-1 x_level=1 kb_level=-1 shape_bad=0 x_each_worker_once=1
CASE_PASS m=31 n=1 sve16_entries=0 expected=0 old_entries=0 packed_entries=0 packed_expected=0 wide_entries=0 wide_expected=0 wrapper_entries=0 wrapper_expected=0
ARGUMENTS_PASS m=31 n=1 calls=0 bad=0 expected_panel_stride=248
ALLOC_PASS m=31 n=7 small=1 wide_path=0 history_expected=0 history_calls=0 history_bytes=0 history_success=0 history_fail=0 x_calls=4 x_bytes=7936 x_success=4 x_fail=0 kb_calls=0 kb_bytes=0 kb_success=0 kb_fail=0 total=4 injected=0 history_level=-1 x_level=1 kb_level=-1 shape_bad=0 x_each_worker_once=1
CASE_PASS m=31 n=7 sve16_entries=0 expected=0 old_entries=0 packed_entries=0 packed_expected=0 wide_entries=0 wide_expected=0 wrapper_entries=0 wrapper_expected=0
ARGUMENTS_PASS m=31 n=7 calls=0 bad=0 expected_panel_stride=248
ALLOC_PASS m=31 n=8 small=1 wide_path=0 history_expected=0 history_calls=0 history_bytes=0 history_success=0 history_fail=0 x_calls=4 x_bytes=7936 x_success=4 x_fail=0 kb_calls=0 kb_bytes=0 kb_success=0 kb_fail=0 total=4 injected=0 history_level=-1 x_level=1 kb_level=-1 shape_bad=0 x_each_worker_once=1
CASE_PASS m=31 n=8 sve16_entries=0 expected=0 old_entries=0 packed_entries=0 packed_expected=0 wide_entries=0 wide_expected=0 wrapper_entries=0 wrapper_expected=0
ARGUMENTS_PASS m=31 n=8 calls=0 bad=0 expected_panel_stride=248
ALLOC_PASS m=31 n=9 small=1 wide_path=0 history_expected=0 history_calls=0 history_bytes=0 history_success=0 history_fail=0 x_calls=4 x_bytes=7936 x_success=4 x_fail=0 kb_calls=0 kb_bytes=0 kb_success=0 kb_fail=0 total=4 injected=0 history_level=-1 x_level=1 kb_level=-1 shape_bad=0 x_each_worker_once=1
CASE_PASS m=31 n=9 sve16_entries=0 expected=0 old_entries=0 packed_entries=0 packed_expected=0 wide_entries=0 wide_expected=0 wrapper_entries=0 wrapper_expected=0
ARGUMENTS_PASS m=31 n=9 calls=0 bad=0 expected_panel_stride=248
ALLOC_PASS m=31 n=17 small=1 wide_path=0 history_expected=0 history_calls=0 history_bytes=0 history_success=0 history_fail=0 x_calls=4 x_bytes=7936 x_success=4 x_fail=0 kb_calls=0 kb_bytes=0 kb_success=0 kb_fail=0 total=4 injected=0 history_level=-1 x_level=1 kb_level=-1 shape_bad=0 x_each_worker_once=1
CASE_PASS m=31 n=17 sve16_entries=0 expected=0 old_entries=0 packed_entries=0 packed_expected=0 wide_entries=0 wide_expected=0 wrapper_entries=0 wrapper_expected=0
ARGUMENTS_PASS m=31 n=17 calls=0 bad=0 expected_panel_stride=248
ALLOC_PASS m=32 n=1 small=1 wide_path=0 history_expected=0 history_calls=0 history_bytes=0 history_success=0 history_fail=0 x_calls=4 x_bytes=8192 x_success=4 x_fail=0 kb_calls=0 kb_bytes=0 kb_success=0 kb_fail=0 total=4 injected=0 history_level=-1 x_level=1 kb_level=-1 shape_bad=0 x_each_worker_once=1
CASE_PASS m=32 n=1 sve16_entries=0 expected=0 old_entries=0 packed_entries=0 packed_expected=0 wide_entries=0 wide_expected=0 wrapper_entries=0 wrapper_expected=0
ARGUMENTS_PASS m=32 n=1 calls=0 bad=0 expected_panel_stride=256
ALLOC_PASS m=32 n=7 small=1 wide_path=0 history_expected=0 history_calls=0 history_bytes=0 history_success=0 history_fail=0 x_calls=4 x_bytes=8192 x_success=4 x_fail=0 kb_calls=0 kb_bytes=0 kb_success=0 kb_fail=0 total=4 injected=0 history_level=-1 x_level=1 kb_level=-1 shape_bad=0 x_each_worker_once=1
CASE_PASS m=32 n=7 sve16_entries=0 expected=0 old_entries=0 packed_entries=0 packed_expected=0 wide_entries=0 wide_expected=0 wrapper_entries=0 wrapper_expected=0
ARGUMENTS_PASS m=32 n=7 calls=0 bad=0 expected_panel_stride=256
ALLOC_PASS m=32 n=8 small=1 wide_path=0 history_expected=0 history_calls=0 history_bytes=0 history_success=0 history_fail=0 x_calls=4 x_bytes=8192 x_success=4 x_fail=0 kb_calls=0 kb_bytes=0 kb_success=0 kb_fail=0 total=4 injected=0 history_level=-1 x_level=1 kb_level=-1 shape_bad=0 x_each_worker_once=1
CASE_PASS m=32 n=8 sve16_entries=0 expected=0 old_entries=0 packed_entries=0 packed_expected=0 wide_entries=0 wide_expected=0 wrapper_entries=0 wrapper_expected=0
ARGUMENTS_PASS m=32 n=8 calls=0 bad=0 expected_panel_stride=256
ALLOC_PASS m=32 n=9 small=1 wide_path=0 history_expected=0 history_calls=0 history_bytes=0 history_success=0 history_fail=0 x_calls=4 x_bytes=8192 x_success=4 x_fail=0 kb_calls=0 kb_bytes=0 kb_success=0 kb_fail=0 total=4 injected=0 history_level=-1 x_level=1 kb_level=-1 shape_bad=0 x_each_worker_once=1
CASE_PASS m=32 n=9 sve16_entries=0 expected=0 old_entries=0 packed_entries=0 packed_expected=0 wide_entries=0 wide_expected=0 wrapper_entries=0 wrapper_expected=0
ARGUMENTS_PASS m=32 n=9 calls=0 bad=0 expected_panel_stride=256
ALLOC_PASS m=32 n=17 small=1 wide_path=0 history_expected=0 history_calls=0 history_bytes=0 history_success=0 history_fail=0 x_calls=4 x_bytes=8192 x_success=4 x_fail=0 kb_calls=0 kb_bytes=0 kb_success=0 kb_fail=0 total=4 injected=0 history_level=-1 x_level=1 kb_level=-1 shape_bad=0 x_each_worker_once=1
CASE_PASS m=32 n=17 sve16_entries=0 expected=0 old_entries=0 packed_entries=0 packed_expected=0 wide_entries=0 wide_expected=0 wrapper_entries=0 wrapper_expected=0
ARGUMENTS_PASS m=32 n=17 calls=0 bad=0 expected_panel_stride=256
ALLOC_PASS m=33 n=1 small=1 wide_path=0 history_expected=0 history_calls=0 history_bytes=0 history_success=0 history_fail=0 x_calls=4 x_bytes=8448 x_success=4 x_fail=0 kb_calls=0 kb_bytes=0 kb_success=0 kb_fail=0 total=4 injected=0 history_level=-1 x_level=1 kb_level=-1 shape_bad=0 x_each_worker_once=1
CASE_PASS m=33 n=1 sve16_entries=0 expected=0 old_entries=0 packed_entries=0 packed_expected=0 wide_entries=0 wide_expected=0 wrapper_entries=0 wrapper_expected=0
ARGUMENTS_PASS m=33 n=1 calls=0 bad=0 expected_panel_stride=264
ALLOC_PASS m=33 n=7 small=1 wide_path=0 history_expected=0 history_calls=0 history_bytes=0 history_success=0 history_fail=0 x_calls=4 x_bytes=8448 x_success=4 x_fail=0 kb_calls=0 kb_bytes=0 kb_success=0 kb_fail=0 total=4 injected=0 history_level=-1 x_level=1 kb_level=-1 shape_bad=0 x_each_worker_once=1
CASE_PASS m=33 n=7 sve16_entries=0 expected=0 old_entries=0 packed_entries=0 packed_expected=0 wide_entries=0 wide_expected=0 wrapper_entries=0 wrapper_expected=0
ARGUMENTS_PASS m=33 n=7 calls=0 bad=0 expected_panel_stride=264
ALLOC_PASS m=33 n=8 small=1 wide_path=0 history_expected=0 history_calls=0 history_bytes=0 history_success=0 history_fail=0 x_calls=4 x_bytes=8448 x_success=4 x_fail=0 kb_calls=0 kb_bytes=0 kb_success=0 kb_fail=0 total=4 injected=0 history_level=-1 x_level=1 kb_level=-1 shape_bad=0 x_each_worker_once=1
CASE_PASS m=33 n=8 sve16_entries=0 expected=0 old_entries=0 packed_entries=0 packed_expected=0 wide_entries=0 wide_expected=0 wrapper_entries=0 wrapper_expected=0
ARGUMENTS_PASS m=33 n=8 calls=0 bad=0 expected_panel_stride=264
ALLOC_PASS m=33 n=9 small=1 wide_path=0 history_expected=0 history_calls=0 history_bytes=0 history_success=0 history_fail=0 x_calls=4 x_bytes=8448 x_success=4 x_fail=0 kb_calls=0 kb_bytes=0 kb_success=0 kb_fail=0 total=4 injected=0 history_level=-1 x_level=1 kb_level=-1 shape_bad=0 x_each_worker_once=1
CASE_PASS m=33 n=9 sve16_entries=0 expected=0 old_entries=0 packed_entries=0 packed_expected=0 wide_entries=0 wide_expected=0 wrapper_entries=0 wrapper_expected=0
ARGUMENTS_PASS m=33 n=9 calls=0 bad=0 expected_panel_stride=264
ALLOC_PASS m=33 n=17 small=1 wide_path=0 history_expected=0 history_calls=0 history_bytes=0 history_success=0 history_fail=0 x_calls=4 x_bytes=8448 x_success=4 x_fail=0 kb_calls=0 kb_bytes=0 kb_success=0 kb_fail=0 total=4 injected=0 history_level=-1 x_level=1 kb_level=-1 shape_bad=0 x_each_worker_once=1
CASE_PASS m=33 n=17 sve16_entries=0 expected=0 old_entries=0 packed_entries=0 packed_expected=0 wide_entries=0 wide_expected=0 wrapper_entries=0 wrapper_expected=0
ARGUMENTS_PASS m=33 n=17 calls=0 bad=0 expected_panel_stride=264
ALLOC_PASS m=63 n=1 small=1 wide_path=0 history_expected=0 history_calls=0 history_bytes=0 history_success=0 history_fail=0 x_calls=4 x_bytes=16128 x_success=4 x_fail=0 kb_calls=0 kb_bytes=0 kb_success=0 kb_fail=0 total=4 injected=0 history_level=-1 x_level=1 kb_level=-1 shape_bad=0 x_each_worker_once=1
CASE_PASS m=63 n=1 sve16_entries=0 expected=0 old_entries=0 packed_entries=0 packed_expected=0 wide_entries=0 wide_expected=0 wrapper_entries=0 wrapper_expected=0
ARGUMENTS_PASS m=63 n=1 calls=0 bad=0 expected_panel_stride=504
ALLOC_PASS m=63 n=7 small=1 wide_path=0 history_expected=0 history_calls=0 history_bytes=0 history_success=0 history_fail=0 x_calls=4 x_bytes=16128 x_success=4 x_fail=0 kb_calls=0 kb_bytes=0 kb_success=0 kb_fail=0 total=4 injected=0 history_level=-1 x_level=1 kb_level=-1 shape_bad=0 x_each_worker_once=1
CASE_PASS m=63 n=7 sve16_entries=0 expected=0 old_entries=0 packed_entries=0 packed_expected=0 wide_entries=0 wide_expected=0 wrapper_entries=0 wrapper_expected=0
ARGUMENTS_PASS m=63 n=7 calls=0 bad=0 expected_panel_stride=504
ALLOC_PASS m=63 n=8 small=1 wide_path=0 history_expected=0 history_calls=0 history_bytes=0 history_success=0 history_fail=0 x_calls=4 x_bytes=16128 x_success=4 x_fail=0 kb_calls=0 kb_bytes=0 kb_success=0 kb_fail=0 total=4 injected=0 history_level=-1 x_level=1 kb_level=-1 shape_bad=0 x_each_worker_once=1
CASE_PASS m=63 n=8 sve16_entries=0 expected=0 old_entries=0 packed_entries=0 packed_expected=0 wide_entries=0 wide_expected=0 wrapper_entries=0 wrapper_expected=0
ARGUMENTS_PASS m=63 n=8 calls=0 bad=0 expected_panel_stride=504
ALLOC_PASS m=63 n=9 small=1 wide_path=0 history_expected=0 history_calls=0 history_bytes=0 history_success=0 history_fail=0 x_calls=4 x_bytes=16128 x_success=4 x_fail=0 kb_calls=0 kb_bytes=0 kb_success=0 kb_fail=0 total=4 injected=0 history_level=-1 x_level=1 kb_level=-1 shape_bad=0 x_each_worker_once=1
CASE_PASS m=63 n=9 sve16_entries=0 expected=0 old_entries=0 packed_entries=0 packed_expected=0 wide_entries=0 wide_expected=0 wrapper_entries=0 wrapper_expected=0
ARGUMENTS_PASS m=63 n=9 calls=0 bad=0 expected_panel_stride=504
ALLOC_PASS m=63 n=17 small=1 wide_path=0 history_expected=0 history_calls=0 history_bytes=0 history_success=0 history_fail=0 x_calls=4 x_bytes=16128 x_success=4 x_fail=0 kb_calls=0 kb_bytes=0 kb_success=0 kb_fail=0 total=4 injected=0 history_level=-1 x_level=1 kb_level=-1 shape_bad=0 x_each_worker_once=1
CASE_PASS m=63 n=17 sve16_entries=0 expected=0 old_entries=0 packed_entries=0 packed_expected=0 wide_entries=0 wide_expected=0 wrapper_entries=0 wrapper_expected=0
ARGUMENTS_PASS m=63 n=17 calls=0 bad=0 expected_panel_stride=504
ALLOC_PASS m=64 n=1 small=1 wide_path=0 history_expected=0 history_calls=0 history_bytes=0 history_success=0 history_fail=0 x_calls=4 x_bytes=16384 x_success=4 x_fail=0 kb_calls=0 kb_bytes=0 kb_success=0 kb_fail=0 total=4 injected=0 history_level=-1 x_level=1 kb_level=-1 shape_bad=0 x_each_worker_once=1
CASE_PASS m=64 n=1 sve16_entries=0 expected=0 old_entries=0 packed_entries=0 packed_expected=0 wide_entries=0 wide_expected=0 wrapper_entries=0 wrapper_expected=0
ARGUMENTS_PASS m=64 n=1 calls=0 bad=0 expected_panel_stride=512
ALLOC_PASS m=64 n=7 small=1 wide_path=0 history_expected=0 history_calls=0 history_bytes=0 history_success=0 history_fail=0 x_calls=4 x_bytes=16384 x_success=4 x_fail=0 kb_calls=0 kb_bytes=0 kb_success=0 kb_fail=0 total=4 injected=0 history_level=-1 x_level=1 kb_level=-1 shape_bad=0 x_each_worker_once=1
CASE_PASS m=64 n=7 sve16_entries=0 expected=0 old_entries=0 packed_entries=0 packed_expected=0 wide_entries=0 wide_expected=0 wrapper_entries=0 wrapper_expected=0
ARGUMENTS_PASS m=64 n=7 calls=0 bad=0 expected_panel_stride=512
ALLOC_PASS m=64 n=8 small=1 wide_path=0 history_expected=0 history_calls=0 history_bytes=0 history_success=0 history_fail=0 x_calls=4 x_bytes=16384 x_success=4 x_fail=0 kb_calls=0 kb_bytes=0 kb_success=0 kb_fail=0 total=4 injected=0 history_level=-1 x_level=1 kb_level=-1 shape_bad=0 x_each_worker_once=1
CASE_PASS m=64 n=8 sve16_entries=0 expected=0 old_entries=0 packed_entries=0 packed_expected=0 wide_entries=0 wide_expected=0 wrapper_entries=0 wrapper_expected=0
ARGUMENTS_PASS m=64 n=8 calls=0 bad=0 expected_panel_stride=512
ALLOC_PASS m=64 n=9 small=1 wide_path=0 history_expected=0 history_calls=0 history_bytes=0 history_success=0 history_fail=0 x_calls=4 x_bytes=16384 x_success=4 x_fail=0 kb_calls=0 kb_bytes=0 kb_success=0 kb_fail=0 total=4 injected=0 history_level=-1 x_level=1 kb_level=-1 shape_bad=0 x_each_worker_once=1
CASE_PASS m=64 n=9 sve16_entries=0 expected=0 old_entries=0 packed_entries=0 packed_expected=0 wide_entries=0 wide_expected=0 wrapper_entries=0 wrapper_expected=0
ARGUMENTS_PASS m=64 n=9 calls=0 bad=0 expected_panel_stride=512
ALLOC_PASS m=64 n=17 small=1 wide_path=0 history_expected=0 history_calls=0 history_bytes=0 history_success=0 history_fail=0 x_calls=4 x_bytes=16384 x_success=4 x_fail=0 kb_calls=0 kb_bytes=0 kb_success=0 kb_fail=0 total=4 injected=0 history_level=-1 x_level=1 kb_level=-1 shape_bad=0 x_each_worker_once=1
CASE_PASS m=64 n=17 sve16_entries=0 expected=0 old_entries=0 packed_entries=0 packed_expected=0 wide_entries=0 wide_expected=0 wrapper_entries=0 wrapper_expected=0
ARGUMENTS_PASS m=64 n=17 calls=0 bad=0 expected_panel_stride=512
ALLOC_PASS m=65 n=1 small=1 wide_path=0 history_expected=0 history_calls=0 history_bytes=0 history_success=0 history_fail=0 x_calls=4 x_bytes=16640 x_success=4 x_fail=0 kb_calls=0 kb_bytes=0 kb_success=0 kb_fail=0 total=4 injected=0 history_level=-1 x_level=1 kb_level=-1 shape_bad=0 x_each_worker_once=1
CASE_PASS m=65 n=1 sve16_entries=0 expected=0 old_entries=0 packed_entries=0 packed_expected=0 wide_entries=0 wide_expected=0 wrapper_entries=0 wrapper_expected=0
ARGUMENTS_PASS m=65 n=1 calls=0 bad=0 expected_panel_stride=520
ALLOC_PASS m=65 n=7 small=1 wide_path=0 history_expected=0 history_calls=0 history_bytes=0 history_success=0 history_fail=0 x_calls=4 x_bytes=16640 x_success=4 x_fail=0 kb_calls=0 kb_bytes=0 kb_success=0 kb_fail=0 total=4 injected=0 history_level=-1 x_level=1 kb_level=-1 shape_bad=0 x_each_worker_once=1
CASE_PASS m=65 n=7 sve16_entries=0 expected=0 old_entries=0 packed_entries=0 packed_expected=0 wide_entries=0 wide_expected=0 wrapper_entries=0 wrapper_expected=0
ARGUMENTS_PASS m=65 n=7 calls=0 bad=0 expected_panel_stride=520
ALLOC_PASS m=65 n=8 small=1 wide_path=0 history_expected=0 history_calls=0 history_bytes=0 history_success=0 history_fail=0 x_calls=4 x_bytes=16640 x_success=4 x_fail=0 kb_calls=0 kb_bytes=0 kb_success=0 kb_fail=0 total=4 injected=0 history_level=-1 x_level=1 kb_level=-1 shape_bad=0 x_each_worker_once=1
CASE_PASS m=65 n=8 sve16_entries=0 expected=0 old_entries=0 packed_entries=0 packed_expected=0 wide_entries=0 wide_expected=0 wrapper_entries=0 wrapper_expected=0
ARGUMENTS_PASS m=65 n=8 calls=0 bad=0 expected_panel_stride=520
ALLOC_PASS m=65 n=9 small=1 wide_path=0 history_expected=0 history_calls=0 history_bytes=0 history_success=0 history_fail=0 x_calls=4 x_bytes=16640 x_success=4 x_fail=0 kb_calls=0 kb_bytes=0 kb_success=0 kb_fail=0 total=4 injected=0 history_level=-1 x_level=1 kb_level=-1 shape_bad=0 x_each_worker_once=1
CASE_PASS m=65 n=9 sve16_entries=0 expected=0 old_entries=0 packed_entries=0 packed_expected=0 wide_entries=0 wide_expected=0 wrapper_entries=0 wrapper_expected=0
ARGUMENTS_PASS m=65 n=9 calls=0 bad=0 expected_panel_stride=520
ALLOC_PASS m=65 n=17 small=1 wide_path=0 history_expected=0 history_calls=0 history_bytes=0 history_success=0 history_fail=0 x_calls=4 x_bytes=16640 x_success=4 x_fail=0 kb_calls=0 kb_bytes=0 kb_success=0 kb_fail=0 total=4 injected=0 history_level=-1 x_level=1 kb_level=-1 shape_bad=0 x_each_worker_once=1
CASE_PASS m=65 n=17 sve16_entries=0 expected=0 old_entries=0 packed_entries=0 packed_expected=0 wide_entries=0 wide_expected=0 wrapper_entries=0 wrapper_expected=0
ARGUMENTS_PASS m=65 n=17 calls=0 bad=0 expected_panel_stride=520
ALLOC_PASS m=255 n=1 small=1 wide_path=0 history_expected=0 history_calls=0 history_bytes=0 history_success=0 history_fail=0 x_calls=4 x_bytes=65280 x_success=4 x_fail=0 kb_calls=0 kb_bytes=0 kb_success=0 kb_fail=0 total=4 injected=0 history_level=-1 x_level=1 kb_level=-1 shape_bad=0 x_each_worker_once=1
CASE_PASS m=255 n=1 sve16_entries=0 expected=0 old_entries=0 packed_entries=0 packed_expected=0 wide_entries=0 wide_expected=0 wrapper_entries=0 wrapper_expected=0
ARGUMENTS_PASS m=255 n=1 calls=0 bad=0 expected_panel_stride=2040
ALLOC_PASS m=255 n=7 small=1 wide_path=0 history_expected=0 history_calls=0 history_bytes=0 history_success=0 history_fail=0 x_calls=4 x_bytes=65280 x_success=4 x_fail=0 kb_calls=0 kb_bytes=0 kb_success=0 kb_fail=0 total=4 injected=0 history_level=-1 x_level=1 kb_level=-1 shape_bad=0 x_each_worker_once=1
CASE_PASS m=255 n=7 sve16_entries=0 expected=0 old_entries=0 packed_entries=0 packed_expected=0 wide_entries=0 wide_expected=0 wrapper_entries=0 wrapper_expected=0
ARGUMENTS_PASS m=255 n=7 calls=0 bad=0 expected_panel_stride=2040
ALLOC_PASS m=255 n=8 small=1 wide_path=0 history_expected=0 history_calls=0 history_bytes=0 history_success=0 history_fail=0 x_calls=4 x_bytes=65280 x_success=4 x_fail=0 kb_calls=0 kb_bytes=0 kb_success=0 kb_fail=0 total=4 injected=0 history_level=-1 x_level=1 kb_level=-1 shape_bad=0 x_each_worker_once=1
CASE_PASS m=255 n=8 sve16_entries=0 expected=0 old_entries=0 packed_entries=0 packed_expected=0 wide_entries=0 wide_expected=0 wrapper_entries=0 wrapper_expected=0
ARGUMENTS_PASS m=255 n=8 calls=0 bad=0 expected_panel_stride=2040
ALLOC_PASS m=255 n=9 small=1 wide_path=0 history_expected=0 history_calls=0 history_bytes=0 history_success=0 history_fail=0 x_calls=4 x_bytes=65280 x_success=4 x_fail=0 kb_calls=0 kb_bytes=0 kb_success=0 kb_fail=0 total=4 injected=0 history_level=-1 x_level=1 kb_level=-1 shape_bad=0 x_each_worker_once=1
CASE_PASS m=255 n=9 sve16_entries=0 expected=0 old_entries=0 packed_entries=0 packed_expected=0 wide_entries=0 wide_expected=0 wrapper_entries=0 wrapper_expected=0
ARGUMENTS_PASS m=255 n=9 calls=0 bad=0 expected_panel_stride=2040
ALLOC_PASS m=255 n=17 small=1 wide_path=0 history_expected=0 history_calls=0 history_bytes=0 history_success=0 history_fail=0 x_calls=4 x_bytes=65280 x_success=4 x_fail=0 kb_calls=0 kb_bytes=0 kb_success=0 kb_fail=0 total=4 injected=0 history_level=-1 x_level=1 kb_level=-1 shape_bad=0 x_each_worker_once=1
CASE_PASS m=255 n=17 sve16_entries=0 expected=0 old_entries=0 packed_entries=0 packed_expected=0 wide_entries=0 wide_expected=0 wrapper_entries=0 wrapper_expected=0
ARGUMENTS_PASS m=255 n=17 calls=0 bad=0 expected_panel_stride=2040
ALLOC_PASS m=256 n=1 small=1 wide_path=0 history_expected=0 history_calls=0 history_bytes=0 history_success=0 history_fail=0 x_calls=4 x_bytes=65536 x_success=4 x_fail=0 kb_calls=0 kb_bytes=0 kb_success=0 kb_fail=0 total=4 injected=0 history_level=-1 x_level=1 kb_level=-1 shape_bad=0 x_each_worker_once=1
CASE_PASS m=256 n=1 sve16_entries=0 expected=0 old_entries=0 packed_entries=0 packed_expected=0 wide_entries=0 wide_expected=0 wrapper_entries=0 wrapper_expected=0
ARGUMENTS_PASS m=256 n=1 calls=0 bad=0 expected_panel_stride=2048
ALLOC_PASS m=256 n=7 small=1 wide_path=0 history_expected=0 history_calls=0 history_bytes=0 history_success=0 history_fail=0 x_calls=4 x_bytes=65536 x_success=4 x_fail=0 kb_calls=0 kb_bytes=0 kb_success=0 kb_fail=0 total=4 injected=0 history_level=-1 x_level=1 kb_level=-1 shape_bad=0 x_each_worker_once=1
CASE_PASS m=256 n=7 sve16_entries=0 expected=0 old_entries=0 packed_entries=0 packed_expected=0 wide_entries=0 wide_expected=0 wrapper_entries=0 wrapper_expected=0
ARGUMENTS_PASS m=256 n=7 calls=0 bad=0 expected_panel_stride=2048
ALLOC_PASS m=256 n=8 small=1 wide_path=0 history_expected=0 history_calls=0 history_bytes=0 history_success=0 history_fail=0 x_calls=4 x_bytes=65536 x_success=4 x_fail=0 kb_calls=0 kb_bytes=0 kb_success=0 kb_fail=0 total=4 injected=0 history_level=-1 x_level=1 kb_level=-1 shape_bad=0 x_each_worker_once=1
CASE_PASS m=256 n=8 sve16_entries=0 expected=0 old_entries=0 packed_entries=0 packed_expected=0 wide_entries=0 wide_expected=0 wrapper_entries=0 wrapper_expected=0
ARGUMENTS_PASS m=256 n=8 calls=0 bad=0 expected_panel_stride=2048
ALLOC_PASS m=256 n=9 small=1 wide_path=0 history_expected=0 history_calls=0 history_bytes=0 history_success=0 history_fail=0 x_calls=4 x_bytes=65536 x_success=4 x_fail=0 kb_calls=0 kb_bytes=0 kb_success=0 kb_fail=0 total=4 injected=0 history_level=-1 x_level=1 kb_level=-1 shape_bad=0 x_each_worker_once=1
CASE_PASS m=256 n=9 sve16_entries=0 expected=0 old_entries=0 packed_entries=0 packed_expected=0 wide_entries=0 wide_expected=0 wrapper_entries=0 wrapper_expected=0
ARGUMENTS_PASS m=256 n=9 calls=0 bad=0 expected_panel_stride=2048
ALLOC_PASS m=256 n=17 small=1 wide_path=0 history_expected=0 history_calls=0 history_bytes=0 history_success=0 history_fail=0 x_calls=4 x_bytes=65536 x_success=4 x_fail=0 kb_calls=0 kb_bytes=0 kb_success=0 kb_fail=0 total=4 injected=0 history_level=-1 x_level=1 kb_level=-1 shape_bad=0 x_each_worker_once=1
CASE_PASS m=256 n=17 sve16_entries=0 expected=0 old_entries=0 packed_entries=0 packed_expected=0 wide_entries=0 wide_expected=0 wrapper_entries=0 wrapper_expected=0
ARGUMENTS_PASS m=256 n=17 calls=0 bad=0 expected_panel_stride=2048
ALLOC_PASS m=257 n=1 small=1 wide_path=0 history_expected=0 history_calls=0 history_bytes=0 history_success=0 history_fail=0 x_calls=4 x_bytes=65792 x_success=4 x_fail=0 kb_calls=0 kb_bytes=0 kb_success=0 kb_fail=0 total=4 injected=0 history_level=-1 x_level=1 kb_level=-1 shape_bad=0 x_each_worker_once=1
CASE_PASS m=257 n=1 sve16_entries=0 expected=0 old_entries=0 packed_entries=0 packed_expected=0 wide_entries=0 wide_expected=0 wrapper_entries=0 wrapper_expected=0
ARGUMENTS_PASS m=257 n=1 calls=0 bad=0 expected_panel_stride=2056
ALLOC_PASS m=257 n=7 small=1 wide_path=0 history_expected=0 history_calls=0 history_bytes=0 history_success=0 history_fail=0 x_calls=4 x_bytes=65792 x_success=4 x_fail=0 kb_calls=0 kb_bytes=0 kb_success=0 kb_fail=0 total=4 injected=0 history_level=-1 x_level=1 kb_level=-1 shape_bad=0 x_each_worker_once=1
CASE_PASS m=257 n=7 sve16_entries=0 expected=0 old_entries=0 packed_entries=0 packed_expected=0 wide_entries=0 wide_expected=0 wrapper_entries=0 wrapper_expected=0
ARGUMENTS_PASS m=257 n=7 calls=0 bad=0 expected_panel_stride=2056
ALLOC_PASS m=257 n=8 small=1 wide_path=0 history_expected=0 history_calls=0 history_bytes=0 history_success=0 history_fail=0 x_calls=4 x_bytes=65792 x_success=4 x_fail=0 kb_calls=0 kb_bytes=0 kb_success=0 kb_fail=0 total=4 injected=0 history_level=-1 x_level=1 kb_level=-1 shape_bad=0 x_each_worker_once=1
CASE_PASS m=257 n=8 sve16_entries=0 expected=0 old_entries=0 packed_entries=0 packed_expected=0 wide_entries=0 wide_expected=0 wrapper_entries=0 wrapper_expected=0
ARGUMENTS_PASS m=257 n=8 calls=0 bad=0 expected_panel_stride=2056
ALLOC_PASS m=257 n=9 small=1 wide_path=0 history_expected=0 history_calls=0 history_bytes=0 history_success=0 history_fail=0 x_calls=4 x_bytes=65792 x_success=4 x_fail=0 kb_calls=0 kb_bytes=0 kb_success=0 kb_fail=0 total=4 injected=0 history_level=-1 x_level=1 kb_level=-1 shape_bad=0 x_each_worker_once=1
CASE_PASS m=257 n=9 sve16_entries=0 expected=0 old_entries=0 packed_entries=0 packed_expected=0 wide_entries=0 wide_expected=0 wrapper_entries=0 wrapper_expected=0
ARGUMENTS_PASS m=257 n=9 calls=0 bad=0 expected_panel_stride=2056
ALLOC_PASS m=257 n=17 small=1 wide_path=0 history_expected=0 history_calls=0 history_bytes=0 history_success=0 history_fail=0 x_calls=4 x_bytes=65792 x_success=4 x_fail=0 kb_calls=0 kb_bytes=0 kb_success=0 kb_fail=0 total=4 injected=0 history_level=-1 x_level=1 kb_level=-1 shape_bad=0 x_each_worker_once=1
CASE_PASS m=257 n=17 sve16_entries=0 expected=0 old_entries=0 packed_entries=0 packed_expected=0 wide_entries=0 wide_expected=0 wrapper_entries=0 wrapper_expected=0
ARGUMENTS_PASS m=257 n=17 calls=0 bad=0 expected_panel_stride=2056
ALLOCATION_SUMMARY_PASS cases=80 budget_cases=0 shared_injection_cases=0
PASS whole_cases=80 noop_cases=4 non_dyadic_long_double_RHS=1 padding_L_unchanged=1 max_error=1.1102230246251565e-16
SOURCE_FEATURES_PASS panel16=1 packedL16=1 has_budget=1 history_budget_bytes=4194304 panel8x16=1
MODE=full THREADS=4 NARROW_VL=0 EXPECT_SVE16=0 EXPECT_PACKEDL16=0
ALLOC_PASS m=1 n=1 small=1 wide_path=0 history_expected=0 history_calls=0 history_bytes=0 history_success=0 history_fail=0 x_calls=4 x_bytes=256 x_success=0 x_fail=4 kb_calls=0 kb_bytes=0 kb_success=0 kb_fail=0 total=4 injected=4 history_level=-1 x_level=1 kb_level=-1 shape_bad=0 x_each_worker_once=1
CASE_PASS m=1 n=1 sve16_entries=0 expected=0 old_entries=0 packed_entries=0 packed_expected=0 wide_entries=0 wide_expected=0 wrapper_entries=0 wrapper_expected=0
ARGUMENTS_PASS m=1 n=1 calls=0 bad=0 expected_panel_stride=8
ALLOC_PASS m=1 n=7 small=1 wide_path=0 history_expected=0 history_calls=0 history_bytes=0 history_success=0 history_fail=0 x_calls=4 x_bytes=256 x_success=0 x_fail=4 kb_calls=0 kb_bytes=0 kb_success=0 kb_fail=0 total=4 injected=4 history_level=-1 x_level=1 kb_level=-1 shape_bad=0 x_each_worker_once=1
CASE_PASS m=1 n=7 sve16_entries=0 expected=0 old_entries=0 packed_entries=0 packed_expected=0 wide_entries=0 wide_expected=0 wrapper_entries=0 wrapper_expected=0
ARGUMENTS_PASS m=1 n=7 calls=0 bad=0 expected_panel_stride=8
ALLOC_PASS m=1 n=8 small=1 wide_path=0 history_expected=0 history_calls=0 history_bytes=0 history_success=0 history_fail=0 x_calls=4 x_bytes=256 x_success=0 x_fail=4 kb_calls=0 kb_bytes=0 kb_success=0 kb_fail=0 total=4 injected=4 history_level=-1 x_level=1 kb_level=-1 shape_bad=0 x_each_worker_once=1
CASE_PASS m=1 n=8 sve16_entries=0 expected=0 old_entries=0 packed_entries=0 packed_expected=0 wide_entries=0 wide_expected=0 wrapper_entries=0 wrapper_expected=0
ARGUMENTS_PASS m=1 n=8 calls=0 bad=0 expected_panel_stride=8
ALLOC_PASS m=1 n=9 small=1 wide_path=0 history_expected=0 history_calls=0 history_bytes=0 history_success=0 history_fail=0 x_calls=4 x_bytes=256 x_success=0 x_fail=4 kb_calls=0 kb_bytes=0 kb_success=0 kb_fail=0 total=4 injected=4 history_level=-1 x_level=1 kb_level=-1 shape_bad=0 x_each_worker_once=1
CASE_PASS m=1 n=9 sve16_entries=0 expected=0 old_entries=0 packed_entries=0 packed_expected=0 wide_entries=0 wide_expected=0 wrapper_entries=0 wrapper_expected=0
ARGUMENTS_PASS m=1 n=9 calls=0 bad=0 expected_panel_stride=8
ALLOC_PASS m=1 n=17 small=1 wide_path=0 history_expected=0 history_calls=0 history_bytes=0 history_success=0 history_fail=0 x_calls=4 x_bytes=256 x_success=0 x_fail=4 kb_calls=0 kb_bytes=0 kb_success=0 kb_fail=0 total=4 injected=4 history_level=-1 x_level=1 kb_level=-1 shape_bad=0 x_each_worker_once=1
CASE_PASS m=1 n=17 sve16_entries=0 expected=0 old_entries=0 packed_entries=0 packed_expected=0 wide_entries=0 wide_expected=0 wrapper_entries=0 wrapper_expected=0
ARGUMENTS_PASS m=1 n=17 calls=0 bad=0 expected_panel_stride=8
ALLOC_PASS m=3 n=1 small=1 wide_path=0 history_expected=0 history_calls=0 history_bytes=0 history_success=0 history_fail=0 x_calls=4 x_bytes=768 x_success=0 x_fail=4 kb_calls=0 kb_bytes=0 kb_success=0 kb_fail=0 total=4 injected=4 history_level=-1 x_level=1 kb_level=-1 shape_bad=0 x_each_worker_once=1
CASE_PASS m=3 n=1 sve16_entries=0 expected=0 old_entries=0 packed_entries=0 packed_expected=0 wide_entries=0 wide_expected=0 wrapper_entries=0 wrapper_expected=0
ARGUMENTS_PASS m=3 n=1 calls=0 bad=0 expected_panel_stride=24
ALLOC_PASS m=3 n=7 small=1 wide_path=0 history_expected=0 history_calls=0 history_bytes=0 history_success=0 history_fail=0 x_calls=4 x_bytes=768 x_success=0 x_fail=4 kb_calls=0 kb_bytes=0 kb_success=0 kb_fail=0 total=4 injected=4 history_level=-1 x_level=1 kb_level=-1 shape_bad=0 x_each_worker_once=1
CASE_PASS m=3 n=7 sve16_entries=0 expected=0 old_entries=0 packed_entries=0 packed_expected=0 wide_entries=0 wide_expected=0 wrapper_entries=0 wrapper_expected=0
ARGUMENTS_PASS m=3 n=7 calls=0 bad=0 expected_panel_stride=24
ALLOC_PASS m=3 n=8 small=1 wide_path=0 history_expected=0 history_calls=0 history_bytes=0 history_success=0 history_fail=0 x_calls=4 x_bytes=768 x_success=0 x_fail=4 kb_calls=0 kb_bytes=0 kb_success=0 kb_fail=0 total=4 injected=4 history_level=-1 x_level=1 kb_level=-1 shape_bad=0 x_each_worker_once=1
CASE_PASS m=3 n=8 sve16_entries=0 expected=0 old_entries=0 packed_entries=0 packed_expected=0 wide_entries=0 wide_expected=0 wrapper_entries=0 wrapper_expected=0
ARGUMENTS_PASS m=3 n=8 calls=0 bad=0 expected_panel_stride=24
ALLOC_PASS m=3 n=9 small=1 wide_path=0 history_expected=0 history_calls=0 history_bytes=0 history_success=0 history_fail=0 x_calls=4 x_bytes=768 x_success=0 x_fail=4 kb_calls=0 kb_bytes=0 kb_success=0 kb_fail=0 total=4 injected=4 history_level=-1 x_level=1 kb_level=-1 shape_bad=0 x_each_worker_once=1
CASE_PASS m=3 n=9 sve16_entries=0 expected=0 old_entries=0 packed_entries=0 packed_expected=0 wide_entries=0 wide_expected=0 wrapper_entries=0 wrapper_expected=0
ARGUMENTS_PASS m=3 n=9 calls=0 bad=0 expected_panel_stride=24
ALLOC_PASS m=3 n=17 small=1 wide_path=0 history_expected=0 history_calls=0 history_bytes=0 history_success=0 history_fail=0 x_calls=4 x_bytes=768 x_success=0 x_fail=4 kb_calls=0 kb_bytes=0 kb_success=0 kb_fail=0 total=4 injected=4 history_level=-1 x_level=1 kb_level=-1 shape_bad=0 x_each_worker_once=1
CASE_PASS m=3 n=17 sve16_entries=0 expected=0 old_entries=0 packed_entries=0 packed_expected=0 wide_entries=0 wide_expected=0 wrapper_entries=0 wrapper_expected=0
ARGUMENTS_PASS m=3 n=17 calls=0 bad=0 expected_panel_stride=24
ALLOC_PASS m=4 n=1 small=1 wide_path=0 history_expected=0 history_calls=0 history_bytes=0 history_success=0 history_fail=0 x_calls=4 x_bytes=1024 x_success=0 x_fail=4 kb_calls=0 kb_bytes=0 kb_success=0 kb_fail=0 total=4 injected=4 history_level=-1 x_level=1 kb_level=-1 shape_bad=0 x_each_worker_once=1
CASE_PASS m=4 n=1 sve16_entries=0 expected=0 old_entries=0 packed_entries=0 packed_expected=0 wide_entries=0 wide_expected=0 wrapper_entries=0 wrapper_expected=0
ARGUMENTS_PASS m=4 n=1 calls=0 bad=0 expected_panel_stride=32
ALLOC_PASS m=4 n=7 small=1 wide_path=0 history_expected=0 history_calls=0 history_bytes=0 history_success=0 history_fail=0 x_calls=4 x_bytes=1024 x_success=0 x_fail=4 kb_calls=0 kb_bytes=0 kb_success=0 kb_fail=0 total=4 injected=4 history_level=-1 x_level=1 kb_level=-1 shape_bad=0 x_each_worker_once=1
CASE_PASS m=4 n=7 sve16_entries=0 expected=0 old_entries=0 packed_entries=0 packed_expected=0 wide_entries=0 wide_expected=0 wrapper_entries=0 wrapper_expected=0
ARGUMENTS_PASS m=4 n=7 calls=0 bad=0 expected_panel_stride=32
ALLOC_PASS m=4 n=8 small=1 wide_path=0 history_expected=0 history_calls=0 history_bytes=0 history_success=0 history_fail=0 x_calls=4 x_bytes=1024 x_success=0 x_fail=4 kb_calls=0 kb_bytes=0 kb_success=0 kb_fail=0 total=4 injected=4 history_level=-1 x_level=1 kb_level=-1 shape_bad=0 x_each_worker_once=1
CASE_PASS m=4 n=8 sve16_entries=0 expected=0 old_entries=0 packed_entries=0 packed_expected=0 wide_entries=0 wide_expected=0 wrapper_entries=0 wrapper_expected=0
ARGUMENTS_PASS m=4 n=8 calls=0 bad=0 expected_panel_stride=32
ALLOC_PASS m=4 n=9 small=1 wide_path=0 history_expected=0 history_calls=0 history_bytes=0 history_success=0 history_fail=0 x_calls=4 x_bytes=1024 x_success=0 x_fail=4 kb_calls=0 kb_bytes=0 kb_success=0 kb_fail=0 total=4 injected=4 history_level=-1 x_level=1 kb_level=-1 shape_bad=0 x_each_worker_once=1
CASE_PASS m=4 n=9 sve16_entries=0 expected=0 old_entries=0 packed_entries=0 packed_expected=0 wide_entries=0 wide_expected=0 wrapper_entries=0 wrapper_expected=0
ARGUMENTS_PASS m=4 n=9 calls=0 bad=0 expected_panel_stride=32
ALLOC_PASS m=4 n=17 small=1 wide_path=0 history_expected=0 history_calls=0 history_bytes=0 history_success=0 history_fail=0 x_calls=4 x_bytes=1024 x_success=0 x_fail=4 kb_calls=0 kb_bytes=0 kb_success=0 kb_fail=0 total=4 injected=4 history_level=-1 x_level=1 kb_level=-1 shape_bad=0 x_each_worker_once=1
CASE_PASS m=4 n=17 sve16_entries=0 expected=0 old_entries=0 packed_entries=0 packed_expected=0 wide_entries=0 wide_expected=0 wrapper_entries=0 wrapper_expected=0
ARGUMENTS_PASS m=4 n=17 calls=0 bad=0 expected_panel_stride=32
ALLOC_PASS m=5 n=1 small=1 wide_path=0 history_expected=0 history_calls=0 history_bytes=0 history_success=0 history_fail=0 x_calls=4 x_bytes=1280 x_success=0 x_fail=4 kb_calls=0 kb_bytes=0 kb_success=0 kb_fail=0 total=4 injected=4 history_level=-1 x_level=1 kb_level=-1 shape_bad=0 x_each_worker_once=1
CASE_PASS m=5 n=1 sve16_entries=0 expected=0 old_entries=0 packed_entries=0 packed_expected=0 wide_entries=0 wide_expected=0 wrapper_entries=0 wrapper_expected=0
ARGUMENTS_PASS m=5 n=1 calls=0 bad=0 expected_panel_stride=40
ALLOC_PASS m=5 n=7 small=1 wide_path=0 history_expected=0 history_calls=0 history_bytes=0 history_success=0 history_fail=0 x_calls=4 x_bytes=1280 x_success=0 x_fail=4 kb_calls=0 kb_bytes=0 kb_success=0 kb_fail=0 total=4 injected=4 history_level=-1 x_level=1 kb_level=-1 shape_bad=0 x_each_worker_once=1
CASE_PASS m=5 n=7 sve16_entries=0 expected=0 old_entries=0 packed_entries=0 packed_expected=0 wide_entries=0 wide_expected=0 wrapper_entries=0 wrapper_expected=0
ARGUMENTS_PASS m=5 n=7 calls=0 bad=0 expected_panel_stride=40
ALLOC_PASS m=5 n=8 small=1 wide_path=0 history_expected=0 history_calls=0 history_bytes=0 history_success=0 history_fail=0 x_calls=4 x_bytes=1280 x_success=0 x_fail=4 kb_calls=0 kb_bytes=0 kb_success=0 kb_fail=0 total=4 injected=4 history_level=-1 x_level=1 kb_level=-1 shape_bad=0 x_each_worker_once=1
CASE_PASS m=5 n=8 sve16_entries=0 expected=0 old_entries=0 packed_entries=0 packed_expected=0 wide_entries=0 wide_expected=0 wrapper_entries=0 wrapper_expected=0
ARGUMENTS_PASS m=5 n=8 calls=0 bad=0 expected_panel_stride=40
ALLOC_PASS m=5 n=9 small=1 wide_path=0 history_expected=0 history_calls=0 history_bytes=0 history_success=0 history_fail=0 x_calls=4 x_bytes=1280 x_success=0 x_fail=4 kb_calls=0 kb_bytes=0 kb_success=0 kb_fail=0 total=4 injected=4 history_level=-1 x_level=1 kb_level=-1 shape_bad=0 x_each_worker_once=1
CASE_PASS m=5 n=9 sve16_entries=0 expected=0 old_entries=0 packed_entries=0 packed_expected=0 wide_entries=0 wide_expected=0 wrapper_entries=0 wrapper_expected=0
ARGUMENTS_PASS m=5 n=9 calls=0 bad=0 expected_panel_stride=40
ALLOC_PASS m=5 n=17 small=1 wide_path=0 history_expected=0 history_calls=0 history_bytes=0 history_success=0 history_fail=0 x_calls=4 x_bytes=1280 x_success=0 x_fail=4 kb_calls=0 kb_bytes=0 kb_success=0 kb_fail=0 total=4 injected=4 history_level=-1 x_level=1 kb_level=-1 shape_bad=0 x_each_worker_once=1
CASE_PASS m=5 n=17 sve16_entries=0 expected=0 old_entries=0 packed_entries=0 packed_expected=0 wide_entries=0 wide_expected=0 wrapper_entries=0 wrapper_expected=0
ARGUMENTS_PASS m=5 n=17 calls=0 bad=0 expected_panel_stride=40
ALLOC_PASS m=15 n=1 small=1 wide_path=0 history_expected=0 history_calls=0 history_bytes=0 history_success=0 history_fail=0 x_calls=4 x_bytes=3840 x_success=0 x_fail=4 kb_calls=0 kb_bytes=0 kb_success=0 kb_fail=0 total=4 injected=4 history_level=-1 x_level=1 kb_level=-1 shape_bad=0 x_each_worker_once=1
CASE_PASS m=15 n=1 sve16_entries=0 expected=0 old_entries=0 packed_entries=0 packed_expected=0 wide_entries=0 wide_expected=0 wrapper_entries=0 wrapper_expected=0
ARGUMENTS_PASS m=15 n=1 calls=0 bad=0 expected_panel_stride=120
ALLOC_PASS m=15 n=7 small=1 wide_path=0 history_expected=0 history_calls=0 history_bytes=0 history_success=0 history_fail=0 x_calls=4 x_bytes=3840 x_success=0 x_fail=4 kb_calls=0 kb_bytes=0 kb_success=0 kb_fail=0 total=4 injected=4 history_level=-1 x_level=1 kb_level=-1 shape_bad=0 x_each_worker_once=1
CASE_PASS m=15 n=7 sve16_entries=0 expected=0 old_entries=0 packed_entries=0 packed_expected=0 wide_entries=0 wide_expected=0 wrapper_entries=0 wrapper_expected=0
ARGUMENTS_PASS m=15 n=7 calls=0 bad=0 expected_panel_stride=120
ALLOC_PASS m=15 n=8 small=1 wide_path=0 history_expected=0 history_calls=0 history_bytes=0 history_success=0 history_fail=0 x_calls=4 x_bytes=3840 x_success=0 x_fail=4 kb_calls=0 kb_bytes=0 kb_success=0 kb_fail=0 total=4 injected=4 history_level=-1 x_level=1 kb_level=-1 shape_bad=0 x_each_worker_once=1
CASE_PASS m=15 n=8 sve16_entries=0 expected=0 old_entries=0 packed_entries=0 packed_expected=0 wide_entries=0 wide_expected=0 wrapper_entries=0 wrapper_expected=0
ARGUMENTS_PASS m=15 n=8 calls=0 bad=0 expected_panel_stride=120
ALLOC_PASS m=15 n=9 small=1 wide_path=0 history_expected=0 history_calls=0 history_bytes=0 history_success=0 history_fail=0 x_calls=4 x_bytes=3840 x_success=0 x_fail=4 kb_calls=0 kb_bytes=0 kb_success=0 kb_fail=0 total=4 injected=4 history_level=-1 x_level=1 kb_level=-1 shape_bad=0 x_each_worker_once=1
CASE_PASS m=15 n=9 sve16_entries=0 expected=0 old_entries=0 packed_entries=0 packed_expected=0 wide_entries=0 wide_expected=0 wrapper_entries=0 wrapper_expected=0
ARGUMENTS_PASS m=15 n=9 calls=0 bad=0 expected_panel_stride=120
ALLOC_PASS m=15 n=17 small=1 wide_path=0 history_expected=0 history_calls=0 history_bytes=0 history_success=0 history_fail=0 x_calls=4 x_bytes=3840 x_success=0 x_fail=4 kb_calls=0 kb_bytes=0 kb_success=0 kb_fail=0 total=4 injected=4 history_level=-1 x_level=1 kb_level=-1 shape_bad=0 x_each_worker_once=1
CASE_PASS m=15 n=17 sve16_entries=0 expected=0 old_entries=0 packed_entries=0 packed_expected=0 wide_entries=0 wide_expected=0 wrapper_entries=0 wrapper_expected=0
ARGUMENTS_PASS m=15 n=17 calls=0 bad=0 expected_panel_stride=120
ALLOC_PASS m=16 n=1 small=1 wide_path=0 history_expected=0 history_calls=0 history_bytes=0 history_success=0 history_fail=0 x_calls=4 x_bytes=4096 x_success=0 x_fail=4 kb_calls=0 kb_bytes=0 kb_success=0 kb_fail=0 total=4 injected=4 history_level=-1 x_level=1 kb_level=-1 shape_bad=0 x_each_worker_once=1
CASE_PASS m=16 n=1 sve16_entries=0 expected=0 old_entries=0 packed_entries=0 packed_expected=0 wide_entries=0 wide_expected=0 wrapper_entries=0 wrapper_expected=0
ARGUMENTS_PASS m=16 n=1 calls=0 bad=0 expected_panel_stride=128
ALLOC_PASS m=16 n=7 small=1 wide_path=0 history_expected=0 history_calls=0 history_bytes=0 history_success=0 history_fail=0 x_calls=4 x_bytes=4096 x_success=0 x_fail=4 kb_calls=0 kb_bytes=0 kb_success=0 kb_fail=0 total=4 injected=4 history_level=-1 x_level=1 kb_level=-1 shape_bad=0 x_each_worker_once=1
CASE_PASS m=16 n=7 sve16_entries=0 expected=0 old_entries=0 packed_entries=0 packed_expected=0 wide_entries=0 wide_expected=0 wrapper_entries=0 wrapper_expected=0
ARGUMENTS_PASS m=16 n=7 calls=0 bad=0 expected_panel_stride=128
ALLOC_PASS m=16 n=8 small=1 wide_path=0 history_expected=0 history_calls=0 history_bytes=0 history_success=0 history_fail=0 x_calls=4 x_bytes=4096 x_success=0 x_fail=4 kb_calls=0 kb_bytes=0 kb_success=0 kb_fail=0 total=4 injected=4 history_level=-1 x_level=1 kb_level=-1 shape_bad=0 x_each_worker_once=1
CASE_PASS m=16 n=8 sve16_entries=0 expected=0 old_entries=0 packed_entries=0 packed_expected=0 wide_entries=0 wide_expected=0 wrapper_entries=0 wrapper_expected=0
ARGUMENTS_PASS m=16 n=8 calls=0 bad=0 expected_panel_stride=128
ALLOC_PASS m=16 n=9 small=1 wide_path=0 history_expected=0 history_calls=0 history_bytes=0 history_success=0 history_fail=0 x_calls=4 x_bytes=4096 x_success=0 x_fail=4 kb_calls=0 kb_bytes=0 kb_success=0 kb_fail=0 total=4 injected=4 history_level=-1 x_level=1 kb_level=-1 shape_bad=0 x_each_worker_once=1
CASE_PASS m=16 n=9 sve16_entries=0 expected=0 old_entries=0 packed_entries=0 packed_expected=0 wide_entries=0 wide_expected=0 wrapper_entries=0 wrapper_expected=0
ARGUMENTS_PASS m=16 n=9 calls=0 bad=0 expected_panel_stride=128
ALLOC_PASS m=16 n=17 small=1 wide_path=0 history_expected=0 history_calls=0 history_bytes=0 history_success=0 history_fail=0 x_calls=4 x_bytes=4096 x_success=0 x_fail=4 kb_calls=0 kb_bytes=0 kb_success=0 kb_fail=0 total=4 injected=4 history_level=-1 x_level=1 kb_level=-1 shape_bad=0 x_each_worker_once=1
CASE_PASS m=16 n=17 sve16_entries=0 expected=0 old_entries=0 packed_entries=0 packed_expected=0 wide_entries=0 wide_expected=0 wrapper_entries=0 wrapper_expected=0
ARGUMENTS_PASS m=16 n=17 calls=0 bad=0 expected_panel_stride=128
ALLOC_PASS m=17 n=1 small=1 wide_path=0 history_expected=0 history_calls=0 history_bytes=0 history_success=0 history_fail=0 x_calls=4 x_bytes=4352 x_success=0 x_fail=4 kb_calls=0 kb_bytes=0 kb_success=0 kb_fail=0 total=4 injected=4 history_level=-1 x_level=1 kb_level=-1 shape_bad=0 x_each_worker_once=1
CASE_PASS m=17 n=1 sve16_entries=0 expected=0 old_entries=0 packed_entries=0 packed_expected=0 wide_entries=0 wide_expected=0 wrapper_entries=0 wrapper_expected=0
ARGUMENTS_PASS m=17 n=1 calls=0 bad=0 expected_panel_stride=136
ALLOC_PASS m=17 n=7 small=1 wide_path=0 history_expected=0 history_calls=0 history_bytes=0 history_success=0 history_fail=0 x_calls=4 x_bytes=4352 x_success=0 x_fail=4 kb_calls=0 kb_bytes=0 kb_success=0 kb_fail=0 total=4 injected=4 history_level=-1 x_level=1 kb_level=-1 shape_bad=0 x_each_worker_once=1
CASE_PASS m=17 n=7 sve16_entries=0 expected=0 old_entries=0 packed_entries=0 packed_expected=0 wide_entries=0 wide_expected=0 wrapper_entries=0 wrapper_expected=0
ARGUMENTS_PASS m=17 n=7 calls=0 bad=0 expected_panel_stride=136
ALLOC_PASS m=17 n=8 small=1 wide_path=0 history_expected=0 history_calls=0 history_bytes=0 history_success=0 history_fail=0 x_calls=4 x_bytes=4352 x_success=0 x_fail=4 kb_calls=0 kb_bytes=0 kb_success=0 kb_fail=0 total=4 injected=4 history_level=-1 x_level=1 kb_level=-1 shape_bad=0 x_each_worker_once=1
CASE_PASS m=17 n=8 sve16_entries=0 expected=0 old_entries=0 packed_entries=0 packed_expected=0 wide_entries=0 wide_expected=0 wrapper_entries=0 wrapper_expected=0
ARGUMENTS_PASS m=17 n=8 calls=0 bad=0 expected_panel_stride=136
ALLOC_PASS m=17 n=9 small=1 wide_path=0 history_expected=0 history_calls=0 history_bytes=0 history_success=0 history_fail=0 x_calls=4 x_bytes=4352 x_success=0 x_fail=4 kb_calls=0 kb_bytes=0 kb_success=0 kb_fail=0 total=4 injected=4 history_level=-1 x_level=1 kb_level=-1 shape_bad=0 x_each_worker_once=1
CASE_PASS m=17 n=9 sve16_entries=0 expected=0 old_entries=0 packed_entries=0 packed_expected=0 wide_entries=0 wide_expected=0 wrapper_entries=0 wrapper_expected=0
ARGUMENTS_PASS m=17 n=9 calls=0 bad=0 expected_panel_stride=136
ALLOC_PASS m=17 n=17 small=1 wide_path=0 history_expected=0 history_calls=0 history_bytes=0 history_success=0 history_fail=0 x_calls=4 x_bytes=4352 x_success=0 x_fail=4 kb_calls=0 kb_bytes=0 kb_success=0 kb_fail=0 total=4 injected=4 history_level=-1 x_level=1 kb_level=-1 shape_bad=0 x_each_worker_once=1
CASE_PASS m=17 n=17 sve16_entries=0 expected=0 old_entries=0 packed_entries=0 packed_expected=0 wide_entries=0 wide_expected=0 wrapper_entries=0 wrapper_expected=0
ARGUMENTS_PASS m=17 n=17 calls=0 bad=0 expected_panel_stride=136
ALLOC_PASS m=31 n=1 small=1 wide_path=0 history_expected=0 history_calls=0 history_bytes=0 history_success=0 history_fail=0 x_calls=4 x_bytes=7936 x_success=0 x_fail=4 kb_calls=0 kb_bytes=0 kb_success=0 kb_fail=0 total=4 injected=4 history_level=-1 x_level=1 kb_level=-1 shape_bad=0 x_each_worker_once=1
CASE_PASS m=31 n=1 sve16_entries=0 expected=0 old_entries=0 packed_entries=0 packed_expected=0 wide_entries=0 wide_expected=0 wrapper_entries=0 wrapper_expected=0
ARGUMENTS_PASS m=31 n=1 calls=0 bad=0 expected_panel_stride=248
ALLOC_PASS m=31 n=7 small=1 wide_path=0 history_expected=0 history_calls=0 history_bytes=0 history_success=0 history_fail=0 x_calls=4 x_bytes=7936 x_success=0 x_fail=4 kb_calls=0 kb_bytes=0 kb_success=0 kb_fail=0 total=4 injected=4 history_level=-1 x_level=1 kb_level=-1 shape_bad=0 x_each_worker_once=1
CASE_PASS m=31 n=7 sve16_entries=0 expected=0 old_entries=0 packed_entries=0 packed_expected=0 wide_entries=0 wide_expected=0 wrapper_entries=0 wrapper_expected=0
ARGUMENTS_PASS m=31 n=7 calls=0 bad=0 expected_panel_stride=248
ALLOC_PASS m=31 n=8 small=1 wide_path=0 history_expected=0 history_calls=0 history_bytes=0 history_success=0 history_fail=0 x_calls=4 x_bytes=7936 x_success=0 x_fail=4 kb_calls=0 kb_bytes=0 kb_success=0 kb_fail=0 total=4 injected=4 history_level=-1 x_level=1 kb_level=-1 shape_bad=0 x_each_worker_once=1
CASE_PASS m=31 n=8 sve16_entries=0 expected=0 old_entries=0 packed_entries=0 packed_expected=0 wide_entries=0 wide_expected=0 wrapper_entries=0 wrapper_expected=0
ARGUMENTS_PASS m=31 n=8 calls=0 bad=0 expected_panel_stride=248
ALLOC_PASS m=31 n=9 small=1 wide_path=0 history_expected=0 history_calls=0 history_bytes=0 history_success=0 history_fail=0 x_calls=4 x_bytes=7936 x_success=0 x_fail=4 kb_calls=0 kb_bytes=0 kb_success=0 kb_fail=0 total=4 injected=4 history_level=-1 x_level=1 kb_level=-1 shape_bad=0 x_each_worker_once=1
CASE_PASS m=31 n=9 sve16_entries=0 expected=0 old_entries=0 packed_entries=0 packed_expected=0 wide_entries=0 wide_expected=0 wrapper_entries=0 wrapper_expected=0
ARGUMENTS_PASS m=31 n=9 calls=0 bad=0 expected_panel_stride=248
ALLOC_PASS m=31 n=17 small=1 wide_path=0 history_expected=0 history_calls=0 history_bytes=0 history_success=0 history_fail=0 x_calls=4 x_bytes=7936 x_success=0 x_fail=4 kb_calls=0 kb_bytes=0 kb_success=0 kb_fail=0 total=4 injected=4 history_level=-1 x_level=1 kb_level=-1 shape_bad=0 x_each_worker_once=1
CASE_PASS m=31 n=17 sve16_entries=0 expected=0 old_entries=0 packed_entries=0 packed_expected=0 wide_entries=0 wide_expected=0 wrapper_entries=0 wrapper_expected=0
ARGUMENTS_PASS m=31 n=17 calls=0 bad=0 expected_panel_stride=248
ALLOC_PASS m=32 n=1 small=1 wide_path=0 history_expected=1 history_calls=1 history_bytes=2048 history_success=0 history_fail=1 x_calls=4 x_bytes=8192 x_success=0 x_fail=4 kb_calls=0 kb_bytes=0 kb_success=0 kb_fail=0 total=5 injected=5 history_level=0 x_level=1 kb_level=-1 shape_bad=0 x_each_worker_once=1
CASE_PASS m=32 n=1 sve16_entries=0 expected=0 old_entries=0 packed_entries=0 packed_expected=0 wide_entries=0 wide_expected=0 wrapper_entries=0 wrapper_expected=0
ARGUMENTS_PASS m=32 n=1 calls=0 bad=0 expected_panel_stride=256
ALLOC_PASS m=32 n=7 small=1 wide_path=0 history_expected=1 history_calls=1 history_bytes=2048 history_success=0 history_fail=1 x_calls=4 x_bytes=8192 x_success=0 x_fail=4 kb_calls=0 kb_bytes=0 kb_success=0 kb_fail=0 total=5 injected=5 history_level=0 x_level=1 kb_level=-1 shape_bad=0 x_each_worker_once=1
CASE_PASS m=32 n=7 sve16_entries=0 expected=0 old_entries=0 packed_entries=0 packed_expected=0 wide_entries=0 wide_expected=0 wrapper_entries=0 wrapper_expected=0
ARGUMENTS_PASS m=32 n=7 calls=0 bad=0 expected_panel_stride=256
ALLOC_PASS m=32 n=8 small=1 wide_path=0 history_expected=1 history_calls=1 history_bytes=2048 history_success=0 history_fail=1 x_calls=4 x_bytes=8192 x_success=0 x_fail=4 kb_calls=0 kb_bytes=0 kb_success=0 kb_fail=0 total=5 injected=5 history_level=0 x_level=1 kb_level=-1 shape_bad=0 x_each_worker_once=1
CASE_PASS m=32 n=8 sve16_entries=0 expected=0 old_entries=0 packed_entries=0 packed_expected=0 wide_entries=0 wide_expected=0 wrapper_entries=0 wrapper_expected=0
ARGUMENTS_PASS m=32 n=8 calls=0 bad=0 expected_panel_stride=256
ALLOC_PASS m=32 n=9 small=1 wide_path=0 history_expected=1 history_calls=1 history_bytes=2048 history_success=0 history_fail=1 x_calls=4 x_bytes=8192 x_success=0 x_fail=4 kb_calls=0 kb_bytes=0 kb_success=0 kb_fail=0 total=5 injected=5 history_level=0 x_level=1 kb_level=-1 shape_bad=0 x_each_worker_once=1
CASE_PASS m=32 n=9 sve16_entries=0 expected=0 old_entries=0 packed_entries=0 packed_expected=0 wide_entries=0 wide_expected=0 wrapper_entries=0 wrapper_expected=0
ARGUMENTS_PASS m=32 n=9 calls=0 bad=0 expected_panel_stride=256
ALLOC_PASS m=32 n=17 small=1 wide_path=0 history_expected=1 history_calls=1 history_bytes=2048 history_success=0 history_fail=1 x_calls=4 x_bytes=8192 x_success=0 x_fail=4 kb_calls=0 kb_bytes=0 kb_success=0 kb_fail=0 total=5 injected=5 history_level=0 x_level=1 kb_level=-1 shape_bad=0 x_each_worker_once=1
CASE_PASS m=32 n=17 sve16_entries=0 expected=0 old_entries=0 packed_entries=0 packed_expected=0 wide_entries=0 wide_expected=0 wrapper_entries=0 wrapper_expected=0
ARGUMENTS_PASS m=32 n=17 calls=0 bad=0 expected_panel_stride=256
ALLOC_PASS m=33 n=1 small=1 wide_path=0 history_expected=1 history_calls=1 history_bytes=2048 history_success=0 history_fail=1 x_calls=4 x_bytes=8448 x_success=0 x_fail=4 kb_calls=0 kb_bytes=0 kb_success=0 kb_fail=0 total=5 injected=5 history_level=0 x_level=1 kb_level=-1 shape_bad=0 x_each_worker_once=1
CASE_PASS m=33 n=1 sve16_entries=0 expected=0 old_entries=0 packed_entries=0 packed_expected=0 wide_entries=0 wide_expected=0 wrapper_entries=0 wrapper_expected=0
ARGUMENTS_PASS m=33 n=1 calls=0 bad=0 expected_panel_stride=264
ALLOC_PASS m=33 n=7 small=1 wide_path=0 history_expected=1 history_calls=1 history_bytes=2048 history_success=0 history_fail=1 x_calls=4 x_bytes=8448 x_success=0 x_fail=4 kb_calls=0 kb_bytes=0 kb_success=0 kb_fail=0 total=5 injected=5 history_level=0 x_level=1 kb_level=-1 shape_bad=0 x_each_worker_once=1
CASE_PASS m=33 n=7 sve16_entries=0 expected=0 old_entries=0 packed_entries=0 packed_expected=0 wide_entries=0 wide_expected=0 wrapper_entries=0 wrapper_expected=0
ARGUMENTS_PASS m=33 n=7 calls=0 bad=0 expected_panel_stride=264
ALLOC_PASS m=33 n=8 small=1 wide_path=0 history_expected=1 history_calls=1 history_bytes=2048 history_success=0 history_fail=1 x_calls=4 x_bytes=8448 x_success=0 x_fail=4 kb_calls=0 kb_bytes=0 kb_success=0 kb_fail=0 total=5 injected=5 history_level=0 x_level=1 kb_level=-1 shape_bad=0 x_each_worker_once=1
CASE_PASS m=33 n=8 sve16_entries=0 expected=0 old_entries=0 packed_entries=0 packed_expected=0 wide_entries=0 wide_expected=0 wrapper_entries=0 wrapper_expected=0
ARGUMENTS_PASS m=33 n=8 calls=0 bad=0 expected_panel_stride=264
ALLOC_PASS m=33 n=9 small=1 wide_path=0 history_expected=1 history_calls=1 history_bytes=2048 history_success=0 history_fail=1 x_calls=4 x_bytes=8448 x_success=0 x_fail=4 kb_calls=0 kb_bytes=0 kb_success=0 kb_fail=0 total=5 injected=5 history_level=0 x_level=1 kb_level=-1 shape_bad=0 x_each_worker_once=1
CASE_PASS m=33 n=9 sve16_entries=0 expected=0 old_entries=0 packed_entries=0 packed_expected=0 wide_entries=0 wide_expected=0 wrapper_entries=0 wrapper_expected=0
ARGUMENTS_PASS m=33 n=9 calls=0 bad=0 expected_panel_stride=264
ALLOC_PASS m=33 n=17 small=1 wide_path=0 history_expected=1 history_calls=1 history_bytes=2048 history_success=0 history_fail=1 x_calls=4 x_bytes=8448 x_success=0 x_fail=4 kb_calls=0 kb_bytes=0 kb_success=0 kb_fail=0 total=5 injected=5 history_level=0 x_level=1 kb_level=-1 shape_bad=0 x_each_worker_once=1
CASE_PASS m=33 n=17 sve16_entries=0 expected=0 old_entries=0 packed_entries=0 packed_expected=0 wide_entries=0 wide_expected=0 wrapper_entries=0 wrapper_expected=0
ARGUMENTS_PASS m=33 n=17 calls=0 bad=0 expected_panel_stride=264
ALLOC_PASS m=63 n=1 small=1 wide_path=0 history_expected=1 history_calls=1 history_bytes=6144 history_success=0 history_fail=1 x_calls=4 x_bytes=16128 x_success=0 x_fail=4 kb_calls=0 kb_bytes=0 kb_success=0 kb_fail=0 total=5 injected=5 history_level=0 x_level=1 kb_level=-1 shape_bad=0 x_each_worker_once=1
CASE_PASS m=63 n=1 sve16_entries=0 expected=0 old_entries=0 packed_entries=0 packed_expected=0 wide_entries=0 wide_expected=0 wrapper_entries=0 wrapper_expected=0
ARGUMENTS_PASS m=63 n=1 calls=0 bad=0 expected_panel_stride=504
ALLOC_PASS m=63 n=7 small=1 wide_path=0 history_expected=1 history_calls=1 history_bytes=6144 history_success=0 history_fail=1 x_calls=4 x_bytes=16128 x_success=0 x_fail=4 kb_calls=0 kb_bytes=0 kb_success=0 kb_fail=0 total=5 injected=5 history_level=0 x_level=1 kb_level=-1 shape_bad=0 x_each_worker_once=1
CASE_PASS m=63 n=7 sve16_entries=0 expected=0 old_entries=0 packed_entries=0 packed_expected=0 wide_entries=0 wide_expected=0 wrapper_entries=0 wrapper_expected=0
ARGUMENTS_PASS m=63 n=7 calls=0 bad=0 expected_panel_stride=504
ALLOC_PASS m=63 n=8 small=1 wide_path=0 history_expected=1 history_calls=1 history_bytes=6144 history_success=0 history_fail=1 x_calls=4 x_bytes=16128 x_success=0 x_fail=4 kb_calls=0 kb_bytes=0 kb_success=0 kb_fail=0 total=5 injected=5 history_level=0 x_level=1 kb_level=-1 shape_bad=0 x_each_worker_once=1
CASE_PASS m=63 n=8 sve16_entries=0 expected=0 old_entries=0 packed_entries=0 packed_expected=0 wide_entries=0 wide_expected=0 wrapper_entries=0 wrapper_expected=0
ARGUMENTS_PASS m=63 n=8 calls=0 bad=0 expected_panel_stride=504
ALLOC_PASS m=63 n=9 small=1 wide_path=0 history_expected=1 history_calls=1 history_bytes=6144 history_success=0 history_fail=1 x_calls=4 x_bytes=16128 x_success=0 x_fail=4 kb_calls=0 kb_bytes=0 kb_success=0 kb_fail=0 total=5 injected=5 history_level=0 x_level=1 kb_level=-1 shape_bad=0 x_each_worker_once=1
CASE_PASS m=63 n=9 sve16_entries=0 expected=0 old_entries=0 packed_entries=0 packed_expected=0 wide_entries=0 wide_expected=0 wrapper_entries=0 wrapper_expected=0
ARGUMENTS_PASS m=63 n=9 calls=0 bad=0 expected_panel_stride=504
ALLOC_PASS m=63 n=17 small=1 wide_path=0 history_expected=1 history_calls=1 history_bytes=6144 history_success=0 history_fail=1 x_calls=4 x_bytes=16128 x_success=0 x_fail=4 kb_calls=0 kb_bytes=0 kb_success=0 kb_fail=0 total=5 injected=5 history_level=0 x_level=1 kb_level=-1 shape_bad=0 x_each_worker_once=1
CASE_PASS m=63 n=17 sve16_entries=0 expected=0 old_entries=0 packed_entries=0 packed_expected=0 wide_entries=0 wide_expected=0 wrapper_entries=0 wrapper_expected=0
ARGUMENTS_PASS m=63 n=17 calls=0 bad=0 expected_panel_stride=504
ALLOC_PASS m=64 n=1 small=1 wide_path=0 history_expected=1 history_calls=1 history_bytes=12288 history_success=0 history_fail=1 x_calls=4 x_bytes=16384 x_success=0 x_fail=4 kb_calls=0 kb_bytes=0 kb_success=0 kb_fail=0 total=5 injected=5 history_level=0 x_level=1 kb_level=-1 shape_bad=0 x_each_worker_once=1
CASE_PASS m=64 n=1 sve16_entries=0 expected=0 old_entries=0 packed_entries=0 packed_expected=0 wide_entries=0 wide_expected=0 wrapper_entries=0 wrapper_expected=0
ARGUMENTS_PASS m=64 n=1 calls=0 bad=0 expected_panel_stride=512
ALLOC_PASS m=64 n=7 small=1 wide_path=0 history_expected=1 history_calls=1 history_bytes=12288 history_success=0 history_fail=1 x_calls=4 x_bytes=16384 x_success=0 x_fail=4 kb_calls=0 kb_bytes=0 kb_success=0 kb_fail=0 total=5 injected=5 history_level=0 x_level=1 kb_level=-1 shape_bad=0 x_each_worker_once=1
CASE_PASS m=64 n=7 sve16_entries=0 expected=0 old_entries=0 packed_entries=0 packed_expected=0 wide_entries=0 wide_expected=0 wrapper_entries=0 wrapper_expected=0
ARGUMENTS_PASS m=64 n=7 calls=0 bad=0 expected_panel_stride=512
ALLOC_PASS m=64 n=8 small=1 wide_path=0 history_expected=1 history_calls=1 history_bytes=12288 history_success=0 history_fail=1 x_calls=4 x_bytes=16384 x_success=0 x_fail=4 kb_calls=0 kb_bytes=0 kb_success=0 kb_fail=0 total=5 injected=5 history_level=0 x_level=1 kb_level=-1 shape_bad=0 x_each_worker_once=1
CASE_PASS m=64 n=8 sve16_entries=0 expected=0 old_entries=0 packed_entries=0 packed_expected=0 wide_entries=0 wide_expected=0 wrapper_entries=0 wrapper_expected=0
ARGUMENTS_PASS m=64 n=8 calls=0 bad=0 expected_panel_stride=512
ALLOC_PASS m=64 n=9 small=1 wide_path=0 history_expected=1 history_calls=1 history_bytes=12288 history_success=0 history_fail=1 x_calls=4 x_bytes=16384 x_success=0 x_fail=4 kb_calls=0 kb_bytes=0 kb_success=0 kb_fail=0 total=5 injected=5 history_level=0 x_level=1 kb_level=-1 shape_bad=0 x_each_worker_once=1
CASE_PASS m=64 n=9 sve16_entries=0 expected=0 old_entries=0 packed_entries=0 packed_expected=0 wide_entries=0 wide_expected=0 wrapper_entries=0 wrapper_expected=0
ARGUMENTS_PASS m=64 n=9 calls=0 bad=0 expected_panel_stride=512
ALLOC_PASS m=64 n=17 small=1 wide_path=0 history_expected=1 history_calls=1 history_bytes=12288 history_success=0 history_fail=1 x_calls=4 x_bytes=16384 x_success=0 x_fail=4 kb_calls=0 kb_bytes=0 kb_success=0 kb_fail=0 total=5 injected=5 history_level=0 x_level=1 kb_level=-1 shape_bad=0 x_each_worker_once=1
CASE_PASS m=64 n=17 sve16_entries=0 expected=0 old_entries=0 packed_entries=0 packed_expected=0 wide_entries=0 wide_expected=0 wrapper_entries=0 wrapper_expected=0
ARGUMENTS_PASS m=64 n=17 calls=0 bad=0 expected_panel_stride=512
ALLOC_PASS m=65 n=1 small=1 wide_path=0 history_expected=1 history_calls=1 history_bytes=12288 history_success=0 history_fail=1 x_calls=4 x_bytes=16640 x_success=0 x_fail=4 kb_calls=0 kb_bytes=0 kb_success=0 kb_fail=0 total=5 injected=5 history_level=0 x_level=1 kb_level=-1 shape_bad=0 x_each_worker_once=1
CASE_PASS m=65 n=1 sve16_entries=0 expected=0 old_entries=0 packed_entries=0 packed_expected=0 wide_entries=0 wide_expected=0 wrapper_entries=0 wrapper_expected=0
ARGUMENTS_PASS m=65 n=1 calls=0 bad=0 expected_panel_stride=520
ALLOC_PASS m=65 n=7 small=1 wide_path=0 history_expected=1 history_calls=1 history_bytes=12288 history_success=0 history_fail=1 x_calls=4 x_bytes=16640 x_success=0 x_fail=4 kb_calls=0 kb_bytes=0 kb_success=0 kb_fail=0 total=5 injected=5 history_level=0 x_level=1 kb_level=-1 shape_bad=0 x_each_worker_once=1
CASE_PASS m=65 n=7 sve16_entries=0 expected=0 old_entries=0 packed_entries=0 packed_expected=0 wide_entries=0 wide_expected=0 wrapper_entries=0 wrapper_expected=0
ARGUMENTS_PASS m=65 n=7 calls=0 bad=0 expected_panel_stride=520
ALLOC_PASS m=65 n=8 small=1 wide_path=0 history_expected=1 history_calls=1 history_bytes=12288 history_success=0 history_fail=1 x_calls=4 x_bytes=16640 x_success=0 x_fail=4 kb_calls=0 kb_bytes=0 kb_success=0 kb_fail=0 total=5 injected=5 history_level=0 x_level=1 kb_level=-1 shape_bad=0 x_each_worker_once=1
CASE_PASS m=65 n=8 sve16_entries=0 expected=0 old_entries=0 packed_entries=0 packed_expected=0 wide_entries=0 wide_expected=0 wrapper_entries=0 wrapper_expected=0
ARGUMENTS_PASS m=65 n=8 calls=0 bad=0 expected_panel_stride=520
ALLOC_PASS m=65 n=9 small=1 wide_path=0 history_expected=1 history_calls=1 history_bytes=12288 history_success=0 history_fail=1 x_calls=4 x_bytes=16640 x_success=0 x_fail=4 kb_calls=0 kb_bytes=0 kb_success=0 kb_fail=0 total=5 injected=5 history_level=0 x_level=1 kb_level=-1 shape_bad=0 x_each_worker_once=1
CASE_PASS m=65 n=9 sve16_entries=0 expected=0 old_entries=0 packed_entries=0 packed_expected=0 wide_entries=0 wide_expected=0 wrapper_entries=0 wrapper_expected=0
ARGUMENTS_PASS m=65 n=9 calls=0 bad=0 expected_panel_stride=520
ALLOC_PASS m=65 n=17 small=1 wide_path=0 history_expected=1 history_calls=1 history_bytes=12288 history_success=0 history_fail=1 x_calls=4 x_bytes=16640 x_success=0 x_fail=4 kb_calls=0 kb_bytes=0 kb_success=0 kb_fail=0 total=5 injected=5 history_level=0 x_level=1 kb_level=-1 shape_bad=0 x_each_worker_once=1
CASE_PASS m=65 n=17 sve16_entries=0 expected=0 old_entries=0 packed_entries=0 packed_expected=0 wide_entries=0 wide_expected=0 wrapper_entries=0 wrapper_expected=0
ARGUMENTS_PASS m=65 n=17 calls=0 bad=0 expected_panel_stride=520
ALLOC_PASS m=255 n=1 small=1 wide_path=0 history_expected=1 history_calls=1 history_bytes=215040 history_success=0 history_fail=1 x_calls=4 x_bytes=65280 x_success=0 x_fail=4 kb_calls=0 kb_bytes=0 kb_success=0 kb_fail=0 total=5 injected=5 history_level=0 x_level=1 kb_level=-1 shape_bad=0 x_each_worker_once=1
CASE_PASS m=255 n=1 sve16_entries=0 expected=0 old_entries=0 packed_entries=0 packed_expected=0 wide_entries=0 wide_expected=0 wrapper_entries=0 wrapper_expected=0
ARGUMENTS_PASS m=255 n=1 calls=0 bad=0 expected_panel_stride=2040
ALLOC_PASS m=255 n=7 small=1 wide_path=0 history_expected=1 history_calls=1 history_bytes=215040 history_success=0 history_fail=1 x_calls=4 x_bytes=65280 x_success=0 x_fail=4 kb_calls=0 kb_bytes=0 kb_success=0 kb_fail=0 total=5 injected=5 history_level=0 x_level=1 kb_level=-1 shape_bad=0 x_each_worker_once=1
CASE_PASS m=255 n=7 sve16_entries=0 expected=0 old_entries=0 packed_entries=0 packed_expected=0 wide_entries=0 wide_expected=0 wrapper_entries=0 wrapper_expected=0
ARGUMENTS_PASS m=255 n=7 calls=0 bad=0 expected_panel_stride=2040
ALLOC_PASS m=255 n=8 small=1 wide_path=0 history_expected=1 history_calls=1 history_bytes=215040 history_success=0 history_fail=1 x_calls=4 x_bytes=65280 x_success=0 x_fail=4 kb_calls=0 kb_bytes=0 kb_success=0 kb_fail=0 total=5 injected=5 history_level=0 x_level=1 kb_level=-1 shape_bad=0 x_each_worker_once=1
CASE_PASS m=255 n=8 sve16_entries=0 expected=0 old_entries=0 packed_entries=0 packed_expected=0 wide_entries=0 wide_expected=0 wrapper_entries=0 wrapper_expected=0
ARGUMENTS_PASS m=255 n=8 calls=0 bad=0 expected_panel_stride=2040
ALLOC_PASS m=255 n=9 small=1 wide_path=0 history_expected=1 history_calls=1 history_bytes=215040 history_success=0 history_fail=1 x_calls=4 x_bytes=65280 x_success=0 x_fail=4 kb_calls=0 kb_bytes=0 kb_success=0 kb_fail=0 total=5 injected=5 history_level=0 x_level=1 kb_level=-1 shape_bad=0 x_each_worker_once=1
CASE_PASS m=255 n=9 sve16_entries=0 expected=0 old_entries=0 packed_entries=0 packed_expected=0 wide_entries=0 wide_expected=0 wrapper_entries=0 wrapper_expected=0
ARGUMENTS_PASS m=255 n=9 calls=0 bad=0 expected_panel_stride=2040
ALLOC_PASS m=255 n=17 small=1 wide_path=0 history_expected=1 history_calls=1 history_bytes=215040 history_success=0 history_fail=1 x_calls=4 x_bytes=65280 x_success=0 x_fail=4 kb_calls=0 kb_bytes=0 kb_success=0 kb_fail=0 total=5 injected=5 history_level=0 x_level=1 kb_level=-1 shape_bad=0 x_each_worker_once=1
CASE_PASS m=255 n=17 sve16_entries=0 expected=0 old_entries=0 packed_entries=0 packed_expected=0 wide_entries=0 wide_expected=0 wrapper_entries=0 wrapper_expected=0
ARGUMENTS_PASS m=255 n=17 calls=0 bad=0 expected_panel_stride=2040
ALLOC_PASS m=256 n=1 small=1 wide_path=0 history_expected=1 history_calls=1 history_bytes=245760 history_success=0 history_fail=1 x_calls=4 x_bytes=65536 x_success=0 x_fail=4 kb_calls=0 kb_bytes=0 kb_success=0 kb_fail=0 total=5 injected=5 history_level=0 x_level=1 kb_level=-1 shape_bad=0 x_each_worker_once=1
CASE_PASS m=256 n=1 sve16_entries=0 expected=0 old_entries=0 packed_entries=0 packed_expected=0 wide_entries=0 wide_expected=0 wrapper_entries=0 wrapper_expected=0
ARGUMENTS_PASS m=256 n=1 calls=0 bad=0 expected_panel_stride=2048
ALLOC_PASS m=256 n=7 small=1 wide_path=0 history_expected=1 history_calls=1 history_bytes=245760 history_success=0 history_fail=1 x_calls=4 x_bytes=65536 x_success=0 x_fail=4 kb_calls=0 kb_bytes=0 kb_success=0 kb_fail=0 total=5 injected=5 history_level=0 x_level=1 kb_level=-1 shape_bad=0 x_each_worker_once=1
CASE_PASS m=256 n=7 sve16_entries=0 expected=0 old_entries=0 packed_entries=0 packed_expected=0 wide_entries=0 wide_expected=0 wrapper_entries=0 wrapper_expected=0
ARGUMENTS_PASS m=256 n=7 calls=0 bad=0 expected_panel_stride=2048
ALLOC_PASS m=256 n=8 small=1 wide_path=0 history_expected=1 history_calls=1 history_bytes=245760 history_success=0 history_fail=1 x_calls=4 x_bytes=65536 x_success=0 x_fail=4 kb_calls=0 kb_bytes=0 kb_success=0 kb_fail=0 total=5 injected=5 history_level=0 x_level=1 kb_level=-1 shape_bad=0 x_each_worker_once=1
CASE_PASS m=256 n=8 sve16_entries=0 expected=0 old_entries=0 packed_entries=0 packed_expected=0 wide_entries=0 wide_expected=0 wrapper_entries=0 wrapper_expected=0
ARGUMENTS_PASS m=256 n=8 calls=0 bad=0 expected_panel_stride=2048
ALLOC_PASS m=256 n=9 small=1 wide_path=0 history_expected=1 history_calls=1 history_bytes=245760 history_success=0 history_fail=1 x_calls=4 x_bytes=65536 x_success=0 x_fail=4 kb_calls=0 kb_bytes=0 kb_success=0 kb_fail=0 total=5 injected=5 history_level=0 x_level=1 kb_level=-1 shape_bad=0 x_each_worker_once=1
CASE_PASS m=256 n=9 sve16_entries=0 expected=0 old_entries=0 packed_entries=0 packed_expected=0 wide_entries=0 wide_expected=0 wrapper_entries=0 wrapper_expected=0
ARGUMENTS_PASS m=256 n=9 calls=0 bad=0 expected_panel_stride=2048
ALLOC_PASS m=256 n=17 small=1 wide_path=0 history_expected=1 history_calls=1 history_bytes=245760 history_success=0 history_fail=1 x_calls=4 x_bytes=65536 x_success=0 x_fail=4 kb_calls=0 kb_bytes=0 kb_success=0 kb_fail=0 total=5 injected=5 history_level=0 x_level=1 kb_level=-1 shape_bad=0 x_each_worker_once=1
CASE_PASS m=256 n=17 sve16_entries=0 expected=0 old_entries=0 packed_entries=0 packed_expected=0 wide_entries=0 wide_expected=0 wrapper_entries=0 wrapper_expected=0
ARGUMENTS_PASS m=256 n=17 calls=0 bad=0 expected_panel_stride=2048
ALLOC_PASS m=257 n=1 small=1 wide_path=0 history_expected=1 history_calls=1 history_bytes=245760 history_success=0 history_fail=1 x_calls=4 x_bytes=65792 x_success=0 x_fail=4 kb_calls=0 kb_bytes=0 kb_success=0 kb_fail=0 total=5 injected=5 history_level=0 x_level=1 kb_level=-1 shape_bad=0 x_each_worker_once=1
CASE_PASS m=257 n=1 sve16_entries=0 expected=0 old_entries=0 packed_entries=0 packed_expected=0 wide_entries=0 wide_expected=0 wrapper_entries=0 wrapper_expected=0
ARGUMENTS_PASS m=257 n=1 calls=0 bad=0 expected_panel_stride=2056
ALLOC_PASS m=257 n=7 small=1 wide_path=0 history_expected=1 history_calls=1 history_bytes=245760 history_success=0 history_fail=1 x_calls=4 x_bytes=65792 x_success=0 x_fail=4 kb_calls=0 kb_bytes=0 kb_success=0 kb_fail=0 total=5 injected=5 history_level=0 x_level=1 kb_level=-1 shape_bad=0 x_each_worker_once=1
CASE_PASS m=257 n=7 sve16_entries=0 expected=0 old_entries=0 packed_entries=0 packed_expected=0 wide_entries=0 wide_expected=0 wrapper_entries=0 wrapper_expected=0
ARGUMENTS_PASS m=257 n=7 calls=0 bad=0 expected_panel_stride=2056
ALLOC_PASS m=257 n=8 small=1 wide_path=0 history_expected=1 history_calls=1 history_bytes=245760 history_success=0 history_fail=1 x_calls=4 x_bytes=65792 x_success=0 x_fail=4 kb_calls=0 kb_bytes=0 kb_success=0 kb_fail=0 total=5 injected=5 history_level=0 x_level=1 kb_level=-1 shape_bad=0 x_each_worker_once=1
CASE_PASS m=257 n=8 sve16_entries=0 expected=0 old_entries=0 packed_entries=0 packed_expected=0 wide_entries=0 wide_expected=0 wrapper_entries=0 wrapper_expected=0
ARGUMENTS_PASS m=257 n=8 calls=0 bad=0 expected_panel_stride=2056
ALLOC_PASS m=257 n=9 small=1 wide_path=0 history_expected=1 history_calls=1 history_bytes=245760 history_success=0 history_fail=1 x_calls=4 x_bytes=65792 x_success=0 x_fail=4 kb_calls=0 kb_bytes=0 kb_success=0 kb_fail=0 total=5 injected=5 history_level=0 x_level=1 kb_level=-1 shape_bad=0 x_each_worker_once=1
CASE_PASS m=257 n=9 sve16_entries=0 expected=0 old_entries=0 packed_entries=0 packed_expected=0 wide_entries=0 wide_expected=0 wrapper_entries=0 wrapper_expected=0
ARGUMENTS_PASS m=257 n=9 calls=0 bad=0 expected_panel_stride=2056
ALLOC_PASS m=257 n=17 small=1 wide_path=0 history_expected=1 history_calls=1 history_bytes=245760 history_success=0 history_fail=1 x_calls=4 x_bytes=65792 x_success=0 x_fail=4 kb_calls=0 kb_bytes=0 kb_success=0 kb_fail=0 total=5 injected=5 history_level=0 x_level=1 kb_level=-1 shape_bad=0 x_each_worker_once=1
CASE_PASS m=257 n=17 sve16_entries=0 expected=0 old_entries=0 packed_entries=0 packed_expected=0 wide_entries=0 wide_expected=0 wrapper_entries=0 wrapper_expected=0
ARGUMENTS_PASS m=257 n=17 calls=0 bad=0 expected_panel_stride=2056
ALLOCATION_SUMMARY_PASS cases=80 budget_cases=0 shared_injection_cases=0
PASS whole_cases=80 noop_cases=4 non_dyadic_long_double_RHS=1 padding_L_unchanged=1 max_error=1.1102230246251565e-16
SOURCE_FEATURES_PASS panel16=1 packedL16=1 has_budget=1 history_budget_bytes=4194304 panel8x16=1
MODE=full THREADS=4 NARROW_VL=1 EXPECT_SVE16=0 EXPECT_PACKEDL16=0
ALLOC_PASS m=1 n=1 small=1 wide_path=0 history_expected=0 history_calls=0 history_bytes=0 history_success=0 history_fail=0 x_calls=4 x_bytes=256 x_success=4 x_fail=0 kb_calls=0 kb_bytes=0 kb_success=0 kb_fail=0 total=4 injected=0 history_level=-1 x_level=1 kb_level=-1 shape_bad=0 x_each_worker_once=1
CASE_PASS m=1 n=1 sve16_entries=0 expected=0 old_entries=0 packed_entries=0 packed_expected=0 wide_entries=0 wide_expected=0 wrapper_entries=0 wrapper_expected=0
ARGUMENTS_PASS m=1 n=1 calls=0 bad=0 expected_panel_stride=8
ALLOC_PASS m=1 n=7 small=1 wide_path=0 history_expected=0 history_calls=0 history_bytes=0 history_success=0 history_fail=0 x_calls=4 x_bytes=256 x_success=4 x_fail=0 kb_calls=0 kb_bytes=0 kb_success=0 kb_fail=0 total=4 injected=0 history_level=-1 x_level=1 kb_level=-1 shape_bad=0 x_each_worker_once=1
CASE_PASS m=1 n=7 sve16_entries=0 expected=0 old_entries=0 packed_entries=0 packed_expected=0 wide_entries=0 wide_expected=0 wrapper_entries=0 wrapper_expected=0
ARGUMENTS_PASS m=1 n=7 calls=0 bad=0 expected_panel_stride=8
ALLOC_PASS m=1 n=8 small=1 wide_path=0 history_expected=0 history_calls=0 history_bytes=0 history_success=0 history_fail=0 x_calls=4 x_bytes=256 x_success=4 x_fail=0 kb_calls=0 kb_bytes=0 kb_success=0 kb_fail=0 total=4 injected=0 history_level=-1 x_level=1 kb_level=-1 shape_bad=0 x_each_worker_once=1
CASE_PASS m=1 n=8 sve16_entries=0 expected=0 old_entries=0 packed_entries=0 packed_expected=0 wide_entries=0 wide_expected=0 wrapper_entries=0 wrapper_expected=0
ARGUMENTS_PASS m=1 n=8 calls=0 bad=0 expected_panel_stride=8
ALLOC_PASS m=1 n=9 small=1 wide_path=0 history_expected=0 history_calls=0 history_bytes=0 history_success=0 history_fail=0 x_calls=4 x_bytes=256 x_success=4 x_fail=0 kb_calls=0 kb_bytes=0 kb_success=0 kb_fail=0 total=4 injected=0 history_level=-1 x_level=1 kb_level=-1 shape_bad=0 x_each_worker_once=1
CASE_PASS m=1 n=9 sve16_entries=0 expected=0 old_entries=0 packed_entries=0 packed_expected=0 wide_entries=0 wide_expected=0 wrapper_entries=0 wrapper_expected=0
ARGUMENTS_PASS m=1 n=9 calls=0 bad=0 expected_panel_stride=8
ALLOC_PASS m=1 n=17 small=1 wide_path=0 history_expected=0 history_calls=0 history_bytes=0 history_success=0 history_fail=0 x_calls=4 x_bytes=256 x_success=4 x_fail=0 kb_calls=0 kb_bytes=0 kb_success=0 kb_fail=0 total=4 injected=0 history_level=-1 x_level=1 kb_level=-1 shape_bad=0 x_each_worker_once=1
CASE_PASS m=1 n=17 sve16_entries=0 expected=0 old_entries=0 packed_entries=0 packed_expected=0 wide_entries=0 wide_expected=0 wrapper_entries=0 wrapper_expected=0
ARGUMENTS_PASS m=1 n=17 calls=0 bad=0 expected_panel_stride=8
ALLOC_PASS m=3 n=1 small=1 wide_path=0 history_expected=0 history_calls=0 history_bytes=0 history_success=0 history_fail=0 x_calls=4 x_bytes=768 x_success=4 x_fail=0 kb_calls=0 kb_bytes=0 kb_success=0 kb_fail=0 total=4 injected=0 history_level=-1 x_level=1 kb_level=-1 shape_bad=0 x_each_worker_once=1
CASE_PASS m=3 n=1 sve16_entries=0 expected=0 old_entries=0 packed_entries=0 packed_expected=0 wide_entries=0 wide_expected=0 wrapper_entries=0 wrapper_expected=0
ARGUMENTS_PASS m=3 n=1 calls=0 bad=0 expected_panel_stride=24
ALLOC_PASS m=3 n=7 small=1 wide_path=0 history_expected=0 history_calls=0 history_bytes=0 history_success=0 history_fail=0 x_calls=4 x_bytes=768 x_success=4 x_fail=0 kb_calls=0 kb_bytes=0 kb_success=0 kb_fail=0 total=4 injected=0 history_level=-1 x_level=1 kb_level=-1 shape_bad=0 x_each_worker_once=1
CASE_PASS m=3 n=7 sve16_entries=0 expected=0 old_entries=0 packed_entries=0 packed_expected=0 wide_entries=0 wide_expected=0 wrapper_entries=0 wrapper_expected=0
ARGUMENTS_PASS m=3 n=7 calls=0 bad=0 expected_panel_stride=24
ALLOC_PASS m=3 n=8 small=1 wide_path=0 history_expected=0 history_calls=0 history_bytes=0 history_success=0 history_fail=0 x_calls=4 x_bytes=768 x_success=4 x_fail=0 kb_calls=0 kb_bytes=0 kb_success=0 kb_fail=0 total=4 injected=0 history_level=-1 x_level=1 kb_level=-1 shape_bad=0 x_each_worker_once=1
CASE_PASS m=3 n=8 sve16_entries=0 expected=0 old_entries=0 packed_entries=0 packed_expected=0 wide_entries=0 wide_expected=0 wrapper_entries=0 wrapper_expected=0
ARGUMENTS_PASS m=3 n=8 calls=0 bad=0 expected_panel_stride=24
ALLOC_PASS m=3 n=9 small=1 wide_path=0 history_expected=0 history_calls=0 history_bytes=0 history_success=0 history_fail=0 x_calls=4 x_bytes=768 x_success=4 x_fail=0 kb_calls=0 kb_bytes=0 kb_success=0 kb_fail=0 total=4 injected=0 history_level=-1 x_level=1 kb_level=-1 shape_bad=0 x_each_worker_once=1
CASE_PASS m=3 n=9 sve16_entries=0 expected=0 old_entries=0 packed_entries=0 packed_expected=0 wide_entries=0 wide_expected=0 wrapper_entries=0 wrapper_expected=0
ARGUMENTS_PASS m=3 n=9 calls=0 bad=0 expected_panel_stride=24
ALLOC_PASS m=3 n=17 small=1 wide_path=0 history_expected=0 history_calls=0 history_bytes=0 history_success=0 history_fail=0 x_calls=4 x_bytes=768 x_success=4 x_fail=0 kb_calls=0 kb_bytes=0 kb_success=0 kb_fail=0 total=4 injected=0 history_level=-1 x_level=1 kb_level=-1 shape_bad=0 x_each_worker_once=1
CASE_PASS m=3 n=17 sve16_entries=0 expected=0 old_entries=0 packed_entries=0 packed_expected=0 wide_entries=0 wide_expected=0 wrapper_entries=0 wrapper_expected=0
ARGUMENTS_PASS m=3 n=17 calls=0 bad=0 expected_panel_stride=24
ALLOC_PASS m=4 n=1 small=1 wide_path=0 history_expected=0 history_calls=0 history_bytes=0 history_success=0 history_fail=0 x_calls=4 x_bytes=1024 x_success=4 x_fail=0 kb_calls=0 kb_bytes=0 kb_success=0 kb_fail=0 total=4 injected=0 history_level=-1 x_level=1 kb_level=-1 shape_bad=0 x_each_worker_once=1
CASE_PASS m=4 n=1 sve16_entries=0 expected=0 old_entries=0 packed_entries=0 packed_expected=0 wide_entries=0 wide_expected=0 wrapper_entries=0 wrapper_expected=0
ARGUMENTS_PASS m=4 n=1 calls=0 bad=0 expected_panel_stride=32
ALLOC_PASS m=4 n=7 small=1 wide_path=0 history_expected=0 history_calls=0 history_bytes=0 history_success=0 history_fail=0 x_calls=4 x_bytes=1024 x_success=4 x_fail=0 kb_calls=0 kb_bytes=0 kb_success=0 kb_fail=0 total=4 injected=0 history_level=-1 x_level=1 kb_level=-1 shape_bad=0 x_each_worker_once=1
CASE_PASS m=4 n=7 sve16_entries=0 expected=0 old_entries=0 packed_entries=0 packed_expected=0 wide_entries=0 wide_expected=0 wrapper_entries=0 wrapper_expected=0
ARGUMENTS_PASS m=4 n=7 calls=0 bad=0 expected_panel_stride=32
ALLOC_PASS m=4 n=8 small=1 wide_path=0 history_expected=0 history_calls=0 history_bytes=0 history_success=0 history_fail=0 x_calls=4 x_bytes=1024 x_success=4 x_fail=0 kb_calls=0 kb_bytes=0 kb_success=0 kb_fail=0 total=4 injected=0 history_level=-1 x_level=1 kb_level=-1 shape_bad=0 x_each_worker_once=1
CASE_PASS m=4 n=8 sve16_entries=0 expected=0 old_entries=0 packed_entries=0 packed_expected=0 wide_entries=0 wide_expected=0 wrapper_entries=0 wrapper_expected=0
ARGUMENTS_PASS m=4 n=8 calls=0 bad=0 expected_panel_stride=32
ALLOC_PASS m=4 n=9 small=1 wide_path=0 history_expected=0 history_calls=0 history_bytes=0 history_success=0 history_fail=0 x_calls=4 x_bytes=1024 x_success=4 x_fail=0 kb_calls=0 kb_bytes=0 kb_success=0 kb_fail=0 total=4 injected=0 history_level=-1 x_level=1 kb_level=-1 shape_bad=0 x_each_worker_once=1
CASE_PASS m=4 n=9 sve16_entries=0 expected=0 old_entries=0 packed_entries=0 packed_expected=0 wide_entries=0 wide_expected=0 wrapper_entries=0 wrapper_expected=0
ARGUMENTS_PASS m=4 n=9 calls=0 bad=0 expected_panel_stride=32
ALLOC_PASS m=4 n=17 small=1 wide_path=0 history_expected=0 history_calls=0 history_bytes=0 history_success=0 history_fail=0 x_calls=4 x_bytes=1024 x_success=4 x_fail=0 kb_calls=0 kb_bytes=0 kb_success=0 kb_fail=0 total=4 injected=0 history_level=-1 x_level=1 kb_level=-1 shape_bad=0 x_each_worker_once=1
CASE_PASS m=4 n=17 sve16_entries=0 expected=0 old_entries=0 packed_entries=0 packed_expected=0 wide_entries=0 wide_expected=0 wrapper_entries=0 wrapper_expected=0
ARGUMENTS_PASS m=4 n=17 calls=0 bad=0 expected_panel_stride=32
ALLOC_PASS m=5 n=1 small=1 wide_path=0 history_expected=0 history_calls=0 history_bytes=0 history_success=0 history_fail=0 x_calls=4 x_bytes=1280 x_success=4 x_fail=0 kb_calls=0 kb_bytes=0 kb_success=0 kb_fail=0 total=4 injected=0 history_level=-1 x_level=1 kb_level=-1 shape_bad=0 x_each_worker_once=1
CASE_PASS m=5 n=1 sve16_entries=0 expected=0 old_entries=0 packed_entries=0 packed_expected=0 wide_entries=0 wide_expected=0 wrapper_entries=0 wrapper_expected=0
ARGUMENTS_PASS m=5 n=1 calls=0 bad=0 expected_panel_stride=40
ALLOC_PASS m=5 n=7 small=1 wide_path=0 history_expected=0 history_calls=0 history_bytes=0 history_success=0 history_fail=0 x_calls=4 x_bytes=1280 x_success=4 x_fail=0 kb_calls=0 kb_bytes=0 kb_success=0 kb_fail=0 total=4 injected=0 history_level=-1 x_level=1 kb_level=-1 shape_bad=0 x_each_worker_once=1
CASE_PASS m=5 n=7 sve16_entries=0 expected=0 old_entries=0 packed_entries=0 packed_expected=0 wide_entries=0 wide_expected=0 wrapper_entries=0 wrapper_expected=0
ARGUMENTS_PASS m=5 n=7 calls=0 bad=0 expected_panel_stride=40
ALLOC_PASS m=5 n=8 small=1 wide_path=0 history_expected=0 history_calls=0 history_bytes=0 history_success=0 history_fail=0 x_calls=4 x_bytes=1280 x_success=4 x_fail=0 kb_calls=0 kb_bytes=0 kb_success=0 kb_fail=0 total=4 injected=0 history_level=-1 x_level=1 kb_level=-1 shape_bad=0 x_each_worker_once=1
CASE_PASS m=5 n=8 sve16_entries=0 expected=0 old_entries=0 packed_entries=0 packed_expected=0 wide_entries=0 wide_expected=0 wrapper_entries=0 wrapper_expected=0
ARGUMENTS_PASS m=5 n=8 calls=0 bad=0 expected_panel_stride=40
ALLOC_PASS m=5 n=9 small=1 wide_path=0 history_expected=0 history_calls=0 history_bytes=0 history_success=0 history_fail=0 x_calls=4 x_bytes=1280 x_success=4 x_fail=0 kb_calls=0 kb_bytes=0 kb_success=0 kb_fail=0 total=4 injected=0 history_level=-1 x_level=1 kb_level=-1 shape_bad=0 x_each_worker_once=1
CASE_PASS m=5 n=9 sve16_entries=0 expected=0 old_entries=0 packed_entries=0 packed_expected=0 wide_entries=0 wide_expected=0 wrapper_entries=0 wrapper_expected=0
ARGUMENTS_PASS m=5 n=9 calls=0 bad=0 expected_panel_stride=40
ALLOC_PASS m=5 n=17 small=1 wide_path=0 history_expected=0 history_calls=0 history_bytes=0 history_success=0 history_fail=0 x_calls=4 x_bytes=1280 x_success=4 x_fail=0 kb_calls=0 kb_bytes=0 kb_success=0 kb_fail=0 total=4 injected=0 history_level=-1 x_level=1 kb_level=-1 shape_bad=0 x_each_worker_once=1
CASE_PASS m=5 n=17 sve16_entries=0 expected=0 old_entries=0 packed_entries=0 packed_expected=0 wide_entries=0 wide_expected=0 wrapper_entries=0 wrapper_expected=0
ARGUMENTS_PASS m=5 n=17 calls=0 bad=0 expected_panel_stride=40
ALLOC_PASS m=15 n=1 small=1 wide_path=0 history_expected=0 history_calls=0 history_bytes=0 history_success=0 history_fail=0 x_calls=4 x_bytes=3840 x_success=4 x_fail=0 kb_calls=0 kb_bytes=0 kb_success=0 kb_fail=0 total=4 injected=0 history_level=-1 x_level=1 kb_level=-1 shape_bad=0 x_each_worker_once=1
CASE_PASS m=15 n=1 sve16_entries=0 expected=0 old_entries=0 packed_entries=0 packed_expected=0 wide_entries=0 wide_expected=0 wrapper_entries=0 wrapper_expected=0
ARGUMENTS_PASS m=15 n=1 calls=0 bad=0 expected_panel_stride=120
ALLOC_PASS m=15 n=7 small=1 wide_path=0 history_expected=0 history_calls=0 history_bytes=0 history_success=0 history_fail=0 x_calls=4 x_bytes=3840 x_success=4 x_fail=0 kb_calls=0 kb_bytes=0 kb_success=0 kb_fail=0 total=4 injected=0 history_level=-1 x_level=1 kb_level=-1 shape_bad=0 x_each_worker_once=1
CASE_PASS m=15 n=7 sve16_entries=0 expected=0 old_entries=0 packed_entries=0 packed_expected=0 wide_entries=0 wide_expected=0 wrapper_entries=0 wrapper_expected=0
ARGUMENTS_PASS m=15 n=7 calls=0 bad=0 expected_panel_stride=120
ALLOC_PASS m=15 n=8 small=1 wide_path=0 history_expected=0 history_calls=0 history_bytes=0 history_success=0 history_fail=0 x_calls=4 x_bytes=3840 x_success=4 x_fail=0 kb_calls=0 kb_bytes=0 kb_success=0 kb_fail=0 total=4 injected=0 history_level=-1 x_level=1 kb_level=-1 shape_bad=0 x_each_worker_once=1
CASE_PASS m=15 n=8 sve16_entries=0 expected=0 old_entries=0 packed_entries=0 packed_expected=0 wide_entries=0 wide_expected=0 wrapper_entries=0 wrapper_expected=0
ARGUMENTS_PASS m=15 n=8 calls=0 bad=0 expected_panel_stride=120
ALLOC_PASS m=15 n=9 small=1 wide_path=0 history_expected=0 history_calls=0 history_bytes=0 history_success=0 history_fail=0 x_calls=4 x_bytes=3840 x_success=4 x_fail=0 kb_calls=0 kb_bytes=0 kb_success=0 kb_fail=0 total=4 injected=0 history_level=-1 x_level=1 kb_level=-1 shape_bad=0 x_each_worker_once=1
CASE_PASS m=15 n=9 sve16_entries=0 expected=0 old_entries=0 packed_entries=0 packed_expected=0 wide_entries=0 wide_expected=0 wrapper_entries=0 wrapper_expected=0
ARGUMENTS_PASS m=15 n=9 calls=0 bad=0 expected_panel_stride=120
ALLOC_PASS m=15 n=17 small=1 wide_path=0 history_expected=0 history_calls=0 history_bytes=0 history_success=0 history_fail=0 x_calls=4 x_bytes=3840 x_success=4 x_fail=0 kb_calls=0 kb_bytes=0 kb_success=0 kb_fail=0 total=4 injected=0 history_level=-1 x_level=1 kb_level=-1 shape_bad=0 x_each_worker_once=1
CASE_PASS m=15 n=17 sve16_entries=0 expected=0 old_entries=0 packed_entries=0 packed_expected=0 wide_entries=0 wide_expected=0 wrapper_entries=0 wrapper_expected=0
ARGUMENTS_PASS m=15 n=17 calls=0 bad=0 expected_panel_stride=120
ALLOC_PASS m=16 n=1 small=1 wide_path=0 history_expected=0 history_calls=0 history_bytes=0 history_success=0 history_fail=0 x_calls=4 x_bytes=4096 x_success=4 x_fail=0 kb_calls=0 kb_bytes=0 kb_success=0 kb_fail=0 total=4 injected=0 history_level=-1 x_level=1 kb_level=-1 shape_bad=0 x_each_worker_once=1
CASE_PASS m=16 n=1 sve16_entries=0 expected=0 old_entries=0 packed_entries=0 packed_expected=0 wide_entries=0 wide_expected=0 wrapper_entries=0 wrapper_expected=0
ARGUMENTS_PASS m=16 n=1 calls=0 bad=0 expected_panel_stride=128
ALLOC_PASS m=16 n=7 small=1 wide_path=0 history_expected=0 history_calls=0 history_bytes=0 history_success=0 history_fail=0 x_calls=4 x_bytes=4096 x_success=4 x_fail=0 kb_calls=0 kb_bytes=0 kb_success=0 kb_fail=0 total=4 injected=0 history_level=-1 x_level=1 kb_level=-1 shape_bad=0 x_each_worker_once=1
CASE_PASS m=16 n=7 sve16_entries=0 expected=0 old_entries=0 packed_entries=0 packed_expected=0 wide_entries=0 wide_expected=0 wrapper_entries=0 wrapper_expected=0
ARGUMENTS_PASS m=16 n=7 calls=0 bad=0 expected_panel_stride=128
ALLOC_PASS m=16 n=8 small=1 wide_path=0 history_expected=0 history_calls=0 history_bytes=0 history_success=0 history_fail=0 x_calls=4 x_bytes=4096 x_success=4 x_fail=0 kb_calls=0 kb_bytes=0 kb_success=0 kb_fail=0 total=4 injected=0 history_level=-1 x_level=1 kb_level=-1 shape_bad=0 x_each_worker_once=1
CASE_PASS m=16 n=8 sve16_entries=0 expected=0 old_entries=0 packed_entries=0 packed_expected=0 wide_entries=0 wide_expected=0 wrapper_entries=0 wrapper_expected=0
ARGUMENTS_PASS m=16 n=8 calls=0 bad=0 expected_panel_stride=128
ALLOC_PASS m=16 n=9 small=1 wide_path=0 history_expected=0 history_calls=0 history_bytes=0 history_success=0 history_fail=0 x_calls=4 x_bytes=4096 x_success=4 x_fail=0 kb_calls=0 kb_bytes=0 kb_success=0 kb_fail=0 total=4 injected=0 history_level=-1 x_level=1 kb_level=-1 shape_bad=0 x_each_worker_once=1
CASE_PASS m=16 n=9 sve16_entries=0 expected=0 old_entries=0 packed_entries=0 packed_expected=0 wide_entries=0 wide_expected=0 wrapper_entries=0 wrapper_expected=0
ARGUMENTS_PASS m=16 n=9 calls=0 bad=0 expected_panel_stride=128
ALLOC_PASS m=16 n=17 small=1 wide_path=0 history_expected=0 history_calls=0 history_bytes=0 history_success=0 history_fail=0 x_calls=4 x_bytes=4096 x_success=4 x_fail=0 kb_calls=0 kb_bytes=0 kb_success=0 kb_fail=0 total=4 injected=0 history_level=-1 x_level=1 kb_level=-1 shape_bad=0 x_each_worker_once=1
CASE_PASS m=16 n=17 sve16_entries=0 expected=0 old_entries=0 packed_entries=0 packed_expected=0 wide_entries=0 wide_expected=0 wrapper_entries=0 wrapper_expected=0
ARGUMENTS_PASS m=16 n=17 calls=0 bad=0 expected_panel_stride=128
ALLOC_PASS m=17 n=1 small=1 wide_path=0 history_expected=0 history_calls=0 history_bytes=0 history_success=0 history_fail=0 x_calls=4 x_bytes=4352 x_success=4 x_fail=0 kb_calls=0 kb_bytes=0 kb_success=0 kb_fail=0 total=4 injected=0 history_level=-1 x_level=1 kb_level=-1 shape_bad=0 x_each_worker_once=1
CASE_PASS m=17 n=1 sve16_entries=0 expected=0 old_entries=0 packed_entries=0 packed_expected=0 wide_entries=0 wide_expected=0 wrapper_entries=0 wrapper_expected=0
ARGUMENTS_PASS m=17 n=1 calls=0 bad=0 expected_panel_stride=136
ALLOC_PASS m=17 n=7 small=1 wide_path=0 history_expected=0 history_calls=0 history_bytes=0 history_success=0 history_fail=0 x_calls=4 x_bytes=4352 x_success=4 x_fail=0 kb_calls=0 kb_bytes=0 kb_success=0 kb_fail=0 total=4 injected=0 history_level=-1 x_level=1 kb_level=-1 shape_bad=0 x_each_worker_once=1
CASE_PASS m=17 n=7 sve16_entries=0 expected=0 old_entries=0 packed_entries=0 packed_expected=0 wide_entries=0 wide_expected=0 wrapper_entries=0 wrapper_expected=0
ARGUMENTS_PASS m=17 n=7 calls=0 bad=0 expected_panel_stride=136
ALLOC_PASS m=17 n=8 small=1 wide_path=0 history_expected=0 history_calls=0 history_bytes=0 history_success=0 history_fail=0 x_calls=4 x_bytes=4352 x_success=4 x_fail=0 kb_calls=0 kb_bytes=0 kb_success=0 kb_fail=0 total=4 injected=0 history_level=-1 x_level=1 kb_level=-1 shape_bad=0 x_each_worker_once=1
CASE_PASS m=17 n=8 sve16_entries=0 expected=0 old_entries=0 packed_entries=0 packed_expected=0 wide_entries=0 wide_expected=0 wrapper_entries=0 wrapper_expected=0
ARGUMENTS_PASS m=17 n=8 calls=0 bad=0 expected_panel_stride=136
ALLOC_PASS m=17 n=9 small=1 wide_path=0 history_expected=0 history_calls=0 history_bytes=0 history_success=0 history_fail=0 x_calls=4 x_bytes=4352 x_success=4 x_fail=0 kb_calls=0 kb_bytes=0 kb_success=0 kb_fail=0 total=4 injected=0 history_level=-1 x_level=1 kb_level=-1 shape_bad=0 x_each_worker_once=1
CASE_PASS m=17 n=9 sve16_entries=0 expected=0 old_entries=0 packed_entries=0 packed_expected=0 wide_entries=0 wide_expected=0 wrapper_entries=0 wrapper_expected=0
ARGUMENTS_PASS m=17 n=9 calls=0 bad=0 expected_panel_stride=136
ALLOC_PASS m=17 n=17 small=1 wide_path=0 history_expected=0 history_calls=0 history_bytes=0 history_success=0 history_fail=0 x_calls=4 x_bytes=4352 x_success=4 x_fail=0 kb_calls=0 kb_bytes=0 kb_success=0 kb_fail=0 total=4 injected=0 history_level=-1 x_level=1 kb_level=-1 shape_bad=0 x_each_worker_once=1
CASE_PASS m=17 n=17 sve16_entries=0 expected=0 old_entries=0 packed_entries=0 packed_expected=0 wide_entries=0 wide_expected=0 wrapper_entries=0 wrapper_expected=0
ARGUMENTS_PASS m=17 n=17 calls=0 bad=0 expected_panel_stride=136
ALLOC_PASS m=31 n=1 small=1 wide_path=0 history_expected=0 history_calls=0 history_bytes=0 history_success=0 history_fail=0 x_calls=4 x_bytes=7936 x_success=4 x_fail=0 kb_calls=0 kb_bytes=0 kb_success=0 kb_fail=0 total=4 injected=0 history_level=-1 x_level=1 kb_level=-1 shape_bad=0 x_each_worker_once=1
CASE_PASS m=31 n=1 sve16_entries=0 expected=0 old_entries=0 packed_entries=0 packed_expected=0 wide_entries=0 wide_expected=0 wrapper_entries=0 wrapper_expected=0
ARGUMENTS_PASS m=31 n=1 calls=0 bad=0 expected_panel_stride=248
ALLOC_PASS m=31 n=7 small=1 wide_path=0 history_expected=0 history_calls=0 history_bytes=0 history_success=0 history_fail=0 x_calls=4 x_bytes=7936 x_success=4 x_fail=0 kb_calls=0 kb_bytes=0 kb_success=0 kb_fail=0 total=4 injected=0 history_level=-1 x_level=1 kb_level=-1 shape_bad=0 x_each_worker_once=1
CASE_PASS m=31 n=7 sve16_entries=0 expected=0 old_entries=0 packed_entries=0 packed_expected=0 wide_entries=0 wide_expected=0 wrapper_entries=0 wrapper_expected=0
ARGUMENTS_PASS m=31 n=7 calls=0 bad=0 expected_panel_stride=248
ALLOC_PASS m=31 n=8 small=1 wide_path=0 history_expected=0 history_calls=0 history_bytes=0 history_success=0 history_fail=0 x_calls=4 x_bytes=7936 x_success=4 x_fail=0 kb_calls=0 kb_bytes=0 kb_success=0 kb_fail=0 total=4 injected=0 history_level=-1 x_level=1 kb_level=-1 shape_bad=0 x_each_worker_once=1
CASE_PASS m=31 n=8 sve16_entries=0 expected=0 old_entries=0 packed_entries=0 packed_expected=0 wide_entries=0 wide_expected=0 wrapper_entries=0 wrapper_expected=0
ARGUMENTS_PASS m=31 n=8 calls=0 bad=0 expected_panel_stride=248
ALLOC_PASS m=31 n=9 small=1 wide_path=0 history_expected=0 history_calls=0 history_bytes=0 history_success=0 history_fail=0 x_calls=4 x_bytes=7936 x_success=4 x_fail=0 kb_calls=0 kb_bytes=0 kb_success=0 kb_fail=0 total=4 injected=0 history_level=-1 x_level=1 kb_level=-1 shape_bad=0 x_each_worker_once=1
CASE_PASS m=31 n=9 sve16_entries=0 expected=0 old_entries=0 packed_entries=0 packed_expected=0 wide_entries=0 wide_expected=0 wrapper_entries=0 wrapper_expected=0
ARGUMENTS_PASS m=31 n=9 calls=0 bad=0 expected_panel_stride=248
ALLOC_PASS m=31 n=17 small=1 wide_path=0 history_expected=0 history_calls=0 history_bytes=0 history_success=0 history_fail=0 x_calls=4 x_bytes=7936 x_success=4 x_fail=0 kb_calls=0 kb_bytes=0 kb_success=0 kb_fail=0 total=4 injected=0 history_level=-1 x_level=1 kb_level=-1 shape_bad=0 x_each_worker_once=1
CASE_PASS m=31 n=17 sve16_entries=0 expected=0 old_entries=0 packed_entries=0 packed_expected=0 wide_entries=0 wide_expected=0 wrapper_entries=0 wrapper_expected=0
ARGUMENTS_PASS m=31 n=17 calls=0 bad=0 expected_panel_stride=248
ALLOC_PASS m=32 n=1 small=1 wide_path=0 history_expected=1 history_calls=1 history_bytes=2048 history_success=1 history_fail=0 x_calls=4 x_bytes=8192 x_success=4 x_fail=0 kb_calls=0 kb_bytes=0 kb_success=0 kb_fail=0 total=5 injected=0 history_level=0 x_level=1 kb_level=-1 shape_bad=0 x_each_worker_once=1
CASE_PASS m=32 n=1 sve16_entries=0 expected=0 old_entries=0 packed_entries=0 packed_expected=0 wide_entries=0 wide_expected=0 wrapper_entries=0 wrapper_expected=0
ARGUMENTS_PASS m=32 n=1 calls=0 bad=0 expected_panel_stride=256
ALLOC_PASS m=32 n=7 small=1 wide_path=0 history_expected=1 history_calls=1 history_bytes=2048 history_success=1 history_fail=0 x_calls=4 x_bytes=8192 x_success=4 x_fail=0 kb_calls=0 kb_bytes=0 kb_success=0 kb_fail=0 total=5 injected=0 history_level=0 x_level=1 kb_level=-1 shape_bad=0 x_each_worker_once=1
CASE_PASS m=32 n=7 sve16_entries=0 expected=0 old_entries=0 packed_entries=0 packed_expected=0 wide_entries=0 wide_expected=0 wrapper_entries=0 wrapper_expected=0
ARGUMENTS_PASS m=32 n=7 calls=0 bad=0 expected_panel_stride=256
ALLOC_PASS m=32 n=8 small=1 wide_path=0 history_expected=1 history_calls=1 history_bytes=2048 history_success=1 history_fail=0 x_calls=4 x_bytes=8192 x_success=4 x_fail=0 kb_calls=0 kb_bytes=0 kb_success=0 kb_fail=0 total=5 injected=0 history_level=0 x_level=1 kb_level=-1 shape_bad=0 x_each_worker_once=1
CASE_PASS m=32 n=8 sve16_entries=0 expected=0 old_entries=0 packed_entries=0 packed_expected=0 wide_entries=0 wide_expected=0 wrapper_entries=0 wrapper_expected=0
ARGUMENTS_PASS m=32 n=8 calls=0 bad=0 expected_panel_stride=256
ALLOC_PASS m=32 n=9 small=1 wide_path=0 history_expected=1 history_calls=1 history_bytes=2048 history_success=1 history_fail=0 x_calls=4 x_bytes=8192 x_success=4 x_fail=0 kb_calls=0 kb_bytes=0 kb_success=0 kb_fail=0 total=5 injected=0 history_level=0 x_level=1 kb_level=-1 shape_bad=0 x_each_worker_once=1
CASE_PASS m=32 n=9 sve16_entries=0 expected=0 old_entries=0 packed_entries=0 packed_expected=0 wide_entries=0 wide_expected=0 wrapper_entries=0 wrapper_expected=0
ARGUMENTS_PASS m=32 n=9 calls=0 bad=0 expected_panel_stride=256
ALLOC_PASS m=32 n=17 small=1 wide_path=0 history_expected=1 history_calls=1 history_bytes=2048 history_success=1 history_fail=0 x_calls=4 x_bytes=8192 x_success=4 x_fail=0 kb_calls=0 kb_bytes=0 kb_success=0 kb_fail=0 total=5 injected=0 history_level=0 x_level=1 kb_level=-1 shape_bad=0 x_each_worker_once=1
CASE_PASS m=32 n=17 sve16_entries=0 expected=0 old_entries=0 packed_entries=0 packed_expected=0 wide_entries=0 wide_expected=0 wrapper_entries=0 wrapper_expected=0
ARGUMENTS_PASS m=32 n=17 calls=0 bad=0 expected_panel_stride=256
ALLOC_PASS m=33 n=1 small=1 wide_path=0 history_expected=1 history_calls=1 history_bytes=2048 history_success=1 history_fail=0 x_calls=4 x_bytes=8448 x_success=4 x_fail=0 kb_calls=0 kb_bytes=0 kb_success=0 kb_fail=0 total=5 injected=0 history_level=0 x_level=1 kb_level=-1 shape_bad=0 x_each_worker_once=1
CASE_PASS m=33 n=1 sve16_entries=0 expected=0 old_entries=0 packed_entries=0 packed_expected=0 wide_entries=0 wide_expected=0 wrapper_entries=0 wrapper_expected=0
ARGUMENTS_PASS m=33 n=1 calls=0 bad=0 expected_panel_stride=264
ALLOC_PASS m=33 n=7 small=1 wide_path=0 history_expected=1 history_calls=1 history_bytes=2048 history_success=1 history_fail=0 x_calls=4 x_bytes=8448 x_success=4 x_fail=0 kb_calls=0 kb_bytes=0 kb_success=0 kb_fail=0 total=5 injected=0 history_level=0 x_level=1 kb_level=-1 shape_bad=0 x_each_worker_once=1
CASE_PASS m=33 n=7 sve16_entries=0 expected=0 old_entries=0 packed_entries=0 packed_expected=0 wide_entries=0 wide_expected=0 wrapper_entries=0 wrapper_expected=0
ARGUMENTS_PASS m=33 n=7 calls=0 bad=0 expected_panel_stride=264
ALLOC_PASS m=33 n=8 small=1 wide_path=0 history_expected=1 history_calls=1 history_bytes=2048 history_success=1 history_fail=0 x_calls=4 x_bytes=8448 x_success=4 x_fail=0 kb_calls=0 kb_bytes=0 kb_success=0 kb_fail=0 total=5 injected=0 history_level=0 x_level=1 kb_level=-1 shape_bad=0 x_each_worker_once=1
CASE_PASS m=33 n=8 sve16_entries=0 expected=0 old_entries=0 packed_entries=0 packed_expected=0 wide_entries=0 wide_expected=0 wrapper_entries=0 wrapper_expected=0
ARGUMENTS_PASS m=33 n=8 calls=0 bad=0 expected_panel_stride=264
ALLOC_PASS m=33 n=9 small=1 wide_path=0 history_expected=1 history_calls=1 history_bytes=2048 history_success=1 history_fail=0 x_calls=4 x_bytes=8448 x_success=4 x_fail=0 kb_calls=0 kb_bytes=0 kb_success=0 kb_fail=0 total=5 injected=0 history_level=0 x_level=1 kb_level=-1 shape_bad=0 x_each_worker_once=1
CASE_PASS m=33 n=9 sve16_entries=0 expected=0 old_entries=0 packed_entries=0 packed_expected=0 wide_entries=0 wide_expected=0 wrapper_entries=0 wrapper_expected=0
ARGUMENTS_PASS m=33 n=9 calls=0 bad=0 expected_panel_stride=264
ALLOC_PASS m=33 n=17 small=1 wide_path=0 history_expected=1 history_calls=1 history_bytes=2048 history_success=1 history_fail=0 x_calls=4 x_bytes=8448 x_success=4 x_fail=0 kb_calls=0 kb_bytes=0 kb_success=0 kb_fail=0 total=5 injected=0 history_level=0 x_level=1 kb_level=-1 shape_bad=0 x_each_worker_once=1
CASE_PASS m=33 n=17 sve16_entries=0 expected=0 old_entries=0 packed_entries=0 packed_expected=0 wide_entries=0 wide_expected=0 wrapper_entries=0 wrapper_expected=0
ARGUMENTS_PASS m=33 n=17 calls=0 bad=0 expected_panel_stride=264
ALLOC_PASS m=63 n=1 small=1 wide_path=0 history_expected=1 history_calls=1 history_bytes=6144 history_success=1 history_fail=0 x_calls=4 x_bytes=16128 x_success=4 x_fail=0 kb_calls=0 kb_bytes=0 kb_success=0 kb_fail=0 total=5 injected=0 history_level=0 x_level=1 kb_level=-1 shape_bad=0 x_each_worker_once=1
CASE_PASS m=63 n=1 sve16_entries=0 expected=0 old_entries=0 packed_entries=0 packed_expected=0 wide_entries=0 wide_expected=0 wrapper_entries=0 wrapper_expected=0
ARGUMENTS_PASS m=63 n=1 calls=0 bad=0 expected_panel_stride=504
ALLOC_PASS m=63 n=7 small=1 wide_path=0 history_expected=1 history_calls=1 history_bytes=6144 history_success=1 history_fail=0 x_calls=4 x_bytes=16128 x_success=4 x_fail=0 kb_calls=0 kb_bytes=0 kb_success=0 kb_fail=0 total=5 injected=0 history_level=0 x_level=1 kb_level=-1 shape_bad=0 x_each_worker_once=1
CASE_PASS m=63 n=7 sve16_entries=0 expected=0 old_entries=0 packed_entries=0 packed_expected=0 wide_entries=0 wide_expected=0 wrapper_entries=0 wrapper_expected=0
ARGUMENTS_PASS m=63 n=7 calls=0 bad=0 expected_panel_stride=504
ALLOC_PASS m=63 n=8 small=1 wide_path=0 history_expected=1 history_calls=1 history_bytes=6144 history_success=1 history_fail=0 x_calls=4 x_bytes=16128 x_success=4 x_fail=0 kb_calls=0 kb_bytes=0 kb_success=0 kb_fail=0 total=5 injected=0 history_level=0 x_level=1 kb_level=-1 shape_bad=0 x_each_worker_once=1
CASE_PASS m=63 n=8 sve16_entries=0 expected=0 old_entries=0 packed_entries=0 packed_expected=0 wide_entries=0 wide_expected=0 wrapper_entries=0 wrapper_expected=0
ARGUMENTS_PASS m=63 n=8 calls=0 bad=0 expected_panel_stride=504
ALLOC_PASS m=63 n=9 small=1 wide_path=0 history_expected=1 history_calls=1 history_bytes=6144 history_success=1 history_fail=0 x_calls=4 x_bytes=16128 x_success=4 x_fail=0 kb_calls=0 kb_bytes=0 kb_success=0 kb_fail=0 total=5 injected=0 history_level=0 x_level=1 kb_level=-1 shape_bad=0 x_each_worker_once=1
CASE_PASS m=63 n=9 sve16_entries=0 expected=0 old_entries=0 packed_entries=0 packed_expected=0 wide_entries=0 wide_expected=0 wrapper_entries=0 wrapper_expected=0
ARGUMENTS_PASS m=63 n=9 calls=0 bad=0 expected_panel_stride=504
ALLOC_PASS m=63 n=17 small=1 wide_path=0 history_expected=1 history_calls=1 history_bytes=6144 history_success=1 history_fail=0 x_calls=4 x_bytes=16128 x_success=4 x_fail=0 kb_calls=0 kb_bytes=0 kb_success=0 kb_fail=0 total=5 injected=0 history_level=0 x_level=1 kb_level=-1 shape_bad=0 x_each_worker_once=1
CASE_PASS m=63 n=17 sve16_entries=0 expected=0 old_entries=0 packed_entries=0 packed_expected=0 wide_entries=0 wide_expected=0 wrapper_entries=0 wrapper_expected=0
ARGUMENTS_PASS m=63 n=17 calls=0 bad=0 expected_panel_stride=504
ALLOC_PASS m=64 n=1 small=1 wide_path=0 history_expected=1 history_calls=1 history_bytes=12288 history_success=1 history_fail=0 x_calls=4 x_bytes=16384 x_success=4 x_fail=0 kb_calls=0 kb_bytes=0 kb_success=0 kb_fail=0 total=5 injected=0 history_level=0 x_level=1 kb_level=-1 shape_bad=0 x_each_worker_once=1
CASE_PASS m=64 n=1 sve16_entries=0 expected=0 old_entries=0 packed_entries=0 packed_expected=0 wide_entries=0 wide_expected=0 wrapper_entries=0 wrapper_expected=0
ARGUMENTS_PASS m=64 n=1 calls=0 bad=0 expected_panel_stride=512
ALLOC_PASS m=64 n=7 small=1 wide_path=0 history_expected=1 history_calls=1 history_bytes=12288 history_success=1 history_fail=0 x_calls=4 x_bytes=16384 x_success=4 x_fail=0 kb_calls=0 kb_bytes=0 kb_success=0 kb_fail=0 total=5 injected=0 history_level=0 x_level=1 kb_level=-1 shape_bad=0 x_each_worker_once=1
CASE_PASS m=64 n=7 sve16_entries=0 expected=0 old_entries=0 packed_entries=0 packed_expected=0 wide_entries=0 wide_expected=0 wrapper_entries=0 wrapper_expected=0
ARGUMENTS_PASS m=64 n=7 calls=0 bad=0 expected_panel_stride=512
ALLOC_PASS m=64 n=8 small=1 wide_path=0 history_expected=1 history_calls=1 history_bytes=12288 history_success=1 history_fail=0 x_calls=4 x_bytes=16384 x_success=4 x_fail=0 kb_calls=0 kb_bytes=0 kb_success=0 kb_fail=0 total=5 injected=0 history_level=0 x_level=1 kb_level=-1 shape_bad=0 x_each_worker_once=1
CASE_PASS m=64 n=8 sve16_entries=0 expected=0 old_entries=0 packed_entries=0 packed_expected=0 wide_entries=0 wide_expected=0 wrapper_entries=0 wrapper_expected=0
ARGUMENTS_PASS m=64 n=8 calls=0 bad=0 expected_panel_stride=512
ALLOC_PASS m=64 n=9 small=1 wide_path=0 history_expected=1 history_calls=1 history_bytes=12288 history_success=1 history_fail=0 x_calls=4 x_bytes=16384 x_success=4 x_fail=0 kb_calls=0 kb_bytes=0 kb_success=0 kb_fail=0 total=5 injected=0 history_level=0 x_level=1 kb_level=-1 shape_bad=0 x_each_worker_once=1
CASE_PASS m=64 n=9 sve16_entries=0 expected=0 old_entries=0 packed_entries=0 packed_expected=0 wide_entries=0 wide_expected=0 wrapper_entries=0 wrapper_expected=0
ARGUMENTS_PASS m=64 n=9 calls=0 bad=0 expected_panel_stride=512
ALLOC_PASS m=64 n=17 small=1 wide_path=0 history_expected=1 history_calls=1 history_bytes=12288 history_success=1 history_fail=0 x_calls=4 x_bytes=16384 x_success=4 x_fail=0 kb_calls=0 kb_bytes=0 kb_success=0 kb_fail=0 total=5 injected=0 history_level=0 x_level=1 kb_level=-1 shape_bad=0 x_each_worker_once=1
CASE_PASS m=64 n=17 sve16_entries=0 expected=0 old_entries=0 packed_entries=0 packed_expected=0 wide_entries=0 wide_expected=0 wrapper_entries=0 wrapper_expected=0
ARGUMENTS_PASS m=64 n=17 calls=0 bad=0 expected_panel_stride=512
ALLOC_PASS m=65 n=1 small=1 wide_path=0 history_expected=1 history_calls=1 history_bytes=12288 history_success=1 history_fail=0 x_calls=4 x_bytes=16640 x_success=4 x_fail=0 kb_calls=0 kb_bytes=0 kb_success=0 kb_fail=0 total=5 injected=0 history_level=0 x_level=1 kb_level=-1 shape_bad=0 x_each_worker_once=1
CASE_PASS m=65 n=1 sve16_entries=0 expected=0 old_entries=0 packed_entries=0 packed_expected=0 wide_entries=0 wide_expected=0 wrapper_entries=0 wrapper_expected=0
ARGUMENTS_PASS m=65 n=1 calls=0 bad=0 expected_panel_stride=520
ALLOC_PASS m=65 n=7 small=1 wide_path=0 history_expected=1 history_calls=1 history_bytes=12288 history_success=1 history_fail=0 x_calls=4 x_bytes=16640 x_success=4 x_fail=0 kb_calls=0 kb_bytes=0 kb_success=0 kb_fail=0 total=5 injected=0 history_level=0 x_level=1 kb_level=-1 shape_bad=0 x_each_worker_once=1
CASE_PASS m=65 n=7 sve16_entries=0 expected=0 old_entries=0 packed_entries=0 packed_expected=0 wide_entries=0 wide_expected=0 wrapper_entries=0 wrapper_expected=0
ARGUMENTS_PASS m=65 n=7 calls=0 bad=0 expected_panel_stride=520
ALLOC_PASS m=65 n=8 small=1 wide_path=0 history_expected=1 history_calls=1 history_bytes=12288 history_success=1 history_fail=0 x_calls=4 x_bytes=16640 x_success=4 x_fail=0 kb_calls=0 kb_bytes=0 kb_success=0 kb_fail=0 total=5 injected=0 history_level=0 x_level=1 kb_level=-1 shape_bad=0 x_each_worker_once=1
CASE_PASS m=65 n=8 sve16_entries=0 expected=0 old_entries=0 packed_entries=0 packed_expected=0 wide_entries=0 wide_expected=0 wrapper_entries=0 wrapper_expected=0
ARGUMENTS_PASS m=65 n=8 calls=0 bad=0 expected_panel_stride=520
ALLOC_PASS m=65 n=9 small=1 wide_path=0 history_expected=1 history_calls=1 history_bytes=12288 history_success=1 history_fail=0 x_calls=4 x_bytes=16640 x_success=4 x_fail=0 kb_calls=0 kb_bytes=0 kb_success=0 kb_fail=0 total=5 injected=0 history_level=0 x_level=1 kb_level=-1 shape_bad=0 x_each_worker_once=1
CASE_PASS m=65 n=9 sve16_entries=0 expected=0 old_entries=0 packed_entries=0 packed_expected=0 wide_entries=0 wide_expected=0 wrapper_entries=0 wrapper_expected=0
ARGUMENTS_PASS m=65 n=9 calls=0 bad=0 expected_panel_stride=520
ALLOC_PASS m=65 n=17 small=1 wide_path=0 history_expected=1 history_calls=1 history_bytes=12288 history_success=1 history_fail=0 x_calls=4 x_bytes=16640 x_success=4 x_fail=0 kb_calls=0 kb_bytes=0 kb_success=0 kb_fail=0 total=5 injected=0 history_level=0 x_level=1 kb_level=-1 shape_bad=0 x_each_worker_once=1
CASE_PASS m=65 n=17 sve16_entries=0 expected=0 old_entries=0 packed_entries=0 packed_expected=0 wide_entries=0 wide_expected=0 wrapper_entries=0 wrapper_expected=0
ARGUMENTS_PASS m=65 n=17 calls=0 bad=0 expected_panel_stride=520
ALLOC_PASS m=255 n=1 small=1 wide_path=0 history_expected=1 history_calls=1 history_bytes=215040 history_success=1 history_fail=0 x_calls=4 x_bytes=65280 x_success=4 x_fail=0 kb_calls=0 kb_bytes=0 kb_success=0 kb_fail=0 total=5 injected=0 history_level=0 x_level=1 kb_level=-1 shape_bad=0 x_each_worker_once=1
CASE_PASS m=255 n=1 sve16_entries=0 expected=0 old_entries=0 packed_entries=0 packed_expected=0 wide_entries=0 wide_expected=0 wrapper_entries=0 wrapper_expected=0
ARGUMENTS_PASS m=255 n=1 calls=0 bad=0 expected_panel_stride=2040
ALLOC_PASS m=255 n=7 small=1 wide_path=0 history_expected=1 history_calls=1 history_bytes=215040 history_success=1 history_fail=0 x_calls=4 x_bytes=65280 x_success=4 x_fail=0 kb_calls=0 kb_bytes=0 kb_success=0 kb_fail=0 total=5 injected=0 history_level=0 x_level=1 kb_level=-1 shape_bad=0 x_each_worker_once=1
CASE_PASS m=255 n=7 sve16_entries=0 expected=0 old_entries=0 packed_entries=0 packed_expected=0 wide_entries=0 wide_expected=0 wrapper_entries=0 wrapper_expected=0
ARGUMENTS_PASS m=255 n=7 calls=0 bad=0 expected_panel_stride=2040
ALLOC_PASS m=255 n=8 small=1 wide_path=0 history_expected=1 history_calls=1 history_bytes=215040 history_success=1 history_fail=0 x_calls=4 x_bytes=65280 x_success=4 x_fail=0 kb_calls=0 kb_bytes=0 kb_success=0 kb_fail=0 total=5 injected=0 history_level=0 x_level=1 kb_level=-1 shape_bad=0 x_each_worker_once=1
CASE_PASS m=255 n=8 sve16_entries=0 expected=0 old_entries=0 packed_entries=0 packed_expected=0 wide_entries=0 wide_expected=0 wrapper_entries=0 wrapper_expected=0
ARGUMENTS_PASS m=255 n=8 calls=0 bad=0 expected_panel_stride=2040
ALLOC_PASS m=255 n=9 small=1 wide_path=0 history_expected=1 history_calls=1 history_bytes=215040 history_success=1 history_fail=0 x_calls=4 x_bytes=65280 x_success=4 x_fail=0 kb_calls=0 kb_bytes=0 kb_success=0 kb_fail=0 total=5 injected=0 history_level=0 x_level=1 kb_level=-1 shape_bad=0 x_each_worker_once=1
CASE_PASS m=255 n=9 sve16_entries=0 expected=0 old_entries=0 packed_entries=0 packed_expected=0 wide_entries=0 wide_expected=0 wrapper_entries=0 wrapper_expected=0
ARGUMENTS_PASS m=255 n=9 calls=0 bad=0 expected_panel_stride=2040
ALLOC_PASS m=255 n=17 small=1 wide_path=0 history_expected=1 history_calls=1 history_bytes=215040 history_success=1 history_fail=0 x_calls=4 x_bytes=65280 x_success=4 x_fail=0 kb_calls=0 kb_bytes=0 kb_success=0 kb_fail=0 total=5 injected=0 history_level=0 x_level=1 kb_level=-1 shape_bad=0 x_each_worker_once=1
CASE_PASS m=255 n=17 sve16_entries=0 expected=0 old_entries=0 packed_entries=0 packed_expected=0 wide_entries=0 wide_expected=0 wrapper_entries=0 wrapper_expected=0
ARGUMENTS_PASS m=255 n=17 calls=0 bad=0 expected_panel_stride=2040
ALLOC_PASS m=256 n=1 small=1 wide_path=0 history_expected=1 history_calls=1 history_bytes=245760 history_success=1 history_fail=0 x_calls=4 x_bytes=65536 x_success=4 x_fail=0 kb_calls=0 kb_bytes=0 kb_success=0 kb_fail=0 total=5 injected=0 history_level=0 x_level=1 kb_level=-1 shape_bad=0 x_each_worker_once=1
CASE_PASS m=256 n=1 sve16_entries=0 expected=0 old_entries=0 packed_entries=0 packed_expected=0 wide_entries=0 wide_expected=0 wrapper_entries=0 wrapper_expected=0
ARGUMENTS_PASS m=256 n=1 calls=0 bad=0 expected_panel_stride=2048
ALLOC_PASS m=256 n=7 small=1 wide_path=0 history_expected=1 history_calls=1 history_bytes=245760 history_success=1 history_fail=0 x_calls=4 x_bytes=65536 x_success=4 x_fail=0 kb_calls=0 kb_bytes=0 kb_success=0 kb_fail=0 total=5 injected=0 history_level=0 x_level=1 kb_level=-1 shape_bad=0 x_each_worker_once=1
CASE_PASS m=256 n=7 sve16_entries=0 expected=0 old_entries=0 packed_entries=0 packed_expected=0 wide_entries=0 wide_expected=0 wrapper_entries=0 wrapper_expected=0
ARGUMENTS_PASS m=256 n=7 calls=0 bad=0 expected_panel_stride=2048
ALLOC_PASS m=256 n=8 small=1 wide_path=0 history_expected=1 history_calls=1 history_bytes=245760 history_success=1 history_fail=0 x_calls=4 x_bytes=65536 x_success=4 x_fail=0 kb_calls=0 kb_bytes=0 kb_success=0 kb_fail=0 total=5 injected=0 history_level=0 x_level=1 kb_level=-1 shape_bad=0 x_each_worker_once=1
CASE_PASS m=256 n=8 sve16_entries=0 expected=0 old_entries=0 packed_entries=0 packed_expected=0 wide_entries=0 wide_expected=0 wrapper_entries=0 wrapper_expected=0
ARGUMENTS_PASS m=256 n=8 calls=0 bad=0 expected_panel_stride=2048
ALLOC_PASS m=256 n=9 small=1 wide_path=0 history_expected=1 history_calls=1 history_bytes=245760 history_success=1 history_fail=0 x_calls=4 x_bytes=65536 x_success=4 x_fail=0 kb_calls=0 kb_bytes=0 kb_success=0 kb_fail=0 total=5 injected=0 history_level=0 x_level=1 kb_level=-1 shape_bad=0 x_each_worker_once=1
CASE_PASS m=256 n=9 sve16_entries=0 expected=0 old_entries=0 packed_entries=0 packed_expected=0 wide_entries=0 wide_expected=0 wrapper_entries=0 wrapper_expected=0
ARGUMENTS_PASS m=256 n=9 calls=0 bad=0 expected_panel_stride=2048
ALLOC_PASS m=256 n=17 small=1 wide_path=0 history_expected=1 history_calls=1 history_bytes=245760 history_success=1 history_fail=0 x_calls=4 x_bytes=65536 x_success=4 x_fail=0 kb_calls=0 kb_bytes=0 kb_success=0 kb_fail=0 total=5 injected=0 history_level=0 x_level=1 kb_level=-1 shape_bad=0 x_each_worker_once=1
CASE_PASS m=256 n=17 sve16_entries=0 expected=0 old_entries=0 packed_entries=0 packed_expected=0 wide_entries=0 wide_expected=0 wrapper_entries=0 wrapper_expected=0
ARGUMENTS_PASS m=256 n=17 calls=0 bad=0 expected_panel_stride=2048
ALLOC_PASS m=257 n=1 small=1 wide_path=0 history_expected=1 history_calls=1 history_bytes=245760 history_success=1 history_fail=0 x_calls=4 x_bytes=65792 x_success=4 x_fail=0 kb_calls=0 kb_bytes=0 kb_success=0 kb_fail=0 total=5 injected=0 history_level=0 x_level=1 kb_level=-1 shape_bad=0 x_each_worker_once=1
CASE_PASS m=257 n=1 sve16_entries=0 expected=0 old_entries=0 packed_entries=0 packed_expected=0 wide_entries=0 wide_expected=0 wrapper_entries=0 wrapper_expected=0
ARGUMENTS_PASS m=257 n=1 calls=0 bad=0 expected_panel_stride=2056
ALLOC_PASS m=257 n=7 small=1 wide_path=0 history_expected=1 history_calls=1 history_bytes=245760 history_success=1 history_fail=0 x_calls=4 x_bytes=65792 x_success=4 x_fail=0 kb_calls=0 kb_bytes=0 kb_success=0 kb_fail=0 total=5 injected=0 history_level=0 x_level=1 kb_level=-1 shape_bad=0 x_each_worker_once=1
CASE_PASS m=257 n=7 sve16_entries=0 expected=0 old_entries=0 packed_entries=0 packed_expected=0 wide_entries=0 wide_expected=0 wrapper_entries=0 wrapper_expected=0
ARGUMENTS_PASS m=257 n=7 calls=0 bad=0 expected_panel_stride=2056
ALLOC_PASS m=257 n=8 small=1 wide_path=0 history_expected=1 history_calls=1 history_bytes=245760 history_success=1 history_fail=0 x_calls=4 x_bytes=65792 x_success=4 x_fail=0 kb_calls=0 kb_bytes=0 kb_success=0 kb_fail=0 total=5 injected=0 history_level=0 x_level=1 kb_level=-1 shape_bad=0 x_each_worker_once=1
CASE_PASS m=257 n=8 sve16_entries=0 expected=0 old_entries=0 packed_entries=0 packed_expected=0 wide_entries=0 wide_expected=0 wrapper_entries=0 wrapper_expected=0
ARGUMENTS_PASS m=257 n=8 calls=0 bad=0 expected_panel_stride=2056
ALLOC_PASS m=257 n=9 small=1 wide_path=0 history_expected=1 history_calls=1 history_bytes=245760 history_success=1 history_fail=0 x_calls=4 x_bytes=65792 x_success=4 x_fail=0 kb_calls=0 kb_bytes=0 kb_success=0 kb_fail=0 total=5 injected=0 history_level=0 x_level=1 kb_level=-1 shape_bad=0 x_each_worker_once=1
CASE_PASS m=257 n=9 sve16_entries=0 expected=0 old_entries=0 packed_entries=0 packed_expected=0 wide_entries=0 wide_expected=0 wrapper_entries=0 wrapper_expected=0
ARGUMENTS_PASS m=257 n=9 calls=0 bad=0 expected_panel_stride=2056
ALLOC_PASS m=257 n=17 small=1 wide_path=0 history_expected=1 history_calls=1 history_bytes=245760 history_success=1 history_fail=0 x_calls=4 x_bytes=65792 x_success=4 x_fail=0 kb_calls=0 kb_bytes=0 kb_success=0 kb_fail=0 total=5 injected=0 history_level=0 x_level=1 kb_level=-1 shape_bad=0 x_each_worker_once=1
CASE_PASS m=257 n=17 sve16_entries=0 expected=0 old_entries=0 packed_entries=0 packed_expected=0 wide_entries=0 wide_expected=0 wrapper_entries=0 wrapper_expected=0
ARGUMENTS_PASS m=257 n=17 calls=0 bad=0 expected_panel_stride=2056
ALLOCATION_SUMMARY_PASS cases=80 budget_cases=0 shared_injection_cases=0
PASS whole_cases=80 noop_cases=4 non_dyadic_long_double_RHS=1 padding_L_unchanged=1 max_error=1.1102230246251565e-16
SOURCE_FEATURES_PASS panel16=1 packedL16=1 has_budget=1 history_budget_bytes=4194304 panel8x16=1
MODE=shared-fail THREADS=1 NARROW_VL=0 EXPECT_SVE16=1 EXPECT_PACKEDL16=0
ALLOC_PASS m=32 n=1 small=1 wide_path=0 history_expected=1 history_calls=1 history_bytes=2048 history_success=0 history_fail=1 x_calls=1 x_bytes=2048 x_success=1 x_fail=0 kb_calls=0 kb_bytes=0 kb_success=0 kb_fail=0 total=2 injected=1 history_level=0 x_level=1 kb_level=-1 shape_bad=0 x_each_worker_once=1
CASE_PASS m=32 n=1 sve16_entries=2 expected=2 old_entries=2 packed_entries=0 packed_expected=0 wide_entries=0 wide_expected=0 wrapper_entries=0 wrapper_expected=0
ARGUMENTS_PASS m=32 n=1 calls=0 bad=0 expected_panel_stride=256
SHARED_ALLOC_PASS m=32 n=1 calls=2 injected=1 shared_first=1 later_X_success=1
ALLOC_PASS m=32 n=7 small=1 wide_path=0 history_expected=1 history_calls=1 history_bytes=2048 history_success=0 history_fail=1 x_calls=1 x_bytes=2048 x_success=1 x_fail=0 kb_calls=0 kb_bytes=0 kb_success=0 kb_fail=0 total=2 injected=1 history_level=0 x_level=1 kb_level=-1 shape_bad=0 x_each_worker_once=1
CASE_PASS m=32 n=7 sve16_entries=2 expected=2 old_entries=2 packed_entries=0 packed_expected=0 wide_entries=0 wide_expected=0 wrapper_entries=0 wrapper_expected=0
ARGUMENTS_PASS m=32 n=7 calls=0 bad=0 expected_panel_stride=256
SHARED_ALLOC_PASS m=32 n=7 calls=2 injected=1 shared_first=1 later_X_success=1
ALLOC_PASS m=32 n=8 small=1 wide_path=0 history_expected=1 history_calls=1 history_bytes=2048 history_success=0 history_fail=1 x_calls=1 x_bytes=2048 x_success=1 x_fail=0 kb_calls=0 kb_bytes=0 kb_success=0 kb_fail=0 total=2 injected=1 history_level=0 x_level=1 kb_level=-1 shape_bad=0 x_each_worker_once=1
CASE_PASS m=32 n=8 sve16_entries=2 expected=2 old_entries=2 packed_entries=0 packed_expected=0 wide_entries=0 wide_expected=0 wrapper_entries=0 wrapper_expected=0
ARGUMENTS_PASS m=32 n=8 calls=0 bad=0 expected_panel_stride=256
SHARED_ALLOC_PASS m=32 n=8 calls=2 injected=1 shared_first=1 later_X_success=1
ALLOC_PASS m=32 n=9 small=1 wide_path=0 history_expected=1 history_calls=1 history_bytes=2048 history_success=0 history_fail=1 x_calls=1 x_bytes=2048 x_success=1 x_fail=0 kb_calls=0 kb_bytes=0 kb_success=0 kb_fail=0 total=2 injected=1 history_level=0 x_level=1 kb_level=-1 shape_bad=0 x_each_worker_once=1
CASE_PASS m=32 n=9 sve16_entries=4 expected=4 old_entries=4 packed_entries=0 packed_expected=0 wide_entries=0 wide_expected=0 wrapper_entries=0 wrapper_expected=0
ARGUMENTS_PASS m=32 n=9 calls=0 bad=0 expected_panel_stride=256
SHARED_ALLOC_PASS m=32 n=9 calls=2 injected=1 shared_first=1 later_X_success=1
ALLOC_PASS m=32 n=17 small=1 wide_path=0 history_expected=1 history_calls=1 history_bytes=2048 history_success=0 history_fail=1 x_calls=1 x_bytes=2048 x_success=1 x_fail=0 kb_calls=0 kb_bytes=0 kb_success=0 kb_fail=0 total=2 injected=1 history_level=0 x_level=1 kb_level=-1 shape_bad=0 x_each_worker_once=1
CASE_PASS m=32 n=17 sve16_entries=6 expected=6 old_entries=6 packed_entries=0 packed_expected=0 wide_entries=0 wide_expected=0 wrapper_entries=0 wrapper_expected=0
ARGUMENTS_PASS m=32 n=17 calls=0 bad=0 expected_panel_stride=256
SHARED_ALLOC_PASS m=32 n=17 calls=2 injected=1 shared_first=1 later_X_success=1
ALLOC_PASS m=33 n=1 small=1 wide_path=0 history_expected=1 history_calls=1 history_bytes=2048 history_success=0 history_fail=1 x_calls=1 x_bytes=2112 x_success=1 x_fail=0 kb_calls=0 kb_bytes=0 kb_success=0 kb_fail=0 total=2 injected=1 history_level=0 x_level=1 kb_level=-1 shape_bad=0 x_each_worker_once=1
CASE_PASS m=33 n=1 sve16_entries=2 expected=2 old_entries=2 packed_entries=0 packed_expected=0 wide_entries=0 wide_expected=0 wrapper_entries=0 wrapper_expected=0
ARGUMENTS_PASS m=33 n=1 calls=0 bad=0 expected_panel_stride=264
SHARED_ALLOC_PASS m=33 n=1 calls=2 injected=1 shared_first=1 later_X_success=1
ALLOC_PASS m=33 n=7 small=1 wide_path=0 history_expected=1 history_calls=1 history_bytes=2048 history_success=0 history_fail=1 x_calls=1 x_bytes=2112 x_success=1 x_fail=0 kb_calls=0 kb_bytes=0 kb_success=0 kb_fail=0 total=2 injected=1 history_level=0 x_level=1 kb_level=-1 shape_bad=0 x_each_worker_once=1
CASE_PASS m=33 n=7 sve16_entries=2 expected=2 old_entries=2 packed_entries=0 packed_expected=0 wide_entries=0 wide_expected=0 wrapper_entries=0 wrapper_expected=0
ARGUMENTS_PASS m=33 n=7 calls=0 bad=0 expected_panel_stride=264
SHARED_ALLOC_PASS m=33 n=7 calls=2 injected=1 shared_first=1 later_X_success=1
ALLOC_PASS m=33 n=8 small=1 wide_path=0 history_expected=1 history_calls=1 history_bytes=2048 history_success=0 history_fail=1 x_calls=1 x_bytes=2112 x_success=1 x_fail=0 kb_calls=0 kb_bytes=0 kb_success=0 kb_fail=0 total=2 injected=1 history_level=0 x_level=1 kb_level=-1 shape_bad=0 x_each_worker_once=1
CASE_PASS m=33 n=8 sve16_entries=2 expected=2 old_entries=2 packed_entries=0 packed_expected=0 wide_entries=0 wide_expected=0 wrapper_entries=0 wrapper_expected=0
ARGUMENTS_PASS m=33 n=8 calls=0 bad=0 expected_panel_stride=264
SHARED_ALLOC_PASS m=33 n=8 calls=2 injected=1 shared_first=1 later_X_success=1
ALLOC_PASS m=33 n=9 small=1 wide_path=0 history_expected=1 history_calls=1 history_bytes=2048 history_success=0 history_fail=1 x_calls=1 x_bytes=2112 x_success=1 x_fail=0 kb_calls=0 kb_bytes=0 kb_success=0 kb_fail=0 total=2 injected=1 history_level=0 x_level=1 kb_level=-1 shape_bad=0 x_each_worker_once=1
CASE_PASS m=33 n=9 sve16_entries=4 expected=4 old_entries=4 packed_entries=0 packed_expected=0 wide_entries=0 wide_expected=0 wrapper_entries=0 wrapper_expected=0
ARGUMENTS_PASS m=33 n=9 calls=0 bad=0 expected_panel_stride=264
SHARED_ALLOC_PASS m=33 n=9 calls=2 injected=1 shared_first=1 later_X_success=1
ALLOC_PASS m=33 n=17 small=1 wide_path=0 history_expected=1 history_calls=1 history_bytes=2048 history_success=0 history_fail=1 x_calls=1 x_bytes=2112 x_success=1 x_fail=0 kb_calls=0 kb_bytes=0 kb_success=0 kb_fail=0 total=2 injected=1 history_level=0 x_level=1 kb_level=-1 shape_bad=0 x_each_worker_once=1
CASE_PASS m=33 n=17 sve16_entries=6 expected=6 old_entries=6 packed_entries=0 packed_expected=0 wide_entries=0 wide_expected=0 wrapper_entries=0 wrapper_expected=0
ARGUMENTS_PASS m=33 n=17 calls=0 bad=0 expected_panel_stride=264
SHARED_ALLOC_PASS m=33 n=17 calls=2 injected=1 shared_first=1 later_X_success=1
ALLOC_PASS m=63 n=1 small=1 wide_path=0 history_expected=1 history_calls=1 history_bytes=6144 history_success=0 history_fail=1 x_calls=1 x_bytes=4032 x_success=1 x_fail=0 kb_calls=0 kb_bytes=0 kb_success=0 kb_fail=0 total=2 injected=1 history_level=0 x_level=1 kb_level=-1 shape_bad=0 x_each_worker_once=1
CASE_PASS m=63 n=1 sve16_entries=3 expected=3 old_entries=3 packed_entries=0 packed_expected=0 wide_entries=0 wide_expected=0 wrapper_entries=0 wrapper_expected=0
ARGUMENTS_PASS m=63 n=1 calls=0 bad=0 expected_panel_stride=504
SHARED_ALLOC_PASS m=63 n=1 calls=2 injected=1 shared_first=1 later_X_success=1
ALLOC_PASS m=63 n=7 small=1 wide_path=0 history_expected=1 history_calls=1 history_bytes=6144 history_success=0 history_fail=1 x_calls=1 x_bytes=4032 x_success=1 x_fail=0 kb_calls=0 kb_bytes=0 kb_success=0 kb_fail=0 total=2 injected=1 history_level=0 x_level=1 kb_level=-1 shape_bad=0 x_each_worker_once=1
CASE_PASS m=63 n=7 sve16_entries=3 expected=3 old_entries=3 packed_entries=0 packed_expected=0 wide_entries=0 wide_expected=0 wrapper_entries=0 wrapper_expected=0
ARGUMENTS_PASS m=63 n=7 calls=0 bad=0 expected_panel_stride=504
SHARED_ALLOC_PASS m=63 n=7 calls=2 injected=1 shared_first=1 later_X_success=1
ALLOC_PASS m=63 n=8 small=1 wide_path=0 history_expected=1 history_calls=1 history_bytes=6144 history_success=0 history_fail=1 x_calls=1 x_bytes=4032 x_success=1 x_fail=0 kb_calls=0 kb_bytes=0 kb_success=0 kb_fail=0 total=2 injected=1 history_level=0 x_level=1 kb_level=-1 shape_bad=0 x_each_worker_once=1
CASE_PASS m=63 n=8 sve16_entries=3 expected=3 old_entries=3 packed_entries=0 packed_expected=0 wide_entries=0 wide_expected=0 wrapper_entries=0 wrapper_expected=0
ARGUMENTS_PASS m=63 n=8 calls=0 bad=0 expected_panel_stride=504
SHARED_ALLOC_PASS m=63 n=8 calls=2 injected=1 shared_first=1 later_X_success=1
ALLOC_PASS m=63 n=9 small=1 wide_path=0 history_expected=1 history_calls=1 history_bytes=6144 history_success=0 history_fail=1 x_calls=1 x_bytes=4032 x_success=1 x_fail=0 kb_calls=0 kb_bytes=0 kb_success=0 kb_fail=0 total=2 injected=1 history_level=0 x_level=1 kb_level=-1 shape_bad=0 x_each_worker_once=1
CASE_PASS m=63 n=9 sve16_entries=6 expected=6 old_entries=6 packed_entries=0 packed_expected=0 wide_entries=0 wide_expected=0 wrapper_entries=0 wrapper_expected=0
ARGUMENTS_PASS m=63 n=9 calls=0 bad=0 expected_panel_stride=504
SHARED_ALLOC_PASS m=63 n=9 calls=2 injected=1 shared_first=1 later_X_success=1
ALLOC_PASS m=63 n=17 small=1 wide_path=0 history_expected=1 history_calls=1 history_bytes=6144 history_success=0 history_fail=1 x_calls=1 x_bytes=4032 x_success=1 x_fail=0 kb_calls=0 kb_bytes=0 kb_success=0 kb_fail=0 total=2 injected=1 history_level=0 x_level=1 kb_level=-1 shape_bad=0 x_each_worker_once=1
CASE_PASS m=63 n=17 sve16_entries=9 expected=9 old_entries=9 packed_entries=0 packed_expected=0 wide_entries=0 wide_expected=0 wrapper_entries=0 wrapper_expected=0
ARGUMENTS_PASS m=63 n=17 calls=0 bad=0 expected_panel_stride=504
SHARED_ALLOC_PASS m=63 n=17 calls=2 injected=1 shared_first=1 later_X_success=1
ALLOC_PASS m=64 n=1 small=1 wide_path=0 history_expected=1 history_calls=1 history_bytes=12288 history_success=0 history_fail=1 x_calls=1 x_bytes=4096 x_success=1 x_fail=0 kb_calls=0 kb_bytes=0 kb_success=0 kb_fail=0 total=2 injected=1 history_level=0 x_level=1 kb_level=-1 shape_bad=0 x_each_worker_once=1
CASE_PASS m=64 n=1 sve16_entries=4 expected=4 old_entries=4 packed_entries=0 packed_expected=0 wide_entries=0 wide_expected=0 wrapper_entries=0 wrapper_expected=0
ARGUMENTS_PASS m=64 n=1 calls=0 bad=0 expected_panel_stride=512
SHARED_ALLOC_PASS m=64 n=1 calls=2 injected=1 shared_first=1 later_X_success=1
ALLOC_PASS m=64 n=7 small=1 wide_path=0 history_expected=1 history_calls=1 history_bytes=12288 history_success=0 history_fail=1 x_calls=1 x_bytes=4096 x_success=1 x_fail=0 kb_calls=0 kb_bytes=0 kb_success=0 kb_fail=0 total=2 injected=1 history_level=0 x_level=1 kb_level=-1 shape_bad=0 x_each_worker_once=1
CASE_PASS m=64 n=7 sve16_entries=4 expected=4 old_entries=4 packed_entries=0 packed_expected=0 wide_entries=0 wide_expected=0 wrapper_entries=0 wrapper_expected=0
ARGUMENTS_PASS m=64 n=7 calls=0 bad=0 expected_panel_stride=512
SHARED_ALLOC_PASS m=64 n=7 calls=2 injected=1 shared_first=1 later_X_success=1
ALLOC_PASS m=64 n=8 small=1 wide_path=0 history_expected=1 history_calls=1 history_bytes=12288 history_success=0 history_fail=1 x_calls=1 x_bytes=4096 x_success=1 x_fail=0 kb_calls=0 kb_bytes=0 kb_success=0 kb_fail=0 total=2 injected=1 history_level=0 x_level=1 kb_level=-1 shape_bad=0 x_each_worker_once=1
CASE_PASS m=64 n=8 sve16_entries=4 expected=4 old_entries=4 packed_entries=0 packed_expected=0 wide_entries=0 wide_expected=0 wrapper_entries=0 wrapper_expected=0
ARGUMENTS_PASS m=64 n=8 calls=0 bad=0 expected_panel_stride=512
SHARED_ALLOC_PASS m=64 n=8 calls=2 injected=1 shared_first=1 later_X_success=1
ALLOC_PASS m=64 n=9 small=1 wide_path=0 history_expected=1 history_calls=1 history_bytes=12288 history_success=0 history_fail=1 x_calls=1 x_bytes=4096 x_success=1 x_fail=0 kb_calls=0 kb_bytes=0 kb_success=0 kb_fail=0 total=2 injected=1 history_level=0 x_level=1 kb_level=-1 shape_bad=0 x_each_worker_once=1
CASE_PASS m=64 n=9 sve16_entries=8 expected=8 old_entries=8 packed_entries=0 packed_expected=0 wide_entries=0 wide_expected=0 wrapper_entries=0 wrapper_expected=0
ARGUMENTS_PASS m=64 n=9 calls=0 bad=0 expected_panel_stride=512
SHARED_ALLOC_PASS m=64 n=9 calls=2 injected=1 shared_first=1 later_X_success=1
ALLOC_PASS m=64 n=17 small=1 wide_path=0 history_expected=1 history_calls=1 history_bytes=12288 history_success=0 history_fail=1 x_calls=1 x_bytes=4096 x_success=1 x_fail=0 kb_calls=0 kb_bytes=0 kb_success=0 kb_fail=0 total=2 injected=1 history_level=0 x_level=1 kb_level=-1 shape_bad=0 x_each_worker_once=1
CASE_PASS m=64 n=17 sve16_entries=12 expected=12 old_entries=12 packed_entries=0 packed_expected=0 wide_entries=0 wide_expected=0 wrapper_entries=0 wrapper_expected=0
ARGUMENTS_PASS m=64 n=17 calls=0 bad=0 expected_panel_stride=512
SHARED_ALLOC_PASS m=64 n=17 calls=2 injected=1 shared_first=1 later_X_success=1
ALLOC_PASS m=65 n=1 small=1 wide_path=0 history_expected=1 history_calls=1 history_bytes=12288 history_success=0 history_fail=1 x_calls=1 x_bytes=4160 x_success=1 x_fail=0 kb_calls=0 kb_bytes=0 kb_success=0 kb_fail=0 total=2 injected=1 history_level=0 x_level=1 kb_level=-1 shape_bad=0 x_each_worker_once=1
CASE_PASS m=65 n=1 sve16_entries=4 expected=4 old_entries=4 packed_entries=0 packed_expected=0 wide_entries=0 wide_expected=0 wrapper_entries=0 wrapper_expected=0
ARGUMENTS_PASS m=65 n=1 calls=0 bad=0 expected_panel_stride=520
SHARED_ALLOC_PASS m=65 n=1 calls=2 injected=1 shared_first=1 later_X_success=1
ALLOC_PASS m=65 n=7 small=1 wide_path=0 history_expected=1 history_calls=1 history_bytes=12288 history_success=0 history_fail=1 x_calls=1 x_bytes=4160 x_success=1 x_fail=0 kb_calls=0 kb_bytes=0 kb_success=0 kb_fail=0 total=2 injected=1 history_level=0 x_level=1 kb_level=-1 shape_bad=0 x_each_worker_once=1
CASE_PASS m=65 n=7 sve16_entries=4 expected=4 old_entries=4 packed_entries=0 packed_expected=0 wide_entries=0 wide_expected=0 wrapper_entries=0 wrapper_expected=0
ARGUMENTS_PASS m=65 n=7 calls=0 bad=0 expected_panel_stride=520
SHARED_ALLOC_PASS m=65 n=7 calls=2 injected=1 shared_first=1 later_X_success=1
ALLOC_PASS m=65 n=8 small=1 wide_path=0 history_expected=1 history_calls=1 history_bytes=12288 history_success=0 history_fail=1 x_calls=1 x_bytes=4160 x_success=1 x_fail=0 kb_calls=0 kb_bytes=0 kb_success=0 kb_fail=0 total=2 injected=1 history_level=0 x_level=1 kb_level=-1 shape_bad=0 x_each_worker_once=1
CASE_PASS m=65 n=8 sve16_entries=4 expected=4 old_entries=4 packed_entries=0 packed_expected=0 wide_entries=0 wide_expected=0 wrapper_entries=0 wrapper_expected=0
ARGUMENTS_PASS m=65 n=8 calls=0 bad=0 expected_panel_stride=520
SHARED_ALLOC_PASS m=65 n=8 calls=2 injected=1 shared_first=1 later_X_success=1
ALLOC_PASS m=65 n=9 small=1 wide_path=0 history_expected=1 history_calls=1 history_bytes=12288 history_success=0 history_fail=1 x_calls=1 x_bytes=4160 x_success=1 x_fail=0 kb_calls=0 kb_bytes=0 kb_success=0 kb_fail=0 total=2 injected=1 history_level=0 x_level=1 kb_level=-1 shape_bad=0 x_each_worker_once=1
CASE_PASS m=65 n=9 sve16_entries=8 expected=8 old_entries=8 packed_entries=0 packed_expected=0 wide_entries=0 wide_expected=0 wrapper_entries=0 wrapper_expected=0
ARGUMENTS_PASS m=65 n=9 calls=0 bad=0 expected_panel_stride=520
SHARED_ALLOC_PASS m=65 n=9 calls=2 injected=1 shared_first=1 later_X_success=1
ALLOC_PASS m=65 n=17 small=1 wide_path=0 history_expected=1 history_calls=1 history_bytes=12288 history_success=0 history_fail=1 x_calls=1 x_bytes=4160 x_success=1 x_fail=0 kb_calls=0 kb_bytes=0 kb_success=0 kb_fail=0 total=2 injected=1 history_level=0 x_level=1 kb_level=-1 shape_bad=0 x_each_worker_once=1
CASE_PASS m=65 n=17 sve16_entries=12 expected=12 old_entries=12 packed_entries=0 packed_expected=0 wide_entries=0 wide_expected=0 wrapper_entries=0 wrapper_expected=0
ARGUMENTS_PASS m=65 n=17 calls=0 bad=0 expected_panel_stride=520
SHARED_ALLOC_PASS m=65 n=17 calls=2 injected=1 shared_first=1 later_X_success=1
ALLOC_PASS m=255 n=1 small=1 wide_path=0 history_expected=1 history_calls=1 history_bytes=215040 history_success=0 history_fail=1 x_calls=1 x_bytes=16320 x_success=1 x_fail=0 kb_calls=0 kb_bytes=0 kb_success=0 kb_fail=0 total=2 injected=1 history_level=0 x_level=1 kb_level=-1 shape_bad=0 x_each_worker_once=1
CASE_PASS m=255 n=1 sve16_entries=15 expected=15 old_entries=15 packed_entries=0 packed_expected=0 wide_entries=0 wide_expected=0 wrapper_entries=0 wrapper_expected=0
ARGUMENTS_PASS m=255 n=1 calls=0 bad=0 expected_panel_stride=2040
SHARED_ALLOC_PASS m=255 n=1 calls=2 injected=1 shared_first=1 later_X_success=1
ALLOC_PASS m=255 n=7 small=1 wide_path=0 history_expected=1 history_calls=1 history_bytes=215040 history_success=0 history_fail=1 x_calls=1 x_bytes=16320 x_success=1 x_fail=0 kb_calls=0 kb_bytes=0 kb_success=0 kb_fail=0 total=2 injected=1 history_level=0 x_level=1 kb_level=-1 shape_bad=0 x_each_worker_once=1
CASE_PASS m=255 n=7 sve16_entries=15 expected=15 old_entries=15 packed_entries=0 packed_expected=0 wide_entries=0 wide_expected=0 wrapper_entries=0 wrapper_expected=0
ARGUMENTS_PASS m=255 n=7 calls=0 bad=0 expected_panel_stride=2040
SHARED_ALLOC_PASS m=255 n=7 calls=2 injected=1 shared_first=1 later_X_success=1
ALLOC_PASS m=255 n=8 small=1 wide_path=0 history_expected=1 history_calls=1 history_bytes=215040 history_success=0 history_fail=1 x_calls=1 x_bytes=16320 x_success=1 x_fail=0 kb_calls=0 kb_bytes=0 kb_success=0 kb_fail=0 total=2 injected=1 history_level=0 x_level=1 kb_level=-1 shape_bad=0 x_each_worker_once=1
CASE_PASS m=255 n=8 sve16_entries=15 expected=15 old_entries=15 packed_entries=0 packed_expected=0 wide_entries=0 wide_expected=0 wrapper_entries=0 wrapper_expected=0
ARGUMENTS_PASS m=255 n=8 calls=0 bad=0 expected_panel_stride=2040
SHARED_ALLOC_PASS m=255 n=8 calls=2 injected=1 shared_first=1 later_X_success=1
ALLOC_PASS m=255 n=9 small=1 wide_path=0 history_expected=1 history_calls=1 history_bytes=215040 history_success=0 history_fail=1 x_calls=1 x_bytes=16320 x_success=1 x_fail=0 kb_calls=0 kb_bytes=0 kb_success=0 kb_fail=0 total=2 injected=1 history_level=0 x_level=1 kb_level=-1 shape_bad=0 x_each_worker_once=1
CASE_PASS m=255 n=9 sve16_entries=30 expected=30 old_entries=30 packed_entries=0 packed_expected=0 wide_entries=0 wide_expected=0 wrapper_entries=0 wrapper_expected=0
ARGUMENTS_PASS m=255 n=9 calls=0 bad=0 expected_panel_stride=2040
SHARED_ALLOC_PASS m=255 n=9 calls=2 injected=1 shared_first=1 later_X_success=1
ALLOC_PASS m=255 n=17 small=1 wide_path=0 history_expected=1 history_calls=1 history_bytes=215040 history_success=0 history_fail=1 x_calls=1 x_bytes=16320 x_success=1 x_fail=0 kb_calls=0 kb_bytes=0 kb_success=0 kb_fail=0 total=2 injected=1 history_level=0 x_level=1 kb_level=-1 shape_bad=0 x_each_worker_once=1
CASE_PASS m=255 n=17 sve16_entries=45 expected=45 old_entries=45 packed_entries=0 packed_expected=0 wide_entries=0 wide_expected=0 wrapper_entries=0 wrapper_expected=0
ARGUMENTS_PASS m=255 n=17 calls=0 bad=0 expected_panel_stride=2040
SHARED_ALLOC_PASS m=255 n=17 calls=2 injected=1 shared_first=1 later_X_success=1
ALLOC_PASS m=256 n=1 small=1 wide_path=0 history_expected=1 history_calls=1 history_bytes=245760 history_success=0 history_fail=1 x_calls=1 x_bytes=16384 x_success=1 x_fail=0 kb_calls=0 kb_bytes=0 kb_success=0 kb_fail=0 total=2 injected=1 history_level=0 x_level=1 kb_level=-1 shape_bad=0 x_each_worker_once=1
CASE_PASS m=256 n=1 sve16_entries=16 expected=16 old_entries=16 packed_entries=0 packed_expected=0 wide_entries=0 wide_expected=0 wrapper_entries=0 wrapper_expected=0
ARGUMENTS_PASS m=256 n=1 calls=0 bad=0 expected_panel_stride=2048
SHARED_ALLOC_PASS m=256 n=1 calls=2 injected=1 shared_first=1 later_X_success=1
ALLOC_PASS m=256 n=7 small=1 wide_path=0 history_expected=1 history_calls=1 history_bytes=245760 history_success=0 history_fail=1 x_calls=1 x_bytes=16384 x_success=1 x_fail=0 kb_calls=0 kb_bytes=0 kb_success=0 kb_fail=0 total=2 injected=1 history_level=0 x_level=1 kb_level=-1 shape_bad=0 x_each_worker_once=1
CASE_PASS m=256 n=7 sve16_entries=16 expected=16 old_entries=16 packed_entries=0 packed_expected=0 wide_entries=0 wide_expected=0 wrapper_entries=0 wrapper_expected=0
ARGUMENTS_PASS m=256 n=7 calls=0 bad=0 expected_panel_stride=2048
SHARED_ALLOC_PASS m=256 n=7 calls=2 injected=1 shared_first=1 later_X_success=1
ALLOC_PASS m=256 n=8 small=1 wide_path=0 history_expected=1 history_calls=1 history_bytes=245760 history_success=0 history_fail=1 x_calls=1 x_bytes=16384 x_success=1 x_fail=0 kb_calls=0 kb_bytes=0 kb_success=0 kb_fail=0 total=2 injected=1 history_level=0 x_level=1 kb_level=-1 shape_bad=0 x_each_worker_once=1
CASE_PASS m=256 n=8 sve16_entries=16 expected=16 old_entries=16 packed_entries=0 packed_expected=0 wide_entries=0 wide_expected=0 wrapper_entries=0 wrapper_expected=0
ARGUMENTS_PASS m=256 n=8 calls=0 bad=0 expected_panel_stride=2048
SHARED_ALLOC_PASS m=256 n=8 calls=2 injected=1 shared_first=1 later_X_success=1
ALLOC_PASS m=256 n=9 small=1 wide_path=0 history_expected=1 history_calls=1 history_bytes=245760 history_success=0 history_fail=1 x_calls=1 x_bytes=16384 x_success=1 x_fail=0 kb_calls=0 kb_bytes=0 kb_success=0 kb_fail=0 total=2 injected=1 history_level=0 x_level=1 kb_level=-1 shape_bad=0 x_each_worker_once=1
CASE_PASS m=256 n=9 sve16_entries=32 expected=32 old_entries=32 packed_entries=0 packed_expected=0 wide_entries=0 wide_expected=0 wrapper_entries=0 wrapper_expected=0
ARGUMENTS_PASS m=256 n=9 calls=0 bad=0 expected_panel_stride=2048
SHARED_ALLOC_PASS m=256 n=9 calls=2 injected=1 shared_first=1 later_X_success=1
ALLOC_PASS m=256 n=17 small=1 wide_path=0 history_expected=1 history_calls=1 history_bytes=245760 history_success=0 history_fail=1 x_calls=1 x_bytes=16384 x_success=1 x_fail=0 kb_calls=0 kb_bytes=0 kb_success=0 kb_fail=0 total=2 injected=1 history_level=0 x_level=1 kb_level=-1 shape_bad=0 x_each_worker_once=1
CASE_PASS m=256 n=17 sve16_entries=48 expected=48 old_entries=48 packed_entries=0 packed_expected=0 wide_entries=0 wide_expected=0 wrapper_entries=0 wrapper_expected=0
ARGUMENTS_PASS m=256 n=17 calls=0 bad=0 expected_panel_stride=2048
SHARED_ALLOC_PASS m=256 n=17 calls=2 injected=1 shared_first=1 later_X_success=1
ALLOC_PASS m=257 n=1 small=1 wide_path=0 history_expected=1 history_calls=1 history_bytes=245760 history_success=0 history_fail=1 x_calls=1 x_bytes=16448 x_success=1 x_fail=0 kb_calls=0 kb_bytes=0 kb_success=0 kb_fail=0 total=2 injected=1 history_level=0 x_level=1 kb_level=-1 shape_bad=0 x_each_worker_once=1
CASE_PASS m=257 n=1 sve16_entries=16 expected=16 old_entries=16 packed_entries=0 packed_expected=0 wide_entries=0 wide_expected=0 wrapper_entries=0 wrapper_expected=0
ARGUMENTS_PASS m=257 n=1 calls=0 bad=0 expected_panel_stride=2056
SHARED_ALLOC_PASS m=257 n=1 calls=2 injected=1 shared_first=1 later_X_success=1
ALLOC_PASS m=257 n=7 small=1 wide_path=0 history_expected=1 history_calls=1 history_bytes=245760 history_success=0 history_fail=1 x_calls=1 x_bytes=16448 x_success=1 x_fail=0 kb_calls=0 kb_bytes=0 kb_success=0 kb_fail=0 total=2 injected=1 history_level=0 x_level=1 kb_level=-1 shape_bad=0 x_each_worker_once=1
CASE_PASS m=257 n=7 sve16_entries=16 expected=16 old_entries=16 packed_entries=0 packed_expected=0 wide_entries=0 wide_expected=0 wrapper_entries=0 wrapper_expected=0
ARGUMENTS_PASS m=257 n=7 calls=0 bad=0 expected_panel_stride=2056
SHARED_ALLOC_PASS m=257 n=7 calls=2 injected=1 shared_first=1 later_X_success=1
ALLOC_PASS m=257 n=8 small=1 wide_path=0 history_expected=1 history_calls=1 history_bytes=245760 history_success=0 history_fail=1 x_calls=1 x_bytes=16448 x_success=1 x_fail=0 kb_calls=0 kb_bytes=0 kb_success=0 kb_fail=0 total=2 injected=1 history_level=0 x_level=1 kb_level=-1 shape_bad=0 x_each_worker_once=1
CASE_PASS m=257 n=8 sve16_entries=16 expected=16 old_entries=16 packed_entries=0 packed_expected=0 wide_entries=0 wide_expected=0 wrapper_entries=0 wrapper_expected=0
ARGUMENTS_PASS m=257 n=8 calls=0 bad=0 expected_panel_stride=2056
SHARED_ALLOC_PASS m=257 n=8 calls=2 injected=1 shared_first=1 later_X_success=1
ALLOC_PASS m=257 n=9 small=1 wide_path=0 history_expected=1 history_calls=1 history_bytes=245760 history_success=0 history_fail=1 x_calls=1 x_bytes=16448 x_success=1 x_fail=0 kb_calls=0 kb_bytes=0 kb_success=0 kb_fail=0 total=2 injected=1 history_level=0 x_level=1 kb_level=-1 shape_bad=0 x_each_worker_once=1
CASE_PASS m=257 n=9 sve16_entries=32 expected=32 old_entries=32 packed_entries=0 packed_expected=0 wide_entries=0 wide_expected=0 wrapper_entries=0 wrapper_expected=0
ARGUMENTS_PASS m=257 n=9 calls=0 bad=0 expected_panel_stride=2056
SHARED_ALLOC_PASS m=257 n=9 calls=2 injected=1 shared_first=1 later_X_success=1
ALLOC_PASS m=257 n=17 small=1 wide_path=0 history_expected=1 history_calls=1 history_bytes=245760 history_success=0 history_fail=1 x_calls=1 x_bytes=16448 x_success=1 x_fail=0 kb_calls=0 kb_bytes=0 kb_success=0 kb_fail=0 total=2 injected=1 history_level=0 x_level=1 kb_level=-1 shape_bad=0 x_each_worker_once=1
CASE_PASS m=257 n=17 sve16_entries=48 expected=48 old_entries=48 packed_entries=0 packed_expected=0 wide_entries=0 wide_expected=0 wrapper_entries=0 wrapper_expected=0
ARGUMENTS_PASS m=257 n=17 calls=0 bad=0 expected_panel_stride=2056
SHARED_ALLOC_PASS m=257 n=17 calls=2 injected=1 shared_first=1 later_X_success=1
ALLOCATION_SUMMARY_PASS cases=40 budget_cases=0 shared_injection_cases=40
PASS whole_cases=40 noop_cases=4 non_dyadic_long_double_RHS=1 padding_L_unchanged=1 max_error=1.1102230246251565e-16
SOURCE_FEATURES_PASS panel16=1 packedL16=1 has_budget=1 history_budget_bytes=4194304 panel8x16=1
MODE=shared-fail THREADS=4 NARROW_VL=0 EXPECT_SVE16=1 EXPECT_PACKEDL16=0
ALLOC_PASS m=32 n=1 small=1 wide_path=0 history_expected=1 history_calls=1 history_bytes=2048 history_success=0 history_fail=1 x_calls=4 x_bytes=8192 x_success=4 x_fail=0 kb_calls=0 kb_bytes=0 kb_success=0 kb_fail=0 total=5 injected=1 history_level=0 x_level=1 kb_level=-1 shape_bad=0 x_each_worker_once=1
CASE_PASS m=32 n=1 sve16_entries=2 expected=2 old_entries=2 packed_entries=0 packed_expected=0 wide_entries=0 wide_expected=0 wrapper_entries=0 wrapper_expected=0
ARGUMENTS_PASS m=32 n=1 calls=0 bad=0 expected_panel_stride=256
SHARED_ALLOC_PASS m=32 n=1 calls=5 injected=1 shared_first=1 later_X_success=4
ALLOC_PASS m=32 n=7 small=1 wide_path=0 history_expected=1 history_calls=1 history_bytes=2048 history_success=0 history_fail=1 x_calls=4 x_bytes=8192 x_success=4 x_fail=0 kb_calls=0 kb_bytes=0 kb_success=0 kb_fail=0 total=5 injected=1 history_level=0 x_level=1 kb_level=-1 shape_bad=0 x_each_worker_once=1
CASE_PASS m=32 n=7 sve16_entries=2 expected=2 old_entries=2 packed_entries=0 packed_expected=0 wide_entries=0 wide_expected=0 wrapper_entries=0 wrapper_expected=0
ARGUMENTS_PASS m=32 n=7 calls=0 bad=0 expected_panel_stride=256
SHARED_ALLOC_PASS m=32 n=7 calls=5 injected=1 shared_first=1 later_X_success=4
ALLOC_PASS m=32 n=8 small=1 wide_path=0 history_expected=1 history_calls=1 history_bytes=2048 history_success=0 history_fail=1 x_calls=4 x_bytes=8192 x_success=4 x_fail=0 kb_calls=0 kb_bytes=0 kb_success=0 kb_fail=0 total=5 injected=1 history_level=0 x_level=1 kb_level=-1 shape_bad=0 x_each_worker_once=1
CASE_PASS m=32 n=8 sve16_entries=2 expected=2 old_entries=2 packed_entries=0 packed_expected=0 wide_entries=0 wide_expected=0 wrapper_entries=0 wrapper_expected=0
ARGUMENTS_PASS m=32 n=8 calls=0 bad=0 expected_panel_stride=256
SHARED_ALLOC_PASS m=32 n=8 calls=5 injected=1 shared_first=1 later_X_success=4
ALLOC_PASS m=32 n=9 small=1 wide_path=0 history_expected=1 history_calls=1 history_bytes=2048 history_success=0 history_fail=1 x_calls=4 x_bytes=8192 x_success=4 x_fail=0 kb_calls=0 kb_bytes=0 kb_success=0 kb_fail=0 total=5 injected=1 history_level=0 x_level=1 kb_level=-1 shape_bad=0 x_each_worker_once=1
CASE_PASS m=32 n=9 sve16_entries=4 expected=4 old_entries=4 packed_entries=0 packed_expected=0 wide_entries=0 wide_expected=0 wrapper_entries=0 wrapper_expected=0
ARGUMENTS_PASS m=32 n=9 calls=0 bad=0 expected_panel_stride=256
SHARED_ALLOC_PASS m=32 n=9 calls=5 injected=1 shared_first=1 later_X_success=4
ALLOC_PASS m=32 n=17 small=1 wide_path=0 history_expected=1 history_calls=1 history_bytes=2048 history_success=0 history_fail=1 x_calls=4 x_bytes=8192 x_success=4 x_fail=0 kb_calls=0 kb_bytes=0 kb_success=0 kb_fail=0 total=5 injected=1 history_level=0 x_level=1 kb_level=-1 shape_bad=0 x_each_worker_once=1
CASE_PASS m=32 n=17 sve16_entries=6 expected=6 old_entries=6 packed_entries=0 packed_expected=0 wide_entries=0 wide_expected=0 wrapper_entries=0 wrapper_expected=0
ARGUMENTS_PASS m=32 n=17 calls=0 bad=0 expected_panel_stride=256
SHARED_ALLOC_PASS m=32 n=17 calls=5 injected=1 shared_first=1 later_X_success=4
ALLOC_PASS m=33 n=1 small=1 wide_path=0 history_expected=1 history_calls=1 history_bytes=2048 history_success=0 history_fail=1 x_calls=4 x_bytes=8448 x_success=4 x_fail=0 kb_calls=0 kb_bytes=0 kb_success=0 kb_fail=0 total=5 injected=1 history_level=0 x_level=1 kb_level=-1 shape_bad=0 x_each_worker_once=1
CASE_PASS m=33 n=1 sve16_entries=2 expected=2 old_entries=2 packed_entries=0 packed_expected=0 wide_entries=0 wide_expected=0 wrapper_entries=0 wrapper_expected=0
ARGUMENTS_PASS m=33 n=1 calls=0 bad=0 expected_panel_stride=264
SHARED_ALLOC_PASS m=33 n=1 calls=5 injected=1 shared_first=1 later_X_success=4
ALLOC_PASS m=33 n=7 small=1 wide_path=0 history_expected=1 history_calls=1 history_bytes=2048 history_success=0 history_fail=1 x_calls=4 x_bytes=8448 x_success=4 x_fail=0 kb_calls=0 kb_bytes=0 kb_success=0 kb_fail=0 total=5 injected=1 history_level=0 x_level=1 kb_level=-1 shape_bad=0 x_each_worker_once=1
CASE_PASS m=33 n=7 sve16_entries=2 expected=2 old_entries=2 packed_entries=0 packed_expected=0 wide_entries=0 wide_expected=0 wrapper_entries=0 wrapper_expected=0
ARGUMENTS_PASS m=33 n=7 calls=0 bad=0 expected_panel_stride=264
SHARED_ALLOC_PASS m=33 n=7 calls=5 injected=1 shared_first=1 later_X_success=4
ALLOC_PASS m=33 n=8 small=1 wide_path=0 history_expected=1 history_calls=1 history_bytes=2048 history_success=0 history_fail=1 x_calls=4 x_bytes=8448 x_success=4 x_fail=0 kb_calls=0 kb_bytes=0 kb_success=0 kb_fail=0 total=5 injected=1 history_level=0 x_level=1 kb_level=-1 shape_bad=0 x_each_worker_once=1
CASE_PASS m=33 n=8 sve16_entries=2 expected=2 old_entries=2 packed_entries=0 packed_expected=0 wide_entries=0 wide_expected=0 wrapper_entries=0 wrapper_expected=0
ARGUMENTS_PASS m=33 n=8 calls=0 bad=0 expected_panel_stride=264
SHARED_ALLOC_PASS m=33 n=8 calls=5 injected=1 shared_first=1 later_X_success=4
ALLOC_PASS m=33 n=9 small=1 wide_path=0 history_expected=1 history_calls=1 history_bytes=2048 history_success=0 history_fail=1 x_calls=4 x_bytes=8448 x_success=4 x_fail=0 kb_calls=0 kb_bytes=0 kb_success=0 kb_fail=0 total=5 injected=1 history_level=0 x_level=1 kb_level=-1 shape_bad=0 x_each_worker_once=1
CASE_PASS m=33 n=9 sve16_entries=4 expected=4 old_entries=4 packed_entries=0 packed_expected=0 wide_entries=0 wide_expected=0 wrapper_entries=0 wrapper_expected=0
ARGUMENTS_PASS m=33 n=9 calls=0 bad=0 expected_panel_stride=264
SHARED_ALLOC_PASS m=33 n=9 calls=5 injected=1 shared_first=1 later_X_success=4
ALLOC_PASS m=33 n=17 small=1 wide_path=0 history_expected=1 history_calls=1 history_bytes=2048 history_success=0 history_fail=1 x_calls=4 x_bytes=8448 x_success=4 x_fail=0 kb_calls=0 kb_bytes=0 kb_success=0 kb_fail=0 total=5 injected=1 history_level=0 x_level=1 kb_level=-1 shape_bad=0 x_each_worker_once=1
CASE_PASS m=33 n=17 sve16_entries=6 expected=6 old_entries=6 packed_entries=0 packed_expected=0 wide_entries=0 wide_expected=0 wrapper_entries=0 wrapper_expected=0
ARGUMENTS_PASS m=33 n=17 calls=0 bad=0 expected_panel_stride=264
SHARED_ALLOC_PASS m=33 n=17 calls=5 injected=1 shared_first=1 later_X_success=4
ALLOC_PASS m=63 n=1 small=1 wide_path=0 history_expected=1 history_calls=1 history_bytes=6144 history_success=0 history_fail=1 x_calls=4 x_bytes=16128 x_success=4 x_fail=0 kb_calls=0 kb_bytes=0 kb_success=0 kb_fail=0 total=5 injected=1 history_level=0 x_level=1 kb_level=-1 shape_bad=0 x_each_worker_once=1
CASE_PASS m=63 n=1 sve16_entries=3 expected=3 old_entries=3 packed_entries=0 packed_expected=0 wide_entries=0 wide_expected=0 wrapper_entries=0 wrapper_expected=0
ARGUMENTS_PASS m=63 n=1 calls=0 bad=0 expected_panel_stride=504
SHARED_ALLOC_PASS m=63 n=1 calls=5 injected=1 shared_first=1 later_X_success=4
ALLOC_PASS m=63 n=7 small=1 wide_path=0 history_expected=1 history_calls=1 history_bytes=6144 history_success=0 history_fail=1 x_calls=4 x_bytes=16128 x_success=4 x_fail=0 kb_calls=0 kb_bytes=0 kb_success=0 kb_fail=0 total=5 injected=1 history_level=0 x_level=1 kb_level=-1 shape_bad=0 x_each_worker_once=1
CASE_PASS m=63 n=7 sve16_entries=3 expected=3 old_entries=3 packed_entries=0 packed_expected=0 wide_entries=0 wide_expected=0 wrapper_entries=0 wrapper_expected=0
ARGUMENTS_PASS m=63 n=7 calls=0 bad=0 expected_panel_stride=504
SHARED_ALLOC_PASS m=63 n=7 calls=5 injected=1 shared_first=1 later_X_success=4
ALLOC_PASS m=63 n=8 small=1 wide_path=0 history_expected=1 history_calls=1 history_bytes=6144 history_success=0 history_fail=1 x_calls=4 x_bytes=16128 x_success=4 x_fail=0 kb_calls=0 kb_bytes=0 kb_success=0 kb_fail=0 total=5 injected=1 history_level=0 x_level=1 kb_level=-1 shape_bad=0 x_each_worker_once=1
CASE_PASS m=63 n=8 sve16_entries=3 expected=3 old_entries=3 packed_entries=0 packed_expected=0 wide_entries=0 wide_expected=0 wrapper_entries=0 wrapper_expected=0
ARGUMENTS_PASS m=63 n=8 calls=0 bad=0 expected_panel_stride=504
SHARED_ALLOC_PASS m=63 n=8 calls=5 injected=1 shared_first=1 later_X_success=4
ALLOC_PASS m=63 n=9 small=1 wide_path=0 history_expected=1 history_calls=1 history_bytes=6144 history_success=0 history_fail=1 x_calls=4 x_bytes=16128 x_success=4 x_fail=0 kb_calls=0 kb_bytes=0 kb_success=0 kb_fail=0 total=5 injected=1 history_level=0 x_level=1 kb_level=-1 shape_bad=0 x_each_worker_once=1
CASE_PASS m=63 n=9 sve16_entries=6 expected=6 old_entries=6 packed_entries=0 packed_expected=0 wide_entries=0 wide_expected=0 wrapper_entries=0 wrapper_expected=0
ARGUMENTS_PASS m=63 n=9 calls=0 bad=0 expected_panel_stride=504
SHARED_ALLOC_PASS m=63 n=9 calls=5 injected=1 shared_first=1 later_X_success=4
ALLOC_PASS m=63 n=17 small=1 wide_path=0 history_expected=1 history_calls=1 history_bytes=6144 history_success=0 history_fail=1 x_calls=4 x_bytes=16128 x_success=4 x_fail=0 kb_calls=0 kb_bytes=0 kb_success=0 kb_fail=0 total=5 injected=1 history_level=0 x_level=1 kb_level=-1 shape_bad=0 x_each_worker_once=1
CASE_PASS m=63 n=17 sve16_entries=9 expected=9 old_entries=9 packed_entries=0 packed_expected=0 wide_entries=0 wide_expected=0 wrapper_entries=0 wrapper_expected=0
ARGUMENTS_PASS m=63 n=17 calls=0 bad=0 expected_panel_stride=504
SHARED_ALLOC_PASS m=63 n=17 calls=5 injected=1 shared_first=1 later_X_success=4
ALLOC_PASS m=64 n=1 small=1 wide_path=0 history_expected=1 history_calls=1 history_bytes=12288 history_success=0 history_fail=1 x_calls=4 x_bytes=16384 x_success=4 x_fail=0 kb_calls=0 kb_bytes=0 kb_success=0 kb_fail=0 total=5 injected=1 history_level=0 x_level=1 kb_level=-1 shape_bad=0 x_each_worker_once=1
CASE_PASS m=64 n=1 sve16_entries=4 expected=4 old_entries=4 packed_entries=0 packed_expected=0 wide_entries=0 wide_expected=0 wrapper_entries=0 wrapper_expected=0
ARGUMENTS_PASS m=64 n=1 calls=0 bad=0 expected_panel_stride=512
SHARED_ALLOC_PASS m=64 n=1 calls=5 injected=1 shared_first=1 later_X_success=4
ALLOC_PASS m=64 n=7 small=1 wide_path=0 history_expected=1 history_calls=1 history_bytes=12288 history_success=0 history_fail=1 x_calls=4 x_bytes=16384 x_success=4 x_fail=0 kb_calls=0 kb_bytes=0 kb_success=0 kb_fail=0 total=5 injected=1 history_level=0 x_level=1 kb_level=-1 shape_bad=0 x_each_worker_once=1
CASE_PASS m=64 n=7 sve16_entries=4 expected=4 old_entries=4 packed_entries=0 packed_expected=0 wide_entries=0 wide_expected=0 wrapper_entries=0 wrapper_expected=0
ARGUMENTS_PASS m=64 n=7 calls=0 bad=0 expected_panel_stride=512
SHARED_ALLOC_PASS m=64 n=7 calls=5 injected=1 shared_first=1 later_X_success=4
ALLOC_PASS m=64 n=8 small=1 wide_path=0 history_expected=1 history_calls=1 history_bytes=12288 history_success=0 history_fail=1 x_calls=4 x_bytes=16384 x_success=4 x_fail=0 kb_calls=0 kb_bytes=0 kb_success=0 kb_fail=0 total=5 injected=1 history_level=0 x_level=1 kb_level=-1 shape_bad=0 x_each_worker_once=1
CASE_PASS m=64 n=8 sve16_entries=4 expected=4 old_entries=4 packed_entries=0 packed_expected=0 wide_entries=0 wide_expected=0 wrapper_entries=0 wrapper_expected=0
ARGUMENTS_PASS m=64 n=8 calls=0 bad=0 expected_panel_stride=512
SHARED_ALLOC_PASS m=64 n=8 calls=5 injected=1 shared_first=1 later_X_success=4
ALLOC_PASS m=64 n=9 small=1 wide_path=0 history_expected=1 history_calls=1 history_bytes=12288 history_success=0 history_fail=1 x_calls=4 x_bytes=16384 x_success=4 x_fail=0 kb_calls=0 kb_bytes=0 kb_success=0 kb_fail=0 total=5 injected=1 history_level=0 x_level=1 kb_level=-1 shape_bad=0 x_each_worker_once=1
CASE_PASS m=64 n=9 sve16_entries=8 expected=8 old_entries=8 packed_entries=0 packed_expected=0 wide_entries=0 wide_expected=0 wrapper_entries=0 wrapper_expected=0
ARGUMENTS_PASS m=64 n=9 calls=0 bad=0 expected_panel_stride=512
SHARED_ALLOC_PASS m=64 n=9 calls=5 injected=1 shared_first=1 later_X_success=4
ALLOC_PASS m=64 n=17 small=1 wide_path=0 history_expected=1 history_calls=1 history_bytes=12288 history_success=0 history_fail=1 x_calls=4 x_bytes=16384 x_success=4 x_fail=0 kb_calls=0 kb_bytes=0 kb_success=0 kb_fail=0 total=5 injected=1 history_level=0 x_level=1 kb_level=-1 shape_bad=0 x_each_worker_once=1
CASE_PASS m=64 n=17 sve16_entries=12 expected=12 old_entries=12 packed_entries=0 packed_expected=0 wide_entries=0 wide_expected=0 wrapper_entries=0 wrapper_expected=0
ARGUMENTS_PASS m=64 n=17 calls=0 bad=0 expected_panel_stride=512
SHARED_ALLOC_PASS m=64 n=17 calls=5 injected=1 shared_first=1 later_X_success=4
ALLOC_PASS m=65 n=1 small=1 wide_path=0 history_expected=1 history_calls=1 history_bytes=12288 history_success=0 history_fail=1 x_calls=4 x_bytes=16640 x_success=4 x_fail=0 kb_calls=0 kb_bytes=0 kb_success=0 kb_fail=0 total=5 injected=1 history_level=0 x_level=1 kb_level=-1 shape_bad=0 x_each_worker_once=1
CASE_PASS m=65 n=1 sve16_entries=4 expected=4 old_entries=4 packed_entries=0 packed_expected=0 wide_entries=0 wide_expected=0 wrapper_entries=0 wrapper_expected=0
ARGUMENTS_PASS m=65 n=1 calls=0 bad=0 expected_panel_stride=520
SHARED_ALLOC_PASS m=65 n=1 calls=5 injected=1 shared_first=1 later_X_success=4
ALLOC_PASS m=65 n=7 small=1 wide_path=0 history_expected=1 history_calls=1 history_bytes=12288 history_success=0 history_fail=1 x_calls=4 x_bytes=16640 x_success=4 x_fail=0 kb_calls=0 kb_bytes=0 kb_success=0 kb_fail=0 total=5 injected=1 history_level=0 x_level=1 kb_level=-1 shape_bad=0 x_each_worker_once=1
CASE_PASS m=65 n=7 sve16_entries=4 expected=4 old_entries=4 packed_entries=0 packed_expected=0 wide_entries=0 wide_expected=0 wrapper_entries=0 wrapper_expected=0
ARGUMENTS_PASS m=65 n=7 calls=0 bad=0 expected_panel_stride=520
SHARED_ALLOC_PASS m=65 n=7 calls=5 injected=1 shared_first=1 later_X_success=4
ALLOC_PASS m=65 n=8 small=1 wide_path=0 history_expected=1 history_calls=1 history_bytes=12288 history_success=0 history_fail=1 x_calls=4 x_bytes=16640 x_success=4 x_fail=0 kb_calls=0 kb_bytes=0 kb_success=0 kb_fail=0 total=5 injected=1 history_level=0 x_level=1 kb_level=-1 shape_bad=0 x_each_worker_once=1
CASE_PASS m=65 n=8 sve16_entries=4 expected=4 old_entries=4 packed_entries=0 packed_expected=0 wide_entries=0 wide_expected=0 wrapper_entries=0 wrapper_expected=0
ARGUMENTS_PASS m=65 n=8 calls=0 bad=0 expected_panel_stride=520
SHARED_ALLOC_PASS m=65 n=8 calls=5 injected=1 shared_first=1 later_X_success=4
ALLOC_PASS m=65 n=9 small=1 wide_path=0 history_expected=1 history_calls=1 history_bytes=12288 history_success=0 history_fail=1 x_calls=4 x_bytes=16640 x_success=4 x_fail=0 kb_calls=0 kb_bytes=0 kb_success=0 kb_fail=0 total=5 injected=1 history_level=0 x_level=1 kb_level=-1 shape_bad=0 x_each_worker_once=1
CASE_PASS m=65 n=9 sve16_entries=8 expected=8 old_entries=8 packed_entries=0 packed_expected=0 wide_entries=0 wide_expected=0 wrapper_entries=0 wrapper_expected=0
ARGUMENTS_PASS m=65 n=9 calls=0 bad=0 expected_panel_stride=520
SHARED_ALLOC_PASS m=65 n=9 calls=5 injected=1 shared_first=1 later_X_success=4
ALLOC_PASS m=65 n=17 small=1 wide_path=0 history_expected=1 history_calls=1 history_bytes=12288 history_success=0 history_fail=1 x_calls=4 x_bytes=16640 x_success=4 x_fail=0 kb_calls=0 kb_bytes=0 kb_success=0 kb_fail=0 total=5 injected=1 history_level=0 x_level=1 kb_level=-1 shape_bad=0 x_each_worker_once=1
CASE_PASS m=65 n=17 sve16_entries=12 expected=12 old_entries=12 packed_entries=0 packed_expected=0 wide_entries=0 wide_expected=0 wrapper_entries=0 wrapper_expected=0
ARGUMENTS_PASS m=65 n=17 calls=0 bad=0 expected_panel_stride=520
SHARED_ALLOC_PASS m=65 n=17 calls=5 injected=1 shared_first=1 later_X_success=4
ALLOC_PASS m=255 n=1 small=1 wide_path=0 history_expected=1 history_calls=1 history_bytes=215040 history_success=0 history_fail=1 x_calls=4 x_bytes=65280 x_success=4 x_fail=0 kb_calls=0 kb_bytes=0 kb_success=0 kb_fail=0 total=5 injected=1 history_level=0 x_level=1 kb_level=-1 shape_bad=0 x_each_worker_once=1
CASE_PASS m=255 n=1 sve16_entries=15 expected=15 old_entries=15 packed_entries=0 packed_expected=0 wide_entries=0 wide_expected=0 wrapper_entries=0 wrapper_expected=0
ARGUMENTS_PASS m=255 n=1 calls=0 bad=0 expected_panel_stride=2040
SHARED_ALLOC_PASS m=255 n=1 calls=5 injected=1 shared_first=1 later_X_success=4
ALLOC_PASS m=255 n=7 small=1 wide_path=0 history_expected=1 history_calls=1 history_bytes=215040 history_success=0 history_fail=1 x_calls=4 x_bytes=65280 x_success=4 x_fail=0 kb_calls=0 kb_bytes=0 kb_success=0 kb_fail=0 total=5 injected=1 history_level=0 x_level=1 kb_level=-1 shape_bad=0 x_each_worker_once=1
CASE_PASS m=255 n=7 sve16_entries=15 expected=15 old_entries=15 packed_entries=0 packed_expected=0 wide_entries=0 wide_expected=0 wrapper_entries=0 wrapper_expected=0
ARGUMENTS_PASS m=255 n=7 calls=0 bad=0 expected_panel_stride=2040
SHARED_ALLOC_PASS m=255 n=7 calls=5 injected=1 shared_first=1 later_X_success=4
ALLOC_PASS m=255 n=8 small=1 wide_path=0 history_expected=1 history_calls=1 history_bytes=215040 history_success=0 history_fail=1 x_calls=4 x_bytes=65280 x_success=4 x_fail=0 kb_calls=0 kb_bytes=0 kb_success=0 kb_fail=0 total=5 injected=1 history_level=0 x_level=1 kb_level=-1 shape_bad=0 x_each_worker_once=1
CASE_PASS m=255 n=8 sve16_entries=15 expected=15 old_entries=15 packed_entries=0 packed_expected=0 wide_entries=0 wide_expected=0 wrapper_entries=0 wrapper_expected=0
ARGUMENTS_PASS m=255 n=8 calls=0 bad=0 expected_panel_stride=2040
SHARED_ALLOC_PASS m=255 n=8 calls=5 injected=1 shared_first=1 later_X_success=4
ALLOC_PASS m=255 n=9 small=1 wide_path=0 history_expected=1 history_calls=1 history_bytes=215040 history_success=0 history_fail=1 x_calls=4 x_bytes=65280 x_success=4 x_fail=0 kb_calls=0 kb_bytes=0 kb_success=0 kb_fail=0 total=5 injected=1 history_level=0 x_level=1 kb_level=-1 shape_bad=0 x_each_worker_once=1
CASE_PASS m=255 n=9 sve16_entries=30 expected=30 old_entries=30 packed_entries=0 packed_expected=0 wide_entries=0 wide_expected=0 wrapper_entries=0 wrapper_expected=0
ARGUMENTS_PASS m=255 n=9 calls=0 bad=0 expected_panel_stride=2040
SHARED_ALLOC_PASS m=255 n=9 calls=5 injected=1 shared_first=1 later_X_success=4
ALLOC_PASS m=255 n=17 small=1 wide_path=0 history_expected=1 history_calls=1 history_bytes=215040 history_success=0 history_fail=1 x_calls=4 x_bytes=65280 x_success=4 x_fail=0 kb_calls=0 kb_bytes=0 kb_success=0 kb_fail=0 total=5 injected=1 history_level=0 x_level=1 kb_level=-1 shape_bad=0 x_each_worker_once=1
CASE_PASS m=255 n=17 sve16_entries=45 expected=45 old_entries=45 packed_entries=0 packed_expected=0 wide_entries=0 wide_expected=0 wrapper_entries=0 wrapper_expected=0
ARGUMENTS_PASS m=255 n=17 calls=0 bad=0 expected_panel_stride=2040
SHARED_ALLOC_PASS m=255 n=17 calls=5 injected=1 shared_first=1 later_X_success=4
ALLOC_PASS m=256 n=1 small=1 wide_path=0 history_expected=1 history_calls=1 history_bytes=245760 history_success=0 history_fail=1 x_calls=4 x_bytes=65536 x_success=4 x_fail=0 kb_calls=0 kb_bytes=0 kb_success=0 kb_fail=0 total=5 injected=1 history_level=0 x_level=1 kb_level=-1 shape_bad=0 x_each_worker_once=1
CASE_PASS m=256 n=1 sve16_entries=16 expected=16 old_entries=16 packed_entries=0 packed_expected=0 wide_entries=0 wide_expected=0 wrapper_entries=0 wrapper_expected=0
ARGUMENTS_PASS m=256 n=1 calls=0 bad=0 expected_panel_stride=2048
SHARED_ALLOC_PASS m=256 n=1 calls=5 injected=1 shared_first=1 later_X_success=4
ALLOC_PASS m=256 n=7 small=1 wide_path=0 history_expected=1 history_calls=1 history_bytes=245760 history_success=0 history_fail=1 x_calls=4 x_bytes=65536 x_success=4 x_fail=0 kb_calls=0 kb_bytes=0 kb_success=0 kb_fail=0 total=5 injected=1 history_level=0 x_level=1 kb_level=-1 shape_bad=0 x_each_worker_once=1
CASE_PASS m=256 n=7 sve16_entries=16 expected=16 old_entries=16 packed_entries=0 packed_expected=0 wide_entries=0 wide_expected=0 wrapper_entries=0 wrapper_expected=0
ARGUMENTS_PASS m=256 n=7 calls=0 bad=0 expected_panel_stride=2048
SHARED_ALLOC_PASS m=256 n=7 calls=5 injected=1 shared_first=1 later_X_success=4
ALLOC_PASS m=256 n=8 small=1 wide_path=0 history_expected=1 history_calls=1 history_bytes=245760 history_success=0 history_fail=1 x_calls=4 x_bytes=65536 x_success=4 x_fail=0 kb_calls=0 kb_bytes=0 kb_success=0 kb_fail=0 total=5 injected=1 history_level=0 x_level=1 kb_level=-1 shape_bad=0 x_each_worker_once=1
CASE_PASS m=256 n=8 sve16_entries=16 expected=16 old_entries=16 packed_entries=0 packed_expected=0 wide_entries=0 wide_expected=0 wrapper_entries=0 wrapper_expected=0
ARGUMENTS_PASS m=256 n=8 calls=0 bad=0 expected_panel_stride=2048
SHARED_ALLOC_PASS m=256 n=8 calls=5 injected=1 shared_first=1 later_X_success=4
ALLOC_PASS m=256 n=9 small=1 wide_path=0 history_expected=1 history_calls=1 history_bytes=245760 history_success=0 history_fail=1 x_calls=4 x_bytes=65536 x_success=4 x_fail=0 kb_calls=0 kb_bytes=0 kb_success=0 kb_fail=0 total=5 injected=1 history_level=0 x_level=1 kb_level=-1 shape_bad=0 x_each_worker_once=1
CASE_PASS m=256 n=9 sve16_entries=32 expected=32 old_entries=32 packed_entries=0 packed_expected=0 wide_entries=0 wide_expected=0 wrapper_entries=0 wrapper_expected=0
ARGUMENTS_PASS m=256 n=9 calls=0 bad=0 expected_panel_stride=2048
SHARED_ALLOC_PASS m=256 n=9 calls=5 injected=1 shared_first=1 later_X_success=4
ALLOC_PASS m=256 n=17 small=1 wide_path=0 history_expected=1 history_calls=1 history_bytes=245760 history_success=0 history_fail=1 x_calls=4 x_bytes=65536 x_success=4 x_fail=0 kb_calls=0 kb_bytes=0 kb_success=0 kb_fail=0 total=5 injected=1 history_level=0 x_level=1 kb_level=-1 shape_bad=0 x_each_worker_once=1
CASE_PASS m=256 n=17 sve16_entries=48 expected=48 old_entries=48 packed_entries=0 packed_expected=0 wide_entries=0 wide_expected=0 wrapper_entries=0 wrapper_expected=0
ARGUMENTS_PASS m=256 n=17 calls=0 bad=0 expected_panel_stride=2048
SHARED_ALLOC_PASS m=256 n=17 calls=5 injected=1 shared_first=1 later_X_success=4
ALLOC_PASS m=257 n=1 small=1 wide_path=0 history_expected=1 history_calls=1 history_bytes=245760 history_success=0 history_fail=1 x_calls=4 x_bytes=65792 x_success=4 x_fail=0 kb_calls=0 kb_bytes=0 kb_success=0 kb_fail=0 total=5 injected=1 history_level=0 x_level=1 kb_level=-1 shape_bad=0 x_each_worker_once=1
CASE_PASS m=257 n=1 sve16_entries=16 expected=16 old_entries=16 packed_entries=0 packed_expected=0 wide_entries=0 wide_expected=0 wrapper_entries=0 wrapper_expected=0
ARGUMENTS_PASS m=257 n=1 calls=0 bad=0 expected_panel_stride=2056
SHARED_ALLOC_PASS m=257 n=1 calls=5 injected=1 shared_first=1 later_X_success=4
ALLOC_PASS m=257 n=7 small=1 wide_path=0 history_expected=1 history_calls=1 history_bytes=245760 history_success=0 history_fail=1 x_calls=4 x_bytes=65792 x_success=4 x_fail=0 kb_calls=0 kb_bytes=0 kb_success=0 kb_fail=0 total=5 injected=1 history_level=0 x_level=1 kb_level=-1 shape_bad=0 x_each_worker_once=1
CASE_PASS m=257 n=7 sve16_entries=16 expected=16 old_entries=16 packed_entries=0 packed_expected=0 wide_entries=0 wide_expected=0 wrapper_entries=0 wrapper_expected=0
ARGUMENTS_PASS m=257 n=7 calls=0 bad=0 expected_panel_stride=2056
SHARED_ALLOC_PASS m=257 n=7 calls=5 injected=1 shared_first=1 later_X_success=4
ALLOC_PASS m=257 n=8 small=1 wide_path=0 history_expected=1 history_calls=1 history_bytes=245760 history_success=0 history_fail=1 x_calls=4 x_bytes=65792 x_success=4 x_fail=0 kb_calls=0 kb_bytes=0 kb_success=0 kb_fail=0 total=5 injected=1 history_level=0 x_level=1 kb_level=-1 shape_bad=0 x_each_worker_once=1
CASE_PASS m=257 n=8 sve16_entries=16 expected=16 old_entries=16 packed_entries=0 packed_expected=0 wide_entries=0 wide_expected=0 wrapper_entries=0 wrapper_expected=0
ARGUMENTS_PASS m=257 n=8 calls=0 bad=0 expected_panel_stride=2056
SHARED_ALLOC_PASS m=257 n=8 calls=5 injected=1 shared_first=1 later_X_success=4
ALLOC_PASS m=257 n=9 small=1 wide_path=0 history_expected=1 history_calls=1 history_bytes=245760 history_success=0 history_fail=1 x_calls=4 x_bytes=65792 x_success=4 x_fail=0 kb_calls=0 kb_bytes=0 kb_success=0 kb_fail=0 total=5 injected=1 history_level=0 x_level=1 kb_level=-1 shape_bad=0 x_each_worker_once=1
CASE_PASS m=257 n=9 sve16_entries=32 expected=32 old_entries=32 packed_entries=0 packed_expected=0 wide_entries=0 wide_expected=0 wrapper_entries=0 wrapper_expected=0
ARGUMENTS_PASS m=257 n=9 calls=0 bad=0 expected_panel_stride=2056
SHARED_ALLOC_PASS m=257 n=9 calls=5 injected=1 shared_first=1 later_X_success=4
ALLOC_PASS m=257 n=17 small=1 wide_path=0 history_expected=1 history_calls=1 history_bytes=245760 history_success=0 history_fail=1 x_calls=4 x_bytes=65792 x_success=4 x_fail=0 kb_calls=0 kb_bytes=0 kb_success=0 kb_fail=0 total=5 injected=1 history_level=0 x_level=1 kb_level=-1 shape_bad=0 x_each_worker_once=1
CASE_PASS m=257 n=17 sve16_entries=48 expected=48 old_entries=48 packed_entries=0 packed_expected=0 wide_entries=0 wide_expected=0 wrapper_entries=0 wrapper_expected=0
ARGUMENTS_PASS m=257 n=17 calls=0 bad=0 expected_panel_stride=2056
SHARED_ALLOC_PASS m=257 n=17 calls=5 injected=1 shared_first=1 later_X_success=4
ALLOCATION_SUMMARY_PASS cases=40 budget_cases=0 shared_injection_cases=40
PASS whole_cases=40 noop_cases=4 non_dyadic_long_double_RHS=1 padding_L_unchanged=1 max_error=1.1102230246251565e-16
SOURCE_FEATURES_PASS panel16=1 packedL16=1 has_budget=1 history_budget_bytes=4194304 panel8x16=1
MODE=budget THREADS=1 NARROW_VL=0 EXPECT_SVE16=1 EXPECT_PACKEDL16=1
ALLOC_PASS m=1023 n=9 small=1 wide_path=0 history_expected=1 history_calls=1 history_bytes=3999744 history_success=1 history_fail=0 x_calls=1 x_bytes=65472 x_success=1 x_fail=0 kb_calls=0 kb_bytes=0 kb_success=0 kb_fail=0 total=2 injected=0 history_level=0 x_level=1 kb_level=-1 shape_bad=0 x_each_worker_once=1
CASE_PASS m=1023 n=9 sve16_entries=126 expected=126 old_entries=2 packed_entries=124 packed_expected=124 wide_entries=0 wide_expected=0 wrapper_entries=0 wrapper_expected=0
ARGUMENTS_PASS m=1023 n=9 calls=0 bad=0 expected_panel_stride=8184
ALLOC_PASS m=1024 n=9 small=1 wide_path=0 history_expected=1 history_calls=1 history_bytes=4128768 history_success=1 history_fail=0 x_calls=1 x_bytes=65536 x_success=1 x_fail=0 kb_calls=0 kb_bytes=0 kb_success=0 kb_fail=0 total=2 injected=0 history_level=0 x_level=1 kb_level=-1 shape_bad=0 x_each_worker_once=1
CASE_PASS m=1024 n=9 sve16_entries=128 expected=128 old_entries=2 packed_entries=126 packed_expected=126 wide_entries=0 wide_expected=0 wrapper_entries=0 wrapper_expected=0
ARGUMENTS_PASS m=1024 n=9 calls=0 bad=0 expected_panel_stride=8192
ALLOC_PASS m=1039 n=9 small=1 wide_path=0 history_expected=1 history_calls=1 history_bytes=4128768 history_success=1 history_fail=0 x_calls=1 x_bytes=66496 x_success=1 x_fail=0 kb_calls=0 kb_bytes=0 kb_success=0 kb_fail=0 total=2 injected=0 history_level=0 x_level=1 kb_level=-1 shape_bad=0 x_each_worker_once=1
CASE_PASS m=1039 n=9 sve16_entries=128 expected=128 old_entries=2 packed_entries=126 packed_expected=126 wide_entries=0 wide_expected=0 wrapper_entries=0 wrapper_expected=0
ARGUMENTS_PASS m=1039 n=9 calls=0 bad=0 expected_panel_stride=8312
ALLOC_PASS m=1040 n=9 small=1 wide_path=1 history_expected=0 history_calls=0 history_bytes=0 history_success=0 history_fail=0 x_calls=1 x_bytes=133120 x_success=1 x_fail=0 kb_calls=0 kb_bytes=0 kb_success=0 kb_fail=0 total=1 injected=0 history_level=-1 x_level=1 kb_level=-1 shape_bad=0 x_each_worker_once=1
CASE_PASS m=1040 n=9 sve16_entries=130 expected=130 old_entries=130 packed_entries=0 packed_expected=0 wide_entries=0 wide_expected=0 wrapper_entries=1 wrapper_expected=1
ARGUMENTS_PASS m=1040 n=9 calls=0 bad=0 expected_panel_stride=8320
ALLOC_PASS m=1041 n=9 small=1 wide_path=1 history_expected=0 history_calls=0 history_bytes=0 history_success=0 history_fail=0 x_calls=1 x_bytes=133248 x_success=1 x_fail=0 kb_calls=0 kb_bytes=0 kb_success=0 kb_fail=0 total=1 injected=0 history_level=-1 x_level=1 kb_level=-1 shape_bad=0 x_each_worker_once=1
CASE_PASS m=1041 n=9 sve16_entries=130 expected=130 old_entries=130 packed_entries=0 packed_expected=0 wide_entries=0 wide_expected=0 wrapper_entries=1 wrapper_expected=1
ARGUMENTS_PASS m=1041 n=9 calls=0 bad=0 expected_panel_stride=8328
ALLOCATION_SUMMARY_PASS cases=5 budget_cases=5 shared_injection_cases=0
PASS whole_cases=5 noop_cases=4 non_dyadic_long_double_RHS=1 padding_L_unchanged=1 max_error=1.1102230246251565e-16
SOURCE_FEATURES_PASS panel16=1 packedL16=1 has_budget=1 history_budget_bytes=4194304 panel8x16=1
MODE=budget THREADS=4 NARROW_VL=0 EXPECT_SVE16=1 EXPECT_PACKEDL16=1
ALLOC_PASS m=1023 n=9 small=1 wide_path=0 history_expected=1 history_calls=1 history_bytes=3999744 history_success=1 history_fail=0 x_calls=4 x_bytes=261888 x_success=4 x_fail=0 kb_calls=0 kb_bytes=0 kb_success=0 kb_fail=0 total=5 injected=0 history_level=0 x_level=1 kb_level=-1 shape_bad=0 x_each_worker_once=1
CASE_PASS m=1023 n=9 sve16_entries=126 expected=126 old_entries=2 packed_entries=124 packed_expected=124 wide_entries=0 wide_expected=0 wrapper_entries=0 wrapper_expected=0
ARGUMENTS_PASS m=1023 n=9 calls=0 bad=0 expected_panel_stride=8184
ALLOC_PASS m=1024 n=9 small=1 wide_path=0 history_expected=1 history_calls=1 history_bytes=4128768 history_success=1 history_fail=0 x_calls=4 x_bytes=262144 x_success=4 x_fail=0 kb_calls=0 kb_bytes=0 kb_success=0 kb_fail=0 total=5 injected=0 history_level=0 x_level=1 kb_level=-1 shape_bad=0 x_each_worker_once=1
CASE_PASS m=1024 n=9 sve16_entries=128 expected=128 old_entries=2 packed_entries=126 packed_expected=126 wide_entries=0 wide_expected=0 wrapper_entries=0 wrapper_expected=0
ARGUMENTS_PASS m=1024 n=9 calls=0 bad=0 expected_panel_stride=8192
ALLOC_PASS m=1039 n=9 small=1 wide_path=0 history_expected=1 history_calls=1 history_bytes=4128768 history_success=1 history_fail=0 x_calls=4 x_bytes=265984 x_success=4 x_fail=0 kb_calls=0 kb_bytes=0 kb_success=0 kb_fail=0 total=5 injected=0 history_level=0 x_level=1 kb_level=-1 shape_bad=0 x_each_worker_once=1
CASE_PASS m=1039 n=9 sve16_entries=128 expected=128 old_entries=2 packed_entries=126 packed_expected=126 wide_entries=0 wide_expected=0 wrapper_entries=0 wrapper_expected=0
ARGUMENTS_PASS m=1039 n=9 calls=0 bad=0 expected_panel_stride=8312
ALLOC_PASS m=1040 n=9 small=1 wide_path=1 history_expected=0 history_calls=0 history_bytes=0 history_success=0 history_fail=0 x_calls=4 x_bytes=532480 x_success=4 x_fail=0 kb_calls=0 kb_bytes=0 kb_success=0 kb_fail=0 total=4 injected=0 history_level=-1 x_level=1 kb_level=-1 shape_bad=0 x_each_worker_once=1
CASE_PASS m=1040 n=9 sve16_entries=130 expected=130 old_entries=130 packed_entries=0 packed_expected=0 wide_entries=0 wide_expected=0 wrapper_entries=1 wrapper_expected=1
ARGUMENTS_PASS m=1040 n=9 calls=0 bad=0 expected_panel_stride=8320
ALLOC_PASS m=1041 n=9 small=1 wide_path=1 history_expected=0 history_calls=0 history_bytes=0 history_success=0 history_fail=0 x_calls=4 x_bytes=532992 x_success=4 x_fail=0 kb_calls=0 kb_bytes=0 kb_success=0 kb_fail=0 total=4 injected=0 history_level=-1 x_level=1 kb_level=-1 shape_bad=0 x_each_worker_once=1
CASE_PASS m=1041 n=9 sve16_entries=130 expected=130 old_entries=130 packed_entries=0 packed_expected=0 wide_entries=0 wide_expected=0 wrapper_entries=1 wrapper_expected=1
ARGUMENTS_PASS m=1041 n=9 calls=0 bad=0 expected_panel_stride=8328
ALLOCATION_SUMMARY_PASS cases=5 budget_cases=5 shared_injection_cases=0
PASS whole_cases=5 noop_cases=4 non_dyadic_long_double_RHS=1 padding_L_unchanged=1 max_error=1.1102230246251565e-16
SOURCE_FEATURES_PASS panel16=1 packedL16=1 has_budget=1 history_budget_bytes=4194304 panel8x16=1
MODE=budget-smoke THREADS=38 NARROW_VL=0 EXPECT_SVE16=1 EXPECT_PACKEDL16=1
ALLOC_PASS m=1039 n=313 small=1 wide_path=0 history_expected=1 history_calls=1 history_bytes=4128768 history_success=1 history_fail=0 x_calls=38 x_bytes=2526848 x_success=38 x_fail=0 kb_calls=0 kb_bytes=0 kb_success=0 kb_fail=0 total=39 injected=0 history_level=0 x_level=1 kb_level=-1 shape_bad=0 x_each_worker_once=1
CASE_PASS m=1039 n=313 sve16_entries=2560 expected=2560 old_entries=40 packed_entries=2520 packed_expected=2520 wide_entries=0 wide_expected=0 wrapper_entries=0 wrapper_expected=0
ARGUMENTS_PASS m=1039 n=313 calls=0 bad=0 expected_panel_stride=8312
ALLOC_PASS m=1040 n=313 small=1 wide_path=1 history_expected=0 history_calls=0 history_bytes=0 history_success=0 history_fail=0 x_calls=38 x_bytes=5058560 x_success=38 x_fail=0 kb_calls=0 kb_bytes=0 kb_success=0 kb_fail=0 total=38 injected=0 history_level=-1 x_level=1 kb_level=-1 shape_bad=0 x_each_worker_once=1
CASE_PASS m=1040 n=313 sve16_entries=130 expected=130 old_entries=130 packed_entries=0 packed_expected=0 wide_entries=2470 wide_expected=2470 wrapper_entries=1 wrapper_expected=1
ARGUMENTS_PASS m=1040 n=313 calls=2470 bad=0 expected_panel_stride=8320
ALLOCATION_SUMMARY_PASS cases=2 budget_cases=2 shared_injection_cases=0
PASS whole_cases=2 noop_cases=4 non_dyadic_long_double_RHS=1 padding_L_unchanged=1 max_error=1.1102230246251565e-16
SOURCE_FEATURES_PASS panel16=1 packedL16=1 has_budget=1 history_budget_bytes=4194304 panel8x16=1
MODE=budget THREADS=4 NARROW_VL=0 EXPECT_SVE16=0 EXPECT_PACKEDL16=0
ALLOC_PASS m=1023 n=9 small=1 wide_path=0 history_expected=1 history_calls=1 history_bytes=3999744 history_success=1 history_fail=0 x_calls=4 x_bytes=261888 x_success=0 x_fail=4 kb_calls=0 kb_bytes=0 kb_success=0 kb_fail=0 total=5 injected=4 history_level=0 x_level=1 kb_level=-1 shape_bad=0 x_each_worker_once=1
CASE_PASS m=1023 n=9 sve16_entries=0 expected=0 old_entries=0 packed_entries=0 packed_expected=0 wide_entries=0 wide_expected=0 wrapper_entries=0 wrapper_expected=0
ARGUMENTS_PASS m=1023 n=9 calls=0 bad=0 expected_panel_stride=8184
ALLOC_PASS m=1024 n=9 small=1 wide_path=0 history_expected=1 history_calls=1 history_bytes=4128768 history_success=1 history_fail=0 x_calls=4 x_bytes=262144 x_success=0 x_fail=4 kb_calls=0 kb_bytes=0 kb_success=0 kb_fail=0 total=5 injected=4 history_level=0 x_level=1 kb_level=-1 shape_bad=0 x_each_worker_once=1
CASE_PASS m=1024 n=9 sve16_entries=0 expected=0 old_entries=0 packed_entries=0 packed_expected=0 wide_entries=0 wide_expected=0 wrapper_entries=0 wrapper_expected=0
ARGUMENTS_PASS m=1024 n=9 calls=0 bad=0 expected_panel_stride=8192
ALLOC_PASS m=1039 n=9 small=1 wide_path=0 history_expected=1 history_calls=1 history_bytes=4128768 history_success=1 history_fail=0 x_calls=4 x_bytes=265984 x_success=0 x_fail=4 kb_calls=0 kb_bytes=0 kb_success=0 kb_fail=0 total=5 injected=4 history_level=0 x_level=1 kb_level=-1 shape_bad=0 x_each_worker_once=1
CASE_PASS m=1039 n=9 sve16_entries=0 expected=0 old_entries=0 packed_entries=0 packed_expected=0 wide_entries=0 wide_expected=0 wrapper_entries=0 wrapper_expected=0
ARGUMENTS_PASS m=1039 n=9 calls=0 bad=0 expected_panel_stride=8312
ALLOC_PASS m=1040 n=9 small=1 wide_path=1 history_expected=0 history_calls=0 history_bytes=0 history_success=0 history_fail=0 x_calls=4 x_bytes=532480 x_success=0 x_fail=4 kb_calls=0 kb_bytes=0 kb_success=0 kb_fail=0 total=4 injected=4 history_level=-1 x_level=1 kb_level=-1 shape_bad=0 x_each_worker_once=1
CASE_PASS m=1040 n=9 sve16_entries=0 expected=0 old_entries=0 packed_entries=0 packed_expected=0 wide_entries=0 wide_expected=0 wrapper_entries=1 wrapper_expected=1
ARGUMENTS_PASS m=1040 n=9 calls=0 bad=0 expected_panel_stride=8320
ALLOC_PASS m=1041 n=9 small=1 wide_path=1 history_expected=0 history_calls=0 history_bytes=0 history_success=0 history_fail=0 x_calls=4 x_bytes=532992 x_success=0 x_fail=4 kb_calls=0 kb_bytes=0 kb_success=0 kb_fail=0 total=4 injected=4 history_level=-1 x_level=1 kb_level=-1 shape_bad=0 x_each_worker_once=1
CASE_PASS m=1041 n=9 sve16_entries=0 expected=0 old_entries=0 packed_entries=0 packed_expected=0 wide_entries=0 wide_expected=0 wrapper_entries=1 wrapper_expected=1
ARGUMENTS_PASS m=1041 n=9 calls=0 bad=0 expected_panel_stride=8328
ALLOCATION_SUMMARY_PASS cases=5 budget_cases=5 shared_injection_cases=0
PASS whole_cases=5 noop_cases=4 non_dyadic_long_double_RHS=1 padding_L_unchanged=1 max_error=1.1102230246251565e-16
SOURCE_FEATURES_PASS panel16=1 packedL16=1 has_budget=1 history_budget_bytes=4194304 panel8x16=1
MODE=budget THREADS=4 NARROW_VL=0 EXPECT_SVE16=0 EXPECT_PACKEDL16=0
ALLOC_PASS m=1023 n=9 small=1 wide_path=0 history_expected=0 history_calls=0 history_bytes=0 history_success=0 history_fail=0 x_calls=4 x_bytes=261888 x_success=4 x_fail=0 kb_calls=0 kb_bytes=0 kb_success=0 kb_fail=0 total=4 injected=0 history_level=-1 x_level=1 kb_level=-1 shape_bad=0 x_each_worker_once=1
CASE_PASS m=1023 n=9 sve16_entries=0 expected=0 old_entries=0 packed_entries=0 packed_expected=0 wide_entries=0 wide_expected=0 wrapper_entries=0 wrapper_expected=0
ARGUMENTS_PASS m=1023 n=9 calls=0 bad=0 expected_panel_stride=8184
ALLOC_PASS m=1024 n=9 small=1 wide_path=0 history_expected=0 history_calls=0 history_bytes=0 history_success=0 history_fail=0 x_calls=4 x_bytes=262144 x_success=4 x_fail=0 kb_calls=0 kb_bytes=0 kb_success=0 kb_fail=0 total=4 injected=0 history_level=-1 x_level=1 kb_level=-1 shape_bad=0 x_each_worker_once=1
CASE_PASS m=1024 n=9 sve16_entries=0 expected=0 old_entries=0 packed_entries=0 packed_expected=0 wide_entries=0 wide_expected=0 wrapper_entries=0 wrapper_expected=0
ARGUMENTS_PASS m=1024 n=9 calls=0 bad=0 expected_panel_stride=8192
ALLOC_PASS m=1039 n=9 small=1 wide_path=0 history_expected=0 history_calls=0 history_bytes=0 history_success=0 history_fail=0 x_calls=4 x_bytes=265984 x_success=4 x_fail=0 kb_calls=0 kb_bytes=0 kb_success=0 kb_fail=0 total=4 injected=0 history_level=-1 x_level=1 kb_level=-1 shape_bad=0 x_each_worker_once=1
CASE_PASS m=1039 n=9 sve16_entries=0 expected=0 old_entries=0 packed_entries=0 packed_expected=0 wide_entries=0 wide_expected=0 wrapper_entries=0 wrapper_expected=0
ARGUMENTS_PASS m=1039 n=9 calls=0 bad=0 expected_panel_stride=8312
ALLOC_PASS m=1040 n=9 small=1 wide_path=0 history_expected=0 history_calls=0 history_bytes=0 history_success=0 history_fail=0 x_calls=4 x_bytes=266240 x_success=4 x_fail=0 kb_calls=0 kb_bytes=0 kb_success=0 kb_fail=0 total=4 injected=0 history_level=-1 x_level=1 kb_level=-1 shape_bad=0 x_each_worker_once=1
CASE_PASS m=1040 n=9 sve16_entries=0 expected=0 old_entries=0 packed_entries=0 packed_expected=0 wide_entries=0 wide_expected=0 wrapper_entries=0 wrapper_expected=0
ARGUMENTS_PASS m=1040 n=9 calls=0 bad=0 expected_panel_stride=8320
ALLOC_PASS m=1041 n=9 small=1 wide_path=0 history_expected=0 history_calls=0 history_bytes=0 history_success=0 history_fail=0 x_calls=4 x_bytes=266496 x_success=4 x_fail=0 kb_calls=0 kb_bytes=0 kb_success=0 kb_fail=0 total=4 injected=0 history_level=-1 x_level=1 kb_level=-1 shape_bad=0 x_each_worker_once=1
CASE_PASS m=1041 n=9 sve16_entries=0 expected=0 old_entries=0 packed_entries=0 packed_expected=0 wide_entries=0 wide_expected=0 wrapper_entries=0 wrapper_expected=0
ARGUMENTS_PASS m=1041 n=9 calls=0 bad=0 expected_panel_stride=8328
ALLOCATION_SUMMARY_PASS cases=5 budget_cases=5 shared_injection_cases=0
PASS whole_cases=5 noop_cases=4 non_dyadic_long_double_RHS=1 padding_L_unchanged=1 max_error=1.1102230246251565e-16
SOURCE_FEATURES_PASS panel16=1 packedL16=1 has_budget=1 history_budget_bytes=4194304 panel8x16=1
MODE=budget THREADS=4 NARROW_VL=1 EXPECT_SVE16=0 EXPECT_PACKEDL16=0
ALLOC_PASS m=1023 n=9 small=1 wide_path=0 history_expected=1 history_calls=1 history_bytes=3999744 history_success=1 history_fail=0 x_calls=4 x_bytes=261888 x_success=4 x_fail=0 kb_calls=0 kb_bytes=0 kb_success=0 kb_fail=0 total=5 injected=0 history_level=0 x_level=1 kb_level=-1 shape_bad=0 x_each_worker_once=1
CASE_PASS m=1023 n=9 sve16_entries=0 expected=0 old_entries=0 packed_entries=0 packed_expected=0 wide_entries=0 wide_expected=0 wrapper_entries=0 wrapper_expected=0
ARGUMENTS_PASS m=1023 n=9 calls=0 bad=0 expected_panel_stride=8184
ALLOC_PASS m=1024 n=9 small=1 wide_path=0 history_expected=1 history_calls=1 history_bytes=4128768 history_success=1 history_fail=0 x_calls=4 x_bytes=262144 x_success=4 x_fail=0 kb_calls=0 kb_bytes=0 kb_success=0 kb_fail=0 total=5 injected=0 history_level=0 x_level=1 kb_level=-1 shape_bad=0 x_each_worker_once=1
CASE_PASS m=1024 n=9 sve16_entries=0 expected=0 old_entries=0 packed_entries=0 packed_expected=0 wide_entries=0 wide_expected=0 wrapper_entries=0 wrapper_expected=0
ARGUMENTS_PASS m=1024 n=9 calls=0 bad=0 expected_panel_stride=8192
ALLOC_PASS m=1039 n=9 small=1 wide_path=0 history_expected=1 history_calls=1 history_bytes=4128768 history_success=1 history_fail=0 x_calls=4 x_bytes=265984 x_success=4 x_fail=0 kb_calls=0 kb_bytes=0 kb_success=0 kb_fail=0 total=5 injected=0 history_level=0 x_level=1 kb_level=-1 shape_bad=0 x_each_worker_once=1
CASE_PASS m=1039 n=9 sve16_entries=0 expected=0 old_entries=0 packed_entries=0 packed_expected=0 wide_entries=0 wide_expected=0 wrapper_entries=0 wrapper_expected=0
ARGUMENTS_PASS m=1039 n=9 calls=0 bad=0 expected_panel_stride=8312
ALLOC_PASS m=1040 n=9 small=1 wide_path=1 history_expected=0 history_calls=0 history_bytes=0 history_success=0 history_fail=0 x_calls=4 x_bytes=532480 x_success=4 x_fail=0 kb_calls=0 kb_bytes=0 kb_success=0 kb_fail=0 total=4 injected=0 history_level=-1 x_level=1 kb_level=-1 shape_bad=0 x_each_worker_once=1
CASE_PASS m=1040 n=9 sve16_entries=0 expected=0 old_entries=0 packed_entries=0 packed_expected=0 wide_entries=0 wide_expected=0 wrapper_entries=1 wrapper_expected=1
ARGUMENTS_PASS m=1040 n=9 calls=0 bad=0 expected_panel_stride=8320
ALLOC_PASS m=1041 n=9 small=1 wide_path=1 history_expected=0 history_calls=0 history_bytes=0 history_success=0 history_fail=0 x_calls=4 x_bytes=532992 x_success=4 x_fail=0 kb_calls=0 kb_bytes=0 kb_success=0 kb_fail=0 total=4 injected=0 history_level=-1 x_level=1 kb_level=-1 shape_bad=0 x_each_worker_once=1
CASE_PASS m=1041 n=9 sve16_entries=0 expected=0 old_entries=0 packed_entries=0 packed_expected=0 wide_entries=0 wide_expected=0 wrapper_entries=1 wrapper_expected=1
ARGUMENTS_PASS m=1041 n=9 calls=0 bad=0 expected_panel_stride=8328
ALLOCATION_SUMMARY_PASS cases=5 budget_cases=5 shared_injection_cases=0
PASS whole_cases=5 noop_cases=4 non_dyadic_long_double_RHS=1 padding_L_unchanged=1 max_error=1.1102230246251565e-16
SOURCE_FEATURES_PASS panel16=1 packedL16=1 has_budget=1 history_budget_bytes=4194304 panel8x16=1
MODE=budget THREADS=4 NARROW_VL=0 EXPECT_SVE16=1 EXPECT_PACKEDL16=0
ALLOC_PASS m=1023 n=9 small=1 wide_path=0 history_expected=1 history_calls=1 history_bytes=3999744 history_success=0 history_fail=1 x_calls=4 x_bytes=261888 x_success=4 x_fail=0 kb_calls=0 kb_bytes=0 kb_success=0 kb_fail=0 total=5 injected=1 history_level=0 x_level=1 kb_level=-1 shape_bad=0 x_each_worker_once=1
CASE_PASS m=1023 n=9 sve16_entries=126 expected=126 old_entries=126 packed_entries=0 packed_expected=0 wide_entries=0 wide_expected=0 wrapper_entries=0 wrapper_expected=0
ARGUMENTS_PASS m=1023 n=9 calls=0 bad=0 expected_panel_stride=8184
SHARED_ALLOC_PASS m=1023 n=9 calls=5 injected=1 shared_first=1 later_X_success=4
ALLOC_PASS m=1024 n=9 small=1 wide_path=0 history_expected=1 history_calls=1 history_bytes=4128768 history_success=0 history_fail=1 x_calls=4 x_bytes=262144 x_success=4 x_fail=0 kb_calls=0 kb_bytes=0 kb_success=0 kb_fail=0 total=5 injected=1 history_level=0 x_level=1 kb_level=-1 shape_bad=0 x_each_worker_once=1
CASE_PASS m=1024 n=9 sve16_entries=128 expected=128 old_entries=128 packed_entries=0 packed_expected=0 wide_entries=0 wide_expected=0 wrapper_entries=0 wrapper_expected=0
ARGUMENTS_PASS m=1024 n=9 calls=0 bad=0 expected_panel_stride=8192
SHARED_ALLOC_PASS m=1024 n=9 calls=5 injected=1 shared_first=1 later_X_success=4
ALLOC_PASS m=1039 n=9 small=1 wide_path=0 history_expected=1 history_calls=1 history_bytes=4128768 history_success=0 history_fail=1 x_calls=4 x_bytes=265984 x_success=4 x_fail=0 kb_calls=0 kb_bytes=0 kb_success=0 kb_fail=0 total=5 injected=1 history_level=0 x_level=1 kb_level=-1 shape_bad=0 x_each_worker_once=1
CASE_PASS m=1039 n=9 sve16_entries=128 expected=128 old_entries=128 packed_entries=0 packed_expected=0 wide_entries=0 wide_expected=0 wrapper_entries=0 wrapper_expected=0
ARGUMENTS_PASS m=1039 n=9 calls=0 bad=0 expected_panel_stride=8312
SHARED_ALLOC_PASS m=1039 n=9 calls=5 injected=1 shared_first=1 later_X_success=4
ALLOC_PASS m=1040 n=9 small=1 wide_path=1 history_expected=0 history_calls=0 history_bytes=0 history_success=0 history_fail=0 x_calls=4 x_bytes=532480 x_success=4 x_fail=0 kb_calls=0 kb_bytes=0 kb_success=0 kb_fail=0 total=4 injected=0 history_level=-1 x_level=1 kb_level=-1 shape_bad=0 x_each_worker_once=1
CASE_PASS m=1040 n=9 sve16_entries=130 expected=130 old_entries=130 packed_entries=0 packed_expected=0 wide_entries=0 wide_expected=0 wrapper_entries=1 wrapper_expected=1
ARGUMENTS_PASS m=1040 n=9 calls=0 bad=0 expected_panel_stride=8320
ALLOC_PASS m=1041 n=9 small=1 wide_path=1 history_expected=0 history_calls=0 history_bytes=0 history_success=0 history_fail=0 x_calls=4 x_bytes=532992 x_success=4 x_fail=0 kb_calls=0 kb_bytes=0 kb_success=0 kb_fail=0 total=4 injected=0 history_level=-1 x_level=1 kb_level=-1 shape_bad=0 x_each_worker_once=1
CASE_PASS m=1041 n=9 sve16_entries=130 expected=130 old_entries=130 packed_entries=0 packed_expected=0 wide_entries=0 wide_expected=0 wrapper_entries=1 wrapper_expected=1
ARGUMENTS_PASS m=1041 n=9 calls=0 bad=0 expected_panel_stride=8328
ALLOCATION_SUMMARY_PASS cases=5 budget_cases=5 shared_injection_cases=3
PASS whole_cases=5 noop_cases=4 non_dyadic_long_double_RHS=1 padding_L_unchanged=1 max_error=1.1102230246251565e-16
SOURCE_FEATURES_PASS panel16=1 packedL16=1 has_budget=1 history_budget_bytes=4194304 panel8x16=1
MODE=wide-grid THREADS=1 NARROW_VL=0 EXPECT_SVE16=1 EXPECT_PACKEDL16=1
ALLOC_PASS m=1039 n=15 small=1 wide_path=0 history_expected=1 history_calls=1 history_bytes=4128768 history_success=1 history_fail=0 x_calls=1 x_bytes=66496 x_success=1 x_fail=0 kb_calls=0 kb_bytes=0 kb_success=0 kb_fail=0 total=2 injected=0 history_level=0 x_level=1 kb_level=-1 shape_bad=0 x_each_worker_once=1
CASE_PASS m=1039 n=15 sve16_entries=128 expected=128 old_entries=2 packed_entries=126 packed_expected=126 wide_entries=0 wide_expected=0 wrapper_entries=0 wrapper_expected=0
ARGUMENTS_PASS m=1039 n=15 calls=0 bad=0 expected_panel_stride=8312
ALLOC_PASS m=1039 n=16 small=1 wide_path=0 history_expected=1 history_calls=1 history_bytes=4128768 history_success=1 history_fail=0 x_calls=1 x_bytes=66496 x_success=1 x_fail=0 kb_calls=0 kb_bytes=0 kb_success=0 kb_fail=0 total=2 injected=0 history_level=0 x_level=1 kb_level=-1 shape_bad=0 x_each_worker_once=1
CASE_PASS m=1039 n=16 sve16_entries=128 expected=128 old_entries=2 packed_entries=126 packed_expected=126 wide_entries=0 wide_expected=0 wrapper_entries=0 wrapper_expected=0
ARGUMENTS_PASS m=1039 n=16 calls=0 bad=0 expected_panel_stride=8312
ALLOC_PASS m=1039 n=17 small=1 wide_path=0 history_expected=1 history_calls=1 history_bytes=4128768 history_success=1 history_fail=0 x_calls=1 x_bytes=66496 x_success=1 x_fail=0 kb_calls=0 kb_bytes=0 kb_success=0 kb_fail=0 total=2 injected=0 history_level=0 x_level=1 kb_level=-1 shape_bad=0 x_each_worker_once=1
CASE_PASS m=1039 n=17 sve16_entries=192 expected=192 old_entries=3 packed_entries=189 packed_expected=189 wide_entries=0 wide_expected=0 wrapper_entries=0 wrapper_expected=0
ARGUMENTS_PASS m=1039 n=17 calls=0 bad=0 expected_panel_stride=8312
ALLOC_PASS m=1039 n=31 small=1 wide_path=0 history_expected=1 history_calls=1 history_bytes=4128768 history_success=1 history_fail=0 x_calls=1 x_bytes=66496 x_success=1 x_fail=0 kb_calls=0 kb_bytes=0 kb_success=0 kb_fail=0 total=2 injected=0 history_level=0 x_level=1 kb_level=-1 shape_bad=0 x_each_worker_once=1
CASE_PASS m=1039 n=31 sve16_entries=256 expected=256 old_entries=4 packed_entries=252 packed_expected=252 wide_entries=0 wide_expected=0 wrapper_entries=0 wrapper_expected=0
ARGUMENTS_PASS m=1039 n=31 calls=0 bad=0 expected_panel_stride=8312
ALLOC_PASS m=1039 n=32 small=1 wide_path=0 history_expected=1 history_calls=1 history_bytes=4128768 history_success=1 history_fail=0 x_calls=1 x_bytes=66496 x_success=1 x_fail=0 kb_calls=0 kb_bytes=0 kb_success=0 kb_fail=0 total=2 injected=0 history_level=0 x_level=1 kb_level=-1 shape_bad=0 x_each_worker_once=1
CASE_PASS m=1039 n=32 sve16_entries=256 expected=256 old_entries=4 packed_entries=252 packed_expected=252 wide_entries=0 wide_expected=0 wrapper_entries=0 wrapper_expected=0
ARGUMENTS_PASS m=1039 n=32 calls=0 bad=0 expected_panel_stride=8312
ALLOC_PASS m=1039 n=33 small=1 wide_path=0 history_expected=1 history_calls=1 history_bytes=4128768 history_success=1 history_fail=0 x_calls=1 x_bytes=66496 x_success=1 x_fail=0 kb_calls=0 kb_bytes=0 kb_success=0 kb_fail=0 total=2 injected=0 history_level=0 x_level=1 kb_level=-1 shape_bad=0 x_each_worker_once=1
CASE_PASS m=1039 n=33 sve16_entries=320 expected=320 old_entries=5 packed_entries=315 packed_expected=315 wide_entries=0 wide_expected=0 wrapper_entries=0 wrapper_expected=0
ARGUMENTS_PASS m=1039 n=33 calls=0 bad=0 expected_panel_stride=8312
ALLOC_PASS m=1040 n=15 small=1 wide_path=1 history_expected=0 history_calls=0 history_bytes=0 history_success=0 history_fail=0 x_calls=1 x_bytes=133120 x_success=1 x_fail=0 kb_calls=0 kb_bytes=0 kb_success=0 kb_fail=0 total=1 injected=0 history_level=-1 x_level=1 kb_level=-1 shape_bad=0 x_each_worker_once=1
CASE_PASS m=1040 n=15 sve16_entries=130 expected=130 old_entries=130 packed_entries=0 packed_expected=0 wide_entries=0 wide_expected=0 wrapper_entries=1 wrapper_expected=1
ARGUMENTS_PASS m=1040 n=15 calls=0 bad=0 expected_panel_stride=8320
ALLOC_PASS m=1040 n=16 small=1 wide_path=1 history_expected=0 history_calls=0 history_bytes=0 history_success=0 history_fail=0 x_calls=1 x_bytes=133120 x_success=1 x_fail=0 kb_calls=0 kb_bytes=0 kb_success=0 kb_fail=0 total=1 injected=0 history_level=-1 x_level=1 kb_level=-1 shape_bad=0 x_each_worker_once=1
CASE_PASS m=1040 n=16 sve16_entries=0 expected=0 old_entries=0 packed_entries=0 packed_expected=0 wide_entries=130 wide_expected=130 wrapper_entries=1 wrapper_expected=1
ARGUMENTS_PASS m=1040 n=16 calls=130 bad=0 expected_panel_stride=8320
ALLOC_PASS m=1040 n=17 small=1 wide_path=1 history_expected=0 history_calls=0 history_bytes=0 history_success=0 history_fail=0 x_calls=1 x_bytes=133120 x_success=1 x_fail=0 kb_calls=0 kb_bytes=0 kb_success=0 kb_fail=0 total=1 injected=0 history_level=-1 x_level=1 kb_level=-1 shape_bad=0 x_each_worker_once=1
CASE_PASS m=1040 n=17 sve16_entries=65 expected=65 old_entries=65 packed_entries=0 packed_expected=0 wide_entries=130 wide_expected=130 wrapper_entries=1 wrapper_expected=1
ARGUMENTS_PASS m=1040 n=17 calls=130 bad=0 expected_panel_stride=8320
ALLOC_PASS m=1040 n=31 small=1 wide_path=1 history_expected=0 history_calls=0 history_bytes=0 history_success=0 history_fail=0 x_calls=1 x_bytes=133120 x_success=1 x_fail=0 kb_calls=0 kb_bytes=0 kb_success=0 kb_fail=0 total=1 injected=0 history_level=-1 x_level=1 kb_level=-1 shape_bad=0 x_each_worker_once=1
CASE_PASS m=1040 n=31 sve16_entries=130 expected=130 old_entries=130 packed_entries=0 packed_expected=0 wide_entries=130 wide_expected=130 wrapper_entries=1 wrapper_expected=1
ARGUMENTS_PASS m=1040 n=31 calls=130 bad=0 expected_panel_stride=8320
ALLOC_PASS m=1040 n=32 small=1 wide_path=1 history_expected=0 history_calls=0 history_bytes=0 history_success=0 history_fail=0 x_calls=1 x_bytes=133120 x_success=1 x_fail=0 kb_calls=0 kb_bytes=0 kb_success=0 kb_fail=0 total=1 injected=0 history_level=-1 x_level=1 kb_level=-1 shape_bad=0 x_each_worker_once=1
CASE_PASS m=1040 n=32 sve16_entries=0 expected=0 old_entries=0 packed_entries=0 packed_expected=0 wide_entries=260 wide_expected=260 wrapper_entries=1 wrapper_expected=1
ARGUMENTS_PASS m=1040 n=32 calls=260 bad=0 expected_panel_stride=8320
ALLOC_PASS m=1040 n=33 small=1 wide_path=1 history_expected=0 history_calls=0 history_bytes=0 history_success=0 history_fail=0 x_calls=1 x_bytes=133120 x_success=1 x_fail=0 kb_calls=0 kb_bytes=0 kb_success=0 kb_fail=0 total=1 injected=0 history_level=-1 x_level=1 kb_level=-1 shape_bad=0 x_each_worker_once=1
CASE_PASS m=1040 n=33 sve16_entries=65 expected=65 old_entries=65 packed_entries=0 packed_expected=0 wide_entries=260 wide_expected=260 wrapper_entries=1 wrapper_expected=1
ARGUMENTS_PASS m=1040 n=33 calls=260 bad=0 expected_panel_stride=8320
ALLOCATION_SUMMARY_PASS cases=12 budget_cases=0 shared_injection_cases=0
PASS whole_cases=12 noop_cases=4 non_dyadic_long_double_RHS=1 padding_L_unchanged=1 max_error=1.1102230246251565e-16
SOURCE_FEATURES_PASS panel16=1 packedL16=1 has_budget=1 history_budget_bytes=4194304 panel8x16=1
MODE=wide-grid THREADS=4 NARROW_VL=0 EXPECT_SVE16=1 EXPECT_PACKEDL16=1
ALLOC_PASS m=1039 n=15 small=1 wide_path=0 history_expected=1 history_calls=1 history_bytes=4128768 history_success=1 history_fail=0 x_calls=4 x_bytes=265984 x_success=4 x_fail=0 kb_calls=0 kb_bytes=0 kb_success=0 kb_fail=0 total=5 injected=0 history_level=0 x_level=1 kb_level=-1 shape_bad=0 x_each_worker_once=1
CASE_PASS m=1039 n=15 sve16_entries=128 expected=128 old_entries=2 packed_entries=126 packed_expected=126 wide_entries=0 wide_expected=0 wrapper_entries=0 wrapper_expected=0
ARGUMENTS_PASS m=1039 n=15 calls=0 bad=0 expected_panel_stride=8312
ALLOC_PASS m=1039 n=16 small=1 wide_path=0 history_expected=1 history_calls=1 history_bytes=4128768 history_success=1 history_fail=0 x_calls=4 x_bytes=265984 x_success=4 x_fail=0 kb_calls=0 kb_bytes=0 kb_success=0 kb_fail=0 total=5 injected=0 history_level=0 x_level=1 kb_level=-1 shape_bad=0 x_each_worker_once=1
CASE_PASS m=1039 n=16 sve16_entries=128 expected=128 old_entries=2 packed_entries=126 packed_expected=126 wide_entries=0 wide_expected=0 wrapper_entries=0 wrapper_expected=0
ARGUMENTS_PASS m=1039 n=16 calls=0 bad=0 expected_panel_stride=8312
ALLOC_PASS m=1039 n=17 small=1 wide_path=0 history_expected=1 history_calls=1 history_bytes=4128768 history_success=1 history_fail=0 x_calls=4 x_bytes=265984 x_success=4 x_fail=0 kb_calls=0 kb_bytes=0 kb_success=0 kb_fail=0 total=5 injected=0 history_level=0 x_level=1 kb_level=-1 shape_bad=0 x_each_worker_once=1
CASE_PASS m=1039 n=17 sve16_entries=192 expected=192 old_entries=3 packed_entries=189 packed_expected=189 wide_entries=0 wide_expected=0 wrapper_entries=0 wrapper_expected=0
ARGUMENTS_PASS m=1039 n=17 calls=0 bad=0 expected_panel_stride=8312
ALLOC_PASS m=1039 n=31 small=1 wide_path=0 history_expected=1 history_calls=1 history_bytes=4128768 history_success=1 history_fail=0 x_calls=4 x_bytes=265984 x_success=4 x_fail=0 kb_calls=0 kb_bytes=0 kb_success=0 kb_fail=0 total=5 injected=0 history_level=0 x_level=1 kb_level=-1 shape_bad=0 x_each_worker_once=1
CASE_PASS m=1039 n=31 sve16_entries=256 expected=256 old_entries=4 packed_entries=252 packed_expected=252 wide_entries=0 wide_expected=0 wrapper_entries=0 wrapper_expected=0
ARGUMENTS_PASS m=1039 n=31 calls=0 bad=0 expected_panel_stride=8312
ALLOC_PASS m=1039 n=32 small=1 wide_path=0 history_expected=1 history_calls=1 history_bytes=4128768 history_success=1 history_fail=0 x_calls=4 x_bytes=265984 x_success=4 x_fail=0 kb_calls=0 kb_bytes=0 kb_success=0 kb_fail=0 total=5 injected=0 history_level=0 x_level=1 kb_level=-1 shape_bad=0 x_each_worker_once=1
CASE_PASS m=1039 n=32 sve16_entries=256 expected=256 old_entries=4 packed_entries=252 packed_expected=252 wide_entries=0 wide_expected=0 wrapper_entries=0 wrapper_expected=0
ARGUMENTS_PASS m=1039 n=32 calls=0 bad=0 expected_panel_stride=8312
ALLOC_PASS m=1039 n=33 small=1 wide_path=0 history_expected=1 history_calls=1 history_bytes=4128768 history_success=1 history_fail=0 x_calls=4 x_bytes=265984 x_success=4 x_fail=0 kb_calls=0 kb_bytes=0 kb_success=0 kb_fail=0 total=5 injected=0 history_level=0 x_level=1 kb_level=-1 shape_bad=0 x_each_worker_once=1
CASE_PASS m=1039 n=33 sve16_entries=320 expected=320 old_entries=5 packed_entries=315 packed_expected=315 wide_entries=0 wide_expected=0 wrapper_entries=0 wrapper_expected=0
ARGUMENTS_PASS m=1039 n=33 calls=0 bad=0 expected_panel_stride=8312
ALLOC_PASS m=1040 n=15 small=1 wide_path=1 history_expected=0 history_calls=0 history_bytes=0 history_success=0 history_fail=0 x_calls=4 x_bytes=532480 x_success=4 x_fail=0 kb_calls=0 kb_bytes=0 kb_success=0 kb_fail=0 total=4 injected=0 history_level=-1 x_level=1 kb_level=-1 shape_bad=0 x_each_worker_once=1
CASE_PASS m=1040 n=15 sve16_entries=130 expected=130 old_entries=130 packed_entries=0 packed_expected=0 wide_entries=0 wide_expected=0 wrapper_entries=1 wrapper_expected=1
ARGUMENTS_PASS m=1040 n=15 calls=0 bad=0 expected_panel_stride=8320
ALLOC_PASS m=1040 n=16 small=1 wide_path=1 history_expected=0 history_calls=0 history_bytes=0 history_success=0 history_fail=0 x_calls=4 x_bytes=532480 x_success=4 x_fail=0 kb_calls=0 kb_bytes=0 kb_success=0 kb_fail=0 total=4 injected=0 history_level=-1 x_level=1 kb_level=-1 shape_bad=0 x_each_worker_once=1
CASE_PASS m=1040 n=16 sve16_entries=0 expected=0 old_entries=0 packed_entries=0 packed_expected=0 wide_entries=130 wide_expected=130 wrapper_entries=1 wrapper_expected=1
ARGUMENTS_PASS m=1040 n=16 calls=130 bad=0 expected_panel_stride=8320
ALLOC_PASS m=1040 n=17 small=1 wide_path=1 history_expected=0 history_calls=0 history_bytes=0 history_success=0 history_fail=0 x_calls=4 x_bytes=532480 x_success=4 x_fail=0 kb_calls=0 kb_bytes=0 kb_success=0 kb_fail=0 total=4 injected=0 history_level=-1 x_level=1 kb_level=-1 shape_bad=0 x_each_worker_once=1
CASE_PASS m=1040 n=17 sve16_entries=65 expected=65 old_entries=65 packed_entries=0 packed_expected=0 wide_entries=130 wide_expected=130 wrapper_entries=1 wrapper_expected=1
ARGUMENTS_PASS m=1040 n=17 calls=130 bad=0 expected_panel_stride=8320
ALLOC_PASS m=1040 n=31 small=1 wide_path=1 history_expected=0 history_calls=0 history_bytes=0 history_success=0 history_fail=0 x_calls=4 x_bytes=532480 x_success=4 x_fail=0 kb_calls=0 kb_bytes=0 kb_success=0 kb_fail=0 total=4 injected=0 history_level=-1 x_level=1 kb_level=-1 shape_bad=0 x_each_worker_once=1
CASE_PASS m=1040 n=31 sve16_entries=130 expected=130 old_entries=130 packed_entries=0 packed_expected=0 wide_entries=130 wide_expected=130 wrapper_entries=1 wrapper_expected=1
ARGUMENTS_PASS m=1040 n=31 calls=130 bad=0 expected_panel_stride=8320
ALLOC_PASS m=1040 n=32 small=1 wide_path=1 history_expected=0 history_calls=0 history_bytes=0 history_success=0 history_fail=0 x_calls=4 x_bytes=532480 x_success=4 x_fail=0 kb_calls=0 kb_bytes=0 kb_success=0 kb_fail=0 total=4 injected=0 history_level=-1 x_level=1 kb_level=-1 shape_bad=0 x_each_worker_once=1
CASE_PASS m=1040 n=32 sve16_entries=0 expected=0 old_entries=0 packed_entries=0 packed_expected=0 wide_entries=260 wide_expected=260 wrapper_entries=1 wrapper_expected=1
ARGUMENTS_PASS m=1040 n=32 calls=260 bad=0 expected_panel_stride=8320
ALLOC_PASS m=1040 n=33 small=1 wide_path=1 history_expected=0 history_calls=0 history_bytes=0 history_success=0 history_fail=0 x_calls=4 x_bytes=532480 x_success=4 x_fail=0 kb_calls=0 kb_bytes=0 kb_success=0 kb_fail=0 total=4 injected=0 history_level=-1 x_level=1 kb_level=-1 shape_bad=0 x_each_worker_once=1
CASE_PASS m=1040 n=33 sve16_entries=65 expected=65 old_entries=65 packed_entries=0 packed_expected=0 wide_entries=260 wide_expected=260 wrapper_entries=1 wrapper_expected=1
ARGUMENTS_PASS m=1040 n=33 calls=260 bad=0 expected_panel_stride=8320
ALLOCATION_SUMMARY_PASS cases=12 budget_cases=0 shared_injection_cases=0
PASS whole_cases=12 noop_cases=4 non_dyadic_long_double_RHS=1 padding_L_unchanged=1 max_error=1.1102230246251565e-16
SOURCE_FEATURES_PASS panel16=1 packedL16=1 has_budget=1 history_budget_bytes=4194304 panel8x16=1
MODE=wide-grid-tail THREADS=38 NARROW_VL=0 EXPECT_SVE16=1 EXPECT_PACKEDL16=1
ALLOC_PASS m=1039 n=15 small=1 wide_path=0 history_expected=1 history_calls=1 history_bytes=4128768 history_success=1 history_fail=0 x_calls=38 x_bytes=2526848 x_success=38 x_fail=0 kb_calls=0 kb_bytes=0 kb_success=0 kb_fail=0 total=39 injected=0 history_level=0 x_level=1 kb_level=-1 shape_bad=0 x_each_worker_once=1
CASE_PASS m=1039 n=15 sve16_entries=128 expected=128 old_entries=2 packed_entries=126 packed_expected=126 wide_entries=0 wide_expected=0 wrapper_entries=0 wrapper_expected=0
ARGUMENTS_PASS m=1039 n=15 calls=0 bad=0 expected_panel_stride=8312
ALLOC_PASS m=1039 n=16 small=1 wide_path=0 history_expected=1 history_calls=1 history_bytes=4128768 history_success=1 history_fail=0 x_calls=38 x_bytes=2526848 x_success=38 x_fail=0 kb_calls=0 kb_bytes=0 kb_success=0 kb_fail=0 total=39 injected=0 history_level=0 x_level=1 kb_level=-1 shape_bad=0 x_each_worker_once=1
CASE_PASS m=1039 n=16 sve16_entries=128 expected=128 old_entries=2 packed_entries=126 packed_expected=126 wide_entries=0 wide_expected=0 wrapper_entries=0 wrapper_expected=0
ARGUMENTS_PASS m=1039 n=16 calls=0 bad=0 expected_panel_stride=8312
ALLOC_PASS m=1039 n=17 small=1 wide_path=0 history_expected=1 history_calls=1 history_bytes=4128768 history_success=1 history_fail=0 x_calls=38 x_bytes=2526848 x_success=38 x_fail=0 kb_calls=0 kb_bytes=0 kb_success=0 kb_fail=0 total=39 injected=0 history_level=0 x_level=1 kb_level=-1 shape_bad=0 x_each_worker_once=1
CASE_PASS m=1039 n=17 sve16_entries=192 expected=192 old_entries=3 packed_entries=189 packed_expected=189 wide_entries=0 wide_expected=0 wrapper_entries=0 wrapper_expected=0
ARGUMENTS_PASS m=1039 n=17 calls=0 bad=0 expected_panel_stride=8312
ALLOC_PASS m=1039 n=31 small=1 wide_path=0 history_expected=1 history_calls=1 history_bytes=4128768 history_success=1 history_fail=0 x_calls=38 x_bytes=2526848 x_success=38 x_fail=0 kb_calls=0 kb_bytes=0 kb_success=0 kb_fail=0 total=39 injected=0 history_level=0 x_level=1 kb_level=-1 shape_bad=0 x_each_worker_once=1
CASE_PASS m=1039 n=31 sve16_entries=256 expected=256 old_entries=4 packed_entries=252 packed_expected=252 wide_entries=0 wide_expected=0 wrapper_entries=0 wrapper_expected=0
ARGUMENTS_PASS m=1039 n=31 calls=0 bad=0 expected_panel_stride=8312
ALLOC_PASS m=1039 n=32 small=1 wide_path=0 history_expected=1 history_calls=1 history_bytes=4128768 history_success=1 history_fail=0 x_calls=38 x_bytes=2526848 x_success=38 x_fail=0 kb_calls=0 kb_bytes=0 kb_success=0 kb_fail=0 total=39 injected=0 history_level=0 x_level=1 kb_level=-1 shape_bad=0 x_each_worker_once=1
CASE_PASS m=1039 n=32 sve16_entries=256 expected=256 old_entries=4 packed_entries=252 packed_expected=252 wide_entries=0 wide_expected=0 wrapper_entries=0 wrapper_expected=0
ARGUMENTS_PASS m=1039 n=32 calls=0 bad=0 expected_panel_stride=8312
ALLOC_PASS m=1039 n=33 small=1 wide_path=0 history_expected=1 history_calls=1 history_bytes=4128768 history_success=1 history_fail=0 x_calls=38 x_bytes=2526848 x_success=38 x_fail=0 kb_calls=0 kb_bytes=0 kb_success=0 kb_fail=0 total=39 injected=0 history_level=0 x_level=1 kb_level=-1 shape_bad=0 x_each_worker_once=1
CASE_PASS m=1039 n=33 sve16_entries=320 expected=320 old_entries=5 packed_entries=315 packed_expected=315 wide_entries=0 wide_expected=0 wrapper_entries=0 wrapper_expected=0
ARGUMENTS_PASS m=1039 n=33 calls=0 bad=0 expected_panel_stride=8312
ALLOC_PASS m=1040 n=15 small=1 wide_path=1 history_expected=0 history_calls=0 history_bytes=0 history_success=0 history_fail=0 x_calls=38 x_bytes=5058560 x_success=38 x_fail=0 kb_calls=0 kb_bytes=0 kb_success=0 kb_fail=0 total=38 injected=0 history_level=-1 x_level=1 kb_level=-1 shape_bad=0 x_each_worker_once=1
CASE_PASS m=1040 n=15 sve16_entries=130 expected=130 old_entries=130 packed_entries=0 packed_expected=0 wide_entries=0 wide_expected=0 wrapper_entries=1 wrapper_expected=1
ARGUMENTS_PASS m=1040 n=15 calls=0 bad=0 expected_panel_stride=8320
ALLOC_PASS m=1040 n=16 small=1 wide_path=1 history_expected=0 history_calls=0 history_bytes=0 history_success=0 history_fail=0 x_calls=38 x_bytes=5058560 x_success=38 x_fail=0 kb_calls=0 kb_bytes=0 kb_success=0 kb_fail=0 total=38 injected=0 history_level=-1 x_level=1 kb_level=-1 shape_bad=0 x_each_worker_once=1
CASE_PASS m=1040 n=16 sve16_entries=0 expected=0 old_entries=0 packed_entries=0 packed_expected=0 wide_entries=130 wide_expected=130 wrapper_entries=1 wrapper_expected=1
ARGUMENTS_PASS m=1040 n=16 calls=130 bad=0 expected_panel_stride=8320
ALLOC_PASS m=1040 n=17 small=1 wide_path=1 history_expected=0 history_calls=0 history_bytes=0 history_success=0 history_fail=0 x_calls=38 x_bytes=5058560 x_success=38 x_fail=0 kb_calls=0 kb_bytes=0 kb_success=0 kb_fail=0 total=38 injected=0 history_level=-1 x_level=1 kb_level=-1 shape_bad=0 x_each_worker_once=1
CASE_PASS m=1040 n=17 sve16_entries=65 expected=65 old_entries=65 packed_entries=0 packed_expected=0 wide_entries=130 wide_expected=130 wrapper_entries=1 wrapper_expected=1
ARGUMENTS_PASS m=1040 n=17 calls=130 bad=0 expected_panel_stride=8320
ALLOC_PASS m=1040 n=31 small=1 wide_path=1 history_expected=0 history_calls=0 history_bytes=0 history_success=0 history_fail=0 x_calls=38 x_bytes=5058560 x_success=38 x_fail=0 kb_calls=0 kb_bytes=0 kb_success=0 kb_fail=0 total=38 injected=0 history_level=-1 x_level=1 kb_level=-1 shape_bad=0 x_each_worker_once=1
CASE_PASS m=1040 n=31 sve16_entries=130 expected=130 old_entries=130 packed_entries=0 packed_expected=0 wide_entries=130 wide_expected=130 wrapper_entries=1 wrapper_expected=1
ARGUMENTS_PASS m=1040 n=31 calls=130 bad=0 expected_panel_stride=8320
ALLOC_PASS m=1040 n=32 small=1 wide_path=1 history_expected=0 history_calls=0 history_bytes=0 history_success=0 history_fail=0 x_calls=38 x_bytes=5058560 x_success=38 x_fail=0 kb_calls=0 kb_bytes=0 kb_success=0 kb_fail=0 total=38 injected=0 history_level=-1 x_level=1 kb_level=-1 shape_bad=0 x_each_worker_once=1
CASE_PASS m=1040 n=32 sve16_entries=0 expected=0 old_entries=0 packed_entries=0 packed_expected=0 wide_entries=260 wide_expected=260 wrapper_entries=1 wrapper_expected=1
ARGUMENTS_PASS m=1040 n=32 calls=260 bad=0 expected_panel_stride=8320
ALLOC_PASS m=1040 n=33 small=1 wide_path=1 history_expected=0 history_calls=0 history_bytes=0 history_success=0 history_fail=0 x_calls=38 x_bytes=5058560 x_success=38 x_fail=0 kb_calls=0 kb_bytes=0 kb_success=0 kb_fail=0 total=38 injected=0 history_level=-1 x_level=1 kb_level=-1 shape_bad=0 x_each_worker_once=1
CASE_PASS m=1040 n=33 sve16_entries=65 expected=65 old_entries=65 packed_entries=0 packed_expected=0 wide_entries=260 wide_expected=260 wrapper_entries=1 wrapper_expected=1
ARGUMENTS_PASS m=1040 n=33 calls=260 bad=0 expected_panel_stride=8320
ALLOC_PASS m=1047 n=33 small=1 wide_path=1 history_expected=0 history_calls=0 history_bytes=0 history_success=0 history_fail=0 x_calls=38 x_bytes=5092608 x_success=38 x_fail=0 kb_calls=0 kb_bytes=0 kb_success=0 kb_fail=0 total=38 injected=0 history_level=-1 x_level=1 kb_level=-1 shape_bad=0 x_each_worker_once=1
CASE_PASS m=1047 n=33 sve16_entries=65 expected=65 old_entries=65 packed_entries=0 packed_expected=0 wide_entries=260 wide_expected=260 wrapper_entries=1 wrapper_expected=1
ARGUMENTS_PASS m=1047 n=33 calls=260 bad=0 expected_panel_stride=8376
ALLOCATION_SUMMARY_PASS cases=13 budget_cases=0 shared_injection_cases=0
PASS whole_cases=13 noop_cases=4 non_dyadic_long_double_RHS=1 padding_L_unchanged=1 max_error=1.1102230246251565e-16
SOURCE_FEATURES_PASS panel16=1 packedL16=1 has_budget=1 history_budget_bytes=4194304 panel8x16=1
MODE=wide-grid THREADS=4 NARROW_VL=0 EXPECT_SVE16=0 EXPECT_PACKEDL16=0
ALLOC_PASS m=1039 n=15 small=1 wide_path=0 history_expected=0 history_calls=0 history_bytes=0 history_success=0 history_fail=0 x_calls=4 x_bytes=265984 x_success=4 x_fail=0 kb_calls=0 kb_bytes=0 kb_success=0 kb_fail=0 total=4 injected=0 history_level=-1 x_level=1 kb_level=-1 shape_bad=0 x_each_worker_once=1
CASE_PASS m=1039 n=15 sve16_entries=0 expected=0 old_entries=0 packed_entries=0 packed_expected=0 wide_entries=0 wide_expected=0 wrapper_entries=0 wrapper_expected=0
ARGUMENTS_PASS m=1039 n=15 calls=0 bad=0 expected_panel_stride=8312
ALLOC_PASS m=1039 n=16 small=1 wide_path=0 history_expected=0 history_calls=0 history_bytes=0 history_success=0 history_fail=0 x_calls=4 x_bytes=265984 x_success=4 x_fail=0 kb_calls=0 kb_bytes=0 kb_success=0 kb_fail=0 total=4 injected=0 history_level=-1 x_level=1 kb_level=-1 shape_bad=0 x_each_worker_once=1
CASE_PASS m=1039 n=16 sve16_entries=0 expected=0 old_entries=0 packed_entries=0 packed_expected=0 wide_entries=0 wide_expected=0 wrapper_entries=0 wrapper_expected=0
ARGUMENTS_PASS m=1039 n=16 calls=0 bad=0 expected_panel_stride=8312
ALLOC_PASS m=1039 n=17 small=1 wide_path=0 history_expected=0 history_calls=0 history_bytes=0 history_success=0 history_fail=0 x_calls=4 x_bytes=265984 x_success=4 x_fail=0 kb_calls=0 kb_bytes=0 kb_success=0 kb_fail=0 total=4 injected=0 history_level=-1 x_level=1 kb_level=-1 shape_bad=0 x_each_worker_once=1
CASE_PASS m=1039 n=17 sve16_entries=0 expected=0 old_entries=0 packed_entries=0 packed_expected=0 wide_entries=0 wide_expected=0 wrapper_entries=0 wrapper_expected=0
ARGUMENTS_PASS m=1039 n=17 calls=0 bad=0 expected_panel_stride=8312
ALLOC_PASS m=1039 n=31 small=1 wide_path=0 history_expected=0 history_calls=0 history_bytes=0 history_success=0 history_fail=0 x_calls=4 x_bytes=265984 x_success=4 x_fail=0 kb_calls=0 kb_bytes=0 kb_success=0 kb_fail=0 total=4 injected=0 history_level=-1 x_level=1 kb_level=-1 shape_bad=0 x_each_worker_once=1
CASE_PASS m=1039 n=31 sve16_entries=0 expected=0 old_entries=0 packed_entries=0 packed_expected=0 wide_entries=0 wide_expected=0 wrapper_entries=0 wrapper_expected=0
ARGUMENTS_PASS m=1039 n=31 calls=0 bad=0 expected_panel_stride=8312
ALLOC_PASS m=1039 n=32 small=1 wide_path=0 history_expected=0 history_calls=0 history_bytes=0 history_success=0 history_fail=0 x_calls=4 x_bytes=265984 x_success=4 x_fail=0 kb_calls=0 kb_bytes=0 kb_success=0 kb_fail=0 total=4 injected=0 history_level=-1 x_level=1 kb_level=-1 shape_bad=0 x_each_worker_once=1
CASE_PASS m=1039 n=32 sve16_entries=0 expected=0 old_entries=0 packed_entries=0 packed_expected=0 wide_entries=0 wide_expected=0 wrapper_entries=0 wrapper_expected=0
ARGUMENTS_PASS m=1039 n=32 calls=0 bad=0 expected_panel_stride=8312
ALLOC_PASS m=1039 n=33 small=1 wide_path=0 history_expected=0 history_calls=0 history_bytes=0 history_success=0 history_fail=0 x_calls=4 x_bytes=265984 x_success=4 x_fail=0 kb_calls=0 kb_bytes=0 kb_success=0 kb_fail=0 total=4 injected=0 history_level=-1 x_level=1 kb_level=-1 shape_bad=0 x_each_worker_once=1
CASE_PASS m=1039 n=33 sve16_entries=0 expected=0 old_entries=0 packed_entries=0 packed_expected=0 wide_entries=0 wide_expected=0 wrapper_entries=0 wrapper_expected=0
ARGUMENTS_PASS m=1039 n=33 calls=0 bad=0 expected_panel_stride=8312
ALLOC_PASS m=1040 n=15 small=1 wide_path=0 history_expected=0 history_calls=0 history_bytes=0 history_success=0 history_fail=0 x_calls=4 x_bytes=266240 x_success=4 x_fail=0 kb_calls=0 kb_bytes=0 kb_success=0 kb_fail=0 total=4 injected=0 history_level=-1 x_level=1 kb_level=-1 shape_bad=0 x_each_worker_once=1
CASE_PASS m=1040 n=15 sve16_entries=0 expected=0 old_entries=0 packed_entries=0 packed_expected=0 wide_entries=0 wide_expected=0 wrapper_entries=0 wrapper_expected=0
ARGUMENTS_PASS m=1040 n=15 calls=0 bad=0 expected_panel_stride=8320
ALLOC_PASS m=1040 n=16 small=1 wide_path=0 history_expected=0 history_calls=0 history_bytes=0 history_success=0 history_fail=0 x_calls=4 x_bytes=266240 x_success=4 x_fail=0 kb_calls=0 kb_bytes=0 kb_success=0 kb_fail=0 total=4 injected=0 history_level=-1 x_level=1 kb_level=-1 shape_bad=0 x_each_worker_once=1
CASE_PASS m=1040 n=16 sve16_entries=0 expected=0 old_entries=0 packed_entries=0 packed_expected=0 wide_entries=0 wide_expected=0 wrapper_entries=0 wrapper_expected=0
ARGUMENTS_PASS m=1040 n=16 calls=0 bad=0 expected_panel_stride=8320
ALLOC_PASS m=1040 n=17 small=1 wide_path=0 history_expected=0 history_calls=0 history_bytes=0 history_success=0 history_fail=0 x_calls=4 x_bytes=266240 x_success=4 x_fail=0 kb_calls=0 kb_bytes=0 kb_success=0 kb_fail=0 total=4 injected=0 history_level=-1 x_level=1 kb_level=-1 shape_bad=0 x_each_worker_once=1
CASE_PASS m=1040 n=17 sve16_entries=0 expected=0 old_entries=0 packed_entries=0 packed_expected=0 wide_entries=0 wide_expected=0 wrapper_entries=0 wrapper_expected=0
ARGUMENTS_PASS m=1040 n=17 calls=0 bad=0 expected_panel_stride=8320
ALLOC_PASS m=1040 n=31 small=1 wide_path=0 history_expected=0 history_calls=0 history_bytes=0 history_success=0 history_fail=0 x_calls=4 x_bytes=266240 x_success=4 x_fail=0 kb_calls=0 kb_bytes=0 kb_success=0 kb_fail=0 total=4 injected=0 history_level=-1 x_level=1 kb_level=-1 shape_bad=0 x_each_worker_once=1
CASE_PASS m=1040 n=31 sve16_entries=0 expected=0 old_entries=0 packed_entries=0 packed_expected=0 wide_entries=0 wide_expected=0 wrapper_entries=0 wrapper_expected=0
ARGUMENTS_PASS m=1040 n=31 calls=0 bad=0 expected_panel_stride=8320
ALLOC_PASS m=1040 n=32 small=1 wide_path=0 history_expected=0 history_calls=0 history_bytes=0 history_success=0 history_fail=0 x_calls=4 x_bytes=266240 x_success=4 x_fail=0 kb_calls=0 kb_bytes=0 kb_success=0 kb_fail=0 total=4 injected=0 history_level=-1 x_level=1 kb_level=-1 shape_bad=0 x_each_worker_once=1
CASE_PASS m=1040 n=32 sve16_entries=0 expected=0 old_entries=0 packed_entries=0 packed_expected=0 wide_entries=0 wide_expected=0 wrapper_entries=0 wrapper_expected=0
ARGUMENTS_PASS m=1040 n=32 calls=0 bad=0 expected_panel_stride=8320
ALLOC_PASS m=1040 n=33 small=1 wide_path=0 history_expected=0 history_calls=0 history_bytes=0 history_success=0 history_fail=0 x_calls=4 x_bytes=266240 x_success=4 x_fail=0 kb_calls=0 kb_bytes=0 kb_success=0 kb_fail=0 total=4 injected=0 history_level=-1 x_level=1 kb_level=-1 shape_bad=0 x_each_worker_once=1
CASE_PASS m=1040 n=33 sve16_entries=0 expected=0 old_entries=0 packed_entries=0 packed_expected=0 wide_entries=0 wide_expected=0 wrapper_entries=0 wrapper_expected=0
ARGUMENTS_PASS m=1040 n=33 calls=0 bad=0 expected_panel_stride=8320
ALLOCATION_SUMMARY_PASS cases=12 budget_cases=0 shared_injection_cases=0
PASS whole_cases=12 noop_cases=4 non_dyadic_long_double_RHS=1 padding_L_unchanged=1 max_error=1.1102230246251565e-16
SOURCE_FEATURES_PASS panel16=1 packedL16=1 has_budget=1 history_budget_bytes=4194304 panel8x16=1
MODE=wide-grid THREADS=4 NARROW_VL=1 EXPECT_SVE16=0 EXPECT_PACKEDL16=0
ALLOC_PASS m=1039 n=15 small=1 wide_path=0 history_expected=1 history_calls=1 history_bytes=4128768 history_success=1 history_fail=0 x_calls=4 x_bytes=265984 x_success=4 x_fail=0 kb_calls=0 kb_bytes=0 kb_success=0 kb_fail=0 total=5 injected=0 history_level=0 x_level=1 kb_level=-1 shape_bad=0 x_each_worker_once=1
CASE_PASS m=1039 n=15 sve16_entries=0 expected=0 old_entries=0 packed_entries=0 packed_expected=0 wide_entries=0 wide_expected=0 wrapper_entries=0 wrapper_expected=0
ARGUMENTS_PASS m=1039 n=15 calls=0 bad=0 expected_panel_stride=8312
ALLOC_PASS m=1039 n=16 small=1 wide_path=0 history_expected=1 history_calls=1 history_bytes=4128768 history_success=1 history_fail=0 x_calls=4 x_bytes=265984 x_success=4 x_fail=0 kb_calls=0 kb_bytes=0 kb_success=0 kb_fail=0 total=5 injected=0 history_level=0 x_level=1 kb_level=-1 shape_bad=0 x_each_worker_once=1
CASE_PASS m=1039 n=16 sve16_entries=0 expected=0 old_entries=0 packed_entries=0 packed_expected=0 wide_entries=0 wide_expected=0 wrapper_entries=0 wrapper_expected=0
ARGUMENTS_PASS m=1039 n=16 calls=0 bad=0 expected_panel_stride=8312
ALLOC_PASS m=1039 n=17 small=1 wide_path=0 history_expected=1 history_calls=1 history_bytes=4128768 history_success=1 history_fail=0 x_calls=4 x_bytes=265984 x_success=4 x_fail=0 kb_calls=0 kb_bytes=0 kb_success=0 kb_fail=0 total=5 injected=0 history_level=0 x_level=1 kb_level=-1 shape_bad=0 x_each_worker_once=1
CASE_PASS m=1039 n=17 sve16_entries=0 expected=0 old_entries=0 packed_entries=0 packed_expected=0 wide_entries=0 wide_expected=0 wrapper_entries=0 wrapper_expected=0
ARGUMENTS_PASS m=1039 n=17 calls=0 bad=0 expected_panel_stride=8312
ALLOC_PASS m=1039 n=31 small=1 wide_path=0 history_expected=1 history_calls=1 history_bytes=4128768 history_success=1 history_fail=0 x_calls=4 x_bytes=265984 x_success=4 x_fail=0 kb_calls=0 kb_bytes=0 kb_success=0 kb_fail=0 total=5 injected=0 history_level=0 x_level=1 kb_level=-1 shape_bad=0 x_each_worker_once=1
CASE_PASS m=1039 n=31 sve16_entries=0 expected=0 old_entries=0 packed_entries=0 packed_expected=0 wide_entries=0 wide_expected=0 wrapper_entries=0 wrapper_expected=0
ARGUMENTS_PASS m=1039 n=31 calls=0 bad=0 expected_panel_stride=8312
ALLOC_PASS m=1039 n=32 small=1 wide_path=0 history_expected=1 history_calls=1 history_bytes=4128768 history_success=1 history_fail=0 x_calls=4 x_bytes=265984 x_success=4 x_fail=0 kb_calls=0 kb_bytes=0 kb_success=0 kb_fail=0 total=5 injected=0 history_level=0 x_level=1 kb_level=-1 shape_bad=0 x_each_worker_once=1
CASE_PASS m=1039 n=32 sve16_entries=0 expected=0 old_entries=0 packed_entries=0 packed_expected=0 wide_entries=0 wide_expected=0 wrapper_entries=0 wrapper_expected=0
ARGUMENTS_PASS m=1039 n=32 calls=0 bad=0 expected_panel_stride=8312
ALLOC_PASS m=1039 n=33 small=1 wide_path=0 history_expected=1 history_calls=1 history_bytes=4128768 history_success=1 history_fail=0 x_calls=4 x_bytes=265984 x_success=4 x_fail=0 kb_calls=0 kb_bytes=0 kb_success=0 kb_fail=0 total=5 injected=0 history_level=0 x_level=1 kb_level=-1 shape_bad=0 x_each_worker_once=1
CASE_PASS m=1039 n=33 sve16_entries=0 expected=0 old_entries=0 packed_entries=0 packed_expected=0 wide_entries=0 wide_expected=0 wrapper_entries=0 wrapper_expected=0
ARGUMENTS_PASS m=1039 n=33 calls=0 bad=0 expected_panel_stride=8312
ALLOC_PASS m=1040 n=15 small=1 wide_path=1 history_expected=0 history_calls=0 history_bytes=0 history_success=0 history_fail=0 x_calls=4 x_bytes=532480 x_success=4 x_fail=0 kb_calls=0 kb_bytes=0 kb_success=0 kb_fail=0 total=4 injected=0 history_level=-1 x_level=1 kb_level=-1 shape_bad=0 x_each_worker_once=1
CASE_PASS m=1040 n=15 sve16_entries=0 expected=0 old_entries=0 packed_entries=0 packed_expected=0 wide_entries=0 wide_expected=0 wrapper_entries=1 wrapper_expected=1
ARGUMENTS_PASS m=1040 n=15 calls=0 bad=0 expected_panel_stride=8320
ALLOC_PASS m=1040 n=16 small=1 wide_path=1 history_expected=0 history_calls=0 history_bytes=0 history_success=0 history_fail=0 x_calls=4 x_bytes=532480 x_success=4 x_fail=0 kb_calls=0 kb_bytes=0 kb_success=0 kb_fail=0 total=4 injected=0 history_level=-1 x_level=1 kb_level=-1 shape_bad=0 x_each_worker_once=1
CASE_PASS m=1040 n=16 sve16_entries=0 expected=0 old_entries=0 packed_entries=0 packed_expected=0 wide_entries=0 wide_expected=0 wrapper_entries=1 wrapper_expected=1
ARGUMENTS_PASS m=1040 n=16 calls=0 bad=0 expected_panel_stride=8320
ALLOC_PASS m=1040 n=17 small=1 wide_path=1 history_expected=0 history_calls=0 history_bytes=0 history_success=0 history_fail=0 x_calls=4 x_bytes=532480 x_success=4 x_fail=0 kb_calls=0 kb_bytes=0 kb_success=0 kb_fail=0 total=4 injected=0 history_level=-1 x_level=1 kb_level=-1 shape_bad=0 x_each_worker_once=1
CASE_PASS m=1040 n=17 sve16_entries=0 expected=0 old_entries=0 packed_entries=0 packed_expected=0 wide_entries=0 wide_expected=0 wrapper_entries=1 wrapper_expected=1
ARGUMENTS_PASS m=1040 n=17 calls=0 bad=0 expected_panel_stride=8320
ALLOC_PASS m=1040 n=31 small=1 wide_path=1 history_expected=0 history_calls=0 history_bytes=0 history_success=0 history_fail=0 x_calls=4 x_bytes=532480 x_success=4 x_fail=0 kb_calls=0 kb_bytes=0 kb_success=0 kb_fail=0 total=4 injected=0 history_level=-1 x_level=1 kb_level=-1 shape_bad=0 x_each_worker_once=1
CASE_PASS m=1040 n=31 sve16_entries=0 expected=0 old_entries=0 packed_entries=0 packed_expected=0 wide_entries=0 wide_expected=0 wrapper_entries=1 wrapper_expected=1
ARGUMENTS_PASS m=1040 n=31 calls=0 bad=0 expected_panel_stride=8320
ALLOC_PASS m=1040 n=32 small=1 wide_path=1 history_expected=0 history_calls=0 history_bytes=0 history_success=0 history_fail=0 x_calls=4 x_bytes=532480 x_success=4 x_fail=0 kb_calls=0 kb_bytes=0 kb_success=0 kb_fail=0 total=4 injected=0 history_level=-1 x_level=1 kb_level=-1 shape_bad=0 x_each_worker_once=1
CASE_PASS m=1040 n=32 sve16_entries=0 expected=0 old_entries=0 packed_entries=0 packed_expected=0 wide_entries=0 wide_expected=0 wrapper_entries=1 wrapper_expected=1
ARGUMENTS_PASS m=1040 n=32 calls=0 bad=0 expected_panel_stride=8320
ALLOC_PASS m=1040 n=33 small=1 wide_path=1 history_expected=0 history_calls=0 history_bytes=0 history_success=0 history_fail=0 x_calls=4 x_bytes=532480 x_success=4 x_fail=0 kb_calls=0 kb_bytes=0 kb_success=0 kb_fail=0 total=4 injected=0 history_level=-1 x_level=1 kb_level=-1 shape_bad=0 x_each_worker_once=1
CASE_PASS m=1040 n=33 sve16_entries=0 expected=0 old_entries=0 packed_entries=0 packed_expected=0 wide_entries=0 wide_expected=0 wrapper_entries=1 wrapper_expected=1
ARGUMENTS_PASS m=1040 n=33 calls=0 bad=0 expected_panel_stride=8320
ALLOCATION_SUMMARY_PASS cases=12 budget_cases=0 shared_injection_cases=0
PASS whole_cases=12 noop_cases=4 non_dyadic_long_double_RHS=1 padding_L_unchanged=1 max_error=1.1102230246251565e-16
SOURCE_FEATURES_PASS panel16=1 packedL16=1 has_budget=1 history_budget_bytes=4194304 panel8x16=1
MODE=wide-grid THREADS=4 NARROW_VL=0 EXPECT_SVE16=1 EXPECT_PACKEDL16=0
ALLOC_PASS m=1039 n=15 small=1 wide_path=0 history_expected=1 history_calls=1 history_bytes=4128768 history_success=0 history_fail=1 x_calls=4 x_bytes=265984 x_success=4 x_fail=0 kb_calls=0 kb_bytes=0 kb_success=0 kb_fail=0 total=5 injected=1 history_level=0 x_level=1 kb_level=-1 shape_bad=0 x_each_worker_once=1
CASE_PASS m=1039 n=15 sve16_entries=128 expected=128 old_entries=128 packed_entries=0 packed_expected=0 wide_entries=0 wide_expected=0 wrapper_entries=0 wrapper_expected=0
ARGUMENTS_PASS m=1039 n=15 calls=0 bad=0 expected_panel_stride=8312
SHARED_ALLOC_PASS m=1039 n=15 calls=5 injected=1 shared_first=1 later_X_success=4
ALLOC_PASS m=1039 n=16 small=1 wide_path=0 history_expected=1 history_calls=1 history_bytes=4128768 history_success=0 history_fail=1 x_calls=4 x_bytes=265984 x_success=4 x_fail=0 kb_calls=0 kb_bytes=0 kb_success=0 kb_fail=0 total=5 injected=1 history_level=0 x_level=1 kb_level=-1 shape_bad=0 x_each_worker_once=1
CASE_PASS m=1039 n=16 sve16_entries=128 expected=128 old_entries=128 packed_entries=0 packed_expected=0 wide_entries=0 wide_expected=0 wrapper_entries=0 wrapper_expected=0
ARGUMENTS_PASS m=1039 n=16 calls=0 bad=0 expected_panel_stride=8312
SHARED_ALLOC_PASS m=1039 n=16 calls=5 injected=1 shared_first=1 later_X_success=4
ALLOC_PASS m=1039 n=17 small=1 wide_path=0 history_expected=1 history_calls=1 history_bytes=4128768 history_success=0 history_fail=1 x_calls=4 x_bytes=265984 x_success=4 x_fail=0 kb_calls=0 kb_bytes=0 kb_success=0 kb_fail=0 total=5 injected=1 history_level=0 x_level=1 kb_level=-1 shape_bad=0 x_each_worker_once=1
CASE_PASS m=1039 n=17 sve16_entries=192 expected=192 old_entries=192 packed_entries=0 packed_expected=0 wide_entries=0 wide_expected=0 wrapper_entries=0 wrapper_expected=0
ARGUMENTS_PASS m=1039 n=17 calls=0 bad=0 expected_panel_stride=8312
SHARED_ALLOC_PASS m=1039 n=17 calls=5 injected=1 shared_first=1 later_X_success=4
ALLOC_PASS m=1039 n=31 small=1 wide_path=0 history_expected=1 history_calls=1 history_bytes=4128768 history_success=0 history_fail=1 x_calls=4 x_bytes=265984 x_success=4 x_fail=0 kb_calls=0 kb_bytes=0 kb_success=0 kb_fail=0 total=5 injected=1 history_level=0 x_level=1 kb_level=-1 shape_bad=0 x_each_worker_once=1
CASE_PASS m=1039 n=31 sve16_entries=256 expected=256 old_entries=256 packed_entries=0 packed_expected=0 wide_entries=0 wide_expected=0 wrapper_entries=0 wrapper_expected=0
ARGUMENTS_PASS m=1039 n=31 calls=0 bad=0 expected_panel_stride=8312
SHARED_ALLOC_PASS m=1039 n=31 calls=5 injected=1 shared_first=1 later_X_success=4
ALLOC_PASS m=1039 n=32 small=1 wide_path=0 history_expected=1 history_calls=1 history_bytes=4128768 history_success=0 history_fail=1 x_calls=4 x_bytes=265984 x_success=4 x_fail=0 kb_calls=0 kb_bytes=0 kb_success=0 kb_fail=0 total=5 injected=1 history_level=0 x_level=1 kb_level=-1 shape_bad=0 x_each_worker_once=1
CASE_PASS m=1039 n=32 sve16_entries=256 expected=256 old_entries=256 packed_entries=0 packed_expected=0 wide_entries=0 wide_expected=0 wrapper_entries=0 wrapper_expected=0
ARGUMENTS_PASS m=1039 n=32 calls=0 bad=0 expected_panel_stride=8312
SHARED_ALLOC_PASS m=1039 n=32 calls=5 injected=1 shared_first=1 later_X_success=4
ALLOC_PASS m=1039 n=33 small=1 wide_path=0 history_expected=1 history_calls=1 history_bytes=4128768 history_success=0 history_fail=1 x_calls=4 x_bytes=265984 x_success=4 x_fail=0 kb_calls=0 kb_bytes=0 kb_success=0 kb_fail=0 total=5 injected=1 history_level=0 x_level=1 kb_level=-1 shape_bad=0 x_each_worker_once=1
CASE_PASS m=1039 n=33 sve16_entries=320 expected=320 old_entries=320 packed_entries=0 packed_expected=0 wide_entries=0 wide_expected=0 wrapper_entries=0 wrapper_expected=0
ARGUMENTS_PASS m=1039 n=33 calls=0 bad=0 expected_panel_stride=8312
SHARED_ALLOC_PASS m=1039 n=33 calls=5 injected=1 shared_first=1 later_X_success=4
ALLOC_PASS m=1040 n=15 small=1 wide_path=1 history_expected=0 history_calls=0 history_bytes=0 history_success=0 history_fail=0 x_calls=4 x_bytes=532480 x_success=4 x_fail=0 kb_calls=0 kb_bytes=0 kb_success=0 kb_fail=0 total=4 injected=0 history_level=-1 x_level=1 kb_level=-1 shape_bad=0 x_each_worker_once=1
CASE_PASS m=1040 n=15 sve16_entries=130 expected=130 old_entries=130 packed_entries=0 packed_expected=0 wide_entries=0 wide_expected=0 wrapper_entries=1 wrapper_expected=1
ARGUMENTS_PASS m=1040 n=15 calls=0 bad=0 expected_panel_stride=8320
ALLOC_PASS m=1040 n=16 small=1 wide_path=1 history_expected=0 history_calls=0 history_bytes=0 history_success=0 history_fail=0 x_calls=4 x_bytes=532480 x_success=4 x_fail=0 kb_calls=0 kb_bytes=0 kb_success=0 kb_fail=0 total=4 injected=0 history_level=-1 x_level=1 kb_level=-1 shape_bad=0 x_each_worker_once=1
CASE_PASS m=1040 n=16 sve16_entries=0 expected=0 old_entries=0 packed_entries=0 packed_expected=0 wide_entries=130 wide_expected=130 wrapper_entries=1 wrapper_expected=1
ARGUMENTS_PASS m=1040 n=16 calls=130 bad=0 expected_panel_stride=8320
ALLOC_PASS m=1040 n=17 small=1 wide_path=1 history_expected=0 history_calls=0 history_bytes=0 history_success=0 history_fail=0 x_calls=4 x_bytes=532480 x_success=4 x_fail=0 kb_calls=0 kb_bytes=0 kb_success=0 kb_fail=0 total=4 injected=0 history_level=-1 x_level=1 kb_level=-1 shape_bad=0 x_each_worker_once=1
CASE_PASS m=1040 n=17 sve16_entries=65 expected=65 old_entries=65 packed_entries=0 packed_expected=0 wide_entries=130 wide_expected=130 wrapper_entries=1 wrapper_expected=1
ARGUMENTS_PASS m=1040 n=17 calls=130 bad=0 expected_panel_stride=8320
ALLOC_PASS m=1040 n=31 small=1 wide_path=1 history_expected=0 history_calls=0 history_bytes=0 history_success=0 history_fail=0 x_calls=4 x_bytes=532480 x_success=4 x_fail=0 kb_calls=0 kb_bytes=0 kb_success=0 kb_fail=0 total=4 injected=0 history_level=-1 x_level=1 kb_level=-1 shape_bad=0 x_each_worker_once=1
CASE_PASS m=1040 n=31 sve16_entries=130 expected=130 old_entries=130 packed_entries=0 packed_expected=0 wide_entries=130 wide_expected=130 wrapper_entries=1 wrapper_expected=1
ARGUMENTS_PASS m=1040 n=31 calls=130 bad=0 expected_panel_stride=8320
ALLOC_PASS m=1040 n=32 small=1 wide_path=1 history_expected=0 history_calls=0 history_bytes=0 history_success=0 history_fail=0 x_calls=4 x_bytes=532480 x_success=4 x_fail=0 kb_calls=0 kb_bytes=0 kb_success=0 kb_fail=0 total=4 injected=0 history_level=-1 x_level=1 kb_level=-1 shape_bad=0 x_each_worker_once=1
CASE_PASS m=1040 n=32 sve16_entries=0 expected=0 old_entries=0 packed_entries=0 packed_expected=0 wide_entries=260 wide_expected=260 wrapper_entries=1 wrapper_expected=1
ARGUMENTS_PASS m=1040 n=32 calls=260 bad=0 expected_panel_stride=8320
ALLOC_PASS m=1040 n=33 small=1 wide_path=1 history_expected=0 history_calls=0 history_bytes=0 history_success=0 history_fail=0 x_calls=4 x_bytes=532480 x_success=4 x_fail=0 kb_calls=0 kb_bytes=0 kb_success=0 kb_fail=0 total=4 injected=0 history_level=-1 x_level=1 kb_level=-1 shape_bad=0 x_each_worker_once=1
CASE_PASS m=1040 n=33 sve16_entries=65 expected=65 old_entries=65 packed_entries=0 packed_expected=0 wide_entries=260 wide_expected=260 wrapper_entries=1 wrapper_expected=1
ARGUMENTS_PASS m=1040 n=33 calls=260 bad=0 expected_panel_stride=8320
ALLOCATION_SUMMARY_PASS cases=12 budget_cases=0 shared_injection_cases=6
PASS whole_cases=12 noop_cases=4 non_dyadic_long_double_RHS=1 padding_L_unchanged=1 max_error=1.1102230246251565e-16
SOURCE_FEATURES_PASS panel16=1 packedL16=1 has_budget=1 history_budget_bytes=4194304 panel8x16=1
MODE=wide-grid THREADS=4 NARROW_VL=0 EXPECT_SVE16=0 EXPECT_PACKEDL16=0
ALLOC_PASS m=1039 n=15 small=1 wide_path=0 history_expected=1 history_calls=1 history_bytes=4128768 history_success=1 history_fail=0 x_calls=4 x_bytes=265984 x_success=0 x_fail=4 kb_calls=0 kb_bytes=0 kb_success=0 kb_fail=0 total=5 injected=4 history_level=0 x_level=1 kb_level=-1 shape_bad=0 x_each_worker_once=1
CASE_PASS m=1039 n=15 sve16_entries=0 expected=0 old_entries=0 packed_entries=0 packed_expected=0 wide_entries=0 wide_expected=0 wrapper_entries=0 wrapper_expected=0
ARGUMENTS_PASS m=1039 n=15 calls=0 bad=0 expected_panel_stride=8312
ALLOC_PASS m=1039 n=16 small=1 wide_path=0 history_expected=1 history_calls=1 history_bytes=4128768 history_success=1 history_fail=0 x_calls=4 x_bytes=265984 x_success=0 x_fail=4 kb_calls=0 kb_bytes=0 kb_success=0 kb_fail=0 total=5 injected=4 history_level=0 x_level=1 kb_level=-1 shape_bad=0 x_each_worker_once=1
CASE_PASS m=1039 n=16 sve16_entries=0 expected=0 old_entries=0 packed_entries=0 packed_expected=0 wide_entries=0 wide_expected=0 wrapper_entries=0 wrapper_expected=0
ARGUMENTS_PASS m=1039 n=16 calls=0 bad=0 expected_panel_stride=8312
ALLOC_PASS m=1039 n=17 small=1 wide_path=0 history_expected=1 history_calls=1 history_bytes=4128768 history_success=1 history_fail=0 x_calls=4 x_bytes=265984 x_success=0 x_fail=4 kb_calls=0 kb_bytes=0 kb_success=0 kb_fail=0 total=5 injected=4 history_level=0 x_level=1 kb_level=-1 shape_bad=0 x_each_worker_once=1
CASE_PASS m=1039 n=17 sve16_entries=0 expected=0 old_entries=0 packed_entries=0 packed_expected=0 wide_entries=0 wide_expected=0 wrapper_entries=0 wrapper_expected=0
ARGUMENTS_PASS m=1039 n=17 calls=0 bad=0 expected_panel_stride=8312
ALLOC_PASS m=1039 n=31 small=1 wide_path=0 history_expected=1 history_calls=1 history_bytes=4128768 history_success=1 history_fail=0 x_calls=4 x_bytes=265984 x_success=0 x_fail=4 kb_calls=0 kb_bytes=0 kb_success=0 kb_fail=0 total=5 injected=4 history_level=0 x_level=1 kb_level=-1 shape_bad=0 x_each_worker_once=1
CASE_PASS m=1039 n=31 sve16_entries=0 expected=0 old_entries=0 packed_entries=0 packed_expected=0 wide_entries=0 wide_expected=0 wrapper_entries=0 wrapper_expected=0
ARGUMENTS_PASS m=1039 n=31 calls=0 bad=0 expected_panel_stride=8312
ALLOC_PASS m=1039 n=32 small=1 wide_path=0 history_expected=1 history_calls=1 history_bytes=4128768 history_success=1 history_fail=0 x_calls=4 x_bytes=265984 x_success=0 x_fail=4 kb_calls=0 kb_bytes=0 kb_success=0 kb_fail=0 total=5 injected=4 history_level=0 x_level=1 kb_level=-1 shape_bad=0 x_each_worker_once=1
CASE_PASS m=1039 n=32 sve16_entries=0 expected=0 old_entries=0 packed_entries=0 packed_expected=0 wide_entries=0 wide_expected=0 wrapper_entries=0 wrapper_expected=0
ARGUMENTS_PASS m=1039 n=32 calls=0 bad=0 expected_panel_stride=8312
ALLOC_PASS m=1039 n=33 small=1 wide_path=0 history_expected=1 history_calls=1 history_bytes=4128768 history_success=1 history_fail=0 x_calls=4 x_bytes=265984 x_success=0 x_fail=4 kb_calls=0 kb_bytes=0 kb_success=0 kb_fail=0 total=5 injected=4 history_level=0 x_level=1 kb_level=-1 shape_bad=0 x_each_worker_once=1
CASE_PASS m=1039 n=33 sve16_entries=0 expected=0 old_entries=0 packed_entries=0 packed_expected=0 wide_entries=0 wide_expected=0 wrapper_entries=0 wrapper_expected=0
ARGUMENTS_PASS m=1039 n=33 calls=0 bad=0 expected_panel_stride=8312
ALLOC_PASS m=1040 n=15 small=1 wide_path=1 history_expected=0 history_calls=0 history_bytes=0 history_success=0 history_fail=0 x_calls=4 x_bytes=532480 x_success=0 x_fail=4 kb_calls=0 kb_bytes=0 kb_success=0 kb_fail=0 total=4 injected=4 history_level=-1 x_level=1 kb_level=-1 shape_bad=0 x_each_worker_once=1
CASE_PASS m=1040 n=15 sve16_entries=0 expected=0 old_entries=0 packed_entries=0 packed_expected=0 wide_entries=0 wide_expected=0 wrapper_entries=1 wrapper_expected=1
ARGUMENTS_PASS m=1040 n=15 calls=0 bad=0 expected_panel_stride=8320
ALLOC_PASS m=1040 n=16 small=1 wide_path=1 history_expected=0 history_calls=0 history_bytes=0 history_success=0 history_fail=0 x_calls=4 x_bytes=532480 x_success=0 x_fail=4 kb_calls=0 kb_bytes=0 kb_success=0 kb_fail=0 total=4 injected=4 history_level=-1 x_level=1 kb_level=-1 shape_bad=0 x_each_worker_once=1
CASE_PASS m=1040 n=16 sve16_entries=0 expected=0 old_entries=0 packed_entries=0 packed_expected=0 wide_entries=0 wide_expected=0 wrapper_entries=1 wrapper_expected=1
ARGUMENTS_PASS m=1040 n=16 calls=0 bad=0 expected_panel_stride=8320
ALLOC_PASS m=1040 n=17 small=1 wide_path=1 history_expected=0 history_calls=0 history_bytes=0 history_success=0 history_fail=0 x_calls=4 x_bytes=532480 x_success=0 x_fail=4 kb_calls=0 kb_bytes=0 kb_success=0 kb_fail=0 total=4 injected=4 history_level=-1 x_level=1 kb_level=-1 shape_bad=0 x_each_worker_once=1
CASE_PASS m=1040 n=17 sve16_entries=0 expected=0 old_entries=0 packed_entries=0 packed_expected=0 wide_entries=0 wide_expected=0 wrapper_entries=1 wrapper_expected=1
ARGUMENTS_PASS m=1040 n=17 calls=0 bad=0 expected_panel_stride=8320
ALLOC_PASS m=1040 n=31 small=1 wide_path=1 history_expected=0 history_calls=0 history_bytes=0 history_success=0 history_fail=0 x_calls=4 x_bytes=532480 x_success=0 x_fail=4 kb_calls=0 kb_bytes=0 kb_success=0 kb_fail=0 total=4 injected=4 history_level=-1 x_level=1 kb_level=-1 shape_bad=0 x_each_worker_once=1
CASE_PASS m=1040 n=31 sve16_entries=0 expected=0 old_entries=0 packed_entries=0 packed_expected=0 wide_entries=0 wide_expected=0 wrapper_entries=1 wrapper_expected=1
ARGUMENTS_PASS m=1040 n=31 calls=0 bad=0 expected_panel_stride=8320
ALLOC_PASS m=1040 n=32 small=1 wide_path=1 history_expected=0 history_calls=0 history_bytes=0 history_success=0 history_fail=0 x_calls=4 x_bytes=532480 x_success=0 x_fail=4 kb_calls=0 kb_bytes=0 kb_success=0 kb_fail=0 total=4 injected=4 history_level=-1 x_level=1 kb_level=-1 shape_bad=0 x_each_worker_once=1
CASE_PASS m=1040 n=32 sve16_entries=0 expected=0 old_entries=0 packed_entries=0 packed_expected=0 wide_entries=0 wide_expected=0 wrapper_entries=1 wrapper_expected=1
ARGUMENTS_PASS m=1040 n=32 calls=0 bad=0 expected_panel_stride=8320
ALLOC_PASS m=1040 n=33 small=1 wide_path=1 history_expected=0 history_calls=0 history_bytes=0 history_success=0 history_fail=0 x_calls=4 x_bytes=532480 x_success=0 x_fail=4 kb_calls=0 kb_bytes=0 kb_success=0 kb_fail=0 total=4 injected=4 history_level=-1 x_level=1 kb_level=-1 shape_bad=0 x_each_worker_once=1
CASE_PASS m=1040 n=33 sve16_entries=0 expected=0 old_entries=0 packed_entries=0 packed_expected=0 wide_entries=0 wide_expected=0 wrapper_entries=1 wrapper_expected=1
ARGUMENTS_PASS m=1040 n=33 calls=0 bad=0 expected_panel_stride=8320
ALLOCATION_SUMMARY_PASS cases=12 budget_cases=0 shared_injection_cases=0
PASS whole_cases=12 noop_cases=4 non_dyadic_long_double_RHS=1 padding_L_unchanged=1 max_error=1.1102230246251565e-16
SOURCE_FEATURES_PASS panel16=1 packedL16=1 has_budget=1 history_budget_bytes=4194304 panel8x16=1
MODE=wide-grid THREADS=4 NARROW_VL=0 EXPECT_SVE16=0 EXPECT_PACKEDL16=0
ALLOC_PASS m=1039 n=15 small=1 wide_path=0 history_expected=1 history_calls=1 history_bytes=4128768 history_success=0 history_fail=1 x_calls=4 x_bytes=265984 x_success=0 x_fail=4 kb_calls=0 kb_bytes=0 kb_success=0 kb_fail=0 total=5 injected=5 history_level=0 x_level=1 kb_level=-1 shape_bad=0 x_each_worker_once=1
CASE_PASS m=1039 n=15 sve16_entries=0 expected=0 old_entries=0 packed_entries=0 packed_expected=0 wide_entries=0 wide_expected=0 wrapper_entries=0 wrapper_expected=0
ARGUMENTS_PASS m=1039 n=15 calls=0 bad=0 expected_panel_stride=8312
ALLOC_PASS m=1039 n=16 small=1 wide_path=0 history_expected=1 history_calls=1 history_bytes=4128768 history_success=0 history_fail=1 x_calls=4 x_bytes=265984 x_success=0 x_fail=4 kb_calls=0 kb_bytes=0 kb_success=0 kb_fail=0 total=5 injected=5 history_level=0 x_level=1 kb_level=-1 shape_bad=0 x_each_worker_once=1
CASE_PASS m=1039 n=16 sve16_entries=0 expected=0 old_entries=0 packed_entries=0 packed_expected=0 wide_entries=0 wide_expected=0 wrapper_entries=0 wrapper_expected=0
ARGUMENTS_PASS m=1039 n=16 calls=0 bad=0 expected_panel_stride=8312
ALLOC_PASS m=1039 n=17 small=1 wide_path=0 history_expected=1 history_calls=1 history_bytes=4128768 history_success=0 history_fail=1 x_calls=4 x_bytes=265984 x_success=0 x_fail=4 kb_calls=0 kb_bytes=0 kb_success=0 kb_fail=0 total=5 injected=5 history_level=0 x_level=1 kb_level=-1 shape_bad=0 x_each_worker_once=1
CASE_PASS m=1039 n=17 sve16_entries=0 expected=0 old_entries=0 packed_entries=0 packed_expected=0 wide_entries=0 wide_expected=0 wrapper_entries=0 wrapper_expected=0
ARGUMENTS_PASS m=1039 n=17 calls=0 bad=0 expected_panel_stride=8312
ALLOC_PASS m=1039 n=31 small=1 wide_path=0 history_expected=1 history_calls=1 history_bytes=4128768 history_success=0 history_fail=1 x_calls=4 x_bytes=265984 x_success=0 x_fail=4 kb_calls=0 kb_bytes=0 kb_success=0 kb_fail=0 total=5 injected=5 history_level=0 x_level=1 kb_level=-1 shape_bad=0 x_each_worker_once=1
CASE_PASS m=1039 n=31 sve16_entries=0 expected=0 old_entries=0 packed_entries=0 packed_expected=0 wide_entries=0 wide_expected=0 wrapper_entries=0 wrapper_expected=0
ARGUMENTS_PASS m=1039 n=31 calls=0 bad=0 expected_panel_stride=8312
ALLOC_PASS m=1039 n=32 small=1 wide_path=0 history_expected=1 history_calls=1 history_bytes=4128768 history_success=0 history_fail=1 x_calls=4 x_bytes=265984 x_success=0 x_fail=4 kb_calls=0 kb_bytes=0 kb_success=0 kb_fail=0 total=5 injected=5 history_level=0 x_level=1 kb_level=-1 shape_bad=0 x_each_worker_once=1
CASE_PASS m=1039 n=32 sve16_entries=0 expected=0 old_entries=0 packed_entries=0 packed_expected=0 wide_entries=0 wide_expected=0 wrapper_entries=0 wrapper_expected=0
ARGUMENTS_PASS m=1039 n=32 calls=0 bad=0 expected_panel_stride=8312
ALLOC_PASS m=1039 n=33 small=1 wide_path=0 history_expected=1 history_calls=1 history_bytes=4128768 history_success=0 history_fail=1 x_calls=4 x_bytes=265984 x_success=0 x_fail=4 kb_calls=0 kb_bytes=0 kb_success=0 kb_fail=0 total=5 injected=5 history_level=0 x_level=1 kb_level=-1 shape_bad=0 x_each_worker_once=1
CASE_PASS m=1039 n=33 sve16_entries=0 expected=0 old_entries=0 packed_entries=0 packed_expected=0 wide_entries=0 wide_expected=0 wrapper_entries=0 wrapper_expected=0
ARGUMENTS_PASS m=1039 n=33 calls=0 bad=0 expected_panel_stride=8312
ALLOC_PASS m=1040 n=15 small=1 wide_path=1 history_expected=0 history_calls=0 history_bytes=0 history_success=0 history_fail=0 x_calls=4 x_bytes=532480 x_success=0 x_fail=4 kb_calls=0 kb_bytes=0 kb_success=0 kb_fail=0 total=4 injected=4 history_level=-1 x_level=1 kb_level=-1 shape_bad=0 x_each_worker_once=1
CASE_PASS m=1040 n=15 sve16_entries=0 expected=0 old_entries=0 packed_entries=0 packed_expected=0 wide_entries=0 wide_expected=0 wrapper_entries=1 wrapper_expected=1
ARGUMENTS_PASS m=1040 n=15 calls=0 bad=0 expected_panel_stride=8320
ALLOC_PASS m=1040 n=16 small=1 wide_path=1 history_expected=0 history_calls=0 history_bytes=0 history_success=0 history_fail=0 x_calls=4 x_bytes=532480 x_success=0 x_fail=4 kb_calls=0 kb_bytes=0 kb_success=0 kb_fail=0 total=4 injected=4 history_level=-1 x_level=1 kb_level=-1 shape_bad=0 x_each_worker_once=1
CASE_PASS m=1040 n=16 sve16_entries=0 expected=0 old_entries=0 packed_entries=0 packed_expected=0 wide_entries=0 wide_expected=0 wrapper_entries=1 wrapper_expected=1
ARGUMENTS_PASS m=1040 n=16 calls=0 bad=0 expected_panel_stride=8320
ALLOC_PASS m=1040 n=17 small=1 wide_path=1 history_expected=0 history_calls=0 history_bytes=0 history_success=0 history_fail=0 x_calls=4 x_bytes=532480 x_success=0 x_fail=4 kb_calls=0 kb_bytes=0 kb_success=0 kb_fail=0 total=4 injected=4 history_level=-1 x_level=1 kb_level=-1 shape_bad=0 x_each_worker_once=1
CASE_PASS m=1040 n=17 sve16_entries=0 expected=0 old_entries=0 packed_entries=0 packed_expected=0 wide_entries=0 wide_expected=0 wrapper_entries=1 wrapper_expected=1
ARGUMENTS_PASS m=1040 n=17 calls=0 bad=0 expected_panel_stride=8320
ALLOC_PASS m=1040 n=31 small=1 wide_path=1 history_expected=0 history_calls=0 history_bytes=0 history_success=0 history_fail=0 x_calls=4 x_bytes=532480 x_success=0 x_fail=4 kb_calls=0 kb_bytes=0 kb_success=0 kb_fail=0 total=4 injected=4 history_level=-1 x_level=1 kb_level=-1 shape_bad=0 x_each_worker_once=1
CASE_PASS m=1040 n=31 sve16_entries=0 expected=0 old_entries=0 packed_entries=0 packed_expected=0 wide_entries=0 wide_expected=0 wrapper_entries=1 wrapper_expected=1
ARGUMENTS_PASS m=1040 n=31 calls=0 bad=0 expected_panel_stride=8320
ALLOC_PASS m=1040 n=32 small=1 wide_path=1 history_expected=0 history_calls=0 history_bytes=0 history_success=0 history_fail=0 x_calls=4 x_bytes=532480 x_success=0 x_fail=4 kb_calls=0 kb_bytes=0 kb_success=0 kb_fail=0 total=4 injected=4 history_level=-1 x_level=1 kb_level=-1 shape_bad=0 x_each_worker_once=1
CASE_PASS m=1040 n=32 sve16_entries=0 expected=0 old_entries=0 packed_entries=0 packed_expected=0 wide_entries=0 wide_expected=0 wrapper_entries=1 wrapper_expected=1
ARGUMENTS_PASS m=1040 n=32 calls=0 bad=0 expected_panel_stride=8320
ALLOC_PASS m=1040 n=33 small=1 wide_path=1 history_expected=0 history_calls=0 history_bytes=0 history_success=0 history_fail=0 x_calls=4 x_bytes=532480 x_success=0 x_fail=4 kb_calls=0 kb_bytes=0 kb_success=0 kb_fail=0 total=4 injected=4 history_level=-1 x_level=1 kb_level=-1 shape_bad=0 x_each_worker_once=1
CASE_PASS m=1040 n=33 sve16_entries=0 expected=0 old_entries=0 packed_entries=0 packed_expected=0 wide_entries=0 wide_expected=0 wrapper_entries=1 wrapper_expected=1
ARGUMENTS_PASS m=1040 n=33 calls=0 bad=0 expected_panel_stride=8320
ALLOCATION_SUMMARY_PASS cases=12 budget_cases=0 shared_injection_cases=0
PASS whole_cases=12 noop_cases=4 non_dyadic_long_double_RHS=1 padding_L_unchanged=1 max_error=1.1102230246251565e-16
TRSM_PANEL8X16_PREFLIGHT_COMPLETE=1 MICRO_CASES=46 WHOLE_CASES=615 NOOP_CASES=96 OLD_MICRO_CASES=14 PACKED_MICRO_CASES=14 WIDE_MICRO_CASES=18 SHARED_FAIL_CASES=89 ALLOCATION_CASES=615 BUDGET_CASES=32 BUDGET_SHARED_INJECTIONS=3 ARGUMENT_CHECKED_CASES=633 ARGUMENT_OBSERVATIONS=6388 WRAPPER_CALLS=55
