
production-conv2d.o:     file format elf64-littleaarch64


Disassembly of section .text:

0000000000000000 <conv2d._omp_fn.0>:
       0:	a9bc7bfd 	stp	x29, x30, [sp, #-64]!
       4:	910003fd 	mov	x29, sp
       8:	a90363f7 	stp	x23, x24, [sp, #48]
       c:	aa0003f8 	mov	x24, x0
      10:	a90153f3 	stp	x19, x20, [sp, #16]
      14:	a9025bf5 	stp	x21, x22, [sp, #32]
      18:	94000000 	bl	0 <omp_get_num_threads>
      1c:	2a0003f4 	mov	w20, w0
      20:	94000000 	bl	0 <omp_get_thread_num>
      24:	2a0003f3 	mov	w19, w0
      28:	b9402b00 	ldr	w0, [x24, #40]
      2c:	1ad40c15 	sdiv	w21, w0, w20
      30:	1b1482a1 	msub	w1, w21, w20, w0
      34:	6b01027f 	cmp	w19, w1
      38:	5400038b 	b.lt	a8 <conv2d._omp_fn.0+0xa8>  // b.tstop
      3c:	1b1306b3 	madd	w19, w21, w19, w1
      40:	0b1302b5 	add	w21, w21, w19
      44:	6b15027f 	cmp	w19, w21
      48:	5400026a 	b.ge	94 <conv2d._omp_fn.0+0x94>  // b.tcont
      4c:	a9405f14 	ldp	x20, x23, [x24]
      50:	93407e63 	sxtw	x3, w19
      54:	a9415b00 	ldp	x0, x22, [x24, #16]
      58:	f9401318 	ldr	x24, [x24, #32]
      5c:	d37ef6f7 	lsl	x23, x23, #2
      60:	d37ef6d6 	lsl	x22, x22, #2
      64:	9b0352f4 	madd	x20, x23, x3, x20
      68:	9b0302c3 	madd	x3, x22, x3, x0
      6c:	d503201f 	nop
      70:	aa1403e1 	mov	x1, x20
      74:	aa0303e0 	mov	x0, x3
      78:	aa1803e2 	mov	x2, x24
      7c:	11000673 	add	w19, w19, #0x1
      80:	94000000 	bl	0 <memcpy>
      84:	8b170294 	add	x20, x20, x23
      88:	8b160003 	add	x3, x0, x22
      8c:	6b1302bf 	cmp	w21, w19
      90:	54ffff01 	b.ne	70 <conv2d._omp_fn.0+0x70>  // b.any
      94:	a94153f3 	ldp	x19, x20, [sp, #16]
      98:	a9425bf5 	ldp	x21, x22, [sp, #32]
      9c:	a94363f7 	ldp	x23, x24, [sp, #48]
      a0:	a8c47bfd 	ldp	x29, x30, [sp], #64
      a4:	d65f03c0 	ret
      a8:	110006b5 	add	w21, w21, #0x1
      ac:	52800001 	mov	w1, #0x0                   	// #0
      b0:	17ffffe3 	b	3c <conv2d._omp_fn.0+0x3c>

00000000000000b4 <conv_sve_tail>:
      b4:	a9ba7bfd 	stp	x29, x30, [sp, #-96]!
      b8:	aa0103ed 	mov	x13, x1
      bc:	2a0603ec 	mov	w12, w6
      c0:	910003fd 	mov	x29, sp
      c4:	a90153f3 	stp	x19, x20, [sp, #16]
      c8:	aa0003ef 	mov	x15, x0
      cc:	aa0203f1 	mov	x17, x2
      d0:	a9025bf5 	stp	x21, x22, [sp, #32]
      d4:	2a0303e8 	mov	w8, w3
      d8:	2a0403e1 	mov	w1, w4
      dc:	aa0503f0 	mov	x16, x5
      e0:	0420e3f4 	cntb	x20
      e4:	6b1400df 	cmp	w6, w20
      e8:	5400178b 	b.lt	3d8 <conv_sve_tail+0x324>  // b.tstop
      ec:	0460e3f5 	cnth	x21
      f0:	04a2e3f6 	cntw	x22, all, mul #3
      f4:	a90363f7 	stp	x23, x24, [sp, #48]
      f8:	04a0e3f7 	cntw	x23
      fc:	93407eae 	sxtw	x14, w21
     100:	2518e3e0 	ptrue	p0.b
     104:	93407ef7 	sxtw	x23, w23
     108:	93407ed6 	sxtw	x22, w22
     10c:	cb0e02d8 	sub	x24, x22, x14
     110:	a9046bf9 	stp	x25, x26, [sp, #64]
     114:	cb0e02f9 	sub	x25, x23, x14
     118:	937e7eb5 	sbfiz	x21, x21, #2, #32
     11c:	8b1708b7 	add	x23, x5, x23, lsl #2
     120:	8b150013 	add	x19, x0, x21
     124:	d37ef739 	lsl	x25, x25, #2
     128:	d37ef718 	lsl	x24, x24, #2
     12c:	cb0e0bee 	neg	x14, x14, lsl #2
     130:	8b1608b6 	add	x22, x5, x22, lsl #2
     134:	8b1500b5 	add	x21, x5, x21
     138:	937e7e9a 	sbfiz	x26, x20, #2, #32
     13c:	937e7c92 	sbfiz	x18, x4, #2, #32
     140:	d37ef5aa 	lsl	x10, x13, #2
     144:	f9002bfb 	str	x27, [sp, #80]
     148:	93407e9b 	sxtw	x27, w20
     14c:	d280001e 	mov	x30, #0x0                   	// #0
     150:	5280000b 	mov	w11, #0x0                   	// #0
     154:	d503201f 	nop
     158:	7100011f 	cmp	w8, #0x0
     15c:	5400134d 	b.le	3c4 <conv_sve_tail+0x310>
     160:	aa1103e6 	mov	x6, x17
     164:	8b190265 	add	x5, x19, x25
     168:	8b130304 	add	x4, x24, x19
     16c:	aa1303e3 	mov	x3, x19
     170:	52800009 	mov	w9, #0x0                   	// #0
     174:	25b8c005 	mov	z5.s, #0
     178:	046530b0 	mov	z16.d, z5.d
     17c:	046530a7 	mov	z7.d, z5.d
     180:	046530a6 	mov	z6.d, z5.d
     184:	d503201f 	nop
     188:	8b0e0067 	add	x7, x3, x14
     18c:	7100003f 	cmp	w1, #0x0
     190:	5400026d 	b.le	1dc <conv_sve_tail+0x128>
     194:	d2800000 	mov	x0, #0x0                   	// #0
     198:	8b0008c2 	add	x2, x6, x0, lsl #2
     19c:	a54040e4 	ld1w	{z4.s}, p0/z, [x7, x0, lsl #2]
     1a0:	a54040a3 	ld1w	{z3.s}, p0/z, [x5, x0, lsl #2]
     1a4:	a5404062 	ld1w	{z2.s}, p0/z, [x3, x0, lsl #2]
     1a8:	a5404081 	ld1w	{z1.s}, p0/z, [x4, x0, lsl #2]
     1ac:	91000400 	add	x0, x0, #0x1
     1b0:	8540c040 	ld1rw	{z0.s}, p0/z, [x2]
     1b4:	65800884 	fmul	z4.s, z4.s, z0.s
     1b8:	65800863 	fmul	z3.s, z3.s, z0.s
     1bc:	65800842 	fmul	z2.s, z2.s, z0.s
     1c0:	658400c6 	fadd	z6.s, z6.s, z4.s
     1c4:	65800820 	fmul	z0.s, z1.s, z0.s
     1c8:	658300e7 	fadd	z7.s, z7.s, z3.s
     1cc:	65820210 	fadd	z16.s, z16.s, z2.s
     1d0:	658000a5 	fadd	z5.s, z5.s, z0.s
     1d4:	6b00003f 	cmp	w1, w0
     1d8:	54fffe0c 	b.gt	198 <conv_sve_tail+0xe4>
     1dc:	11000529 	add	w9, w9, #0x1
     1e0:	8b1200c6 	add	x6, x6, x18
     1e4:	8b0a00a5 	add	x5, x5, x10
     1e8:	8b0a0063 	add	x3, x3, x10
     1ec:	8b0a0084 	add	x4, x4, x10
     1f0:	6b09011f 	cmp	w8, w9
     1f4:	54fffca1 	b.ne	188 <conv_sve_tail+0xd4>  // b.any
     1f8:	e55e4206 	st1w	{z6.s}, p0, [x16, x30, lsl #2]
     1fc:	0b14016b 	add	w11, w11, w20
     200:	e55e42e7 	st1w	{z7.s}, p0, [x23, x30, lsl #2]
     204:	4b0b0180 	sub	w0, w12, w11
     208:	e55e42b0 	st1w	{z16.s}, p0, [x21, x30, lsl #2]
     20c:	8b1a0273 	add	x19, x19, x26
     210:	e55e42c5 	st1w	{z5.s}, p0, [x22, x30, lsl #2]
     214:	8b1b03de 	add	x30, x30, x27
     218:	6b14001f 	cmp	w0, w20
     21c:	54fff9ea 	b.ge	158 <conv_sve_tail+0xa4>  // b.tcont
     220:	a94363f7 	ldp	x23, x24, [sp, #48]
     224:	a9446bf9 	ldp	x25, x26, [sp, #64]
     228:	f9402bfb 	ldr	x27, [sp, #80]
     22c:	0460e3f2 	cnth	x18
     230:	6b12001f 	cmp	w0, w18
     234:	5400064b 	b.lt	2fc <conv_sve_tail+0x248>  // b.tstop
     238:	04a0e3f3 	cntw	x19
     23c:	93407e54 	sxtw	x20, w18
     240:	93407e67 	sxtw	x7, w19
     244:	937e7e73 	sbfiz	x19, x19, #2, #32
     248:	8b1301f5 	add	x21, x15, x19
     24c:	93407d6e 	sxtw	x14, w11
     250:	8b130213 	add	x19, x16, x19
     254:	cb070be7 	neg	x7, x7, lsl #2
     258:	937e7c2a 	sbfiz	x10, x1, #2, #32
     25c:	d37ef5a9 	lsl	x9, x13, #2
     260:	2518e3e0 	ptrue	p0.b
     264:	d503201f 	nop
     268:	25b8c003 	mov	z3.s, #0
     26c:	04633064 	mov	z4.d, z3.d
     270:	7100011f 	cmp	w8, #0x0
     274:	5400036d 	b.le	2e0 <conv_sve_tail+0x22c>
     278:	aa1103e4 	mov	x4, x17
     27c:	8b0e0aa3 	add	x3, x21, x14, lsl #2
     280:	52800006 	mov	w6, #0x0                   	// #0
     284:	25b8c003 	mov	z3.s, #0
     288:	04633064 	mov	z4.d, z3.d
     28c:	d503201f 	nop
     290:	8b0300e5 	add	x5, x7, x3
     294:	7100003f 	cmp	w1, #0x0
     298:	540001ad 	b.le	2cc <conv_sve_tail+0x218>
     29c:	d2800000 	mov	x0, #0x0                   	// #0
     2a0:	8b000882 	add	x2, x4, x0, lsl #2
     2a4:	a54040a1 	ld1w	{z1.s}, p0/z, [x5, x0, lsl #2]
     2a8:	a5404060 	ld1w	{z0.s}, p0/z, [x3, x0, lsl #2]
     2ac:	91000400 	add	x0, x0, #0x1
     2b0:	8540c042 	ld1rw	{z2.s}, p0/z, [x2]
     2b4:	65820821 	fmul	z1.s, z1.s, z2.s
     2b8:	65820800 	fmul	z0.s, z0.s, z2.s
     2bc:	65810084 	fadd	z4.s, z4.s, z1.s
     2c0:	65800063 	fadd	z3.s, z3.s, z0.s
     2c4:	6b00003f 	cmp	w1, w0
     2c8:	54fffecc 	b.gt	2a0 <conv_sve_tail+0x1ec>
     2cc:	110004c6 	add	w6, w6, #0x1
     2d0:	8b0a0084 	add	x4, x4, x10
     2d4:	8b090063 	add	x3, x3, x9
     2d8:	6b06011f 	cmp	w8, w6
     2dc:	54fffda1 	b.ne	290 <conv_sve_tail+0x1dc>  // b.any
     2e0:	0b12016b 	add	w11, w11, w18
     2e4:	e54e4204 	st1w	{z4.s}, p0, [x16, x14, lsl #2]
     2e8:	4b0b0180 	sub	w0, w12, w11
     2ec:	e54e4263 	st1w	{z3.s}, p0, [x19, x14, lsl #2]
     2f0:	8b1401ce 	add	x14, x14, x20
     2f4:	6b12001f 	cmp	w0, w18
     2f8:	54fffb8a 	b.ge	268 <conv_sve_tail+0x1b4>  // b.tcont
     2fc:	937e7c27 	sbfiz	x7, x1, #2, #32
     300:	04a0e3ee 	cntw	x14
     304:	2518e3e2 	ptrue	p2.b
     308:	6b0b019f 	cmp	w12, w11
     30c:	5400048d 	b.le	39c <conv_sve_tail+0x2e8>
     310:	4b0b0189 	sub	w9, w12, w11
     314:	93407d6a 	sxtw	x10, w11
     318:	6b0e013f 	cmp	w9, w14
     31c:	aa0a03e6 	mov	x6, x10
     320:	1a8ed129 	csel	w9, w9, w14, le
     324:	93407d20 	sxtw	x0, w9
     328:	25a01fe1 	whilelo	p1.s, xzr, x0
     32c:	25814420 	mov	p0.b, p1.b
     330:	7100011f 	cmp	w8, #0x0
     334:	540003cd 	b.le	3ac <conv_sve_tail+0x2f8>
     338:	aa1103e3 	mov	x3, x17
     33c:	52800005 	mov	w5, #0x0                   	// #0
     340:	25b8c001 	mov	z1.s, #0
     344:	d503201f 	nop
     348:	7100003f 	cmp	w1, #0x0
     34c:	5400016d 	b.le	378 <conv_sve_tail+0x2c4>
     350:	8b0609e4 	add	x4, x15, x6, lsl #2
     354:	d2800000 	mov	x0, #0x0                   	// #0
     358:	8b000862 	add	x2, x3, x0, lsl #2
     35c:	a5404480 	ld1w	{z0.s}, p1/z, [x4, x0, lsl #2]
     360:	91000400 	add	x0, x0, #0x1
     364:	8540c842 	ld1rw	{z2.s}, p2/z, [x2]
     368:	65828040 	fmul	z0.s, p0/m, z0.s, z2.s
     36c:	65808001 	fadd	z1.s, p0/m, z1.s, z0.s
     370:	6b00003f 	cmp	w1, w0
     374:	54ffff2c 	b.gt	358 <conv_sve_tail+0x2a4>
     378:	110004a5 	add	w5, w5, #0x1
     37c:	8b070063 	add	x3, x3, x7
     380:	8b0d00c6 	add	x6, x6, x13
     384:	6b05011f 	cmp	w8, w5
     388:	54fffe01 	b.ne	348 <conv_sve_tail+0x294>  // b.any
     38c:	0b09016b 	add	w11, w11, w9
     390:	e54a4601 	st1w	{z1.s}, p1, [x16, x10, lsl #2]
     394:	6b0b019f 	cmp	w12, w11
     398:	54fffbcc 	b.gt	310 <conv_sve_tail+0x25c>
     39c:	a94153f3 	ldp	x19, x20, [sp, #16]
     3a0:	a9425bf5 	ldp	x21, x22, [sp, #32]
     3a4:	a8c67bfd 	ldp	x29, x30, [sp], #96
     3a8:	d65f03c0 	ret
     3ac:	25b8c001 	mov	z1.s, #0
     3b0:	0b09016b 	add	w11, w11, w9
     3b4:	e54a4601 	st1w	{z1.s}, p1, [x16, x10, lsl #2]
     3b8:	6b0b019f 	cmp	w12, w11
     3bc:	54fffaac 	b.gt	310 <conv_sve_tail+0x25c>
     3c0:	17fffff7 	b	39c <conv_sve_tail+0x2e8>
     3c4:	25b8c005 	mov	z5.s, #0
     3c8:	046530b0 	mov	z16.d, z5.d
     3cc:	046530a7 	mov	z7.d, z5.d
     3d0:	046530a6 	mov	z6.d, z5.d
     3d4:	17ffff89 	b	1f8 <conv_sve_tail+0x144>
     3d8:	2a0603e0 	mov	w0, w6
     3dc:	5280000b 	mov	w11, #0x0                   	// #0
     3e0:	17ffff93 	b	22c <conv_sve_tail+0x178>

00000000000003e4 <conv_sve_prefix>:
     3e4:	a9b17bfd 	stp	x29, x30, [sp, #-240]!
     3e8:	aa0003fe 	mov	x30, x0
     3ec:	910003fd 	mov	x29, sp
     3f0:	a90153f3 	stp	x19, x20, [sp, #16]
     3f4:	2a0303f3 	mov	w19, w3
     3f8:	b90077e6 	str	w6, [sp, #116]
     3fc:	f9003fe5 	str	x5, [sp, #120]
     400:	f90067e2 	str	x2, [sp, #200]
     404:	a90e07e0 	stp	x0, x1, [sp, #224]
     408:	0421e3e0 	cntb	x0, all, mul #2
     40c:	6b0000df 	cmp	w6, w0
     410:	5400244b 	b.lt	898 <conv_sve_prefix+0x4b4>  // b.tstop
     414:	a90573fb 	stp	x27, x28, [sp, #80]
     418:	04a0e3fc 	cntw	x28
     41c:	0462e3e0 	cnth	x0, all, mul #3
     420:	2518e3e0 	ptrue	p0.b
     424:	937e7f9c 	sbfiz	x28, x28, #2, #32
     428:	0460e3fb 	cnth	x27
     42c:	937e7c02 	sbfiz	x2, x0, #2, #32
     430:	937e7f7b 	sbfiz	x27, x27, #2, #32
     434:	8b1c00a0 	add	x0, x5, x28
     438:	a9046bf9 	stp	x25, x26, [sp, #64]
     43c:	04a2e3fa 	cntw	x26, all, mul #3
     440:	937e7f5a 	sbfiz	x26, x26, #2, #32
     444:	0420e3f9 	cntb	x25
     448:	f9004be0 	str	x0, [sp, #144]
     44c:	8b1b00a0 	add	x0, x5, x27
     450:	937e7f39 	sbfiz	x25, x25, #2, #32
     454:	a90363f7 	stp	x23, x24, [sp, #48]
     458:	04a4e3f8 	cntw	x24, all, mul #5
     45c:	f9004fe0 	str	x0, [sp, #152]
     460:	8b1a00a0 	add	x0, x5, x26
     464:	937e7f18 	sbfiz	x24, x24, #2, #32
     468:	f90053e0 	str	x0, [sp, #160]
     46c:	8b1900a0 	add	x0, x5, x25
     470:	04a6e3f7 	cntw	x23, all, mul #7
     474:	f90057e0 	str	x0, [sp, #168]
     478:	8b1800a0 	add	x0, x5, x24
     47c:	937e7ef7 	sbfiz	x23, x23, #2, #32
     480:	f9005be0 	str	x0, [sp, #176]
     484:	8b0200a0 	add	x0, x5, x2
     488:	f9005fe0 	str	x0, [sp, #184]
     48c:	910012e0 	add	x0, x23, #0x4
     490:	f9006fe0 	str	x0, [sp, #216]
     494:	8b1700a0 	add	x0, x5, x23
     498:	a9025bf5 	stp	x21, x22, [sp, #32]
     49c:	51000896 	sub	w22, w4, #0x2
     4a0:	f90063e0 	str	x0, [sp, #192]
     4a4:	0421e3e0 	cntb	x0, all, mul #2
     4a8:	93407c00 	sxtw	x0, w0
     4ac:	121f7ad6 	and	w22, w22, #0xfffffffe
     4b0:	11000ad6 	add	w22, w22, #0x2
     4b4:	5100048d 	sub	w13, w4, #0x1
     4b8:	937e7c94 	sbfiz	x20, x4, #2, #32
     4bc:	d37ef42e 	lsl	x14, x1, #2
     4c0:	f90043e0 	str	x0, [sp, #128]
     4c4:	0421e3e0 	cntb	x0, all, mul #2
     4c8:	937e7c00 	sbfiz	x0, x0, #2, #32
     4cc:	d2800003 	mov	x3, #0x0                   	// #0
     4d0:	b90073ff 	str	wzr, [sp, #112]
     4d4:	f90047e0 	str	x0, [sp, #136]
     4d8:	f9006be2 	str	x2, [sp, #208]
     4dc:	d503201f 	nop
     4e0:	7100027f 	cmp	w19, #0x0
     4e4:	54001aed 	b.le	840 <conv_sve_prefix+0x45c>
     4e8:	a94cb3e0 	ldp	x0, x12, [sp, #200]
     4ec:	25b8c010 	mov	z16.s, #0
     4f0:	8b1e038b 	add	x11, x28, x30
     4f4:	0470321a 	mov	z26.d, z16.d
     4f8:	f9406fe1 	ldr	x1, [sp, #216]
     4fc:	04703219 	mov	z25.d, z16.d
     500:	8b1e036a 	add	x10, x27, x30
     504:	04703218 	mov	z24.d, z16.d
     508:	8b1e0349 	add	x9, x26, x30
     50c:	8b1e0328 	add	x8, x25, x30
     510:	8b1e0022 	add	x2, x1, x30
     514:	8b1e0307 	add	x7, x24, x30
     518:	8b1e02e5 	add	x5, x23, x30
     51c:	91001000 	add	x0, x0, #0x4
     520:	8b1e0186 	add	x6, x12, x30
     524:	aa1e03e1 	mov	x1, x30
     528:	f90037e3 	str	x3, [sp, #104]
     52c:	aa0c03e3 	mov	x3, x12
     530:	52800011 	mov	w17, #0x0                   	// #0
     534:	04703216 	mov	z22.d, z16.d
     538:	04703215 	mov	z21.d, z16.d
     53c:	04703214 	mov	z20.d, z16.d
     540:	04703213 	mov	z19.d, z16.d
     544:	d503201f 	nop
     548:	d100100c 	sub	x12, x0, #0x4
     54c:	710001bf 	cmp	w13, #0x0
     550:	5400174d 	b.le	838 <conv_sve_prefix+0x454>
     554:	d280000f 	mov	x15, #0x0                   	// #0
     558:	d37ef5f0 	lsl	x16, x15, #2
     55c:	a54f4166 	ld1w	{z6.s}, p0/z, [x11, x15, lsl #2]
     560:	a54f4032 	ld1w	{z18.s}, p0/z, [x1, x15, lsl #2]
     564:	8b100192 	add	x18, x12, x16
     568:	8b000210 	add	x16, x16, x0
     56c:	8540c240 	ld1rw	{z0.s}, p0/z, [x18]
     570:	8540c211 	ld1rw	{z17.s}, p0/z, [x16]
     574:	65800a5b 	fmul	z27.s, z18.s, z0.s
     578:	052010d2 	ext	z18.b, z18.b, z6.b, #4
     57c:	65910a52 	fmul	z18.s, z18.s, z17.s
     580:	a54f4145 	ld1w	{z5.s}, p0/z, [x10, x15, lsl #2]
     584:	a54f4124 	ld1w	{z4.s}, p0/z, [x9, x15, lsl #2]
     588:	659b0273 	fadd	z19.s, z19.s, z27.s
     58c:	658008db 	fmul	z27.s, z6.s, z0.s
     590:	65920273 	fadd	z19.s, z19.s, z18.s
     594:	052010a6 	ext	z6.b, z6.b, z5.b, #4
     598:	658008b2 	fmul	z18.s, z5.s, z0.s
     59c:	659108c6 	fmul	z6.s, z6.s, z17.s
     5a0:	05201085 	ext	z5.b, z5.b, z4.b, #4
     5a4:	659108a5 	fmul	z5.s, z5.s, z17.s
     5a8:	a54f4103 	ld1w	{z3.s}, p0/z, [x8, x15, lsl #2]
     5ac:	a54f40e2 	ld1w	{z2.s}, p0/z, [x7, x15, lsl #2]
     5b0:	a54f40c1 	ld1w	{z1.s}, p0/z, [x6, x15, lsl #2]
     5b4:	a54f40a7 	ld1w	{z7.s}, p0/z, [x5, x15, lsl #2]
     5b8:	a54f4057 	ld1w	{z23.s}, p0/z, [x2, x15, lsl #2]
     5bc:	659b0294 	fadd	z20.s, z20.s, z27.s
     5c0:	659202b5 	fadd	z21.s, z21.s, z18.s
     5c4:	65860294 	fadd	z20.s, z20.s, z6.s
     5c8:	658502b5 	fadd	z21.s, z21.s, z5.s
     5cc:	65800886 	fmul	z6.s, z4.s, z0.s
     5d0:	65800865 	fmul	z5.s, z3.s, z0.s
     5d4:	05201064 	ext	z4.b, z4.b, z3.b, #4
     5d8:	910009ef 	add	x15, x15, #0x2
     5dc:	65910884 	fmul	z4.s, z4.s, z17.s
     5e0:	05201043 	ext	z3.b, z3.b, z2.b, #4
     5e4:	65910863 	fmul	z3.s, z3.s, z17.s
     5e8:	658602d6 	fadd	z22.s, z22.s, z6.s
     5ec:	65850318 	fadd	z24.s, z24.s, z5.s
     5f0:	658402d6 	fadd	z22.s, z22.s, z4.s
     5f4:	65830318 	fadd	z24.s, z24.s, z3.s
     5f8:	65800844 	fmul	z4.s, z2.s, z0.s
     5fc:	65800823 	fmul	z3.s, z1.s, z0.s
     600:	05201022 	ext	z2.b, z2.b, z1.b, #4
     604:	65840339 	fadd	z25.s, z25.s, z4.s
     608:	052010e1 	ext	z1.b, z1.b, z7.b, #4
     60c:	65910842 	fmul	z2.s, z2.s, z17.s
     610:	6583035a 	fadd	z26.s, z26.s, z3.s
     614:	658008e7 	fmul	z7.s, z7.s, z0.s
     618:	65910821 	fmul	z1.s, z1.s, z17.s
     61c:	65870210 	fadd	z16.s, z16.s, z7.s
     620:	65910af7 	fmul	z23.s, z23.s, z17.s
     624:	65820339 	fadd	z25.s, z25.s, z2.s
     628:	6581035a 	fadd	z26.s, z26.s, z1.s
     62c:	65970210 	fadd	z16.s, z16.s, z23.s
     630:	6b0f01bf 	cmp	w13, w15
     634:	54fff92c 	b.gt	558 <conv_sve_prefix+0x174>
     638:	2a1603f0 	mov	w16, w22
     63c:	6b10009f 	cmp	w4, w16
     640:	5400094d 	b.le	768 <conv_sve_prefix+0x384>
     644:	937e7e12 	sbfiz	x18, x16, #2, #32
     648:	11000610 	add	w16, w16, #0x1
     64c:	8b12002f 	add	x15, x1, x18
     650:	a540a1e2 	ld1w	{z2.s}, p0/z, [x15]
     654:	8b1c01f5 	add	x21, x15, x28
     658:	a540a2a3 	ld1w	{z3.s}, p0/z, [x21]
     65c:	8b120195 	add	x21, x12, x18
     660:	8540c2a0 	ld1rw	{z0.s}, p0/z, [x21]
     664:	8b1b01f5 	add	x21, x15, x27
     668:	65800863 	fmul	z3.s, z3.s, z0.s
     66c:	a540a2a1 	ld1w	{z1.s}, p0/z, [x21]
     670:	8b1a01f5 	add	x21, x15, x26
     674:	65800821 	fmul	z1.s, z1.s, z0.s
     678:	65830294 	fadd	z20.s, z20.s, z3.s
     67c:	a540a2a3 	ld1w	{z3.s}, p0/z, [x21]
     680:	8b1901f5 	add	x21, x15, x25
     684:	65800863 	fmul	z3.s, z3.s, z0.s
     688:	658102b5 	fadd	z21.s, z21.s, z1.s
     68c:	a540a2a1 	ld1w	{z1.s}, p0/z, [x21]
     690:	8b1801f5 	add	x21, x15, x24
     694:	65800821 	fmul	z1.s, z1.s, z0.s
     698:	658302d6 	fadd	z22.s, z22.s, z3.s
     69c:	65810318 	fadd	z24.s, z24.s, z1.s
     6a0:	a540a2a3 	ld1w	{z3.s}, p0/z, [x21]
     6a4:	8b0301f5 	add	x21, x15, x3
     6a8:	a540a2a1 	ld1w	{z1.s}, p0/z, [x21]
     6ac:	65800821 	fmul	z1.s, z1.s, z0.s
     6b0:	65800863 	fmul	z3.s, z3.s, z0.s
     6b4:	65800842 	fmul	z2.s, z2.s, z0.s
     6b8:	8b1701ef 	add	x15, x15, x23
     6bc:	6581035a 	fadd	z26.s, z26.s, z1.s
     6c0:	65830339 	fadd	z25.s, z25.s, z3.s
     6c4:	a540a1e1 	ld1w	{z1.s}, p0/z, [x15]
     6c8:	65820273 	fadd	z19.s, z19.s, z2.s
     6cc:	65800820 	fmul	z0.s, z1.s, z0.s
     6d0:	65800210 	fadd	z16.s, z16.s, z0.s
     6d4:	6b04021f 	cmp	w16, w4
     6d8:	5400048a 	b.ge	768 <conv_sve_prefix+0x384>  // b.tcont
     6dc:	91001252 	add	x18, x18, #0x4
     6e0:	8b12002f 	add	x15, x1, x18
     6e4:	8b12018c 	add	x12, x12, x18
     6e8:	8540c180 	ld1rw	{z0.s}, p0/z, [x12]
     6ec:	8b1b01ec 	add	x12, x15, x27
     6f0:	8b1c01f0 	add	x16, x15, x28
     6f4:	a540a181 	ld1w	{z1.s}, p0/z, [x12]
     6f8:	a540a202 	ld1w	{z2.s}, p0/z, [x16]
     6fc:	8b1a01ec 	add	x12, x15, x26
     700:	65800842 	fmul	z2.s, z2.s, z0.s
     704:	65800821 	fmul	z1.s, z1.s, z0.s
     708:	65820294 	fadd	z20.s, z20.s, z2.s
     70c:	a540a182 	ld1w	{z2.s}, p0/z, [x12]
     710:	8b1901ec 	add	x12, x15, x25
     714:	65800842 	fmul	z2.s, z2.s, z0.s
     718:	658102b5 	fadd	z21.s, z21.s, z1.s
     71c:	a540a181 	ld1w	{z1.s}, p0/z, [x12]
     720:	8b1801ec 	add	x12, x15, x24
     724:	65800821 	fmul	z1.s, z1.s, z0.s
     728:	658202d6 	fadd	z22.s, z22.s, z2.s
     72c:	65810318 	fadd	z24.s, z24.s, z1.s
     730:	a540a182 	ld1w	{z2.s}, p0/z, [x12]
     734:	8b0301ec 	add	x12, x15, x3
     738:	65800842 	fmul	z2.s, z2.s, z0.s
     73c:	a540a181 	ld1w	{z1.s}, p0/z, [x12]
     740:	65800821 	fmul	z1.s, z1.s, z0.s
     744:	8b1701ec 	add	x12, x15, x23
     748:	65820339 	fadd	z25.s, z25.s, z2.s
     74c:	6581035a 	fadd	z26.s, z26.s, z1.s
     750:	a540a182 	ld1w	{z2.s}, p0/z, [x12]
     754:	a540a1e1 	ld1w	{z1.s}, p0/z, [x15]
     758:	65800842 	fmul	z2.s, z2.s, z0.s
     75c:	65800820 	fmul	z0.s, z1.s, z0.s
     760:	65820210 	fadd	z16.s, z16.s, z2.s
     764:	65800273 	fadd	z19.s, z19.s, z0.s
     768:	11000631 	add	w17, w17, #0x1
     76c:	8b0e0021 	add	x1, x1, x14
     770:	8b140000 	add	x0, x0, x20
     774:	8b0e016b 	add	x11, x11, x14
     778:	8b0e014a 	add	x10, x10, x14
     77c:	8b0e0129 	add	x9, x9, x14
     780:	8b0e0108 	add	x8, x8, x14
     784:	8b0e00e7 	add	x7, x7, x14
     788:	8b0e00c6 	add	x6, x6, x14
     78c:	8b0e00a5 	add	x5, x5, x14
     790:	8b0e0042 	add	x2, x2, x14
     794:	6b11027f 	cmp	w19, w17
     798:	54ffed81 	b.ne	548 <conv_sve_prefix+0x164>  // b.any
     79c:	f94037e3 	ldr	x3, [sp, #104]
     7a0:	f9403fe0 	ldr	x0, [sp, #120]
     7a4:	e5434013 	st1w	{z19.s}, p0, [x0, x3, lsl #2]
     7a8:	f9404be1 	ldr	x1, [sp, #144]
     7ac:	e5434034 	st1w	{z20.s}, p0, [x1, x3, lsl #2]
     7b0:	294e07e0 	ldp	w0, w1, [sp, #112]
     7b4:	0431e3e0 	incb	x0, all, mul #2
     7b8:	b90073e0 	str	w0, [sp, #112]
     7bc:	4b000026 	sub	w6, w1, w0
     7c0:	f9404fe0 	ldr	x0, [sp, #152]
     7c4:	e5434015 	st1w	{z21.s}, p0, [x0, x3, lsl #2]
     7c8:	f94047e0 	ldr	x0, [sp, #136]
     7cc:	8b0003de 	add	x30, x30, x0
     7d0:	f94053e0 	ldr	x0, [sp, #160]
     7d4:	e5434016 	st1w	{z22.s}, p0, [x0, x3, lsl #2]
     7d8:	f94057e0 	ldr	x0, [sp, #168]
     7dc:	e5434018 	st1w	{z24.s}, p0, [x0, x3, lsl #2]
     7e0:	f9405be0 	ldr	x0, [sp, #176]
     7e4:	e5434019 	st1w	{z25.s}, p0, [x0, x3, lsl #2]
     7e8:	f9405fe0 	ldr	x0, [sp, #184]
     7ec:	e543401a 	st1w	{z26.s}, p0, [x0, x3, lsl #2]
     7f0:	f94063e0 	ldr	x0, [sp, #192]
     7f4:	e5434010 	st1w	{z16.s}, p0, [x0, x3, lsl #2]
     7f8:	f94043e0 	ldr	x0, [sp, #128]
     7fc:	8b000063 	add	x3, x3, x0
     800:	0421e3e0 	cntb	x0, all, mul #2
     804:	6b0000df 	cmp	w6, w0
     808:	54ffe6ca 	b.ge	4e0 <conv_sve_prefix+0xfc>  // b.tcont
     80c:	a9425bf5 	ldp	x21, x22, [sp, #32]
     810:	a94363f7 	ldp	x23, x24, [sp, #48]
     814:	a9446bf9 	ldp	x25, x26, [sp, #64]
     818:	a94573fb 	ldp	x27, x28, [sp, #80]
     81c:	294e03e1 	ldp	w1, w0, [sp, #112]
     820:	6b01001f 	cmp	w0, w1
     824:	5400020c 	b.gt	864 <conv_sve_prefix+0x480>
     828:	b94077e0 	ldr	w0, [sp, #116]
     82c:	a94153f3 	ldp	x19, x20, [sp, #16]
     830:	a8cf7bfd 	ldp	x29, x30, [sp], #240
     834:	d65f03c0 	ret
     838:	52800010 	mov	w16, #0x0                   	// #0
     83c:	17ffff80 	b	63c <conv_sve_prefix+0x258>
     840:	25b8c010 	mov	z16.s, #0
     844:	0470321a 	mov	z26.d, z16.d
     848:	04703219 	mov	z25.d, z16.d
     84c:	04703218 	mov	z24.d, z16.d
     850:	04703216 	mov	z22.d, z16.d
     854:	04703215 	mov	z21.d, z16.d
     858:	04703214 	mov	z20.d, z16.d
     85c:	04703213 	mov	z19.d, z16.d
     860:	17ffffd0 	b	7a0 <conv_sve_prefix+0x3bc>
     864:	937e7c20 	sbfiz	x0, x1, #2, #32
     868:	2a1303e3 	mov	w3, w19
     86c:	f9403fe1 	ldr	x1, [sp, #120]
     870:	f94067e2 	ldr	x2, [sp, #200]
     874:	8b000025 	add	x5, x1, x0
     878:	f94073e1 	ldr	x1, [sp, #224]
     87c:	8b000020 	add	x0, x1, x0
     880:	f94077e1 	ldr	x1, [sp, #232]
     884:	97fffe0c 	bl	b4 <conv_sve_tail>
     888:	b94077e0 	ldr	w0, [sp, #116]
     88c:	a94153f3 	ldp	x19, x20, [sp, #16]
     890:	a8cf7bfd 	ldp	x29, x30, [sp], #240
     894:	d65f03c0 	ret
     898:	b94077e6 	ldr	w6, [sp, #116]
     89c:	b90073ff 	str	wzr, [sp, #112]
     8a0:	17ffffdf 	b	81c <conv_sve_prefix+0x438>

00000000000008a4 <conv2d._omp_fn.2>:
     8a4:	a9a97bfd 	stp	x29, x30, [sp, #-368]!
     8a8:	910003fd 	mov	x29, sp
     8ac:	a9025bf5 	stp	x21, x22, [sp, #32]
     8b0:	aa0003f5 	mov	x21, x0
     8b4:	a90153f3 	stp	x19, x20, [sp, #16]
     8b8:	a9046bf9 	stp	x25, x26, [sp, #64]
     8bc:	94000000 	bl	0 <omp_get_num_threads>
     8c0:	2a0003f3 	mov	w19, w0
     8c4:	94000000 	bl	0 <omp_get_thread_num>
     8c8:	b9402aa1 	ldr	w1, [x21, #40]
     8cc:	1ad30c22 	sdiv	w2, w1, w19
     8d0:	1b138441 	msub	w1, w2, w19, w1
     8d4:	6b01001f 	cmp	w0, w1
     8d8:	54009d0b 	b.lt	1c78 <conv2d._omp_fn.2+0x13d4>  // b.tstop
     8dc:	1b000459 	madd	w25, w2, w0, w1
     8e0:	0b190040 	add	w0, w2, w25
     8e4:	b900b3e0 	str	w0, [sp, #176]
     8e8:	6b00033f 	cmp	w25, w0
     8ec:	54005a4a 	b.ge	1434 <conv2d._omp_fn.2+0xb90>  // b.tcont
     8f0:	b94026a4 	ldr	w4, [x21, #36]
     8f4:	320107e2 	mov	w2, #0x80000001            	// #-2147483647
     8f8:	a90363f7 	stp	x23, x24, [sp, #48]
     8fc:	93407f20 	sxtw	x0, w25
     900:	51000493 	sub	w19, w4, #0x1
     904:	6b02027f 	cmp	w19, w2
     908:	51000c98 	sub	w24, w4, #0x3
     90c:	51000881 	sub	w1, w4, #0x2
     910:	b9402ea6 	ldr	w6, [x21, #44]
     914:	1a9fd7f6 	cset	w22, gt
     918:	71000b1f 	cmp	w24, #0x2
     91c:	1a9fd7e2 	cset	w2, gt
     920:	53017c23 	lsr	w3, w1, #1
     924:	0a0202d6 	and	w22, w22, w2
     928:	b900e3e1 	str	w1, [sp, #224]
     92c:	a9400ab4 	ldp	x20, x2, [x21]
     930:	11000468 	add	w8, w3, #0x1
     934:	f9400aa5 	ldr	x5, [x21, #16]
     938:	937e7cc3 	sbfiz	x3, x6, #2, #32
     93c:	f9400ea1 	ldr	x1, [x21, #24]
     940:	53017d07 	lsr	w7, w8, #1
     944:	9b001465 	madd	x5, x3, x0, x5
     948:	121f7909 	and	w9, w8, #0xfffffffe
     94c:	a90573fb 	stp	x27, x28, [sp, #80]
     950:	531f7917 	lsl	w23, w8, #1
     954:	9b007c3c 	mul	x28, x1, x0
     958:	b94032a0 	ldr	w0, [x21, #48]
     95c:	2a0403fa 	mov	w26, w4
     960:	f90067e3 	str	x3, [sp, #200]
     964:	aa1c03eb 	mov	x11, x28
     968:	b94022a3 	ldr	w3, [x21, #32]
     96c:	aa0203fc 	mov	x28, x2
     970:	b900afe0 	str	w0, [sp, #172]
     974:	d37cece0 	lsl	x0, x7, #4
     978:	2a0303fb 	mov	w27, w3
     97c:	937e7c95 	sbfiz	x21, x4, #2, #32
     980:	b900abf9 	str	w25, [sp, #168]
     984:	2a1803f9 	mov	w25, w24
     988:	2a1603f8 	mov	w24, w22
     98c:	aa0103f6 	mov	x22, x1
     990:	f9006be0 	str	x0, [sp, #208]
     994:	531f7920 	lsl	w0, w9, #1
     998:	b900b7e9 	str	w9, [sp, #180]
     99c:	b900c3e0 	str	w0, [sp, #192]
     9a0:	d37ef420 	lsl	x0, x1, #2
     9a4:	f9005fe0 	str	x0, [sp, #184]
     9a8:	b900c7e8 	str	w8, [sp, #196]
     9ac:	6d0627e8 	stp	d8, d9, [sp, #96]
     9b0:	6d072fea 	stp	d10, d11, [sp, #112]
     9b4:	6d0837ec 	stp	d12, d13, [sp, #128]
     9b8:	6d093fee 	stp	d14, d15, [sp, #144]
     9bc:	8b0b0a80 	add	x0, x20, x11, lsl #2
     9c0:	f90053e0 	str	x0, [sp, #160]
     9c4:	b940afe0 	ldr	w0, [sp, #172]
     9c8:	35005740 	cbnz	w0, 14b0 <conv2d._omp_fn.2+0xc0c>
     9cc:	2a0603e2 	mov	w2, w6
     9d0:	52800003 	mov	w3, #0x0                   	// #0
     9d4:	71007c5f 	cmp	w2, #0x1f
     9d8:	5400318d 	b.le	1008 <conv2d._omp_fn.2+0x764>
     9dc:	93407c6c 	sxtw	x12, w3
     9e0:	8b23c8be 	add	x30, x5, w3, sxtw #2
     9e4:	9103c3f2 	add	x18, sp, #0xf0
     9e8:	a90f7fff 	stp	xzr, xzr, [sp, #240]
     9ec:	a9107fff 	stp	xzr, xzr, [sp, #256]
     9f0:	a9117fff 	stp	xzr, xzr, [sp, #272]
     9f4:	a9127fff 	stp	xzr, xzr, [sp, #288]
     9f8:	a9137fff 	stp	xzr, xzr, [sp, #304]
     9fc:	a9147fff 	stp	xzr, xzr, [sp, #320]
     a00:	a9157fff 	stp	xzr, xzr, [sp, #336]
     a04:	a9167fff 	stp	xzr, xzr, [sp, #352]
     a08:	7100037f 	cmp	w27, #0x0
     a0c:	54002d2d 	b.le	fb0 <conv2d._omp_fn.2+0x70c>
     a10:	4f000400 	movi	v0.4s, #0x0
     a14:	8b0c0168 	add	x8, x11, x12
     a18:	91001384 	add	x4, x28, #0x4
     a1c:	aa1c03e2 	mov	x2, x28
     a20:	52800000 	mov	w0, #0x0                   	// #0
     a24:	52800007 	mov	w7, #0x0                   	// #0
     a28:	5280000d 	mov	w13, #0x0                   	// #0
     a2c:	5280000a 	mov	w10, #0x0                   	// #0
     a30:	4ea01c08 	mov	v8.16b, v0.16b
     a34:	5280000e 	mov	w14, #0x0                   	// #0
     a38:	4ea01c0a 	mov	v10.16b, v0.16b
     a3c:	5280000f 	mov	w15, #0x0                   	// #0
     a40:	4ea01c0c 	mov	v12.16b, v0.16b
     a44:	52800010 	mov	w16, #0x0                   	// #0
     a48:	4ea01c03 	mov	v3.16b, v0.16b
     a4c:	52800011 	mov	w17, #0x0                   	// #0
     a50:	4ea01c02 	mov	v2.16b, v0.16b
     a54:	52800009 	mov	w9, #0x0                   	// #0
     a58:	4ea01c06 	mov	v6.16b, v0.16b
     a5c:	4ea01c01 	mov	v1.16b, v0.16b
     a60:	7100027f 	cmp	w19, #0x0
     a64:	5400512d 	b.le	1488 <conv2d._omp_fn.2+0xbe4>
     a68:	34005158 	cbz	w24, 1490 <conv2d._omp_fn.2+0xbec>
     a6c:	aa0203e7 	mov	x7, x2
     a70:	8b080a80 	add	x0, x20, x8, lsl #2
     a74:	52800001 	mov	w1, #0x0                   	// #0
     a78:	3dc0041e 	ldr	q30, [x0, #16]
     a7c:	1100182a 	add	w10, w1, #0x6
     a80:	3dc00813 	ldr	q19, [x0, #32]
     a84:	11001021 	add	w1, w1, #0x4
     a88:	4d40c8e9 	ld1r	{v9.4s}, [x7]
     a8c:	91004000 	add	x0, x0, #0x10
     a90:	3cdf001f 	ldur	q31, [x0, #-16]
     a94:	6e29dfde 	fmul	v30.4s, v30.4s, v9.4s
     a98:	bd400ce5 	ldr	s5, [x7, #12]
     a9c:	6e29de73 	fmul	v19.4s, v19.4s, v9.4s
     aa0:	2d4090e7 	ldp	s7, s4, [x7, #4]
     aa4:	910040e7 	add	x7, x7, #0x10
     aa8:	3dc0081d 	ldr	q29, [x0, #32]
     aac:	3dc0101b 	ldr	q27, [x0, #64]
     ab0:	3dc0141a 	ldr	q26, [x0, #80]
     ab4:	4e0404e7 	dup	v7.4s, v7.s[0]
     ab8:	6e29dfff 	fmul	v31.4s, v31.4s, v9.4s
     abc:	4e26d7c6 	fadd	v6.4s, v30.4s, v6.4s
     ac0:	4e22d673 	fadd	v19.4s, v19.4s, v2.4s
     ac4:	6e29dfbd 	fmul	v29.4s, v29.4s, v9.4s
     ac8:	6e29df7b 	fmul	v27.4s, v27.4s, v9.4s
     acc:	6e29df5a 	fmul	v26.4s, v26.4s, v9.4s
     ad0:	3cdf4012 	ldur	q18, [x0, #-12]
     ad4:	3cc04011 	ldur	q17, [x0, #4]
     ad8:	3cc14010 	ldur	q16, [x0, #20]
     adc:	3cc2400f 	ldur	q15, [x0, #36]
     ae0:	3dc00c1c 	ldr	q28, [x0, #48]
     ae4:	3cc3400e 	ldur	q14, [x0, #52]
     ae8:	3cc4400d 	ldur	q13, [x0, #68]
     aec:	3cc5400b 	ldur	q11, [x0, #84]
     af0:	3dc0181e 	ldr	q30, [x0, #96]
     af4:	3cc64002 	ldur	q2, [x0, #100]
     af8:	4e040484 	dup	v4.4s, v4.s[0]
     afc:	4e21d7e1 	fadd	v1.4s, v31.4s, v1.4s
     b00:	6e29df9c 	fmul	v28.4s, v28.4s, v9.4s
     b04:	4e23d7a3 	fadd	v3.4s, v29.4s, v3.4s
     b08:	4e2ad76a 	fadd	v10.4s, v27.4s, v10.4s
     b0c:	4e28d748 	fadd	v8.4s, v26.4s, v8.4s
     b10:	6e29dfde 	fmul	v30.4s, v30.4s, v9.4s
     b14:	6e27de52 	fmul	v18.4s, v18.4s, v7.4s
     b18:	6e27de31 	fmul	v17.4s, v17.4s, v7.4s
     b1c:	6e27de10 	fmul	v16.4s, v16.4s, v7.4s
     b20:	6e27ddef 	fmul	v15.4s, v15.4s, v7.4s
     b24:	6e27ddce 	fmul	v14.4s, v14.4s, v7.4s
     b28:	6e27ddad 	fmul	v13.4s, v13.4s, v7.4s
     b2c:	6e27dd6b 	fmul	v11.4s, v11.4s, v7.4s
     b30:	6e27dc42 	fmul	v2.4s, v2.4s, v7.4s
     b34:	3cc18007 	ldur	q7, [x0, #24]
     b38:	4e2cd78c 	fadd	v12.4s, v28.4s, v12.4s
     b3c:	4e20d7de 	fadd	v30.4s, v30.4s, v0.4s
     b40:	6e24dce9 	fmul	v9.4s, v7.4s, v4.4s
     b44:	4e32d432 	fadd	v18.4s, v1.4s, v18.4s
     b48:	4e31d4d1 	fadd	v17.4s, v6.4s, v17.4s
     b4c:	4e2fd46f 	fadd	v15.4s, v3.4s, v15.4s
     b50:	4e2dd54d 	fadd	v13.4s, v10.4s, v13.4s
     b54:	4e2bd50b 	fadd	v11.4s, v8.4s, v11.4s
     b58:	3cdf8001 	ldur	q1, [x0, #-8]
     b5c:	3cdfc019 	ldur	q25, [x0, #-4]
     b60:	3cc08006 	ldur	q6, [x0, #8]
     b64:	3cc0c018 	ldur	q24, [x0, #12]
     b68:	3cc1c017 	ldur	q23, [x0, #28]
     b6c:	3cc28003 	ldur	q3, [x0, #40]
     b70:	3cc2c016 	ldur	q22, [x0, #44]
     b74:	3cc3c015 	ldur	q21, [x0, #60]
     b78:	3cc4c014 	ldur	q20, [x0, #76]
     b7c:	3cc5c01f 	ldur	q31, [x0, #92]
     b80:	3cc68000 	ldur	q0, [x0, #104]
     b84:	3cc38007 	ldur	q7, [x0, #56]
     b88:	3cc4800a 	ldur	q10, [x0, #72]
     b8c:	3cc58008 	ldur	q8, [x0, #88]
     b90:	4e0404a5 	dup	v5.4s, v5.s[0]
     b94:	6e24dce7 	fmul	v7.4s, v7.4s, v4.4s
     b98:	4e30d670 	fadd	v16.4s, v19.4s, v16.4s
     b9c:	4e2ed58e 	fadd	v14.4s, v12.4s, v14.4s
     ba0:	6e24dd13 	fmul	v19.4s, v8.4s, v4.4s
     ba4:	6e24dd4c 	fmul	v12.4s, v10.4s, v4.4s
     ba8:	4e22d7c2 	fadd	v2.4s, v30.4s, v2.4s
     bac:	6e24dc21 	fmul	v1.4s, v1.4s, v4.4s
     bb0:	6e24dcc6 	fmul	v6.4s, v6.4s, v4.4s
     bb4:	6e24dc63 	fmul	v3.4s, v3.4s, v4.4s
     bb8:	6e24dc04 	fmul	v4.4s, v0.4s, v4.4s
     bbc:	3cc6c000 	ldur	q0, [x0, #108]
     bc0:	4e27d5ca 	fadd	v10.4s, v14.4s, v7.4s
     bc4:	4e2cd5a8 	fadd	v8.4s, v13.4s, v12.4s
     bc8:	4e24d444 	fadd	v4.4s, v2.4s, v4.4s
     bcc:	6e25df39 	fmul	v25.4s, v25.4s, v5.4s
     bd0:	6e25df18 	fmul	v24.4s, v24.4s, v5.4s
     bd4:	6e25def7 	fmul	v23.4s, v23.4s, v5.4s
     bd8:	6e25ded6 	fmul	v22.4s, v22.4s, v5.4s
     bdc:	6e25deb5 	fmul	v21.4s, v21.4s, v5.4s
     be0:	6e25de94 	fmul	v20.4s, v20.4s, v5.4s
     be4:	6e25dfff 	fmul	v31.4s, v31.4s, v5.4s
     be8:	4e21d641 	fadd	v1.4s, v18.4s, v1.4s
     bec:	4e26d626 	fadd	v6.4s, v17.4s, v6.4s
     bf0:	4e29d609 	fadd	v9.4s, v16.4s, v9.4s
     bf4:	4e23d5e3 	fadd	v3.4s, v15.4s, v3.4s
     bf8:	4e33d567 	fadd	v7.4s, v11.4s, v19.4s
     bfc:	6e25dc00 	fmul	v0.4s, v0.4s, v5.4s
     c00:	4e35d54c 	fadd	v12.4s, v10.4s, v21.4s
     c04:	4e39d421 	fadd	v1.4s, v1.4s, v25.4s
     c08:	4e34d50a 	fadd	v10.4s, v8.4s, v20.4s
     c0c:	4e38d4c6 	fadd	v6.4s, v6.4s, v24.4s
     c10:	4e36d463 	fadd	v3.4s, v3.4s, v22.4s
     c14:	4e37d522 	fadd	v2.4s, v9.4s, v23.4s
     c18:	4e3fd4e8 	fadd	v8.4s, v7.4s, v31.4s
     c1c:	4e20d480 	fadd	v0.4s, v4.4s, v0.4s
     c20:	6b0a033f 	cmp	w25, w10
     c24:	54fff2ac 	b.gt	a78 <conv2d._omp_fn.2+0x1d4>
     c28:	4ea11c34 	mov	v20.16b, v1.16b
     c2c:	93407c21 	sxtw	x1, w1
     c30:	4ea61cd5 	mov	v21.16b, v6.16b
     c34:	8b080020 	add	x0, x1, x8
     c38:	4ea21c56 	mov	v22.16b, v2.16b
     c3c:	4ea31c77 	mov	v23.16b, v3.16b
     c40:	8b000a80 	add	x0, x20, x0, lsl #2
     c44:	4ea81d18 	mov	v24.16b, v8.16b
     c48:	bc617845 	ldr	s5, [x2, x1, lsl #2]
     c4c:	ad401801 	ldp	q1, q6, [x0]
     c50:	4e0404a5 	dup	v5.4s, v5.s[0]
     c54:	bc617884 	ldr	s4, [x4, x1, lsl #2]
     c58:	3dc00802 	ldr	q2, [x0, #32]
     c5c:	91000821 	add	x1, x1, #0x2
     c60:	3dc00c03 	ldr	q3, [x0, #48]
     c64:	3dc0100e 	ldr	q14, [x0, #64]
     c68:	3dc0140b 	ldr	q11, [x0, #80]
     c6c:	ad431c08 	ldp	q8, q7, [x0, #96]
     c70:	91002000 	add	x0, x0, #0x8
     c74:	4e040484 	dup	v4.4s, v4.s[0]
     c78:	6e25dc21 	fmul	v1.4s, v1.4s, v5.4s
     c7c:	6e25dd09 	fmul	v9.4s, v8.4s, v5.4s
     c80:	6e25dcc6 	fmul	v6.4s, v6.4s, v5.4s
     c84:	6e25dc42 	fmul	v2.4s, v2.4s, v5.4s
     c88:	6e25dc63 	fmul	v3.4s, v3.4s, v5.4s
     c8c:	6e25ddce 	fmul	v14.4s, v14.4s, v5.4s
     c90:	6e25dd6b 	fmul	v11.4s, v11.4s, v5.4s
     c94:	6e25dce5 	fmul	v5.4s, v7.4s, v5.4s
     c98:	3cdfc008 	ldur	q8, [x0, #-4]
     c9c:	3cc0c013 	ldur	q19, [x0, #12]
     ca0:	3cc1c012 	ldur	q18, [x0, #28]
     ca4:	3cc2c011 	ldur	q17, [x0, #44]
     ca8:	3cc3c00d 	ldur	q13, [x0, #60]
     cac:	3cc4c010 	ldur	q16, [x0, #76]
     cb0:	3cc5c007 	ldur	q7, [x0, #92]
     cb4:	3cc6c00f 	ldur	q15, [x0, #108]
     cb8:	4e34d421 	fadd	v1.4s, v1.4s, v20.4s
     cbc:	4e2cd5ce 	fadd	v14.4s, v14.4s, v12.4s
     cc0:	4e2ad56b 	fadd	v11.4s, v11.4s, v10.4s
     cc4:	4e20d4a5 	fadd	v5.4s, v5.4s, v0.4s
     cc8:	6e24dd14 	fmul	v20.4s, v8.4s, v4.4s
     ccc:	4e35d4c6 	fadd	v6.4s, v6.4s, v21.4s
     cd0:	6e24de73 	fmul	v19.4s, v19.4s, v4.4s
     cd4:	4e36d442 	fadd	v2.4s, v2.4s, v22.4s
     cd8:	6e24de52 	fmul	v18.4s, v18.4s, v4.4s
     cdc:	4e37d463 	fadd	v3.4s, v3.4s, v23.4s
     ce0:	6e24de31 	fmul	v17.4s, v17.4s, v4.4s
     ce4:	6e24ddac 	fmul	v12.4s, v13.4s, v4.4s
     ce8:	6e24de0a 	fmul	v10.4s, v16.4s, v4.4s
     cec:	6e24dde0 	fmul	v0.4s, v15.4s, v4.4s
     cf0:	4e38d528 	fadd	v8.4s, v9.4s, v24.4s
     cf4:	6e24dce7 	fmul	v7.4s, v7.4s, v4.4s
     cf8:	4e33d4d5 	fadd	v21.4s, v6.4s, v19.4s
     cfc:	4e32d456 	fadd	v22.4s, v2.4s, v18.4s
     d00:	4e31d477 	fadd	v23.4s, v3.4s, v17.4s
     d04:	4e2cd5cc 	fadd	v12.4s, v14.4s, v12.4s
     d08:	4e2ad56a 	fadd	v10.4s, v11.4s, v10.4s
     d0c:	4e20d4a0 	fadd	v0.4s, v5.4s, v0.4s
     d10:	4e34d434 	fadd	v20.4s, v1.4s, v20.4s
     d14:	4e27d518 	fadd	v24.4s, v8.4s, v7.4s
     d18:	6b01027f 	cmp	w19, w1
     d1c:	54fff96c 	b.gt	c48 <conv2d._omp_fn.2+0x3a4>
     d20:	4eb41e81 	mov	v1.16b, v20.16b
     d24:	52800020 	mov	w0, #0x1                   	// #1
     d28:	4eb51ea6 	mov	v6.16b, v21.16b
     d2c:	2a1703e1 	mov	w1, w23
     d30:	4eb61ec2 	mov	v2.16b, v22.16b
     d34:	2a0003e7 	mov	w7, w0
     d38:	4eb71ee3 	mov	v3.16b, v23.16b
     d3c:	2a0003ed 	mov	w13, w0
     d40:	4eb81f08 	mov	v8.16b, v24.16b
     d44:	2a0003ea 	mov	w10, w0
     d48:	2a0003ee 	mov	w14, w0
     d4c:	2a0003ef 	mov	w15, w0
     d50:	2a0003f0 	mov	w16, w0
     d54:	2a0003f1 	mov	w17, w0
     d58:	6b01035f 	cmp	w26, w1
     d5c:	54000fed 	b.le	f58 <conv2d._omp_fn.2+0x6b4>
     d60:	11000420 	add	w0, w1, #0x1
     d64:	6b00027f 	cmp	w19, w0
     d68:	54003a0d 	b.le	14a8 <conv2d._omp_fn.2+0xc04>
     d6c:	93407c20 	sxtw	x0, w1
     d70:	8b21c84d 	add	x13, x2, w1, sxtw #2
     d74:	8b08000a 	add	x10, x0, x8
     d78:	11000c2e 	add	w14, w1, #0x3
     d7c:	d37ef54a 	lsl	x10, x10, #2
     d80:	bc607845 	ldr	s5, [x2, x0, lsl #2]
     d84:	8b0a0287 	add	x7, x20, x10
     d88:	9100114f 	add	x15, x10, #0x4
     d8c:	8b0f0280 	add	x0, x20, x15
     d90:	bd4005a4 	ldr	s4, [x13, #4]
     d94:	4e0404a5 	dup	v5.4s, v5.s[0]
     d98:	3cea6a87 	ldr	q7, [x20, x10]
     d9c:	1100082a 	add	w10, w1, #0x2
     da0:	ad40dcf8 	ldp	q24, q23, [x7, #16]
     da4:	ad41c0f6 	ldp	q22, q16, [x7, #48]
     da8:	ad42b4ef 	ldp	q15, q13, [x7, #80]
     dac:	3dc01ce9 	ldr	q9, [x7, #112]
     db0:	4e040484 	dup	v4.4s, v4.s[0]
     db4:	6e25df18 	fmul	v24.4s, v24.4s, v5.4s
     db8:	6e25def7 	fmul	v23.4s, v23.4s, v5.4s
     dbc:	6e25ded6 	fmul	v22.4s, v22.4s, v5.4s
     dc0:	6e25de10 	fmul	v16.4s, v16.4s, v5.4s
     dc4:	6e25ddef 	fmul	v15.4s, v15.4s, v5.4s
     dc8:	6e25ddad 	fmul	v13.4s, v13.4s, v5.4s
     dcc:	6e25dd29 	fmul	v9.4s, v9.4s, v5.4s
     dd0:	6e25dce5 	fmul	v5.4s, v7.4s, v5.4s
     dd4:	3cef6a91 	ldr	q17, [x20, x15]
     dd8:	ad40d015 	ldp	q21, q20, [x0, #16]
     ddc:	ad41c813 	ldp	q19, q18, [x0, #48]
     de0:	ad42ac0e 	ldp	q14, q11, [x0, #80]
     de4:	3dc01c07 	ldr	q7, [x0, #112]
     de8:	4e21d4a5 	fadd	v5.4s, v5.4s, v1.4s
     dec:	4e26d706 	fadd	v6.4s, v24.4s, v6.4s
     df0:	4e22d6e2 	fadd	v2.4s, v23.4s, v2.4s
     df4:	4e23d6c3 	fadd	v3.4s, v22.4s, v3.4s
     df8:	4e2cd60c 	fadd	v12.4s, v16.4s, v12.4s
     dfc:	4e2ad5ea 	fadd	v10.4s, v15.4s, v10.4s
     e00:	4e28d5a8 	fadd	v8.4s, v13.4s, v8.4s
     e04:	4e20d520 	fadd	v0.4s, v9.4s, v0.4s
     e08:	6e24deb5 	fmul	v21.4s, v21.4s, v4.4s
     e0c:	6e24de94 	fmul	v20.4s, v20.4s, v4.4s
     e10:	6e24de73 	fmul	v19.4s, v19.4s, v4.4s
     e14:	6e24de52 	fmul	v18.4s, v18.4s, v4.4s
     e18:	6e24ddce 	fmul	v14.4s, v14.4s, v4.4s
     e1c:	6e24dd6b 	fmul	v11.4s, v11.4s, v4.4s
     e20:	6e24dce7 	fmul	v7.4s, v7.4s, v4.4s
     e24:	6e24de21 	fmul	v1.4s, v17.4s, v4.4s
     e28:	4e35d4c6 	fadd	v6.4s, v6.4s, v21.4s
     e2c:	4e34d442 	fadd	v2.4s, v2.4s, v20.4s
     e30:	4e33d463 	fadd	v3.4s, v3.4s, v19.4s
     e34:	4e32d58c 	fadd	v12.4s, v12.4s, v18.4s
     e38:	4e2ed54a 	fadd	v10.4s, v10.4s, v14.4s
     e3c:	4e2bd508 	fadd	v8.4s, v8.4s, v11.4s
     e40:	4e27d400 	fadd	v0.4s, v0.4s, v7.4s
     e44:	4e21d4a1 	fadd	v1.4s, v5.4s, v1.4s
     e48:	6b0e027f 	cmp	w19, w14
     e4c:	54007cac 	b.gt	1de0 <conv2d._omp_fn.2+0x153c>
     e50:	93407d40 	sxtw	x0, w10
     e54:	11000547 	add	w7, w10, #0x1
     e58:	8b080001 	add	x1, x0, x8
     e5c:	937e7d4a 	sbfiz	x10, x10, #2, #32
     e60:	d37ef421 	lsl	x1, x1, #2
     e64:	bc607844 	ldr	s4, [x2, x0, lsl #2]
     e68:	8b010280 	add	x0, x20, x1
     e6c:	4e040484 	dup	v4.4s, v4.s[0]
     e70:	3ce16a85 	ldr	q5, [x20, x1]
     e74:	ad40bc10 	ldp	q16, q15, [x0, #16]
     e78:	ad41b40e 	ldp	q14, q13, [x0, #48]
     e7c:	ad42a40b 	ldp	q11, q9, [x0, #80]
     e80:	3dc01c07 	ldr	q7, [x0, #112]
     e84:	6e24de10 	fmul	v16.4s, v16.4s, v4.4s
     e88:	6e24ddef 	fmul	v15.4s, v15.4s, v4.4s
     e8c:	6e24ddce 	fmul	v14.4s, v14.4s, v4.4s
     e90:	6e24ddad 	fmul	v13.4s, v13.4s, v4.4s
     e94:	6e24dd6b 	fmul	v11.4s, v11.4s, v4.4s
     e98:	6e24dd29 	fmul	v9.4s, v9.4s, v4.4s
     e9c:	6e24dce7 	fmul	v7.4s, v7.4s, v4.4s
     ea0:	6e24dca4 	fmul	v4.4s, v5.4s, v4.4s
     ea4:	4e30d4c6 	fadd	v6.4s, v6.4s, v16.4s
     ea8:	4e2fd442 	fadd	v2.4s, v2.4s, v15.4s
     eac:	4e2ed463 	fadd	v3.4s, v3.4s, v14.4s
     eb0:	4e2dd58c 	fadd	v12.4s, v12.4s, v13.4s
     eb4:	4e2bd54a 	fadd	v10.4s, v10.4s, v11.4s
     eb8:	4e29d508 	fadd	v8.4s, v8.4s, v9.4s
     ebc:	4e27d400 	fadd	v0.4s, v0.4s, v7.4s
     ec0:	4e24d421 	fadd	v1.4s, v1.4s, v4.4s
     ec4:	6b07035f 	cmp	w26, w7
     ec8:	54002c0d 	b.le	1448 <conv2d._omp_fn.2+0xba4>
     ecc:	8b27c10f 	add	x15, x8, w7, sxtw
     ed0:	8b0a004a 	add	x10, x2, x10
     ed4:	52800020 	mov	w0, #0x1                   	// #1
     ed8:	2a0003e7 	mov	w7, w0
     edc:	d37ef5ef 	lsl	x15, x15, #2
     ee0:	2a0003ed 	mov	w13, w0
     ee4:	8b0f0281 	add	x1, x20, x15
     ee8:	bd400544 	ldr	s4, [x10, #4]
     eec:	2a0003ee 	mov	w14, w0
     ef0:	2a0003f0 	mov	w16, w0
     ef4:	3cef6a85 	ldr	q5, [x20, x15]
     ef8:	2a0003f1 	mov	w17, w0
     efc:	4e040484 	dup	v4.4s, v4.s[0]
     f00:	2a0003ef 	mov	w15, w0
     f04:	ad40bc30 	ldp	q16, q15, [x1, #16]
     f08:	2a0003ea 	mov	w10, w0
     f0c:	ad41b42e 	ldp	q14, q13, [x1, #48]
     f10:	ad42a42b 	ldp	q11, q9, [x1, #80]
     f14:	3dc01c27 	ldr	q7, [x1, #112]
     f18:	6e24de10 	fmul	v16.4s, v16.4s, v4.4s
     f1c:	6e24ddef 	fmul	v15.4s, v15.4s, v4.4s
     f20:	6e24ddce 	fmul	v14.4s, v14.4s, v4.4s
     f24:	6e24ddad 	fmul	v13.4s, v13.4s, v4.4s
     f28:	6e24dd6b 	fmul	v11.4s, v11.4s, v4.4s
     f2c:	6e24dd29 	fmul	v9.4s, v9.4s, v4.4s
     f30:	6e24dce7 	fmul	v7.4s, v7.4s, v4.4s
     f34:	6e24dca4 	fmul	v4.4s, v5.4s, v4.4s
     f38:	4e30d4c6 	fadd	v6.4s, v6.4s, v16.4s
     f3c:	4e2fd442 	fadd	v2.4s, v2.4s, v15.4s
     f40:	4e2ed463 	fadd	v3.4s, v3.4s, v14.4s
     f44:	4e2dd58c 	fadd	v12.4s, v12.4s, v13.4s
     f48:	4e2bd54a 	fadd	v10.4s, v10.4s, v11.4s
     f4c:	4e29d508 	fadd	v8.4s, v8.4s, v9.4s
     f50:	4e27d400 	fadd	v0.4s, v0.4s, v7.4s
     f54:	4e24d421 	fadd	v1.4s, v1.4s, v4.4s
     f58:	11000529 	add	w9, w9, #0x1
     f5c:	8b150042 	add	x2, x2, x21
     f60:	8b160108 	add	x8, x8, x22
     f64:	8b150084 	add	x4, x4, x21
     f68:	6b09037f 	cmp	w27, w9
     f6c:	54ffd7a1 	b.ne	a60 <conv2d._omp_fn.2+0x1bc>  // b.any
     f70:	34000051 	cbz	w17, f78 <conv2d._omp_fn.2+0x6d4>
     f74:	3d803fe1 	str	q1, [sp, #240]
     f78:	34000050 	cbz	w16, f80 <conv2d._omp_fn.2+0x6dc>
     f7c:	3d8043e6 	str	q6, [sp, #256]
     f80:	3400004f 	cbz	w15, f88 <conv2d._omp_fn.2+0x6e4>
     f84:	3d8047e2 	str	q2, [sp, #272]
     f88:	3400004e 	cbz	w14, f90 <conv2d._omp_fn.2+0x6ec>
     f8c:	3d804be3 	str	q3, [sp, #288]
     f90:	3400004a 	cbz	w10, f98 <conv2d._omp_fn.2+0x6f4>
     f94:	3d804fec 	str	q12, [sp, #304]
     f98:	3400004d 	cbz	w13, fa0 <conv2d._omp_fn.2+0x6fc>
     f9c:	3d8053ea 	str	q10, [sp, #320]
     fa0:	34000047 	cbz	w7, fa8 <conv2d._omp_fn.2+0x704>
     fa4:	3d8057e8 	str	q8, [sp, #336]
     fa8:	34000040 	cbz	w0, fb0 <conv2d._omp_fn.2+0x70c>
     fac:	3d805be0 	str	q0, [sp, #352]
     fb0:	11008063 	add	w3, w3, #0x20
     fb4:	a9400640 	ldp	x0, x1, [x18]
     fb8:	a90007c0 	stp	x0, x1, [x30]
     fbc:	4b0300c2 	sub	w2, w6, w3
     fc0:	a9410640 	ldp	x0, x1, [x18, #16]
     fc4:	a90107c0 	stp	x0, x1, [x30, #16]
     fc8:	9100818c 	add	x12, x12, #0x20
     fcc:	a9420640 	ldp	x0, x1, [x18, #32]
     fd0:	a90207c0 	stp	x0, x1, [x30, #32]
     fd4:	910203de 	add	x30, x30, #0x80
     fd8:	a9430640 	ldp	x0, x1, [x18, #48]
     fdc:	a93b07c0 	stp	x0, x1, [x30, #-80]
     fe0:	a9440640 	ldp	x0, x1, [x18, #64]
     fe4:	a93c07c0 	stp	x0, x1, [x30, #-64]
     fe8:	a9450640 	ldp	x0, x1, [x18, #80]
     fec:	a93d07c0 	stp	x0, x1, [x30, #-48]
     ff0:	a9460640 	ldp	x0, x1, [x18, #96]
     ff4:	a93e07c0 	stp	x0, x1, [x30, #-32]
     ff8:	a9470640 	ldp	x0, x1, [x18, #112]
     ffc:	a93f07c0 	stp	x0, x1, [x30, #-16]
    1000:	71007c5f 	cmp	w2, #0x1f
    1004:	54ffcf2c 	b.gt	9e8 <conv2d._omp_fn.2+0x144>
    1008:	71003c5f 	cmp	w2, #0xf
    100c:	54001e6d 	b.le	13d8 <conv2d._omp_fn.2+0xb34>
    1010:	93407c67 	sxtw	x7, w3
    1014:	8b23c8a4 	add	x4, x5, w3, sxtw #2
    1018:	9103c3f2 	add	x18, sp, #0xf0
    101c:	a90f7fff 	stp	xzr, xzr, [sp, #240]
    1020:	a9107fff 	stp	xzr, xzr, [sp, #256]
    1024:	a9117fff 	stp	xzr, xzr, [sp, #272]
    1028:	a9127fff 	stp	xzr, xzr, [sp, #288]
    102c:	7100037f 	cmp	w27, #0x0
    1030:	54001b8d 	b.le	13a0 <conv2d._omp_fn.2+0xafc>
    1034:	4f000400 	movi	v0.4s, #0x0
    1038:	8b07016a 	add	x10, x11, x7
    103c:	91001388 	add	x8, x28, #0x4
    1040:	aa1c03e2 	mov	x2, x28
    1044:	52800000 	mov	w0, #0x0                   	// #0
    1048:	5280000c 	mov	w12, #0x0                   	// #0
    104c:	5280000e 	mov	w14, #0x0                   	// #0
    1050:	52800009 	mov	w9, #0x0                   	// #0
    1054:	4ea01c0d 	mov	v13.16b, v0.16b
    1058:	5280000d 	mov	w13, #0x0                   	// #0
    105c:	4ea01c05 	mov	v5.16b, v0.16b
    1060:	4ea01c07 	mov	v7.16b, v0.16b
    1064:	d503201f 	nop
    1068:	7100027f 	cmp	w19, #0x0
    106c:	540020ad 	b.le	1480 <conv2d._omp_fn.2+0xbdc>
    1070:	34002158 	cbz	w24, 1498 <conv2d._omp_fn.2+0xbf4>
    1074:	aa0203e9 	mov	x9, x2
    1078:	8b0a0a80 	add	x0, x20, x10, lsl #2
    107c:	52800001 	mov	w1, #0x0                   	// #0
    1080:	3dc00004 	ldr	q4, [x0]
    1084:	1100182c 	add	w12, w1, #0x6
    1088:	2d40a129 	ldp	s9, s8, [x9, #4]
    108c:	11001021 	add	w1, w1, #0x4
    1090:	3dc00402 	ldr	q2, [x0, #16]
    1094:	91004000 	add	x0, x0, #0x10
    1098:	3dc00403 	ldr	q3, [x0, #16]
    109c:	3dc00801 	ldr	q1, [x0, #32]
    10a0:	4e040529 	dup	v9.4s, v9.s[0]
    10a4:	4d40c92a 	ld1r	{v10.4s}, [x9]
    10a8:	3cdf400f 	ldur	q15, [x0, #-12]
    10ac:	91004129 	add	x9, x9, #0x10
    10b0:	6e2adc84 	fmul	v4.4s, v4.4s, v10.4s
    10b4:	bc5fc126 	ldur	s6, [x9, #-4]
    10b8:	6e2adc42 	fmul	v2.4s, v2.4s, v10.4s
    10bc:	6e2adc21 	fmul	v1.4s, v1.4s, v10.4s
    10c0:	6e2adc63 	fmul	v3.4s, v3.4s, v10.4s
    10c4:	3cc0400e 	ldur	q14, [x0, #4]
    10c8:	3cc1400b 	ldur	q11, [x0, #20]
    10cc:	3cc2400a 	ldur	q10, [x0, #36]
    10d0:	4e27d487 	fadd	v7.4s, v4.4s, v7.4s
    10d4:	4e25d445 	fadd	v5.4s, v2.4s, v5.4s
    10d8:	4e040504 	dup	v4.4s, v8.s[0]
    10dc:	6e29dd42 	fmul	v2.4s, v10.4s, v9.4s
    10e0:	6e29dd68 	fmul	v8.4s, v11.4s, v9.4s
    10e4:	4e2dd463 	fadd	v3.4s, v3.4s, v13.4s
    10e8:	4e20d420 	fadd	v0.4s, v1.4s, v0.4s
    10ec:	6e29ddef 	fmul	v15.4s, v15.4s, v9.4s
    10f0:	6e29ddce 	fmul	v14.4s, v14.4s, v9.4s
    10f4:	3cdf800c 	ldur	q12, [x0, #-8]
    10f8:	3cc0800b 	ldur	q11, [x0, #8]
    10fc:	3cc1800a 	ldur	q10, [x0, #24]
    1100:	3cc28009 	ldur	q9, [x0, #40]
    1104:	4e0404c1 	dup	v1.4s, v6.s[0]
    1108:	6e24dd8c 	fmul	v12.4s, v12.4s, v4.4s
    110c:	4e28d463 	fadd	v3.4s, v3.4s, v8.4s
    1110:	4e22d400 	fadd	v0.4s, v0.4s, v2.4s
    1114:	6e24dd6b 	fmul	v11.4s, v11.4s, v4.4s
    1118:	6e24dd4a 	fmul	v10.4s, v10.4s, v4.4s
    111c:	6e24dd29 	fmul	v9.4s, v9.4s, v4.4s
    1120:	4e2fd4e7 	fadd	v7.4s, v7.4s, v15.4s
    1124:	4e2ed4a5 	fadd	v5.4s, v5.4s, v14.4s
    1128:	3cdfc008 	ldur	q8, [x0, #-4]
    112c:	3cc0c006 	ldur	q6, [x0, #12]
    1130:	3cc1c004 	ldur	q4, [x0, #28]
    1134:	3cc2c002 	ldur	q2, [x0, #44]
    1138:	6e21dd08 	fmul	v8.4s, v8.4s, v1.4s
    113c:	6e21dcc6 	fmul	v6.4s, v6.4s, v1.4s
    1140:	6e21dc84 	fmul	v4.4s, v4.4s, v1.4s
    1144:	4e2cd4e7 	fadd	v7.4s, v7.4s, v12.4s
    1148:	4e2bd4a5 	fadd	v5.4s, v5.4s, v11.4s
    114c:	4e2ad463 	fadd	v3.4s, v3.4s, v10.4s
    1150:	4e29d400 	fadd	v0.4s, v0.4s, v9.4s
    1154:	6e21dc41 	fmul	v1.4s, v2.4s, v1.4s
    1158:	4e28d4e7 	fadd	v7.4s, v7.4s, v8.4s
    115c:	4e26d4a5 	fadd	v5.4s, v5.4s, v6.4s
    1160:	4e24d46d 	fadd	v13.4s, v3.4s, v4.4s
    1164:	4e21d400 	fadd	v0.4s, v0.4s, v1.4s
    1168:	6b0c033f 	cmp	w25, w12
    116c:	54fff8ac 	b.gt	1080 <conv2d._omp_fn.2+0x7dc>
    1170:	93407c21 	sxtw	x1, w1
    1174:	8b0a0020 	add	x0, x1, x10
    1178:	8b000a80 	add	x0, x20, x0, lsl #2
    117c:	d503201f 	nop
    1180:	bc617842 	ldr	s2, [x2, x1, lsl #2]
    1184:	91002000 	add	x0, x0, #0x8
    1188:	3cdf8008 	ldur	q8, [x0, #-8]
    118c:	4e040442 	dup	v2.4s, v2.s[0]
    1190:	bc617901 	ldr	s1, [x8, x1, lsl #2]
    1194:	3cc08006 	ldur	q6, [x0, #8]
    1198:	91000821 	add	x1, x1, #0x2
    119c:	3cc18004 	ldur	q4, [x0, #24]
    11a0:	3cc28003 	ldur	q3, [x0, #40]
    11a4:	4e040421 	dup	v1.4s, v1.s[0]
    11a8:	6e22dd08 	fmul	v8.4s, v8.4s, v2.4s
    11ac:	6e22dcc6 	fmul	v6.4s, v6.4s, v2.4s
    11b0:	6e22dc84 	fmul	v4.4s, v4.4s, v2.4s
    11b4:	6e22dc62 	fmul	v2.4s, v3.4s, v2.4s
    11b8:	3cdfc00c 	ldur	q12, [x0, #-4]
    11bc:	3cc0c00b 	ldur	q11, [x0, #12]
    11c0:	3cc1c00a 	ldur	q10, [x0, #28]
    11c4:	3cc2c009 	ldur	q9, [x0, #44]
    11c8:	4e27d507 	fadd	v7.4s, v8.4s, v7.4s
    11cc:	4e25d4c5 	fadd	v5.4s, v6.4s, v5.4s
    11d0:	6e21dd88 	fmul	v8.4s, v12.4s, v1.4s
    11d4:	6e21dd66 	fmul	v6.4s, v11.4s, v1.4s
    11d8:	4e2dd483 	fadd	v3.4s, v4.4s, v13.4s
    11dc:	4e20d440 	fadd	v0.4s, v2.4s, v0.4s
    11e0:	6e21dd44 	fmul	v4.4s, v10.4s, v1.4s
    11e4:	6e21dd21 	fmul	v1.4s, v9.4s, v1.4s
    11e8:	4e28d4e7 	fadd	v7.4s, v7.4s, v8.4s
    11ec:	4e26d4a5 	fadd	v5.4s, v5.4s, v6.4s
    11f0:	4e24d46d 	fadd	v13.4s, v3.4s, v4.4s
    11f4:	4e21d400 	fadd	v0.4s, v0.4s, v1.4s
    11f8:	6b01027f 	cmp	w19, w1
    11fc:	54fffc2c 	b.gt	1180 <conv2d._omp_fn.2+0x8dc>
    1200:	52800020 	mov	w0, #0x1                   	// #1
    1204:	2a1703e1 	mov	w1, w23
    1208:	2a0003ec 	mov	w12, w0
    120c:	2a0003ee 	mov	w14, w0
    1210:	2a0003e9 	mov	w9, w0
    1214:	6b01035f 	cmp	w26, w1
    1218:	54000a8d 	b.le	1368 <conv2d._omp_fn.2+0xac4>
    121c:	11000420 	add	w0, w1, #0x1
    1220:	6b00027f 	cmp	w19, w0
    1224:	540013ed 	b.le	14a0 <conv2d._omp_fn.2+0xbfc>
    1228:	93407c29 	sxtw	x9, w1
    122c:	8b21c84e 	add	x14, x2, w1, sxtw #2
    1230:	8b0a0120 	add	x0, x9, x10
    1234:	11000c2c 	add	w12, w1, #0x3
    1238:	d37ef400 	lsl	x0, x0, #2
    123c:	bc697842 	ldr	s2, [x2, x9, lsl #2]
    1240:	8b00028f 	add	x15, x20, x0
    1244:	91001010 	add	x16, x0, #0x4
    1248:	8b100289 	add	x9, x20, x16
    124c:	bd4005c1 	ldr	s1, [x14, #4]
    1250:	4e040442 	dup	v2.4s, v2.s[0]
    1254:	3ce06a83 	ldr	q3, [x20, x0]
    1258:	11000820 	add	w0, w1, #0x2
    125c:	ad4099e8 	ldp	q8, q6, [x15, #16]
    1260:	3dc00de4 	ldr	q4, [x15, #48]
    1264:	4e040421 	dup	v1.4s, v1.s[0]
    1268:	6e22dd08 	fmul	v8.4s, v8.4s, v2.4s
    126c:	6e22dcc6 	fmul	v6.4s, v6.4s, v2.4s
    1270:	6e22dc84 	fmul	v4.4s, v4.4s, v2.4s
    1274:	6e22dc62 	fmul	v2.4s, v3.4s, v2.4s
    1278:	3cf06a89 	ldr	q9, [x20, x16]
    127c:	3dc0052b 	ldr	q11, [x9, #16]
    1280:	3dc00923 	ldr	q3, [x9, #32]
    1284:	3dc00d2a 	ldr	q10, [x9, #48]
    1288:	6e21dd6b 	fmul	v11.4s, v11.4s, v1.4s
    128c:	4e25d505 	fadd	v5.4s, v8.4s, v5.4s
    1290:	4e20d480 	fadd	v0.4s, v4.4s, v0.4s
    1294:	6e21dc68 	fmul	v8.4s, v3.4s, v1.4s
    1298:	4e27d447 	fadd	v7.4s, v2.4s, v7.4s
    129c:	4e2dd4c3 	fadd	v3.4s, v6.4s, v13.4s
    12a0:	6e21dd46 	fmul	v6.4s, v10.4s, v1.4s
    12a4:	6e21dd21 	fmul	v1.4s, v9.4s, v1.4s
    12a8:	4e2bd4a5 	fadd	v5.4s, v5.4s, v11.4s
    12ac:	4e28d46d 	fadd	v13.4s, v3.4s, v8.4s
    12b0:	4e26d400 	fadd	v0.4s, v0.4s, v6.4s
    12b4:	4e21d4e7 	fadd	v7.4s, v7.4s, v1.4s
    12b8:	6b0c027f 	cmp	w19, w12
    12bc:	5400552c 	b.gt	1d60 <conv2d._omp_fn.2+0x14bc>
    12c0:	93407c0c 	sxtw	x12, w0
    12c4:	11000409 	add	w9, w0, #0x1
    12c8:	8b0a0181 	add	x1, x12, x10
    12cc:	937e7c00 	sbfiz	x0, x0, #2, #32
    12d0:	d37ef421 	lsl	x1, x1, #2
    12d4:	bc6c7841 	ldr	s1, [x2, x12, lsl #2]
    12d8:	8b01028c 	add	x12, x20, x1
    12dc:	4e040421 	dup	v1.4s, v1.s[0]
    12e0:	3ce16a82 	ldr	q2, [x20, x1]
    12e4:	ad409186 	ldp	q6, q4, [x12, #16]
    12e8:	3dc00d83 	ldr	q3, [x12, #48]
    12ec:	6e21dcc6 	fmul	v6.4s, v6.4s, v1.4s
    12f0:	6e21dc84 	fmul	v4.4s, v4.4s, v1.4s
    12f4:	6e21dc63 	fmul	v3.4s, v3.4s, v1.4s
    12f8:	6e21dc41 	fmul	v1.4s, v2.4s, v1.4s
    12fc:	4e26d4a5 	fadd	v5.4s, v5.4s, v6.4s
    1300:	4e24d5ad 	fadd	v13.4s, v13.4s, v4.4s
    1304:	4e23d400 	fadd	v0.4s, v0.4s, v3.4s
    1308:	4e21d4e7 	fadd	v7.4s, v7.4s, v1.4s
    130c:	6b09035f 	cmp	w26, w9
    1310:	54000aed 	b.le	146c <conv2d._omp_fn.2+0xbc8>
    1314:	8b000041 	add	x1, x2, x0
    1318:	8b29c149 	add	x9, x10, w9, sxtw
    131c:	52800020 	mov	w0, #0x1                   	// #1
    1320:	2a0003ec 	mov	w12, w0
    1324:	d37ef529 	lsl	x9, x9, #2
    1328:	2a0003ee 	mov	w14, w0
    132c:	8b09028f 	add	x15, x20, x9
    1330:	bd400421 	ldr	s1, [x1, #4]
    1334:	3ce96a82 	ldr	q2, [x20, x9]
    1338:	2a0003e9 	mov	w9, w0
    133c:	4e040421 	dup	v1.4s, v1.s[0]
    1340:	ad4091e6 	ldp	q6, q4, [x15, #16]
    1344:	3dc00de3 	ldr	q3, [x15, #48]
    1348:	6e21dcc6 	fmul	v6.4s, v6.4s, v1.4s
    134c:	6e21dc84 	fmul	v4.4s, v4.4s, v1.4s
    1350:	6e21dc63 	fmul	v3.4s, v3.4s, v1.4s
    1354:	6e21dc41 	fmul	v1.4s, v2.4s, v1.4s
    1358:	4e26d4a5 	fadd	v5.4s, v5.4s, v6.4s
    135c:	4e24d5ad 	fadd	v13.4s, v13.4s, v4.4s
    1360:	4e23d400 	fadd	v0.4s, v0.4s, v3.4s
    1364:	4e21d4e7 	fadd	v7.4s, v7.4s, v1.4s
    1368:	110005ad 	add	w13, w13, #0x1
    136c:	8b150042 	add	x2, x2, x21
    1370:	8b16014a 	add	x10, x10, x22
    1374:	8b150108 	add	x8, x8, x21
    1378:	6b0d037f 	cmp	w27, w13
    137c:	54ffe761 	b.ne	1068 <conv2d._omp_fn.2+0x7c4>  // b.any
    1380:	34000049 	cbz	w9, 1388 <conv2d._omp_fn.2+0xae4>
    1384:	3d803fe7 	str	q7, [sp, #240]
    1388:	3400004e 	cbz	w14, 1390 <conv2d._omp_fn.2+0xaec>
    138c:	3d8043e5 	str	q5, [sp, #256]
    1390:	3400004c 	cbz	w12, 1398 <conv2d._omp_fn.2+0xaf4>
    1394:	3d8047ed 	str	q13, [sp, #272]
    1398:	34000040 	cbz	w0, 13a0 <conv2d._omp_fn.2+0xafc>
    139c:	3d804be0 	str	q0, [sp, #288]
    13a0:	11004063 	add	w3, w3, #0x10
    13a4:	a9400640 	ldp	x0, x1, [x18]
    13a8:	a9000480 	stp	x0, x1, [x4]
    13ac:	4b0300c2 	sub	w2, w6, w3
    13b0:	a9410640 	ldp	x0, x1, [x18, #16]
    13b4:	a9010480 	stp	x0, x1, [x4, #16]
    13b8:	910040e7 	add	x7, x7, #0x10
    13bc:	a9420640 	ldp	x0, x1, [x18, #32]
    13c0:	a9020480 	stp	x0, x1, [x4, #32]
    13c4:	91010084 	add	x4, x4, #0x40
    13c8:	a9430640 	ldp	x0, x1, [x18, #48]
    13cc:	a93f0480 	stp	x0, x1, [x4, #-16]
    13d0:	71003c5f 	cmp	w2, #0xf
    13d4:	54ffe24c 	b.gt	101c <conv2d._omp_fn.2+0x778>
    13d8:	71001c5f 	cmp	w2, #0x7
    13dc:	54002f2c 	b.gt	19c0 <conv2d._omp_fn.2+0x111c>
    13e0:	71000c5f 	cmp	w2, #0x3
    13e4:	5400210c 	b.gt	1804 <conv2d._omp_fn.2+0xf60>
    13e8:	7100045f 	cmp	w2, #0x1
    13ec:	540012cc 	b.gt	1644 <conv2d._omp_fn.2+0xda0>
    13f0:	6b06007f 	cmp	w3, w6
    13f4:	540007cb 	b.lt	14ec <conv2d._omp_fn.2+0xc48>  // b.tstop
    13f8:	f94067e1 	ldr	x1, [sp, #200]
    13fc:	8b16016b 	add	x11, x11, x22
    1400:	b940abe0 	ldr	w0, [sp, #168]
    1404:	8b0100a5 	add	x5, x5, x1
    1408:	b940b3e1 	ldr	w1, [sp, #176]
    140c:	11000400 	add	w0, w0, #0x1
    1410:	b900abe0 	str	w0, [sp, #168]
    1414:	6b00003f 	cmp	w1, w0
    1418:	54ffad21 	b.ne	9bc <conv2d._omp_fn.2+0x118>  // b.any
    141c:	a94363f7 	ldp	x23, x24, [sp, #48]
    1420:	a94573fb 	ldp	x27, x28, [sp, #80]
    1424:	6d4627e8 	ldp	d8, d9, [sp, #96]
    1428:	6d472fea 	ldp	d10, d11, [sp, #112]
    142c:	6d4837ec 	ldp	d12, d13, [sp, #128]
    1430:	6d493fee 	ldp	d14, d15, [sp, #144]
    1434:	a94153f3 	ldp	x19, x20, [sp, #16]
    1438:	a9425bf5 	ldp	x21, x22, [sp, #32]
    143c:	a9446bf9 	ldp	x25, x26, [sp, #64]
    1440:	a8d77bfd 	ldp	x29, x30, [sp], #368
    1444:	d65f03c0 	ret
    1448:	52800020 	mov	w0, #0x1                   	// #1
    144c:	2a0003e7 	mov	w7, w0
    1450:	2a0003ed 	mov	w13, w0
    1454:	2a0003ea 	mov	w10, w0
    1458:	2a0003ee 	mov	w14, w0
    145c:	2a0003ef 	mov	w15, w0
    1460:	2a0003f0 	mov	w16, w0
    1464:	2a0003f1 	mov	w17, w0
    1468:	17fffebc 	b	f58 <conv2d._omp_fn.2+0x6b4>
    146c:	52800020 	mov	w0, #0x1                   	// #1
    1470:	2a0003ec 	mov	w12, w0
    1474:	2a0003ee 	mov	w14, w0
    1478:	2a0003e9 	mov	w9, w0
    147c:	17ffffbb 	b	1368 <conv2d._omp_fn.2+0xac4>
    1480:	52800001 	mov	w1, #0x0                   	// #0
    1484:	17ffff64 	b	1214 <conv2d._omp_fn.2+0x970>
    1488:	52800001 	mov	w1, #0x0                   	// #0
    148c:	17fffe33 	b	d58 <conv2d._omp_fn.2+0x4b4>
    1490:	52800001 	mov	w1, #0x0                   	// #0
    1494:	17fffde5 	b	c28 <conv2d._omp_fn.2+0x384>
    1498:	52800001 	mov	w1, #0x0                   	// #0
    149c:	17ffff35 	b	1170 <conv2d._omp_fn.2+0x8cc>
    14a0:	2a0103e0 	mov	w0, w1
    14a4:	17ffff87 	b	12c0 <conv2d._omp_fn.2+0xa1c>
    14a8:	2a0103ea 	mov	w10, w1
    14ac:	17fffe69 	b	e50 <conv2d._omp_fn.2+0x5ac>
    14b0:	f94053e0 	ldr	x0, [sp, #160]
    14b4:	2a1b03e3 	mov	w3, w27
    14b8:	aa1c03e2 	mov	x2, x28
    14bc:	2a1a03e4 	mov	w4, w26
    14c0:	aa1603e1 	mov	x1, x22
    14c4:	f9006fe5 	str	x5, [sp, #216]
    14c8:	b900e7e6 	str	w6, [sp, #228]
    14cc:	f90077eb 	str	x11, [sp, #232]
    14d0:	97fffbc5 	bl	3e4 <conv_sve_prefix>
    14d4:	b940e7e6 	ldr	w6, [sp, #228]
    14d8:	2a0003e3 	mov	w3, w0
    14dc:	f9406fe5 	ldr	x5, [sp, #216]
    14e0:	4b0000c2 	sub	w2, w6, w0
    14e4:	f94077eb 	ldr	x11, [sp, #232]
    14e8:	17fffd3b 	b	9d4 <conv2d._omp_fn.2+0x130>
    14ec:	937e7c61 	sbfiz	x1, x3, #2, #32
    14f0:	93407c62 	sxtw	x2, w3
    14f4:	8b0100a7 	add	x7, x5, x1
    14f8:	7100037f 	cmp	w27, #0x0
    14fc:	54003d0d 	b.le	1c9c <conv2d._omp_fn.2+0x13f8>
    1500:	f94053e0 	ldr	x0, [sp, #160]
    1504:	8b0b0042 	add	x2, x2, x11
    1508:	0f000400 	movi	v0.2s, #0x0
    150c:	aa1c03e3 	mov	x3, x28
    1510:	8b020a82 	add	x2, x20, x2, lsl #2
    1514:	8b010001 	add	x1, x0, x1
    1518:	52800004 	mov	w4, #0x0                   	// #0
    151c:	f9405fe9 	ldr	x9, [sp, #184]
    1520:	14000009 	b	1544 <conv2d._omp_fn.2+0xca0>
    1524:	6b00035f 	cmp	w26, w0
    1528:	5400062c 	b.gt	15ec <conv2d._omp_fn.2+0xd48>
    152c:	11000484 	add	w4, w4, #0x1
    1530:	8b150063 	add	x3, x3, x21
    1534:	8b090021 	add	x1, x1, x9
    1538:	8b090042 	add	x2, x2, x9
    153c:	6b04037f 	cmp	w27, w4
    1540:	540007e0 	b.eq	163c <conv2d._omp_fn.2+0xd98>  // b.none
    1544:	52800000 	mov	w0, #0x0                   	// #0
    1548:	7100027f 	cmp	w19, #0x0
    154c:	54fffecd 	b.le	1524 <conv2d._omp_fn.2+0xc80>
    1550:	b940e3e0 	ldr	w0, [sp, #224]
    1554:	7100041f 	cmp	w0, #0x1
    1558:	540039e9 	b.ls	1c94 <conv2d._omp_fn.2+0x13f0>  // b.plast
    155c:	d2800000 	mov	x0, #0x0                   	// #0
    1560:	3ce06861 	ldr	q1, [x3, x0]
    1564:	3ce06842 	ldr	q2, [x2, x0]
    1568:	91004000 	add	x0, x0, #0x10
    156c:	f9406be8 	ldr	x8, [sp, #208]
    1570:	6e21dc42 	fmul	v2.4s, v2.4s, v1.4s
    1574:	5e040441 	mov	s1, v2.s[0]
    1578:	5e0c0443 	mov	s3, v2.s[1]
    157c:	5e140444 	mov	s4, v2.s[2]
    1580:	5e1c0442 	mov	s2, v2.s[3]
    1584:	1e212800 	fadd	s0, s0, s1
    1588:	1e202860 	fadd	s0, s3, s0
    158c:	1e242800 	fadd	s0, s0, s4
    1590:	1e222800 	fadd	s0, s0, s2
    1594:	eb00011f 	cmp	x8, x0
    1598:	54fffe41 	b.ne	1560 <conv2d._omp_fn.2+0xcbc>  // b.any
    159c:	b940b7e0 	ldr	w0, [sp, #180]
    15a0:	b940c7e8 	ldr	w8, [sp, #196]
    15a4:	6b08001f 	cmp	w0, w8
    15a8:	540001c0 	b.eq	15e0 <conv2d._omp_fn.2+0xd3c>  // b.none
    15ac:	b940c3e0 	ldr	w0, [sp, #192]
    15b0:	93407c08 	sxtw	x8, w0
    15b4:	937e7c00 	sbfiz	x0, x0, #2, #32
    15b8:	8b00002a 	add	x10, x1, x0
    15bc:	8b000060 	add	x0, x3, x0
    15c0:	bc687862 	ldr	s2, [x3, x8, lsl #2]
    15c4:	bc687824 	ldr	s4, [x1, x8, lsl #2]
    15c8:	bd400401 	ldr	s1, [x0, #4]
    15cc:	bd400543 	ldr	s3, [x10, #4]
    15d0:	1e240842 	fmul	s2, s2, s4
    15d4:	1e230821 	fmul	s1, s1, s3
    15d8:	1e202840 	fadd	s0, s2, s0
    15dc:	1e202820 	fadd	s0, s1, s0
    15e0:	2a1703e0 	mov	w0, w23
    15e4:	6b00035f 	cmp	w26, w0
    15e8:	54fffa2d 	b.le	152c <conv2d._omp_fn.2+0xc88>
    15ec:	93407c08 	sxtw	x8, w0
    15f0:	1100040a 	add	w10, w0, #0x1
    15f4:	937e7c00 	sbfiz	x0, x0, #2, #32
    15f8:	bc687821 	ldr	s1, [x1, x8, lsl #2]
    15fc:	bc687862 	ldr	s2, [x3, x8, lsl #2]
    1600:	1e220821 	fmul	s1, s1, s2
    1604:	1e212800 	fadd	s0, s0, s1
    1608:	6b0a035f 	cmp	w26, w10
    160c:	54fff90d 	b.le	152c <conv2d._omp_fn.2+0xc88>
    1610:	91001000 	add	x0, x0, #0x4
    1614:	11000484 	add	w4, w4, #0x1
    1618:	8b090042 	add	x2, x2, x9
    161c:	bc606861 	ldr	s1, [x3, x0]
    1620:	8b150063 	add	x3, x3, x21
    1624:	bc606822 	ldr	s2, [x1, x0]
    1628:	8b090021 	add	x1, x1, x9
    162c:	1e220821 	fmul	s1, s1, s2
    1630:	1e212800 	fadd	s0, s0, s1
    1634:	6b04037f 	cmp	w27, w4
    1638:	54fff861 	b.ne	1544 <conv2d._omp_fn.2+0xca0>  // b.any
    163c:	bd0000e0 	str	s0, [x7]
    1640:	17ffff6e 	b	13f8 <conv2d._omp_fn.2+0xb54>
    1644:	93407c64 	sxtw	x4, w3
    1648:	d2800000 	mov	x0, #0x0                   	// #0
    164c:	7100037f 	cmp	w27, #0x0
    1650:	54000cad 	b.le	17e4 <conv2d._omp_fn.2+0xf40>
    1654:	0f000400 	movi	v0.2s, #0x0
    1658:	8b0b0087 	add	x7, x4, x11
    165c:	91001388 	add	x8, x28, #0x4
    1660:	aa1c03e2 	mov	x2, x28
    1664:	5280000a 	mov	w10, #0x0                   	// #0
    1668:	52800009 	mov	w9, #0x0                   	// #0
    166c:	7100027f 	cmp	w19, #0x0
    1670:	54000c6d 	b.le	17fc <conv2d._omp_fn.2+0xf58>
    1674:	34000c18 	cbz	w24, 17f4 <conv2d._omp_fn.2+0xf50>
    1678:	aa0203ea 	mov	x10, x2
    167c:	8b070a81 	add	x1, x20, x7, lsl #2
    1680:	52800000 	mov	w0, #0x0                   	// #0
    1684:	0d40c943 	ld1r	{v3.2s}, [x10]
    1688:	1100180c 	add	w12, w0, #0x6
    168c:	fd400021 	ldr	d1, [x1]
    1690:	11001000 	add	w0, w0, #0x4
    1694:	fc404022 	ldur	d2, [x1, #4]
    1698:	91004021 	add	x1, x1, #0x10
    169c:	fc5f8026 	ldur	d6, [x1, #-8]
    16a0:	2e23dc21 	fmul	v1.2s, v1.2s, v3.2s
    16a4:	fc5fc025 	ldur	d5, [x1, #-4]
    16a8:	2d408d44 	ldp	s4, s3, [x10, #4]
    16ac:	9100414a 	add	x10, x10, #0x10
    16b0:	0e20d420 	fadd	v0.2s, v1.2s, v0.2s
    16b4:	0f849044 	fmul	v4.2s, v2.2s, v4.s[0]
    16b8:	0f8390c3 	fmul	v3.2s, v6.2s, v3.s[0]
    16bc:	bc5fc142 	ldur	s2, [x10, #-4]
    16c0:	0e24d400 	fadd	v0.2s, v0.2s, v4.2s
    16c4:	0f8290a1 	fmul	v1.2s, v5.2s, v2.s[0]
    16c8:	0e23d400 	fadd	v0.2s, v0.2s, v3.2s
    16cc:	0e21d400 	fadd	v0.2s, v0.2s, v1.2s
    16d0:	6b0c033f 	cmp	w25, w12
    16d4:	54fffd8c 	b.gt	1684 <conv2d._omp_fn.2+0xde0>
    16d8:	93407c00 	sxtw	x0, w0
    16dc:	8b0000e1 	add	x1, x7, x0
    16e0:	8b010a81 	add	x1, x20, x1, lsl #2
    16e4:	bc607841 	ldr	s1, [x2, x0, lsl #2]
    16e8:	91002021 	add	x1, x1, #0x8
    16ec:	fc5f8024 	ldur	d4, [x1, #-8]
    16f0:	fc5fc023 	ldur	d3, [x1, #-4]
    16f4:	bc607902 	ldr	s2, [x8, x0, lsl #2]
    16f8:	91000800 	add	x0, x0, #0x2
    16fc:	0f819081 	fmul	v1.2s, v4.2s, v1.s[0]
    1700:	0f829062 	fmul	v2.2s, v3.2s, v2.s[0]
    1704:	0e20d420 	fadd	v0.2s, v1.2s, v0.2s
    1708:	0e22d400 	fadd	v0.2s, v0.2s, v2.2s
    170c:	6b00027f 	cmp	w19, w0
    1710:	54fffeac 	b.gt	16e4 <conv2d._omp_fn.2+0xe40>
    1714:	2a1703e1 	mov	w1, w23
    1718:	5280002a 	mov	w10, #0x1                   	// #1
    171c:	6b01035f 	cmp	w26, w1
    1720:	5400050d 	b.le	17c0 <conv2d._omp_fn.2+0xf1c>
    1724:	11000420 	add	w0, w1, #0x1
    1728:	6b00027f 	cmp	w19, w0
    172c:	540029ed 	b.le	1c68 <conv2d._omp_fn.2+0x13c4>
    1730:	93407c2a 	sxtw	x10, w1
    1734:	8b21c84c 	add	x12, x2, w1, sxtw #2
    1738:	8b070140 	add	x0, x10, x7
    173c:	11000c2d 	add	w13, w1, #0x3
    1740:	d37ef400 	lsl	x0, x0, #2
    1744:	bc6a7841 	ldr	s1, [x2, x10, lsl #2]
    1748:	8b00028a 	add	x10, x20, x0
    174c:	bd400582 	ldr	s2, [x12, #4]
    1750:	fc606a84 	ldr	d4, [x20, x0]
    1754:	11000820 	add	w0, w1, #0x2
    1758:	fc404143 	ldur	d3, [x10, #4]
    175c:	0f819081 	fmul	v1.2s, v4.2s, v1.s[0]
    1760:	0f829062 	fmul	v2.2s, v3.2s, v2.s[0]
    1764:	0e20d420 	fadd	v0.2s, v1.2s, v0.2s
    1768:	0e22d400 	fadd	v0.2s, v0.2s, v2.2s
    176c:	6b0d027f 	cmp	w19, w13
    1770:	54002e0c 	b.gt	1d30 <conv2d._omp_fn.2+0x148c>
    1774:	93407c0a 	sxtw	x10, w0
    1778:	11000401 	add	w1, w0, #0x1
    177c:	8b07014c 	add	x12, x10, x7
    1780:	937e7c00 	sbfiz	x0, x0, #2, #32
    1784:	d37ef58c 	lsl	x12, x12, #2
    1788:	bc6a7841 	ldr	s1, [x2, x10, lsl #2]
    178c:	5280002a 	mov	w10, #0x1                   	// #1
    1790:	fc6c6a82 	ldr	d2, [x20, x12]
    1794:	0f819041 	fmul	v1.2s, v2.2s, v1.s[0]
    1798:	0e21d400 	fadd	v0.2s, v0.2s, v1.2s
    179c:	6b01035f 	cmp	w26, w1
    17a0:	5400010d 	b.le	17c0 <conv2d._omp_fn.2+0xf1c>
    17a4:	8b21c0e1 	add	x1, x7, w1, sxtw
    17a8:	8b000040 	add	x0, x2, x0
    17ac:	d37ef421 	lsl	x1, x1, #2
    17b0:	bd400401 	ldr	s1, [x0, #4]
    17b4:	fc616a82 	ldr	d2, [x20, x1]
    17b8:	0f819041 	fmul	v1.2s, v2.2s, v1.s[0]
    17bc:	0e21d400 	fadd	v0.2s, v0.2s, v1.2s
    17c0:	11000529 	add	w9, w9, #0x1
    17c4:	8b150042 	add	x2, x2, x21
    17c8:	8b1600e7 	add	x7, x7, x22
    17cc:	8b150108 	add	x8, x8, x21
    17d0:	6b09037f 	cmp	w27, w9
    17d4:	54fff4c1 	b.ne	166c <conv2d._omp_fn.2+0xdc8>  // b.any
    17d8:	9e660000 	fmov	x0, d0
    17dc:	7100015f 	cmp	w10, #0x0
    17e0:	9a8003e0 	csel	x0, xzr, x0, eq  // eq = none
    17e4:	d37ef484 	lsl	x4, x4, #2
    17e8:	11000863 	add	w3, w3, #0x2
    17ec:	f82468a0 	str	x0, [x5, x4]
    17f0:	17ffff00 	b	13f0 <conv2d._omp_fn.2+0xb4c>
    17f4:	52800000 	mov	w0, #0x0                   	// #0
    17f8:	17ffffb8 	b	16d8 <conv2d._omp_fn.2+0xe34>
    17fc:	52800001 	mov	w1, #0x0                   	// #0
    1800:	17ffffc7 	b	171c <conv2d._omp_fn.2+0xe78>
    1804:	93407c64 	sxtw	x4, w3
    1808:	d2800000 	mov	x0, #0x0                   	// #0
    180c:	d2800001 	mov	x1, #0x0                   	// #0
    1810:	7100037f 	cmp	w27, #0x0
    1814:	54000ccd 	b.le	19ac <conv2d._omp_fn.2+0x1108>
    1818:	4f000400 	movi	v0.4s, #0x0
    181c:	8b0b0089 	add	x9, x4, x11
    1820:	9100138a 	add	x10, x28, #0x4
    1824:	aa1c03e8 	mov	x8, x28
    1828:	5280000f 	mov	w15, #0x0                   	// #0
    182c:	5280000d 	mov	w13, #0x0                   	// #0
    1830:	7100027f 	cmp	w19, #0x0
    1834:	5400208d 	b.le	1c44 <conv2d._omp_fn.2+0x13a0>
    1838:	340021d8 	cbz	w24, 1c70 <conv2d._omp_fn.2+0x13cc>
    183c:	aa0803ec 	mov	x12, x8
    1840:	8b090a87 	add	x7, x20, x9, lsl #2
    1844:	52800002 	mov	w2, #0x0                   	// #0
    1848:	3dc000e1 	ldr	q1, [x7]
    184c:	1100184e 	add	w14, w2, #0x6
    1850:	4d40c983 	ld1r	{v3.4s}, [x12]
    1854:	11001042 	add	w2, w2, #0x4
    1858:	3cc040e2 	ldur	q2, [x7, #4]
    185c:	9100418c 	add	x12, x12, #0x10
    1860:	6e23dc21 	fmul	v1.4s, v1.4s, v3.4s
    1864:	bc5f4183 	ldur	s3, [x12, #-12]
    1868:	3cc080e5 	ldur	q5, [x7, #8]
    186c:	910040e7 	add	x7, x7, #0x10
    1870:	4f839043 	fmul	v3.4s, v2.4s, v3.s[0]
    1874:	bc5f8182 	ldur	s2, [x12, #-8]
    1878:	4e20d420 	fadd	v0.4s, v1.4s, v0.4s
    187c:	bc5fc181 	ldur	s1, [x12, #-4]
    1880:	3cdfc0e4 	ldur	q4, [x7, #-4]
    1884:	4f8290a2 	fmul	v2.4s, v5.4s, v2.s[0]
    1888:	4e23d400 	fadd	v0.4s, v0.4s, v3.4s
    188c:	4f819081 	fmul	v1.4s, v4.4s, v1.s[0]
    1890:	4e22d400 	fadd	v0.4s, v0.4s, v2.4s
    1894:	4e21d400 	fadd	v0.4s, v0.4s, v1.4s
    1898:	6b0e033f 	cmp	w25, w14
    189c:	54fffd6c 	b.gt	1848 <conv2d._omp_fn.2+0xfa4>
    18a0:	93407c42 	sxtw	x2, w2
    18a4:	8b090047 	add	x7, x2, x9
    18a8:	8b070a87 	add	x7, x20, x7, lsl #2
    18ac:	3dc000e2 	ldr	q2, [x7]
    18b0:	910020e7 	add	x7, x7, #0x8
    18b4:	bc627901 	ldr	s1, [x8, x2, lsl #2]
    18b8:	3cdfc0e3 	ldur	q3, [x7, #-4]
    18bc:	4f819041 	fmul	v1.4s, v2.4s, v1.s[0]
    18c0:	bc627942 	ldr	s2, [x10, x2, lsl #2]
    18c4:	91000842 	add	x2, x2, #0x2
    18c8:	4f829062 	fmul	v2.4s, v3.4s, v2.s[0]
    18cc:	4e20d420 	fadd	v0.4s, v1.4s, v0.4s
    18d0:	4e22d400 	fadd	v0.4s, v0.4s, v2.4s
    18d4:	6b02027f 	cmp	w19, w2
    18d8:	54fffeac 	b.gt	18ac <conv2d._omp_fn.2+0x1008>
    18dc:	2a1703e7 	mov	w7, w23
    18e0:	5280002f 	mov	w15, #0x1                   	// #1
    18e4:	6b07035f 	cmp	w26, w7
    18e8:	5400050d 	b.le	1988 <conv2d._omp_fn.2+0x10e4>
    18ec:	110004e2 	add	w2, w7, #0x1
    18f0:	6b02027f 	cmp	w19, w2
    18f4:	54001ccd 	b.le	1c8c <conv2d._omp_fn.2+0x13e8>
    18f8:	93407cec 	sxtw	x12, w7
    18fc:	8b27c90e 	add	x14, x8, w7, sxtw #2
    1900:	8b090182 	add	x2, x12, x9
    1904:	11000cef 	add	w15, w7, #0x3
    1908:	d37ef442 	lsl	x2, x2, #2
    190c:	bc6c7901 	ldr	s1, [x8, x12, lsl #2]
    1910:	8b02028c 	add	x12, x20, x2
    1914:	bd4005c2 	ldr	s2, [x14, #4]
    1918:	3ce26a84 	ldr	q4, [x20, x2]
    191c:	110008e2 	add	w2, w7, #0x2
    1920:	3cc04183 	ldur	q3, [x12, #4]
    1924:	4f819081 	fmul	v1.4s, v4.4s, v1.s[0]
    1928:	4f829062 	fmul	v2.4s, v3.4s, v2.s[0]
    192c:	4e20d420 	fadd	v0.4s, v1.4s, v0.4s
    1930:	4e22d400 	fadd	v0.4s, v0.4s, v2.4s
    1934:	6b0f027f 	cmp	w19, w15
    1938:	54001e4c 	b.gt	1d00 <conv2d._omp_fn.2+0x145c>
    193c:	93407c4e 	sxtw	x14, w2
    1940:	11000447 	add	w7, w2, #0x1
    1944:	8b0901cc 	add	x12, x14, x9
    1948:	937e7c42 	sbfiz	x2, x2, #2, #32
    194c:	5280002f 	mov	w15, #0x1                   	// #1
    1950:	d37ef58c 	lsl	x12, x12, #2
    1954:	bc6e7901 	ldr	s1, [x8, x14, lsl #2]
    1958:	3cec6a82 	ldr	q2, [x20, x12]
    195c:	4f819041 	fmul	v1.4s, v2.4s, v1.s[0]
    1960:	4e21d400 	fadd	v0.4s, v0.4s, v1.4s
    1964:	6b07035f 	cmp	w26, w7
    1968:	5400010d 	b.le	1988 <conv2d._omp_fn.2+0x10e4>
    196c:	8b27c127 	add	x7, x9, w7, sxtw
    1970:	8b020102 	add	x2, x8, x2
    1974:	d37ef4e7 	lsl	x7, x7, #2
    1978:	bd400441 	ldr	s1, [x2, #4]
    197c:	3ce76a82 	ldr	q2, [x20, x7]
    1980:	4f819041 	fmul	v1.4s, v2.4s, v1.s[0]
    1984:	4e21d400 	fadd	v0.4s, v0.4s, v1.4s
    1988:	110005ad 	add	w13, w13, #0x1
    198c:	8b150108 	add	x8, x8, x21
    1990:	8b160129 	add	x9, x9, x22
    1994:	8b15014a 	add	x10, x10, x21
    1998:	6b0d037f 	cmp	w27, w13
    199c:	54fff4a1 	b.ne	1830 <conv2d._omp_fn.2+0xf8c>  // b.any
    19a0:	3400006f 	cbz	w15, 19ac <conv2d._omp_fn.2+0x1108>
    19a4:	9e660000 	fmov	x0, d0
    19a8:	9eae0001 	fmov	x1, v0.d[1]
    19ac:	8b0408a4 	add	x4, x5, x4, lsl #2
    19b0:	11001063 	add	w3, w3, #0x4
    19b4:	4b0300c2 	sub	w2, w6, w3
    19b8:	a9000480 	stp	x0, x1, [x4]
    19bc:	17fffe8b 	b	13e8 <conv2d._omp_fn.2+0xb44>
    19c0:	a90f7fff 	stp	xzr, xzr, [sp, #240]
    19c4:	93407c64 	sxtw	x4, w3
    19c8:	a9107fff 	stp	xzr, xzr, [sp, #256]
    19cc:	7100037f 	cmp	w27, #0x0
    19d0:	540012ad 	b.le	1c24 <conv2d._omp_fn.2+0x1380>
    19d4:	4f000400 	movi	v0.4s, #0x0
    19d8:	8b0b0087 	add	x7, x4, x11
    19dc:	91001388 	add	x8, x28, #0x4
    19e0:	aa1c03e2 	mov	x2, x28
    19e4:	52800001 	mov	w1, #0x0                   	// #0
    19e8:	52800000 	mov	w0, #0x0                   	// #0
    19ec:	52800009 	mov	w9, #0x0                   	// #0
    19f0:	4ea01c02 	mov	v2.16b, v0.16b
    19f4:	7100027f 	cmp	w19, #0x0
    19f8:	540012ad 	b.le	1c4c <conv2d._omp_fn.2+0x13a8>
    19fc:	34001338 	cbz	w24, 1c60 <conv2d._omp_fn.2+0x13bc>
    1a00:	aa0203ea 	mov	x10, x2
    1a04:	8b070a81 	add	x1, x20, x7, lsl #2
    1a08:	52800000 	mov	w0, #0x0                   	// #0
    1a0c:	3dc00023 	ldr	q3, [x1]
    1a10:	1100180c 	add	w12, w0, #0x6
    1a14:	2d409546 	ldp	s6, s5, [x10, #4]
    1a18:	11001000 	add	w0, w0, #0x4
    1a1c:	3dc00421 	ldr	q1, [x1, #16]
    1a20:	91004021 	add	x1, x1, #0x10
    1a24:	4e0404c6 	dup	v6.4s, v6.s[0]
    1a28:	4d40c947 	ld1r	{v7.4s}, [x10]
    1a2c:	3cdf4028 	ldur	q8, [x1, #-12]
    1a30:	9100414a 	add	x10, x10, #0x10
    1a34:	6e27dc63 	fmul	v3.4s, v3.4s, v7.4s
    1a38:	bc5fc144 	ldur	s4, [x10, #-4]
    1a3c:	6e27dc21 	fmul	v1.4s, v1.4s, v7.4s
    1a40:	3cc04027 	ldur	q7, [x1, #4]
    1a44:	4e22d462 	fadd	v2.4s, v3.4s, v2.4s
    1a48:	4e20d420 	fadd	v0.4s, v1.4s, v0.4s
    1a4c:	4e0404a3 	dup	v3.4s, v5.s[0]
    1a50:	6e26dd08 	fmul	v8.4s, v8.4s, v6.4s
    1a54:	6e26dce7 	fmul	v7.4s, v7.4s, v6.4s
    1a58:	3cdf8026 	ldur	q6, [x1, #-8]
    1a5c:	3cc08025 	ldur	q5, [x1, #8]
    1a60:	4e040481 	dup	v1.4s, v4.s[0]
    1a64:	6e23dcc6 	fmul	v6.4s, v6.4s, v3.4s
    1a68:	6e23dca5 	fmul	v5.4s, v5.4s, v3.4s
    1a6c:	4e28d442 	fadd	v2.4s, v2.4s, v8.4s
    1a70:	4e27d400 	fadd	v0.4s, v0.4s, v7.4s
    1a74:	3cdfc024 	ldur	q4, [x1, #-4]
    1a78:	3cc0c023 	ldur	q3, [x1, #12]
    1a7c:	6e21dc84 	fmul	v4.4s, v4.4s, v1.4s
    1a80:	4e26d442 	fadd	v2.4s, v2.4s, v6.4s
    1a84:	4e25d400 	fadd	v0.4s, v0.4s, v5.4s
    1a88:	6e21dc61 	fmul	v1.4s, v3.4s, v1.4s
    1a8c:	4e24d442 	fadd	v2.4s, v2.4s, v4.4s
    1a90:	4e21d400 	fadd	v0.4s, v0.4s, v1.4s
    1a94:	6b0c033f 	cmp	w25, w12
    1a98:	54fffbac 	b.gt	1a0c <conv2d._omp_fn.2+0x1168>
    1a9c:	93407c00 	sxtw	x0, w0
    1aa0:	8b0000e1 	add	x1, x7, x0
    1aa4:	8b010a81 	add	x1, x20, x1, lsl #2
    1aa8:	bc607845 	ldr	s5, [x2, x0, lsl #2]
    1aac:	91002021 	add	x1, x1, #0x8
    1ab0:	3cdf8023 	ldur	q3, [x1, #-8]
    1ab4:	4e0404a5 	dup	v5.4s, v5.s[0]
    1ab8:	bc607904 	ldr	s4, [x8, x0, lsl #2]
    1abc:	3cc08021 	ldur	q1, [x1, #8]
    1ac0:	91000800 	add	x0, x0, #0x2
    1ac4:	4e040484 	dup	v4.4s, v4.s[0]
    1ac8:	6e25dc63 	fmul	v3.4s, v3.4s, v5.4s
    1acc:	6e25dc21 	fmul	v1.4s, v1.4s, v5.4s
    1ad0:	3cdfc026 	ldur	q6, [x1, #-4]
    1ad4:	3cc0c025 	ldur	q5, [x1, #12]
    1ad8:	4e22d462 	fadd	v2.4s, v3.4s, v2.4s
    1adc:	4e20d420 	fadd	v0.4s, v1.4s, v0.4s
    1ae0:	6e24dcc3 	fmul	v3.4s, v6.4s, v4.4s
    1ae4:	6e24dca1 	fmul	v1.4s, v5.4s, v4.4s
    1ae8:	4e23d442 	fadd	v2.4s, v2.4s, v3.4s
    1aec:	4e21d400 	fadd	v0.4s, v0.4s, v1.4s
    1af0:	6b00027f 	cmp	w19, w0
    1af4:	54fffdac 	b.gt	1aa8 <conv2d._omp_fn.2+0x1204>
    1af8:	52800021 	mov	w1, #0x1                   	// #1
    1afc:	2a1703ea 	mov	w10, w23
    1b00:	2a0103e0 	mov	w0, w1
    1b04:	6b0a035f 	cmp	w26, w10
    1b08:	540007ad 	b.le	1bfc <conv2d._omp_fn.2+0x1358>
    1b0c:	11000540 	add	w0, w10, #0x1
    1b10:	6b00027f 	cmp	w19, w0
    1b14:	54000b8d 	b.le	1c84 <conv2d._omp_fn.2+0x13e0>
    1b18:	93407d41 	sxtw	x1, w10
    1b1c:	8b2ac84c 	add	x12, x2, w10, sxtw #2
    1b20:	8b070020 	add	x0, x1, x7
    1b24:	11000d4d 	add	w13, w10, #0x3
    1b28:	d37ef400 	lsl	x0, x0, #2
    1b2c:	bc617845 	ldr	s5, [x2, x1, lsl #2]
    1b30:	8b00028e 	add	x14, x20, x0
    1b34:	91001001 	add	x1, x0, #0x4
    1b38:	bd400584 	ldr	s4, [x12, #4]
    1b3c:	4e0404a5 	dup	v5.4s, v5.s[0]
    1b40:	3ce06a81 	ldr	q1, [x20, x0]
    1b44:	11000940 	add	w0, w10, #0x2
    1b48:	3dc005c3 	ldr	q3, [x14, #16]
    1b4c:	8b01028e 	add	x14, x20, x1
    1b50:	6e25dc21 	fmul	v1.4s, v1.4s, v5.4s
    1b54:	4e040484 	dup	v4.4s, v4.s[0]
    1b58:	6e25dc63 	fmul	v3.4s, v3.4s, v5.4s
    1b5c:	3ce16a85 	ldr	q5, [x20, x1]
    1b60:	3dc005c6 	ldr	q6, [x14, #16]
    1b64:	4e22d421 	fadd	v1.4s, v1.4s, v2.4s
    1b68:	4e20d460 	fadd	v0.4s, v3.4s, v0.4s
    1b6c:	6e24dca2 	fmul	v2.4s, v5.4s, v4.4s
    1b70:	6e24dcc3 	fmul	v3.4s, v6.4s, v4.4s
    1b74:	4e22d422 	fadd	v2.4s, v1.4s, v2.4s
    1b78:	4e23d400 	fadd	v0.4s, v0.4s, v3.4s
    1b7c:	6b0d027f 	cmp	w19, w13
    1b80:	5400094c 	b.gt	1ca8 <conv2d._omp_fn.2+0x1404>
    1b84:	93407c0c 	sxtw	x12, w0
    1b88:	11000401 	add	w1, w0, #0x1
    1b8c:	8b07018a 	add	x10, x12, x7
    1b90:	937e7c00 	sbfiz	x0, x0, #2, #32
    1b94:	d37ef54a 	lsl	x10, x10, #2
    1b98:	bc6c7841 	ldr	s1, [x2, x12, lsl #2]
    1b9c:	8b0a028c 	add	x12, x20, x10
    1ba0:	4e040421 	dup	v1.4s, v1.s[0]
    1ba4:	3cea6a84 	ldr	q4, [x20, x10]
    1ba8:	3dc00583 	ldr	q3, [x12, #16]
    1bac:	6e21dc84 	fmul	v4.4s, v4.4s, v1.4s
    1bb0:	6e21dc61 	fmul	v1.4s, v3.4s, v1.4s
    1bb4:	4e24d442 	fadd	v2.4s, v2.4s, v4.4s
    1bb8:	4e21d400 	fadd	v0.4s, v0.4s, v1.4s
    1bbc:	6b01035f 	cmp	w26, w1
    1bc0:	540004ad 	b.le	1c54 <conv2d._omp_fn.2+0x13b0>
    1bc4:	8b21c0ea 	add	x10, x7, w1, sxtw
    1bc8:	8b000040 	add	x0, x2, x0
    1bcc:	52800021 	mov	w1, #0x1                   	// #1
    1bd0:	d37ef54a 	lsl	x10, x10, #2
    1bd4:	8b0a028c 	add	x12, x20, x10
    1bd8:	bd400401 	ldr	s1, [x0, #4]
    1bdc:	2a0103e0 	mov	w0, w1
    1be0:	3cea6a84 	ldr	q4, [x20, x10]
    1be4:	4e040421 	dup	v1.4s, v1.s[0]
    1be8:	3dc00583 	ldr	q3, [x12, #16]
    1bec:	6e21dc84 	fmul	v4.4s, v4.4s, v1.4s
    1bf0:	6e21dc61 	fmul	v1.4s, v3.4s, v1.4s
    1bf4:	4e24d442 	fadd	v2.4s, v2.4s, v4.4s
    1bf8:	4e21d400 	fadd	v0.4s, v0.4s, v1.4s
    1bfc:	11000529 	add	w9, w9, #0x1
    1c00:	8b150042 	add	x2, x2, x21
    1c04:	8b1600e7 	add	x7, x7, x22
    1c08:	8b150108 	add	x8, x8, x21
    1c0c:	6b09037f 	cmp	w27, w9
    1c10:	54ffef21 	b.ne	19f4 <conv2d._omp_fn.2+0x1150>  // b.any
    1c14:	34000040 	cbz	w0, 1c1c <conv2d._omp_fn.2+0x1378>
    1c18:	3d803fe2 	str	q2, [sp, #240]
    1c1c:	34000041 	cbz	w1, 1c24 <conv2d._omp_fn.2+0x1380>
    1c20:	3d8043e0 	str	q0, [sp, #256]
    1c24:	8b0408a4 	add	x4, x5, x4, lsl #2
    1c28:	a94f07e0 	ldp	x0, x1, [sp, #240]
    1c2c:	11002063 	add	w3, w3, #0x8
    1c30:	a9000480 	stp	x0, x1, [x4]
    1c34:	4b0300c2 	sub	w2, w6, w3
    1c38:	a95007e0 	ldp	x0, x1, [sp, #256]
    1c3c:	a9010480 	stp	x0, x1, [x4, #16]
    1c40:	17fffde8 	b	13e0 <conv2d._omp_fn.2+0xb3c>
    1c44:	52800007 	mov	w7, #0x0                   	// #0
    1c48:	17ffff27 	b	18e4 <conv2d._omp_fn.2+0x1040>
    1c4c:	5280000a 	mov	w10, #0x0                   	// #0
    1c50:	17ffffad 	b	1b04 <conv2d._omp_fn.2+0x1260>
    1c54:	52800021 	mov	w1, #0x1                   	// #1
    1c58:	2a0103e0 	mov	w0, w1
    1c5c:	17ffffe8 	b	1bfc <conv2d._omp_fn.2+0x1358>
    1c60:	52800000 	mov	w0, #0x0                   	// #0
    1c64:	17ffff8e 	b	1a9c <conv2d._omp_fn.2+0x11f8>
    1c68:	2a0103e0 	mov	w0, w1
    1c6c:	17fffec2 	b	1774 <conv2d._omp_fn.2+0xed0>
    1c70:	52800002 	mov	w2, #0x0                   	// #0
    1c74:	17ffff0b 	b	18a0 <conv2d._omp_fn.2+0xffc>
    1c78:	11000442 	add	w2, w2, #0x1
    1c7c:	52800001 	mov	w1, #0x0                   	// #0
    1c80:	17fffb17 	b	8dc <conv2d._omp_fn.2+0x38>
    1c84:	2a0a03e0 	mov	w0, w10
    1c88:	17ffffbf 	b	1b84 <conv2d._omp_fn.2+0x12e0>
    1c8c:	2a0703e2 	mov	w2, w7
    1c90:	17ffff2b 	b	193c <conv2d._omp_fn.2+0x1098>
    1c94:	52800000 	mov	w0, #0x0                   	// #0
    1c98:	17fffe46 	b	15b0 <conv2d._omp_fn.2+0xd0c>
    1c9c:	0f000400 	movi	v0.2s, #0x0
    1ca0:	bd0000e0 	str	s0, [x7]
    1ca4:	17fffdd5 	b	13f8 <conv2d._omp_fn.2+0xb54>
    1ca8:	8b20c0e1 	add	x1, x7, w0, sxtw
    1cac:	11001140 	add	w0, w10, #0x4
    1cb0:	2d411185 	ldp	s5, s4, [x12, #8]
    1cb4:	d37ef42c 	lsl	x12, x1, #2
    1cb8:	8b010a81 	add	x1, x20, x1, lsl #2
    1cbc:	9100118a 	add	x10, x12, #0x4
    1cc0:	8b0a028d 	add	x13, x20, x10
    1cc4:	4e0404a5 	dup	v5.4s, v5.s[0]
    1cc8:	3cec6a81 	ldr	q1, [x20, x12]
    1ccc:	3dc00423 	ldr	q3, [x1, #16]
    1cd0:	4e040484 	dup	v4.4s, v4.s[0]
    1cd4:	6e25dc21 	fmul	v1.4s, v1.4s, v5.4s
    1cd8:	6e25dc63 	fmul	v3.4s, v3.4s, v5.4s
    1cdc:	3cea6a85 	ldr	q5, [x20, x10]
    1ce0:	3dc005a6 	ldr	q6, [x13, #16]
    1ce4:	4e22d421 	fadd	v1.4s, v1.4s, v2.4s
    1ce8:	4e20d460 	fadd	v0.4s, v3.4s, v0.4s
    1cec:	6e24dca2 	fmul	v2.4s, v5.4s, v4.4s
    1cf0:	6e24dcc3 	fmul	v3.4s, v6.4s, v4.4s
    1cf4:	4e21d442 	fadd	v2.4s, v2.4s, v1.4s
    1cf8:	4e20d460 	fadd	v0.4s, v3.4s, v0.4s
    1cfc:	17ffffa2 	b	1b84 <conv2d._omp_fn.2+0x12e0>
    1d00:	8b22c12c 	add	x12, x9, w2, sxtw
    1d04:	110010e2 	add	w2, w7, #0x4
    1d08:	2d4109c1 	ldp	s1, s2, [x14, #8]
    1d0c:	d37ef587 	lsl	x7, x12, #2
    1d10:	8b07028c 	add	x12, x20, x7
    1d14:	3ce76a84 	ldr	q4, [x20, x7]
    1d18:	3cc04183 	ldur	q3, [x12, #4]
    1d1c:	4f819081 	fmul	v1.4s, v4.4s, v1.s[0]
    1d20:	4f829062 	fmul	v2.4s, v3.4s, v2.s[0]
    1d24:	4e20d420 	fadd	v0.4s, v1.4s, v0.4s
    1d28:	4e20d440 	fadd	v0.4s, v2.4s, v0.4s
    1d2c:	17ffff04 	b	193c <conv2d._omp_fn.2+0x1098>
    1d30:	8b20c0ea 	add	x10, x7, w0, sxtw
    1d34:	11001020 	add	w0, w1, #0x4
    1d38:	2d410981 	ldp	s1, s2, [x12, #8]
    1d3c:	d37ef541 	lsl	x1, x10, #2
    1d40:	8b01028a 	add	x10, x20, x1
    1d44:	fc616a84 	ldr	d4, [x20, x1]
    1d48:	fc404143 	ldur	d3, [x10, #4]
    1d4c:	0f819081 	fmul	v1.2s, v4.2s, v1.s[0]
    1d50:	0f829062 	fmul	v2.2s, v3.2s, v2.s[0]
    1d54:	0e20d420 	fadd	v0.2s, v1.2s, v0.2s
    1d58:	0e20d440 	fadd	v0.2s, v2.2s, v0.2s
    1d5c:	17fffe86 	b	1774 <conv2d._omp_fn.2+0xed0>
    1d60:	8b20c149 	add	x9, x10, w0, sxtw
    1d64:	11001020 	add	w0, w1, #0x4
    1d68:	2d4105c2 	ldp	s2, s1, [x14, #8]
    1d6c:	8b090a81 	add	x1, x20, x9, lsl #2
    1d70:	d37ef52e 	lsl	x14, x9, #2
    1d74:	910011cc 	add	x12, x14, #0x4
    1d78:	4e040442 	dup	v2.4s, v2.s[0]
    1d7c:	8b0c0289 	add	x9, x20, x12
    1d80:	3cee6a83 	ldr	q3, [x20, x14]
    1d84:	ad409828 	ldp	q8, q6, [x1, #16]
    1d88:	3dc00c24 	ldr	q4, [x1, #48]
    1d8c:	4e040421 	dup	v1.4s, v1.s[0]
    1d90:	6e22dd08 	fmul	v8.4s, v8.4s, v2.4s
    1d94:	6e22dcc6 	fmul	v6.4s, v6.4s, v2.4s
    1d98:	6e22dc84 	fmul	v4.4s, v4.4s, v2.4s
    1d9c:	6e22dc62 	fmul	v2.4s, v3.4s, v2.4s
    1da0:	3cec6a89 	ldr	q9, [x20, x12]
    1da4:	ad408d2b 	ldp	q11, q3, [x9, #16]
    1da8:	3dc00d2a 	ldr	q10, [x9, #48]
    1dac:	4e25d505 	fadd	v5.4s, v8.4s, v5.4s
    1db0:	6e21dd6b 	fmul	v11.4s, v11.4s, v1.4s
    1db4:	6e21dc68 	fmul	v8.4s, v3.4s, v1.4s
    1db8:	4e20d480 	fadd	v0.4s, v4.4s, v0.4s
    1dbc:	4e2dd4c3 	fadd	v3.4s, v6.4s, v13.4s
    1dc0:	4e27d447 	fadd	v7.4s, v2.4s, v7.4s
    1dc4:	6e21dd46 	fmul	v6.4s, v10.4s, v1.4s
    1dc8:	6e21dd21 	fmul	v1.4s, v9.4s, v1.4s
    1dcc:	4e25d565 	fadd	v5.4s, v11.4s, v5.4s
    1dd0:	4e23d50d 	fadd	v13.4s, v8.4s, v3.4s
    1dd4:	4e20d4c0 	fadd	v0.4s, v6.4s, v0.4s
    1dd8:	4e27d427 	fadd	v7.4s, v1.4s, v7.4s
    1ddc:	17fffd39 	b	12c0 <conv2d._omp_fn.2+0xa1c>
    1de0:	8b2ac100 	add	x0, x8, w10, sxtw
    1de4:	1100102a 	add	w10, w1, #0x4
    1de8:	2d4111a5 	ldp	s5, s4, [x13, #8]
    1dec:	d37ef40d 	lsl	x13, x0, #2
    1df0:	8b000a80 	add	x0, x20, x0, lsl #2
    1df4:	910011a7 	add	x7, x13, #0x4
    1df8:	8b070281 	add	x1, x20, x7
    1dfc:	4e0404a5 	dup	v5.4s, v5.s[0]
    1e00:	3ced6a89 	ldr	q9, [x20, x13]
    1e04:	ad40dc18 	ldp	q24, q23, [x0, #16]
    1e08:	ad41c016 	ldp	q22, q16, [x0, #48]
    1e0c:	ad42ac0e 	ldp	q14, q11, [x0, #80]
    1e10:	3dc01c07 	ldr	q7, [x0, #112]
    1e14:	4e040484 	dup	v4.4s, v4.s[0]
    1e18:	6e25df18 	fmul	v24.4s, v24.4s, v5.4s
    1e1c:	6e25def7 	fmul	v23.4s, v23.4s, v5.4s
    1e20:	6e25ded6 	fmul	v22.4s, v22.4s, v5.4s
    1e24:	6e25de10 	fmul	v16.4s, v16.4s, v5.4s
    1e28:	6e25ddce 	fmul	v14.4s, v14.4s, v5.4s
    1e2c:	6e25dd6b 	fmul	v11.4s, v11.4s, v5.4s
    1e30:	6e25dce7 	fmul	v7.4s, v7.4s, v5.4s
    1e34:	6e25dd25 	fmul	v5.4s, v9.4s, v5.4s
    1e38:	3ce76a91 	ldr	q17, [x20, x7]
    1e3c:	ad40d035 	ldp	q21, q20, [x1, #16]
    1e40:	ad41c833 	ldp	q19, q18, [x1, #48]
    1e44:	ad42b42f 	ldp	q15, q13, [x1, #80]
    1e48:	3dc01c29 	ldr	q9, [x1, #112]
    1e4c:	6e24deb5 	fmul	v21.4s, v21.4s, v4.4s
    1e50:	6e24de94 	fmul	v20.4s, v20.4s, v4.4s
    1e54:	6e24de73 	fmul	v19.4s, v19.4s, v4.4s
    1e58:	6e24de52 	fmul	v18.4s, v18.4s, v4.4s
    1e5c:	6e24ddef 	fmul	v15.4s, v15.4s, v4.4s
    1e60:	6e24ddad 	fmul	v13.4s, v13.4s, v4.4s
    1e64:	6e24dd29 	fmul	v9.4s, v9.4s, v4.4s
    1e68:	4e26d706 	fadd	v6.4s, v24.4s, v6.4s
    1e6c:	4e22d6e2 	fadd	v2.4s, v23.4s, v2.4s
    1e70:	4e23d6c3 	fadd	v3.4s, v22.4s, v3.4s
    1e74:	4e2cd60c 	fadd	v12.4s, v16.4s, v12.4s
    1e78:	4e2ad5ca 	fadd	v10.4s, v14.4s, v10.4s
    1e7c:	4e28d568 	fadd	v8.4s, v11.4s, v8.4s
    1e80:	4e20d4e0 	fadd	v0.4s, v7.4s, v0.4s
    1e84:	4e21d4a1 	fadd	v1.4s, v5.4s, v1.4s
    1e88:	6e24de24 	fmul	v4.4s, v17.4s, v4.4s
    1e8c:	4e26d6a6 	fadd	v6.4s, v21.4s, v6.4s
    1e90:	4e22d682 	fadd	v2.4s, v20.4s, v2.4s
    1e94:	4e23d663 	fadd	v3.4s, v19.4s, v3.4s
    1e98:	4e2cd64c 	fadd	v12.4s, v18.4s, v12.4s
    1e9c:	4e2ad5ea 	fadd	v10.4s, v15.4s, v10.4s
    1ea0:	4e28d5a8 	fadd	v8.4s, v13.4s, v8.4s
    1ea4:	4e20d520 	fadd	v0.4s, v9.4s, v0.4s
    1ea8:	4e21d481 	fadd	v1.4s, v4.4s, v1.4s
    1eac:	17fffbe9 	b	e50 <conv2d._omp_fn.2+0x5ac>

0000000000001eb0 <conv_sve_rowpair>:
    1eb0:	a9a97bfd 	stp	x29, x30, [sp, #-368]!
    1eb4:	910003fd 	mov	x29, sp
    1eb8:	a90153f3 	stp	x19, x20, [sp, #16]
    1ebc:	aa0203f3 	mov	x19, x2
    1ec0:	a9025bf5 	stp	x21, x22, [sp, #32]
    1ec4:	aa0003f5 	mov	x21, x0
    1ec8:	a90363f7 	stp	x23, x24, [sp, #48]
    1ecc:	a9046bf9 	stp	x25, x26, [sp, #64]
    1ed0:	b900cfe7 	str	w7, [sp, #204]
    1ed4:	f90093e0 	str	x0, [sp, #288]
    1ed8:	aa0103e0 	mov	x0, x1
    1edc:	b9013be3 	str	w3, [sp, #312]
    1ee0:	a91597e1 	stp	x1, x5, [sp, #344]
    1ee4:	0420e3e1 	cntb	x1
    1ee8:	f900b7e6 	str	x6, [sp, #360]
    1eec:	6b0100ff 	cmp	w7, w1
    1ef0:	54003c4b 	b.lt	2678 <conv_sve_rowpair+0x7c8>  // b.tstop
    1ef4:	51000461 	sub	w1, w3, #0x1
    1ef8:	937e7c92 	sbfiz	x18, x4, #2, #32
    1efc:	93407c76 	sxtw	x22, w3
    1f00:	04a0e3f9 	cntw	x25
    1f04:	93407c21 	sxtw	x1, w1
    1f08:	0460e3f8 	cnth	x24
    1f0c:	04a2e3f7 	cntw	x23, all, mul #3
    1f10:	aa0503e9 	mov	x9, x5
    1f14:	aa0603ea 	mov	x10, x6
    1f18:	937e7eeb 	sbfiz	x11, x23, #2, #32
    1f1c:	9b12082e 	madd	x14, x1, x18, x2
    1f20:	51000882 	sub	w2, w4, #0x2
    1f24:	91001241 	add	x1, x18, #0x4
    1f28:	121f7842 	and	w2, w2, #0xfffffffe
    1f2c:	8b010261 	add	x1, x19, x1
    1f30:	937e7f2c 	sbfiz	x12, x25, #2, #32
    1f34:	937e7f0d 	sbfiz	x13, x24, #2, #32
    1f38:	aa0003e7 	mov	x7, x0
    1f3c:	9b007ed6 	mul	x22, x22, x0
    1f40:	cb000be0 	neg	x0, x0, lsl #2
    1f44:	f9009be1 	str	x1, [sp, #304]
    1f48:	11000841 	add	w1, w2, #0x2
    1f4c:	8b000186 	add	x6, x12, x0
    1f50:	8b0001a5 	add	x5, x13, x0
    1f54:	8b000163 	add	x3, x11, x0
    1f58:	f9004fee 	str	x14, [sp, #152]
    1f5c:	910011ce 	add	x14, x14, #0x4
    1f60:	b9013fe1 	str	w1, [sp, #316]
    1f64:	8b000121 	add	x1, x9, x0
    1f68:	8b000140 	add	x0, x10, x0
    1f6c:	f900abee 	str	x14, [sp, #336]
    1f70:	8b06012e 	add	x14, x9, x6
    1f74:	8b060146 	add	x6, x10, x6
    1f78:	a9101be0 	stp	x0, x6, [sp, #256]
    1f7c:	d1001240 	sub	x0, x18, #0x4
    1f80:	2518e3e0 	ptrue	p0.b
    1f84:	f900a7e0 	str	x0, [sp, #328]
    1f88:	93407c80 	sxtw	x0, w4
    1f8c:	8b050126 	add	x6, x9, x5
    1f90:	8b050145 	add	x5, x10, x5
    1f94:	f90097e0 	str	x0, [sp, #296]
    1f98:	0420e3e0 	cntb	x0
    1f9c:	93407c00 	sxtw	x0, w0
    1fa0:	f9008be5 	str	x5, [sp, #272]
    1fa4:	8b030125 	add	x5, x9, x3
    1fa8:	8b030143 	add	x3, x10, x3
    1fac:	a90573fb 	stp	x27, x28, [sp, #80]
    1fb0:	8b0b02bb 	add	x27, x21, x11
    1fb4:	93407f39 	sxtw	x25, w25
    1fb8:	f9007be0 	str	x0, [sp, #240]
    1fbc:	0420e3e0 	cntb	x0
    1fc0:	f9008fe3 	str	x3, [sp, #280]
    1fc4:	91001163 	add	x3, x11, #0x4
    1fc8:	937e7c00 	sbfiz	x0, x0, #2, #32
    1fcc:	93407f18 	sxtw	x24, w24
    1fd0:	93407ef7 	sxtw	x23, w23
    1fd4:	8b160ab6 	add	x22, x21, x22, lsl #2
    1fd8:	aa0703fc 	mov	x28, x7
    1fdc:	aa1b03fe 	mov	x30, x27
    1fe0:	d37ef4e2 	lsl	x2, x7, #2
    1fe4:	51000488 	sub	w8, w4, #0x1
    1fe8:	f9004be3 	str	x3, [sp, #144]
    1fec:	8b0c02a3 	add	x3, x21, x12
    1ff0:	a906b7ec 	stp	x12, x13, [sp, #104]
    1ff4:	f9003feb 	str	x11, [sp, #120]
    1ff8:	f90043e3 	str	x3, [sp, #128]
    1ffc:	8b0d02a3 	add	x3, x21, x13
    2000:	f90047e3 	str	x3, [sp, #136]
    2004:	b900cbff 	str	wzr, [sp, #200]
    2008:	a90d07ee 	stp	x14, x1, [sp, #208]
    200c:	f90073e6 	str	x6, [sp, #224]
    2010:	f90077e0 	str	x0, [sp, #232]
    2014:	91001260 	add	x0, x19, #0x4
    2018:	f9007fe5 	str	x5, [sp, #248]
    201c:	f900a3e0 	str	x0, [sp, #320]
    2020:	7100011f 	cmp	w8, #0x0
    2024:	54002e6d 	b.le	25f0 <conv_sve_rowpair+0x740>
    2028:	f94037e0 	ldr	x0, [sp, #104]
    202c:	25b8c005 	mov	z5.s, #0
    2030:	046530b2 	mov	z18.d, z5.d
    2034:	046530b3 	mov	z19.d, z5.d
    2038:	f940a3ea 	ldr	x10, [sp, #320]
    203c:	046530b4 	mov	z20.d, z5.d
    2040:	8b150009 	add	x9, x0, x21
    2044:	f9403be0 	ldr	x0, [sp, #112]
    2048:	8b150007 	add	x7, x0, x21
    204c:	f9403fe0 	ldr	x0, [sp, #120]
    2050:	8b150006 	add	x6, x0, x21
    2054:	f9404be0 	ldr	x0, [sp, #144]
    2058:	8b150005 	add	x5, x0, x21
    205c:	d2800000 	mov	x0, #0x0                   	// #0
    2060:	d37ef401 	lsl	x1, x0, #2
    2064:	a5404121 	ld1w	{z1.s}, p0/z, [x9, x0, lsl #2]
    2068:	a54042a3 	ld1w	{z3.s}, p0/z, [x21, x0, lsl #2]
    206c:	8b010263 	add	x3, x19, x1
    2070:	8b010141 	add	x1, x10, x1
    2074:	8540c066 	ld1rw	{z6.s}, p0/z, [x3]
    2078:	8540c024 	ld1rw	{z4.s}, p0/z, [x1]
    207c:	65860870 	fmul	z16.s, z3.s, z6.s
    2080:	05201023 	ext	z3.b, z3.b, z1.b, #4
    2084:	65840863 	fmul	z3.s, z3.s, z4.s
    2088:	a54040e0 	ld1w	{z0.s}, p0/z, [x7, x0, lsl #2]
    208c:	a54040c2 	ld1w	{z2.s}, p0/z, [x6, x0, lsl #2]
    2090:	a54040a7 	ld1w	{z7.s}, p0/z, [x5, x0, lsl #2]
    2094:	65900294 	fadd	z20.s, z20.s, z16.s
    2098:	91000800 	add	x0, x0, #0x2
    209c:	65860830 	fmul	z16.s, z1.s, z6.s
    20a0:	65830294 	fadd	z20.s, z20.s, z3.s
    20a4:	05201001 	ext	z1.b, z1.b, z0.b, #4
    20a8:	65860803 	fmul	z3.s, z0.s, z6.s
    20ac:	05201040 	ext	z0.b, z0.b, z2.b, #4
    20b0:	65840800 	fmul	z0.s, z0.s, z4.s
    20b4:	65900273 	fadd	z19.s, z19.s, z16.s
    20b8:	65840821 	fmul	z1.s, z1.s, z4.s
    20bc:	65830252 	fadd	z18.s, z18.s, z3.s
    20c0:	65860842 	fmul	z2.s, z2.s, z6.s
    20c4:	65800252 	fadd	z18.s, z18.s, z0.s
    20c8:	658200a5 	fadd	z5.s, z5.s, z2.s
    20cc:	658408e0 	fmul	z0.s, z7.s, z4.s
    20d0:	65810273 	fadd	z19.s, z19.s, z1.s
    20d4:	658000a5 	fadd	z5.s, z5.s, z0.s
    20d8:	6b00011f 	cmp	w8, w0
    20dc:	54fffc2c 	b.gt	2060 <conv_sve_rowpair+0x1b0>
    20e0:	b9413ffa 	ldr	w26, [sp, #316]
    20e4:	6b1a009f 	cmp	w4, w26
    20e8:	540002ad 	b.le	213c <conv_sve_rowpair+0x28c>
    20ec:	a94817e3 	ldp	x3, x5, [sp, #128]
    20f0:	93407f40 	sxtw	x0, w26
    20f4:	d503201f 	nop
    20f8:	8b000a61 	add	x1, x19, x0, lsl #2
    20fc:	a54042a4 	ld1w	{z4.s}, p0/z, [x21, x0, lsl #2]
    2100:	a5404063 	ld1w	{z3.s}, p0/z, [x3, x0, lsl #2]
    2104:	a54040a2 	ld1w	{z2.s}, p0/z, [x5, x0, lsl #2]
    2108:	a54043c1 	ld1w	{z1.s}, p0/z, [x30, x0, lsl #2]
    210c:	91000400 	add	x0, x0, #0x1
    2110:	8540c020 	ld1rw	{z0.s}, p0/z, [x1]
    2114:	65800884 	fmul	z4.s, z4.s, z0.s
    2118:	65800863 	fmul	z3.s, z3.s, z0.s
    211c:	65800842 	fmul	z2.s, z2.s, z0.s
    2120:	65840294 	fadd	z20.s, z20.s, z4.s
    2124:	65800820 	fmul	z0.s, z1.s, z0.s
    2128:	65830273 	fadd	z19.s, z19.s, z3.s
    212c:	65820252 	fadd	z18.s, z18.s, z2.s
    2130:	658000a5 	fadd	z5.s, z5.s, z0.s
    2134:	6b00009f 	cmp	w4, w0
    2138:	54fffe0c 	b.gt	20f8 <conv_sve_rowpair+0x248>
    213c:	b9413be3 	ldr	w3, [sp, #312]
    2140:	7100047f 	cmp	w3, #0x1
    2144:	540024cd 	b.le	25dc <conv_sve_rowpair+0x72c>
    2148:	a95203e1 	ldp	x1, x0, [sp, #288]
    214c:	25b8c007 	mov	z7.s, #0
    2150:	93407f5b 	sxtw	x27, w26
    2154:	046730e1 	mov	z1.d, z7.d
    2158:	11000751 	add	w17, w26, #0x1
    215c:	8b1c036f 	add	x15, x27, x28
    2160:	8b1c0230 	add	x16, x17, x28
    2164:	11000746 	add	w6, w26, #0x1
    2168:	a90b5bf5 	stp	x21, x22, [sp, #176]
    216c:	8b110a71 	add	x17, x19, x17, lsl #2
    2170:	91001267 	add	x7, x19, #0x4
    2174:	046730e3 	mov	z3.d, z7.d
    2178:	8b1b0000 	add	x0, x0, x27
    217c:	8b1c0825 	add	x5, x1, x28, lsl #2
    2180:	f9404bf6 	ldr	x22, [sp, #144]
    2184:	046730f1 	mov	z17.d, z7.d
    2188:	d37ef400 	lsl	x0, x0, #2
    218c:	f9409be9 	ldr	x9, [sp, #304]
    2190:	8b100830 	add	x16, x1, x16, lsl #2
    2194:	f940a7f5 	ldr	x21, [sp, #328]
    2198:	8b0f082f 	add	x15, x1, x15, lsl #2
    219c:	d37ef77b 	lsl	x27, x27, #2
    21a0:	a90a73fe 	stp	x30, x28, [sp, #160]
    21a4:	2a0603fc 	mov	w28, w6
    21a8:	aa0003fe 	mov	x30, x0
    21ac:	f90063f3 	str	x19, [sp, #192]
    21b0:	2a0303f3 	mov	w19, w3
    21b4:	52800034 	mov	w20, #0x1                   	// #1
    21b8:	8b0702aa 	add	x10, x21, x7
    21bc:	d10010e6 	sub	x6, x7, #0x4
    21c0:	7100011f 	cmp	w8, #0x0
    21c4:	5400080d 	b.le	22c4 <conv_sve_rowpair+0x414>
    21c8:	f94037e0 	ldr	x0, [sp, #104]
    21cc:	8b0502cb 	add	x11, x22, x5
    21d0:	8b05000e 	add	x14, x0, x5
    21d4:	f9403be0 	ldr	x0, [sp, #112]
    21d8:	8b05000d 	add	x13, x0, x5
    21dc:	f9403fe0 	ldr	x0, [sp, #120]
    21e0:	8b05000c 	add	x12, x0, x5
    21e4:	d2800000 	mov	x0, #0x0                   	// #0
    21e8:	d37ef401 	lsl	x1, x0, #2
    21ec:	a54040b0 	ld1w	{z16.s}, p0/z, [x5, x0, lsl #2]
    21f0:	8b010143 	add	x3, x10, x1
    21f4:	8540c064 	ld1rw	{z4.s}, p0/z, [x3]
    21f8:	65840a17 	fmul	z23.s, z16.s, z4.s
    21fc:	a54041c2 	ld1w	{z2.s}, p0/z, [x14, x0, lsl #2]
    2200:	65970294 	fadd	z20.s, z20.s, z23.s
    2204:	65840857 	fmul	z23.s, z2.s, z4.s
    2208:	a54041a0 	ld1w	{z0.s}, p0/z, [x13, x0, lsl #2]
    220c:	a5404186 	ld1w	{z6.s}, p0/z, [x12, x0, lsl #2]
    2210:	0420be19 	movprfx	z25, z16
    2214:	05201059 	ext	z25.b, z25.b, z2.b, #4
    2218:	8b090023 	add	x3, x1, x9
    221c:	65970273 	fadd	z19.s, z19.s, z23.s
    2220:	8540c075 	ld1rw	{z21.s}, p0/z, [x3]
    2224:	65840817 	fmul	z23.s, z0.s, z4.s
    2228:	65950b38 	fmul	z24.s, z25.s, z21.s
    222c:	658408c4 	fmul	z4.s, z6.s, z4.s
    2230:	a5404176 	ld1w	{z22.s}, p0/z, [x11, x0, lsl #2]
    2234:	65970252 	fadd	z18.s, z18.s, z23.s
    2238:	658400a5 	fadd	z5.s, z5.s, z4.s
    223c:	0420bc17 	movprfx	z23, z0
    2240:	052010d7 	ext	z23.b, z23.b, z6.b, #4
    2244:	65980294 	fadd	z20.s, z20.s, z24.s
    2248:	65950ae4 	fmul	z4.s, z23.s, z21.s
    224c:	0420bc58 	movprfx	z24, z2
    2250:	05201018 	ext	z24.b, z24.b, z0.b, #4
    2254:	91000800 	add	x0, x0, #0x2
    2258:	65950b1a 	fmul	z26.s, z24.s, z21.s
    225c:	65950ad5 	fmul	z21.s, z22.s, z21.s
    2260:	8b0100c3 	add	x3, x6, x1
    2264:	65840252 	fadd	z18.s, z18.s, z4.s
    2268:	8b070021 	add	x1, x1, x7
    226c:	659500a5 	fadd	z5.s, z5.s, z21.s
    2270:	8540c024 	ld1rw	{z4.s}, p0/z, [x1]
    2274:	8540c075 	ld1rw	{z21.s}, p0/z, [x3]
    2278:	65840b39 	fmul	z25.s, z25.s, z4.s
    227c:	65950a10 	fmul	z16.s, z16.s, z21.s
    2280:	65950842 	fmul	z2.s, z2.s, z21.s
    2284:	65900231 	fadd	z17.s, z17.s, z16.s
    2288:	65820063 	fadd	z3.s, z3.s, z2.s
    228c:	65950800 	fmul	z0.s, z0.s, z21.s
    2290:	659508c6 	fmul	z6.s, z6.s, z21.s
    2294:	65800021 	fadd	z1.s, z1.s, z0.s
    2298:	658600e7 	fadd	z7.s, z7.s, z6.s
    229c:	65840b18 	fmul	z24.s, z24.s, z4.s
    22a0:	65840af7 	fmul	z23.s, z23.s, z4.s
    22a4:	65840ad6 	fmul	z22.s, z22.s, z4.s
    22a8:	659a0273 	fadd	z19.s, z19.s, z26.s
    22ac:	65990231 	fadd	z17.s, z17.s, z25.s
    22b0:	65980063 	fadd	z3.s, z3.s, z24.s
    22b4:	65970021 	fadd	z1.s, z1.s, z23.s
    22b8:	659600e7 	fadd	z7.s, z7.s, z22.s
    22bc:	6b00011f 	cmp	w8, w0
    22c0:	54fff94c 	b.gt	21e8 <conv_sve_rowpair+0x338>
    22c4:	6b1a009f 	cmp	w4, w26
    22c8:	5400064d 	b.le	2390 <conv_sve_rowpair+0x4e0>
    22cc:	8b1e00c0 	add	x0, x6, x30
    22d0:	a540a1f0 	ld1w	{z16.s}, p0/z, [x15]
    22d4:	8540c000 	ld1rw	{z0.s}, p0/z, [x0]
    22d8:	a55941e6 	ld1w	{z6.s}, p0/z, [x15, x25, lsl #2]
    22dc:	65800a04 	fmul	z4.s, z16.s, z0.s
    22e0:	658008c2 	fmul	z2.s, z6.s, z0.s
    22e4:	65840294 	fadd	z20.s, z20.s, z4.s
    22e8:	65820273 	fadd	z19.s, z19.s, z2.s
    22ec:	a55841e4 	ld1w	{z4.s}, p0/z, [x15, x24, lsl #2]
    22f0:	a55741e2 	ld1w	{z2.s}, p0/z, [x15, x23, lsl #2]
    22f4:	65800895 	fmul	z21.s, z4.s, z0.s
    22f8:	65800840 	fmul	z0.s, z2.s, z0.s
    22fc:	8b1b00c6 	add	x6, x6, x27
    2300:	658000a5 	fadd	z5.s, z5.s, z0.s
    2304:	65950252 	fadd	z18.s, z18.s, z21.s
    2308:	8540c0c0 	ld1rw	{z0.s}, p0/z, [x6]
    230c:	65800a10 	fmul	z16.s, z16.s, z0.s
    2310:	658008c6 	fmul	z6.s, z6.s, z0.s
    2314:	65800884 	fmul	z4.s, z4.s, z0.s
    2318:	65800842 	fmul	z2.s, z2.s, z0.s
    231c:	65900231 	fadd	z17.s, z17.s, z16.s
    2320:	65860063 	fadd	z3.s, z3.s, z6.s
    2324:	65840021 	fadd	z1.s, z1.s, z4.s
    2328:	658200e7 	fadd	z7.s, z7.s, z2.s
    232c:	6b1c009f 	cmp	w4, w28
    2330:	5400030d 	b.le	2390 <conv_sve_rowpair+0x4e0>
    2334:	a540a210 	ld1w	{z16.s}, p0/z, [x16]
    2338:	a5594206 	ld1w	{z6.s}, p0/z, [x16, x25, lsl #2]
    233c:	8b120220 	add	x0, x17, x18
    2340:	8540c000 	ld1rw	{z0.s}, p0/z, [x0]
    2344:	65800a04 	fmul	z4.s, z16.s, z0.s
    2348:	658008c2 	fmul	z2.s, z6.s, z0.s
    234c:	65840294 	fadd	z20.s, z20.s, z4.s
    2350:	65820273 	fadd	z19.s, z19.s, z2.s
    2354:	a5584204 	ld1w	{z4.s}, p0/z, [x16, x24, lsl #2]
    2358:	a5574202 	ld1w	{z2.s}, p0/z, [x16, x23, lsl #2]
    235c:	65800895 	fmul	z21.s, z4.s, z0.s
    2360:	65800840 	fmul	z0.s, z2.s, z0.s
    2364:	65950252 	fadd	z18.s, z18.s, z21.s
    2368:	658000a5 	fadd	z5.s, z5.s, z0.s
    236c:	8540c220 	ld1rw	{z0.s}, p0/z, [x17]
    2370:	65800a10 	fmul	z16.s, z16.s, z0.s
    2374:	658008c6 	fmul	z6.s, z6.s, z0.s
    2378:	65800884 	fmul	z4.s, z4.s, z0.s
    237c:	65800842 	fmul	z2.s, z2.s, z0.s
    2380:	65900231 	fadd	z17.s, z17.s, z16.s
    2384:	65860063 	fadd	z3.s, z3.s, z6.s
    2388:	65840021 	fadd	z1.s, z1.s, z4.s
    238c:	658200e7 	fadd	z7.s, z7.s, z2.s
    2390:	11000694 	add	w20, w20, #0x1
    2394:	8b120231 	add	x17, x17, x18
    2398:	8b020210 	add	x16, x16, x2
    239c:	8b0201ef 	add	x15, x15, x2
    23a0:	8b120129 	add	x9, x9, x18
    23a4:	8b1200e7 	add	x7, x7, x18
    23a8:	8b0200a5 	add	x5, x5, x2
    23ac:	6b14027f 	cmp	w19, w20
    23b0:	54fff041 	b.ne	21b8 <conv_sve_rowpair+0x308>  // b.any
    23b4:	a94a73fe 	ldp	x30, x28, [sp, #160]
    23b8:	a94b5bf5 	ldp	x21, x22, [sp, #176]
    23bc:	f94063f3 	ldr	x19, [sp, #192]
    23c0:	7100011f 	cmp	w8, #0x0
    23c4:	540005ad 	b.le	2478 <conv_sve_rowpair+0x5c8>
    23c8:	f94037e0 	ldr	x0, [sp, #104]
    23cc:	f9404fea 	ldr	x10, [sp, #152]
    23d0:	8b160009 	add	x9, x0, x22
    23d4:	f9403be0 	ldr	x0, [sp, #112]
    23d8:	f940abeb 	ldr	x11, [sp, #336]
    23dc:	8b160007 	add	x7, x0, x22
    23e0:	f9403fe0 	ldr	x0, [sp, #120]
    23e4:	8b160006 	add	x6, x0, x22
    23e8:	f9404be0 	ldr	x0, [sp, #144]
    23ec:	8b160005 	add	x5, x0, x22
    23f0:	d2800000 	mov	x0, #0x0                   	// #0
    23f4:	d503201f 	nop
    23f8:	d37ef401 	lsl	x1, x0, #2
    23fc:	a5404120 	ld1w	{z0.s}, p0/z, [x9, x0, lsl #2]
    2400:	a54040e4 	ld1w	{z4.s}, p0/z, [x7, x0, lsl #2]
    2404:	a54042c2 	ld1w	{z2.s}, p0/z, [x22, x0, lsl #2]
    2408:	a54040c6 	ld1w	{z6.s}, p0/z, [x6, x0, lsl #2]
    240c:	8b010143 	add	x3, x10, x1
    2410:	a54040b7 	ld1w	{z23.s}, p0/z, [x5, x0, lsl #2]
    2414:	8540c076 	ld1rw	{z22.s}, p0/z, [x3]
    2418:	8b010161 	add	x1, x11, x1
    241c:	65960850 	fmul	z16.s, z2.s, z22.s
    2420:	8540c035 	ld1rw	{z21.s}, p0/z, [x1]
    2424:	05201002 	ext	z2.b, z2.b, z0.b, #4
    2428:	65960818 	fmul	z24.s, z0.s, z22.s
    242c:	91000800 	add	x0, x0, #0x2
    2430:	05201080 	ext	z0.b, z0.b, z4.b, #4
    2434:	65950800 	fmul	z0.s, z0.s, z21.s
    2438:	65900231 	fadd	z17.s, z17.s, z16.s
    243c:	65950842 	fmul	z2.s, z2.s, z21.s
    2440:	65960890 	fmul	z16.s, z4.s, z22.s
    2444:	65980063 	fadd	z3.s, z3.s, z24.s
    2448:	052010c4 	ext	z4.b, z4.b, z6.b, #4
    244c:	65900021 	fadd	z1.s, z1.s, z16.s
    2450:	65800063 	fadd	z3.s, z3.s, z0.s
    2454:	659608c6 	fmul	z6.s, z6.s, z22.s
    2458:	65950884 	fmul	z4.s, z4.s, z21.s
    245c:	658600e7 	fadd	z7.s, z7.s, z6.s
    2460:	65950ae0 	fmul	z0.s, z23.s, z21.s
    2464:	65820231 	fadd	z17.s, z17.s, z2.s
    2468:	65840021 	fadd	z1.s, z1.s, z4.s
    246c:	658000e7 	fadd	z7.s, z7.s, z0.s
    2470:	6b00011f 	cmp	w8, w0
    2474:	54fffc2c 	b.gt	23f8 <conv_sve_rowpair+0x548>
    2478:	6b1a009f 	cmp	w4, w26
    247c:	540005ad 	b.le	2530 <conv_sve_rowpair+0x680>
    2480:	f9404fe5 	ldr	x5, [sp, #152]
    2484:	93407f41 	sxtw	x1, w26
    2488:	937e7f40 	sbfiz	x0, x26, #2, #32
    248c:	8b010323 	add	x3, x25, x1
    2490:	a54342c4 	ld1w	{z4.s}, p0/z, [x22, x3, lsl #2]
    2494:	8b0000a3 	add	x3, x5, x0
    2498:	1100075a 	add	w26, w26, #0x1
    249c:	8540c060 	ld1rw	{z0.s}, p0/z, [x3]
    24a0:	8b0002c3 	add	x3, x22, x0
    24a4:	65800884 	fmul	z4.s, z4.s, z0.s
    24a8:	a540a062 	ld1w	{z2.s}, p0/z, [x3]
    24ac:	65800842 	fmul	z2.s, z2.s, z0.s
    24b0:	8b010303 	add	x3, x24, x1
    24b4:	65840063 	fadd	z3.s, z3.s, z4.s
    24b8:	8b0102e1 	add	x1, x23, x1
    24bc:	65820231 	fadd	z17.s, z17.s, z2.s
    24c0:	a54342c4 	ld1w	{z4.s}, p0/z, [x22, x3, lsl #2]
    24c4:	a54142c2 	ld1w	{z2.s}, p0/z, [x22, x1, lsl #2]
    24c8:	65800884 	fmul	z4.s, z4.s, z0.s
    24cc:	65800840 	fmul	z0.s, z2.s, z0.s
    24d0:	65840021 	fadd	z1.s, z1.s, z4.s
    24d4:	658000e7 	fadd	z7.s, z7.s, z0.s
    24d8:	6b1a009f 	cmp	w4, w26
    24dc:	540002ad 	b.le	2530 <conv_sve_rowpair+0x680>
    24e0:	91001000 	add	x0, x0, #0x4
    24e4:	93407f5a 	sxtw	x26, w26
    24e8:	8b0000a1 	add	x1, x5, x0
    24ec:	8b0002c0 	add	x0, x22, x0
    24f0:	8540c020 	ld1rw	{z0.s}, p0/z, [x1]
    24f4:	a540a004 	ld1w	{z4.s}, p0/z, [x0]
    24f8:	8b1a0320 	add	x0, x25, x26
    24fc:	65800884 	fmul	z4.s, z4.s, z0.s
    2500:	a54042c2 	ld1w	{z2.s}, p0/z, [x22, x0, lsl #2]
    2504:	65800842 	fmul	z2.s, z2.s, z0.s
    2508:	8b1a0300 	add	x0, x24, x26
    250c:	65840231 	fadd	z17.s, z17.s, z4.s
    2510:	8b1a02fa 	add	x26, x23, x26
    2514:	65820063 	fadd	z3.s, z3.s, z2.s
    2518:	a54042c4 	ld1w	{z4.s}, p0/z, [x22, x0, lsl #2]
    251c:	a55a42c2 	ld1w	{z2.s}, p0/z, [x22, x26, lsl #2]
    2520:	65800884 	fmul	z4.s, z4.s, z0.s
    2524:	65800840 	fmul	z0.s, z2.s, z0.s
    2528:	65840021 	fadd	z1.s, z1.s, z4.s
    252c:	658000e7 	fadd	z7.s, z7.s, z0.s
    2530:	a94d87e0 	ldp	x0, x1, [sp, #216]
    2534:	e55c4014 	st1w	{z20.s}, p0, [x0, x28, lsl #2]
    2538:	f94083e0 	ldr	x0, [sp, #256]
    253c:	e55c4011 	st1w	{z17.s}, p0, [x0, x28, lsl #2]
    2540:	f9406be0 	ldr	x0, [sp, #208]
    2544:	e55c4013 	st1w	{z19.s}, p0, [x0, x28, lsl #2]
    2548:	e55c4032 	st1w	{z18.s}, p0, [x1, x28, lsl #2]
    254c:	a95087e0 	ldp	x0, x1, [sp, #264]
    2550:	e55c4003 	st1w	{z3.s}, p0, [x0, x28, lsl #2]
    2554:	e55c4021 	st1w	{z1.s}, p0, [x1, x28, lsl #2]
    2558:	295907e0 	ldp	w0, w1, [sp, #200]
    255c:	0430e3e0 	incb	x0
    2560:	b900cbe0 	str	w0, [sp, #200]
    2564:	4b000034 	sub	w20, w1, w0
    2568:	f9407be1 	ldr	x1, [sp, #240]
    256c:	f9407fe0 	ldr	x0, [sp, #248]
    2570:	e55c4005 	st1w	{z5.s}, p0, [x0, x28, lsl #2]
    2574:	f9408fe0 	ldr	x0, [sp, #280]
    2578:	e55c4007 	st1w	{z7.s}, p0, [x0, x28, lsl #2]
    257c:	8b01039c 	add	x28, x28, x1
    2580:	f94043e1 	ldr	x1, [sp, #128]
    2584:	f94077e0 	ldr	x0, [sp, #232]
    2588:	8b000021 	add	x1, x1, x0
    258c:	f90043e1 	str	x1, [sp, #128]
    2590:	f94047e1 	ldr	x1, [sp, #136]
    2594:	8b0002d6 	add	x22, x22, x0
    2598:	8b0002b5 	add	x21, x21, x0
    259c:	8b0003de 	add	x30, x30, x0
    25a0:	8b000021 	add	x1, x1, x0
    25a4:	f90047e1 	str	x1, [sp, #136]
    25a8:	0420e3e0 	cntb	x0
    25ac:	6b00029f 	cmp	w20, w0
    25b0:	54ffd38a 	b.ge	2020 <conv_sve_rowpair+0x170>  // b.tcont
    25b4:	a94573fb 	ldp	x27, x28, [sp, #80]
    25b8:	295903e1 	ldp	w1, w0, [sp, #200]
    25bc:	6b01001f 	cmp	w0, w1
    25c0:	5400024c 	b.gt	2608 <conv_sve_rowpair+0x758>
    25c4:	a94153f3 	ldp	x19, x20, [sp, #16]
    25c8:	a9425bf5 	ldp	x21, x22, [sp, #32]
    25cc:	a94363f7 	ldp	x23, x24, [sp, #48]
    25d0:	a9446bf9 	ldp	x25, x26, [sp, #64]
    25d4:	a8d77bfd 	ldp	x29, x30, [sp], #368
    25d8:	d65f03c0 	ret
    25dc:	25b8c007 	mov	z7.s, #0
    25e0:	046730e1 	mov	z1.d, z7.d
    25e4:	046730e3 	mov	z3.d, z7.d
    25e8:	046730f1 	mov	z17.d, z7.d
    25ec:	17ffff75 	b	23c0 <conv_sve_rowpair+0x510>
    25f0:	25b8c005 	mov	z5.s, #0
    25f4:	5280001a 	mov	w26, #0x0                   	// #0
    25f8:	046530b2 	mov	z18.d, z5.d
    25fc:	046530b3 	mov	z19.d, z5.d
    2600:	046530b4 	mov	z20.d, z5.d
    2604:	17fffeb8 	b	20e4 <conv_sve_rowpair+0x234>
    2608:	a95583f7 	ldp	x23, x0, [sp, #344]
    260c:	937e7c36 	sbfiz	x22, x1, #2, #32
    2610:	f94093f8 	ldr	x24, [sp, #288]
    2614:	93407c35 	sxtw	x21, w1
    2618:	b9413bf9 	ldr	w25, [sp, #312]
    261c:	2a1403e6 	mov	w6, w20
    2620:	aa1303e2 	mov	x2, x19
    2624:	b9006be4 	str	w4, [sp, #104]
    2628:	8b160005 	add	x5, x0, x22
    262c:	2a1903e3 	mov	w3, w25
    2630:	8b160300 	add	x0, x24, x22
    2634:	aa1703e1 	mov	x1, x23
    2638:	97fff76b 	bl	3e4 <conv_sve_prefix>
    263c:	f940b7e2 	ldr	x2, [sp, #360]
    2640:	8b1702a0 	add	x0, x21, x23
    2644:	b9406be4 	ldr	w4, [sp, #104]
    2648:	aa1703e1 	mov	x1, x23
    264c:	8b160045 	add	x5, x2, x22
    2650:	2a1403e6 	mov	w6, w20
    2654:	8b000b00 	add	x0, x24, x0, lsl #2
    2658:	2a1903e3 	mov	w3, w25
    265c:	aa1303e2 	mov	x2, x19
    2660:	a94153f3 	ldp	x19, x20, [sp, #16]
    2664:	a9425bf5 	ldp	x21, x22, [sp, #32]
    2668:	a94363f7 	ldp	x23, x24, [sp, #48]
    266c:	a9446bf9 	ldp	x25, x26, [sp, #64]
    2670:	a8d77bfd 	ldp	x29, x30, [sp], #368
    2674:	17fff75c 	b	3e4 <conv_sve_prefix>
    2678:	b940cff4 	ldr	w20, [sp, #204]
    267c:	b900cbff 	str	wzr, [sp, #200]
    2680:	17ffffce 	b	25b8 <conv_sve_rowpair+0x708>

0000000000002684 <conv_sve_rowtriple>:
    2684:	d10883ff 	sub	sp, sp, #0x220
    2688:	a9007bfd 	stp	x29, x30, [sp]
    268c:	910003fd 	mov	x29, sp
    2690:	a91897e7 	stp	x7, x5, [sp, #392]
    2694:	b94223e7 	ldr	w7, [sp, #544]
    2698:	a90153f3 	stp	x19, x20, [sp, #16]
    269c:	aa0203f4 	mov	x20, x2
    26a0:	2a0403f3 	mov	w19, w4
    26a4:	a9025bf5 	stp	x21, x22, [sp, #32]
    26a8:	f90043e0 	str	x0, [sp, #128]
    26ac:	b90187e3 	str	w3, [sp, #388]
    26b0:	f900cfe6 	str	x6, [sp, #408]
    26b4:	b901c3e7 	str	w7, [sp, #448]
    26b8:	f9010be1 	str	x1, [sp, #528]
    26bc:	7100087f 	cmp	w3, #0x2
    26c0:	5400794d 	b.le	35e8 <conv_sve_rowtriple+0xf64>
    26c4:	a90363f7 	stp	x23, x24, [sp, #48]
    26c8:	0420e3e0 	cntb	x0
    26cc:	a9046bf9 	stp	x25, x26, [sp, #64]
    26d0:	6b0000ff 	cmp	w7, w0
    26d4:	54007aab 	b.lt	3628 <conv_sve_rowtriple+0xfa4>  // b.tstop
    26d8:	d37ef42f 	lsl	x15, x1, #2
    26dc:	aa0103e2 	mov	x2, x1
    26e0:	b94187e1 	ldr	w1, [sp, #388]
    26e4:	937e7c9a 	sbfiz	x26, x4, #2, #32
    26e8:	04a2e3e7 	cntw	x7, all, mul #3
    26ec:	04a0e3eb 	cntw	x11
    26f0:	51000828 	sub	w8, w1, #0x2
    26f4:	937e7ced 	sbfiz	x13, x7, #2, #32
    26f8:	93407c20 	sxtw	x0, w1
    26fc:	937e7d6e 	sbfiz	x14, x11, #2, #32
    2700:	8b24ce9e 	add	x30, x20, w4, sxtw #3
    2704:	5100042a 	sub	w10, w1, #0x1
    2708:	5100088c 	sub	w12, w4, #0x2
    270c:	93407d77 	sxtw	x23, w11
    2710:	9b027c00 	mul	x0, x0, x2
    2714:	910011a1 	add	x1, x13, #0x4
    2718:	f94043eb 	ldr	x11, [sp, #128]
    271c:	2518e3e0 	ptrue	p0.b
    2720:	8b020004 	add	x4, x0, x2
    2724:	0460e3e9 	cnth	x9
    2728:	121f798c 	and	w12, w12, #0xfffffffe
    272c:	d37ef484 	lsl	x4, x4, #2
    2730:	937e7d31 	sbfiz	x17, x9, #2, #32
    2734:	8b0f0022 	add	x2, x1, x15
    2738:	9b1a5108 	madd	x8, x8, x26, x20
    273c:	1100098c 	add	w12, w12, #0x2
    2740:	aa0e03f0 	mov	x16, x14
    2744:	8b0f01c3 	add	x3, x14, x15
    2748:	8b0f01a6 	add	x6, x13, x15
    274c:	9b1a5158 	madd	x24, x10, x26, x20
    2750:	aa0d03f2 	mov	x18, x13
    2754:	8b0401ca 	add	x10, x14, x4
    2758:	8b0201ee 	add	x14, x15, x2
    275c:	a90937f1 	stp	x17, x13, [sp, #144]
    2760:	d37ef400 	lsl	x0, x0, #2
    2764:	8b0f0225 	add	x5, x17, x15
    2768:	f900a7e8 	str	x8, [sp, #328]
    276c:	8b040228 	add	x8, x17, x4
    2770:	b901c7ec 	str	w12, [sp, #452]
    2774:	8b0401ac 	add	x12, x13, x4
    2778:	8b04002d 	add	x13, x1, x4
    277c:	8b0b0084 	add	x4, x4, x11
    2780:	f900e7e4 	str	x4, [sp, #456]
    2784:	8b0b01c4 	add	x4, x14, x11
    2788:	f900d3f0 	str	x16, [sp, #416]
    278c:	8b000210 	add	x16, x16, x0
    2790:	f900fbe4 	str	x4, [sp, #496]
    2794:	8b020164 	add	x4, x11, x2
    2798:	8b000231 	add	x17, x17, x0
    279c:	f9007fe4 	str	x4, [sp, #248]
    27a0:	8b100164 	add	x4, x11, x16
    27a4:	8b000252 	add	x18, x18, x0
    27a8:	f90057e4 	str	x4, [sp, #168]
    27ac:	8b110164 	add	x4, x11, x17
    27b0:	8b000035 	add	x21, x1, x0
    27b4:	f9005fe4 	str	x4, [sp, #184]
    27b8:	8b120164 	add	x4, x11, x18
    27bc:	f90053e4 	str	x4, [sp, #160]
    27c0:	8b150164 	add	x4, x11, x21
    27c4:	8b0301f6 	add	x22, x15, x3
    27c8:	8b030163 	add	x3, x11, x3
    27cc:	f90063e4 	str	x4, [sp, #192]
    27d0:	8b010164 	add	x4, x11, x1
    27d4:	8b0501e1 	add	x1, x15, x5
    27d8:	f9005be3 	str	x3, [sp, #176]
    27dc:	8b0b0023 	add	x3, x1, x11
    27e0:	a90573fb 	stp	x27, x28, [sp, #80]
    27e4:	8b0601fb 	add	x27, x15, x6
    27e8:	8b0a016a 	add	x10, x11, x10
    27ec:	f900f3e3 	str	x3, [sp, #480]
    27f0:	8b050163 	add	x3, x11, x5
    27f4:	f90067e3 	str	x3, [sp, #200]
    27f8:	8b0b0363 	add	x3, x27, x11
    27fc:	f940d3ee 	ldr	x14, [sp, #416]
    2800:	f900f7e3 	str	x3, [sp, #488]
    2804:	8b060163 	add	x3, x11, x6
    2808:	93407cf9 	sxtw	x25, w7
    280c:	8b0c0167 	add	x7, x11, x12
    2810:	f9007be3 	str	x3, [sp, #240]
    2814:	b981c7e3 	ldrsw	x3, [sp, #452]
    2818:	8b0b0000 	add	x0, x0, x11
    281c:	f90077ea 	str	x10, [sp, #232]
    2820:	8b08016a 	add	x10, x11, x8
    2824:	a90dabe7 	stp	x7, x10, [sp, #216]
    2828:	8b0d0167 	add	x7, x11, x13
    282c:	91001341 	add	x1, x26, #0x4
    2830:	f9006be7 	str	x7, [sp, #208]
    2834:	8b010281 	add	x1, x20, x1
    2838:	f9008fe4 	str	x4, [sp, #280]
    283c:	8b0b02c4 	add	x4, x22, x11
    2840:	f900ebe0 	str	x0, [sp, #464]
    2844:	8b0b01e0 	add	x0, x15, x11
    2848:	f900efe4 	str	x4, [sp, #472]
    284c:	93407d3c 	sxtw	x28, w9
    2850:	f9010fe3 	str	x3, [sp, #536]
    2854:	8b0e0163 	add	x3, x11, x14
    2858:	f90083e3 	str	x3, [sp, #256]
    285c:	a9494bf1 	ldp	x17, x18, [sp, #144]
    2860:	f900ffe0 	str	x0, [sp, #504]
    2864:	d1001340 	sub	x0, x26, #0x4
    2868:	f90103e0 	str	x0, [sp, #512]
    286c:	910013c0 	add	x0, x30, #0x4
    2870:	f900dbe0 	str	x0, [sp, #432]
    2874:	93407e60 	sxtw	x0, w19
    2878:	f900d7e0 	str	x0, [sp, #424]
    287c:	f940a7e8 	ldr	x8, [sp, #328]
    2880:	8b110163 	add	x3, x11, x17
    2884:	f9410be2 	ldr	x2, [sp, #528]
    2888:	0420e3e0 	cntb	x0
    288c:	f90087e3 	str	x3, [sp, #264]
    2890:	8b120163 	add	x3, x11, x18
    2894:	93407c00 	sxtw	x0, w0
    2898:	f9008be3 	str	x3, [sp, #272]
    289c:	91001303 	add	x3, x24, #0x4
    28a0:	f900bfe3 	str	x3, [sp, #376]
    28a4:	91001103 	add	x3, x8, #0x4
    28a8:	f900dfe0 	str	x0, [sp, #440]
    28ac:	0420e3e0 	cntb	x0
    28b0:	aa1703fe 	mov	x30, x23
    28b4:	937e7c1b 	sbfiz	x27, x0, #2, #32
    28b8:	d37ff840 	lsl	x0, x2, #1
    28bc:	f90107e3 	str	x3, [sp, #520]
    28c0:	51000663 	sub	w3, w19, #0x1
    28c4:	f9003fff 	str	xzr, [sp, #120]
    28c8:	f90047e0 	str	x0, [sp, #136]
    28cc:	91001280 	add	x0, x20, #0x4
    28d0:	f90093ee 	str	x14, [sp, #288]
    28d4:	f90097e0 	str	x0, [sp, #296]
    28d8:	f900abe1 	str	x1, [sp, #336]
    28dc:	8b1a0281 	add	x1, x20, x26
    28e0:	f900bbe1 	str	x1, [sp, #368]
    28e4:	b90183ff 	str	wzr, [sp, #384]
    28e8:	a94783e1 	ldp	x1, x0, [sp, #120]
    28ec:	8b010001 	add	x1, x0, x1
    28f0:	7100007f 	cmp	w3, #0x0
    28f4:	5400600d 	b.le	34f4 <conv_sve_rowtriple+0xe70>
    28f8:	a9501be5 	ldp	x5, x6, [sp, #256]
    28fc:	25b8c012 	mov	z18.s, #0
    2900:	d2800000 	mov	x0, #0x0                   	// #0
    2904:	04723258 	mov	z24.d, z18.d
    2908:	a95123e7 	ldp	x7, x8, [sp, #272]
    290c:	04723257 	mov	z23.d, z18.d
    2910:	04723256 	mov	z22.d, z18.d
    2914:	f94097e9 	ldr	x9, [sp, #296]
    2918:	d37ef402 	lsl	x2, x0, #2
    291c:	a54040a1 	ld1w	{z1.s}, p0/z, [x5, x0, lsl #2]
    2920:	a5404023 	ld1w	{z3.s}, p0/z, [x1, x0, lsl #2]
    2924:	8b020284 	add	x4, x20, x2
    2928:	8b090042 	add	x2, x2, x9
    292c:	8540c085 	ld1rw	{z5.s}, p0/z, [x4]
    2930:	8540c044 	ld1rw	{z4.s}, p0/z, [x2]
    2934:	65850867 	fmul	z7.s, z3.s, z5.s
    2938:	05201023 	ext	z3.b, z3.b, z1.b, #4
    293c:	65840863 	fmul	z3.s, z3.s, z4.s
    2940:	a54040c0 	ld1w	{z0.s}, p0/z, [x6, x0, lsl #2]
    2944:	a54040e2 	ld1w	{z2.s}, p0/z, [x7, x0, lsl #2]
    2948:	a5404106 	ld1w	{z6.s}, p0/z, [x8, x0, lsl #2]
    294c:	658702d6 	fadd	z22.s, z22.s, z7.s
    2950:	91000800 	add	x0, x0, #0x2
    2954:	65850827 	fmul	z7.s, z1.s, z5.s
    2958:	658302d6 	fadd	z22.s, z22.s, z3.s
    295c:	05201001 	ext	z1.b, z1.b, z0.b, #4
    2960:	65850803 	fmul	z3.s, z0.s, z5.s
    2964:	05201040 	ext	z0.b, z0.b, z2.b, #4
    2968:	65840800 	fmul	z0.s, z0.s, z4.s
    296c:	658702f7 	fadd	z23.s, z23.s, z7.s
    2970:	65840821 	fmul	z1.s, z1.s, z4.s
    2974:	65830318 	fadd	z24.s, z24.s, z3.s
    2978:	65850842 	fmul	z2.s, z2.s, z5.s
    297c:	65800318 	fadd	z24.s, z24.s, z0.s
    2980:	65820252 	fadd	z18.s, z18.s, z2.s
    2984:	658408c0 	fmul	z0.s, z6.s, z4.s
    2988:	658102f7 	fadd	z23.s, z23.s, z1.s
    298c:	65800252 	fadd	z18.s, z18.s, z0.s
    2990:	6b00007f 	cmp	w3, w0
    2994:	54fffc2c 	b.gt	2918 <conv_sve_rowtriple+0x294>
    2998:	b941c7e0 	ldr	w0, [sp, #452]
    299c:	b9006be0 	str	w0, [sp, #104]
    29a0:	6b00027f 	cmp	w19, w0
    29a4:	54005b8d 	b.le	3514 <conv_sve_rowtriple+0xe90>
    29a8:	a94913e0 	ldp	x0, x4, [sp, #144]
    29ac:	f94043e2 	ldr	x2, [sp, #128]
    29b0:	b9806bf2 	ldrsw	x18, [sp, #104]
    29b4:	8b040045 	add	x5, x2, x4
    29b8:	8b000046 	add	x6, x2, x0
    29bc:	f94093e4 	ldr	x4, [sp, #288]
    29c0:	aa1203e0 	mov	x0, x18
    29c4:	8b040044 	add	x4, x2, x4
    29c8:	8b000a82 	add	x2, x20, x0, lsl #2
    29cc:	a5404024 	ld1w	{z4.s}, p0/z, [x1, x0, lsl #2]
    29d0:	a5404083 	ld1w	{z3.s}, p0/z, [x4, x0, lsl #2]
    29d4:	a54040c2 	ld1w	{z2.s}, p0/z, [x6, x0, lsl #2]
    29d8:	a54040a1 	ld1w	{z1.s}, p0/z, [x5, x0, lsl #2]
    29dc:	91000400 	add	x0, x0, #0x1
    29e0:	8540c040 	ld1rw	{z0.s}, p0/z, [x2]
    29e4:	65800884 	fmul	z4.s, z4.s, z0.s
    29e8:	65800863 	fmul	z3.s, z3.s, z0.s
    29ec:	65800842 	fmul	z2.s, z2.s, z0.s
    29f0:	658402d6 	fadd	z22.s, z22.s, z4.s
    29f4:	65800820 	fmul	z0.s, z1.s, z0.s
    29f8:	658302f7 	fadd	z23.s, z23.s, z3.s
    29fc:	65820318 	fadd	z24.s, z24.s, z2.s
    2a00:	65800252 	fadd	z18.s, z18.s, z0.s
    2a04:	6b00027f 	cmp	w19, w0
    2a08:	54fffe0c 	b.gt	29c8 <conv_sve_rowtriple+0x344>
    2a0c:	f9403fe0 	ldr	x0, [sp, #120]
    2a10:	f940ffe1 	ldr	x1, [sp, #504]
    2a14:	8b010000 	add	x0, x0, x1
    2a18:	7100007f 	cmp	w3, #0x0
    2a1c:	540058cd 	b.le	3534 <conv_sve_rowtriple+0xeb0>
    2a20:	a94f2be9 	ldp	x9, x10, [sp, #240]
    2a24:	25b8c011 	mov	z17.s, #0
    2a28:	d2800001 	mov	x1, #0x0                   	// #0
    2a2c:	04713234 	mov	z20.d, z17.d
    2a30:	f9405be5 	ldr	x5, [sp, #176]
    2a34:	04713233 	mov	z19.d, z17.d
    2a38:	04713235 	mov	z21.d, z17.d
    2a3c:	f94067e6 	ldr	x6, [sp, #200]
    2a40:	f94097eb 	ldr	x11, [sp, #296]
    2a44:	f940abe8 	ldr	x8, [sp, #336]
    2a48:	f940bbe7 	ldr	x7, [sp, #368]
    2a4c:	d503201f 	nop
    2a50:	d37ef422 	lsl	x2, x1, #2
    2a54:	a5414004 	ld1w	{z4.s}, p0/z, [x0, x1, lsl #2]
    2a58:	8b0200e4 	add	x4, x7, x2
    2a5c:	8540c082 	ld1rw	{z2.s}, p0/z, [x4]
    2a60:	65820887 	fmul	z7.s, z4.s, z2.s
    2a64:	a54140a1 	ld1w	{z1.s}, p0/z, [x5, x1, lsl #2]
    2a68:	658702d6 	fadd	z22.s, z22.s, z7.s
    2a6c:	65820827 	fmul	z7.s, z1.s, z2.s
    2a70:	a54140c0 	ld1w	{z0.s}, p0/z, [x6, x1, lsl #2]
    2a74:	a5414123 	ld1w	{z3.s}, p0/z, [x9, x1, lsl #2]
    2a78:	0420bc99 	movprfx	z25, z4
    2a7c:	05201039 	ext	z25.b, z25.b, z1.b, #4
    2a80:	8b020104 	add	x4, x8, x2
    2a84:	658702f7 	fadd	z23.s, z23.s, z7.s
    2a88:	8540c085 	ld1rw	{z5.s}, p0/z, [x4]
    2a8c:	65820807 	fmul	z7.s, z0.s, z2.s
    2a90:	65850b30 	fmul	z16.s, z25.s, z5.s
    2a94:	65820862 	fmul	z2.s, z3.s, z2.s
    2a98:	a5414146 	ld1w	{z6.s}, p0/z, [x10, x1, lsl #2]
    2a9c:	65870318 	fadd	z24.s, z24.s, z7.s
    2aa0:	65820252 	fadd	z18.s, z18.s, z2.s
    2aa4:	0420bc07 	movprfx	z7, z0
    2aa8:	05201067 	ext	z7.b, z7.b, z3.b, #4
    2aac:	659002d6 	fadd	z22.s, z22.s, z16.s
    2ab0:	658508e2 	fmul	z2.s, z7.s, z5.s
    2ab4:	0420bc30 	movprfx	z16, z1
    2ab8:	05201010 	ext	z16.b, z16.b, z0.b, #4
    2abc:	91000821 	add	x1, x1, #0x2
    2ac0:	65850a1a 	fmul	z26.s, z16.s, z5.s
    2ac4:	658508c5 	fmul	z5.s, z6.s, z5.s
    2ac8:	8b020284 	add	x4, x20, x2
    2acc:	65820318 	fadd	z24.s, z24.s, z2.s
    2ad0:	8b0b0042 	add	x2, x2, x11
    2ad4:	65850252 	fadd	z18.s, z18.s, z5.s
    2ad8:	8540c042 	ld1rw	{z2.s}, p0/z, [x2]
    2adc:	8540c085 	ld1rw	{z5.s}, p0/z, [x4]
    2ae0:	65820b39 	fmul	z25.s, z25.s, z2.s
    2ae4:	65850884 	fmul	z4.s, z4.s, z5.s
    2ae8:	65850821 	fmul	z1.s, z1.s, z5.s
    2aec:	658402b5 	fadd	z21.s, z21.s, z4.s
    2af0:	65810273 	fadd	z19.s, z19.s, z1.s
    2af4:	65850800 	fmul	z0.s, z0.s, z5.s
    2af8:	65850863 	fmul	z3.s, z3.s, z5.s
    2afc:	65800294 	fadd	z20.s, z20.s, z0.s
    2b00:	65830231 	fadd	z17.s, z17.s, z3.s
    2b04:	65820a10 	fmul	z16.s, z16.s, z2.s
    2b08:	658208e7 	fmul	z7.s, z7.s, z2.s
    2b0c:	658208c6 	fmul	z6.s, z6.s, z2.s
    2b10:	659a02f7 	fadd	z23.s, z23.s, z26.s
    2b14:	659902b5 	fadd	z21.s, z21.s, z25.s
    2b18:	65900273 	fadd	z19.s, z19.s, z16.s
    2b1c:	65870294 	fadd	z20.s, z20.s, z7.s
    2b20:	65860231 	fadd	z17.s, z17.s, z6.s
    2b24:	6b01007f 	cmp	w3, w1
    2b28:	54fff94c 	b.gt	2a50 <conv_sve_rowtriple+0x3cc>
    2b2c:	b9406be1 	ldr	w1, [sp, #104]
    2b30:	6b01027f 	cmp	w19, w1
    2b34:	54004fad 	b.le	3528 <conv_sve_rowtriple+0xea4>
    2b38:	f940bbe5 	ldr	x5, [sp, #368]
    2b3c:	d37ef641 	lsl	x1, x18, #2
    2b40:	b9406be2 	ldr	w2, [sp, #104]
    2b44:	11000444 	add	w4, w2, #0x1
    2b48:	8b0100a2 	add	x2, x5, x1
    2b4c:	8540c040 	ld1rw	{z0.s}, p0/z, [x2]
    2b50:	8b010002 	add	x2, x0, x1
    2b54:	a540a041 	ld1w	{z1.s}, p0/z, [x2]
    2b58:	8b010282 	add	x2, x20, x1
    2b5c:	65800823 	fmul	z3.s, z1.s, z0.s
    2b60:	8540c042 	ld1rw	{z2.s}, p0/z, [x2]
    2b64:	65820821 	fmul	z1.s, z1.s, z2.s
    2b68:	8b1203c2 	add	x2, x30, x18
    2b6c:	658302d6 	fadd	z22.s, z22.s, z3.s
    2b70:	658102b5 	fadd	z21.s, z21.s, z1.s
    2b74:	a5424001 	ld1w	{z1.s}, p0/z, [x0, x2, lsl #2]
    2b78:	65800823 	fmul	z3.s, z1.s, z0.s
    2b7c:	65820821 	fmul	z1.s, z1.s, z2.s
    2b80:	8b120382 	add	x2, x28, x18
    2b84:	658302f7 	fadd	z23.s, z23.s, z3.s
    2b88:	65810273 	fadd	z19.s, z19.s, z1.s
    2b8c:	a5424001 	ld1w	{z1.s}, p0/z, [x0, x2, lsl #2]
    2b90:	65800823 	fmul	z3.s, z1.s, z0.s
    2b94:	65820821 	fmul	z1.s, z1.s, z2.s
    2b98:	b9006fe4 	str	w4, [sp, #108]
    2b9c:	8b120322 	add	x2, x25, x18
    2ba0:	65810294 	fadd	z20.s, z20.s, z1.s
    2ba4:	65830318 	fadd	z24.s, z24.s, z3.s
    2ba8:	a5424001 	ld1w	{z1.s}, p0/z, [x0, x2, lsl #2]
    2bac:	65800820 	fmul	z0.s, z1.s, z0.s
    2bb0:	65820821 	fmul	z1.s, z1.s, z2.s
    2bb4:	65800252 	fadd	z18.s, z18.s, z0.s
    2bb8:	65810231 	fadd	z17.s, z17.s, z1.s
    2bbc:	6b13009f 	cmp	w4, w19
    2bc0:	540003ea 	b.ge	2c3c <conv_sve_rowtriple+0x5b8>  // b.tcont
    2bc4:	91001021 	add	x1, x1, #0x4
    2bc8:	93407c82 	sxtw	x2, w4
    2bcc:	8b0100a4 	add	x4, x5, x1
    2bd0:	8540c080 	ld1rw	{z0.s}, p0/z, [x4]
    2bd4:	8b010004 	add	x4, x0, x1
    2bd8:	8b010281 	add	x1, x20, x1
    2bdc:	a540a081 	ld1w	{z1.s}, p0/z, [x4]
    2be0:	8540c022 	ld1rw	{z2.s}, p0/z, [x1]
    2be4:	65800823 	fmul	z3.s, z1.s, z0.s
    2be8:	65820821 	fmul	z1.s, z1.s, z2.s
    2bec:	8b0203c1 	add	x1, x30, x2
    2bf0:	658302d6 	fadd	z22.s, z22.s, z3.s
    2bf4:	658102b5 	fadd	z21.s, z21.s, z1.s
    2bf8:	a5414001 	ld1w	{z1.s}, p0/z, [x0, x1, lsl #2]
    2bfc:	65800823 	fmul	z3.s, z1.s, z0.s
    2c00:	65820821 	fmul	z1.s, z1.s, z2.s
    2c04:	8b020381 	add	x1, x28, x2
    2c08:	658302f7 	fadd	z23.s, z23.s, z3.s
    2c0c:	8b020322 	add	x2, x25, x2
    2c10:	a5414003 	ld1w	{z3.s}, p0/z, [x0, x1, lsl #2]
    2c14:	65810273 	fadd	z19.s, z19.s, z1.s
    2c18:	65800864 	fmul	z4.s, z3.s, z0.s
    2c1c:	a5424001 	ld1w	{z1.s}, p0/z, [x0, x2, lsl #2]
    2c20:	65820863 	fmul	z3.s, z3.s, z2.s
    2c24:	65800820 	fmul	z0.s, z1.s, z0.s
    2c28:	65840318 	fadd	z24.s, z24.s, z4.s
    2c2c:	65820821 	fmul	z1.s, z1.s, z2.s
    2c30:	65830294 	fadd	z20.s, z20.s, z3.s
    2c34:	65800252 	fadd	z18.s, z18.s, z0.s
    2c38:	65810231 	fadd	z17.s, z17.s, z1.s
    2c3c:	f94047e0 	ldr	x0, [sp, #136]
    2c40:	25b8c007 	mov	z7.s, #0
    2c44:	8b120381 	add	x1, x28, x18
    2c48:	046730e3 	mov	z3.d, z7.d
    2c4c:	b9406ff6 	ldr	w22, [sp, #108]
    2c50:	8b1203c2 	add	x2, x30, x18
    2c54:	8b120010 	add	x16, x0, x18
    2c58:	d37ef421 	lsl	x1, x1, #2
    2c5c:	8b160011 	add	x17, x0, x22
    2c60:	8b120320 	add	x0, x25, x18
    2c64:	a95aa3e5 	ldp	x5, x8, [sp, #424]
    2c68:	046730e2 	mov	z2.d, z7.d
    2c6c:	d37ef400 	lsl	x0, x0, #2
    2c70:	046730e6 	mov	z6.d, z7.d
    2c74:	a91307e0 	stp	x0, x1, [sp, #304]
    2c78:	d37ef442 	lsl	x2, x2, #2
    2c7c:	52800055 	mov	w21, #0x2                   	// #2
    2c80:	f9403fe0 	ldr	x0, [sp, #120]
    2c84:	a915eff8 	stp	x24, x27, [sp, #344]
    2c88:	cb0502c4 	sub	x4, x22, x5
    2c8c:	f940efe1 	ldr	x1, [sp, #472]
    2c90:	8b1200b7 	add	x23, x5, x18
    2c94:	f94043e5 	ldr	x5, [sp, #128]
    2c98:	8b010007 	add	x7, x0, x1
    2c9c:	f940f3e1 	ldr	x1, [sp, #480]
    2ca0:	f900b7f4 	str	x20, [sp, #360]
    2ca4:	8b1108b1 	add	x17, x5, x17, lsl #2
    2ca8:	8b1008b0 	add	x16, x5, x16, lsl #2
    2cac:	8b01000b 	add	x11, x0, x1
    2cb0:	b94187f8 	ldr	w24, [sp, #388]
    2cb4:	f940f7e1 	ldr	x1, [sp, #488]
    2cb8:	d37ef6d6 	lsl	x22, x22, #2
    2cbc:	f94097e5 	ldr	x5, [sp, #296]
    2cc0:	8b01000a 	add	x10, x0, x1
    2cc4:	f940fbe1 	ldr	x1, [sp, #496]
    2cc8:	d37ef6f7 	lsl	x23, x23, #2
    2ccc:	f940abe6 	ldr	x6, [sp, #336]
    2cd0:	d37ef652 	lsl	x18, x18, #2
    2cd4:	f940d3fb 	ldr	x27, [sp, #416]
    2cd8:	8b010009 	add	x9, x0, x1
    2cdc:	f94103f4 	ldr	x20, [sp, #512]
    2ce0:	d37ef484 	lsl	x4, x4, #2
    2ce4:	f9003be4 	str	x4, [sp, #112]
    2ce8:	f900a3e2 	str	x2, [sp, #320]
    2cec:	d503201f 	nop
    2cf0:	cb1b00ec 	sub	x12, x7, x27
    2cf4:	8b1400ce 	add	x14, x6, x20
    2cf8:	8b05028d 	add	x13, x20, x5
    2cfc:	d10010a4 	sub	x4, x5, #0x4
    2d00:	7100007f 	cmp	w3, #0x0
    2d04:	540009cd 	b.le	2e3c <conv_sve_rowtriple+0x7b8>
    2d08:	d2800000 	mov	x0, #0x0                   	// #0
    2d0c:	d503201f 	nop
    2d10:	d37ef401 	lsl	x1, x0, #2
    2d14:	a54040e1 	ld1w	{z1.s}, p0/z, [x7, x0, lsl #2]
    2d18:	8b0101c2 	add	x2, x14, x1
    2d1c:	a5404185 	ld1w	{z5.s}, p0/z, [x12, x0, lsl #2]
    2d20:	8540c050 	ld1rw	{z16.s}, p0/z, [x2]
    2d24:	0420bcbb 	movprfx	z27, z5
    2d28:	0520103b 	ext	z27.b, z27.b, z1.b, #4
    2d2c:	659008ba 	fmul	z26.s, z5.s, z16.s
    2d30:	8b080022 	add	x2, x1, x8
    2d34:	8540c05d 	ld1rw	{z29.s}, p0/z, [x2]
    2d38:	659d0b7c 	fmul	z28.s, z27.s, z29.s
    2d3c:	a5404160 	ld1w	{z0.s}, p0/z, [x11, x0, lsl #2]
    2d40:	a5404144 	ld1w	{z4.s}, p0/z, [x10, x0, lsl #2]
    2d44:	659a02d6 	fadd	z22.s, z22.s, z26.s
    2d48:	6590083a 	fmul	z26.s, z1.s, z16.s
    2d4c:	659c02d6 	fadd	z22.s, z22.s, z28.s
    2d50:	6590081c 	fmul	z28.s, z0.s, z16.s
    2d54:	65900890 	fmul	z16.s, z4.s, z16.s
    2d58:	659a02f7 	fadd	z23.s, z23.s, z26.s
    2d5c:	659c0318 	fadd	z24.s, z24.s, z28.s
    2d60:	0420bc3a 	movprfx	z26, z1
    2d64:	0520101a 	ext	z26.b, z26.b, z0.b, #4
    2d68:	0420bc1c 	movprfx	z28, z0
    2d6c:	0520109c 	ext	z28.b, z28.b, z4.b, #4
    2d70:	659d0b5e 	fmul	z30.s, z26.s, z29.s
    2d74:	65900252 	fadd	z18.s, z18.s, z16.s
    2d78:	659d0b90 	fmul	z16.s, z28.s, z29.s
    2d7c:	8b0101a2 	add	x2, x13, x1
    2d80:	659e02f7 	fadd	z23.s, z23.s, z30.s
    2d84:	65900318 	fadd	z24.s, z24.s, z16.s
    2d88:	8540c050 	ld1rw	{z16.s}, p0/z, [x2]
    2d8c:	659008be 	fmul	z30.s, z5.s, z16.s
    2d90:	a5404139 	ld1w	{z25.s}, p0/z, [x9, x0, lsl #2]
    2d94:	659e02b5 	fadd	z21.s, z21.s, z30.s
    2d98:	659d0b3d 	fmul	z29.s, z25.s, z29.s
    2d9c:	6590083e 	fmul	z30.s, z1.s, z16.s
    2da0:	8b060022 	add	x2, x1, x6
    2da4:	659e0273 	fadd	z19.s, z19.s, z30.s
    2da8:	659d0252 	fadd	z18.s, z18.s, z29.s
    2dac:	6590081e 	fmul	z30.s, z0.s, z16.s
    2db0:	8540c05d 	ld1rw	{z29.s}, p0/z, [x2]
    2db4:	659d0b7f 	fmul	z31.s, z27.s, z29.s
    2db8:	659e0294 	fadd	z20.s, z20.s, z30.s
    2dbc:	659f02b5 	fadd	z21.s, z21.s, z31.s
    2dc0:	659d0b9e 	fmul	z30.s, z28.s, z29.s
    2dc4:	659d0b5f 	fmul	z31.s, z26.s, z29.s
    2dc8:	659d0b3d 	fmul	z29.s, z25.s, z29.s
    2dcc:	65900890 	fmul	z16.s, z4.s, z16.s
    2dd0:	8b010082 	add	x2, x4, x1
    2dd4:	65900231 	fadd	z17.s, z17.s, z16.s
    2dd8:	659d0231 	fadd	z17.s, z17.s, z29.s
    2ddc:	8540c05d 	ld1rw	{z29.s}, p0/z, [x2]
    2de0:	659d0821 	fmul	z1.s, z1.s, z29.s
    2de4:	91000800 	add	x0, x0, #0x2
    2de8:	65810042 	fadd	z2.s, z2.s, z1.s
    2dec:	659d0801 	fmul	z1.s, z0.s, z29.s
    2df0:	8b050021 	add	x1, x1, x5
    2df4:	65810060 	fadd	z0.s, z3.s, z1.s
    2df8:	8540c030 	ld1rw	{z16.s}, p0/z, [x1]
    2dfc:	659d08a5 	fmul	z5.s, z5.s, z29.s
    2e00:	659d0884 	fmul	z4.s, z4.s, z29.s
    2e04:	658500c6 	fadd	z6.s, z6.s, z5.s
    2e08:	658400e1 	fadd	z1.s, z7.s, z4.s
    2e0c:	65900b7b 	fmul	z27.s, z27.s, z16.s
    2e10:	65900b5a 	fmul	z26.s, z26.s, z16.s
    2e14:	65900b9c 	fmul	z28.s, z28.s, z16.s
    2e18:	65900b39 	fmul	z25.s, z25.s, z16.s
    2e1c:	659f0273 	fadd	z19.s, z19.s, z31.s
    2e20:	659e0294 	fadd	z20.s, z20.s, z30.s
    2e24:	659b00c6 	fadd	z6.s, z6.s, z27.s
    2e28:	659a0042 	fadd	z2.s, z2.s, z26.s
    2e2c:	659c0003 	fadd	z3.s, z0.s, z28.s
    2e30:	65990027 	fadd	z7.s, z1.s, z25.s
    2e34:	6b00007f 	cmp	w3, w0
    2e38:	54fff6cc 	b.gt	2d10 <conv_sve_rowtriple+0x68c>
    2e3c:	b9406be0 	ldr	w0, [sp, #104]
    2e40:	6b13001f 	cmp	w0, w19
    2e44:	5400096a 	b.ge	2f70 <conv_sve_rowtriple+0x8ec>  // b.tcont
    2e48:	d10010c0 	sub	x0, x6, #0x4
    2e4c:	a540a210 	ld1w	{z16.s}, p0/z, [x16]
    2e50:	a55e4205 	ld1w	{z5.s}, p0/z, [x16, x30, lsl #2]
    2e54:	8b170001 	add	x1, x0, x23
    2e58:	8540c020 	ld1rw	{z0.s}, p0/z, [x1]
    2e5c:	65800a19 	fmul	z25.s, z16.s, z0.s
    2e60:	658008a1 	fmul	z1.s, z5.s, z0.s
    2e64:	8b170081 	add	x1, x4, x23
    2e68:	a55c4204 	ld1w	{z4.s}, p0/z, [x16, x28, lsl #2]
    2e6c:	659902d6 	fadd	z22.s, z22.s, z25.s
    2e70:	658102f7 	fadd	z23.s, z23.s, z1.s
    2e74:	65800899 	fmul	z25.s, z4.s, z0.s
    2e78:	a5594201 	ld1w	{z1.s}, p0/z, [x16, x25, lsl #2]
    2e7c:	65800820 	fmul	z0.s, z1.s, z0.s
    2e80:	65800252 	fadd	z18.s, z18.s, z0.s
    2e84:	8540c020 	ld1rw	{z0.s}, p0/z, [x1]
    2e88:	b9406fe1 	ldr	w1, [sp, #108]
    2e8c:	658008ba 	fmul	z26.s, z5.s, z0.s
    2e90:	65800a1b 	fmul	z27.s, z16.s, z0.s
    2e94:	8b120084 	add	x4, x4, x18
    2e98:	65990318 	fadd	z24.s, z24.s, z25.s
    2e9c:	659a0273 	fadd	z19.s, z19.s, z26.s
    2ea0:	8540c099 	ld1rw	{z25.s}, p0/z, [x4]
    2ea4:	6580089a 	fmul	z26.s, z4.s, z0.s
    2ea8:	65990a10 	fmul	z16.s, z16.s, z25.s
    2eac:	65800820 	fmul	z0.s, z1.s, z0.s
    2eb0:	659908a5 	fmul	z5.s, z5.s, z25.s
    2eb4:	65990884 	fmul	z4.s, z4.s, z25.s
    2eb8:	65990821 	fmul	z1.s, z1.s, z25.s
    2ebc:	659b02b5 	fadd	z21.s, z21.s, z27.s
    2ec0:	659a0294 	fadd	z20.s, z20.s, z26.s
    2ec4:	65800231 	fadd	z17.s, z17.s, z0.s
    2ec8:	659000c6 	fadd	z6.s, z6.s, z16.s
    2ecc:	65850042 	fadd	z2.s, z2.s, z5.s
    2ed0:	65840063 	fadd	z3.s, z3.s, z4.s
    2ed4:	658100e7 	fadd	z7.s, z7.s, z1.s
    2ed8:	6b01027f 	cmp	w19, w1
    2edc:	540004ad 	b.le	2f70 <conv_sve_rowtriple+0x8ec>
    2ee0:	d1001101 	sub	x1, x8, #0x4
    2ee4:	a540a230 	ld1w	{z16.s}, p0/z, [x17]
    2ee8:	a55e4225 	ld1w	{z5.s}, p0/z, [x17, x30, lsl #2]
    2eec:	8b0102c1 	add	x1, x22, x1
    2ef0:	8540c020 	ld1rw	{z0.s}, p0/z, [x1]
    2ef4:	65800a19 	fmul	z25.s, z16.s, z0.s
    2ef8:	658008a1 	fmul	z1.s, z5.s, z0.s
    2efc:	f9403be2 	ldr	x2, [sp, #112]
    2f00:	a55c4224 	ld1w	{z4.s}, p0/z, [x17, x28, lsl #2]
    2f04:	659902d6 	fadd	z22.s, z22.s, z25.s
    2f08:	658102f7 	fadd	z23.s, z23.s, z1.s
    2f0c:	65800899 	fmul	z25.s, z4.s, z0.s
    2f10:	a5594221 	ld1w	{z1.s}, p0/z, [x17, x25, lsl #2]
    2f14:	65800820 	fmul	z0.s, z1.s, z0.s
    2f18:	8b160001 	add	x1, x0, x22
    2f1c:	65800252 	fadd	z18.s, z18.s, z0.s
    2f20:	8540c020 	ld1rw	{z0.s}, p0/z, [x1]
    2f24:	658008ba 	fmul	z26.s, z5.s, z0.s
    2f28:	65800a1b 	fmul	z27.s, z16.s, z0.s
    2f2c:	8b020000 	add	x0, x0, x2
    2f30:	65990318 	fadd	z24.s, z24.s, z25.s
    2f34:	659a0273 	fadd	z19.s, z19.s, z26.s
    2f38:	8540c019 	ld1rw	{z25.s}, p0/z, [x0]
    2f3c:	6580089a 	fmul	z26.s, z4.s, z0.s
    2f40:	65990a10 	fmul	z16.s, z16.s, z25.s
    2f44:	65800820 	fmul	z0.s, z1.s, z0.s
    2f48:	659908a5 	fmul	z5.s, z5.s, z25.s
    2f4c:	65990884 	fmul	z4.s, z4.s, z25.s
    2f50:	65990821 	fmul	z1.s, z1.s, z25.s
    2f54:	659b02b5 	fadd	z21.s, z21.s, z27.s
    2f58:	659a0294 	fadd	z20.s, z20.s, z26.s
    2f5c:	65800231 	fadd	z17.s, z17.s, z0.s
    2f60:	659000c6 	fadd	z6.s, z6.s, z16.s
    2f64:	65850042 	fadd	z2.s, z2.s, z5.s
    2f68:	65840063 	fadd	z3.s, z3.s, z4.s
    2f6c:	658100e7 	fadd	z7.s, z7.s, z1.s
    2f70:	110006b5 	add	w21, w21, #0x1
    2f74:	8b0f0231 	add	x17, x17, x15
    2f78:	8b0f0210 	add	x16, x16, x15
    2f7c:	8b1a0108 	add	x8, x8, x26
    2f80:	8b1a00c6 	add	x6, x6, x26
    2f84:	8b1a00a5 	add	x5, x5, x26
    2f88:	8b0f00e7 	add	x7, x7, x15
    2f8c:	8b0f016b 	add	x11, x11, x15
    2f90:	8b0f014a 	add	x10, x10, x15
    2f94:	8b0f0129 	add	x9, x9, x15
    2f98:	6b15031f 	cmp	w24, w21
    2f9c:	54ffeaa1 	b.ne	2cf0 <conv_sve_rowtriple+0x66c>  // b.any
    2fa0:	f9403fe0 	ldr	x0, [sp, #120]
    2fa4:	f940ebe1 	ldr	x1, [sp, #464]
    2fa8:	a955eff8 	ldp	x24, x27, [sp, #344]
    2fac:	8b010000 	add	x0, x0, x1
    2fb0:	f940b7f4 	ldr	x20, [sp, #360]
    2fb4:	7100007f 	cmp	w3, #0x0
    2fb8:	540007ed 	b.le	30b4 <conv_sve_rowtriple+0xa30>
    2fbc:	a94a1be5 	ldp	x5, x6, [sp, #160]
    2fc0:	d2800001 	mov	x1, #0x0                   	// #0
    2fc4:	a94ba3e7 	ldp	x7, x8, [sp, #184]
    2fc8:	f940a7e9 	ldr	x9, [sp, #328]
    2fcc:	f940bfea 	ldr	x10, [sp, #376]
    2fd0:	f94107eb 	ldr	x11, [sp, #520]
    2fd4:	d503201f 	nop
    2fd8:	d37ef422 	lsl	x2, x1, #2
    2fdc:	a54140c4 	ld1w	{z4.s}, p0/z, [x6, x1, lsl #2]
    2fe0:	8b020304 	add	x4, x24, x2
    2fe4:	a5414010 	ld1w	{z16.s}, p0/z, [x0, x1, lsl #2]
    2fe8:	8540c085 	ld1rw	{z5.s}, p0/z, [x4]
    2fec:	0420be1c 	movprfx	z28, z16
    2ff0:	0520109c 	ext	z28.b, z28.b, z4.b, #4
    2ff4:	65850a1b 	fmul	z27.s, z16.s, z5.s
    2ff8:	8b020144 	add	x4, x10, x2
    2ffc:	8540c099 	ld1rw	{z25.s}, p0/z, [x4]
    3000:	65990b9d 	fmul	z29.s, z28.s, z25.s
    3004:	a54140e0 	ld1w	{z0.s}, p0/z, [x7, x1, lsl #2]
    3008:	a54140a1 	ld1w	{z1.s}, p0/z, [x5, x1, lsl #2]
    300c:	659b02b5 	fadd	z21.s, z21.s, z27.s
    3010:	6585089b 	fmul	z27.s, z4.s, z5.s
    3014:	659d02b5 	fadd	z21.s, z21.s, z29.s
    3018:	6585081d 	fmul	z29.s, z0.s, z5.s
    301c:	65850825 	fmul	z5.s, z1.s, z5.s
    3020:	a541411a 	ld1w	{z26.s}, p0/z, [x8, x1, lsl #2]
    3024:	659b0273 	fadd	z19.s, z19.s, z27.s
    3028:	659d0294 	fadd	z20.s, z20.s, z29.s
    302c:	0420bc9b 	movprfx	z27, z4
    3030:	0520101b 	ext	z27.b, z27.b, z0.b, #4
    3034:	0420bc1d 	movprfx	z29, z0
    3038:	0520103d 	ext	z29.b, z29.b, z1.b, #4
    303c:	65990b7e 	fmul	z30.s, z27.s, z25.s
    3040:	65850231 	fadd	z17.s, z17.s, z5.s
    3044:	91000821 	add	x1, x1, #0x2
    3048:	65990ba5 	fmul	z5.s, z29.s, z25.s
    304c:	65990b59 	fmul	z25.s, z26.s, z25.s
    3050:	8b020124 	add	x4, x9, x2
    3054:	65850294 	fadd	z20.s, z20.s, z5.s
    3058:	8b020162 	add	x2, x11, x2
    305c:	65990231 	fadd	z17.s, z17.s, z25.s
    3060:	8540c045 	ld1rw	{z5.s}, p0/z, [x2]
    3064:	8540c099 	ld1rw	{z25.s}, p0/z, [x4]
    3068:	65850b9c 	fmul	z28.s, z28.s, z5.s
    306c:	65990a10 	fmul	z16.s, z16.s, z25.s
    3070:	65990884 	fmul	z4.s, z4.s, z25.s
    3074:	659000c6 	fadd	z6.s, z6.s, z16.s
    3078:	65840042 	fadd	z2.s, z2.s, z4.s
    307c:	65990800 	fmul	z0.s, z0.s, z25.s
    3080:	65990821 	fmul	z1.s, z1.s, z25.s
    3084:	65800060 	fadd	z0.s, z3.s, z0.s
    3088:	658100e1 	fadd	z1.s, z7.s, z1.s
    308c:	65850b7b 	fmul	z27.s, z27.s, z5.s
    3090:	65850bbd 	fmul	z29.s, z29.s, z5.s
    3094:	65850b5a 	fmul	z26.s, z26.s, z5.s
    3098:	659e0273 	fadd	z19.s, z19.s, z30.s
    309c:	659c00c6 	fadd	z6.s, z6.s, z28.s
    30a0:	659b0042 	fadd	z2.s, z2.s, z27.s
    30a4:	659d0003 	fadd	z3.s, z0.s, z29.s
    30a8:	659a0027 	fadd	z7.s, z1.s, z26.s
    30ac:	6b01007f 	cmp	w3, w1
    30b0:	54fff94c 	b.gt	2fd8 <conv_sve_rowtriple+0x954>
    30b4:	b9406be1 	ldr	w1, [sp, #104]
    30b8:	6b13003f 	cmp	w1, w19
    30bc:	5400210a 	b.ge	34dc <conv_sve_rowtriple+0xe58>  // b.tcont
    30c0:	f940a7e6 	ldr	x6, [sp, #328]
    30c4:	8b120001 	add	x1, x0, x18
    30c8:	a540a021 	ld1w	{z1.s}, p0/z, [x1]
    30cc:	8b120304 	add	x4, x24, x18
    30d0:	8540c080 	ld1rw	{z0.s}, p0/z, [x4]
    30d4:	8b1200c1 	add	x1, x6, x18
    30d8:	8540c024 	ld1rw	{z4.s}, p0/z, [x1]
    30dc:	f940a3e1 	ldr	x1, [sp, #320]
    30e0:	65800825 	fmul	z5.s, z1.s, z0.s
    30e4:	65840821 	fmul	z1.s, z1.s, z4.s
    30e8:	658100c6 	fadd	z6.s, z6.s, z1.s
    30ec:	658502b5 	fadd	z21.s, z21.s, z5.s
    30f0:	8b010001 	add	x1, x0, x1
    30f4:	a540a021 	ld1w	{z1.s}, p0/z, [x1]
    30f8:	f9409fe1 	ldr	x1, [sp, #312]
    30fc:	65800825 	fmul	z5.s, z1.s, z0.s
    3100:	65840821 	fmul	z1.s, z1.s, z4.s
    3104:	65810042 	fadd	z2.s, z2.s, z1.s
    3108:	65850273 	fadd	z19.s, z19.s, z5.s
    310c:	8b010001 	add	x1, x0, x1
    3110:	a540a021 	ld1w	{z1.s}, p0/z, [x1]
    3114:	f9409be1 	ldr	x1, [sp, #304]
    3118:	65800825 	fmul	z5.s, z1.s, z0.s
    311c:	65840821 	fmul	z1.s, z1.s, z4.s
    3120:	65810063 	fadd	z3.s, z3.s, z1.s
    3124:	65850294 	fadd	z20.s, z20.s, z5.s
    3128:	8b010001 	add	x1, x0, x1
    312c:	a540a021 	ld1w	{z1.s}, p0/z, [x1]
    3130:	b9406fe1 	ldr	w1, [sp, #108]
    3134:	65800820 	fmul	z0.s, z1.s, z0.s
    3138:	65840821 	fmul	z1.s, z1.s, z4.s
    313c:	65800231 	fadd	z17.s, z17.s, z0.s
    3140:	658100e7 	fadd	z7.s, z7.s, z1.s
    3144:	6b01027f 	cmp	w19, w1
    3148:	540003ed 	b.le	31c4 <conv_sve_rowtriple+0xb40>
    314c:	93407c21 	sxtw	x1, w1
    3150:	91001242 	add	x2, x18, #0x4
    3154:	8b0103c5 	add	x5, x30, x1
    3158:	a5454001 	ld1w	{z1.s}, p0/z, [x0, x5, lsl #2]
    315c:	8b020305 	add	x5, x24, x2
    3160:	8540c0a0 	ld1rw	{z0.s}, p0/z, [x5]
    3164:	65800824 	fmul	z4.s, z1.s, z0.s
    3168:	8b020005 	add	x5, x0, x2
    316c:	65840273 	fadd	z19.s, z19.s, z4.s
    3170:	8b0200c2 	add	x2, x6, x2
    3174:	a540a0a5 	ld1w	{z5.s}, p0/z, [x5]
    3178:	8540c044 	ld1rw	{z4.s}, p0/z, [x2]
    317c:	658008b0 	fmul	z16.s, z5.s, z0.s
    3180:	65840821 	fmul	z1.s, z1.s, z4.s
    3184:	658408a5 	fmul	z5.s, z5.s, z4.s
    3188:	8b010382 	add	x2, x28, x1
    318c:	659002b5 	fadd	z21.s, z21.s, z16.s
    3190:	8b010321 	add	x1, x25, x1
    3194:	658500c6 	fadd	z6.s, z6.s, z5.s
    3198:	65810042 	fadd	z2.s, z2.s, z1.s
    319c:	a5424005 	ld1w	{z5.s}, p0/z, [x0, x2, lsl #2]
    31a0:	a5414001 	ld1w	{z1.s}, p0/z, [x0, x1, lsl #2]
    31a4:	658008b0 	fmul	z16.s, z5.s, z0.s
    31a8:	65800820 	fmul	z0.s, z1.s, z0.s
    31ac:	658408a5 	fmul	z5.s, z5.s, z4.s
    31b0:	65840821 	fmul	z1.s, z1.s, z4.s
    31b4:	65900294 	fadd	z20.s, z20.s, z16.s
    31b8:	65850063 	fadd	z3.s, z3.s, z5.s
    31bc:	65800231 	fadd	z17.s, z17.s, z0.s
    31c0:	658100e7 	fadd	z7.s, z7.s, z1.s
    31c4:	f9403fe0 	ldr	x0, [sp, #120]
    31c8:	f940e7e1 	ldr	x1, [sp, #456]
    31cc:	8b010002 	add	x2, x0, x1
    31d0:	7100007f 	cmp	w3, #0x0
    31d4:	5400052d 	b.le	3278 <conv_sve_rowtriple+0xbf4>
    31d8:	a94d1be5 	ldp	x5, x6, [sp, #208]
    31dc:	d2800000 	mov	x0, #0x0                   	// #0
    31e0:	a94e23e7 	ldp	x7, x8, [sp, #224]
    31e4:	f940bfe9 	ldr	x9, [sp, #376]
    31e8:	d37ef401 	lsl	x1, x0, #2
    31ec:	a5404100 	ld1w	{z0.s}, p0/z, [x8, x0, lsl #2]
    31f0:	a54040e4 	ld1w	{z4.s}, p0/z, [x7, x0, lsl #2]
    31f4:	a5404041 	ld1w	{z1.s}, p0/z, [x2, x0, lsl #2]
    31f8:	8b010304 	add	x4, x24, x1
    31fc:	8540c09a 	ld1rw	{z26.s}, p0/z, [x4]
    3200:	659a0825 	fmul	z5.s, z1.s, z26.s
    3204:	659a081c 	fmul	z28.s, z0.s, z26.s
    3208:	05201001 	ext	z1.b, z1.b, z0.b, #4
    320c:	05201080 	ext	z0.b, z0.b, z4.b, #4
    3210:	a54040d0 	ld1w	{z16.s}, p0/z, [x6, x0, lsl #2]
    3214:	a54040bb 	ld1w	{z27.s}, p0/z, [x5, x0, lsl #2]
    3218:	658500c6 	fadd	z6.s, z6.s, z5.s
    321c:	659c0042 	fadd	z2.s, z2.s, z28.s
    3220:	8b010121 	add	x1, x9, x1
    3224:	659a089c 	fmul	z28.s, z4.s, z26.s
    3228:	8540c039 	ld1rw	{z25.s}, p0/z, [x1]
    322c:	91000800 	add	x0, x0, #0x2
    3230:	65990821 	fmul	z1.s, z1.s, z25.s
    3234:	65990805 	fmul	z5.s, z0.s, z25.s
    3238:	659c0060 	fadd	z0.s, z3.s, z28.s
    323c:	658100c6 	fadd	z6.s, z6.s, z1.s
    3240:	05201204 	ext	z4.b, z4.b, z16.b, #4
    3244:	659a0a01 	fmul	z1.s, z16.s, z26.s
    3248:	65990884 	fmul	z4.s, z4.s, z25.s
    324c:	658100e1 	fadd	z1.s, z7.s, z1.s
    3250:	65840003 	fadd	z3.s, z0.s, z4.s
    3254:	65850042 	fadd	z2.s, z2.s, z5.s
    3258:	65990b60 	fmul	z0.s, z27.s, z25.s
    325c:	65800027 	fadd	z7.s, z1.s, z0.s
    3260:	6b00007f 	cmp	w3, w0
    3264:	54fffc2c 	b.gt	31e8 <conv_sve_rowtriple+0xb64>
    3268:	b9406be0 	ldr	w0, [sp, #104]
    326c:	8b120304 	add	x4, x24, x18
    3270:	6b13001f 	cmp	w0, w19
    3274:	5400058a 	b.ge	3324 <conv_sve_rowtriple+0xca0>  // b.tcont
    3278:	f940a3e0 	ldr	x0, [sp, #320]
    327c:	8540c080 	ld1rw	{z0.s}, p0/z, [x4]
    3280:	8b000045 	add	x5, x2, x0
    3284:	a540a0a4 	ld1w	{z4.s}, p0/z, [x5]
    3288:	f9409fe0 	ldr	x0, [sp, #312]
    328c:	65800884 	fmul	z4.s, z4.s, z0.s
    3290:	65840042 	fadd	z2.s, z2.s, z4.s
    3294:	8b000041 	add	x1, x2, x0
    3298:	a540a021 	ld1w	{z1.s}, p0/z, [x1]
    329c:	f9409be0 	ldr	x0, [sp, #304]
    32a0:	65800821 	fmul	z1.s, z1.s, z0.s
    32a4:	65810063 	fadd	z3.s, z3.s, z1.s
    32a8:	8b000040 	add	x0, x2, x0
    32ac:	a540a004 	ld1w	{z4.s}, p0/z, [x0]
    32b0:	8b120040 	add	x0, x2, x18
    32b4:	a540a001 	ld1w	{z1.s}, p0/z, [x0]
    32b8:	b9406fe0 	ldr	w0, [sp, #108]
    32bc:	65800884 	fmul	z4.s, z4.s, z0.s
    32c0:	65800820 	fmul	z0.s, z1.s, z0.s
    32c4:	658400e7 	fadd	z7.s, z7.s, z4.s
    32c8:	658000c6 	fadd	z6.s, z6.s, z0.s
    32cc:	6b00027f 	cmp	w19, w0
    32d0:	540002ad 	b.le	3324 <conv_sve_rowtriple+0xca0>
    32d4:	91001252 	add	x18, x18, #0x4
    32d8:	93407c00 	sxtw	x0, w0
    32dc:	8b120301 	add	x1, x24, x18
    32e0:	8b120052 	add	x18, x2, x18
    32e4:	8540c020 	ld1rw	{z0.s}, p0/z, [x1]
    32e8:	a540a244 	ld1w	{z4.s}, p0/z, [x18]
    32ec:	8b0003c1 	add	x1, x30, x0
    32f0:	65800884 	fmul	z4.s, z4.s, z0.s
    32f4:	a5414041 	ld1w	{z1.s}, p0/z, [x2, x1, lsl #2]
    32f8:	65800821 	fmul	z1.s, z1.s, z0.s
    32fc:	8b000381 	add	x1, x28, x0
    3300:	658400c6 	fadd	z6.s, z6.s, z4.s
    3304:	8b000320 	add	x0, x25, x0
    3308:	65810042 	fadd	z2.s, z2.s, z1.s
    330c:	a5414044 	ld1w	{z4.s}, p0/z, [x2, x1, lsl #2]
    3310:	a5404041 	ld1w	{z1.s}, p0/z, [x2, x0, lsl #2]
    3314:	65800884 	fmul	z4.s, z4.s, z0.s
    3318:	65800820 	fmul	z0.s, z1.s, z0.s
    331c:	65840063 	fadd	z3.s, z3.s, z4.s
    3320:	658000e7 	fadd	z7.s, z7.s, z0.s
    3324:	a9588be6 	ldp	x6, x2, [sp, #392]
    3328:	f9403fe4 	ldr	x4, [sp, #120]
    332c:	f94093e7 	ldr	x7, [sp, #288]
    3330:	f940cfe5 	ldr	x5, [sp, #408]
    3334:	8b040040 	add	x0, x2, x4
    3338:	e540e016 	st1w	{z22.s}, p0, [x0]
    333c:	8b0400c0 	add	x0, x6, x4
    3340:	e540e006 	st1w	{z6.s}, p0, [x0]
    3344:	f9404be8 	ldr	x8, [sp, #144]
    3348:	8b070040 	add	x0, x2, x7
    334c:	e540e017 	st1w	{z23.s}, p0, [x0]
    3350:	8b0400a1 	add	x1, x5, x4
    3354:	8b0700c0 	add	x0, x6, x7
    3358:	e540e035 	st1w	{z21.s}, p0, [x1]
    335c:	8b0700a1 	add	x1, x5, x7
    3360:	e540e002 	st1w	{z2.s}, p0, [x0]
    3364:	8b080040 	add	x0, x2, x8
    3368:	e540e033 	st1w	{z19.s}, p0, [x1]
    336c:	8b0800a1 	add	x1, x5, x8
    3370:	b94183e9 	ldr	w9, [sp, #384]
    3374:	e540e018 	st1w	{z24.s}, p0, [x0]
    3378:	8b0800c0 	add	x0, x6, x8
    337c:	e540e034 	st1w	{z20.s}, p0, [x1]
    3380:	f9404fe1 	ldr	x1, [sp, #152]
    3384:	e540e003 	st1w	{z3.s}, p0, [x0]
    3388:	0430e3e9 	incb	x9
    338c:	b941c3e0 	ldr	w0, [sp, #448]
    3390:	b90183e9 	str	w9, [sp, #384]
    3394:	4b090015 	sub	w21, w0, w9
    3398:	8b010040 	add	x0, x2, x1
    339c:	e540e012 	st1w	{z18.s}, p0, [x0]
    33a0:	8b0100a0 	add	x0, x5, x1
    33a4:	e540e011 	st1w	{z17.s}, p0, [x0]
    33a8:	8b0100c0 	add	x0, x6, x1
    33ac:	e540e007 	st1w	{z7.s}, p0, [x0]
    33b0:	f94077e0 	ldr	x0, [sp, #232]
    33b4:	8b1b0000 	add	x0, x0, x27
    33b8:	f90077e0 	str	x0, [sp, #232]
    33bc:	f94073e0 	ldr	x0, [sp, #224]
    33c0:	8b1b0000 	add	x0, x0, x27
    33c4:	f90073e0 	str	x0, [sp, #224]
    33c8:	f9406fe0 	ldr	x0, [sp, #216]
    33cc:	8b1b0000 	add	x0, x0, x27
    33d0:	f9006fe0 	str	x0, [sp, #216]
    33d4:	f9406be0 	ldr	x0, [sp, #208]
    33d8:	8b1b0000 	add	x0, x0, x27
    33dc:	f9006be0 	str	x0, [sp, #208]
    33e0:	f94057e0 	ldr	x0, [sp, #168]
    33e4:	8b1b0000 	add	x0, x0, x27
    33e8:	f90057e0 	str	x0, [sp, #168]
    33ec:	f9405fe0 	ldr	x0, [sp, #184]
    33f0:	f940dfe2 	ldr	x2, [sp, #440]
    33f4:	8b1b0000 	add	x0, x0, x27
    33f8:	f9005fe0 	str	x0, [sp, #184]
    33fc:	f94053e0 	ldr	x0, [sp, #160]
    3400:	8b1b0000 	add	x0, x0, x27
    3404:	f90053e0 	str	x0, [sp, #160]
    3408:	f94063e0 	ldr	x0, [sp, #192]
    340c:	8b1b0000 	add	x0, x0, x27
    3410:	f90063e0 	str	x0, [sp, #192]
    3414:	f94047e0 	ldr	x0, [sp, #136]
    3418:	8b020000 	add	x0, x0, x2
    341c:	f90047e0 	str	x0, [sp, #136]
    3420:	f9405be0 	ldr	x0, [sp, #176]
    3424:	8b1b0000 	add	x0, x0, x27
    3428:	f9005be0 	str	x0, [sp, #176]
    342c:	f94067e0 	ldr	x0, [sp, #200]
    3430:	8b1b0000 	add	x0, x0, x27
    3434:	f90067e0 	str	x0, [sp, #200]
    3438:	f9407be0 	ldr	x0, [sp, #240]
    343c:	8b1b0000 	add	x0, x0, x27
    3440:	f9007be0 	str	x0, [sp, #240]
    3444:	f9407fe0 	ldr	x0, [sp, #248]
    3448:	8b1b0000 	add	x0, x0, x27
    344c:	f9007fe0 	str	x0, [sp, #248]
    3450:	f94083e0 	ldr	x0, [sp, #256]
    3454:	8b1b0000 	add	x0, x0, x27
    3458:	f90083e0 	str	x0, [sp, #256]
    345c:	f94087e0 	ldr	x0, [sp, #264]
    3460:	8b1b0000 	add	x0, x0, x27
    3464:	f90087e0 	str	x0, [sp, #264]
    3468:	f9408be0 	ldr	x0, [sp, #272]
    346c:	8b1b0000 	add	x0, x0, x27
    3470:	f9008be0 	str	x0, [sp, #272]
    3474:	f9408fe0 	ldr	x0, [sp, #280]
    3478:	8b1b0000 	add	x0, x0, x27
    347c:	f9008fe0 	str	x0, [sp, #280]
    3480:	8b1b0080 	add	x0, x4, x27
    3484:	f9003fe0 	str	x0, [sp, #120]
    3488:	8b1b00e0 	add	x0, x7, x27
    348c:	f90093e0 	str	x0, [sp, #288]
    3490:	8b1b0100 	add	x0, x8, x27
    3494:	f9004be0 	str	x0, [sp, #144]
    3498:	8b1b0020 	add	x0, x1, x27
    349c:	f9004fe0 	str	x0, [sp, #152]
    34a0:	0420e3e0 	cntb	x0
    34a4:	6b0002bf 	cmp	w21, w0
    34a8:	54ffa20a 	b.ge	28e8 <conv_sve_rowtriple+0x264>  // b.tcont
    34ac:	a94573fb 	ldp	x27, x28, [sp, #80]
    34b0:	b94183e1 	ldr	w1, [sp, #384]
    34b4:	b941c3e0 	ldr	w0, [sp, #448]
    34b8:	6b01001f 	cmp	w0, w1
    34bc:	5400046c 	b.gt	3548 <conv_sve_rowtriple+0xec4>
    34c0:	a9407bfd 	ldp	x29, x30, [sp]
    34c4:	a94153f3 	ldp	x19, x20, [sp, #16]
    34c8:	a9425bf5 	ldp	x21, x22, [sp, #32]
    34cc:	a94363f7 	ldp	x23, x24, [sp, #48]
    34d0:	a9446bf9 	ldp	x25, x26, [sp, #64]
    34d4:	910883ff 	add	sp, sp, #0x220
    34d8:	d65f03c0 	ret
    34dc:	f9403fe0 	ldr	x0, [sp, #120]
    34e0:	f940e7e1 	ldr	x1, [sp, #456]
    34e4:	8b010002 	add	x2, x0, x1
    34e8:	7100007f 	cmp	w3, #0x0
    34ec:	54ffe76c 	b.gt	31d8 <conv_sve_rowtriple+0xb54>
    34f0:	17ffff8d 	b	3324 <conv_sve_rowtriple+0xca0>
    34f4:	7100027f 	cmp	w19, #0x0
    34f8:	540009ed 	b.le	3634 <conv_sve_rowtriple+0xfb0>
    34fc:	25b8c016 	mov	z22.s, #0
    3500:	047632d8 	mov	z24.d, z22.d
    3504:	047632d2 	mov	z18.d, z22.d
    3508:	047632d7 	mov	z23.d, z22.d
    350c:	b9006bff 	str	wzr, [sp, #104]
    3510:	17fffd26 	b	29a8 <conv_sve_rowtriple+0x324>
    3514:	f9403fe0 	ldr	x0, [sp, #120]
    3518:	f940ffe1 	ldr	x1, [sp, #504]
    351c:	f9410ff2 	ldr	x18, [sp, #536]
    3520:	8b010000 	add	x0, x0, x1
    3524:	17fffd3f 	b	2a20 <conv_sve_rowtriple+0x39c>
    3528:	11000420 	add	w0, w1, #0x1
    352c:	b9006fe0 	str	w0, [sp, #108]
    3530:	17fffdc3 	b	2c3c <conv_sve_rowtriple+0x5b8>
    3534:	25b8c011 	mov	z17.s, #0
    3538:	04713234 	mov	z20.d, z17.d
    353c:	04713233 	mov	z19.d, z17.d
    3540:	04713235 	mov	z21.d, z17.d
    3544:	17fffd7a 	b	2b2c <conv_sve_rowtriple+0x4a8>
    3548:	f94043f9 	ldr	x25, [sp, #128]
    354c:	937e7c37 	sbfiz	x23, x1, #2, #32
    3550:	f940cbe0 	ldr	x0, [sp, #400]
    3554:	93407c36 	sxtw	x22, w1
    3558:	f9410bf8 	ldr	x24, [sp, #528]
    355c:	8b170005 	add	x5, x0, x23
    3560:	b94187fa 	ldr	w26, [sp, #388]
    3564:	2a1503e6 	mov	w6, w21
    3568:	2a1303e4 	mov	w4, w19
    356c:	aa1403e2 	mov	x2, x20
    3570:	2a1a03e3 	mov	w3, w26
    3574:	8b170320 	add	x0, x25, x23
    3578:	aa1803e1 	mov	x1, x24
    357c:	97fff39a 	bl	3e4 <conv_sve_prefix>
    3580:	f940cfe2 	ldr	x2, [sp, #408]
    3584:	8b1802c0 	add	x0, x22, x24
    3588:	aa1803e1 	mov	x1, x24
    358c:	2a1503e6 	mov	w6, w21
    3590:	8b170045 	add	x5, x2, x23
    3594:	2a1303e4 	mov	w4, w19
    3598:	2a1a03e3 	mov	w3, w26
    359c:	aa1403e2 	mov	x2, x20
    35a0:	8b000b20 	add	x0, x25, x0, lsl #2
    35a4:	97fff390 	bl	3e4 <conv_sve_prefix>
    35a8:	f940c7e2 	ldr	x2, [sp, #392]
    35ac:	8b1806c0 	add	x0, x22, x24, lsl #1
    35b0:	aa1803e1 	mov	x1, x24
    35b4:	2a1503e6 	mov	w6, w21
    35b8:	8b170045 	add	x5, x2, x23
    35bc:	8b000b20 	add	x0, x25, x0, lsl #2
    35c0:	2a1303e4 	mov	w4, w19
    35c4:	2a1a03e3 	mov	w3, w26
    35c8:	aa1403e2 	mov	x2, x20
    35cc:	a9407bfd 	ldp	x29, x30, [sp]
    35d0:	a94153f3 	ldp	x19, x20, [sp, #16]
    35d4:	a9425bf5 	ldp	x21, x22, [sp, #32]
    35d8:	a94363f7 	ldp	x23, x24, [sp, #48]
    35dc:	a9446bf9 	ldp	x25, x26, [sp, #64]
    35e0:	910883ff 	add	sp, sp, #0x220
    35e4:	17fff380 	b	3e4 <conv_sve_prefix>
    35e8:	b941c3f5 	ldr	w21, [sp, #448]
    35ec:	2a1503e7 	mov	w7, w21
    35f0:	97fffa30 	bl	1eb0 <conv_sve_rowpair>
    35f4:	2a1503e6 	mov	w6, w21
    35f8:	2a1303e4 	mov	w4, w19
    35fc:	aa1403e2 	mov	x2, x20
    3600:	b94187e3 	ldr	w3, [sp, #388]
    3604:	a9407bfd 	ldp	x29, x30, [sp]
    3608:	a94153f3 	ldp	x19, x20, [sp, #16]
    360c:	a9425bf5 	ldp	x21, x22, [sp, #32]
    3610:	f94043e0 	ldr	x0, [sp, #128]
    3614:	f940c7e5 	ldr	x5, [sp, #392]
    3618:	f9410be1 	ldr	x1, [sp, #528]
    361c:	910883ff 	add	sp, sp, #0x220
    3620:	8b010c00 	add	x0, x0, x1, lsl #3
    3624:	17fff370 	b	3e4 <conv_sve_prefix>
    3628:	2a0703f5 	mov	w21, w7
    362c:	b90183ff 	str	wzr, [sp, #384]
    3630:	17ffffa0 	b	34b0 <conv_sve_rowtriple+0xe2c>
    3634:	25b8c011 	mov	z17.s, #0
    3638:	52800020 	mov	w0, #0x1                   	// #1
    363c:	d2800012 	mov	x18, #0x0                   	// #0
    3640:	04713234 	mov	z20.d, z17.d
    3644:	04713233 	mov	z19.d, z17.d
    3648:	04713236 	mov	z22.d, z17.d
    364c:	04713235 	mov	z21.d, z17.d
    3650:	04713232 	mov	z18.d, z17.d
    3654:	04713238 	mov	z24.d, z17.d
    3658:	04713237 	mov	z23.d, z17.d
    365c:	290d03ff 	stp	wzr, w0, [sp, #104]
    3660:	17fffd77 	b	2c3c <conv_sve_rowtriple+0x5b8>

0000000000003664 <conv_sve_rowquad>:
    3664:	d10bc3ff 	sub	sp, sp, #0x2f0
    3668:	9108a3e8 	add	x8, sp, #0x228
    366c:	a9017bfd 	stp	x29, x30, [sp, #16]
    3670:	910043fd 	add	x29, sp, #0x10
    3674:	f9417be9 	ldr	x9, [sp, #752]
    3678:	a90253f3 	stp	x19, x20, [sp, #32]
    367c:	a90673fb 	stp	x27, x28, [sp, #96]
    3680:	aa0203fc 	mov	x28, x2
    3684:	2a0403fb 	mov	w27, w4
    3688:	a9001509 	stp	x9, x5, [x8]
    368c:	b942fbe9 	ldr	w9, [sp, #760]
    3690:	a9011d06 	stp	x6, x7, [x8, #16]
    3694:	f9007fe0 	str	x0, [sp, #248]
    3698:	b901e3e3 	str	w3, [sp, #480]
    369c:	b9025be9 	str	w9, [sp, #600]
    36a0:	f90173e1 	str	x1, [sp, #736]
    36a4:	71000c7f 	cmp	w3, #0x3
    36a8:	5400bc6d 	b.le	4e34 <conv_sve_rowquad+0x17d0>
    36ac:	a9035bf5 	stp	x21, x22, [sp, #48]
    36b0:	0420e3e0 	cntb	x0
    36b4:	a90463f7 	stp	x23, x24, [sp, #64]
    36b8:	6b00013f 	cmp	w9, w0
    36bc:	5400bdeb 	b.lt	4e78 <conv_sve_rowquad+0x1814>  // b.tstop
    36c0:	aa0103eb 	mov	x11, x1
    36c4:	8b010437 	add	x23, x1, x1, lsl #1
    36c8:	a9056bf9 	stp	x25, x26, [sp, #80]
    36cc:	d37ef43a 	lsl	x26, x1, #2
    36d0:	b941e3e1 	ldr	w1, [sp, #480]
    36d4:	2518e3e0 	ptrue	p0.b
    36d8:	937e7c96 	sbfiz	x22, x4, #2, #32
    36dc:	04a0e3e6 	cntw	x6
    36e0:	51000833 	sub	w19, w1, #0x2
    36e4:	04a2e3e0 	cntw	x0, all, mul #3
    36e8:	93407c23 	sxtw	x3, w1
    36ec:	937e7c05 	sbfiz	x5, x0, #2, #32
    36f0:	937e7cc8 	sbfiz	x8, x6, #2, #32
    36f4:	51000432 	sub	w18, w1, #0x1
    36f8:	51000c34 	sub	w20, w1, #0x3
    36fc:	0460e3e0 	cnth	x0
    3700:	9b0b7c63 	mul	x3, x3, x11
    3704:	937e7c19 	sbfiz	x25, x0, #2, #32
    3708:	aa0803f8 	mov	x24, x8
    370c:	51000b67 	sub	w7, w27, #0x2
    3710:	8b0b0062 	add	x2, x3, x11
    3714:	a9105ff8 	stp	x24, x23, [sp, #256]
    3718:	8b0b0041 	add	x1, x2, x11
    371c:	d37df160 	lsl	x0, x11, #3
    3720:	d37ef442 	lsl	x2, x2, #2
    3724:	d37ef421 	lsl	x1, x1, #2
    3728:	9b167273 	madd	x19, x19, x22, x28
    372c:	121f78e8 	and	w8, w7, #0xfffffffe
    3730:	d37ef6e7 	lsl	x7, x23, #2
    3734:	91001337 	add	x23, x25, #0x4
    3738:	8b00032e 	add	x14, x25, x0
    373c:	8b02033e 	add	x30, x25, x2
    3740:	aa1903e9 	mov	x9, x25
    3744:	f90057f7 	str	x23, [sp, #168]
    3748:	8b160397 	add	x23, x28, x22
    374c:	a90d5ff3 	stp	x19, x23, [sp, #208]
    3750:	8b010333 	add	x19, x25, x1
    3754:	d37ef463 	lsl	x3, x3, #2
    3758:	f900ebf9 	str	x25, [sp, #464]
    375c:	11000908 	add	w8, w8, #0x2
    3760:	f94083f9 	ldr	x25, [sp, #256]
    3764:	b9025fe8 	str	w8, [sp, #604]
    3768:	9b167248 	madd	x8, x18, x22, x28
    376c:	910010a4 	add	x4, x5, #0x4
    3770:	8b030339 	add	x25, x25, x3
    3774:	f90067f9 	str	x25, [sp, #200]
    3778:	aa0903f9 	mov	x25, x9
    377c:	8b030129 	add	x9, x9, x3
    3780:	8b0000b0 	add	x16, x5, x0
    3784:	f9004fe8 	str	x8, [sp, #152]
    3788:	8b0100a8 	add	x8, x5, x1
    378c:	f90053fe 	str	x30, [sp, #160]
    3790:	8b0200be 	add	x30, x5, x2
    3794:	f90073e9 	str	x9, [sp, #224]
    3798:	8b0300a9 	add	x9, x5, x3
    379c:	f9008be5 	str	x5, [sp, #272]
    37a0:	f94057e5 	ldr	x5, [sp, #168]
    37a4:	8b010312 	add	x18, x24, x1
    37a8:	93407cc6 	sxtw	x6, w6
    37ac:	f90057e6 	str	x6, [sp, #168]
    37b0:	8b0700a5 	add	x5, x5, x7
    37b4:	a90e97e9 	stp	x9, x5, [sp, #232]
    37b8:	0460e3e6 	cnth	x6
    37bc:	f9407fe9 	ldr	x9, [sp, #248]
    37c0:	8b160385 	add	x5, x28, x22
    37c4:	8b00008a 	add	x10, x4, x0
    37c8:	8b1600a5 	add	x5, x5, x22
    37cc:	8b120132 	add	x18, x9, x18
    37d0:	f900bff2 	str	x18, [sp, #376]
    37d4:	93407cd2 	sxtw	x18, w6
    37d8:	9b167294 	madd	x20, x20, x22, x28
    37dc:	cb1a014b 	sub	x11, x10, x26
    37e0:	04a2e3e6 	cntw	x6, all, mul #3
    37e4:	f9005bf2 	str	x18, [sp, #176]
    37e8:	8b130132 	add	x18, x9, x19
    37ec:	f900f7e5 	str	x5, [sp, #488]
    37f0:	aa0903e5 	mov	x5, x9
    37f4:	8b0b0017 	add	x23, x0, x11
    37f8:	8b0a00aa 	add	x10, x5, x10
    37fc:	6d0727e8 	stp	d8, d9, [sp, #112]
    3800:	8b00030c 	add	x12, x24, x0
    3804:	91001315 	add	x21, x24, #0x4
    3808:	6d082fea 	stp	d10, d11, [sp, #128]
    380c:	8b020318 	add	x24, x24, x2
    3810:	cb1a018d 	sub	x13, x12, x26
    3814:	f9005ffe 	str	x30, [sp, #184]
    3818:	cb1a01cf 	sub	x15, x14, x26
    381c:	f900bbf2 	str	x18, [sp, #368]
    3820:	93407cd2 	sxtw	x18, w6
    3824:	f90063f2 	str	x18, [sp, #192]
    3828:	8b080132 	add	x18, x9, x8
    382c:	f900fbf4 	str	x20, [sp, #496]
    3830:	8b0f001e 	add	x30, x0, x15
    3834:	f900b7f2 	str	x18, [sp, #360]
    3838:	cb1a0211 	sub	x17, x16, x26
    383c:	f900cbea 	str	x10, [sp, #400]
    3840:	8b0502ea 	add	x10, x23, x5
    3844:	f94053e6 	ldr	x6, [sp, #160]
    3848:	f90157ea 	str	x10, [sp, #680]
    384c:	8b0b00aa 	add	x10, x5, x11
    3850:	f900dbea 	str	x10, [sp, #432]
    3854:	8b1800aa 	add	x10, x5, x24
    3858:	f90093ea 	str	x10, [sp, #288]
    385c:	8b0600aa 	add	x10, x5, x6
    3860:	f90097ea 	str	x10, [sp, #296]
    3864:	f9405fe6 	ldr	x6, [sp, #184]
    3868:	8b010094 	add	x20, x4, x1
    386c:	8b140132 	add	x18, x9, x20
    3870:	8b0702b5 	add	x21, x21, x7
    3874:	8b0600aa 	add	x10, x5, x6
    3878:	8b020086 	add	x6, x4, x2
    387c:	8b0600a6 	add	x6, x5, x6
    3880:	f9009be6 	str	x6, [sp, #304]
    3884:	8b050046 	add	x6, x2, x5
    3888:	8b0d0002 	add	x2, x0, x13
    388c:	f9013be6 	str	x6, [sp, #624]
    3890:	8b0c00a6 	add	x6, x5, x12
    3894:	f900a7e6 	str	x6, [sp, #328]
    3898:	8b050046 	add	x6, x2, x5
    389c:	f90143e6 	str	x6, [sp, #640]
    38a0:	8b0d00a6 	add	x6, x5, x13
    38a4:	f900cfe6 	str	x6, [sp, #408]
    38a8:	8b0e00a6 	add	x6, x5, x14
    38ac:	f900c3e6 	str	x6, [sp, #384]
    38b0:	8b0503c6 	add	x6, x30, x5
    38b4:	f90147e6 	str	x6, [sp, #648]
    38b8:	8b0f00a6 	add	x6, x5, x15
    38bc:	8b110002 	add	x2, x0, x17
    38c0:	f900d3e6 	str	x6, [sp, #416]
    38c4:	8b1000a6 	add	x6, x5, x16
    38c8:	f900c7e6 	str	x6, [sp, #392]
    38cc:	8b050046 	add	x6, x2, x5
    38d0:	8b0900e7 	add	x7, x7, x9
    38d4:	f94067e2 	ldr	x2, [sp, #200]
    38d8:	f9014fe6 	str	x6, [sp, #664]
    38dc:	f94073e9 	ldr	x9, [sp, #224]
    38e0:	8b1100a6 	add	x6, x5, x17
    38e4:	f900d7e6 	str	x6, [sp, #424]
    38e8:	8b0200a6 	add	x6, x5, x2
    38ec:	f9009fe6 	str	x6, [sp, #312]
    38f0:	8b0900a6 	add	x6, x5, x9
    38f4:	f94077e9 	ldr	x9, [sp, #232]
    38f8:	f900a3e6 	str	x6, [sp, #320]
    38fc:	8b050000 	add	x0, x0, x5
    3900:	f900afea 	str	x10, [sp, #344]
    3904:	8b0900a6 	add	x6, x5, x9
    3908:	8b030089 	add	x9, x4, x3
    390c:	8b050063 	add	x3, x3, x5
    3910:	f9013fe3 	str	x3, [sp, #632]
    3914:	8b0400a3 	add	x3, x5, x4
    3918:	f900abe6 	str	x6, [sp, #336]
    391c:	8b0900a6 	add	x6, x5, x9
    3920:	f9008fe6 	str	x6, [sp, #280]
    3924:	f900b3f2 	str	x18, [sp, #352]
    3928:	8b050032 	add	x18, x1, x5
    392c:	f90137f2 	str	x18, [sp, #616]
    3930:	51000777 	sub	w23, w27, #0x1
    3934:	f9015be0 	str	x0, [sp, #688]
    3938:	aa0503e0 	mov	x0, x5
    393c:	f90167e3 	str	x3, [sp, #712]
    3940:	8b0502a3 	add	x3, x21, x5
    3944:	f9014be3 	str	x3, [sp, #656]
    3948:	9100139e 	add	x30, x28, #0x4
    394c:	f9407be2 	ldr	x2, [sp, #240]
    3950:	f9005fff 	str	xzr, [sp, #184]
    3954:	a95ed3e1 	ldp	x1, x20, [sp, #488]
    3958:	8b000042 	add	x2, x2, x0
    395c:	f94083f8 	ldr	x24, [sp, #256]
    3960:	b901e7ff 	str	wzr, [sp, #484]
    3964:	f9408be5 	ldr	x5, [sp, #272]
    3968:	f90153e2 	str	x2, [sp, #672]
    396c:	91001021 	add	x1, x1, #0x4
    3970:	f9016be1 	str	x1, [sp, #720]
    3974:	b9825fe1 	ldrsw	x1, [sp, #604]
    3978:	910010e2 	add	x2, x7, #0x4
    397c:	f90177e1 	str	x1, [sp, #744]
    3980:	8b180001 	add	x1, x0, x24
    3984:	f900dfe1 	str	x1, [sp, #440]
    3988:	8b190001 	add	x1, x0, x25
    398c:	f900e3e1 	str	x1, [sp, #448]
    3990:	8b050001 	add	x1, x0, x5
    3994:	8b000340 	add	x0, x26, x0
    3998:	f9015fe0 	str	x0, [sp, #696]
    399c:	93407f60 	sxtw	x0, w27
    39a0:	f90127e0 	str	x0, [sp, #584]
    39a4:	0420e3e0 	cntb	x0
    39a8:	8b160385 	add	x5, x28, x22
    39ac:	93407c00 	sxtw	x0, w0
    39b0:	f90133e0 	str	x0, [sp, #608]
    39b4:	f9404ff9 	ldr	x25, [sp, #152]
    39b8:	0420e3e0 	cntb	x0
    39bc:	f9406bf3 	ldr	x19, [sp, #208]
    39c0:	937e7c18 	sbfiz	x24, x0, #2, #32
    39c4:	937f7f60 	sbfiz	x0, x27, #1, #32
    39c8:	f900e7e1 	str	x1, [sp, #456]
    39cc:	910010a1 	add	x1, x5, #0x4
    39d0:	f9010fe1 	str	x1, [sp, #536]
    39d4:	91001321 	add	x1, x25, #0x4
    39d8:	f9012be0 	str	x0, [sp, #592]
    39dc:	aa1603e0 	mov	x0, x22
    39e0:	aa1803f6 	mov	x22, x24
    39e4:	aa0003f8 	mov	x24, x0
    39e8:	f900efe1 	str	x1, [sp, #472]
    39ec:	91001261 	add	x1, x19, #0x4
    39f0:	f90113e1 	str	x1, [sp, #544]
    39f4:	91001281 	add	x1, x20, #0x4
    39f8:	f90163e2 	str	x2, [sp, #704]
    39fc:	f9016fe1 	str	x1, [sp, #728]
    3a00:	f9405fe0 	ldr	x0, [sp, #184]
    3a04:	f9407fe1 	ldr	x1, [sp, #248]
    3a08:	8b000022 	add	x2, x1, x0
    3a0c:	710002ff 	cmp	w23, #0x0
    3a10:	54009a2d 	b.le	4d54 <conv_sve_rowquad+0x16f0>
    3a14:	a95b9be5 	ldp	x5, x6, [sp, #440]
    3a18:	25b8c001 	mov	z1.s, #0
    3a1c:	0461303b 	mov	z27.d, z1.d
    3a20:	0461303a 	mov	z26.d, z1.d
    3a24:	f94167e1 	ldr	x1, [sp, #712]
    3a28:	04613039 	mov	z25.d, z1.d
    3a2c:	f940e7e7 	ldr	x7, [sp, #456]
    3a30:	8b000024 	add	x4, x1, x0
    3a34:	d2800000 	mov	x0, #0x0                   	// #0
    3a38:	d37ef401 	lsl	x1, x0, #2
    3a3c:	a54040a2 	ld1w	{z2.s}, p0/z, [x5, x0, lsl #2]
    3a40:	a5404044 	ld1w	{z4.s}, p0/z, [x2, x0, lsl #2]
    3a44:	8b010383 	add	x3, x28, x1
    3a48:	8b0103c1 	add	x1, x30, x1
    3a4c:	8540c066 	ld1rw	{z6.s}, p0/z, [x3]
    3a50:	8540c025 	ld1rw	{z5.s}, p0/z, [x1]
    3a54:	65860888 	fmul	z8.s, z4.s, z6.s
    3a58:	05201044 	ext	z4.b, z4.b, z2.b, #4
    3a5c:	65850884 	fmul	z4.s, z4.s, z5.s
    3a60:	a54040c0 	ld1w	{z0.s}, p0/z, [x6, x0, lsl #2]
    3a64:	a54040e3 	ld1w	{z3.s}, p0/z, [x7, x0, lsl #2]
    3a68:	a5404087 	ld1w	{z7.s}, p0/z, [x4, x0, lsl #2]
    3a6c:	65880339 	fadd	z25.s, z25.s, z8.s
    3a70:	91000800 	add	x0, x0, #0x2
    3a74:	65860848 	fmul	z8.s, z2.s, z6.s
    3a78:	65840339 	fadd	z25.s, z25.s, z4.s
    3a7c:	05201002 	ext	z2.b, z2.b, z0.b, #4
    3a80:	65860804 	fmul	z4.s, z0.s, z6.s
    3a84:	05201060 	ext	z0.b, z0.b, z3.b, #4
    3a88:	65850800 	fmul	z0.s, z0.s, z5.s
    3a8c:	6588035a 	fadd	z26.s, z26.s, z8.s
    3a90:	65850842 	fmul	z2.s, z2.s, z5.s
    3a94:	6584037b 	fadd	z27.s, z27.s, z4.s
    3a98:	65860863 	fmul	z3.s, z3.s, z6.s
    3a9c:	6580037b 	fadd	z27.s, z27.s, z0.s
    3aa0:	65830021 	fadd	z1.s, z1.s, z3.s
    3aa4:	658508e0 	fmul	z0.s, z7.s, z5.s
    3aa8:	6582035a 	fadd	z26.s, z26.s, z2.s
    3aac:	65800021 	fadd	z1.s, z1.s, z0.s
    3ab0:	6b0002ff 	cmp	w23, w0
    3ab4:	54fffc2c 	b.gt	3a38 <conv_sve_rowquad+0x3d4>
    3ab8:	b9425fe0 	ldr	w0, [sp, #604]
    3abc:	b9009be0 	str	w0, [sp, #152]
    3ac0:	6b00037f 	cmp	w27, w0
    3ac4:	5400958d 	b.le	4d74 <conv_sve_rowquad+0x1710>
    3ac8:	a94f87e3 	ldp	x3, x1, [sp, #248]
    3acc:	f940ebe4 	ldr	x4, [sp, #464]
    3ad0:	b9809be0 	ldrsw	x0, [sp, #152]
    3ad4:	8b040065 	add	x5, x3, x4
    3ad8:	8b010066 	add	x6, x3, x1
    3adc:	f9408be4 	ldr	x4, [sp, #272]
    3ae0:	aa0003e1 	mov	x1, x0
    3ae4:	8b040064 	add	x4, x3, x4
    3ae8:	8b010b83 	add	x3, x28, x1, lsl #2
    3aec:	a5414045 	ld1w	{z5.s}, p0/z, [x2, x1, lsl #2]
    3af0:	a54140c4 	ld1w	{z4.s}, p0/z, [x6, x1, lsl #2]
    3af4:	a54140a3 	ld1w	{z3.s}, p0/z, [x5, x1, lsl #2]
    3af8:	a5414082 	ld1w	{z2.s}, p0/z, [x4, x1, lsl #2]
    3afc:	91000421 	add	x1, x1, #0x1
    3b00:	8540c060 	ld1rw	{z0.s}, p0/z, [x3]
    3b04:	658008a5 	fmul	z5.s, z5.s, z0.s
    3b08:	65800884 	fmul	z4.s, z4.s, z0.s
    3b0c:	65800863 	fmul	z3.s, z3.s, z0.s
    3b10:	65850339 	fadd	z25.s, z25.s, z5.s
    3b14:	65800840 	fmul	z0.s, z2.s, z0.s
    3b18:	6584035a 	fadd	z26.s, z26.s, z4.s
    3b1c:	6583037b 	fadd	z27.s, z27.s, z3.s
    3b20:	65800021 	fadd	z1.s, z1.s, z0.s
    3b24:	6b01037f 	cmp	w27, w1
    3b28:	54fffe0c 	b.gt	3ae8 <conv_sve_rowquad+0x484>
    3b2c:	f9405fe1 	ldr	x1, [sp, #184]
    3b30:	f9415fe2 	ldr	x2, [sp, #696]
    3b34:	8b020021 	add	x1, x1, x2
    3b38:	710002ff 	cmp	w23, #0x0
    3b3c:	540092cd 	b.le	4d94 <conv_sve_rowquad+0x1730>
    3b40:	a9599fe6 	ldp	x6, x7, [sp, #408]
    3b44:	25b8c002 	mov	z2.s, #0
    3b48:	d2800002 	mov	x2, #0x0                   	// #0
    3b4c:	04623056 	mov	z22.d, z2.d
    3b50:	a95aa7e8 	ldp	x8, x9, [sp, #424]
    3b54:	04623055 	mov	z21.d, z2.d
    3b58:	04623058 	mov	z24.d, z2.d
    3b5c:	f9406fe5 	ldr	x5, [sp, #216]
    3b60:	f9410fea 	ldr	x10, [sp, #536]
    3b64:	d503201f 	nop
    3b68:	d37ef443 	lsl	x3, x2, #2
    3b6c:	a5424026 	ld1w	{z6.s}, p0/z, [x1, x2, lsl #2]
    3b70:	8b0300a4 	add	x4, x5, x3
    3b74:	8540c084 	ld1rw	{z4.s}, p0/z, [x4]
    3b78:	658408c9 	fmul	z9.s, z6.s, z4.s
    3b7c:	a54240c3 	ld1w	{z3.s}, p0/z, [x6, x2, lsl #2]
    3b80:	65890339 	fadd	z25.s, z25.s, z9.s
    3b84:	65840869 	fmul	z9.s, z3.s, z4.s
    3b88:	a54240e0 	ld1w	{z0.s}, p0/z, [x7, x2, lsl #2]
    3b8c:	a5424105 	ld1w	{z5.s}, p0/z, [x8, x2, lsl #2]
    3b90:	0420bccb 	movprfx	z11, z6
    3b94:	0520106b 	ext	z11.b, z11.b, z3.b, #4
    3b98:	8b030144 	add	x4, x10, x3
    3b9c:	6589035a 	fadd	z26.s, z26.s, z9.s
    3ba0:	8540c087 	ld1rw	{z7.s}, p0/z, [x4]
    3ba4:	65840809 	fmul	z9.s, z0.s, z4.s
    3ba8:	6587096a 	fmul	z10.s, z11.s, z7.s
    3bac:	658408a4 	fmul	z4.s, z5.s, z4.s
    3bb0:	a5424128 	ld1w	{z8.s}, p0/z, [x9, x2, lsl #2]
    3bb4:	6589037b 	fadd	z27.s, z27.s, z9.s
    3bb8:	65840021 	fadd	z1.s, z1.s, z4.s
    3bbc:	0420bc09 	movprfx	z9, z0
    3bc0:	052010a9 	ext	z9.b, z9.b, z5.b, #4
    3bc4:	658a0339 	fadd	z25.s, z25.s, z10.s
    3bc8:	65870924 	fmul	z4.s, z9.s, z7.s
    3bcc:	0420bc6a 	movprfx	z10, z3
    3bd0:	0520100a 	ext	z10.b, z10.b, z0.b, #4
    3bd4:	91000842 	add	x2, x2, #0x2
    3bd8:	65870950 	fmul	z16.s, z10.s, z7.s
    3bdc:	65870907 	fmul	z7.s, z8.s, z7.s
    3be0:	8b030384 	add	x4, x28, x3
    3be4:	6584037b 	fadd	z27.s, z27.s, z4.s
    3be8:	8b0303c3 	add	x3, x30, x3
    3bec:	65870021 	fadd	z1.s, z1.s, z7.s
    3bf0:	8540c064 	ld1rw	{z4.s}, p0/z, [x3]
    3bf4:	8540c087 	ld1rw	{z7.s}, p0/z, [x4]
    3bf8:	6584096b 	fmul	z11.s, z11.s, z4.s
    3bfc:	658708c6 	fmul	z6.s, z6.s, z7.s
    3c00:	65870863 	fmul	z3.s, z3.s, z7.s
    3c04:	65860318 	fadd	z24.s, z24.s, z6.s
    3c08:	658302b5 	fadd	z21.s, z21.s, z3.s
    3c0c:	65870800 	fmul	z0.s, z0.s, z7.s
    3c10:	658708a5 	fmul	z5.s, z5.s, z7.s
    3c14:	658002d6 	fadd	z22.s, z22.s, z0.s
    3c18:	65850042 	fadd	z2.s, z2.s, z5.s
    3c1c:	6584094a 	fmul	z10.s, z10.s, z4.s
    3c20:	65840929 	fmul	z9.s, z9.s, z4.s
    3c24:	65840908 	fmul	z8.s, z8.s, z4.s
    3c28:	6590035a 	fadd	z26.s, z26.s, z16.s
    3c2c:	658b0318 	fadd	z24.s, z24.s, z11.s
    3c30:	658a02b5 	fadd	z21.s, z21.s, z10.s
    3c34:	658902d6 	fadd	z22.s, z22.s, z9.s
    3c38:	65880042 	fadd	z2.s, z2.s, z8.s
    3c3c:	6b0202ff 	cmp	w23, w2
    3c40:	54fff94c 	b.gt	3b68 <conv_sve_rowquad+0x504>
    3c44:	b9409be2 	ldr	w2, [sp, #152]
    3c48:	6b02037f 	cmp	w27, w2
    3c4c:	540089ed 	b.le	4d88 <conv_sve_rowquad+0x1724>
    3c50:	a94a9fe6 	ldp	x6, x7, [sp, #168]
    3c54:	d37ef402 	lsl	x2, x0, #2
    3c58:	f9406fe5 	ldr	x5, [sp, #216]
    3c5c:	b9409be3 	ldr	w3, [sp, #152]
    3c60:	f94063e8 	ldr	x8, [sp, #192]
    3c64:	11000464 	add	w4, w3, #0x1
    3c68:	8b0200a3 	add	x3, x5, x2
    3c6c:	8540c060 	ld1rw	{z0.s}, p0/z, [x3]
    3c70:	8b020023 	add	x3, x1, x2
    3c74:	a540a063 	ld1w	{z3.s}, p0/z, [x3]
    3c78:	8b020383 	add	x3, x28, x2
    3c7c:	65800865 	fmul	z5.s, z3.s, z0.s
    3c80:	8540c064 	ld1rw	{z4.s}, p0/z, [x3]
    3c84:	65840863 	fmul	z3.s, z3.s, z4.s
    3c88:	8b0000c3 	add	x3, x6, x0
    3c8c:	65850339 	fadd	z25.s, z25.s, z5.s
    3c90:	65830318 	fadd	z24.s, z24.s, z3.s
    3c94:	a5434023 	ld1w	{z3.s}, p0/z, [x1, x3, lsl #2]
    3c98:	65800865 	fmul	z5.s, z3.s, z0.s
    3c9c:	65840863 	fmul	z3.s, z3.s, z4.s
    3ca0:	8b0000e3 	add	x3, x7, x0
    3ca4:	6585035a 	fadd	z26.s, z26.s, z5.s
    3ca8:	658302b5 	fadd	z21.s, z21.s, z3.s
    3cac:	a5434023 	ld1w	{z3.s}, p0/z, [x1, x3, lsl #2]
    3cb0:	65800865 	fmul	z5.s, z3.s, z0.s
    3cb4:	65840863 	fmul	z3.s, z3.s, z4.s
    3cb8:	b900a3e4 	str	w4, [sp, #160]
    3cbc:	8b000103 	add	x3, x8, x0
    3cc0:	658302d6 	fadd	z22.s, z22.s, z3.s
    3cc4:	6585037b 	fadd	z27.s, z27.s, z5.s
    3cc8:	a5434023 	ld1w	{z3.s}, p0/z, [x1, x3, lsl #2]
    3ccc:	65800860 	fmul	z0.s, z3.s, z0.s
    3cd0:	65840863 	fmul	z3.s, z3.s, z4.s
    3cd4:	65800021 	fadd	z1.s, z1.s, z0.s
    3cd8:	65830042 	fadd	z2.s, z2.s, z3.s
    3cdc:	6b1b009f 	cmp	w4, w27
    3ce0:	540003ea 	b.ge	3d5c <conv_sve_rowquad+0x6f8>  // b.tcont
    3ce4:	91001042 	add	x2, x2, #0x4
    3ce8:	93407c83 	sxtw	x3, w4
    3cec:	8b0200a4 	add	x4, x5, x2
    3cf0:	8540c080 	ld1rw	{z0.s}, p0/z, [x4]
    3cf4:	8b020024 	add	x4, x1, x2
    3cf8:	8b020382 	add	x2, x28, x2
    3cfc:	a540a083 	ld1w	{z3.s}, p0/z, [x4]
    3d00:	8540c044 	ld1rw	{z4.s}, p0/z, [x2]
    3d04:	65800865 	fmul	z5.s, z3.s, z0.s
    3d08:	65840863 	fmul	z3.s, z3.s, z4.s
    3d0c:	8b0300c2 	add	x2, x6, x3
    3d10:	65850339 	fadd	z25.s, z25.s, z5.s
    3d14:	65830318 	fadd	z24.s, z24.s, z3.s
    3d18:	a5424023 	ld1w	{z3.s}, p0/z, [x1, x2, lsl #2]
    3d1c:	65800865 	fmul	z5.s, z3.s, z0.s
    3d20:	65840863 	fmul	z3.s, z3.s, z4.s
    3d24:	8b0300e2 	add	x2, x7, x3
    3d28:	6585035a 	fadd	z26.s, z26.s, z5.s
    3d2c:	8b030103 	add	x3, x8, x3
    3d30:	a5424025 	ld1w	{z5.s}, p0/z, [x1, x2, lsl #2]
    3d34:	658302b5 	fadd	z21.s, z21.s, z3.s
    3d38:	658008a6 	fmul	z6.s, z5.s, z0.s
    3d3c:	a5434023 	ld1w	{z3.s}, p0/z, [x1, x3, lsl #2]
    3d40:	658408a5 	fmul	z5.s, z5.s, z4.s
    3d44:	65800860 	fmul	z0.s, z3.s, z0.s
    3d48:	6586037b 	fadd	z27.s, z27.s, z6.s
    3d4c:	65840863 	fmul	z3.s, z3.s, z4.s
    3d50:	658502d6 	fadd	z22.s, z22.s, z5.s
    3d54:	65800021 	fadd	z1.s, z1.s, z0.s
    3d58:	65830042 	fadd	z2.s, z2.s, z3.s
    3d5c:	f9405fe1 	ldr	x1, [sp, #184]
    3d60:	f9415be2 	ldr	x2, [sp, #688]
    3d64:	8b020024 	add	x4, x1, x2
    3d68:	710002ff 	cmp	w23, #0x0
    3d6c:	54007ead 	b.le	4d40 <conv_sve_rowquad+0x16dc>
    3d70:	a95827e8 	ldp	x8, x9, [sp, #384]
    3d74:	25b8c000 	mov	z0.s, #0
    3d78:	d2800001 	mov	x1, #0x0                   	// #0
    3d7c:	04603014 	mov	z20.d, z0.d
    3d80:	f9406fe6 	ldr	x6, [sp, #216]
    3d84:	04603013 	mov	z19.d, z0.d
    3d88:	04603017 	mov	z23.d, z0.d
    3d8c:	f940a7e5 	ldr	x5, [sp, #328]
    3d90:	f940cbea 	ldr	x10, [sp, #400]
    3d94:	f940f7e7 	ldr	x7, [sp, #488]
    3d98:	f9410feb 	ldr	x11, [sp, #536]
    3d9c:	f9416bec 	ldr	x12, [sp, #720]
    3da0:	d37ef422 	lsl	x2, x1, #2
    3da4:	a54140a4 	ld1w	{z4.s}, p0/z, [x5, x1, lsl #2]
    3da8:	8b0200e3 	add	x3, x7, x2
    3dac:	a5414086 	ld1w	{z6.s}, p0/z, [x4, x1, lsl #2]
    3db0:	8540c067 	ld1rw	{z7.s}, p0/z, [x3]
    3db4:	0420bcca 	movprfx	z10, z6
    3db8:	0520108a 	ext	z10.b, z10.b, z4.b, #4
    3dbc:	658708c9 	fmul	z9.s, z6.s, z7.s
    3dc0:	8b020183 	add	x3, x12, x2
    3dc4:	8540c070 	ld1rw	{z16.s}, p0/z, [x3]
    3dc8:	6590094b 	fmul	z11.s, z10.s, z16.s
    3dcc:	a5414103 	ld1w	{z3.s}, p0/z, [x8, x1, lsl #2]
    3dd0:	a5414125 	ld1w	{z5.s}, p0/z, [x9, x1, lsl #2]
    3dd4:	65890339 	fadd	z25.s, z25.s, z9.s
    3dd8:	65870889 	fmul	z9.s, z4.s, z7.s
    3ddc:	658b0339 	fadd	z25.s, z25.s, z11.s
    3de0:	6587086b 	fmul	z11.s, z3.s, z7.s
    3de4:	658708a7 	fmul	z7.s, z5.s, z7.s
    3de8:	6589035a 	fadd	z26.s, z26.s, z9.s
    3dec:	658b037b 	fadd	z27.s, z27.s, z11.s
    3df0:	0420bc89 	movprfx	z9, z4
    3df4:	05201069 	ext	z9.b, z9.b, z3.b, #4
    3df8:	0420bc6b 	movprfx	z11, z3
    3dfc:	052010ab 	ext	z11.b, z11.b, z5.b, #4
    3e00:	65900931 	fmul	z17.s, z9.s, z16.s
    3e04:	65870021 	fadd	z1.s, z1.s, z7.s
    3e08:	65900967 	fmul	z7.s, z11.s, z16.s
    3e0c:	8b0200c3 	add	x3, x6, x2
    3e10:	6591035a 	fadd	z26.s, z26.s, z17.s
    3e14:	6587037b 	fadd	z27.s, z27.s, z7.s
    3e18:	8540c067 	ld1rw	{z7.s}, p0/z, [x3]
    3e1c:	658708d1 	fmul	z17.s, z6.s, z7.s
    3e20:	a5414148 	ld1w	{z8.s}, p0/z, [x10, x1, lsl #2]
    3e24:	65910318 	fadd	z24.s, z24.s, z17.s
    3e28:	65900910 	fmul	z16.s, z8.s, z16.s
    3e2c:	65870891 	fmul	z17.s, z4.s, z7.s
    3e30:	8b020163 	add	x3, x11, x2
    3e34:	659102b5 	fadd	z21.s, z21.s, z17.s
    3e38:	65900021 	fadd	z1.s, z1.s, z16.s
    3e3c:	65870871 	fmul	z17.s, z3.s, z7.s
    3e40:	8540c070 	ld1rw	{z16.s}, p0/z, [x3]
    3e44:	65900952 	fmul	z18.s, z10.s, z16.s
    3e48:	658708a7 	fmul	z7.s, z5.s, z7.s
    3e4c:	659102d6 	fadd	z22.s, z22.s, z17.s
    3e50:	65920318 	fadd	z24.s, z24.s, z18.s
    3e54:	65900971 	fmul	z17.s, z11.s, z16.s
    3e58:	65900932 	fmul	z18.s, z9.s, z16.s
    3e5c:	91000821 	add	x1, x1, #0x2
    3e60:	65900910 	fmul	z16.s, z8.s, z16.s
    3e64:	8b020383 	add	x3, x28, x2
    3e68:	65870042 	fadd	z2.s, z2.s, z7.s
    3e6c:	8b0203c2 	add	x2, x30, x2
    3e70:	65900042 	fadd	z2.s, z2.s, z16.s
    3e74:	8540c047 	ld1rw	{z7.s}, p0/z, [x2]
    3e78:	8540c070 	ld1rw	{z16.s}, p0/z, [x3]
    3e7c:	6587094a 	fmul	z10.s, z10.s, z7.s
    3e80:	659008c6 	fmul	z6.s, z6.s, z16.s
    3e84:	65900884 	fmul	z4.s, z4.s, z16.s
    3e88:	658602f7 	fadd	z23.s, z23.s, z6.s
    3e8c:	65840273 	fadd	z19.s, z19.s, z4.s
    3e90:	65900863 	fmul	z3.s, z3.s, z16.s
    3e94:	659008a5 	fmul	z5.s, z5.s, z16.s
    3e98:	65830294 	fadd	z20.s, z20.s, z3.s
    3e9c:	65850000 	fadd	z0.s, z0.s, z5.s
    3ea0:	65870929 	fmul	z9.s, z9.s, z7.s
    3ea4:	6587096b 	fmul	z11.s, z11.s, z7.s
    3ea8:	65870908 	fmul	z8.s, z8.s, z7.s
    3eac:	659202b5 	fadd	z21.s, z21.s, z18.s
    3eb0:	659102d6 	fadd	z22.s, z22.s, z17.s
    3eb4:	658a02f7 	fadd	z23.s, z23.s, z10.s
    3eb8:	65890273 	fadd	z19.s, z19.s, z9.s
    3ebc:	658b0294 	fadd	z20.s, z20.s, z11.s
    3ec0:	65880000 	fadd	z0.s, z0.s, z8.s
    3ec4:	6b0102ff 	cmp	w23, w1
    3ec8:	54fff6cc 	b.gt	3da0 <conv_sve_rowquad+0x73c>
    3ecc:	b9409be1 	ldr	w1, [sp, #152]
    3ed0:	6b1b003f 	cmp	w1, w27
    3ed4:	54000aea 	b.ge	4030 <conv_sve_rowquad+0x9cc>  // b.tcont
    3ed8:	a94aa3e5 	ldp	x5, x8, [sp, #168]
    3edc:	d37ef401 	lsl	x1, x0, #2
    3ee0:	f940f7e6 	ldr	x6, [sp, #488]
    3ee4:	f9406fe7 	ldr	x7, [sp, #216]
    3ee8:	8b0100c2 	add	x2, x6, x1
    3eec:	8540c044 	ld1rw	{z4.s}, p0/z, [x2]
    3ef0:	8b010082 	add	x2, x4, x1
    3ef4:	a540a046 	ld1w	{z6.s}, p0/z, [x2]
    3ef8:	8b0100e2 	add	x2, x7, x1
    3efc:	658408c7 	fmul	z7.s, z6.s, z4.s
    3f00:	f94063e9 	ldr	x9, [sp, #192]
    3f04:	8540c043 	ld1rw	{z3.s}, p0/z, [x2]
    3f08:	8b0000a3 	add	x3, x5, x0
    3f0c:	65870339 	fadd	z25.s, z25.s, z7.s
    3f10:	a5434085 	ld1w	{z5.s}, p0/z, [x4, x3, lsl #2]
    3f14:	658308c7 	fmul	z7.s, z6.s, z3.s
    3f18:	658408a8 	fmul	z8.s, z5.s, z4.s
    3f1c:	8b010382 	add	x2, x28, x1
    3f20:	65870318 	fadd	z24.s, z24.s, z7.s
    3f24:	6588035a 	fadd	z26.s, z26.s, z8.s
    3f28:	8540c047 	ld1rw	{z7.s}, p0/z, [x2]
    3f2c:	658308a8 	fmul	z8.s, z5.s, z3.s
    3f30:	8b000102 	add	x2, x8, x0
    3f34:	658708c6 	fmul	z6.s, z6.s, z7.s
    3f38:	658708a5 	fmul	z5.s, z5.s, z7.s
    3f3c:	658602f7 	fadd	z23.s, z23.s, z6.s
    3f40:	65850273 	fadd	z19.s, z19.s, z5.s
    3f44:	a5424085 	ld1w	{z5.s}, p0/z, [x4, x2, lsl #2]
    3f48:	8b000122 	add	x2, x9, x0
    3f4c:	658308a6 	fmul	z6.s, z5.s, z3.s
    3f50:	658802b5 	fadd	z21.s, z21.s, z8.s
    3f54:	658602d6 	fadd	z22.s, z22.s, z6.s
    3f58:	658408a8 	fmul	z8.s, z5.s, z4.s
    3f5c:	658708a6 	fmul	z6.s, z5.s, z7.s
    3f60:	a5424085 	ld1w	{z5.s}, p0/z, [x4, x2, lsl #2]
    3f64:	b940a3e2 	ldr	w2, [sp, #160]
    3f68:	658408a4 	fmul	z4.s, z5.s, z4.s
    3f6c:	658308a3 	fmul	z3.s, z5.s, z3.s
    3f70:	6588037b 	fadd	z27.s, z27.s, z8.s
    3f74:	658708a5 	fmul	z5.s, z5.s, z7.s
    3f78:	65860294 	fadd	z20.s, z20.s, z6.s
    3f7c:	65840021 	fadd	z1.s, z1.s, z4.s
    3f80:	65830042 	fadd	z2.s, z2.s, z3.s
    3f84:	65850000 	fadd	z0.s, z0.s, z5.s
    3f88:	6b1b005f 	cmp	w2, w27
    3f8c:	5400052a 	b.ge	4030 <conv_sve_rowquad+0x9cc>  // b.tcont
    3f90:	91001021 	add	x1, x1, #0x4
    3f94:	93407c42 	sxtw	x2, w2
    3f98:	8b0100c3 	add	x3, x6, x1
    3f9c:	8540c064 	ld1rw	{z4.s}, p0/z, [x3]
    3fa0:	8b010083 	add	x3, x4, x1
    3fa4:	a540a065 	ld1w	{z5.s}, p0/z, [x3]
    3fa8:	658408a3 	fmul	z3.s, z5.s, z4.s
    3fac:	8b0100e3 	add	x3, x7, x1
    3fb0:	65830339 	fadd	z25.s, z25.s, z3.s
    3fb4:	8b010381 	add	x1, x28, x1
    3fb8:	8540c063 	ld1rw	{z3.s}, p0/z, [x3]
    3fbc:	8540c027 	ld1rw	{z7.s}, p0/z, [x1]
    3fc0:	658308a6 	fmul	z6.s, z5.s, z3.s
    3fc4:	658708a5 	fmul	z5.s, z5.s, z7.s
    3fc8:	8b0200a1 	add	x1, x5, x2
    3fcc:	65860318 	fadd	z24.s, z24.s, z6.s
    3fd0:	658502f7 	fadd	z23.s, z23.s, z5.s
    3fd4:	a5414085 	ld1w	{z5.s}, p0/z, [x4, x1, lsl #2]
    3fd8:	658408a8 	fmul	z8.s, z5.s, z4.s
    3fdc:	658308a6 	fmul	z6.s, z5.s, z3.s
    3fe0:	658708a5 	fmul	z5.s, z5.s, z7.s
    3fe4:	8b020101 	add	x1, x8, x2
    3fe8:	6588035a 	fadd	z26.s, z26.s, z8.s
    3fec:	8b020122 	add	x2, x9, x2
    3ff0:	658602b5 	fadd	z21.s, z21.s, z6.s
    3ff4:	65850273 	fadd	z19.s, z19.s, z5.s
    3ff8:	a5414086 	ld1w	{z6.s}, p0/z, [x4, x1, lsl #2]
    3ffc:	a5424085 	ld1w	{z5.s}, p0/z, [x4, x2, lsl #2]
    4000:	658408c9 	fmul	z9.s, z6.s, z4.s
    4004:	658308c8 	fmul	z8.s, z6.s, z3.s
    4008:	658408a4 	fmul	z4.s, z5.s, z4.s
    400c:	658308a3 	fmul	z3.s, z5.s, z3.s
    4010:	658708c6 	fmul	z6.s, z6.s, z7.s
    4014:	658708a5 	fmul	z5.s, z5.s, z7.s
    4018:	6589037b 	fadd	z27.s, z27.s, z9.s
    401c:	658802d6 	fadd	z22.s, z22.s, z8.s
    4020:	65860294 	fadd	z20.s, z20.s, z6.s
    4024:	65840021 	fadd	z1.s, z1.s, z4.s
    4028:	65830042 	fadd	z2.s, z2.s, z3.s
    402c:	65850000 	fadd	z0.s, z0.s, z5.s
    4030:	f94127e2 	ldr	x2, [sp, #584]
    4034:	25b8c003 	mov	z3.s, #0
    4038:	a91fdbf9 	stp	x25, x22, [sp, #504]
    403c:	04633070 	mov	z16.d, z3.d
    4040:	b940a3f4 	ldr	w20, [sp, #160]
    4044:	04633067 	mov	z7.d, z3.d
    4048:	f9412be3 	ldr	x3, [sp, #592]
    404c:	04633072 	mov	z18.d, z3.d
    4050:	8b000041 	add	x1, x2, x0
    4054:	cb140025 	sub	x5, x1, x20
    4058:	cb140046 	sub	x6, x2, x20
    405c:	8b140070 	add	x16, x3, x20
    4060:	cb140004 	sub	x4, x0, x20
    4064:	f94057e1 	ldr	x1, [sp, #168]
    4068:	d37ef484 	lsl	x4, x4, #2
    406c:	f94087e3 	ldr	x3, [sp, #264]
    4070:	d37ef4c6 	lsl	x6, x6, #2
    4074:	f94063e7 	ldr	x7, [sp, #192]
    4078:	8b140073 	add	x19, x3, x20
    407c:	8b000072 	add	x18, x3, x0
    4080:	8b000023 	add	x3, x1, x0
    4084:	f9405be1 	ldr	x1, [sp, #176]
    4088:	d37ef4a5 	lsl	x5, x5, #2
    408c:	f9407fe8 	ldr	x8, [sp, #248]
    4090:	8b000022 	add	x2, x1, x0
    4094:	8b0000e1 	add	x1, x7, x0
    4098:	d37ef400 	lsl	x0, x0, #2
    409c:	d37ef442 	lsl	x2, x2, #2
    40a0:	f90067e0 	str	x0, [sp, #200]
    40a4:	d37ef421 	lsl	x1, x1, #2
    40a8:	a90e0be1 	stp	x1, x2, [sp, #224]
    40ac:	8b130913 	add	x19, x8, x19, lsl #2
    40b0:	f9405fe0 	ldr	x0, [sp, #184]
    40b4:	8b120912 	add	x18, x8, x18, lsl #2
    40b8:	f94143e1 	ldr	x1, [sp, #640]
    40bc:	8b140b91 	add	x17, x28, x20, lsl #2
    40c0:	8b100b90 	add	x16, x28, x16, lsl #2
    40c4:	cb140bf4 	neg	x20, x20, lsl #2
    40c8:	8b01000e 	add	x14, x0, x1
    40cc:	aa0603f6 	mov	x22, x6
    40d0:	f94163e1 	ldr	x1, [sp, #704]
    40d4:	aa0503f9 	mov	x25, x5
    40d8:	f90107fc 	str	x28, [sp, #520]
    40dc:	aa0403fc 	mov	x28, x4
    40e0:	8b000028 	add	x8, x1, x0
    40e4:	f9010bfe 	str	x30, [sp, #528]
    40e8:	f94147e1 	ldr	x1, [sp, #648]
    40ec:	aa0703fe 	mov	x30, x7
    40f0:	d37ef463 	lsl	x3, x3, #2
    40f4:	52800075 	mov	w21, #0x3                   	// #3
    40f8:	8b01000d 	add	x13, x0, x1
    40fc:	f9007be3 	str	x3, [sp, #240]
    4100:	f9414be1 	ldr	x1, [sp, #656]
    4104:	8b01000c 	add	x12, x0, x1
    4108:	f9414fe1 	ldr	x1, [sp, #664]
    410c:	8b01000b 	add	x11, x0, x1
    4110:	f94153e1 	ldr	x1, [sp, #672]
    4114:	8b01000a 	add	x10, x0, x1
    4118:	f94157e1 	ldr	x1, [sp, #680]
    411c:	8b010009 	add	x9, x0, x1
    4120:	d100110f 	sub	x15, x8, #0x4
    4124:	8b160206 	add	x6, x16, x22
    4128:	8b140205 	add	x5, x16, x20
    412c:	8b160223 	add	x3, x17, x22
    4130:	8b140224 	add	x4, x17, x20
    4134:	710002ff 	cmp	w23, #0x0
    4138:	54000c2d 	b.le	42bc <conv_sve_rowquad+0xc58>
    413c:	d2800082 	mov	x2, #0x4                   	// #4
    4140:	d2800000 	mov	x0, #0x0                   	// #0
    4144:	d503201f 	nop
    4148:	d37ef401 	lsl	x1, x0, #2
    414c:	a54041f1 	ld1w	{z17.s}, p0/z, [x15, x0, lsl #2]
    4150:	8b0100c7 	add	x7, x6, x1
    4154:	8540c0e8 	ld1rw	{z8.s}, p0/z, [x7]
    4158:	65880a2a 	fmul	z10.s, z17.s, z8.s
    415c:	a54041c6 	ld1w	{z6.s}, p0/z, [x14, x0, lsl #2]
    4160:	658a0339 	fadd	z25.s, z25.s, z10.s
    4164:	658808ca 	fmul	z10.s, z6.s, z8.s
    4168:	a54041a5 	ld1w	{z5.s}, p0/z, [x13, x0, lsl #2]
    416c:	658a035a 	fadd	z26.s, z26.s, z10.s
    4170:	658808aa 	fmul	z10.s, z5.s, z8.s
    4174:	a540415d 	ld1w	{z29.s}, p0/z, [x10, x0, lsl #2]
    4178:	a5404164 	ld1w	{z4.s}, p0/z, [x11, x0, lsl #2]
    417c:	8b0200c7 	add	x7, x6, x2
    4180:	65880888 	fmul	z8.s, z4.s, z8.s
    4184:	8540c0e9 	ld1rw	{z9.s}, p0/z, [x7]
    4188:	658a037b 	fadd	z27.s, z27.s, z10.s
    418c:	65890baa 	fmul	z10.s, z29.s, z9.s
    4190:	8b0100a7 	add	x7, x5, x1
    4194:	65880021 	fadd	z1.s, z1.s, z8.s
    4198:	658a037b 	fadd	z27.s, z27.s, z10.s
    419c:	8540c0e8 	ld1rw	{z8.s}, p0/z, [x7]
    41a0:	65880a2a 	fmul	z10.s, z17.s, z8.s
    41a4:	a540411f 	ld1w	{z31.s}, p0/z, [x8, x0, lsl #2]
    41a8:	658a0318 	fadd	z24.s, z24.s, z10.s
    41ac:	65890beb 	fmul	z11.s, z31.s, z9.s
    41b0:	658808ca 	fmul	z10.s, z6.s, z8.s
    41b4:	a540419e 	ld1w	{z30.s}, p0/z, [x12, x0, lsl #2]
    41b8:	a540413c 	ld1w	{z28.s}, p0/z, [x9, x0, lsl #2]
    41bc:	658a02b5 	fadd	z21.s, z21.s, z10.s
    41c0:	658b0339 	fadd	z25.s, z25.s, z11.s
    41c4:	658808aa 	fmul	z10.s, z5.s, z8.s
    41c8:	65890bcb 	fmul	z11.s, z30.s, z9.s
    41cc:	65890b89 	fmul	z9.s, z28.s, z9.s
    41d0:	8b0200a7 	add	x7, x5, x2
    41d4:	65880888 	fmul	z8.s, z4.s, z8.s
    41d8:	658a02d6 	fadd	z22.s, z22.s, z10.s
    41dc:	65890021 	fadd	z1.s, z1.s, z9.s
    41e0:	8540c0e9 	ld1rw	{z9.s}, p0/z, [x7]
    41e4:	65890baa 	fmul	z10.s, z29.s, z9.s
    41e8:	8b010067 	add	x7, x3, x1
    41ec:	65880042 	fadd	z2.s, z2.s, z8.s
    41f0:	658a02d6 	fadd	z22.s, z22.s, z10.s
    41f4:	8540c0e8 	ld1rw	{z8.s}, p0/z, [x7]
    41f8:	65880a2a 	fmul	z10.s, z17.s, z8.s
    41fc:	658b035a 	fadd	z26.s, z26.s, z11.s
    4200:	658a02f7 	fadd	z23.s, z23.s, z10.s
    4204:	65890beb 	fmul	z11.s, z31.s, z9.s
    4208:	658808ca 	fmul	z10.s, z6.s, z8.s
    420c:	658b0318 	fadd	z24.s, z24.s, z11.s
    4210:	658a0273 	fadd	z19.s, z19.s, z10.s
    4214:	65890bcb 	fmul	z11.s, z30.s, z9.s
    4218:	658808aa 	fmul	z10.s, z5.s, z8.s
    421c:	65890b89 	fmul	z9.s, z28.s, z9.s
    4220:	65880888 	fmul	z8.s, z4.s, z8.s
    4224:	8b010081 	add	x1, x4, x1
    4228:	8b020067 	add	x7, x3, x2
    422c:	65880000 	fadd	z0.s, z0.s, z8.s
    4230:	658b02b5 	fadd	z21.s, z21.s, z11.s
    4234:	8540c028 	ld1rw	{z8.s}, p0/z, [x1]
    4238:	65890042 	fadd	z2.s, z2.s, z9.s
    423c:	658808c6 	fmul	z6.s, z6.s, z8.s
    4240:	8540c0e9 	ld1rw	{z9.s}, p0/z, [x7]
    4244:	65880884 	fmul	z4.s, z4.s, z8.s
    4248:	65890beb 	fmul	z11.s, z31.s, z9.s
    424c:	91000800 	add	x0, x0, #0x2
    4250:	8b020081 	add	x1, x4, x2
    4254:	658a0294 	fadd	z20.s, z20.s, z10.s
    4258:	658600e7 	fadd	z7.s, z7.s, z6.s
    425c:	65890baa 	fmul	z10.s, z29.s, z9.s
    4260:	65840063 	fadd	z3.s, z3.s, z4.s
    4264:	658b02f7 	fadd	z23.s, z23.s, z11.s
    4268:	8540c024 	ld1rw	{z4.s}, p0/z, [x1]
    426c:	65890bcb 	fmul	z11.s, z30.s, z9.s
    4270:	65880a31 	fmul	z17.s, z17.s, z8.s
    4274:	65890b89 	fmul	z9.s, z28.s, z9.s
    4278:	65910252 	fadd	z18.s, z18.s, z17.s
    427c:	658808a6 	fmul	z6.s, z5.s, z8.s
    4280:	65840bff 	fmul	z31.s, z31.s, z4.s
    4284:	65860205 	fadd	z5.s, z16.s, z6.s
    4288:	65840bde 	fmul	z30.s, z30.s, z4.s
    428c:	65840bbd 	fmul	z29.s, z29.s, z4.s
    4290:	65840b9c 	fmul	z28.s, z28.s, z4.s
    4294:	91002042 	add	x2, x2, #0x8
    4298:	658b0273 	fadd	z19.s, z19.s, z11.s
    429c:	658a0294 	fadd	z20.s, z20.s, z10.s
    42a0:	65890000 	fadd	z0.s, z0.s, z9.s
    42a4:	659f0252 	fadd	z18.s, z18.s, z31.s
    42a8:	659e00e7 	fadd	z7.s, z7.s, z30.s
    42ac:	659d00b0 	fadd	z16.s, z5.s, z29.s
    42b0:	659c0063 	fadd	z3.s, z3.s, z28.s
    42b4:	6b0002ff 	cmp	w23, w0
    42b8:	54fff48c 	b.gt	4148 <conv_sve_rowquad+0xae4>
    42bc:	b9409be0 	ldr	w0, [sp, #152]
    42c0:	6b1b001f 	cmp	w0, w27
    42c4:	54000b6a 	b.ge	4430 <conv_sve_rowquad+0xdcc>  // b.tcont
    42c8:	a540a248 	ld1w	{z8.s}, p0/z, [x18]
    42cc:	8b190200 	add	x0, x16, x25
    42d0:	8540c009 	ld1rw	{z9.s}, p0/z, [x0]
    42d4:	65890905 	fmul	z5.s, z8.s, z9.s
    42d8:	a94a8be1 	ldp	x1, x2, [sp, #168]
    42dc:	a5414246 	ld1w	{z6.s}, p0/z, [x18, x1, lsl #2]
    42e0:	658908c4 	fmul	z4.s, z6.s, z9.s
    42e4:	65850339 	fadd	z25.s, z25.s, z5.s
    42e8:	6584035a 	fadd	z26.s, z26.s, z4.s
    42ec:	a5424245 	ld1w	{z5.s}, p0/z, [x18, x2, lsl #2]
    42f0:	a55e4244 	ld1w	{z4.s}, p0/z, [x18, x30, lsl #2]
    42f4:	658908aa 	fmul	z10.s, z5.s, z9.s
    42f8:	65890889 	fmul	z9.s, z4.s, z9.s
    42fc:	8b1c0200 	add	x0, x16, x28
    4300:	658a037b 	fadd	z27.s, z27.s, z10.s
    4304:	65890021 	fadd	z1.s, z1.s, z9.s
    4308:	8540c009 	ld1rw	{z9.s}, p0/z, [x0]
    430c:	658908ca 	fmul	z10.s, z6.s, z9.s
    4310:	6589090b 	fmul	z11.s, z8.s, z9.s
    4314:	658a02b5 	fadd	z21.s, z21.s, z10.s
    4318:	658908aa 	fmul	z10.s, z5.s, z9.s
    431c:	65890889 	fmul	z9.s, z4.s, z9.s
    4320:	8b190220 	add	x0, x17, x25
    4324:	658a02d6 	fadd	z22.s, z22.s, z10.s
    4328:	65890042 	fadd	z2.s, z2.s, z9.s
    432c:	8540c009 	ld1rw	{z9.s}, p0/z, [x0]
    4330:	658908ca 	fmul	z10.s, z6.s, z9.s
    4334:	8b1c0220 	add	x0, x17, x28
    4338:	658b0318 	fadd	z24.s, z24.s, z11.s
    433c:	658a0273 	fadd	z19.s, z19.s, z10.s
    4340:	6589090b 	fmul	z11.s, z8.s, z9.s
    4344:	658908aa 	fmul	z10.s, z5.s, z9.s
    4348:	65890889 	fmul	z9.s, z4.s, z9.s
    434c:	65890000 	fadd	z0.s, z0.s, z9.s
    4350:	8540c009 	ld1rw	{z9.s}, p0/z, [x0]
    4354:	b940a3e0 	ldr	w0, [sp, #160]
    4358:	65890908 	fmul	z8.s, z8.s, z9.s
    435c:	658908c6 	fmul	z6.s, z6.s, z9.s
    4360:	658908a5 	fmul	z5.s, z5.s, z9.s
    4364:	65890884 	fmul	z4.s, z4.s, z9.s
    4368:	658b02f7 	fadd	z23.s, z23.s, z11.s
    436c:	658a0294 	fadd	z20.s, z20.s, z10.s
    4370:	65880252 	fadd	z18.s, z18.s, z8.s
    4374:	658600e7 	fadd	z7.s, z7.s, z6.s
    4378:	65850210 	fadd	z16.s, z16.s, z5.s
    437c:	65840063 	fadd	z3.s, z3.s, z4.s
    4380:	6b00037f 	cmp	w27, w0
    4384:	5400056d 	b.le	4430 <conv_sve_rowquad+0xdcc>
    4388:	a540a269 	ld1w	{z9.s}, p0/z, [x19]
    438c:	8b180200 	add	x0, x16, x24
    4390:	8540c005 	ld1rw	{z5.s}, p0/z, [x0]
    4394:	65850926 	fmul	z6.s, z9.s, z5.s
    4398:	65860339 	fadd	z25.s, z25.s, z6.s
    439c:	a5424266 	ld1w	{z6.s}, p0/z, [x19, x2, lsl #2]
    43a0:	658508ca 	fmul	z10.s, z6.s, z5.s
    43a4:	a5414268 	ld1w	{z8.s}, p0/z, [x19, x1, lsl #2]
    43a8:	8b180220 	add	x0, x17, x24
    43ac:	65850904 	fmul	z4.s, z8.s, z5.s
    43b0:	658a037b 	fadd	z27.s, z27.s, z10.s
    43b4:	8540c00a 	ld1rw	{z10.s}, p0/z, [x0]
    43b8:	658a0911 	fmul	z17.s, z8.s, z10.s
    43bc:	658a093c 	fmul	z28.s, z9.s, z10.s
    43c0:	6584035a 	fadd	z26.s, z26.s, z4.s
    43c4:	65910273 	fadd	z19.s, z19.s, z17.s
    43c8:	a55e4264 	ld1w	{z4.s}, p0/z, [x19, x30, lsl #2]
    43cc:	658a08d1 	fmul	z17.s, z6.s, z10.s
    43d0:	65850885 	fmul	z5.s, z4.s, z5.s
    43d4:	658a088a 	fmul	z10.s, z4.s, z10.s
    43d8:	65850021 	fadd	z1.s, z1.s, z5.s
    43dc:	658a0000 	fadd	z0.s, z0.s, z10.s
    43e0:	8540c205 	ld1rw	{z5.s}, p0/z, [x16]
    43e4:	8540c22a 	ld1rw	{z10.s}, p0/z, [x17]
    43e8:	6585092b 	fmul	z11.s, z9.s, z5.s
    43ec:	658a0929 	fmul	z9.s, z9.s, z10.s
    43f0:	658b0318 	fadd	z24.s, z24.s, z11.s
    43f4:	65890252 	fadd	z18.s, z18.s, z9.s
    43f8:	6585090b 	fmul	z11.s, z8.s, z5.s
    43fc:	658508c9 	fmul	z9.s, z6.s, z5.s
    4400:	658a0908 	fmul	z8.s, z8.s, z10.s
    4404:	65850885 	fmul	z5.s, z4.s, z5.s
    4408:	658a08c6 	fmul	z6.s, z6.s, z10.s
    440c:	658a0884 	fmul	z4.s, z4.s, z10.s
    4410:	659c02f7 	fadd	z23.s, z23.s, z28.s
    4414:	65910294 	fadd	z20.s, z20.s, z17.s
    4418:	658b02b5 	fadd	z21.s, z21.s, z11.s
    441c:	658800e7 	fadd	z7.s, z7.s, z8.s
    4420:	658902d6 	fadd	z22.s, z22.s, z9.s
    4424:	65860210 	fadd	z16.s, z16.s, z6.s
    4428:	65850042 	fadd	z2.s, z2.s, z5.s
    442c:	65840063 	fadd	z3.s, z3.s, z4.s
    4430:	b941e3e0 	ldr	w0, [sp, #480]
    4434:	110006b5 	add	w21, w21, #0x1
    4438:	8b180210 	add	x16, x16, x24
    443c:	8b180231 	add	x17, x17, x24
    4440:	8b1a0273 	add	x19, x19, x26
    4444:	8b1a0252 	add	x18, x18, x26
    4448:	8b1a01ce 	add	x14, x14, x26
    444c:	8b1a0108 	add	x8, x8, x26
    4450:	8b1a01ad 	add	x13, x13, x26
    4454:	8b1a018c 	add	x12, x12, x26
    4458:	8b1a016b 	add	x11, x11, x26
    445c:	8b1a014a 	add	x10, x10, x26
    4460:	8b1a0129 	add	x9, x9, x26
    4464:	6b15001f 	cmp	w0, w21
    4468:	54ffe5c1 	b.ne	4120 <conv_sve_rowquad+0xabc>  // b.any
    446c:	f9405fe0 	ldr	x0, [sp, #184]
    4470:	f9413fe1 	ldr	x1, [sp, #632]
    4474:	a95fdbf9 	ldp	x25, x22, [sp, #504]
    4478:	8b010003 	add	x3, x0, x1
    447c:	f94107fc 	ldr	x28, [sp, #520]
    4480:	f9410bfe 	ldr	x30, [sp, #528]
    4484:	710002ff 	cmp	w23, #0x0
    4488:	54000aad 	b.le	45dc <conv_sve_rowquad+0xf78>
    448c:	a9539be5 	ldp	x5, x6, [sp, #312]
    4490:	d2800000 	mov	x0, #0x0                   	// #0
    4494:	f9406be8 	ldr	x8, [sp, #208]
    4498:	f9408fe4 	ldr	x4, [sp, #280]
    449c:	f940abe7 	ldr	x7, [sp, #336]
    44a0:	f940efea 	ldr	x10, [sp, #472]
    44a4:	f940fbe9 	ldr	x9, [sp, #496]
    44a8:	f94113eb 	ldr	x11, [sp, #544]
    44ac:	f9416fec 	ldr	x12, [sp, #728]
    44b0:	d37ef401 	lsl	x1, x0, #2
    44b4:	a54040a4 	ld1w	{z4.s}, p0/z, [x5, x0, lsl #2]
    44b8:	8b010322 	add	x2, x25, x1
    44bc:	a5404068 	ld1w	{z8.s}, p0/z, [x3, x0, lsl #2]
    44c0:	8540c04a 	ld1rw	{z10.s}, p0/z, [x2]
    44c4:	0420bd11 	movprfx	z17, z8
    44c8:	05201091 	ext	z17.b, z17.b, z4.b, #4
    44cc:	8b010142 	add	x2, x10, x1
    44d0:	8540c05d 	ld1rw	{z29.s}, p0/z, [x2]
    44d4:	659d0a3c 	fmul	z28.s, z17.s, z29.s
    44d8:	a54040c5 	ld1w	{z5.s}, p0/z, [x6, x0, lsl #2]
    44dc:	658a090b 	fmul	z11.s, z8.s, z10.s
    44e0:	658b0318 	fadd	z24.s, z24.s, z11.s
    44e4:	659c0318 	fadd	z24.s, z24.s, z28.s
    44e8:	658a08bc 	fmul	z28.s, z5.s, z10.s
    44ec:	a54040e6 	ld1w	{z6.s}, p0/z, [x7, x0, lsl #2]
    44f0:	658a088b 	fmul	z11.s, z4.s, z10.s
    44f4:	659c02d6 	fadd	z22.s, z22.s, z28.s
    44f8:	658a08dc 	fmul	z28.s, z6.s, z10.s
    44fc:	658b02b5 	fadd	z21.s, z21.s, z11.s
    4500:	0420bcaa 	movprfx	z10, z5
    4504:	052010ca 	ext	z10.b, z10.b, z6.b, #4
    4508:	0420bc8b 	movprfx	z11, z4
    450c:	052010ab 	ext	z11.b, z11.b, z5.b, #4
    4510:	659c0042 	fadd	z2.s, z2.s, z28.s
    4514:	659d097e 	fmul	z30.s, z11.s, z29.s
    4518:	659d095c 	fmul	z28.s, z10.s, z29.s
    451c:	8b010102 	add	x2, x8, x1
    4520:	659e02b5 	fadd	z21.s, z21.s, z30.s
    4524:	659c02d6 	fadd	z22.s, z22.s, z28.s
    4528:	8540c05c 	ld1rw	{z28.s}, p0/z, [x2]
    452c:	659c091e 	fmul	z30.s, z8.s, z28.s
    4530:	a5404089 	ld1w	{z9.s}, p0/z, [x4, x0, lsl #2]
    4534:	659e02f7 	fadd	z23.s, z23.s, z30.s
    4538:	659d093d 	fmul	z29.s, z9.s, z29.s
    453c:	659c089e 	fmul	z30.s, z4.s, z28.s
    4540:	8b010162 	add	x2, x11, x1
    4544:	659e0273 	fadd	z19.s, z19.s, z30.s
    4548:	659d0042 	fadd	z2.s, z2.s, z29.s
    454c:	659c08be 	fmul	z30.s, z5.s, z28.s
    4550:	8540c05d 	ld1rw	{z29.s}, p0/z, [x2]
    4554:	659d0a3f 	fmul	z31.s, z17.s, z29.s
    4558:	659c08dc 	fmul	z28.s, z6.s, z28.s
    455c:	659e0294 	fadd	z20.s, z20.s, z30.s
    4560:	659f02f7 	fadd	z23.s, z23.s, z31.s
    4564:	659d095e 	fmul	z30.s, z10.s, z29.s
    4568:	659d097f 	fmul	z31.s, z11.s, z29.s
    456c:	91000800 	add	x0, x0, #0x2
    4570:	659d093d 	fmul	z29.s, z9.s, z29.s
    4574:	8b010122 	add	x2, x9, x1
    4578:	659c0000 	fadd	z0.s, z0.s, z28.s
    457c:	8b010181 	add	x1, x12, x1
    4580:	659d0000 	fadd	z0.s, z0.s, z29.s
    4584:	8540c03c 	ld1rw	{z28.s}, p0/z, [x1]
    4588:	8540c05d 	ld1rw	{z29.s}, p0/z, [x2]
    458c:	659c0a31 	fmul	z17.s, z17.s, z28.s
    4590:	659d0908 	fmul	z8.s, z8.s, z29.s
    4594:	659d0884 	fmul	z4.s, z4.s, z29.s
    4598:	65880252 	fadd	z18.s, z18.s, z8.s
    459c:	658400e7 	fadd	z7.s, z7.s, z4.s
    45a0:	659d08a5 	fmul	z5.s, z5.s, z29.s
    45a4:	659d08c6 	fmul	z6.s, z6.s, z29.s
    45a8:	65850205 	fadd	z5.s, z16.s, z5.s
    45ac:	65860063 	fadd	z3.s, z3.s, z6.s
    45b0:	659c096b 	fmul	z11.s, z11.s, z28.s
    45b4:	659c094a 	fmul	z10.s, z10.s, z28.s
    45b8:	659c0929 	fmul	z9.s, z9.s, z28.s
    45bc:	659f0273 	fadd	z19.s, z19.s, z31.s
    45c0:	659e0294 	fadd	z20.s, z20.s, z30.s
    45c4:	65910252 	fadd	z18.s, z18.s, z17.s
    45c8:	658b00e7 	fadd	z7.s, z7.s, z11.s
    45cc:	658a00b0 	fadd	z16.s, z5.s, z10.s
    45d0:	65890063 	fadd	z3.s, z3.s, z9.s
    45d4:	6b0002ff 	cmp	w23, w0
    45d8:	54fff6cc 	b.gt	44b0 <conv_sve_rowquad+0xe4c>
    45dc:	b9409be0 	ldr	w0, [sp, #152]
    45e0:	6b1b001f 	cmp	w0, w27
    45e4:	54000b6a 	b.ge	4750 <conv_sve_rowquad+0x10ec>  // b.tcont
    45e8:	a94c93e0 	ldp	x0, x4, [sp, #200]
    45ec:	f940fbe5 	ldr	x5, [sp, #496]
    45f0:	8b000322 	add	x2, x25, x0
    45f4:	8540c045 	ld1rw	{z5.s}, p0/z, [x2]
    45f8:	aa0003e2 	mov	x2, x0
    45fc:	8b000060 	add	x0, x3, x0
    4600:	a540a006 	ld1w	{z6.s}, p0/z, [x0]
    4604:	8b020080 	add	x0, x4, x2
    4608:	8540c004 	ld1rw	{z4.s}, p0/z, [x0]
    460c:	8b0200a0 	add	x0, x5, x2
    4610:	8540c009 	ld1rw	{z9.s}, p0/z, [x0]
    4614:	f9407be0 	ldr	x0, [sp, #240]
    4618:	658508c8 	fmul	z8.s, z6.s, z5.s
    461c:	65880318 	fadd	z24.s, z24.s, z8.s
    4620:	658408c8 	fmul	z8.s, z6.s, z4.s
    4624:	658802f7 	fadd	z23.s, z23.s, z8.s
    4628:	8b000060 	add	x0, x3, x0
    462c:	658908c8 	fmul	z8.s, z6.s, z9.s
    4630:	a540a006 	ld1w	{z6.s}, p0/z, [x0]
    4634:	f94077e0 	ldr	x0, [sp, #232]
    4638:	658508ca 	fmul	z10.s, z6.s, z5.s
    463c:	65880252 	fadd	z18.s, z18.s, z8.s
    4640:	658408c8 	fmul	z8.s, z6.s, z4.s
    4644:	658908c6 	fmul	z6.s, z6.s, z9.s
    4648:	8b000060 	add	x0, x3, x0
    464c:	658600e7 	fadd	z7.s, z7.s, z6.s
    4650:	a540a006 	ld1w	{z6.s}, p0/z, [x0]
    4654:	f94073e0 	ldr	x0, [sp, #224]
    4658:	65880273 	fadd	z19.s, z19.s, z8.s
    465c:	658408c8 	fmul	z8.s, z6.s, z4.s
    4660:	658a02b5 	fadd	z21.s, z21.s, z10.s
    4664:	65880294 	fadd	z20.s, z20.s, z8.s
    4668:	8b000060 	add	x0, x3, x0
    466c:	658508ca 	fmul	z10.s, z6.s, z5.s
    4670:	658908c8 	fmul	z8.s, z6.s, z9.s
    4674:	a540a006 	ld1w	{z6.s}, p0/z, [x0]
    4678:	b940a3e0 	ldr	w0, [sp, #160]
    467c:	658508c5 	fmul	z5.s, z6.s, z5.s
    4680:	658408c4 	fmul	z4.s, z6.s, z4.s
    4684:	658a02d6 	fadd	z22.s, z22.s, z10.s
    4688:	658908c6 	fmul	z6.s, z6.s, z9.s
    468c:	65880210 	fadd	z16.s, z16.s, z8.s
    4690:	65850042 	fadd	z2.s, z2.s, z5.s
    4694:	65840000 	fadd	z0.s, z0.s, z4.s
    4698:	65860063 	fadd	z3.s, z3.s, z6.s
    469c:	6b00037f 	cmp	w27, w0
    46a0:	5400058d 	b.le	4750 <conv_sve_rowquad+0x10ec>
    46a4:	93407c01 	sxtw	x1, w0
    46a8:	91001040 	add	x0, x2, #0x4
    46ac:	f94057e2 	ldr	x2, [sp, #168]
    46b0:	8b010042 	add	x2, x2, x1
    46b4:	a5424066 	ld1w	{z6.s}, p0/z, [x3, x2, lsl #2]
    46b8:	8b000322 	add	x2, x25, x0
    46bc:	8540c045 	ld1rw	{z5.s}, p0/z, [x2]
    46c0:	8b000062 	add	x2, x3, x0
    46c4:	658508c4 	fmul	z4.s, z6.s, z5.s
    46c8:	a540a048 	ld1w	{z8.s}, p0/z, [x2]
    46cc:	658402b5 	fadd	z21.s, z21.s, z4.s
    46d0:	8b000082 	add	x2, x4, x0
    46d4:	65850904 	fmul	z4.s, z8.s, z5.s
    46d8:	8b0000a0 	add	x0, x5, x0
    46dc:	65840318 	fadd	z24.s, z24.s, z4.s
    46e0:	8540c009 	ld1rw	{z9.s}, p0/z, [x0]
    46e4:	8540c044 	ld1rw	{z4.s}, p0/z, [x2]
    46e8:	f9405be0 	ldr	x0, [sp, #176]
    46ec:	6584090a 	fmul	z10.s, z8.s, z4.s
    46f0:	65890908 	fmul	z8.s, z8.s, z9.s
    46f4:	65880252 	fadd	z18.s, z18.s, z8.s
    46f8:	f94063e2 	ldr	x2, [sp, #192]
    46fc:	658408c8 	fmul	z8.s, z6.s, z4.s
    4700:	658908c6 	fmul	z6.s, z6.s, z9.s
    4704:	8b010000 	add	x0, x0, x1
    4708:	658a02f7 	fadd	z23.s, z23.s, z10.s
    470c:	65880273 	fadd	z19.s, z19.s, z8.s
    4710:	8b010041 	add	x1, x2, x1
    4714:	a5404068 	ld1w	{z8.s}, p0/z, [x3, x0, lsl #2]
    4718:	658600e7 	fadd	z7.s, z7.s, z6.s
    471c:	6585090b 	fmul	z11.s, z8.s, z5.s
    4720:	a5414066 	ld1w	{z6.s}, p0/z, [x3, x1, lsl #2]
    4724:	6584090a 	fmul	z10.s, z8.s, z4.s
    4728:	658508c5 	fmul	z5.s, z6.s, z5.s
    472c:	658408c4 	fmul	z4.s, z6.s, z4.s
    4730:	65890908 	fmul	z8.s, z8.s, z9.s
    4734:	658908c6 	fmul	z6.s, z6.s, z9.s
    4738:	658b02d6 	fadd	z22.s, z22.s, z11.s
    473c:	658a0294 	fadd	z20.s, z20.s, z10.s
    4740:	65880210 	fadd	z16.s, z16.s, z8.s
    4744:	65850042 	fadd	z2.s, z2.s, z5.s
    4748:	65840000 	fadd	z0.s, z0.s, z4.s
    474c:	65860063 	fadd	z3.s, z3.s, z6.s
    4750:	f9405fe0 	ldr	x0, [sp, #184]
    4754:	f9413be1 	ldr	x1, [sp, #624]
    4758:	8b010000 	add	x0, x0, x1
    475c:	710002ff 	cmp	w23, #0x0
    4760:	540007ed 	b.le	485c <conv_sve_rowquad+0x11f8>
    4764:	a95217e4 	ldp	x4, x5, [sp, #288]
    4768:	d2800001 	mov	x1, #0x0                   	// #0
    476c:	f9406be7 	ldr	x7, [sp, #208]
    4770:	f9409be6 	ldr	x6, [sp, #304]
    4774:	f940afe8 	ldr	x8, [sp, #344]
    4778:	f940efe9 	ldr	x9, [sp, #472]
    477c:	f94113ea 	ldr	x10, [sp, #544]
    4780:	d37ef422 	lsl	x2, x1, #2
    4784:	a5414084 	ld1w	{z4.s}, p0/z, [x4, x1, lsl #2]
    4788:	8b020323 	add	x3, x25, x2
    478c:	a5414009 	ld1w	{z9.s}, p0/z, [x0, x1, lsl #2]
    4790:	8540c066 	ld1rw	{z6.s}, p0/z, [x3]
    4794:	0420bd3c 	movprfx	z28, z9
    4798:	0520109c 	ext	z28.b, z28.b, z4.b, #4
    479c:	6586092b 	fmul	z11.s, z9.s, z6.s
    47a0:	8b020123 	add	x3, x9, x2
    47a4:	8540c071 	ld1rw	{z17.s}, p0/z, [x3]
    47a8:	65910b9d 	fmul	z29.s, z28.s, z17.s
    47ac:	a54140a5 	ld1w	{z5.s}, p0/z, [x5, x1, lsl #2]
    47b0:	a5414108 	ld1w	{z8.s}, p0/z, [x8, x1, lsl #2]
    47b4:	658b02f7 	fadd	z23.s, z23.s, z11.s
    47b8:	6586088b 	fmul	z11.s, z4.s, z6.s
    47bc:	659d02f7 	fadd	z23.s, z23.s, z29.s
    47c0:	658608bd 	fmul	z29.s, z5.s, z6.s
    47c4:	65860906 	fmul	z6.s, z8.s, z6.s
    47c8:	a54140ca 	ld1w	{z10.s}, p0/z, [x6, x1, lsl #2]
    47cc:	658b0273 	fadd	z19.s, z19.s, z11.s
    47d0:	659d0294 	fadd	z20.s, z20.s, z29.s
    47d4:	0420bc8b 	movprfx	z11, z4
    47d8:	052010ab 	ext	z11.b, z11.b, z5.b, #4
    47dc:	0420bcbd 	movprfx	z29, z5
    47e0:	0520111d 	ext	z29.b, z29.b, z8.b, #4
    47e4:	6591097e 	fmul	z30.s, z11.s, z17.s
    47e8:	65860000 	fadd	z0.s, z0.s, z6.s
    47ec:	91000821 	add	x1, x1, #0x2
    47f0:	65910ba6 	fmul	z6.s, z29.s, z17.s
    47f4:	65910951 	fmul	z17.s, z10.s, z17.s
    47f8:	8b0200e3 	add	x3, x7, x2
    47fc:	65860294 	fadd	z20.s, z20.s, z6.s
    4800:	8b020142 	add	x2, x10, x2
    4804:	65910000 	fadd	z0.s, z0.s, z17.s
    4808:	8540c046 	ld1rw	{z6.s}, p0/z, [x2]
    480c:	8540c071 	ld1rw	{z17.s}, p0/z, [x3]
    4810:	65860b9c 	fmul	z28.s, z28.s, z6.s
    4814:	65910929 	fmul	z9.s, z9.s, z17.s
    4818:	65910884 	fmul	z4.s, z4.s, z17.s
    481c:	65890252 	fadd	z18.s, z18.s, z9.s
    4820:	658400e7 	fadd	z7.s, z7.s, z4.s
    4824:	659108a5 	fmul	z5.s, z5.s, z17.s
    4828:	65910908 	fmul	z8.s, z8.s, z17.s
    482c:	65850205 	fadd	z5.s, z16.s, z5.s
    4830:	65880063 	fadd	z3.s, z3.s, z8.s
    4834:	6586096b 	fmul	z11.s, z11.s, z6.s
    4838:	65860bbd 	fmul	z29.s, z29.s, z6.s
    483c:	6586094a 	fmul	z10.s, z10.s, z6.s
    4840:	659e0273 	fadd	z19.s, z19.s, z30.s
    4844:	659c0252 	fadd	z18.s, z18.s, z28.s
    4848:	658b00e7 	fadd	z7.s, z7.s, z11.s
    484c:	659d00b0 	fadd	z16.s, z5.s, z29.s
    4850:	658a0063 	fadd	z3.s, z3.s, z10.s
    4854:	6b0102ff 	cmp	w23, w1
    4858:	54fff94c 	b.gt	4780 <conv_sve_rowquad+0x111c>
    485c:	b9409be1 	ldr	w1, [sp, #152]
    4860:	6b1b003f 	cmp	w1, w27
    4864:	5400262a 	b.ge	4d28 <conv_sve_rowquad+0x16c4>  // b.tcont
    4868:	a94c97e3 	ldp	x3, x5, [sp, #200]
    486c:	8b030001 	add	x1, x0, x3
    4870:	a540a025 	ld1w	{z5.s}, p0/z, [x1]
    4874:	8b0300a1 	add	x1, x5, x3
    4878:	8540c026 	ld1rw	{z6.s}, p0/z, [x1]
    487c:	f9407be1 	ldr	x1, [sp, #240]
    4880:	8b030322 	add	x2, x25, x3
    4884:	8540c044 	ld1rw	{z4.s}, p0/z, [x2]
    4888:	658408a8 	fmul	z8.s, z5.s, z4.s
    488c:	658608a5 	fmul	z5.s, z5.s, z6.s
    4890:	8b010001 	add	x1, x0, x1
    4894:	65850252 	fadd	z18.s, z18.s, z5.s
    4898:	a540a025 	ld1w	{z5.s}, p0/z, [x1]
    489c:	f94077e1 	ldr	x1, [sp, #232]
    48a0:	658802f7 	fadd	z23.s, z23.s, z8.s
    48a4:	658408a8 	fmul	z8.s, z5.s, z4.s
    48a8:	658608a5 	fmul	z5.s, z5.s, z6.s
    48ac:	658500e7 	fadd	z7.s, z7.s, z5.s
    48b0:	8b010001 	add	x1, x0, x1
    48b4:	a540a025 	ld1w	{z5.s}, p0/z, [x1]
    48b8:	f94073e1 	ldr	x1, [sp, #224]
    48bc:	65880273 	fadd	z19.s, z19.s, z8.s
    48c0:	658408a8 	fmul	z8.s, z5.s, z4.s
    48c4:	658608a5 	fmul	z5.s, z5.s, z6.s
    48c8:	65850210 	fadd	z16.s, z16.s, z5.s
    48cc:	65880294 	fadd	z20.s, z20.s, z8.s
    48d0:	8b010001 	add	x1, x0, x1
    48d4:	a540a025 	ld1w	{z5.s}, p0/z, [x1]
    48d8:	b940a3e1 	ldr	w1, [sp, #160]
    48dc:	658408a4 	fmul	z4.s, z5.s, z4.s
    48e0:	658608a5 	fmul	z5.s, z5.s, z6.s
    48e4:	65840000 	fadd	z0.s, z0.s, z4.s
    48e8:	65850063 	fadd	z3.s, z3.s, z5.s
    48ec:	6b01037f 	cmp	w27, w1
    48f0:	5400044d 	b.le	4978 <conv_sve_rowquad+0x1314>
    48f4:	f94057e4 	ldr	x4, [sp, #168]
    48f8:	93407c21 	sxtw	x1, w1
    48fc:	91001063 	add	x3, x3, #0x4
    4900:	8b010084 	add	x4, x4, x1
    4904:	a5444005 	ld1w	{z5.s}, p0/z, [x0, x4, lsl #2]
    4908:	8b030324 	add	x4, x25, x3
    490c:	8540c084 	ld1rw	{z4.s}, p0/z, [x4]
    4910:	8b030004 	add	x4, x0, x3
    4914:	658408a6 	fmul	z6.s, z5.s, z4.s
    4918:	8b0300a3 	add	x3, x5, x3
    491c:	a540a088 	ld1w	{z8.s}, p0/z, [x4]
    4920:	65860273 	fadd	z19.s, z19.s, z6.s
    4924:	8540c066 	ld1rw	{z6.s}, p0/z, [x3]
    4928:	f9405be3 	ldr	x3, [sp, #176]
    492c:	65840909 	fmul	z9.s, z8.s, z4.s
    4930:	658608a5 	fmul	z5.s, z5.s, z6.s
    4934:	65860908 	fmul	z8.s, z8.s, z6.s
    4938:	f94063e4 	ldr	x4, [sp, #192]
    493c:	658902f7 	fadd	z23.s, z23.s, z9.s
    4940:	8b010063 	add	x3, x3, x1
    4944:	65880252 	fadd	z18.s, z18.s, z8.s
    4948:	658500e7 	fadd	z7.s, z7.s, z5.s
    494c:	a5434008 	ld1w	{z8.s}, p0/z, [x0, x3, lsl #2]
    4950:	8b010081 	add	x1, x4, x1
    4954:	65840909 	fmul	z9.s, z8.s, z4.s
    4958:	a5414005 	ld1w	{z5.s}, p0/z, [x0, x1, lsl #2]
    495c:	65860908 	fmul	z8.s, z8.s, z6.s
    4960:	658408a4 	fmul	z4.s, z5.s, z4.s
    4964:	65890294 	fadd	z20.s, z20.s, z9.s
    4968:	658608a5 	fmul	z5.s, z5.s, z6.s
    496c:	65880210 	fadd	z16.s, z16.s, z8.s
    4970:	65840000 	fadd	z0.s, z0.s, z4.s
    4974:	65850063 	fadd	z3.s, z3.s, z5.s
    4978:	f9405fe0 	ldr	x0, [sp, #184]
    497c:	f94137e1 	ldr	x1, [sp, #616]
    4980:	8b010003 	add	x3, x0, x1
    4984:	710002ff 	cmp	w23, #0x0
    4988:	5400056d 	b.le	4a34 <conv_sve_rowquad+0x13d0>
    498c:	a95617e4 	ldp	x4, x5, [sp, #352]
    4990:	d2800000 	mov	x0, #0x0                   	// #0
    4994:	a9571fe6 	ldp	x6, x7, [sp, #368]
    4998:	f940efe8 	ldr	x8, [sp, #472]
    499c:	d503201f 	nop
    49a0:	d37ef401 	lsl	x1, x0, #2
    49a4:	a5404066 	ld1w	{z6.s}, p0/z, [x3, x0, lsl #2]
    49a8:	8b010322 	add	x2, x25, x1
    49ac:	8540c04b 	ld1rw	{z11.s}, p0/z, [x2]
    49b0:	658b08c8 	fmul	z8.s, z6.s, z11.s
    49b4:	a54040e5 	ld1w	{z5.s}, p0/z, [x7, x0, lsl #2]
    49b8:	a54040c4 	ld1w	{z4.s}, p0/z, [x6, x0, lsl #2]
    49bc:	a54040a9 	ld1w	{z9.s}, p0/z, [x5, x0, lsl #2]
    49c0:	a540409c 	ld1w	{z28.s}, p0/z, [x4, x0, lsl #2]
    49c4:	052010a6 	ext	z6.b, z6.b, z5.b, #4
    49c8:	65880252 	fadd	z18.s, z18.s, z8.s
    49cc:	658b0891 	fmul	z17.s, z4.s, z11.s
    49d0:	658b08a8 	fmul	z8.s, z5.s, z11.s
    49d4:	8b010101 	add	x1, x8, x1
    49d8:	05201085 	ext	z5.b, z5.b, z4.b, #4
    49dc:	8540c02a 	ld1rw	{z10.s}, p0/z, [x1]
    49e0:	05201124 	ext	z4.b, z4.b, z9.b, #4
    49e4:	91000800 	add	x0, x0, #0x2
    49e8:	658a0884 	fmul	z4.s, z4.s, z10.s
    49ec:	658800e7 	fadd	z7.s, z7.s, z8.s
    49f0:	658a08c6 	fmul	z6.s, z6.s, z10.s
    49f4:	658a08a8 	fmul	z8.s, z5.s, z10.s
    49f8:	658b0929 	fmul	z9.s, z9.s, z11.s
    49fc:	65910205 	fadd	z5.s, z16.s, z17.s
    4a00:	65890063 	fadd	z3.s, z3.s, z9.s
    4a04:	658400b0 	fadd	z16.s, z5.s, z4.s
    4a08:	65860252 	fadd	z18.s, z18.s, z6.s
    4a0c:	658a0b84 	fmul	z4.s, z28.s, z10.s
    4a10:	658800e7 	fadd	z7.s, z7.s, z8.s
    4a14:	65840063 	fadd	z3.s, z3.s, z4.s
    4a18:	6b0002ff 	cmp	w23, w0
    4a1c:	54fffc2c 	b.gt	49a0 <conv_sve_rowquad+0x133c>
    4a20:	f94067e0 	ldr	x0, [sp, #200]
    4a24:	8b000322 	add	x2, x25, x0
    4a28:	b9409be0 	ldr	w0, [sp, #152]
    4a2c:	6b1b001f 	cmp	w0, w27
    4a30:	5400060a 	b.ge	4af0 <conv_sve_rowquad+0x148c>  // b.tcont
    4a34:	f9407be0 	ldr	x0, [sp, #240]
    4a38:	8540c044 	ld1rw	{z4.s}, p0/z, [x2]
    4a3c:	8b000064 	add	x4, x3, x0
    4a40:	a540a086 	ld1w	{z6.s}, p0/z, [x4]
    4a44:	f94077e0 	ldr	x0, [sp, #232]
    4a48:	658408c6 	fmul	z6.s, z6.s, z4.s
    4a4c:	658600e7 	fadd	z7.s, z7.s, z6.s
    4a50:	8b000061 	add	x1, x3, x0
    4a54:	a540a025 	ld1w	{z5.s}, p0/z, [x1]
    4a58:	f94073e0 	ldr	x0, [sp, #224]
    4a5c:	658408a5 	fmul	z5.s, z5.s, z4.s
    4a60:	65850210 	fadd	z16.s, z16.s, z5.s
    4a64:	f94067e1 	ldr	x1, [sp, #200]
    4a68:	8b000060 	add	x0, x3, x0
    4a6c:	a540a006 	ld1w	{z6.s}, p0/z, [x0]
    4a70:	658408c6 	fmul	z6.s, z6.s, z4.s
    4a74:	65860063 	fadd	z3.s, z3.s, z6.s
    4a78:	8b010060 	add	x0, x3, x1
    4a7c:	a540a005 	ld1w	{z5.s}, p0/z, [x0]
    4a80:	b940a3e0 	ldr	w0, [sp, #160]
    4a84:	658408a4 	fmul	z4.s, z5.s, z4.s
    4a88:	65840252 	fadd	z18.s, z18.s, z4.s
    4a8c:	6b00037f 	cmp	w27, w0
    4a90:	5400030d 	b.le	4af0 <conv_sve_rowquad+0x148c>
    4a94:	91001021 	add	x1, x1, #0x4
    4a98:	93407c00 	sxtw	x0, w0
    4a9c:	8b010322 	add	x2, x25, x1
    4aa0:	8b010061 	add	x1, x3, x1
    4aa4:	a540a026 	ld1w	{z6.s}, p0/z, [x1]
    4aa8:	f94057e1 	ldr	x1, [sp, #168]
    4aac:	8540c044 	ld1rw	{z4.s}, p0/z, [x2]
    4ab0:	658408c6 	fmul	z6.s, z6.s, z4.s
    4ab4:	f94063e2 	ldr	x2, [sp, #192]
    4ab8:	65860252 	fadd	z18.s, z18.s, z6.s
    4abc:	8b000021 	add	x1, x1, x0
    4ac0:	a5414065 	ld1w	{z5.s}, p0/z, [x3, x1, lsl #2]
    4ac4:	f9405be1 	ldr	x1, [sp, #176]
    4ac8:	658408a5 	fmul	z5.s, z5.s, z4.s
    4acc:	658500e7 	fadd	z7.s, z7.s, z5.s
    4ad0:	8b000021 	add	x1, x1, x0
    4ad4:	8b000040 	add	x0, x2, x0
    4ad8:	a5414066 	ld1w	{z6.s}, p0/z, [x3, x1, lsl #2]
    4adc:	a5404065 	ld1w	{z5.s}, p0/z, [x3, x0, lsl #2]
    4ae0:	658408c6 	fmul	z6.s, z6.s, z4.s
    4ae4:	658408a4 	fmul	z4.s, z5.s, z4.s
    4ae8:	65860210 	fadd	z16.s, z16.s, z6.s
    4aec:	65840063 	fadd	z3.s, z3.s, z4.s
    4af0:	9108a3e0 	add	x0, sp, #0x228
    4af4:	b941e7e9 	ldr	w9, [sp, #484]
    4af8:	f9405fe2 	ldr	x2, [sp, #184]
    4afc:	0430e3e9 	incb	x9
    4b00:	a9401408 	ldp	x8, x5, [x0]
    4b04:	b901e7e9 	str	w9, [sp, #484]
    4b08:	a9411c06 	ldp	x6, x7, [x0, #16]
    4b0c:	f94083e3 	ldr	x3, [sp, #256]
    4b10:	8b0200a1 	add	x1, x5, x2
    4b14:	e540e039 	st1w	{z25.s}, p0, [x1]
    4b18:	f940ebe4 	ldr	x4, [sp, #464]
    4b1c:	8b0200c0 	add	x0, x6, x2
    4b20:	e540e018 	st1w	{z24.s}, p0, [x0]
    4b24:	8b0200e1 	add	x1, x7, x2
    4b28:	8b020100 	add	x0, x8, x2
    4b2c:	e540e037 	st1w	{z23.s}, p0, [x1]
    4b30:	8b0300a1 	add	x1, x5, x3
    4b34:	e540e012 	st1w	{z18.s}, p0, [x0]
    4b38:	8b0300c0 	add	x0, x6, x3
    4b3c:	e540e03a 	st1w	{z26.s}, p0, [x1]
    4b40:	8b0300e1 	add	x1, x7, x3
    4b44:	e540e015 	st1w	{z21.s}, p0, [x0]
    4b48:	8b030100 	add	x0, x8, x3
    4b4c:	e540e033 	st1w	{z19.s}, p0, [x1]
    4b50:	8b0400a1 	add	x1, x5, x4
    4b54:	e540e007 	st1w	{z7.s}, p0, [x0]
    4b58:	8b0400c0 	add	x0, x6, x4
    4b5c:	e540e03b 	st1w	{z27.s}, p0, [x1]
    4b60:	8b0400e1 	add	x1, x7, x4
    4b64:	e540e016 	st1w	{z22.s}, p0, [x0]
    4b68:	8b040100 	add	x0, x8, x4
    4b6c:	e540e034 	st1w	{z20.s}, p0, [x1]
    4b70:	f9408be1 	ldr	x1, [sp, #272]
    4b74:	e540e010 	st1w	{z16.s}, p0, [x0]
    4b78:	b9425be0 	ldr	w0, [sp, #600]
    4b7c:	4b090013 	sub	w19, w0, w9
    4b80:	8b0100a0 	add	x0, x5, x1
    4b84:	e540e001 	st1w	{z1.s}, p0, [x0]
    4b88:	8b0100c0 	add	x0, x6, x1
    4b8c:	e540e002 	st1w	{z2.s}, p0, [x0]
    4b90:	8b0100e0 	add	x0, x7, x1
    4b94:	e540e000 	st1w	{z0.s}, p0, [x0]
    4b98:	8b010100 	add	x0, x8, x1
    4b9c:	e540e003 	st1w	{z3.s}, p0, [x0]
    4ba0:	f940bfe0 	ldr	x0, [sp, #376]
    4ba4:	8b160000 	add	x0, x0, x22
    4ba8:	f900bfe0 	str	x0, [sp, #376]
    4bac:	f940bbe0 	ldr	x0, [sp, #368]
    4bb0:	8b160000 	add	x0, x0, x22
    4bb4:	f900bbe0 	str	x0, [sp, #368]
    4bb8:	f940b7e0 	ldr	x0, [sp, #360]
    4bbc:	8b160000 	add	x0, x0, x22
    4bc0:	f900b7e0 	str	x0, [sp, #360]
    4bc4:	f940b3e0 	ldr	x0, [sp, #352]
    4bc8:	f94133e5 	ldr	x5, [sp, #608]
    4bcc:	8b160000 	add	x0, x0, x22
    4bd0:	f900b3e0 	str	x0, [sp, #352]
    4bd4:	f94093e0 	ldr	x0, [sp, #288]
    4bd8:	8b160000 	add	x0, x0, x22
    4bdc:	f90093e0 	str	x0, [sp, #288]
    4be0:	f94097e0 	ldr	x0, [sp, #296]
    4be4:	8b160000 	add	x0, x0, x22
    4be8:	f90097e0 	str	x0, [sp, #296]
    4bec:	f940afe0 	ldr	x0, [sp, #344]
    4bf0:	8b160000 	add	x0, x0, x22
    4bf4:	f900afe0 	str	x0, [sp, #344]
    4bf8:	f9409be0 	ldr	x0, [sp, #304]
    4bfc:	8b160000 	add	x0, x0, x22
    4c00:	f9009be0 	str	x0, [sp, #304]
    4c04:	f9409fe0 	ldr	x0, [sp, #312]
    4c08:	8b160000 	add	x0, x0, x22
    4c0c:	f9009fe0 	str	x0, [sp, #312]
    4c10:	f940a3e0 	ldr	x0, [sp, #320]
    4c14:	8b160000 	add	x0, x0, x22
    4c18:	f900a3e0 	str	x0, [sp, #320]
    4c1c:	f940abe0 	ldr	x0, [sp, #336]
    4c20:	8b160000 	add	x0, x0, x22
    4c24:	f900abe0 	str	x0, [sp, #336]
    4c28:	f9408fe0 	ldr	x0, [sp, #280]
    4c2c:	8b160000 	add	x0, x0, x22
    4c30:	f9008fe0 	str	x0, [sp, #280]
    4c34:	f94087e0 	ldr	x0, [sp, #264]
    4c38:	8b050000 	add	x0, x0, x5
    4c3c:	f90087e0 	str	x0, [sp, #264]
    4c40:	f940a7e0 	ldr	x0, [sp, #328]
    4c44:	8b160000 	add	x0, x0, x22
    4c48:	f900a7e0 	str	x0, [sp, #328]
    4c4c:	f940c3e0 	ldr	x0, [sp, #384]
    4c50:	8b160000 	add	x0, x0, x22
    4c54:	f900c3e0 	str	x0, [sp, #384]
    4c58:	f940c7e0 	ldr	x0, [sp, #392]
    4c5c:	8b160000 	add	x0, x0, x22
    4c60:	f900c7e0 	str	x0, [sp, #392]
    4c64:	f940cbe0 	ldr	x0, [sp, #400]
    4c68:	8b160000 	add	x0, x0, x22
    4c6c:	f900cbe0 	str	x0, [sp, #400]
    4c70:	f940cfe0 	ldr	x0, [sp, #408]
    4c74:	8b160000 	add	x0, x0, x22
    4c78:	f900cfe0 	str	x0, [sp, #408]
    4c7c:	f940d3e0 	ldr	x0, [sp, #416]
    4c80:	8b160000 	add	x0, x0, x22
    4c84:	f900d3e0 	str	x0, [sp, #416]
    4c88:	f940d7e0 	ldr	x0, [sp, #424]
    4c8c:	8b160000 	add	x0, x0, x22
    4c90:	f900d7e0 	str	x0, [sp, #424]
    4c94:	f940dbe0 	ldr	x0, [sp, #432]
    4c98:	8b160000 	add	x0, x0, x22
    4c9c:	f900dbe0 	str	x0, [sp, #432]
    4ca0:	f940dfe0 	ldr	x0, [sp, #440]
    4ca4:	8b160000 	add	x0, x0, x22
    4ca8:	f900dfe0 	str	x0, [sp, #440]
    4cac:	f940e3e0 	ldr	x0, [sp, #448]
    4cb0:	8b160000 	add	x0, x0, x22
    4cb4:	f900e3e0 	str	x0, [sp, #448]
    4cb8:	f940e7e0 	ldr	x0, [sp, #456]
    4cbc:	8b160000 	add	x0, x0, x22
    4cc0:	f900e7e0 	str	x0, [sp, #456]
    4cc4:	8b160040 	add	x0, x2, x22
    4cc8:	f9005fe0 	str	x0, [sp, #184]
    4ccc:	8b160060 	add	x0, x3, x22
    4cd0:	f90083e0 	str	x0, [sp, #256]
    4cd4:	8b160080 	add	x0, x4, x22
    4cd8:	f900ebe0 	str	x0, [sp, #464]
    4cdc:	8b160020 	add	x0, x1, x22
    4ce0:	f9008be0 	str	x0, [sp, #272]
    4ce4:	0420e3e0 	cntb	x0
    4ce8:	6b00027f 	cmp	w19, w0
    4cec:	54ff68aa 	b.ge	3a00 <conv_sve_rowquad+0x39c>  // b.tcont
    4cf0:	a9456bf9 	ldp	x25, x26, [sp, #80]
    4cf4:	6d4727e8 	ldp	d8, d9, [sp, #112]
    4cf8:	6d482fea 	ldp	d10, d11, [sp, #128]
    4cfc:	b941e7e1 	ldr	w1, [sp, #484]
    4d00:	b9425be0 	ldr	w0, [sp, #600]
    4d04:	6b01001f 	cmp	w0, w1
    4d08:	5400050c 	b.gt	4da8 <conv_sve_rowquad+0x1744>
    4d0c:	a9417bfd 	ldp	x29, x30, [sp, #16]
    4d10:	a94253f3 	ldp	x19, x20, [sp, #32]
    4d14:	a9435bf5 	ldp	x21, x22, [sp, #48]
    4d18:	a94463f7 	ldp	x23, x24, [sp, #64]
    4d1c:	a94673fb 	ldp	x27, x28, [sp, #96]
    4d20:	910bc3ff 	add	sp, sp, #0x2f0
    4d24:	d65f03c0 	ret
    4d28:	f9405fe0 	ldr	x0, [sp, #184]
    4d2c:	f94137e1 	ldr	x1, [sp, #616]
    4d30:	8b010003 	add	x3, x0, x1
    4d34:	710002ff 	cmp	w23, #0x0
    4d38:	54ffe2ac 	b.gt	498c <conv_sve_rowquad+0x1328>
    4d3c:	17ffff6d 	b	4af0 <conv_sve_rowquad+0x148c>
    4d40:	25b8c000 	mov	z0.s, #0
    4d44:	04603014 	mov	z20.d, z0.d
    4d48:	04603013 	mov	z19.d, z0.d
    4d4c:	04603017 	mov	z23.d, z0.d
    4d50:	17fffc5f 	b	3ecc <conv_sve_rowquad+0x868>
    4d54:	7100037f 	cmp	w27, #0x0
    4d58:	5400096d 	b.le	4e84 <conv_sve_rowquad+0x1820>
    4d5c:	25b8c019 	mov	z25.s, #0
    4d60:	0479333b 	mov	z27.d, z25.d
    4d64:	04793321 	mov	z1.d, z25.d
    4d68:	0479333a 	mov	z26.d, z25.d
    4d6c:	b9009bff 	str	wzr, [sp, #152]
    4d70:	17fffb56 	b	3ac8 <conv_sve_rowquad+0x464>
    4d74:	f9405fe0 	ldr	x0, [sp, #184]
    4d78:	f9415fe1 	ldr	x1, [sp, #696]
    4d7c:	8b010001 	add	x1, x0, x1
    4d80:	f94177e0 	ldr	x0, [sp, #744]
    4d84:	17fffb6f 	b	3b40 <conv_sve_rowquad+0x4dc>
    4d88:	11000441 	add	w1, w2, #0x1
    4d8c:	b900a3e1 	str	w1, [sp, #160]
    4d90:	17fffbf3 	b	3d5c <conv_sve_rowquad+0x6f8>
    4d94:	25b8c002 	mov	z2.s, #0
    4d98:	04623056 	mov	z22.d, z2.d
    4d9c:	04623055 	mov	z21.d, z2.d
    4da0:	04623058 	mov	z24.d, z2.d
    4da4:	17fffba8 	b	3c44 <conv_sve_rowquad+0x5e0>
    4da8:	937e7c35 	sbfiz	x21, x1, #2, #32
    4dac:	93407c34 	sxtw	x20, w1
    4db0:	f94123e1 	ldr	x1, [sp, #576]
    4db4:	b90003f3 	str	w19, [sp]
    4db8:	f9407ff7 	ldr	x23, [sp, #248]
    4dbc:	8b150027 	add	x7, x1, x21
    4dc0:	f9411fe1 	ldr	x1, [sp, #568]
    4dc4:	8b1502e0 	add	x0, x23, x21
    4dc8:	f94173f6 	ldr	x22, [sp, #736]
    4dcc:	8b150026 	add	x6, x1, x21
    4dd0:	f9411be1 	ldr	x1, [sp, #560]
    4dd4:	2a1b03e4 	mov	w4, w27
    4dd8:	b941e3f8 	ldr	w24, [sp, #480]
    4ddc:	aa1c03e2 	mov	x2, x28
    4de0:	8b150025 	add	x5, x1, x21
    4de4:	aa1603e1 	mov	x1, x22
    4de8:	2a1803e3 	mov	w3, w24
    4dec:	97fff626 	bl	2684 <conv_sve_rowtriple>
    4df0:	8b1606c0 	add	x0, x22, x22, lsl #1
    4df4:	aa1603e1 	mov	x1, x22
    4df8:	f94117e2 	ldr	x2, [sp, #552]
    4dfc:	8b140000 	add	x0, x0, x20
    4e00:	2a1303e6 	mov	w6, w19
    4e04:	2a1b03e4 	mov	w4, w27
    4e08:	8b150045 	add	x5, x2, x21
    4e0c:	2a1803e3 	mov	w3, w24
    4e10:	8b000ae0 	add	x0, x23, x0, lsl #2
    4e14:	aa1c03e2 	mov	x2, x28
    4e18:	a9417bfd 	ldp	x29, x30, [sp, #16]
    4e1c:	a94253f3 	ldp	x19, x20, [sp, #32]
    4e20:	a9435bf5 	ldp	x21, x22, [sp, #48]
    4e24:	a94463f7 	ldp	x23, x24, [sp, #64]
    4e28:	a94673fb 	ldp	x27, x28, [sp, #96]
    4e2c:	910bc3ff 	add	sp, sp, #0x2f0
    4e30:	17ffed6d 	b	3e4 <conv_sve_prefix>
    4e34:	b9425bf3 	ldr	w19, [sp, #600]
    4e38:	b90003f3 	str	w19, [sp]
    4e3c:	97fff612 	bl	2684 <conv_sve_rowtriple>
    4e40:	2a1303e6 	mov	w6, w19
    4e44:	2a1b03e4 	mov	w4, w27
    4e48:	aa1c03e2 	mov	x2, x28
    4e4c:	b941e3e3 	ldr	w3, [sp, #480]
    4e50:	a9417bfd 	ldp	x29, x30, [sp, #16]
    4e54:	a94253f3 	ldp	x19, x20, [sp, #32]
    4e58:	a94673fb 	ldp	x27, x28, [sp, #96]
    4e5c:	f94173e1 	ldr	x1, [sp, #736]
    4e60:	f9407fe7 	ldr	x7, [sp, #248]
    4e64:	f94117e5 	ldr	x5, [sp, #552]
    4e68:	8b010420 	add	x0, x1, x1, lsl #1
    4e6c:	910bc3ff 	add	sp, sp, #0x2f0
    4e70:	8b0008e0 	add	x0, x7, x0, lsl #2
    4e74:	17ffed5c 	b	3e4 <conv_sve_prefix>
    4e78:	2a0903f3 	mov	w19, w9
    4e7c:	b901e7ff 	str	wzr, [sp, #484]
    4e80:	17ffff9f 	b	4cfc <conv_sve_rowquad+0x1698>
    4e84:	25b8c002 	mov	z2.s, #0
    4e88:	52800021 	mov	w1, #0x1                   	// #1
    4e8c:	d2800000 	mov	x0, #0x0                   	// #0
    4e90:	04623056 	mov	z22.d, z2.d
    4e94:	04623055 	mov	z21.d, z2.d
    4e98:	04623059 	mov	z25.d, z2.d
    4e9c:	0462305b 	mov	z27.d, z2.d
    4ea0:	04623041 	mov	z1.d, z2.d
    4ea4:	04623058 	mov	z24.d, z2.d
    4ea8:	0462305a 	mov	z26.d, z2.d
    4eac:	b9009bff 	str	wzr, [sp, #152]
    4eb0:	b900a3e1 	str	w1, [sp, #160]
    4eb4:	17fffbaa 	b	3d5c <conv_sve_rowquad+0x6f8>
    4eb8:	d503201f 	nop
    4ebc:	d503201f 	nop

0000000000004ec0 <conv2d._omp_fn.1>:
    4ec0:	d10283ff 	sub	sp, sp, #0xa0
    4ec4:	a9017bfd 	stp	x29, x30, [sp, #16]
    4ec8:	910043fd 	add	x29, sp, #0x10
    4ecc:	a90463f7 	stp	x23, x24, [sp, #64]
    4ed0:	aa0003f8 	mov	x24, x0
    4ed4:	a90253f3 	stp	x19, x20, [sp, #32]
    4ed8:	a9035bf5 	stp	x21, x22, [sp, #48]
    4edc:	94000000 	bl	0 <omp_get_num_threads>
    4ee0:	2a0003f4 	mov	w20, w0
    4ee4:	94000000 	bl	0 <omp_get_thread_num>
    4ee8:	2a0003f3 	mov	w19, w0
    4eec:	b9403300 	ldr	w0, [x24, #48]
    4ef0:	1ad40c16 	sdiv	w22, w0, w20
    4ef4:	1b1482c1 	msub	w1, w22, w20, w0
    4ef8:	6b01027f 	cmp	w19, w1
    4efc:	54000c6b 	b.lt	5088 <conv2d._omp_fn.1+0x1c8>  // b.tstop
    4f00:	1b1306d3 	madd	w19, w22, w19, w1
    4f04:	0b1302c0 	add	w0, w22, w19
    4f08:	b9007fe0 	str	w0, [sp, #124]
    4f0c:	6b00027f 	cmp	w19, w0
    4f10:	5400080a 	b.ge	5010 <conv2d._omp_fn.1+0x150>  // b.tcont
    4f14:	29455f15 	ldp	w21, w23, [x24, #40]
    4f18:	a90673fb 	stp	x27, x28, [sp, #96]
    4f1c:	531e7660 	lsl	w0, w19, #2
    4f20:	a9416f04 	ldp	x4, x27, [x24, #16]
    4f24:	93407c14 	sxtw	x20, w0
    4f28:	93407ee9 	sxtw	x9, w23
    4f2c:	937e7ee1 	sbfiz	x1, x23, #2, #32
    4f30:	a9400f02 	ldp	x2, x3, [x24]
    4f34:	4b0002b5 	sub	w21, w21, w0
    4f38:	9b092689 	madd	x9, x20, x9, x9
    4f3c:	937d7ee0 	sbfiz	x0, x23, #3, #32
    4f40:	9b147f68 	mul	x8, x27, x20
    4f44:	937c7efc 	sbfiz	x28, x23, #4, #32
    4f48:	a9056bf9 	stp	x25, x26, [sp, #80]
    4f4c:	9b140c34 	madd	x20, x1, x20, x3
    4f50:	8b090876 	add	x22, x3, x9, lsl #2
    4f54:	2944671a 	ldp	w26, w25, [x24, #32]
    4f58:	8b080898 	add	x24, x4, x8, lsl #2
    4f5c:	a90907e0 	stp	x0, x1, [sp, #144]
    4f60:	d37cef60 	lsl	x0, x27, #4
    4f64:	f90043e0 	str	x0, [sp, #128]
    4f68:	14000016 	b	4fc0 <conv2d._omp_fn.1+0x100>
    4f6c:	54000740 	b.eq	5054 <conv2d._omp_fn.1+0x194>  // b.none
    4f70:	71000abf 	cmp	w21, #0x2
    4f74:	540005a0 	b.eq	5028 <conv2d._omp_fn.1+0x168>  // b.none
    4f78:	2a1703e6 	mov	w6, w23
    4f7c:	aa1403e5 	mov	x5, x20
    4f80:	2a1903e4 	mov	w4, w25
    4f84:	2a1a03e3 	mov	w3, w26
    4f88:	aa1b03e1 	mov	x1, x27
    4f8c:	aa1803e0 	mov	x0, x24
    4f90:	f90047e2 	str	x2, [sp, #136]
    4f94:	97ffed14 	bl	3e4 <conv_sve_prefix>
    4f98:	f94047e2 	ldr	x2, [sp, #136]
    4f9c:	11000673 	add	w19, w19, #0x1
    4fa0:	f94043e0 	ldr	x0, [sp, #128]
    4fa4:	510012b5 	sub	w21, w21, #0x4
    4fa8:	8b1c0294 	add	x20, x20, x28
    4fac:	8b1c02d6 	add	x22, x22, x28
    4fb0:	8b000318 	add	x24, x24, x0
    4fb4:	b9407fe0 	ldr	w0, [sp, #124]
    4fb8:	6b13001f 	cmp	w0, w19
    4fbc:	54000260 	b.eq	5008 <conv2d._omp_fn.1+0x148>  // b.none
    4fc0:	71000ebf 	cmp	w21, #0x3
    4fc4:	54fffd4d 	b.le	4f6c <conv2d._omp_fn.1+0xac>
    4fc8:	f9404be0 	ldr	x0, [sp, #144]
    4fcc:	b9000bf7 	str	w23, [sp, #8]
    4fd0:	aa1603e6 	mov	x6, x22
    4fd4:	aa1403e5 	mov	x5, x20
    4fd8:	8b140007 	add	x7, x0, x20
    4fdc:	2a1903e4 	mov	w4, w25
    4fe0:	f9404fe0 	ldr	x0, [sp, #152]
    4fe4:	2a1a03e3 	mov	w3, w26
    4fe8:	aa1b03e1 	mov	x1, x27
    4fec:	f90047e2 	str	x2, [sp, #136]
    4ff0:	8b070000 	add	x0, x0, x7
    4ff4:	f90003e0 	str	x0, [sp]
    4ff8:	aa1803e0 	mov	x0, x24
    4ffc:	97fff99a 	bl	3664 <conv_sve_rowquad>
    5000:	f94047e2 	ldr	x2, [sp, #136]
    5004:	17ffffe6 	b	4f9c <conv2d._omp_fn.1+0xdc>
    5008:	a9456bf9 	ldp	x25, x26, [sp, #80]
    500c:	a94673fb 	ldp	x27, x28, [sp, #96]
    5010:	a9417bfd 	ldp	x29, x30, [sp, #16]
    5014:	a94253f3 	ldp	x19, x20, [sp, #32]
    5018:	a9435bf5 	ldp	x21, x22, [sp, #48]
    501c:	a94463f7 	ldp	x23, x24, [sp, #64]
    5020:	910283ff 	add	sp, sp, #0xa0
    5024:	d65f03c0 	ret
    5028:	2a1703e7 	mov	w7, w23
    502c:	aa1603e6 	mov	x6, x22
    5030:	aa1403e5 	mov	x5, x20
    5034:	2a1903e4 	mov	w4, w25
    5038:	2a1a03e3 	mov	w3, w26
    503c:	aa1b03e1 	mov	x1, x27
    5040:	aa1803e0 	mov	x0, x24
    5044:	f90047e2 	str	x2, [sp, #136]
    5048:	97fff39a 	bl	1eb0 <conv_sve_rowpair>
    504c:	f94047e2 	ldr	x2, [sp, #136]
    5050:	17ffffd3 	b	4f9c <conv2d._omp_fn.1+0xdc>
    5054:	f9404be0 	ldr	x0, [sp, #144]
    5058:	b90003f7 	str	w23, [sp]
    505c:	aa1603e6 	mov	x6, x22
    5060:	aa1403e5 	mov	x5, x20
    5064:	8b140007 	add	x7, x0, x20
    5068:	2a1903e4 	mov	w4, w25
    506c:	2a1a03e3 	mov	w3, w26
    5070:	aa1b03e1 	mov	x1, x27
    5074:	aa1803e0 	mov	x0, x24
    5078:	f90047e2 	str	x2, [sp, #136]
    507c:	97fff582 	bl	2684 <conv_sve_rowtriple>
    5080:	f94047e2 	ldr	x2, [sp, #136]
    5084:	17ffffc6 	b	4f9c <conv2d._omp_fn.1+0xdc>
    5088:	110006d6 	add	w22, w22, #0x1
    508c:	52800001 	mov	w1, #0x0                   	// #0
    5090:	17ffff9c 	b	4f00 <conv2d._omp_fn.1+0x40>

0000000000005094 <conv2d>:
    5094:	a9b57bfd 	stp	x29, x30, [sp, #-176]!
    5098:	7100009f 	cmp	w4, #0x0
    509c:	910003fd 	mov	x29, sp
    50a0:	a90153f3 	stp	x19, x20, [sp, #16]
    50a4:	2a0503f4 	mov	w20, w5
    50a8:	7a40ca84 	ccmp	w20, #0x0, #0x4, gt
    50ac:	b90063e5 	str	w5, [sp, #96]
    50b0:	f90037e6 	str	x6, [sp, #104]
    50b4:	5400012d 	b.le	50d8 <conv2d+0x44>
    50b8:	a9025bf5 	stp	x21, x22, [sp, #32]
    50bc:	6b01009f 	cmp	w4, w1
    50c0:	2a0403f3 	mov	w19, w4
    50c4:	2a0103f6 	mov	w22, w1
    50c8:	2a0203f5 	mov	w21, w2
    50cc:	7a42d280 	ccmp	w20, w2, #0x0, le
    50d0:	540000ad 	b.le	50e4 <conv2d+0x50>
    50d4:	a9425bf5 	ldp	x21, x22, [sp, #32]
    50d8:	a94153f3 	ldp	x19, x20, [sp, #16]
    50dc:	a8cb7bfd 	ldp	x29, x30, [sp], #176
    50e0:	d65f03c0 	ret
    50e4:	a90363f7 	stp	x23, x24, [sp, #48]
    50e8:	4b040037 	sub	w23, w1, w4
    50ec:	aa0603f8 	mov	x24, x6
    50f0:	a9046bf9 	stp	x25, x26, [sp, #64]
    50f4:	aa0003fa 	mov	x26, x0
    50f8:	4b140040 	sub	w0, w2, w20
    50fc:	aa0303f9 	mov	x25, x3
    5100:	110006f7 	add	w23, w23, #0x1
    5104:	a90573fb 	stp	x27, x28, [sp, #80]
    5108:	1100041b 	add	w27, w0, #0x1
    510c:	93407c5c 	sxtw	x28, w2
    5110:	d2800200 	mov	x0, #0x10                  	// #16
    5114:	94000000 	bl	0 <getauxval>
    5118:	36b003a0 	tbz	w0, #22, 518c <conv2d+0xf8>
    511c:	7100febf 	cmp	w21, #0x3f
    5120:	7a43ca64 	ccmp	w19, #0x3, #0x4, gt
    5124:	7a43cae4 	ccmp	w23, #0x3, #0x4, gt
    5128:	5400060c 	b.gt	51e8 <conv2d+0x154>
    512c:	9101e3e1 	add	x1, sp, #0x78
    5130:	d2800015 	mov	x21, #0x0                   	// #0
    5134:	f24006ff 	tst	x23, #0x3
    5138:	13027ee4 	asr	w4, w23, #2
    513c:	1a840484 	cinc	w4, w4, ne  // ne = any
    5140:	90000000 	adrp	x0, 0 <conv2d._omp_fn.0>
    5144:	52800003 	mov	w3, #0x0                   	// #0
    5148:	91000000 	add	x0, x0, #0x0
    514c:	52800002 	mov	w2, #0x0                   	// #0
    5150:	a907e3f9 	stp	x25, x24, [sp, #120]
    5154:	a908f3fa 	stp	x26, x28, [sp, #136]
    5158:	291353f3 	stp	w19, w20, [sp, #152]
    515c:	29146ff7 	stp	w23, w27, [sp, #160]
    5160:	b900abe4 	str	w4, [sp, #168]
    5164:	94000000 	bl	0 <GOMP_parallel>
    5168:	b4000375 	cbz	x21, 51d4 <conv2d+0x140>
    516c:	aa1503e0 	mov	x0, x21
    5170:	a94153f3 	ldp	x19, x20, [sp, #16]
    5174:	a9425bf5 	ldp	x21, x22, [sp, #32]
    5178:	a94363f7 	ldp	x23, x24, [sp, #48]
    517c:	a9446bf9 	ldp	x25, x26, [sp, #64]
    5180:	a94573fb 	ldp	x27, x28, [sp, #80]
    5184:	a8cb7bfd 	ldp	x29, x30, [sp], #176
    5188:	14000000 	b	0 <free>
    518c:	9101e3e1 	add	x1, sp, #0x78
    5190:	52800003 	mov	w3, #0x0                   	// #0
    5194:	52800002 	mov	w2, #0x0                   	// #0
    5198:	90000000 	adrp	x0, 0 <conv2d._omp_fn.0>
    519c:	91000000 	add	x0, x0, #0x0
    51a0:	a907e7fa 	stp	x26, x25, [sp, #120]
    51a4:	a908f3f8 	stp	x24, x28, [sp, #136]
    51a8:	291353f3 	stp	w19, w20, [sp, #152]
    51ac:	29146ff7 	stp	w23, w27, [sp, #160]
    51b0:	b900abff 	str	wzr, [sp, #168]
    51b4:	94000000 	bl	0 <GOMP_parallel>
    51b8:	a94153f3 	ldp	x19, x20, [sp, #16]
    51bc:	a9425bf5 	ldp	x21, x22, [sp, #32]
    51c0:	a94363f7 	ldp	x23, x24, [sp, #48]
    51c4:	a9446bf9 	ldp	x25, x26, [sp, #64]
    51c8:	a94573fb 	ldp	x27, x28, [sp, #80]
    51cc:	a8cb7bfd 	ldp	x29, x30, [sp], #176
    51d0:	d65f03c0 	ret
    51d4:	a9425bf5 	ldp	x21, x22, [sp, #32]
    51d8:	a94363f7 	ldp	x23, x24, [sp, #48]
    51dc:	a9446bf9 	ldp	x25, x26, [sp, #64]
    51e0:	a94573fb 	ldp	x27, x28, [sp, #80]
    51e4:	17ffffbd 	b	50d8 <conv2d+0x44>
    51e8:	91003f84 	add	x4, x28, #0xf
    51ec:	927cec84 	and	x4, x4, #0xfffffffffffffff0
    51f0:	b27c0084 	orr	x4, x4, #0x10
    51f4:	eb04039f 	cmp	x28, x4
    51f8:	54fff9a0 	b.eq	512c <conv2d+0x98>  // b.none
    51fc:	93407ec0 	sxtw	x0, w22
    5200:	92f80001 	mov	x1, #0x3fffffffffffffff    	// #4611686018427387903
    5204:	9b047c00 	mul	x0, x0, x4
    5208:	eb01001f 	cmp	x0, x1
    520c:	54fff908 	b.hi	512c <conv2d+0x98>  // b.pmore
    5210:	d37ef400 	lsl	x0, x0, #2
    5214:	d2a40001 	mov	x1, #0x20000000            	// #536870912
    5218:	eb01001f 	cmp	x0, x1
    521c:	54000089 	b.ls	522c <conv2d+0x198>  // b.plast
    5220:	9101e3e1 	add	x1, sp, #0x78
    5224:	d2800015 	mov	x21, #0x0                   	// #0
    5228:	17ffffc3 	b	5134 <conv2d+0xa0>
    522c:	f90033e4 	str	x4, [sp, #96]
    5230:	94000000 	bl	0 <malloc>
    5234:	9101e3e1 	add	x1, sp, #0x78
    5238:	aa0003f5 	mov	x21, x0
    523c:	f94033e4 	ldr	x4, [sp, #96]
    5240:	b4fff7a0 	cbz	x0, 5134 <conv2d+0xa0>
    5244:	d37ef785 	lsl	x5, x28, #2
    5248:	90000000 	adrp	x0, 0 <conv2d._omp_fn.0>
    524c:	52800003 	mov	w3, #0x0                   	// #0
    5250:	91000000 	add	x0, x0, #0x0
    5254:	52800002 	mov	w2, #0x0                   	// #0
    5258:	f90033e1 	str	x1, [sp, #96]
    525c:	a907f3fa 	stp	x26, x28, [sp, #120]
    5260:	aa0403fc 	mov	x28, x4
    5264:	aa1503fa 	mov	x26, x21
    5268:	a90893f5 	stp	x21, x4, [sp, #136]
    526c:	f9004fe5 	str	x5, [sp, #152]
    5270:	b900a3f6 	str	w22, [sp, #160]
    5274:	94000000 	bl	0 <GOMP_parallel>
    5278:	f94033e1 	ldr	x1, [sp, #96]
    527c:	17ffffae 	b	5134 <conv2d+0xa0>
