{"allowed_cpu_count": 38, "allowed_cpus": [76, 77, 78, 79, 80, 81, 82, 83, 84, 85, 86, 87, 88, 89, 90, 91, 92, 93, 94, 95, 96, 97, 98, 99, 100, 101, 102, 103, 104, 105, 106, 107, 108, 109, 110, 111, 112, 113], "guard_pass": true, "host": "COMPUTE_NODE_1", "numa_nodes": ["node2"], "scheduler_job_id": "1579861"}
gcc (gcc for openEuler 3.0.2) 12.3.1
Copyright (C) 2022 Free Software Foundation, Inc.
This is free software; see the source for copying conditions.  There is NO
warranty; not even for MERCHANTABILITY or FITNESS FOR A PARTICULAR PURPOSE.

SOURCE_FEATURES_PASS panel16=1 packedL16=0 has_budget=0 history_budget_bytes=0
MODE=micro THREADS=1 NARROW_VL=0 EXPECT_SVE16=1 EXPECT_PACKEDL16=0
PASS micro_cases=14 ordered_FMA_bitwise=1 prefix_padding_L_unchanged=1 history_unchanged=1
SOURCE_FEATURES_PASS panel16=1 packedL16=0 has_budget=0 history_budget_bytes=0
MODE=full THREADS=1 NARROW_VL=0 EXPECT_SVE16=1 EXPECT_PACKEDL16=0
ALLOC_PASS m=1 n=1 small=1 history_expected=0 history_calls=0 history_bytes=0 history_success=0 history_fail=0 x_calls=1 x_bytes=64 x_success=1 x_fail=0 kb_calls=0 kb_bytes=0 kb_success=0 kb_fail=0 total=1 injected=0 history_level=-1 x_level=1 kb_level=-1 shape_bad=0 x_each_worker_once=1
CASE_PASS m=1 n=1 sve16_entries=0 expected=0 old_entries=0 packed_entries=0 packed_expected=0
ALLOC_PASS m=1 n=7 small=1 history_expected=0 history_calls=0 history_bytes=0 history_success=0 history_fail=0 x_calls=1 x_bytes=64 x_success=1 x_fail=0 kb_calls=0 kb_bytes=0 kb_success=0 kb_fail=0 total=1 injected=0 history_level=-1 x_level=1 kb_level=-1 shape_bad=0 x_each_worker_once=1
CASE_PASS m=1 n=7 sve16_entries=0 expected=0 old_entries=0 packed_entries=0 packed_expected=0
ALLOC_PASS m=1 n=8 small=1 history_expected=0 history_calls=0 history_bytes=0 history_success=0 history_fail=0 x_calls=1 x_bytes=64 x_success=1 x_fail=0 kb_calls=0 kb_bytes=0 kb_success=0 kb_fail=0 total=1 injected=0 history_level=-1 x_level=1 kb_level=-1 shape_bad=0 x_each_worker_once=1
CASE_PASS m=1 n=8 sve16_entries=0 expected=0 old_entries=0 packed_entries=0 packed_expected=0
ALLOC_PASS m=1 n=9 small=1 history_expected=0 history_calls=0 history_bytes=0 history_success=0 history_fail=0 x_calls=1 x_bytes=64 x_success=1 x_fail=0 kb_calls=0 kb_bytes=0 kb_success=0 kb_fail=0 total=1 injected=0 history_level=-1 x_level=1 kb_level=-1 shape_bad=0 x_each_worker_once=1
CASE_PASS m=1 n=9 sve16_entries=0 expected=0 old_entries=0 packed_entries=0 packed_expected=0
ALLOC_PASS m=1 n=17 small=1 history_expected=0 history_calls=0 history_bytes=0 history_success=0 history_fail=0 x_calls=1 x_bytes=64 x_success=1 x_fail=0 kb_calls=0 kb_bytes=0 kb_success=0 kb_fail=0 total=1 injected=0 history_level=-1 x_level=1 kb_level=-1 shape_bad=0 x_each_worker_once=1
CASE_PASS m=1 n=17 sve16_entries=0 expected=0 old_entries=0 packed_entries=0 packed_expected=0
ALLOC_PASS m=3 n=1 small=1 history_expected=0 history_calls=0 history_bytes=0 history_success=0 history_fail=0 x_calls=1 x_bytes=192 x_success=1 x_fail=0 kb_calls=0 kb_bytes=0 kb_success=0 kb_fail=0 total=1 injected=0 history_level=-1 x_level=1 kb_level=-1 shape_bad=0 x_each_worker_once=1
CASE_PASS m=3 n=1 sve16_entries=0 expected=0 old_entries=0 packed_entries=0 packed_expected=0
ALLOC_PASS m=3 n=7 small=1 history_expected=0 history_calls=0 history_bytes=0 history_success=0 history_fail=0 x_calls=1 x_bytes=192 x_success=1 x_fail=0 kb_calls=0 kb_bytes=0 kb_success=0 kb_fail=0 total=1 injected=0 history_level=-1 x_level=1 kb_level=-1 shape_bad=0 x_each_worker_once=1
CASE_PASS m=3 n=7 sve16_entries=0 expected=0 old_entries=0 packed_entries=0 packed_expected=0
ALLOC_PASS m=3 n=8 small=1 history_expected=0 history_calls=0 history_bytes=0 history_success=0 history_fail=0 x_calls=1 x_bytes=192 x_success=1 x_fail=0 kb_calls=0 kb_bytes=0 kb_success=0 kb_fail=0 total=1 injected=0 history_level=-1 x_level=1 kb_level=-1 shape_bad=0 x_each_worker_once=1
CASE_PASS m=3 n=8 sve16_entries=0 expected=0 old_entries=0 packed_entries=0 packed_expected=0
ALLOC_PASS m=3 n=9 small=1 history_expected=0 history_calls=0 history_bytes=0 history_success=0 history_fail=0 x_calls=1 x_bytes=192 x_success=1 x_fail=0 kb_calls=0 kb_bytes=0 kb_success=0 kb_fail=0 total=1 injected=0 history_level=-1 x_level=1 kb_level=-1 shape_bad=0 x_each_worker_once=1
CASE_PASS m=3 n=9 sve16_entries=0 expected=0 old_entries=0 packed_entries=0 packed_expected=0
ALLOC_PASS m=3 n=17 small=1 history_expected=0 history_calls=0 history_bytes=0 history_success=0 history_fail=0 x_calls=1 x_bytes=192 x_success=1 x_fail=0 kb_calls=0 kb_bytes=0 kb_success=0 kb_fail=0 total=1 injected=0 history_level=-1 x_level=1 kb_level=-1 shape_bad=0 x_each_worker_once=1
CASE_PASS m=3 n=17 sve16_entries=0 expected=0 old_entries=0 packed_entries=0 packed_expected=0
ALLOC_PASS m=4 n=1 small=1 history_expected=0 history_calls=0 history_bytes=0 history_success=0 history_fail=0 x_calls=1 x_bytes=256 x_success=1 x_fail=0 kb_calls=0 kb_bytes=0 kb_success=0 kb_fail=0 total=1 injected=0 history_level=-1 x_level=1 kb_level=-1 shape_bad=0 x_each_worker_once=1
CASE_PASS m=4 n=1 sve16_entries=0 expected=0 old_entries=0 packed_entries=0 packed_expected=0
ALLOC_PASS m=4 n=7 small=1 history_expected=0 history_calls=0 history_bytes=0 history_success=0 history_fail=0 x_calls=1 x_bytes=256 x_success=1 x_fail=0 kb_calls=0 kb_bytes=0 kb_success=0 kb_fail=0 total=1 injected=0 history_level=-1 x_level=1 kb_level=-1 shape_bad=0 x_each_worker_once=1
CASE_PASS m=4 n=7 sve16_entries=0 expected=0 old_entries=0 packed_entries=0 packed_expected=0
ALLOC_PASS m=4 n=8 small=1 history_expected=0 history_calls=0 history_bytes=0 history_success=0 history_fail=0 x_calls=1 x_bytes=256 x_success=1 x_fail=0 kb_calls=0 kb_bytes=0 kb_success=0 kb_fail=0 total=1 injected=0 history_level=-1 x_level=1 kb_level=-1 shape_bad=0 x_each_worker_once=1
CASE_PASS m=4 n=8 sve16_entries=0 expected=0 old_entries=0 packed_entries=0 packed_expected=0
ALLOC_PASS m=4 n=9 small=1 history_expected=0 history_calls=0 history_bytes=0 history_success=0 history_fail=0 x_calls=1 x_bytes=256 x_success=1 x_fail=0 kb_calls=0 kb_bytes=0 kb_success=0 kb_fail=0 total=1 injected=0 history_level=-1 x_level=1 kb_level=-1 shape_bad=0 x_each_worker_once=1
CASE_PASS m=4 n=9 sve16_entries=0 expected=0 old_entries=0 packed_entries=0 packed_expected=0
ALLOC_PASS m=4 n=17 small=1 history_expected=0 history_calls=0 history_bytes=0 history_success=0 history_fail=0 x_calls=1 x_bytes=256 x_success=1 x_fail=0 kb_calls=0 kb_bytes=0 kb_success=0 kb_fail=0 total=1 injected=0 history_level=-1 x_level=1 kb_level=-1 shape_bad=0 x_each_worker_once=1
CASE_PASS m=4 n=17 sve16_entries=0 expected=0 old_entries=0 packed_entries=0 packed_expected=0
ALLOC_PASS m=5 n=1 small=1 history_expected=0 history_calls=0 history_bytes=0 history_success=0 history_fail=0 x_calls=1 x_bytes=320 x_success=1 x_fail=0 kb_calls=0 kb_bytes=0 kb_success=0 kb_fail=0 total=1 injected=0 history_level=-1 x_level=1 kb_level=-1 shape_bad=0 x_each_worker_once=1
CASE_PASS m=5 n=1 sve16_entries=0 expected=0 old_entries=0 packed_entries=0 packed_expected=0
ALLOC_PASS m=5 n=7 small=1 history_expected=0 history_calls=0 history_bytes=0 history_success=0 history_fail=0 x_calls=1 x_bytes=320 x_success=1 x_fail=0 kb_calls=0 kb_bytes=0 kb_success=0 kb_fail=0 total=1 injected=0 history_level=-1 x_level=1 kb_level=-1 shape_bad=0 x_each_worker_once=1
CASE_PASS m=5 n=7 sve16_entries=0 expected=0 old_entries=0 packed_entries=0 packed_expected=0
ALLOC_PASS m=5 n=8 small=1 history_expected=0 history_calls=0 history_bytes=0 history_success=0 history_fail=0 x_calls=1 x_bytes=320 x_success=1 x_fail=0 kb_calls=0 kb_bytes=0 kb_success=0 kb_fail=0 total=1 injected=0 history_level=-1 x_level=1 kb_level=-1 shape_bad=0 x_each_worker_once=1
CASE_PASS m=5 n=8 sve16_entries=0 expected=0 old_entries=0 packed_entries=0 packed_expected=0
ALLOC_PASS m=5 n=9 small=1 history_expected=0 history_calls=0 history_bytes=0 history_success=0 history_fail=0 x_calls=1 x_bytes=320 x_success=1 x_fail=0 kb_calls=0 kb_bytes=0 kb_success=0 kb_fail=0 total=1 injected=0 history_level=-1 x_level=1 kb_level=-1 shape_bad=0 x_each_worker_once=1
CASE_PASS m=5 n=9 sve16_entries=0 expected=0 old_entries=0 packed_entries=0 packed_expected=0
ALLOC_PASS m=5 n=17 small=1 history_expected=0 history_calls=0 history_bytes=0 history_success=0 history_fail=0 x_calls=1 x_bytes=320 x_success=1 x_fail=0 kb_calls=0 kb_bytes=0 kb_success=0 kb_fail=0 total=1 injected=0 history_level=-1 x_level=1 kb_level=-1 shape_bad=0 x_each_worker_once=1
CASE_PASS m=5 n=17 sve16_entries=0 expected=0 old_entries=0 packed_entries=0 packed_expected=0
ALLOC_PASS m=15 n=1 small=1 history_expected=0 history_calls=0 history_bytes=0 history_success=0 history_fail=0 x_calls=1 x_bytes=960 x_success=1 x_fail=0 kb_calls=0 kb_bytes=0 kb_success=0 kb_fail=0 total=1 injected=0 history_level=-1 x_level=1 kb_level=-1 shape_bad=0 x_each_worker_once=1
CASE_PASS m=15 n=1 sve16_entries=0 expected=0 old_entries=0 packed_entries=0 packed_expected=0
ALLOC_PASS m=15 n=7 small=1 history_expected=0 history_calls=0 history_bytes=0 history_success=0 history_fail=0 x_calls=1 x_bytes=960 x_success=1 x_fail=0 kb_calls=0 kb_bytes=0 kb_success=0 kb_fail=0 total=1 injected=0 history_level=-1 x_level=1 kb_level=-1 shape_bad=0 x_each_worker_once=1
CASE_PASS m=15 n=7 sve16_entries=0 expected=0 old_entries=0 packed_entries=0 packed_expected=0
ALLOC_PASS m=15 n=8 small=1 history_expected=0 history_calls=0 history_bytes=0 history_success=0 history_fail=0 x_calls=1 x_bytes=960 x_success=1 x_fail=0 kb_calls=0 kb_bytes=0 kb_success=0 kb_fail=0 total=1 injected=0 history_level=-1 x_level=1 kb_level=-1 shape_bad=0 x_each_worker_once=1
CASE_PASS m=15 n=8 sve16_entries=0 expected=0 old_entries=0 packed_entries=0 packed_expected=0
ALLOC_PASS m=15 n=9 small=1 history_expected=0 history_calls=0 history_bytes=0 history_success=0 history_fail=0 x_calls=1 x_bytes=960 x_success=1 x_fail=0 kb_calls=0 kb_bytes=0 kb_success=0 kb_fail=0 total=1 injected=0 history_level=-1 x_level=1 kb_level=-1 shape_bad=0 x_each_worker_once=1
CASE_PASS m=15 n=9 sve16_entries=0 expected=0 old_entries=0 packed_entries=0 packed_expected=0
ALLOC_PASS m=15 n=17 small=1 history_expected=0 history_calls=0 history_bytes=0 history_success=0 history_fail=0 x_calls=1 x_bytes=960 x_success=1 x_fail=0 kb_calls=0 kb_bytes=0 kb_success=0 kb_fail=0 total=1 injected=0 history_level=-1 x_level=1 kb_level=-1 shape_bad=0 x_each_worker_once=1
CASE_PASS m=15 n=17 sve16_entries=0 expected=0 old_entries=0 packed_entries=0 packed_expected=0
ALLOC_PASS m=16 n=1 small=1 history_expected=0 history_calls=0 history_bytes=0 history_success=0 history_fail=0 x_calls=1 x_bytes=1024 x_success=1 x_fail=0 kb_calls=0 kb_bytes=0 kb_success=0 kb_fail=0 total=1 injected=0 history_level=-1 x_level=1 kb_level=-1 shape_bad=0 x_each_worker_once=1
CASE_PASS m=16 n=1 sve16_entries=1 expected=1 old_entries=1 packed_entries=0 packed_expected=0
ALLOC_PASS m=16 n=7 small=1 history_expected=0 history_calls=0 history_bytes=0 history_success=0 history_fail=0 x_calls=1 x_bytes=1024 x_success=1 x_fail=0 kb_calls=0 kb_bytes=0 kb_success=0 kb_fail=0 total=1 injected=0 history_level=-1 x_level=1 kb_level=-1 shape_bad=0 x_each_worker_once=1
CASE_PASS m=16 n=7 sve16_entries=1 expected=1 old_entries=1 packed_entries=0 packed_expected=0
ALLOC_PASS m=16 n=8 small=1 history_expected=0 history_calls=0 history_bytes=0 history_success=0 history_fail=0 x_calls=1 x_bytes=1024 x_success=1 x_fail=0 kb_calls=0 kb_bytes=0 kb_success=0 kb_fail=0 total=1 injected=0 history_level=-1 x_level=1 kb_level=-1 shape_bad=0 x_each_worker_once=1
CASE_PASS m=16 n=8 sve16_entries=1 expected=1 old_entries=1 packed_entries=0 packed_expected=0
ALLOC_PASS m=16 n=9 small=1 history_expected=0 history_calls=0 history_bytes=0 history_success=0 history_fail=0 x_calls=1 x_bytes=1024 x_success=1 x_fail=0 kb_calls=0 kb_bytes=0 kb_success=0 kb_fail=0 total=1 injected=0 history_level=-1 x_level=1 kb_level=-1 shape_bad=0 x_each_worker_once=1
CASE_PASS m=16 n=9 sve16_entries=2 expected=2 old_entries=2 packed_entries=0 packed_expected=0
ALLOC_PASS m=16 n=17 small=1 history_expected=0 history_calls=0 history_bytes=0 history_success=0 history_fail=0 x_calls=1 x_bytes=1024 x_success=1 x_fail=0 kb_calls=0 kb_bytes=0 kb_success=0 kb_fail=0 total=1 injected=0 history_level=-1 x_level=1 kb_level=-1 shape_bad=0 x_each_worker_once=1
CASE_PASS m=16 n=17 sve16_entries=3 expected=3 old_entries=3 packed_entries=0 packed_expected=0
ALLOC_PASS m=17 n=1 small=1 history_expected=0 history_calls=0 history_bytes=0 history_success=0 history_fail=0 x_calls=1 x_bytes=1088 x_success=1 x_fail=0 kb_calls=0 kb_bytes=0 kb_success=0 kb_fail=0 total=1 injected=0 history_level=-1 x_level=1 kb_level=-1 shape_bad=0 x_each_worker_once=1
CASE_PASS m=17 n=1 sve16_entries=1 expected=1 old_entries=1 packed_entries=0 packed_expected=0
ALLOC_PASS m=17 n=7 small=1 history_expected=0 history_calls=0 history_bytes=0 history_success=0 history_fail=0 x_calls=1 x_bytes=1088 x_success=1 x_fail=0 kb_calls=0 kb_bytes=0 kb_success=0 kb_fail=0 total=1 injected=0 history_level=-1 x_level=1 kb_level=-1 shape_bad=0 x_each_worker_once=1
CASE_PASS m=17 n=7 sve16_entries=1 expected=1 old_entries=1 packed_entries=0 packed_expected=0
ALLOC_PASS m=17 n=8 small=1 history_expected=0 history_calls=0 history_bytes=0 history_success=0 history_fail=0 x_calls=1 x_bytes=1088 x_success=1 x_fail=0 kb_calls=0 kb_bytes=0 kb_success=0 kb_fail=0 total=1 injected=0 history_level=-1 x_level=1 kb_level=-1 shape_bad=0 x_each_worker_once=1
CASE_PASS m=17 n=8 sve16_entries=1 expected=1 old_entries=1 packed_entries=0 packed_expected=0
ALLOC_PASS m=17 n=9 small=1 history_expected=0 history_calls=0 history_bytes=0 history_success=0 history_fail=0 x_calls=1 x_bytes=1088 x_success=1 x_fail=0 kb_calls=0 kb_bytes=0 kb_success=0 kb_fail=0 total=1 injected=0 history_level=-1 x_level=1 kb_level=-1 shape_bad=0 x_each_worker_once=1
CASE_PASS m=17 n=9 sve16_entries=2 expected=2 old_entries=2 packed_entries=0 packed_expected=0
ALLOC_PASS m=17 n=17 small=1 history_expected=0 history_calls=0 history_bytes=0 history_success=0 history_fail=0 x_calls=1 x_bytes=1088 x_success=1 x_fail=0 kb_calls=0 kb_bytes=0 kb_success=0 kb_fail=0 total=1 injected=0 history_level=-1 x_level=1 kb_level=-1 shape_bad=0 x_each_worker_once=1
CASE_PASS m=17 n=17 sve16_entries=3 expected=3 old_entries=3 packed_entries=0 packed_expected=0
ALLOC_PASS m=31 n=1 small=1 history_expected=0 history_calls=0 history_bytes=0 history_success=0 history_fail=0 x_calls=1 x_bytes=1984 x_success=1 x_fail=0 kb_calls=0 kb_bytes=0 kb_success=0 kb_fail=0 total=1 injected=0 history_level=-1 x_level=1 kb_level=-1 shape_bad=0 x_each_worker_once=1
CASE_PASS m=31 n=1 sve16_entries=1 expected=1 old_entries=1 packed_entries=0 packed_expected=0
ALLOC_PASS m=31 n=7 small=1 history_expected=0 history_calls=0 history_bytes=0 history_success=0 history_fail=0 x_calls=1 x_bytes=1984 x_success=1 x_fail=0 kb_calls=0 kb_bytes=0 kb_success=0 kb_fail=0 total=1 injected=0 history_level=-1 x_level=1 kb_level=-1 shape_bad=0 x_each_worker_once=1
CASE_PASS m=31 n=7 sve16_entries=1 expected=1 old_entries=1 packed_entries=0 packed_expected=0
ALLOC_PASS m=31 n=8 small=1 history_expected=0 history_calls=0 history_bytes=0 history_success=0 history_fail=0 x_calls=1 x_bytes=1984 x_success=1 x_fail=0 kb_calls=0 kb_bytes=0 kb_success=0 kb_fail=0 total=1 injected=0 history_level=-1 x_level=1 kb_level=-1 shape_bad=0 x_each_worker_once=1
CASE_PASS m=31 n=8 sve16_entries=1 expected=1 old_entries=1 packed_entries=0 packed_expected=0
ALLOC_PASS m=31 n=9 small=1 history_expected=0 history_calls=0 history_bytes=0 history_success=0 history_fail=0 x_calls=1 x_bytes=1984 x_success=1 x_fail=0 kb_calls=0 kb_bytes=0 kb_success=0 kb_fail=0 total=1 injected=0 history_level=-1 x_level=1 kb_level=-1 shape_bad=0 x_each_worker_once=1
CASE_PASS m=31 n=9 sve16_entries=2 expected=2 old_entries=2 packed_entries=0 packed_expected=0
ALLOC_PASS m=31 n=17 small=1 history_expected=0 history_calls=0 history_bytes=0 history_success=0 history_fail=0 x_calls=1 x_bytes=1984 x_success=1 x_fail=0 kb_calls=0 kb_bytes=0 kb_success=0 kb_fail=0 total=1 injected=0 history_level=-1 x_level=1 kb_level=-1 shape_bad=0 x_each_worker_once=1
CASE_PASS m=31 n=17 sve16_entries=3 expected=3 old_entries=3 packed_entries=0 packed_expected=0
ALLOC_PASS m=32 n=1 small=1 history_expected=0 history_calls=0 history_bytes=0 history_success=0 history_fail=0 x_calls=1 x_bytes=2048 x_success=1 x_fail=0 kb_calls=0 kb_bytes=0 kb_success=0 kb_fail=0 total=1 injected=0 history_level=-1 x_level=1 kb_level=-1 shape_bad=0 x_each_worker_once=1
CASE_PASS m=32 n=1 sve16_entries=2 expected=2 old_entries=2 packed_entries=0 packed_expected=0
ALLOC_PASS m=32 n=7 small=1 history_expected=0 history_calls=0 history_bytes=0 history_success=0 history_fail=0 x_calls=1 x_bytes=2048 x_success=1 x_fail=0 kb_calls=0 kb_bytes=0 kb_success=0 kb_fail=0 total=1 injected=0 history_level=-1 x_level=1 kb_level=-1 shape_bad=0 x_each_worker_once=1
CASE_PASS m=32 n=7 sve16_entries=2 expected=2 old_entries=2 packed_entries=0 packed_expected=0
ALLOC_PASS m=32 n=8 small=1 history_expected=0 history_calls=0 history_bytes=0 history_success=0 history_fail=0 x_calls=1 x_bytes=2048 x_success=1 x_fail=0 kb_calls=0 kb_bytes=0 kb_success=0 kb_fail=0 total=1 injected=0 history_level=-1 x_level=1 kb_level=-1 shape_bad=0 x_each_worker_once=1
CASE_PASS m=32 n=8 sve16_entries=2 expected=2 old_entries=2 packed_entries=0 packed_expected=0
ALLOC_PASS m=32 n=9 small=1 history_expected=0 history_calls=0 history_bytes=0 history_success=0 history_fail=0 x_calls=1 x_bytes=2048 x_success=1 x_fail=0 kb_calls=0 kb_bytes=0 kb_success=0 kb_fail=0 total=1 injected=0 history_level=-1 x_level=1 kb_level=-1 shape_bad=0 x_each_worker_once=1
CASE_PASS m=32 n=9 sve16_entries=4 expected=4 old_entries=4 packed_entries=0 packed_expected=0
ALLOC_PASS m=32 n=17 small=1 history_expected=0 history_calls=0 history_bytes=0 history_success=0 history_fail=0 x_calls=1 x_bytes=2048 x_success=1 x_fail=0 kb_calls=0 kb_bytes=0 kb_success=0 kb_fail=0 total=1 injected=0 history_level=-1 x_level=1 kb_level=-1 shape_bad=0 x_each_worker_once=1
CASE_PASS m=32 n=17 sve16_entries=6 expected=6 old_entries=6 packed_entries=0 packed_expected=0
ALLOC_PASS m=33 n=1 small=1 history_expected=0 history_calls=0 history_bytes=0 history_success=0 history_fail=0 x_calls=1 x_bytes=2112 x_success=1 x_fail=0 kb_calls=0 kb_bytes=0 kb_success=0 kb_fail=0 total=1 injected=0 history_level=-1 x_level=1 kb_level=-1 shape_bad=0 x_each_worker_once=1
CASE_PASS m=33 n=1 sve16_entries=2 expected=2 old_entries=2 packed_entries=0 packed_expected=0
ALLOC_PASS m=33 n=7 small=1 history_expected=0 history_calls=0 history_bytes=0 history_success=0 history_fail=0 x_calls=1 x_bytes=2112 x_success=1 x_fail=0 kb_calls=0 kb_bytes=0 kb_success=0 kb_fail=0 total=1 injected=0 history_level=-1 x_level=1 kb_level=-1 shape_bad=0 x_each_worker_once=1
CASE_PASS m=33 n=7 sve16_entries=2 expected=2 old_entries=2 packed_entries=0 packed_expected=0
ALLOC_PASS m=33 n=8 small=1 history_expected=0 history_calls=0 history_bytes=0 history_success=0 history_fail=0 x_calls=1 x_bytes=2112 x_success=1 x_fail=0 kb_calls=0 kb_bytes=0 kb_success=0 kb_fail=0 total=1 injected=0 history_level=-1 x_level=1 kb_level=-1 shape_bad=0 x_each_worker_once=1
CASE_PASS m=33 n=8 sve16_entries=2 expected=2 old_entries=2 packed_entries=0 packed_expected=0
ALLOC_PASS m=33 n=9 small=1 history_expected=0 history_calls=0 history_bytes=0 history_success=0 history_fail=0 x_calls=1 x_bytes=2112 x_success=1 x_fail=0 kb_calls=0 kb_bytes=0 kb_success=0 kb_fail=0 total=1 injected=0 history_level=-1 x_level=1 kb_level=-1 shape_bad=0 x_each_worker_once=1
CASE_PASS m=33 n=9 sve16_entries=4 expected=4 old_entries=4 packed_entries=0 packed_expected=0
ALLOC_PASS m=33 n=17 small=1 history_expected=0 history_calls=0 history_bytes=0 history_success=0 history_fail=0 x_calls=1 x_bytes=2112 x_success=1 x_fail=0 kb_calls=0 kb_bytes=0 kb_success=0 kb_fail=0 total=1 injected=0 history_level=-1 x_level=1 kb_level=-1 shape_bad=0 x_each_worker_once=1
CASE_PASS m=33 n=17 sve16_entries=6 expected=6 old_entries=6 packed_entries=0 packed_expected=0
ALLOC_PASS m=63 n=1 small=1 history_expected=0 history_calls=0 history_bytes=0 history_success=0 history_fail=0 x_calls=1 x_bytes=4032 x_success=1 x_fail=0 kb_calls=0 kb_bytes=0 kb_success=0 kb_fail=0 total=1 injected=0 history_level=-1 x_level=1 kb_level=-1 shape_bad=0 x_each_worker_once=1
CASE_PASS m=63 n=1 sve16_entries=3 expected=3 old_entries=3 packed_entries=0 packed_expected=0
ALLOC_PASS m=63 n=7 small=1 history_expected=0 history_calls=0 history_bytes=0 history_success=0 history_fail=0 x_calls=1 x_bytes=4032 x_success=1 x_fail=0 kb_calls=0 kb_bytes=0 kb_success=0 kb_fail=0 total=1 injected=0 history_level=-1 x_level=1 kb_level=-1 shape_bad=0 x_each_worker_once=1
CASE_PASS m=63 n=7 sve16_entries=3 expected=3 old_entries=3 packed_entries=0 packed_expected=0
ALLOC_PASS m=63 n=8 small=1 history_expected=0 history_calls=0 history_bytes=0 history_success=0 history_fail=0 x_calls=1 x_bytes=4032 x_success=1 x_fail=0 kb_calls=0 kb_bytes=0 kb_success=0 kb_fail=0 total=1 injected=0 history_level=-1 x_level=1 kb_level=-1 shape_bad=0 x_each_worker_once=1
CASE_PASS m=63 n=8 sve16_entries=3 expected=3 old_entries=3 packed_entries=0 packed_expected=0
ALLOC_PASS m=63 n=9 small=1 history_expected=0 history_calls=0 history_bytes=0 history_success=0 history_fail=0 x_calls=1 x_bytes=4032 x_success=1 x_fail=0 kb_calls=0 kb_bytes=0 kb_success=0 kb_fail=0 total=1 injected=0 history_level=-1 x_level=1 kb_level=-1 shape_bad=0 x_each_worker_once=1
CASE_PASS m=63 n=9 sve16_entries=6 expected=6 old_entries=6 packed_entries=0 packed_expected=0
ALLOC_PASS m=63 n=17 small=1 history_expected=0 history_calls=0 history_bytes=0 history_success=0 history_fail=0 x_calls=1 x_bytes=4032 x_success=1 x_fail=0 kb_calls=0 kb_bytes=0 kb_success=0 kb_fail=0 total=1 injected=0 history_level=-1 x_level=1 kb_level=-1 shape_bad=0 x_each_worker_once=1
CASE_PASS m=63 n=17 sve16_entries=9 expected=9 old_entries=9 packed_entries=0 packed_expected=0
ALLOC_PASS m=64 n=1 small=1 history_expected=0 history_calls=0 history_bytes=0 history_success=0 history_fail=0 x_calls=1 x_bytes=4096 x_success=1 x_fail=0 kb_calls=0 kb_bytes=0 kb_success=0 kb_fail=0 total=1 injected=0 history_level=-1 x_level=1 kb_level=-1 shape_bad=0 x_each_worker_once=1
CASE_PASS m=64 n=1 sve16_entries=4 expected=4 old_entries=4 packed_entries=0 packed_expected=0
ALLOC_PASS m=64 n=7 small=1 history_expected=0 history_calls=0 history_bytes=0 history_success=0 history_fail=0 x_calls=1 x_bytes=4096 x_success=1 x_fail=0 kb_calls=0 kb_bytes=0 kb_success=0 kb_fail=0 total=1 injected=0 history_level=-1 x_level=1 kb_level=-1 shape_bad=0 x_each_worker_once=1
CASE_PASS m=64 n=7 sve16_entries=4 expected=4 old_entries=4 packed_entries=0 packed_expected=0
ALLOC_PASS m=64 n=8 small=1 history_expected=0 history_calls=0 history_bytes=0 history_success=0 history_fail=0 x_calls=1 x_bytes=4096 x_success=1 x_fail=0 kb_calls=0 kb_bytes=0 kb_success=0 kb_fail=0 total=1 injected=0 history_level=-1 x_level=1 kb_level=-1 shape_bad=0 x_each_worker_once=1
CASE_PASS m=64 n=8 sve16_entries=4 expected=4 old_entries=4 packed_entries=0 packed_expected=0
ALLOC_PASS m=64 n=9 small=1 history_expected=0 history_calls=0 history_bytes=0 history_success=0 history_fail=0 x_calls=1 x_bytes=4096 x_success=1 x_fail=0 kb_calls=0 kb_bytes=0 kb_success=0 kb_fail=0 total=1 injected=0 history_level=-1 x_level=1 kb_level=-1 shape_bad=0 x_each_worker_once=1
CASE_PASS m=64 n=9 sve16_entries=8 expected=8 old_entries=8 packed_entries=0 packed_expected=0
ALLOC_PASS m=64 n=17 small=1 history_expected=0 history_calls=0 history_bytes=0 history_success=0 history_fail=0 x_calls=1 x_bytes=4096 x_success=1 x_fail=0 kb_calls=0 kb_bytes=0 kb_success=0 kb_fail=0 total=1 injected=0 history_level=-1 x_level=1 kb_level=-1 shape_bad=0 x_each_worker_once=1
CASE_PASS m=64 n=17 sve16_entries=12 expected=12 old_entries=12 packed_entries=0 packed_expected=0
ALLOC_PASS m=65 n=1 small=1 history_expected=0 history_calls=0 history_bytes=0 history_success=0 history_fail=0 x_calls=1 x_bytes=4160 x_success=1 x_fail=0 kb_calls=0 kb_bytes=0 kb_success=0 kb_fail=0 total=1 injected=0 history_level=-1 x_level=1 kb_level=-1 shape_bad=0 x_each_worker_once=1
CASE_PASS m=65 n=1 sve16_entries=4 expected=4 old_entries=4 packed_entries=0 packed_expected=0
ALLOC_PASS m=65 n=7 small=1 history_expected=0 history_calls=0 history_bytes=0 history_success=0 history_fail=0 x_calls=1 x_bytes=4160 x_success=1 x_fail=0 kb_calls=0 kb_bytes=0 kb_success=0 kb_fail=0 total=1 injected=0 history_level=-1 x_level=1 kb_level=-1 shape_bad=0 x_each_worker_once=1
CASE_PASS m=65 n=7 sve16_entries=4 expected=4 old_entries=4 packed_entries=0 packed_expected=0
ALLOC_PASS m=65 n=8 small=1 history_expected=0 history_calls=0 history_bytes=0 history_success=0 history_fail=0 x_calls=1 x_bytes=4160 x_success=1 x_fail=0 kb_calls=0 kb_bytes=0 kb_success=0 kb_fail=0 total=1 injected=0 history_level=-1 x_level=1 kb_level=-1 shape_bad=0 x_each_worker_once=1
CASE_PASS m=65 n=8 sve16_entries=4 expected=4 old_entries=4 packed_entries=0 packed_expected=0
ALLOC_PASS m=65 n=9 small=1 history_expected=0 history_calls=0 history_bytes=0 history_success=0 history_fail=0 x_calls=1 x_bytes=4160 x_success=1 x_fail=0 kb_calls=0 kb_bytes=0 kb_success=0 kb_fail=0 total=1 injected=0 history_level=-1 x_level=1 kb_level=-1 shape_bad=0 x_each_worker_once=1
CASE_PASS m=65 n=9 sve16_entries=8 expected=8 old_entries=8 packed_entries=0 packed_expected=0
ALLOC_PASS m=65 n=17 small=1 history_expected=0 history_calls=0 history_bytes=0 history_success=0 history_fail=0 x_calls=1 x_bytes=4160 x_success=1 x_fail=0 kb_calls=0 kb_bytes=0 kb_success=0 kb_fail=0 total=1 injected=0 history_level=-1 x_level=1 kb_level=-1 shape_bad=0 x_each_worker_once=1
CASE_PASS m=65 n=17 sve16_entries=12 expected=12 old_entries=12 packed_entries=0 packed_expected=0
ALLOC_PASS m=255 n=1 small=1 history_expected=0 history_calls=0 history_bytes=0 history_success=0 history_fail=0 x_calls=1 x_bytes=16320 x_success=1 x_fail=0 kb_calls=0 kb_bytes=0 kb_success=0 kb_fail=0 total=1 injected=0 history_level=-1 x_level=1 kb_level=-1 shape_bad=0 x_each_worker_once=1
CASE_PASS m=255 n=1 sve16_entries=15 expected=15 old_entries=15 packed_entries=0 packed_expected=0
ALLOC_PASS m=255 n=7 small=1 history_expected=0 history_calls=0 history_bytes=0 history_success=0 history_fail=0 x_calls=1 x_bytes=16320 x_success=1 x_fail=0 kb_calls=0 kb_bytes=0 kb_success=0 kb_fail=0 total=1 injected=0 history_level=-1 x_level=1 kb_level=-1 shape_bad=0 x_each_worker_once=1
CASE_PASS m=255 n=7 sve16_entries=15 expected=15 old_entries=15 packed_entries=0 packed_expected=0
ALLOC_PASS m=255 n=8 small=1 history_expected=0 history_calls=0 history_bytes=0 history_success=0 history_fail=0 x_calls=1 x_bytes=16320 x_success=1 x_fail=0 kb_calls=0 kb_bytes=0 kb_success=0 kb_fail=0 total=1 injected=0 history_level=-1 x_level=1 kb_level=-1 shape_bad=0 x_each_worker_once=1
CASE_PASS m=255 n=8 sve16_entries=15 expected=15 old_entries=15 packed_entries=0 packed_expected=0
ALLOC_PASS m=255 n=9 small=1 history_expected=0 history_calls=0 history_bytes=0 history_success=0 history_fail=0 x_calls=1 x_bytes=16320 x_success=1 x_fail=0 kb_calls=0 kb_bytes=0 kb_success=0 kb_fail=0 total=1 injected=0 history_level=-1 x_level=1 kb_level=-1 shape_bad=0 x_each_worker_once=1
CASE_PASS m=255 n=9 sve16_entries=30 expected=30 old_entries=30 packed_entries=0 packed_expected=0
ALLOC_PASS m=255 n=17 small=1 history_expected=0 history_calls=0 history_bytes=0 history_success=0 history_fail=0 x_calls=1 x_bytes=16320 x_success=1 x_fail=0 kb_calls=0 kb_bytes=0 kb_success=0 kb_fail=0 total=1 injected=0 history_level=-1 x_level=1 kb_level=-1 shape_bad=0 x_each_worker_once=1
CASE_PASS m=255 n=17 sve16_entries=45 expected=45 old_entries=45 packed_entries=0 packed_expected=0
ALLOC_PASS m=256 n=1 small=1 history_expected=0 history_calls=0 history_bytes=0 history_success=0 history_fail=0 x_calls=1 x_bytes=16384 x_success=1 x_fail=0 kb_calls=0 kb_bytes=0 kb_success=0 kb_fail=0 total=1 injected=0 history_level=-1 x_level=1 kb_level=-1 shape_bad=0 x_each_worker_once=1
CASE_PASS m=256 n=1 sve16_entries=16 expected=16 old_entries=16 packed_entries=0 packed_expected=0
ALLOC_PASS m=256 n=7 small=1 history_expected=0 history_calls=0 history_bytes=0 history_success=0 history_fail=0 x_calls=1 x_bytes=16384 x_success=1 x_fail=0 kb_calls=0 kb_bytes=0 kb_success=0 kb_fail=0 total=1 injected=0 history_level=-1 x_level=1 kb_level=-1 shape_bad=0 x_each_worker_once=1
CASE_PASS m=256 n=7 sve16_entries=16 expected=16 old_entries=16 packed_entries=0 packed_expected=0
ALLOC_PASS m=256 n=8 small=1 history_expected=0 history_calls=0 history_bytes=0 history_success=0 history_fail=0 x_calls=1 x_bytes=16384 x_success=1 x_fail=0 kb_calls=0 kb_bytes=0 kb_success=0 kb_fail=0 total=1 injected=0 history_level=-1 x_level=1 kb_level=-1 shape_bad=0 x_each_worker_once=1
CASE_PASS m=256 n=8 sve16_entries=16 expected=16 old_entries=16 packed_entries=0 packed_expected=0
ALLOC_PASS m=256 n=9 small=1 history_expected=0 history_calls=0 history_bytes=0 history_success=0 history_fail=0 x_calls=1 x_bytes=16384 x_success=1 x_fail=0 kb_calls=0 kb_bytes=0 kb_success=0 kb_fail=0 total=1 injected=0 history_level=-1 x_level=1 kb_level=-1 shape_bad=0 x_each_worker_once=1
CASE_PASS m=256 n=9 sve16_entries=32 expected=32 old_entries=32 packed_entries=0 packed_expected=0
ALLOC_PASS m=256 n=17 small=1 history_expected=0 history_calls=0 history_bytes=0 history_success=0 history_fail=0 x_calls=1 x_bytes=16384 x_success=1 x_fail=0 kb_calls=0 kb_bytes=0 kb_success=0 kb_fail=0 total=1 injected=0 history_level=-1 x_level=1 kb_level=-1 shape_bad=0 x_each_worker_once=1
CASE_PASS m=256 n=17 sve16_entries=48 expected=48 old_entries=48 packed_entries=0 packed_expected=0
ALLOC_PASS m=257 n=1 small=1 history_expected=0 history_calls=0 history_bytes=0 history_success=0 history_fail=0 x_calls=1 x_bytes=16448 x_success=1 x_fail=0 kb_calls=0 kb_bytes=0 kb_success=0 kb_fail=0 total=1 injected=0 history_level=-1 x_level=1 kb_level=-1 shape_bad=0 x_each_worker_once=1
CASE_PASS m=257 n=1 sve16_entries=16 expected=16 old_entries=16 packed_entries=0 packed_expected=0
ALLOC_PASS m=257 n=7 small=1 history_expected=0 history_calls=0 history_bytes=0 history_success=0 history_fail=0 x_calls=1 x_bytes=16448 x_success=1 x_fail=0 kb_calls=0 kb_bytes=0 kb_success=0 kb_fail=0 total=1 injected=0 history_level=-1 x_level=1 kb_level=-1 shape_bad=0 x_each_worker_once=1
CASE_PASS m=257 n=7 sve16_entries=16 expected=16 old_entries=16 packed_entries=0 packed_expected=0
ALLOC_PASS m=257 n=8 small=1 history_expected=0 history_calls=0 history_bytes=0 history_success=0 history_fail=0 x_calls=1 x_bytes=16448 x_success=1 x_fail=0 kb_calls=0 kb_bytes=0 kb_success=0 kb_fail=0 total=1 injected=0 history_level=-1 x_level=1 kb_level=-1 shape_bad=0 x_each_worker_once=1
CASE_PASS m=257 n=8 sve16_entries=16 expected=16 old_entries=16 packed_entries=0 packed_expected=0
ALLOC_PASS m=257 n=9 small=1 history_expected=0 history_calls=0 history_bytes=0 history_success=0 history_fail=0 x_calls=1 x_bytes=16448 x_success=1 x_fail=0 kb_calls=0 kb_bytes=0 kb_success=0 kb_fail=0 total=1 injected=0 history_level=-1 x_level=1 kb_level=-1 shape_bad=0 x_each_worker_once=1
CASE_PASS m=257 n=9 sve16_entries=32 expected=32 old_entries=32 packed_entries=0 packed_expected=0
ALLOC_PASS m=257 n=17 small=1 history_expected=0 history_calls=0 history_bytes=0 history_success=0 history_fail=0 x_calls=1 x_bytes=16448 x_success=1 x_fail=0 kb_calls=0 kb_bytes=0 kb_success=0 kb_fail=0 total=1 injected=0 history_level=-1 x_level=1 kb_level=-1 shape_bad=0 x_each_worker_once=1
CASE_PASS m=257 n=17 sve16_entries=48 expected=48 old_entries=48 packed_entries=0 packed_expected=0
ALLOCATION_SUMMARY_PASS cases=80 budget_cases=0 shared_injection_cases=0
PASS whole_cases=80 noop_cases=4 non_dyadic_long_double_RHS=1 padding_L_unchanged=1 max_error=1.1102230246251565e-16
SOURCE_FEATURES_PASS panel16=1 packedL16=0 has_budget=0 history_budget_bytes=0
MODE=full THREADS=4 NARROW_VL=0 EXPECT_SVE16=1 EXPECT_PACKEDL16=0
ALLOC_PASS m=1 n=1 small=1 history_expected=0 history_calls=0 history_bytes=0 history_success=0 history_fail=0 x_calls=4 x_bytes=256 x_success=4 x_fail=0 kb_calls=0 kb_bytes=0 kb_success=0 kb_fail=0 total=4 injected=0 history_level=-1 x_level=1 kb_level=-1 shape_bad=0 x_each_worker_once=1
CASE_PASS m=1 n=1 sve16_entries=0 expected=0 old_entries=0 packed_entries=0 packed_expected=0
ALLOC_PASS m=1 n=7 small=1 history_expected=0 history_calls=0 history_bytes=0 history_success=0 history_fail=0 x_calls=4 x_bytes=256 x_success=4 x_fail=0 kb_calls=0 kb_bytes=0 kb_success=0 kb_fail=0 total=4 injected=0 history_level=-1 x_level=1 kb_level=-1 shape_bad=0 x_each_worker_once=1
CASE_PASS m=1 n=7 sve16_entries=0 expected=0 old_entries=0 packed_entries=0 packed_expected=0
ALLOC_PASS m=1 n=8 small=1 history_expected=0 history_calls=0 history_bytes=0 history_success=0 history_fail=0 x_calls=4 x_bytes=256 x_success=4 x_fail=0 kb_calls=0 kb_bytes=0 kb_success=0 kb_fail=0 total=4 injected=0 history_level=-1 x_level=1 kb_level=-1 shape_bad=0 x_each_worker_once=1
CASE_PASS m=1 n=8 sve16_entries=0 expected=0 old_entries=0 packed_entries=0 packed_expected=0
ALLOC_PASS m=1 n=9 small=1 history_expected=0 history_calls=0 history_bytes=0 history_success=0 history_fail=0 x_calls=4 x_bytes=256 x_success=4 x_fail=0 kb_calls=0 kb_bytes=0 kb_success=0 kb_fail=0 total=4 injected=0 history_level=-1 x_level=1 kb_level=-1 shape_bad=0 x_each_worker_once=1
CASE_PASS m=1 n=9 sve16_entries=0 expected=0 old_entries=0 packed_entries=0 packed_expected=0
ALLOC_PASS m=1 n=17 small=1 history_expected=0 history_calls=0 history_bytes=0 history_success=0 history_fail=0 x_calls=4 x_bytes=256 x_success=4 x_fail=0 kb_calls=0 kb_bytes=0 kb_success=0 kb_fail=0 total=4 injected=0 history_level=-1 x_level=1 kb_level=-1 shape_bad=0 x_each_worker_once=1
CASE_PASS m=1 n=17 sve16_entries=0 expected=0 old_entries=0 packed_entries=0 packed_expected=0
ALLOC_PASS m=3 n=1 small=1 history_expected=0 history_calls=0 history_bytes=0 history_success=0 history_fail=0 x_calls=4 x_bytes=768 x_success=4 x_fail=0 kb_calls=0 kb_bytes=0 kb_success=0 kb_fail=0 total=4 injected=0 history_level=-1 x_level=1 kb_level=-1 shape_bad=0 x_each_worker_once=1
CASE_PASS m=3 n=1 sve16_entries=0 expected=0 old_entries=0 packed_entries=0 packed_expected=0
ALLOC_PASS m=3 n=7 small=1 history_expected=0 history_calls=0 history_bytes=0 history_success=0 history_fail=0 x_calls=4 x_bytes=768 x_success=4 x_fail=0 kb_calls=0 kb_bytes=0 kb_success=0 kb_fail=0 total=4 injected=0 history_level=-1 x_level=1 kb_level=-1 shape_bad=0 x_each_worker_once=1
CASE_PASS m=3 n=7 sve16_entries=0 expected=0 old_entries=0 packed_entries=0 packed_expected=0
ALLOC_PASS m=3 n=8 small=1 history_expected=0 history_calls=0 history_bytes=0 history_success=0 history_fail=0 x_calls=4 x_bytes=768 x_success=4 x_fail=0 kb_calls=0 kb_bytes=0 kb_success=0 kb_fail=0 total=4 injected=0 history_level=-1 x_level=1 kb_level=-1 shape_bad=0 x_each_worker_once=1
CASE_PASS m=3 n=8 sve16_entries=0 expected=0 old_entries=0 packed_entries=0 packed_expected=0
ALLOC_PASS m=3 n=9 small=1 history_expected=0 history_calls=0 history_bytes=0 history_success=0 history_fail=0 x_calls=4 x_bytes=768 x_success=4 x_fail=0 kb_calls=0 kb_bytes=0 kb_success=0 kb_fail=0 total=4 injected=0 history_level=-1 x_level=1 kb_level=-1 shape_bad=0 x_each_worker_once=1
CASE_PASS m=3 n=9 sve16_entries=0 expected=0 old_entries=0 packed_entries=0 packed_expected=0
ALLOC_PASS m=3 n=17 small=1 history_expected=0 history_calls=0 history_bytes=0 history_success=0 history_fail=0 x_calls=4 x_bytes=768 x_success=4 x_fail=0 kb_calls=0 kb_bytes=0 kb_success=0 kb_fail=0 total=4 injected=0 history_level=-1 x_level=1 kb_level=-1 shape_bad=0 x_each_worker_once=1
CASE_PASS m=3 n=17 sve16_entries=0 expected=0 old_entries=0 packed_entries=0 packed_expected=0
ALLOC_PASS m=4 n=1 small=1 history_expected=0 history_calls=0 history_bytes=0 history_success=0 history_fail=0 x_calls=4 x_bytes=1024 x_success=4 x_fail=0 kb_calls=0 kb_bytes=0 kb_success=0 kb_fail=0 total=4 injected=0 history_level=-1 x_level=1 kb_level=-1 shape_bad=0 x_each_worker_once=1
CASE_PASS m=4 n=1 sve16_entries=0 expected=0 old_entries=0 packed_entries=0 packed_expected=0
ALLOC_PASS m=4 n=7 small=1 history_expected=0 history_calls=0 history_bytes=0 history_success=0 history_fail=0 x_calls=4 x_bytes=1024 x_success=4 x_fail=0 kb_calls=0 kb_bytes=0 kb_success=0 kb_fail=0 total=4 injected=0 history_level=-1 x_level=1 kb_level=-1 shape_bad=0 x_each_worker_once=1
CASE_PASS m=4 n=7 sve16_entries=0 expected=0 old_entries=0 packed_entries=0 packed_expected=0
ALLOC_PASS m=4 n=8 small=1 history_expected=0 history_calls=0 history_bytes=0 history_success=0 history_fail=0 x_calls=4 x_bytes=1024 x_success=4 x_fail=0 kb_calls=0 kb_bytes=0 kb_success=0 kb_fail=0 total=4 injected=0 history_level=-1 x_level=1 kb_level=-1 shape_bad=0 x_each_worker_once=1
CASE_PASS m=4 n=8 sve16_entries=0 expected=0 old_entries=0 packed_entries=0 packed_expected=0
ALLOC_PASS m=4 n=9 small=1 history_expected=0 history_calls=0 history_bytes=0 history_success=0 history_fail=0 x_calls=4 x_bytes=1024 x_success=4 x_fail=0 kb_calls=0 kb_bytes=0 kb_success=0 kb_fail=0 total=4 injected=0 history_level=-1 x_level=1 kb_level=-1 shape_bad=0 x_each_worker_once=1
CASE_PASS m=4 n=9 sve16_entries=0 expected=0 old_entries=0 packed_entries=0 packed_expected=0
ALLOC_PASS m=4 n=17 small=1 history_expected=0 history_calls=0 history_bytes=0 history_success=0 history_fail=0 x_calls=4 x_bytes=1024 x_success=4 x_fail=0 kb_calls=0 kb_bytes=0 kb_success=0 kb_fail=0 total=4 injected=0 history_level=-1 x_level=1 kb_level=-1 shape_bad=0 x_each_worker_once=1
CASE_PASS m=4 n=17 sve16_entries=0 expected=0 old_entries=0 packed_entries=0 packed_expected=0
ALLOC_PASS m=5 n=1 small=1 history_expected=0 history_calls=0 history_bytes=0 history_success=0 history_fail=0 x_calls=4 x_bytes=1280 x_success=4 x_fail=0 kb_calls=0 kb_bytes=0 kb_success=0 kb_fail=0 total=4 injected=0 history_level=-1 x_level=1 kb_level=-1 shape_bad=0 x_each_worker_once=1
CASE_PASS m=5 n=1 sve16_entries=0 expected=0 old_entries=0 packed_entries=0 packed_expected=0
ALLOC_PASS m=5 n=7 small=1 history_expected=0 history_calls=0 history_bytes=0 history_success=0 history_fail=0 x_calls=4 x_bytes=1280 x_success=4 x_fail=0 kb_calls=0 kb_bytes=0 kb_success=0 kb_fail=0 total=4 injected=0 history_level=-1 x_level=1 kb_level=-1 shape_bad=0 x_each_worker_once=1
CASE_PASS m=5 n=7 sve16_entries=0 expected=0 old_entries=0 packed_entries=0 packed_expected=0
ALLOC_PASS m=5 n=8 small=1 history_expected=0 history_calls=0 history_bytes=0 history_success=0 history_fail=0 x_calls=4 x_bytes=1280 x_success=4 x_fail=0 kb_calls=0 kb_bytes=0 kb_success=0 kb_fail=0 total=4 injected=0 history_level=-1 x_level=1 kb_level=-1 shape_bad=0 x_each_worker_once=1
CASE_PASS m=5 n=8 sve16_entries=0 expected=0 old_entries=0 packed_entries=0 packed_expected=0
ALLOC_PASS m=5 n=9 small=1 history_expected=0 history_calls=0 history_bytes=0 history_success=0 history_fail=0 x_calls=4 x_bytes=1280 x_success=4 x_fail=0 kb_calls=0 kb_bytes=0 kb_success=0 kb_fail=0 total=4 injected=0 history_level=-1 x_level=1 kb_level=-1 shape_bad=0 x_each_worker_once=1
CASE_PASS m=5 n=9 sve16_entries=0 expected=0 old_entries=0 packed_entries=0 packed_expected=0
ALLOC_PASS m=5 n=17 small=1 history_expected=0 history_calls=0 history_bytes=0 history_success=0 history_fail=0 x_calls=4 x_bytes=1280 x_success=4 x_fail=0 kb_calls=0 kb_bytes=0 kb_success=0 kb_fail=0 total=4 injected=0 history_level=-1 x_level=1 kb_level=-1 shape_bad=0 x_each_worker_once=1
CASE_PASS m=5 n=17 sve16_entries=0 expected=0 old_entries=0 packed_entries=0 packed_expected=0
ALLOC_PASS m=15 n=1 small=1 history_expected=0 history_calls=0 history_bytes=0 history_success=0 history_fail=0 x_calls=4 x_bytes=3840 x_success=4 x_fail=0 kb_calls=0 kb_bytes=0 kb_success=0 kb_fail=0 total=4 injected=0 history_level=-1 x_level=1 kb_level=-1 shape_bad=0 x_each_worker_once=1
CASE_PASS m=15 n=1 sve16_entries=0 expected=0 old_entries=0 packed_entries=0 packed_expected=0
ALLOC_PASS m=15 n=7 small=1 history_expected=0 history_calls=0 history_bytes=0 history_success=0 history_fail=0 x_calls=4 x_bytes=3840 x_success=4 x_fail=0 kb_calls=0 kb_bytes=0 kb_success=0 kb_fail=0 total=4 injected=0 history_level=-1 x_level=1 kb_level=-1 shape_bad=0 x_each_worker_once=1
CASE_PASS m=15 n=7 sve16_entries=0 expected=0 old_entries=0 packed_entries=0 packed_expected=0
ALLOC_PASS m=15 n=8 small=1 history_expected=0 history_calls=0 history_bytes=0 history_success=0 history_fail=0 x_calls=4 x_bytes=3840 x_success=4 x_fail=0 kb_calls=0 kb_bytes=0 kb_success=0 kb_fail=0 total=4 injected=0 history_level=-1 x_level=1 kb_level=-1 shape_bad=0 x_each_worker_once=1
CASE_PASS m=15 n=8 sve16_entries=0 expected=0 old_entries=0 packed_entries=0 packed_expected=0
ALLOC_PASS m=15 n=9 small=1 history_expected=0 history_calls=0 history_bytes=0 history_success=0 history_fail=0 x_calls=4 x_bytes=3840 x_success=4 x_fail=0 kb_calls=0 kb_bytes=0 kb_success=0 kb_fail=0 total=4 injected=0 history_level=-1 x_level=1 kb_level=-1 shape_bad=0 x_each_worker_once=1
CASE_PASS m=15 n=9 sve16_entries=0 expected=0 old_entries=0 packed_entries=0 packed_expected=0
ALLOC_PASS m=15 n=17 small=1 history_expected=0 history_calls=0 history_bytes=0 history_success=0 history_fail=0 x_calls=4 x_bytes=3840 x_success=4 x_fail=0 kb_calls=0 kb_bytes=0 kb_success=0 kb_fail=0 total=4 injected=0 history_level=-1 x_level=1 kb_level=-1 shape_bad=0 x_each_worker_once=1
CASE_PASS m=15 n=17 sve16_entries=0 expected=0 old_entries=0 packed_entries=0 packed_expected=0
ALLOC_PASS m=16 n=1 small=1 history_expected=0 history_calls=0 history_bytes=0 history_success=0 history_fail=0 x_calls=4 x_bytes=4096 x_success=4 x_fail=0 kb_calls=0 kb_bytes=0 kb_success=0 kb_fail=0 total=4 injected=0 history_level=-1 x_level=1 kb_level=-1 shape_bad=0 x_each_worker_once=1
CASE_PASS m=16 n=1 sve16_entries=1 expected=1 old_entries=1 packed_entries=0 packed_expected=0
ALLOC_PASS m=16 n=7 small=1 history_expected=0 history_calls=0 history_bytes=0 history_success=0 history_fail=0 x_calls=4 x_bytes=4096 x_success=4 x_fail=0 kb_calls=0 kb_bytes=0 kb_success=0 kb_fail=0 total=4 injected=0 history_level=-1 x_level=1 kb_level=-1 shape_bad=0 x_each_worker_once=1
CASE_PASS m=16 n=7 sve16_entries=1 expected=1 old_entries=1 packed_entries=0 packed_expected=0
ALLOC_PASS m=16 n=8 small=1 history_expected=0 history_calls=0 history_bytes=0 history_success=0 history_fail=0 x_calls=4 x_bytes=4096 x_success=4 x_fail=0 kb_calls=0 kb_bytes=0 kb_success=0 kb_fail=0 total=4 injected=0 history_level=-1 x_level=1 kb_level=-1 shape_bad=0 x_each_worker_once=1
CASE_PASS m=16 n=8 sve16_entries=1 expected=1 old_entries=1 packed_entries=0 packed_expected=0
ALLOC_PASS m=16 n=9 small=1 history_expected=0 history_calls=0 history_bytes=0 history_success=0 history_fail=0 x_calls=4 x_bytes=4096 x_success=4 x_fail=0 kb_calls=0 kb_bytes=0 kb_success=0 kb_fail=0 total=4 injected=0 history_level=-1 x_level=1 kb_level=-1 shape_bad=0 x_each_worker_once=1
CASE_PASS m=16 n=9 sve16_entries=2 expected=2 old_entries=2 packed_entries=0 packed_expected=0
ALLOC_PASS m=16 n=17 small=1 history_expected=0 history_calls=0 history_bytes=0 history_success=0 history_fail=0 x_calls=4 x_bytes=4096 x_success=4 x_fail=0 kb_calls=0 kb_bytes=0 kb_success=0 kb_fail=0 total=4 injected=0 history_level=-1 x_level=1 kb_level=-1 shape_bad=0 x_each_worker_once=1
CASE_PASS m=16 n=17 sve16_entries=3 expected=3 old_entries=3 packed_entries=0 packed_expected=0
ALLOC_PASS m=17 n=1 small=1 history_expected=0 history_calls=0 history_bytes=0 history_success=0 history_fail=0 x_calls=4 x_bytes=4352 x_success=4 x_fail=0 kb_calls=0 kb_bytes=0 kb_success=0 kb_fail=0 total=4 injected=0 history_level=-1 x_level=1 kb_level=-1 shape_bad=0 x_each_worker_once=1
CASE_PASS m=17 n=1 sve16_entries=1 expected=1 old_entries=1 packed_entries=0 packed_expected=0
ALLOC_PASS m=17 n=7 small=1 history_expected=0 history_calls=0 history_bytes=0 history_success=0 history_fail=0 x_calls=4 x_bytes=4352 x_success=4 x_fail=0 kb_calls=0 kb_bytes=0 kb_success=0 kb_fail=0 total=4 injected=0 history_level=-1 x_level=1 kb_level=-1 shape_bad=0 x_each_worker_once=1
CASE_PASS m=17 n=7 sve16_entries=1 expected=1 old_entries=1 packed_entries=0 packed_expected=0
ALLOC_PASS m=17 n=8 small=1 history_expected=0 history_calls=0 history_bytes=0 history_success=0 history_fail=0 x_calls=4 x_bytes=4352 x_success=4 x_fail=0 kb_calls=0 kb_bytes=0 kb_success=0 kb_fail=0 total=4 injected=0 history_level=-1 x_level=1 kb_level=-1 shape_bad=0 x_each_worker_once=1
CASE_PASS m=17 n=8 sve16_entries=1 expected=1 old_entries=1 packed_entries=0 packed_expected=0
ALLOC_PASS m=17 n=9 small=1 history_expected=0 history_calls=0 history_bytes=0 history_success=0 history_fail=0 x_calls=4 x_bytes=4352 x_success=4 x_fail=0 kb_calls=0 kb_bytes=0 kb_success=0 kb_fail=0 total=4 injected=0 history_level=-1 x_level=1 kb_level=-1 shape_bad=0 x_each_worker_once=1
CASE_PASS m=17 n=9 sve16_entries=2 expected=2 old_entries=2 packed_entries=0 packed_expected=0
ALLOC_PASS m=17 n=17 small=1 history_expected=0 history_calls=0 history_bytes=0 history_success=0 history_fail=0 x_calls=4 x_bytes=4352 x_success=4 x_fail=0 kb_calls=0 kb_bytes=0 kb_success=0 kb_fail=0 total=4 injected=0 history_level=-1 x_level=1 kb_level=-1 shape_bad=0 x_each_worker_once=1
CASE_PASS m=17 n=17 sve16_entries=3 expected=3 old_entries=3 packed_entries=0 packed_expected=0
ALLOC_PASS m=31 n=1 small=1 history_expected=0 history_calls=0 history_bytes=0 history_success=0 history_fail=0 x_calls=4 x_bytes=7936 x_success=4 x_fail=0 kb_calls=0 kb_bytes=0 kb_success=0 kb_fail=0 total=4 injected=0 history_level=-1 x_level=1 kb_level=-1 shape_bad=0 x_each_worker_once=1
CASE_PASS m=31 n=1 sve16_entries=1 expected=1 old_entries=1 packed_entries=0 packed_expected=0
ALLOC_PASS m=31 n=7 small=1 history_expected=0 history_calls=0 history_bytes=0 history_success=0 history_fail=0 x_calls=4 x_bytes=7936 x_success=4 x_fail=0 kb_calls=0 kb_bytes=0 kb_success=0 kb_fail=0 total=4 injected=0 history_level=-1 x_level=1 kb_level=-1 shape_bad=0 x_each_worker_once=1
CASE_PASS m=31 n=7 sve16_entries=1 expected=1 old_entries=1 packed_entries=0 packed_expected=0
ALLOC_PASS m=31 n=8 small=1 history_expected=0 history_calls=0 history_bytes=0 history_success=0 history_fail=0 x_calls=4 x_bytes=7936 x_success=4 x_fail=0 kb_calls=0 kb_bytes=0 kb_success=0 kb_fail=0 total=4 injected=0 history_level=-1 x_level=1 kb_level=-1 shape_bad=0 x_each_worker_once=1
CASE_PASS m=31 n=8 sve16_entries=1 expected=1 old_entries=1 packed_entries=0 packed_expected=0
ALLOC_PASS m=31 n=9 small=1 history_expected=0 history_calls=0 history_bytes=0 history_success=0 history_fail=0 x_calls=4 x_bytes=7936 x_success=4 x_fail=0 kb_calls=0 kb_bytes=0 kb_success=0 kb_fail=0 total=4 injected=0 history_level=-1 x_level=1 kb_level=-1 shape_bad=0 x_each_worker_once=1
CASE_PASS m=31 n=9 sve16_entries=2 expected=2 old_entries=2 packed_entries=0 packed_expected=0
ALLOC_PASS m=31 n=17 small=1 history_expected=0 history_calls=0 history_bytes=0 history_success=0 history_fail=0 x_calls=4 x_bytes=7936 x_success=4 x_fail=0 kb_calls=0 kb_bytes=0 kb_success=0 kb_fail=0 total=4 injected=0 history_level=-1 x_level=1 kb_level=-1 shape_bad=0 x_each_worker_once=1
CASE_PASS m=31 n=17 sve16_entries=3 expected=3 old_entries=3 packed_entries=0 packed_expected=0
ALLOC_PASS m=32 n=1 small=1 history_expected=0 history_calls=0 history_bytes=0 history_success=0 history_fail=0 x_calls=4 x_bytes=8192 x_success=4 x_fail=0 kb_calls=0 kb_bytes=0 kb_success=0 kb_fail=0 total=4 injected=0 history_level=-1 x_level=1 kb_level=-1 shape_bad=0 x_each_worker_once=1
CASE_PASS m=32 n=1 sve16_entries=2 expected=2 old_entries=2 packed_entries=0 packed_expected=0
ALLOC_PASS m=32 n=7 small=1 history_expected=0 history_calls=0 history_bytes=0 history_success=0 history_fail=0 x_calls=4 x_bytes=8192 x_success=4 x_fail=0 kb_calls=0 kb_bytes=0 kb_success=0 kb_fail=0 total=4 injected=0 history_level=-1 x_level=1 kb_level=-1 shape_bad=0 x_each_worker_once=1
CASE_PASS m=32 n=7 sve16_entries=2 expected=2 old_entries=2 packed_entries=0 packed_expected=0
ALLOC_PASS m=32 n=8 small=1 history_expected=0 history_calls=0 history_bytes=0 history_success=0 history_fail=0 x_calls=4 x_bytes=8192 x_success=4 x_fail=0 kb_calls=0 kb_bytes=0 kb_success=0 kb_fail=0 total=4 injected=0 history_level=-1 x_level=1 kb_level=-1 shape_bad=0 x_each_worker_once=1
CASE_PASS m=32 n=8 sve16_entries=2 expected=2 old_entries=2 packed_entries=0 packed_expected=0
ALLOC_PASS m=32 n=9 small=1 history_expected=0 history_calls=0 history_bytes=0 history_success=0 history_fail=0 x_calls=4 x_bytes=8192 x_success=4 x_fail=0 kb_calls=0 kb_bytes=0 kb_success=0 kb_fail=0 total=4 injected=0 history_level=-1 x_level=1 kb_level=-1 shape_bad=0 x_each_worker_once=1
CASE_PASS m=32 n=9 sve16_entries=4 expected=4 old_entries=4 packed_entries=0 packed_expected=0
ALLOC_PASS m=32 n=17 small=1 history_expected=0 history_calls=0 history_bytes=0 history_success=0 history_fail=0 x_calls=4 x_bytes=8192 x_success=4 x_fail=0 kb_calls=0 kb_bytes=0 kb_success=0 kb_fail=0 total=4 injected=0 history_level=-1 x_level=1 kb_level=-1 shape_bad=0 x_each_worker_once=1
CASE_PASS m=32 n=17 sve16_entries=6 expected=6 old_entries=6 packed_entries=0 packed_expected=0
ALLOC_PASS m=33 n=1 small=1 history_expected=0 history_calls=0 history_bytes=0 history_success=0 history_fail=0 x_calls=4 x_bytes=8448 x_success=4 x_fail=0 kb_calls=0 kb_bytes=0 kb_success=0 kb_fail=0 total=4 injected=0 history_level=-1 x_level=1 kb_level=-1 shape_bad=0 x_each_worker_once=1
CASE_PASS m=33 n=1 sve16_entries=2 expected=2 old_entries=2 packed_entries=0 packed_expected=0
ALLOC_PASS m=33 n=7 small=1 history_expected=0 history_calls=0 history_bytes=0 history_success=0 history_fail=0 x_calls=4 x_bytes=8448 x_success=4 x_fail=0 kb_calls=0 kb_bytes=0 kb_success=0 kb_fail=0 total=4 injected=0 history_level=-1 x_level=1 kb_level=-1 shape_bad=0 x_each_worker_once=1
CASE_PASS m=33 n=7 sve16_entries=2 expected=2 old_entries=2 packed_entries=0 packed_expected=0
ALLOC_PASS m=33 n=8 small=1 history_expected=0 history_calls=0 history_bytes=0 history_success=0 history_fail=0 x_calls=4 x_bytes=8448 x_success=4 x_fail=0 kb_calls=0 kb_bytes=0 kb_success=0 kb_fail=0 total=4 injected=0 history_level=-1 x_level=1 kb_level=-1 shape_bad=0 x_each_worker_once=1
CASE_PASS m=33 n=8 sve16_entries=2 expected=2 old_entries=2 packed_entries=0 packed_expected=0
ALLOC_PASS m=33 n=9 small=1 history_expected=0 history_calls=0 history_bytes=0 history_success=0 history_fail=0 x_calls=4 x_bytes=8448 x_success=4 x_fail=0 kb_calls=0 kb_bytes=0 kb_success=0 kb_fail=0 total=4 injected=0 history_level=-1 x_level=1 kb_level=-1 shape_bad=0 x_each_worker_once=1
CASE_PASS m=33 n=9 sve16_entries=4 expected=4 old_entries=4 packed_entries=0 packed_expected=0
ALLOC_PASS m=33 n=17 small=1 history_expected=0 history_calls=0 history_bytes=0 history_success=0 history_fail=0 x_calls=4 x_bytes=8448 x_success=4 x_fail=0 kb_calls=0 kb_bytes=0 kb_success=0 kb_fail=0 total=4 injected=0 history_level=-1 x_level=1 kb_level=-1 shape_bad=0 x_each_worker_once=1
CASE_PASS m=33 n=17 sve16_entries=6 expected=6 old_entries=6 packed_entries=0 packed_expected=0
ALLOC_PASS m=63 n=1 small=1 history_expected=0 history_calls=0 history_bytes=0 history_success=0 history_fail=0 x_calls=4 x_bytes=16128 x_success=4 x_fail=0 kb_calls=0 kb_bytes=0 kb_success=0 kb_fail=0 total=4 injected=0 history_level=-1 x_level=1 kb_level=-1 shape_bad=0 x_each_worker_once=1
CASE_PASS m=63 n=1 sve16_entries=3 expected=3 old_entries=3 packed_entries=0 packed_expected=0
ALLOC_PASS m=63 n=7 small=1 history_expected=0 history_calls=0 history_bytes=0 history_success=0 history_fail=0 x_calls=4 x_bytes=16128 x_success=4 x_fail=0 kb_calls=0 kb_bytes=0 kb_success=0 kb_fail=0 total=4 injected=0 history_level=-1 x_level=1 kb_level=-1 shape_bad=0 x_each_worker_once=1
CASE_PASS m=63 n=7 sve16_entries=3 expected=3 old_entries=3 packed_entries=0 packed_expected=0
ALLOC_PASS m=63 n=8 small=1 history_expected=0 history_calls=0 history_bytes=0 history_success=0 history_fail=0 x_calls=4 x_bytes=16128 x_success=4 x_fail=0 kb_calls=0 kb_bytes=0 kb_success=0 kb_fail=0 total=4 injected=0 history_level=-1 x_level=1 kb_level=-1 shape_bad=0 x_each_worker_once=1
CASE_PASS m=63 n=8 sve16_entries=3 expected=3 old_entries=3 packed_entries=0 packed_expected=0
ALLOC_PASS m=63 n=9 small=1 history_expected=0 history_calls=0 history_bytes=0 history_success=0 history_fail=0 x_calls=4 x_bytes=16128 x_success=4 x_fail=0 kb_calls=0 kb_bytes=0 kb_success=0 kb_fail=0 total=4 injected=0 history_level=-1 x_level=1 kb_level=-1 shape_bad=0 x_each_worker_once=1
CASE_PASS m=63 n=9 sve16_entries=6 expected=6 old_entries=6 packed_entries=0 packed_expected=0
ALLOC_PASS m=63 n=17 small=1 history_expected=0 history_calls=0 history_bytes=0 history_success=0 history_fail=0 x_calls=4 x_bytes=16128 x_success=4 x_fail=0 kb_calls=0 kb_bytes=0 kb_success=0 kb_fail=0 total=4 injected=0 history_level=-1 x_level=1 kb_level=-1 shape_bad=0 x_each_worker_once=1
CASE_PASS m=63 n=17 sve16_entries=9 expected=9 old_entries=9 packed_entries=0 packed_expected=0
ALLOC_PASS m=64 n=1 small=1 history_expected=0 history_calls=0 history_bytes=0 history_success=0 history_fail=0 x_calls=4 x_bytes=16384 x_success=4 x_fail=0 kb_calls=0 kb_bytes=0 kb_success=0 kb_fail=0 total=4 injected=0 history_level=-1 x_level=1 kb_level=-1 shape_bad=0 x_each_worker_once=1
CASE_PASS m=64 n=1 sve16_entries=4 expected=4 old_entries=4 packed_entries=0 packed_expected=0
ALLOC_PASS m=64 n=7 small=1 history_expected=0 history_calls=0 history_bytes=0 history_success=0 history_fail=0 x_calls=4 x_bytes=16384 x_success=4 x_fail=0 kb_calls=0 kb_bytes=0 kb_success=0 kb_fail=0 total=4 injected=0 history_level=-1 x_level=1 kb_level=-1 shape_bad=0 x_each_worker_once=1
CASE_PASS m=64 n=7 sve16_entries=4 expected=4 old_entries=4 packed_entries=0 packed_expected=0
ALLOC_PASS m=64 n=8 small=1 history_expected=0 history_calls=0 history_bytes=0 history_success=0 history_fail=0 x_calls=4 x_bytes=16384 x_success=4 x_fail=0 kb_calls=0 kb_bytes=0 kb_success=0 kb_fail=0 total=4 injected=0 history_level=-1 x_level=1 kb_level=-1 shape_bad=0 x_each_worker_once=1
CASE_PASS m=64 n=8 sve16_entries=4 expected=4 old_entries=4 packed_entries=0 packed_expected=0
ALLOC_PASS m=64 n=9 small=1 history_expected=0 history_calls=0 history_bytes=0 history_success=0 history_fail=0 x_calls=4 x_bytes=16384 x_success=4 x_fail=0 kb_calls=0 kb_bytes=0 kb_success=0 kb_fail=0 total=4 injected=0 history_level=-1 x_level=1 kb_level=-1 shape_bad=0 x_each_worker_once=1
CASE_PASS m=64 n=9 sve16_entries=8 expected=8 old_entries=8 packed_entries=0 packed_expected=0
ALLOC_PASS m=64 n=17 small=1 history_expected=0 history_calls=0 history_bytes=0 history_success=0 history_fail=0 x_calls=4 x_bytes=16384 x_success=4 x_fail=0 kb_calls=0 kb_bytes=0 kb_success=0 kb_fail=0 total=4 injected=0 history_level=-1 x_level=1 kb_level=-1 shape_bad=0 x_each_worker_once=1
CASE_PASS m=64 n=17 sve16_entries=12 expected=12 old_entries=12 packed_entries=0 packed_expected=0
ALLOC_PASS m=65 n=1 small=1 history_expected=0 history_calls=0 history_bytes=0 history_success=0 history_fail=0 x_calls=4 x_bytes=16640 x_success=4 x_fail=0 kb_calls=0 kb_bytes=0 kb_success=0 kb_fail=0 total=4 injected=0 history_level=-1 x_level=1 kb_level=-1 shape_bad=0 x_each_worker_once=1
CASE_PASS m=65 n=1 sve16_entries=4 expected=4 old_entries=4 packed_entries=0 packed_expected=0
ALLOC_PASS m=65 n=7 small=1 history_expected=0 history_calls=0 history_bytes=0 history_success=0 history_fail=0 x_calls=4 x_bytes=16640 x_success=4 x_fail=0 kb_calls=0 kb_bytes=0 kb_success=0 kb_fail=0 total=4 injected=0 history_level=-1 x_level=1 kb_level=-1 shape_bad=0 x_each_worker_once=1
CASE_PASS m=65 n=7 sve16_entries=4 expected=4 old_entries=4 packed_entries=0 packed_expected=0
ALLOC_PASS m=65 n=8 small=1 history_expected=0 history_calls=0 history_bytes=0 history_success=0 history_fail=0 x_calls=4 x_bytes=16640 x_success=4 x_fail=0 kb_calls=0 kb_bytes=0 kb_success=0 kb_fail=0 total=4 injected=0 history_level=-1 x_level=1 kb_level=-1 shape_bad=0 x_each_worker_once=1
CASE_PASS m=65 n=8 sve16_entries=4 expected=4 old_entries=4 packed_entries=0 packed_expected=0
ALLOC_PASS m=65 n=9 small=1 history_expected=0 history_calls=0 history_bytes=0 history_success=0 history_fail=0 x_calls=4 x_bytes=16640 x_success=4 x_fail=0 kb_calls=0 kb_bytes=0 kb_success=0 kb_fail=0 total=4 injected=0 history_level=-1 x_level=1 kb_level=-1 shape_bad=0 x_each_worker_once=1
CASE_PASS m=65 n=9 sve16_entries=8 expected=8 old_entries=8 packed_entries=0 packed_expected=0
ALLOC_PASS m=65 n=17 small=1 history_expected=0 history_calls=0 history_bytes=0 history_success=0 history_fail=0 x_calls=4 x_bytes=16640 x_success=4 x_fail=0 kb_calls=0 kb_bytes=0 kb_success=0 kb_fail=0 total=4 injected=0 history_level=-1 x_level=1 kb_level=-1 shape_bad=0 x_each_worker_once=1
CASE_PASS m=65 n=17 sve16_entries=12 expected=12 old_entries=12 packed_entries=0 packed_expected=0
ALLOC_PASS m=255 n=1 small=1 history_expected=0 history_calls=0 history_bytes=0 history_success=0 history_fail=0 x_calls=4 x_bytes=65280 x_success=4 x_fail=0 kb_calls=0 kb_bytes=0 kb_success=0 kb_fail=0 total=4 injected=0 history_level=-1 x_level=1 kb_level=-1 shape_bad=0 x_each_worker_once=1
CASE_PASS m=255 n=1 sve16_entries=15 expected=15 old_entries=15 packed_entries=0 packed_expected=0
ALLOC_PASS m=255 n=7 small=1 history_expected=0 history_calls=0 history_bytes=0 history_success=0 history_fail=0 x_calls=4 x_bytes=65280 x_success=4 x_fail=0 kb_calls=0 kb_bytes=0 kb_success=0 kb_fail=0 total=4 injected=0 history_level=-1 x_level=1 kb_level=-1 shape_bad=0 x_each_worker_once=1
CASE_PASS m=255 n=7 sve16_entries=15 expected=15 old_entries=15 packed_entries=0 packed_expected=0
ALLOC_PASS m=255 n=8 small=1 history_expected=0 history_calls=0 history_bytes=0 history_success=0 history_fail=0 x_calls=4 x_bytes=65280 x_success=4 x_fail=0 kb_calls=0 kb_bytes=0 kb_success=0 kb_fail=0 total=4 injected=0 history_level=-1 x_level=1 kb_level=-1 shape_bad=0 x_each_worker_once=1
CASE_PASS m=255 n=8 sve16_entries=15 expected=15 old_entries=15 packed_entries=0 packed_expected=0
ALLOC_PASS m=255 n=9 small=1 history_expected=0 history_calls=0 history_bytes=0 history_success=0 history_fail=0 x_calls=4 x_bytes=65280 x_success=4 x_fail=0 kb_calls=0 kb_bytes=0 kb_success=0 kb_fail=0 total=4 injected=0 history_level=-1 x_level=1 kb_level=-1 shape_bad=0 x_each_worker_once=1
CASE_PASS m=255 n=9 sve16_entries=30 expected=30 old_entries=30 packed_entries=0 packed_expected=0
ALLOC_PASS m=255 n=17 small=1 history_expected=0 history_calls=0 history_bytes=0 history_success=0 history_fail=0 x_calls=4 x_bytes=65280 x_success=4 x_fail=0 kb_calls=0 kb_bytes=0 kb_success=0 kb_fail=0 total=4 injected=0 history_level=-1 x_level=1 kb_level=-1 shape_bad=0 x_each_worker_once=1
CASE_PASS m=255 n=17 sve16_entries=45 expected=45 old_entries=45 packed_entries=0 packed_expected=0
ALLOC_PASS m=256 n=1 small=1 history_expected=0 history_calls=0 history_bytes=0 history_success=0 history_fail=0 x_calls=4 x_bytes=65536 x_success=4 x_fail=0 kb_calls=0 kb_bytes=0 kb_success=0 kb_fail=0 total=4 injected=0 history_level=-1 x_level=1 kb_level=-1 shape_bad=0 x_each_worker_once=1
CASE_PASS m=256 n=1 sve16_entries=16 expected=16 old_entries=16 packed_entries=0 packed_expected=0
ALLOC_PASS m=256 n=7 small=1 history_expected=0 history_calls=0 history_bytes=0 history_success=0 history_fail=0 x_calls=4 x_bytes=65536 x_success=4 x_fail=0 kb_calls=0 kb_bytes=0 kb_success=0 kb_fail=0 total=4 injected=0 history_level=-1 x_level=1 kb_level=-1 shape_bad=0 x_each_worker_once=1
CASE_PASS m=256 n=7 sve16_entries=16 expected=16 old_entries=16 packed_entries=0 packed_expected=0
ALLOC_PASS m=256 n=8 small=1 history_expected=0 history_calls=0 history_bytes=0 history_success=0 history_fail=0 x_calls=4 x_bytes=65536 x_success=4 x_fail=0 kb_calls=0 kb_bytes=0 kb_success=0 kb_fail=0 total=4 injected=0 history_level=-1 x_level=1 kb_level=-1 shape_bad=0 x_each_worker_once=1
CASE_PASS m=256 n=8 sve16_entries=16 expected=16 old_entries=16 packed_entries=0 packed_expected=0
ALLOC_PASS m=256 n=9 small=1 history_expected=0 history_calls=0 history_bytes=0 history_success=0 history_fail=0 x_calls=4 x_bytes=65536 x_success=4 x_fail=0 kb_calls=0 kb_bytes=0 kb_success=0 kb_fail=0 total=4 injected=0 history_level=-1 x_level=1 kb_level=-1 shape_bad=0 x_each_worker_once=1
CASE_PASS m=256 n=9 sve16_entries=32 expected=32 old_entries=32 packed_entries=0 packed_expected=0
ALLOC_PASS m=256 n=17 small=1 history_expected=0 history_calls=0 history_bytes=0 history_success=0 history_fail=0 x_calls=4 x_bytes=65536 x_success=4 x_fail=0 kb_calls=0 kb_bytes=0 kb_success=0 kb_fail=0 total=4 injected=0 history_level=-1 x_level=1 kb_level=-1 shape_bad=0 x_each_worker_once=1
CASE_PASS m=256 n=17 sve16_entries=48 expected=48 old_entries=48 packed_entries=0 packed_expected=0
ALLOC_PASS m=257 n=1 small=1 history_expected=0 history_calls=0 history_bytes=0 history_success=0 history_fail=0 x_calls=4 x_bytes=65792 x_success=4 x_fail=0 kb_calls=0 kb_bytes=0 kb_success=0 kb_fail=0 total=4 injected=0 history_level=-1 x_level=1 kb_level=-1 shape_bad=0 x_each_worker_once=1
CASE_PASS m=257 n=1 sve16_entries=16 expected=16 old_entries=16 packed_entries=0 packed_expected=0
ALLOC_PASS m=257 n=7 small=1 history_expected=0 history_calls=0 history_bytes=0 history_success=0 history_fail=0 x_calls=4 x_bytes=65792 x_success=4 x_fail=0 kb_calls=0 kb_bytes=0 kb_success=0 kb_fail=0 total=4 injected=0 history_level=-1 x_level=1 kb_level=-1 shape_bad=0 x_each_worker_once=1
CASE_PASS m=257 n=7 sve16_entries=16 expected=16 old_entries=16 packed_entries=0 packed_expected=0
ALLOC_PASS m=257 n=8 small=1 history_expected=0 history_calls=0 history_bytes=0 history_success=0 history_fail=0 x_calls=4 x_bytes=65792 x_success=4 x_fail=0 kb_calls=0 kb_bytes=0 kb_success=0 kb_fail=0 total=4 injected=0 history_level=-1 x_level=1 kb_level=-1 shape_bad=0 x_each_worker_once=1
CASE_PASS m=257 n=8 sve16_entries=16 expected=16 old_entries=16 packed_entries=0 packed_expected=0
ALLOC_PASS m=257 n=9 small=1 history_expected=0 history_calls=0 history_bytes=0 history_success=0 history_fail=0 x_calls=4 x_bytes=65792 x_success=4 x_fail=0 kb_calls=0 kb_bytes=0 kb_success=0 kb_fail=0 total=4 injected=0 history_level=-1 x_level=1 kb_level=-1 shape_bad=0 x_each_worker_once=1
CASE_PASS m=257 n=9 sve16_entries=32 expected=32 old_entries=32 packed_entries=0 packed_expected=0
ALLOC_PASS m=257 n=17 small=1 history_expected=0 history_calls=0 history_bytes=0 history_success=0 history_fail=0 x_calls=4 x_bytes=65792 x_success=4 x_fail=0 kb_calls=0 kb_bytes=0 kb_success=0 kb_fail=0 total=4 injected=0 history_level=-1 x_level=1 kb_level=-1 shape_bad=0 x_each_worker_once=1
CASE_PASS m=257 n=17 sve16_entries=48 expected=48 old_entries=48 packed_entries=0 packed_expected=0
ALLOCATION_SUMMARY_PASS cases=80 budget_cases=0 shared_injection_cases=0
PASS whole_cases=80 noop_cases=4 non_dyadic_long_double_RHS=1 padding_L_unchanged=1 max_error=1.1102230246251565e-16
SOURCE_FEATURES_PASS panel16=1 packedL16=0 has_budget=0 history_budget_bytes=0
MODE=smoke THREADS=38 NARROW_VL=0 EXPECT_SVE16=1 EXPECT_PACKEDL16=0
ALLOC_PASS m=15 n=9 small=1 history_expected=0 history_calls=0 history_bytes=0 history_success=0 history_fail=0 x_calls=38 x_bytes=36480 x_success=38 x_fail=0 kb_calls=0 kb_bytes=0 kb_success=0 kb_fail=0 total=38 injected=0 history_level=-1 x_level=1 kb_level=-1 shape_bad=0 x_each_worker_once=1
CASE_PASS m=15 n=9 sve16_entries=0 expected=0 old_entries=0 packed_entries=0 packed_expected=0
ALLOC_PASS m=16 n=17 small=1 history_expected=0 history_calls=0 history_bytes=0 history_success=0 history_fail=0 x_calls=38 x_bytes=38912 x_success=38 x_fail=0 kb_calls=0 kb_bytes=0 kb_success=0 kb_fail=0 total=38 injected=0 history_level=-1 x_level=1 kb_level=-1 shape_bad=0 x_each_worker_once=1
CASE_PASS m=16 n=17 sve16_entries=3 expected=3 old_entries=3 packed_entries=0 packed_expected=0
ALLOC_PASS m=33 n=313 small=1 history_expected=0 history_calls=0 history_bytes=0 history_success=0 history_fail=0 x_calls=38 x_bytes=80256 x_success=38 x_fail=0 kb_calls=0 kb_bytes=0 kb_success=0 kb_fail=0 total=38 injected=0 history_level=-1 x_level=1 kb_level=-1 shape_bad=0 x_each_worker_once=1
CASE_PASS m=33 n=313 sve16_entries=80 expected=80 old_entries=80 packed_entries=0 packed_expected=0
ALLOC_PASS m=257 n=313 small=1 history_expected=0 history_calls=0 history_bytes=0 history_success=0 history_fail=0 x_calls=38 x_bytes=625024 x_success=38 x_fail=0 kb_calls=0 kb_bytes=0 kb_success=0 kb_fail=0 total=38 injected=0 history_level=-1 x_level=1 kb_level=-1 shape_bad=0 x_each_worker_once=1
CASE_PASS m=257 n=313 sve16_entries=640 expected=640 old_entries=640 packed_entries=0 packed_expected=0
ALLOCATION_SUMMARY_PASS cases=4 budget_cases=0 shared_injection_cases=0
PASS whole_cases=4 noop_cases=4 non_dyadic_long_double_RHS=1 padding_L_unchanged=1 max_error=1.1102230246251565e-16
SOURCE_FEATURES_PASS panel16=1 packedL16=0 has_budget=0 history_budget_bytes=0
MODE=boundary THREADS=1 NARROW_VL=0 EXPECT_SVE16=1 EXPECT_PACKEDL16=0
ALLOC_PASS m=4095 n=9 small=1 history_expected=0 history_calls=0 history_bytes=0 history_success=0 history_fail=0 x_calls=1 x_bytes=262080 x_success=1 x_fail=0 kb_calls=0 kb_bytes=0 kb_success=0 kb_fail=0 total=1 injected=0 history_level=-1 x_level=1 kb_level=-1 shape_bad=0 x_each_worker_once=1
CASE_PASS m=4095 n=9 sve16_entries=510 expected=510 old_entries=510 packed_entries=0 packed_expected=0
ALLOC_PASS m=4097 n=9 small=0 history_expected=0 history_calls=0 history_bytes=0 history_success=0 history_fail=0 x_calls=0 x_bytes=0 x_success=0 x_fail=0 kb_calls=1 kb_bytes=32768 kb_success=1 kb_fail=0 total=1 injected=0 history_level=-1 x_level=-1 kb_level=0 shape_bad=0 x_each_worker_once=1
CASE_PASS m=4097 n=9 sve16_entries=0 expected=0 old_entries=0 packed_entries=0 packed_expected=0
ALLOCATION_SUMMARY_PASS cases=2 budget_cases=0 shared_injection_cases=0
PASS whole_cases=2 noop_cases=4 non_dyadic_long_double_RHS=1 padding_L_unchanged=1 max_error=3.8857805861880479e-16
SOURCE_FEATURES_PASS panel16=1 packedL16=0 has_budget=0 history_budget_bytes=0
MODE=full THREADS=4 NARROW_VL=0 EXPECT_SVE16=0 EXPECT_PACKEDL16=0
ALLOC_PASS m=1 n=1 small=1 history_expected=0 history_calls=0 history_bytes=0 history_success=0 history_fail=0 x_calls=4 x_bytes=256 x_success=4 x_fail=0 kb_calls=0 kb_bytes=0 kb_success=0 kb_fail=0 total=4 injected=0 history_level=-1 x_level=1 kb_level=-1 shape_bad=0 x_each_worker_once=1
CASE_PASS m=1 n=1 sve16_entries=0 expected=0 old_entries=0 packed_entries=0 packed_expected=0
ALLOC_PASS m=1 n=7 small=1 history_expected=0 history_calls=0 history_bytes=0 history_success=0 history_fail=0 x_calls=4 x_bytes=256 x_success=4 x_fail=0 kb_calls=0 kb_bytes=0 kb_success=0 kb_fail=0 total=4 injected=0 history_level=-1 x_level=1 kb_level=-1 shape_bad=0 x_each_worker_once=1
CASE_PASS m=1 n=7 sve16_entries=0 expected=0 old_entries=0 packed_entries=0 packed_expected=0
ALLOC_PASS m=1 n=8 small=1 history_expected=0 history_calls=0 history_bytes=0 history_success=0 history_fail=0 x_calls=4 x_bytes=256 x_success=4 x_fail=0 kb_calls=0 kb_bytes=0 kb_success=0 kb_fail=0 total=4 injected=0 history_level=-1 x_level=1 kb_level=-1 shape_bad=0 x_each_worker_once=1
CASE_PASS m=1 n=8 sve16_entries=0 expected=0 old_entries=0 packed_entries=0 packed_expected=0
ALLOC_PASS m=1 n=9 small=1 history_expected=0 history_calls=0 history_bytes=0 history_success=0 history_fail=0 x_calls=4 x_bytes=256 x_success=4 x_fail=0 kb_calls=0 kb_bytes=0 kb_success=0 kb_fail=0 total=4 injected=0 history_level=-1 x_level=1 kb_level=-1 shape_bad=0 x_each_worker_once=1
CASE_PASS m=1 n=9 sve16_entries=0 expected=0 old_entries=0 packed_entries=0 packed_expected=0
ALLOC_PASS m=1 n=17 small=1 history_expected=0 history_calls=0 history_bytes=0 history_success=0 history_fail=0 x_calls=4 x_bytes=256 x_success=4 x_fail=0 kb_calls=0 kb_bytes=0 kb_success=0 kb_fail=0 total=4 injected=0 history_level=-1 x_level=1 kb_level=-1 shape_bad=0 x_each_worker_once=1
CASE_PASS m=1 n=17 sve16_entries=0 expected=0 old_entries=0 packed_entries=0 packed_expected=0
ALLOC_PASS m=3 n=1 small=1 history_expected=0 history_calls=0 history_bytes=0 history_success=0 history_fail=0 x_calls=4 x_bytes=768 x_success=4 x_fail=0 kb_calls=0 kb_bytes=0 kb_success=0 kb_fail=0 total=4 injected=0 history_level=-1 x_level=1 kb_level=-1 shape_bad=0 x_each_worker_once=1
CASE_PASS m=3 n=1 sve16_entries=0 expected=0 old_entries=0 packed_entries=0 packed_expected=0
ALLOC_PASS m=3 n=7 small=1 history_expected=0 history_calls=0 history_bytes=0 history_success=0 history_fail=0 x_calls=4 x_bytes=768 x_success=4 x_fail=0 kb_calls=0 kb_bytes=0 kb_success=0 kb_fail=0 total=4 injected=0 history_level=-1 x_level=1 kb_level=-1 shape_bad=0 x_each_worker_once=1
CASE_PASS m=3 n=7 sve16_entries=0 expected=0 old_entries=0 packed_entries=0 packed_expected=0
ALLOC_PASS m=3 n=8 small=1 history_expected=0 history_calls=0 history_bytes=0 history_success=0 history_fail=0 x_calls=4 x_bytes=768 x_success=4 x_fail=0 kb_calls=0 kb_bytes=0 kb_success=0 kb_fail=0 total=4 injected=0 history_level=-1 x_level=1 kb_level=-1 shape_bad=0 x_each_worker_once=1
CASE_PASS m=3 n=8 sve16_entries=0 expected=0 old_entries=0 packed_entries=0 packed_expected=0
ALLOC_PASS m=3 n=9 small=1 history_expected=0 history_calls=0 history_bytes=0 history_success=0 history_fail=0 x_calls=4 x_bytes=768 x_success=4 x_fail=0 kb_calls=0 kb_bytes=0 kb_success=0 kb_fail=0 total=4 injected=0 history_level=-1 x_level=1 kb_level=-1 shape_bad=0 x_each_worker_once=1
CASE_PASS m=3 n=9 sve16_entries=0 expected=0 old_entries=0 packed_entries=0 packed_expected=0
ALLOC_PASS m=3 n=17 small=1 history_expected=0 history_calls=0 history_bytes=0 history_success=0 history_fail=0 x_calls=4 x_bytes=768 x_success=4 x_fail=0 kb_calls=0 kb_bytes=0 kb_success=0 kb_fail=0 total=4 injected=0 history_level=-1 x_level=1 kb_level=-1 shape_bad=0 x_each_worker_once=1
CASE_PASS m=3 n=17 sve16_entries=0 expected=0 old_entries=0 packed_entries=0 packed_expected=0
ALLOC_PASS m=4 n=1 small=1 history_expected=0 history_calls=0 history_bytes=0 history_success=0 history_fail=0 x_calls=4 x_bytes=1024 x_success=4 x_fail=0 kb_calls=0 kb_bytes=0 kb_success=0 kb_fail=0 total=4 injected=0 history_level=-1 x_level=1 kb_level=-1 shape_bad=0 x_each_worker_once=1
CASE_PASS m=4 n=1 sve16_entries=0 expected=0 old_entries=0 packed_entries=0 packed_expected=0
ALLOC_PASS m=4 n=7 small=1 history_expected=0 history_calls=0 history_bytes=0 history_success=0 history_fail=0 x_calls=4 x_bytes=1024 x_success=4 x_fail=0 kb_calls=0 kb_bytes=0 kb_success=0 kb_fail=0 total=4 injected=0 history_level=-1 x_level=1 kb_level=-1 shape_bad=0 x_each_worker_once=1
CASE_PASS m=4 n=7 sve16_entries=0 expected=0 old_entries=0 packed_entries=0 packed_expected=0
ALLOC_PASS m=4 n=8 small=1 history_expected=0 history_calls=0 history_bytes=0 history_success=0 history_fail=0 x_calls=4 x_bytes=1024 x_success=4 x_fail=0 kb_calls=0 kb_bytes=0 kb_success=0 kb_fail=0 total=4 injected=0 history_level=-1 x_level=1 kb_level=-1 shape_bad=0 x_each_worker_once=1
CASE_PASS m=4 n=8 sve16_entries=0 expected=0 old_entries=0 packed_entries=0 packed_expected=0
ALLOC_PASS m=4 n=9 small=1 history_expected=0 history_calls=0 history_bytes=0 history_success=0 history_fail=0 x_calls=4 x_bytes=1024 x_success=4 x_fail=0 kb_calls=0 kb_bytes=0 kb_success=0 kb_fail=0 total=4 injected=0 history_level=-1 x_level=1 kb_level=-1 shape_bad=0 x_each_worker_once=1
CASE_PASS m=4 n=9 sve16_entries=0 expected=0 old_entries=0 packed_entries=0 packed_expected=0
ALLOC_PASS m=4 n=17 small=1 history_expected=0 history_calls=0 history_bytes=0 history_success=0 history_fail=0 x_calls=4 x_bytes=1024 x_success=4 x_fail=0 kb_calls=0 kb_bytes=0 kb_success=0 kb_fail=0 total=4 injected=0 history_level=-1 x_level=1 kb_level=-1 shape_bad=0 x_each_worker_once=1
CASE_PASS m=4 n=17 sve16_entries=0 expected=0 old_entries=0 packed_entries=0 packed_expected=0
ALLOC_PASS m=5 n=1 small=1 history_expected=0 history_calls=0 history_bytes=0 history_success=0 history_fail=0 x_calls=4 x_bytes=1280 x_success=4 x_fail=0 kb_calls=0 kb_bytes=0 kb_success=0 kb_fail=0 total=4 injected=0 history_level=-1 x_level=1 kb_level=-1 shape_bad=0 x_each_worker_once=1
CASE_PASS m=5 n=1 sve16_entries=0 expected=0 old_entries=0 packed_entries=0 packed_expected=0
ALLOC_PASS m=5 n=7 small=1 history_expected=0 history_calls=0 history_bytes=0 history_success=0 history_fail=0 x_calls=4 x_bytes=1280 x_success=4 x_fail=0 kb_calls=0 kb_bytes=0 kb_success=0 kb_fail=0 total=4 injected=0 history_level=-1 x_level=1 kb_level=-1 shape_bad=0 x_each_worker_once=1
CASE_PASS m=5 n=7 sve16_entries=0 expected=0 old_entries=0 packed_entries=0 packed_expected=0
ALLOC_PASS m=5 n=8 small=1 history_expected=0 history_calls=0 history_bytes=0 history_success=0 history_fail=0 x_calls=4 x_bytes=1280 x_success=4 x_fail=0 kb_calls=0 kb_bytes=0 kb_success=0 kb_fail=0 total=4 injected=0 history_level=-1 x_level=1 kb_level=-1 shape_bad=0 x_each_worker_once=1
CASE_PASS m=5 n=8 sve16_entries=0 expected=0 old_entries=0 packed_entries=0 packed_expected=0
ALLOC_PASS m=5 n=9 small=1 history_expected=0 history_calls=0 history_bytes=0 history_success=0 history_fail=0 x_calls=4 x_bytes=1280 x_success=4 x_fail=0 kb_calls=0 kb_bytes=0 kb_success=0 kb_fail=0 total=4 injected=0 history_level=-1 x_level=1 kb_level=-1 shape_bad=0 x_each_worker_once=1
CASE_PASS m=5 n=9 sve16_entries=0 expected=0 old_entries=0 packed_entries=0 packed_expected=0
ALLOC_PASS m=5 n=17 small=1 history_expected=0 history_calls=0 history_bytes=0 history_success=0 history_fail=0 x_calls=4 x_bytes=1280 x_success=4 x_fail=0 kb_calls=0 kb_bytes=0 kb_success=0 kb_fail=0 total=4 injected=0 history_level=-1 x_level=1 kb_level=-1 shape_bad=0 x_each_worker_once=1
CASE_PASS m=5 n=17 sve16_entries=0 expected=0 old_entries=0 packed_entries=0 packed_expected=0
ALLOC_PASS m=15 n=1 small=1 history_expected=0 history_calls=0 history_bytes=0 history_success=0 history_fail=0 x_calls=4 x_bytes=3840 x_success=4 x_fail=0 kb_calls=0 kb_bytes=0 kb_success=0 kb_fail=0 total=4 injected=0 history_level=-1 x_level=1 kb_level=-1 shape_bad=0 x_each_worker_once=1
CASE_PASS m=15 n=1 sve16_entries=0 expected=0 old_entries=0 packed_entries=0 packed_expected=0
ALLOC_PASS m=15 n=7 small=1 history_expected=0 history_calls=0 history_bytes=0 history_success=0 history_fail=0 x_calls=4 x_bytes=3840 x_success=4 x_fail=0 kb_calls=0 kb_bytes=0 kb_success=0 kb_fail=0 total=4 injected=0 history_level=-1 x_level=1 kb_level=-1 shape_bad=0 x_each_worker_once=1
CASE_PASS m=15 n=7 sve16_entries=0 expected=0 old_entries=0 packed_entries=0 packed_expected=0
ALLOC_PASS m=15 n=8 small=1 history_expected=0 history_calls=0 history_bytes=0 history_success=0 history_fail=0 x_calls=4 x_bytes=3840 x_success=4 x_fail=0 kb_calls=0 kb_bytes=0 kb_success=0 kb_fail=0 total=4 injected=0 history_level=-1 x_level=1 kb_level=-1 shape_bad=0 x_each_worker_once=1
CASE_PASS m=15 n=8 sve16_entries=0 expected=0 old_entries=0 packed_entries=0 packed_expected=0
ALLOC_PASS m=15 n=9 small=1 history_expected=0 history_calls=0 history_bytes=0 history_success=0 history_fail=0 x_calls=4 x_bytes=3840 x_success=4 x_fail=0 kb_calls=0 kb_bytes=0 kb_success=0 kb_fail=0 total=4 injected=0 history_level=-1 x_level=1 kb_level=-1 shape_bad=0 x_each_worker_once=1
CASE_PASS m=15 n=9 sve16_entries=0 expected=0 old_entries=0 packed_entries=0 packed_expected=0
ALLOC_PASS m=15 n=17 small=1 history_expected=0 history_calls=0 history_bytes=0 history_success=0 history_fail=0 x_calls=4 x_bytes=3840 x_success=4 x_fail=0 kb_calls=0 kb_bytes=0 kb_success=0 kb_fail=0 total=4 injected=0 history_level=-1 x_level=1 kb_level=-1 shape_bad=0 x_each_worker_once=1
CASE_PASS m=15 n=17 sve16_entries=0 expected=0 old_entries=0 packed_entries=0 packed_expected=0
ALLOC_PASS m=16 n=1 small=1 history_expected=0 history_calls=0 history_bytes=0 history_success=0 history_fail=0 x_calls=4 x_bytes=4096 x_success=4 x_fail=0 kb_calls=0 kb_bytes=0 kb_success=0 kb_fail=0 total=4 injected=0 history_level=-1 x_level=1 kb_level=-1 shape_bad=0 x_each_worker_once=1
CASE_PASS m=16 n=1 sve16_entries=0 expected=0 old_entries=0 packed_entries=0 packed_expected=0
ALLOC_PASS m=16 n=7 small=1 history_expected=0 history_calls=0 history_bytes=0 history_success=0 history_fail=0 x_calls=4 x_bytes=4096 x_success=4 x_fail=0 kb_calls=0 kb_bytes=0 kb_success=0 kb_fail=0 total=4 injected=0 history_level=-1 x_level=1 kb_level=-1 shape_bad=0 x_each_worker_once=1
CASE_PASS m=16 n=7 sve16_entries=0 expected=0 old_entries=0 packed_entries=0 packed_expected=0
ALLOC_PASS m=16 n=8 small=1 history_expected=0 history_calls=0 history_bytes=0 history_success=0 history_fail=0 x_calls=4 x_bytes=4096 x_success=4 x_fail=0 kb_calls=0 kb_bytes=0 kb_success=0 kb_fail=0 total=4 injected=0 history_level=-1 x_level=1 kb_level=-1 shape_bad=0 x_each_worker_once=1
CASE_PASS m=16 n=8 sve16_entries=0 expected=0 old_entries=0 packed_entries=0 packed_expected=0
ALLOC_PASS m=16 n=9 small=1 history_expected=0 history_calls=0 history_bytes=0 history_success=0 history_fail=0 x_calls=4 x_bytes=4096 x_success=4 x_fail=0 kb_calls=0 kb_bytes=0 kb_success=0 kb_fail=0 total=4 injected=0 history_level=-1 x_level=1 kb_level=-1 shape_bad=0 x_each_worker_once=1
CASE_PASS m=16 n=9 sve16_entries=0 expected=0 old_entries=0 packed_entries=0 packed_expected=0
ALLOC_PASS m=16 n=17 small=1 history_expected=0 history_calls=0 history_bytes=0 history_success=0 history_fail=0 x_calls=4 x_bytes=4096 x_success=4 x_fail=0 kb_calls=0 kb_bytes=0 kb_success=0 kb_fail=0 total=4 injected=0 history_level=-1 x_level=1 kb_level=-1 shape_bad=0 x_each_worker_once=1
CASE_PASS m=16 n=17 sve16_entries=0 expected=0 old_entries=0 packed_entries=0 packed_expected=0
ALLOC_PASS m=17 n=1 small=1 history_expected=0 history_calls=0 history_bytes=0 history_success=0 history_fail=0 x_calls=4 x_bytes=4352 x_success=4 x_fail=0 kb_calls=0 kb_bytes=0 kb_success=0 kb_fail=0 total=4 injected=0 history_level=-1 x_level=1 kb_level=-1 shape_bad=0 x_each_worker_once=1
CASE_PASS m=17 n=1 sve16_entries=0 expected=0 old_entries=0 packed_entries=0 packed_expected=0
ALLOC_PASS m=17 n=7 small=1 history_expected=0 history_calls=0 history_bytes=0 history_success=0 history_fail=0 x_calls=4 x_bytes=4352 x_success=4 x_fail=0 kb_calls=0 kb_bytes=0 kb_success=0 kb_fail=0 total=4 injected=0 history_level=-1 x_level=1 kb_level=-1 shape_bad=0 x_each_worker_once=1
CASE_PASS m=17 n=7 sve16_entries=0 expected=0 old_entries=0 packed_entries=0 packed_expected=0
ALLOC_PASS m=17 n=8 small=1 history_expected=0 history_calls=0 history_bytes=0 history_success=0 history_fail=0 x_calls=4 x_bytes=4352 x_success=4 x_fail=0 kb_calls=0 kb_bytes=0 kb_success=0 kb_fail=0 total=4 injected=0 history_level=-1 x_level=1 kb_level=-1 shape_bad=0 x_each_worker_once=1
CASE_PASS m=17 n=8 sve16_entries=0 expected=0 old_entries=0 packed_entries=0 packed_expected=0
ALLOC_PASS m=17 n=9 small=1 history_expected=0 history_calls=0 history_bytes=0 history_success=0 history_fail=0 x_calls=4 x_bytes=4352 x_success=4 x_fail=0 kb_calls=0 kb_bytes=0 kb_success=0 kb_fail=0 total=4 injected=0 history_level=-1 x_level=1 kb_level=-1 shape_bad=0 x_each_worker_once=1
CASE_PASS m=17 n=9 sve16_entries=0 expected=0 old_entries=0 packed_entries=0 packed_expected=0
ALLOC_PASS m=17 n=17 small=1 history_expected=0 history_calls=0 history_bytes=0 history_success=0 history_fail=0 x_calls=4 x_bytes=4352 x_success=4 x_fail=0 kb_calls=0 kb_bytes=0 kb_success=0 kb_fail=0 total=4 injected=0 history_level=-1 x_level=1 kb_level=-1 shape_bad=0 x_each_worker_once=1
CASE_PASS m=17 n=17 sve16_entries=0 expected=0 old_entries=0 packed_entries=0 packed_expected=0
ALLOC_PASS m=31 n=1 small=1 history_expected=0 history_calls=0 history_bytes=0 history_success=0 history_fail=0 x_calls=4 x_bytes=7936 x_success=4 x_fail=0 kb_calls=0 kb_bytes=0 kb_success=0 kb_fail=0 total=4 injected=0 history_level=-1 x_level=1 kb_level=-1 shape_bad=0 x_each_worker_once=1
CASE_PASS m=31 n=1 sve16_entries=0 expected=0 old_entries=0 packed_entries=0 packed_expected=0
ALLOC_PASS m=31 n=7 small=1 history_expected=0 history_calls=0 history_bytes=0 history_success=0 history_fail=0 x_calls=4 x_bytes=7936 x_success=4 x_fail=0 kb_calls=0 kb_bytes=0 kb_success=0 kb_fail=0 total=4 injected=0 history_level=-1 x_level=1 kb_level=-1 shape_bad=0 x_each_worker_once=1
CASE_PASS m=31 n=7 sve16_entries=0 expected=0 old_entries=0 packed_entries=0 packed_expected=0
ALLOC_PASS m=31 n=8 small=1 history_expected=0 history_calls=0 history_bytes=0 history_success=0 history_fail=0 x_calls=4 x_bytes=7936 x_success=4 x_fail=0 kb_calls=0 kb_bytes=0 kb_success=0 kb_fail=0 total=4 injected=0 history_level=-1 x_level=1 kb_level=-1 shape_bad=0 x_each_worker_once=1
CASE_PASS m=31 n=8 sve16_entries=0 expected=0 old_entries=0 packed_entries=0 packed_expected=0
ALLOC_PASS m=31 n=9 small=1 history_expected=0 history_calls=0 history_bytes=0 history_success=0 history_fail=0 x_calls=4 x_bytes=7936 x_success=4 x_fail=0 kb_calls=0 kb_bytes=0 kb_success=0 kb_fail=0 total=4 injected=0 history_level=-1 x_level=1 kb_level=-1 shape_bad=0 x_each_worker_once=1
CASE_PASS m=31 n=9 sve16_entries=0 expected=0 old_entries=0 packed_entries=0 packed_expected=0
ALLOC_PASS m=31 n=17 small=1 history_expected=0 history_calls=0 history_bytes=0 history_success=0 history_fail=0 x_calls=4 x_bytes=7936 x_success=4 x_fail=0 kb_calls=0 kb_bytes=0 kb_success=0 kb_fail=0 total=4 injected=0 history_level=-1 x_level=1 kb_level=-1 shape_bad=0 x_each_worker_once=1
CASE_PASS m=31 n=17 sve16_entries=0 expected=0 old_entries=0 packed_entries=0 packed_expected=0
ALLOC_PASS m=32 n=1 small=1 history_expected=0 history_calls=0 history_bytes=0 history_success=0 history_fail=0 x_calls=4 x_bytes=8192 x_success=4 x_fail=0 kb_calls=0 kb_bytes=0 kb_success=0 kb_fail=0 total=4 injected=0 history_level=-1 x_level=1 kb_level=-1 shape_bad=0 x_each_worker_once=1
CASE_PASS m=32 n=1 sve16_entries=0 expected=0 old_entries=0 packed_entries=0 packed_expected=0
ALLOC_PASS m=32 n=7 small=1 history_expected=0 history_calls=0 history_bytes=0 history_success=0 history_fail=0 x_calls=4 x_bytes=8192 x_success=4 x_fail=0 kb_calls=0 kb_bytes=0 kb_success=0 kb_fail=0 total=4 injected=0 history_level=-1 x_level=1 kb_level=-1 shape_bad=0 x_each_worker_once=1
CASE_PASS m=32 n=7 sve16_entries=0 expected=0 old_entries=0 packed_entries=0 packed_expected=0
ALLOC_PASS m=32 n=8 small=1 history_expected=0 history_calls=0 history_bytes=0 history_success=0 history_fail=0 x_calls=4 x_bytes=8192 x_success=4 x_fail=0 kb_calls=0 kb_bytes=0 kb_success=0 kb_fail=0 total=4 injected=0 history_level=-1 x_level=1 kb_level=-1 shape_bad=0 x_each_worker_once=1
CASE_PASS m=32 n=8 sve16_entries=0 expected=0 old_entries=0 packed_entries=0 packed_expected=0
ALLOC_PASS m=32 n=9 small=1 history_expected=0 history_calls=0 history_bytes=0 history_success=0 history_fail=0 x_calls=4 x_bytes=8192 x_success=4 x_fail=0 kb_calls=0 kb_bytes=0 kb_success=0 kb_fail=0 total=4 injected=0 history_level=-1 x_level=1 kb_level=-1 shape_bad=0 x_each_worker_once=1
CASE_PASS m=32 n=9 sve16_entries=0 expected=0 old_entries=0 packed_entries=0 packed_expected=0
ALLOC_PASS m=32 n=17 small=1 history_expected=0 history_calls=0 history_bytes=0 history_success=0 history_fail=0 x_calls=4 x_bytes=8192 x_success=4 x_fail=0 kb_calls=0 kb_bytes=0 kb_success=0 kb_fail=0 total=4 injected=0 history_level=-1 x_level=1 kb_level=-1 shape_bad=0 x_each_worker_once=1
CASE_PASS m=32 n=17 sve16_entries=0 expected=0 old_entries=0 packed_entries=0 packed_expected=0
ALLOC_PASS m=33 n=1 small=1 history_expected=0 history_calls=0 history_bytes=0 history_success=0 history_fail=0 x_calls=4 x_bytes=8448 x_success=4 x_fail=0 kb_calls=0 kb_bytes=0 kb_success=0 kb_fail=0 total=4 injected=0 history_level=-1 x_level=1 kb_level=-1 shape_bad=0 x_each_worker_once=1
CASE_PASS m=33 n=1 sve16_entries=0 expected=0 old_entries=0 packed_entries=0 packed_expected=0
ALLOC_PASS m=33 n=7 small=1 history_expected=0 history_calls=0 history_bytes=0 history_success=0 history_fail=0 x_calls=4 x_bytes=8448 x_success=4 x_fail=0 kb_calls=0 kb_bytes=0 kb_success=0 kb_fail=0 total=4 injected=0 history_level=-1 x_level=1 kb_level=-1 shape_bad=0 x_each_worker_once=1
CASE_PASS m=33 n=7 sve16_entries=0 expected=0 old_entries=0 packed_entries=0 packed_expected=0
ALLOC_PASS m=33 n=8 small=1 history_expected=0 history_calls=0 history_bytes=0 history_success=0 history_fail=0 x_calls=4 x_bytes=8448 x_success=4 x_fail=0 kb_calls=0 kb_bytes=0 kb_success=0 kb_fail=0 total=4 injected=0 history_level=-1 x_level=1 kb_level=-1 shape_bad=0 x_each_worker_once=1
CASE_PASS m=33 n=8 sve16_entries=0 expected=0 old_entries=0 packed_entries=0 packed_expected=0
ALLOC_PASS m=33 n=9 small=1 history_expected=0 history_calls=0 history_bytes=0 history_success=0 history_fail=0 x_calls=4 x_bytes=8448 x_success=4 x_fail=0 kb_calls=0 kb_bytes=0 kb_success=0 kb_fail=0 total=4 injected=0 history_level=-1 x_level=1 kb_level=-1 shape_bad=0 x_each_worker_once=1
CASE_PASS m=33 n=9 sve16_entries=0 expected=0 old_entries=0 packed_entries=0 packed_expected=0
ALLOC_PASS m=33 n=17 small=1 history_expected=0 history_calls=0 history_bytes=0 history_success=0 history_fail=0 x_calls=4 x_bytes=8448 x_success=4 x_fail=0 kb_calls=0 kb_bytes=0 kb_success=0 kb_fail=0 total=4 injected=0 history_level=-1 x_level=1 kb_level=-1 shape_bad=0 x_each_worker_once=1
CASE_PASS m=33 n=17 sve16_entries=0 expected=0 old_entries=0 packed_entries=0 packed_expected=0
ALLOC_PASS m=63 n=1 small=1 history_expected=0 history_calls=0 history_bytes=0 history_success=0 history_fail=0 x_calls=4 x_bytes=16128 x_success=4 x_fail=0 kb_calls=0 kb_bytes=0 kb_success=0 kb_fail=0 total=4 injected=0 history_level=-1 x_level=1 kb_level=-1 shape_bad=0 x_each_worker_once=1
CASE_PASS m=63 n=1 sve16_entries=0 expected=0 old_entries=0 packed_entries=0 packed_expected=0
ALLOC_PASS m=63 n=7 small=1 history_expected=0 history_calls=0 history_bytes=0 history_success=0 history_fail=0 x_calls=4 x_bytes=16128 x_success=4 x_fail=0 kb_calls=0 kb_bytes=0 kb_success=0 kb_fail=0 total=4 injected=0 history_level=-1 x_level=1 kb_level=-1 shape_bad=0 x_each_worker_once=1
CASE_PASS m=63 n=7 sve16_entries=0 expected=0 old_entries=0 packed_entries=0 packed_expected=0
ALLOC_PASS m=63 n=8 small=1 history_expected=0 history_calls=0 history_bytes=0 history_success=0 history_fail=0 x_calls=4 x_bytes=16128 x_success=4 x_fail=0 kb_calls=0 kb_bytes=0 kb_success=0 kb_fail=0 total=4 injected=0 history_level=-1 x_level=1 kb_level=-1 shape_bad=0 x_each_worker_once=1
CASE_PASS m=63 n=8 sve16_entries=0 expected=0 old_entries=0 packed_entries=0 packed_expected=0
ALLOC_PASS m=63 n=9 small=1 history_expected=0 history_calls=0 history_bytes=0 history_success=0 history_fail=0 x_calls=4 x_bytes=16128 x_success=4 x_fail=0 kb_calls=0 kb_bytes=0 kb_success=0 kb_fail=0 total=4 injected=0 history_level=-1 x_level=1 kb_level=-1 shape_bad=0 x_each_worker_once=1
CASE_PASS m=63 n=9 sve16_entries=0 expected=0 old_entries=0 packed_entries=0 packed_expected=0
ALLOC_PASS m=63 n=17 small=1 history_expected=0 history_calls=0 history_bytes=0 history_success=0 history_fail=0 x_calls=4 x_bytes=16128 x_success=4 x_fail=0 kb_calls=0 kb_bytes=0 kb_success=0 kb_fail=0 total=4 injected=0 history_level=-1 x_level=1 kb_level=-1 shape_bad=0 x_each_worker_once=1
CASE_PASS m=63 n=17 sve16_entries=0 expected=0 old_entries=0 packed_entries=0 packed_expected=0
ALLOC_PASS m=64 n=1 small=1 history_expected=0 history_calls=0 history_bytes=0 history_success=0 history_fail=0 x_calls=4 x_bytes=16384 x_success=4 x_fail=0 kb_calls=0 kb_bytes=0 kb_success=0 kb_fail=0 total=4 injected=0 history_level=-1 x_level=1 kb_level=-1 shape_bad=0 x_each_worker_once=1
CASE_PASS m=64 n=1 sve16_entries=0 expected=0 old_entries=0 packed_entries=0 packed_expected=0
ALLOC_PASS m=64 n=7 small=1 history_expected=0 history_calls=0 history_bytes=0 history_success=0 history_fail=0 x_calls=4 x_bytes=16384 x_success=4 x_fail=0 kb_calls=0 kb_bytes=0 kb_success=0 kb_fail=0 total=4 injected=0 history_level=-1 x_level=1 kb_level=-1 shape_bad=0 x_each_worker_once=1
CASE_PASS m=64 n=7 sve16_entries=0 expected=0 old_entries=0 packed_entries=0 packed_expected=0
ALLOC_PASS m=64 n=8 small=1 history_expected=0 history_calls=0 history_bytes=0 history_success=0 history_fail=0 x_calls=4 x_bytes=16384 x_success=4 x_fail=0 kb_calls=0 kb_bytes=0 kb_success=0 kb_fail=0 total=4 injected=0 history_level=-1 x_level=1 kb_level=-1 shape_bad=0 x_each_worker_once=1
CASE_PASS m=64 n=8 sve16_entries=0 expected=0 old_entries=0 packed_entries=0 packed_expected=0
ALLOC_PASS m=64 n=9 small=1 history_expected=0 history_calls=0 history_bytes=0 history_success=0 history_fail=0 x_calls=4 x_bytes=16384 x_success=4 x_fail=0 kb_calls=0 kb_bytes=0 kb_success=0 kb_fail=0 total=4 injected=0 history_level=-1 x_level=1 kb_level=-1 shape_bad=0 x_each_worker_once=1
CASE_PASS m=64 n=9 sve16_entries=0 expected=0 old_entries=0 packed_entries=0 packed_expected=0
ALLOC_PASS m=64 n=17 small=1 history_expected=0 history_calls=0 history_bytes=0 history_success=0 history_fail=0 x_calls=4 x_bytes=16384 x_success=4 x_fail=0 kb_calls=0 kb_bytes=0 kb_success=0 kb_fail=0 total=4 injected=0 history_level=-1 x_level=1 kb_level=-1 shape_bad=0 x_each_worker_once=1
CASE_PASS m=64 n=17 sve16_entries=0 expected=0 old_entries=0 packed_entries=0 packed_expected=0
ALLOC_PASS m=65 n=1 small=1 history_expected=0 history_calls=0 history_bytes=0 history_success=0 history_fail=0 x_calls=4 x_bytes=16640 x_success=4 x_fail=0 kb_calls=0 kb_bytes=0 kb_success=0 kb_fail=0 total=4 injected=0 history_level=-1 x_level=1 kb_level=-1 shape_bad=0 x_each_worker_once=1
CASE_PASS m=65 n=1 sve16_entries=0 expected=0 old_entries=0 packed_entries=0 packed_expected=0
ALLOC_PASS m=65 n=7 small=1 history_expected=0 history_calls=0 history_bytes=0 history_success=0 history_fail=0 x_calls=4 x_bytes=16640 x_success=4 x_fail=0 kb_calls=0 kb_bytes=0 kb_success=0 kb_fail=0 total=4 injected=0 history_level=-1 x_level=1 kb_level=-1 shape_bad=0 x_each_worker_once=1
CASE_PASS m=65 n=7 sve16_entries=0 expected=0 old_entries=0 packed_entries=0 packed_expected=0
ALLOC_PASS m=65 n=8 small=1 history_expected=0 history_calls=0 history_bytes=0 history_success=0 history_fail=0 x_calls=4 x_bytes=16640 x_success=4 x_fail=0 kb_calls=0 kb_bytes=0 kb_success=0 kb_fail=0 total=4 injected=0 history_level=-1 x_level=1 kb_level=-1 shape_bad=0 x_each_worker_once=1
CASE_PASS m=65 n=8 sve16_entries=0 expected=0 old_entries=0 packed_entries=0 packed_expected=0
ALLOC_PASS m=65 n=9 small=1 history_expected=0 history_calls=0 history_bytes=0 history_success=0 history_fail=0 x_calls=4 x_bytes=16640 x_success=4 x_fail=0 kb_calls=0 kb_bytes=0 kb_success=0 kb_fail=0 total=4 injected=0 history_level=-1 x_level=1 kb_level=-1 shape_bad=0 x_each_worker_once=1
CASE_PASS m=65 n=9 sve16_entries=0 expected=0 old_entries=0 packed_entries=0 packed_expected=0
ALLOC_PASS m=65 n=17 small=1 history_expected=0 history_calls=0 history_bytes=0 history_success=0 history_fail=0 x_calls=4 x_bytes=16640 x_success=4 x_fail=0 kb_calls=0 kb_bytes=0 kb_success=0 kb_fail=0 total=4 injected=0 history_level=-1 x_level=1 kb_level=-1 shape_bad=0 x_each_worker_once=1
CASE_PASS m=65 n=17 sve16_entries=0 expected=0 old_entries=0 packed_entries=0 packed_expected=0
ALLOC_PASS m=255 n=1 small=1 history_expected=0 history_calls=0 history_bytes=0 history_success=0 history_fail=0 x_calls=4 x_bytes=65280 x_success=4 x_fail=0 kb_calls=0 kb_bytes=0 kb_success=0 kb_fail=0 total=4 injected=0 history_level=-1 x_level=1 kb_level=-1 shape_bad=0 x_each_worker_once=1
CASE_PASS m=255 n=1 sve16_entries=0 expected=0 old_entries=0 packed_entries=0 packed_expected=0
ALLOC_PASS m=255 n=7 small=1 history_expected=0 history_calls=0 history_bytes=0 history_success=0 history_fail=0 x_calls=4 x_bytes=65280 x_success=4 x_fail=0 kb_calls=0 kb_bytes=0 kb_success=0 kb_fail=0 total=4 injected=0 history_level=-1 x_level=1 kb_level=-1 shape_bad=0 x_each_worker_once=1
CASE_PASS m=255 n=7 sve16_entries=0 expected=0 old_entries=0 packed_entries=0 packed_expected=0
ALLOC_PASS m=255 n=8 small=1 history_expected=0 history_calls=0 history_bytes=0 history_success=0 history_fail=0 x_calls=4 x_bytes=65280 x_success=4 x_fail=0 kb_calls=0 kb_bytes=0 kb_success=0 kb_fail=0 total=4 injected=0 history_level=-1 x_level=1 kb_level=-1 shape_bad=0 x_each_worker_once=1
CASE_PASS m=255 n=8 sve16_entries=0 expected=0 old_entries=0 packed_entries=0 packed_expected=0
ALLOC_PASS m=255 n=9 small=1 history_expected=0 history_calls=0 history_bytes=0 history_success=0 history_fail=0 x_calls=4 x_bytes=65280 x_success=4 x_fail=0 kb_calls=0 kb_bytes=0 kb_success=0 kb_fail=0 total=4 injected=0 history_level=-1 x_level=1 kb_level=-1 shape_bad=0 x_each_worker_once=1
CASE_PASS m=255 n=9 sve16_entries=0 expected=0 old_entries=0 packed_entries=0 packed_expected=0
ALLOC_PASS m=255 n=17 small=1 history_expected=0 history_calls=0 history_bytes=0 history_success=0 history_fail=0 x_calls=4 x_bytes=65280 x_success=4 x_fail=0 kb_calls=0 kb_bytes=0 kb_success=0 kb_fail=0 total=4 injected=0 history_level=-1 x_level=1 kb_level=-1 shape_bad=0 x_each_worker_once=1
CASE_PASS m=255 n=17 sve16_entries=0 expected=0 old_entries=0 packed_entries=0 packed_expected=0
ALLOC_PASS m=256 n=1 small=1 history_expected=0 history_calls=0 history_bytes=0 history_success=0 history_fail=0 x_calls=4 x_bytes=65536 x_success=4 x_fail=0 kb_calls=0 kb_bytes=0 kb_success=0 kb_fail=0 total=4 injected=0 history_level=-1 x_level=1 kb_level=-1 shape_bad=0 x_each_worker_once=1
CASE_PASS m=256 n=1 sve16_entries=0 expected=0 old_entries=0 packed_entries=0 packed_expected=0
ALLOC_PASS m=256 n=7 small=1 history_expected=0 history_calls=0 history_bytes=0 history_success=0 history_fail=0 x_calls=4 x_bytes=65536 x_success=4 x_fail=0 kb_calls=0 kb_bytes=0 kb_success=0 kb_fail=0 total=4 injected=0 history_level=-1 x_level=1 kb_level=-1 shape_bad=0 x_each_worker_once=1
CASE_PASS m=256 n=7 sve16_entries=0 expected=0 old_entries=0 packed_entries=0 packed_expected=0
ALLOC_PASS m=256 n=8 small=1 history_expected=0 history_calls=0 history_bytes=0 history_success=0 history_fail=0 x_calls=4 x_bytes=65536 x_success=4 x_fail=0 kb_calls=0 kb_bytes=0 kb_success=0 kb_fail=0 total=4 injected=0 history_level=-1 x_level=1 kb_level=-1 shape_bad=0 x_each_worker_once=1
CASE_PASS m=256 n=8 sve16_entries=0 expected=0 old_entries=0 packed_entries=0 packed_expected=0
ALLOC_PASS m=256 n=9 small=1 history_expected=0 history_calls=0 history_bytes=0 history_success=0 history_fail=0 x_calls=4 x_bytes=65536 x_success=4 x_fail=0 kb_calls=0 kb_bytes=0 kb_success=0 kb_fail=0 total=4 injected=0 history_level=-1 x_level=1 kb_level=-1 shape_bad=0 x_each_worker_once=1
CASE_PASS m=256 n=9 sve16_entries=0 expected=0 old_entries=0 packed_entries=0 packed_expected=0
ALLOC_PASS m=256 n=17 small=1 history_expected=0 history_calls=0 history_bytes=0 history_success=0 history_fail=0 x_calls=4 x_bytes=65536 x_success=4 x_fail=0 kb_calls=0 kb_bytes=0 kb_success=0 kb_fail=0 total=4 injected=0 history_level=-1 x_level=1 kb_level=-1 shape_bad=0 x_each_worker_once=1
CASE_PASS m=256 n=17 sve16_entries=0 expected=0 old_entries=0 packed_entries=0 packed_expected=0
ALLOC_PASS m=257 n=1 small=1 history_expected=0 history_calls=0 history_bytes=0 history_success=0 history_fail=0 x_calls=4 x_bytes=65792 x_success=4 x_fail=0 kb_calls=0 kb_bytes=0 kb_success=0 kb_fail=0 total=4 injected=0 history_level=-1 x_level=1 kb_level=-1 shape_bad=0 x_each_worker_once=1
CASE_PASS m=257 n=1 sve16_entries=0 expected=0 old_entries=0 packed_entries=0 packed_expected=0
ALLOC_PASS m=257 n=7 small=1 history_expected=0 history_calls=0 history_bytes=0 history_success=0 history_fail=0 x_calls=4 x_bytes=65792 x_success=4 x_fail=0 kb_calls=0 kb_bytes=0 kb_success=0 kb_fail=0 total=4 injected=0 history_level=-1 x_level=1 kb_level=-1 shape_bad=0 x_each_worker_once=1
CASE_PASS m=257 n=7 sve16_entries=0 expected=0 old_entries=0 packed_entries=0 packed_expected=0
ALLOC_PASS m=257 n=8 small=1 history_expected=0 history_calls=0 history_bytes=0 history_success=0 history_fail=0 x_calls=4 x_bytes=65792 x_success=4 x_fail=0 kb_calls=0 kb_bytes=0 kb_success=0 kb_fail=0 total=4 injected=0 history_level=-1 x_level=1 kb_level=-1 shape_bad=0 x_each_worker_once=1
CASE_PASS m=257 n=8 sve16_entries=0 expected=0 old_entries=0 packed_entries=0 packed_expected=0
ALLOC_PASS m=257 n=9 small=1 history_expected=0 history_calls=0 history_bytes=0 history_success=0 history_fail=0 x_calls=4 x_bytes=65792 x_success=4 x_fail=0 kb_calls=0 kb_bytes=0 kb_success=0 kb_fail=0 total=4 injected=0 history_level=-1 x_level=1 kb_level=-1 shape_bad=0 x_each_worker_once=1
CASE_PASS m=257 n=9 sve16_entries=0 expected=0 old_entries=0 packed_entries=0 packed_expected=0
ALLOC_PASS m=257 n=17 small=1 history_expected=0 history_calls=0 history_bytes=0 history_success=0 history_fail=0 x_calls=4 x_bytes=65792 x_success=4 x_fail=0 kb_calls=0 kb_bytes=0 kb_success=0 kb_fail=0 total=4 injected=0 history_level=-1 x_level=1 kb_level=-1 shape_bad=0 x_each_worker_once=1
CASE_PASS m=257 n=17 sve16_entries=0 expected=0 old_entries=0 packed_entries=0 packed_expected=0
ALLOCATION_SUMMARY_PASS cases=80 budget_cases=0 shared_injection_cases=0
PASS whole_cases=80 noop_cases=4 non_dyadic_long_double_RHS=1 padding_L_unchanged=1 max_error=1.1102230246251565e-16
SOURCE_FEATURES_PASS panel16=1 packedL16=0 has_budget=0 history_budget_bytes=0
MODE=full THREADS=4 NARROW_VL=0 EXPECT_SVE16=0 EXPECT_PACKEDL16=0
ALLOC_PASS m=1 n=1 small=1 history_expected=0 history_calls=0 history_bytes=0 history_success=0 history_fail=0 x_calls=4 x_bytes=256 x_success=0 x_fail=4 kb_calls=0 kb_bytes=0 kb_success=0 kb_fail=0 total=4 injected=4 history_level=-1 x_level=1 kb_level=-1 shape_bad=0 x_each_worker_once=1
CASE_PASS m=1 n=1 sve16_entries=0 expected=0 old_entries=0 packed_entries=0 packed_expected=0
ALLOC_PASS m=1 n=7 small=1 history_expected=0 history_calls=0 history_bytes=0 history_success=0 history_fail=0 x_calls=4 x_bytes=256 x_success=0 x_fail=4 kb_calls=0 kb_bytes=0 kb_success=0 kb_fail=0 total=4 injected=4 history_level=-1 x_level=1 kb_level=-1 shape_bad=0 x_each_worker_once=1
CASE_PASS m=1 n=7 sve16_entries=0 expected=0 old_entries=0 packed_entries=0 packed_expected=0
ALLOC_PASS m=1 n=8 small=1 history_expected=0 history_calls=0 history_bytes=0 history_success=0 history_fail=0 x_calls=4 x_bytes=256 x_success=0 x_fail=4 kb_calls=0 kb_bytes=0 kb_success=0 kb_fail=0 total=4 injected=4 history_level=-1 x_level=1 kb_level=-1 shape_bad=0 x_each_worker_once=1
CASE_PASS m=1 n=8 sve16_entries=0 expected=0 old_entries=0 packed_entries=0 packed_expected=0
ALLOC_PASS m=1 n=9 small=1 history_expected=0 history_calls=0 history_bytes=0 history_success=0 history_fail=0 x_calls=4 x_bytes=256 x_success=0 x_fail=4 kb_calls=0 kb_bytes=0 kb_success=0 kb_fail=0 total=4 injected=4 history_level=-1 x_level=1 kb_level=-1 shape_bad=0 x_each_worker_once=1
CASE_PASS m=1 n=9 sve16_entries=0 expected=0 old_entries=0 packed_entries=0 packed_expected=0
ALLOC_PASS m=1 n=17 small=1 history_expected=0 history_calls=0 history_bytes=0 history_success=0 history_fail=0 x_calls=4 x_bytes=256 x_success=0 x_fail=4 kb_calls=0 kb_bytes=0 kb_success=0 kb_fail=0 total=4 injected=4 history_level=-1 x_level=1 kb_level=-1 shape_bad=0 x_each_worker_once=1
CASE_PASS m=1 n=17 sve16_entries=0 expected=0 old_entries=0 packed_entries=0 packed_expected=0
ALLOC_PASS m=3 n=1 small=1 history_expected=0 history_calls=0 history_bytes=0 history_success=0 history_fail=0 x_calls=4 x_bytes=768 x_success=0 x_fail=4 kb_calls=0 kb_bytes=0 kb_success=0 kb_fail=0 total=4 injected=4 history_level=-1 x_level=1 kb_level=-1 shape_bad=0 x_each_worker_once=1
CASE_PASS m=3 n=1 sve16_entries=0 expected=0 old_entries=0 packed_entries=0 packed_expected=0
ALLOC_PASS m=3 n=7 small=1 history_expected=0 history_calls=0 history_bytes=0 history_success=0 history_fail=0 x_calls=4 x_bytes=768 x_success=0 x_fail=4 kb_calls=0 kb_bytes=0 kb_success=0 kb_fail=0 total=4 injected=4 history_level=-1 x_level=1 kb_level=-1 shape_bad=0 x_each_worker_once=1
CASE_PASS m=3 n=7 sve16_entries=0 expected=0 old_entries=0 packed_entries=0 packed_expected=0
ALLOC_PASS m=3 n=8 small=1 history_expected=0 history_calls=0 history_bytes=0 history_success=0 history_fail=0 x_calls=4 x_bytes=768 x_success=0 x_fail=4 kb_calls=0 kb_bytes=0 kb_success=0 kb_fail=0 total=4 injected=4 history_level=-1 x_level=1 kb_level=-1 shape_bad=0 x_each_worker_once=1
CASE_PASS m=3 n=8 sve16_entries=0 expected=0 old_entries=0 packed_entries=0 packed_expected=0
ALLOC_PASS m=3 n=9 small=1 history_expected=0 history_calls=0 history_bytes=0 history_success=0 history_fail=0 x_calls=4 x_bytes=768 x_success=0 x_fail=4 kb_calls=0 kb_bytes=0 kb_success=0 kb_fail=0 total=4 injected=4 history_level=-1 x_level=1 kb_level=-1 shape_bad=0 x_each_worker_once=1
CASE_PASS m=3 n=9 sve16_entries=0 expected=0 old_entries=0 packed_entries=0 packed_expected=0
ALLOC_PASS m=3 n=17 small=1 history_expected=0 history_calls=0 history_bytes=0 history_success=0 history_fail=0 x_calls=4 x_bytes=768 x_success=0 x_fail=4 kb_calls=0 kb_bytes=0 kb_success=0 kb_fail=0 total=4 injected=4 history_level=-1 x_level=1 kb_level=-1 shape_bad=0 x_each_worker_once=1
CASE_PASS m=3 n=17 sve16_entries=0 expected=0 old_entries=0 packed_entries=0 packed_expected=0
ALLOC_PASS m=4 n=1 small=1 history_expected=0 history_calls=0 history_bytes=0 history_success=0 history_fail=0 x_calls=4 x_bytes=1024 x_success=0 x_fail=4 kb_calls=0 kb_bytes=0 kb_success=0 kb_fail=0 total=4 injected=4 history_level=-1 x_level=1 kb_level=-1 shape_bad=0 x_each_worker_once=1
CASE_PASS m=4 n=1 sve16_entries=0 expected=0 old_entries=0 packed_entries=0 packed_expected=0
ALLOC_PASS m=4 n=7 small=1 history_expected=0 history_calls=0 history_bytes=0 history_success=0 history_fail=0 x_calls=4 x_bytes=1024 x_success=0 x_fail=4 kb_calls=0 kb_bytes=0 kb_success=0 kb_fail=0 total=4 injected=4 history_level=-1 x_level=1 kb_level=-1 shape_bad=0 x_each_worker_once=1
CASE_PASS m=4 n=7 sve16_entries=0 expected=0 old_entries=0 packed_entries=0 packed_expected=0
ALLOC_PASS m=4 n=8 small=1 history_expected=0 history_calls=0 history_bytes=0 history_success=0 history_fail=0 x_calls=4 x_bytes=1024 x_success=0 x_fail=4 kb_calls=0 kb_bytes=0 kb_success=0 kb_fail=0 total=4 injected=4 history_level=-1 x_level=1 kb_level=-1 shape_bad=0 x_each_worker_once=1
CASE_PASS m=4 n=8 sve16_entries=0 expected=0 old_entries=0 packed_entries=0 packed_expected=0
ALLOC_PASS m=4 n=9 small=1 history_expected=0 history_calls=0 history_bytes=0 history_success=0 history_fail=0 x_calls=4 x_bytes=1024 x_success=0 x_fail=4 kb_calls=0 kb_bytes=0 kb_success=0 kb_fail=0 total=4 injected=4 history_level=-1 x_level=1 kb_level=-1 shape_bad=0 x_each_worker_once=1
CASE_PASS m=4 n=9 sve16_entries=0 expected=0 old_entries=0 packed_entries=0 packed_expected=0
ALLOC_PASS m=4 n=17 small=1 history_expected=0 history_calls=0 history_bytes=0 history_success=0 history_fail=0 x_calls=4 x_bytes=1024 x_success=0 x_fail=4 kb_calls=0 kb_bytes=0 kb_success=0 kb_fail=0 total=4 injected=4 history_level=-1 x_level=1 kb_level=-1 shape_bad=0 x_each_worker_once=1
CASE_PASS m=4 n=17 sve16_entries=0 expected=0 old_entries=0 packed_entries=0 packed_expected=0
ALLOC_PASS m=5 n=1 small=1 history_expected=0 history_calls=0 history_bytes=0 history_success=0 history_fail=0 x_calls=4 x_bytes=1280 x_success=0 x_fail=4 kb_calls=0 kb_bytes=0 kb_success=0 kb_fail=0 total=4 injected=4 history_level=-1 x_level=1 kb_level=-1 shape_bad=0 x_each_worker_once=1
CASE_PASS m=5 n=1 sve16_entries=0 expected=0 old_entries=0 packed_entries=0 packed_expected=0
ALLOC_PASS m=5 n=7 small=1 history_expected=0 history_calls=0 history_bytes=0 history_success=0 history_fail=0 x_calls=4 x_bytes=1280 x_success=0 x_fail=4 kb_calls=0 kb_bytes=0 kb_success=0 kb_fail=0 total=4 injected=4 history_level=-1 x_level=1 kb_level=-1 shape_bad=0 x_each_worker_once=1
CASE_PASS m=5 n=7 sve16_entries=0 expected=0 old_entries=0 packed_entries=0 packed_expected=0
ALLOC_PASS m=5 n=8 small=1 history_expected=0 history_calls=0 history_bytes=0 history_success=0 history_fail=0 x_calls=4 x_bytes=1280 x_success=0 x_fail=4 kb_calls=0 kb_bytes=0 kb_success=0 kb_fail=0 total=4 injected=4 history_level=-1 x_level=1 kb_level=-1 shape_bad=0 x_each_worker_once=1
CASE_PASS m=5 n=8 sve16_entries=0 expected=0 old_entries=0 packed_entries=0 packed_expected=0
ALLOC_PASS m=5 n=9 small=1 history_expected=0 history_calls=0 history_bytes=0 history_success=0 history_fail=0 x_calls=4 x_bytes=1280 x_success=0 x_fail=4 kb_calls=0 kb_bytes=0 kb_success=0 kb_fail=0 total=4 injected=4 history_level=-1 x_level=1 kb_level=-1 shape_bad=0 x_each_worker_once=1
CASE_PASS m=5 n=9 sve16_entries=0 expected=0 old_entries=0 packed_entries=0 packed_expected=0
ALLOC_PASS m=5 n=17 small=1 history_expected=0 history_calls=0 history_bytes=0 history_success=0 history_fail=0 x_calls=4 x_bytes=1280 x_success=0 x_fail=4 kb_calls=0 kb_bytes=0 kb_success=0 kb_fail=0 total=4 injected=4 history_level=-1 x_level=1 kb_level=-1 shape_bad=0 x_each_worker_once=1
CASE_PASS m=5 n=17 sve16_entries=0 expected=0 old_entries=0 packed_entries=0 packed_expected=0
ALLOC_PASS m=15 n=1 small=1 history_expected=0 history_calls=0 history_bytes=0 history_success=0 history_fail=0 x_calls=4 x_bytes=3840 x_success=0 x_fail=4 kb_calls=0 kb_bytes=0 kb_success=0 kb_fail=0 total=4 injected=4 history_level=-1 x_level=1 kb_level=-1 shape_bad=0 x_each_worker_once=1
CASE_PASS m=15 n=1 sve16_entries=0 expected=0 old_entries=0 packed_entries=0 packed_expected=0
ALLOC_PASS m=15 n=7 small=1 history_expected=0 history_calls=0 history_bytes=0 history_success=0 history_fail=0 x_calls=4 x_bytes=3840 x_success=0 x_fail=4 kb_calls=0 kb_bytes=0 kb_success=0 kb_fail=0 total=4 injected=4 history_level=-1 x_level=1 kb_level=-1 shape_bad=0 x_each_worker_once=1
CASE_PASS m=15 n=7 sve16_entries=0 expected=0 old_entries=0 packed_entries=0 packed_expected=0
ALLOC_PASS m=15 n=8 small=1 history_expected=0 history_calls=0 history_bytes=0 history_success=0 history_fail=0 x_calls=4 x_bytes=3840 x_success=0 x_fail=4 kb_calls=0 kb_bytes=0 kb_success=0 kb_fail=0 total=4 injected=4 history_level=-1 x_level=1 kb_level=-1 shape_bad=0 x_each_worker_once=1
CASE_PASS m=15 n=8 sve16_entries=0 expected=0 old_entries=0 packed_entries=0 packed_expected=0
ALLOC_PASS m=15 n=9 small=1 history_expected=0 history_calls=0 history_bytes=0 history_success=0 history_fail=0 x_calls=4 x_bytes=3840 x_success=0 x_fail=4 kb_calls=0 kb_bytes=0 kb_success=0 kb_fail=0 total=4 injected=4 history_level=-1 x_level=1 kb_level=-1 shape_bad=0 x_each_worker_once=1
CASE_PASS m=15 n=9 sve16_entries=0 expected=0 old_entries=0 packed_entries=0 packed_expected=0
ALLOC_PASS m=15 n=17 small=1 history_expected=0 history_calls=0 history_bytes=0 history_success=0 history_fail=0 x_calls=4 x_bytes=3840 x_success=0 x_fail=4 kb_calls=0 kb_bytes=0 kb_success=0 kb_fail=0 total=4 injected=4 history_level=-1 x_level=1 kb_level=-1 shape_bad=0 x_each_worker_once=1
CASE_PASS m=15 n=17 sve16_entries=0 expected=0 old_entries=0 packed_entries=0 packed_expected=0
ALLOC_PASS m=16 n=1 small=1 history_expected=0 history_calls=0 history_bytes=0 history_success=0 history_fail=0 x_calls=4 x_bytes=4096 x_success=0 x_fail=4 kb_calls=0 kb_bytes=0 kb_success=0 kb_fail=0 total=4 injected=4 history_level=-1 x_level=1 kb_level=-1 shape_bad=0 x_each_worker_once=1
CASE_PASS m=16 n=1 sve16_entries=0 expected=0 old_entries=0 packed_entries=0 packed_expected=0
ALLOC_PASS m=16 n=7 small=1 history_expected=0 history_calls=0 history_bytes=0 history_success=0 history_fail=0 x_calls=4 x_bytes=4096 x_success=0 x_fail=4 kb_calls=0 kb_bytes=0 kb_success=0 kb_fail=0 total=4 injected=4 history_level=-1 x_level=1 kb_level=-1 shape_bad=0 x_each_worker_once=1
CASE_PASS m=16 n=7 sve16_entries=0 expected=0 old_entries=0 packed_entries=0 packed_expected=0
ALLOC_PASS m=16 n=8 small=1 history_expected=0 history_calls=0 history_bytes=0 history_success=0 history_fail=0 x_calls=4 x_bytes=4096 x_success=0 x_fail=4 kb_calls=0 kb_bytes=0 kb_success=0 kb_fail=0 total=4 injected=4 history_level=-1 x_level=1 kb_level=-1 shape_bad=0 x_each_worker_once=1
CASE_PASS m=16 n=8 sve16_entries=0 expected=0 old_entries=0 packed_entries=0 packed_expected=0
ALLOC_PASS m=16 n=9 small=1 history_expected=0 history_calls=0 history_bytes=0 history_success=0 history_fail=0 x_calls=4 x_bytes=4096 x_success=0 x_fail=4 kb_calls=0 kb_bytes=0 kb_success=0 kb_fail=0 total=4 injected=4 history_level=-1 x_level=1 kb_level=-1 shape_bad=0 x_each_worker_once=1
CASE_PASS m=16 n=9 sve16_entries=0 expected=0 old_entries=0 packed_entries=0 packed_expected=0
ALLOC_PASS m=16 n=17 small=1 history_expected=0 history_calls=0 history_bytes=0 history_success=0 history_fail=0 x_calls=4 x_bytes=4096 x_success=0 x_fail=4 kb_calls=0 kb_bytes=0 kb_success=0 kb_fail=0 total=4 injected=4 history_level=-1 x_level=1 kb_level=-1 shape_bad=0 x_each_worker_once=1
CASE_PASS m=16 n=17 sve16_entries=0 expected=0 old_entries=0 packed_entries=0 packed_expected=0
ALLOC_PASS m=17 n=1 small=1 history_expected=0 history_calls=0 history_bytes=0 history_success=0 history_fail=0 x_calls=4 x_bytes=4352 x_success=0 x_fail=4 kb_calls=0 kb_bytes=0 kb_success=0 kb_fail=0 total=4 injected=4 history_level=-1 x_level=1 kb_level=-1 shape_bad=0 x_each_worker_once=1
CASE_PASS m=17 n=1 sve16_entries=0 expected=0 old_entries=0 packed_entries=0 packed_expected=0
ALLOC_PASS m=17 n=7 small=1 history_expected=0 history_calls=0 history_bytes=0 history_success=0 history_fail=0 x_calls=4 x_bytes=4352 x_success=0 x_fail=4 kb_calls=0 kb_bytes=0 kb_success=0 kb_fail=0 total=4 injected=4 history_level=-1 x_level=1 kb_level=-1 shape_bad=0 x_each_worker_once=1
CASE_PASS m=17 n=7 sve16_entries=0 expected=0 old_entries=0 packed_entries=0 packed_expected=0
ALLOC_PASS m=17 n=8 small=1 history_expected=0 history_calls=0 history_bytes=0 history_success=0 history_fail=0 x_calls=4 x_bytes=4352 x_success=0 x_fail=4 kb_calls=0 kb_bytes=0 kb_success=0 kb_fail=0 total=4 injected=4 history_level=-1 x_level=1 kb_level=-1 shape_bad=0 x_each_worker_once=1
CASE_PASS m=17 n=8 sve16_entries=0 expected=0 old_entries=0 packed_entries=0 packed_expected=0
ALLOC_PASS m=17 n=9 small=1 history_expected=0 history_calls=0 history_bytes=0 history_success=0 history_fail=0 x_calls=4 x_bytes=4352 x_success=0 x_fail=4 kb_calls=0 kb_bytes=0 kb_success=0 kb_fail=0 total=4 injected=4 history_level=-1 x_level=1 kb_level=-1 shape_bad=0 x_each_worker_once=1
CASE_PASS m=17 n=9 sve16_entries=0 expected=0 old_entries=0 packed_entries=0 packed_expected=0
ALLOC_PASS m=17 n=17 small=1 history_expected=0 history_calls=0 history_bytes=0 history_success=0 history_fail=0 x_calls=4 x_bytes=4352 x_success=0 x_fail=4 kb_calls=0 kb_bytes=0 kb_success=0 kb_fail=0 total=4 injected=4 history_level=-1 x_level=1 kb_level=-1 shape_bad=0 x_each_worker_once=1
CASE_PASS m=17 n=17 sve16_entries=0 expected=0 old_entries=0 packed_entries=0 packed_expected=0
ALLOC_PASS m=31 n=1 small=1 history_expected=0 history_calls=0 history_bytes=0 history_success=0 history_fail=0 x_calls=4 x_bytes=7936 x_success=0 x_fail=4 kb_calls=0 kb_bytes=0 kb_success=0 kb_fail=0 total=4 injected=4 history_level=-1 x_level=1 kb_level=-1 shape_bad=0 x_each_worker_once=1
CASE_PASS m=31 n=1 sve16_entries=0 expected=0 old_entries=0 packed_entries=0 packed_expected=0
ALLOC_PASS m=31 n=7 small=1 history_expected=0 history_calls=0 history_bytes=0 history_success=0 history_fail=0 x_calls=4 x_bytes=7936 x_success=0 x_fail=4 kb_calls=0 kb_bytes=0 kb_success=0 kb_fail=0 total=4 injected=4 history_level=-1 x_level=1 kb_level=-1 shape_bad=0 x_each_worker_once=1
CASE_PASS m=31 n=7 sve16_entries=0 expected=0 old_entries=0 packed_entries=0 packed_expected=0
ALLOC_PASS m=31 n=8 small=1 history_expected=0 history_calls=0 history_bytes=0 history_success=0 history_fail=0 x_calls=4 x_bytes=7936 x_success=0 x_fail=4 kb_calls=0 kb_bytes=0 kb_success=0 kb_fail=0 total=4 injected=4 history_level=-1 x_level=1 kb_level=-1 shape_bad=0 x_each_worker_once=1
CASE_PASS m=31 n=8 sve16_entries=0 expected=0 old_entries=0 packed_entries=0 packed_expected=0
ALLOC_PASS m=31 n=9 small=1 history_expected=0 history_calls=0 history_bytes=0 history_success=0 history_fail=0 x_calls=4 x_bytes=7936 x_success=0 x_fail=4 kb_calls=0 kb_bytes=0 kb_success=0 kb_fail=0 total=4 injected=4 history_level=-1 x_level=1 kb_level=-1 shape_bad=0 x_each_worker_once=1
CASE_PASS m=31 n=9 sve16_entries=0 expected=0 old_entries=0 packed_entries=0 packed_expected=0
ALLOC_PASS m=31 n=17 small=1 history_expected=0 history_calls=0 history_bytes=0 history_success=0 history_fail=0 x_calls=4 x_bytes=7936 x_success=0 x_fail=4 kb_calls=0 kb_bytes=0 kb_success=0 kb_fail=0 total=4 injected=4 history_level=-1 x_level=1 kb_level=-1 shape_bad=0 x_each_worker_once=1
CASE_PASS m=31 n=17 sve16_entries=0 expected=0 old_entries=0 packed_entries=0 packed_expected=0
ALLOC_PASS m=32 n=1 small=1 history_expected=0 history_calls=0 history_bytes=0 history_success=0 history_fail=0 x_calls=4 x_bytes=8192 x_success=0 x_fail=4 kb_calls=0 kb_bytes=0 kb_success=0 kb_fail=0 total=4 injected=4 history_level=-1 x_level=1 kb_level=-1 shape_bad=0 x_each_worker_once=1
CASE_PASS m=32 n=1 sve16_entries=0 expected=0 old_entries=0 packed_entries=0 packed_expected=0
ALLOC_PASS m=32 n=7 small=1 history_expected=0 history_calls=0 history_bytes=0 history_success=0 history_fail=0 x_calls=4 x_bytes=8192 x_success=0 x_fail=4 kb_calls=0 kb_bytes=0 kb_success=0 kb_fail=0 total=4 injected=4 history_level=-1 x_level=1 kb_level=-1 shape_bad=0 x_each_worker_once=1
CASE_PASS m=32 n=7 sve16_entries=0 expected=0 old_entries=0 packed_entries=0 packed_expected=0
ALLOC_PASS m=32 n=8 small=1 history_expected=0 history_calls=0 history_bytes=0 history_success=0 history_fail=0 x_calls=4 x_bytes=8192 x_success=0 x_fail=4 kb_calls=0 kb_bytes=0 kb_success=0 kb_fail=0 total=4 injected=4 history_level=-1 x_level=1 kb_level=-1 shape_bad=0 x_each_worker_once=1
CASE_PASS m=32 n=8 sve16_entries=0 expected=0 old_entries=0 packed_entries=0 packed_expected=0
ALLOC_PASS m=32 n=9 small=1 history_expected=0 history_calls=0 history_bytes=0 history_success=0 history_fail=0 x_calls=4 x_bytes=8192 x_success=0 x_fail=4 kb_calls=0 kb_bytes=0 kb_success=0 kb_fail=0 total=4 injected=4 history_level=-1 x_level=1 kb_level=-1 shape_bad=0 x_each_worker_once=1
CASE_PASS m=32 n=9 sve16_entries=0 expected=0 old_entries=0 packed_entries=0 packed_expected=0
ALLOC_PASS m=32 n=17 small=1 history_expected=0 history_calls=0 history_bytes=0 history_success=0 history_fail=0 x_calls=4 x_bytes=8192 x_success=0 x_fail=4 kb_calls=0 kb_bytes=0 kb_success=0 kb_fail=0 total=4 injected=4 history_level=-1 x_level=1 kb_level=-1 shape_bad=0 x_each_worker_once=1
CASE_PASS m=32 n=17 sve16_entries=0 expected=0 old_entries=0 packed_entries=0 packed_expected=0
ALLOC_PASS m=33 n=1 small=1 history_expected=0 history_calls=0 history_bytes=0 history_success=0 history_fail=0 x_calls=4 x_bytes=8448 x_success=0 x_fail=4 kb_calls=0 kb_bytes=0 kb_success=0 kb_fail=0 total=4 injected=4 history_level=-1 x_level=1 kb_level=-1 shape_bad=0 x_each_worker_once=1
CASE_PASS m=33 n=1 sve16_entries=0 expected=0 old_entries=0 packed_entries=0 packed_expected=0
ALLOC_PASS m=33 n=7 small=1 history_expected=0 history_calls=0 history_bytes=0 history_success=0 history_fail=0 x_calls=4 x_bytes=8448 x_success=0 x_fail=4 kb_calls=0 kb_bytes=0 kb_success=0 kb_fail=0 total=4 injected=4 history_level=-1 x_level=1 kb_level=-1 shape_bad=0 x_each_worker_once=1
CASE_PASS m=33 n=7 sve16_entries=0 expected=0 old_entries=0 packed_entries=0 packed_expected=0
ALLOC_PASS m=33 n=8 small=1 history_expected=0 history_calls=0 history_bytes=0 history_success=0 history_fail=0 x_calls=4 x_bytes=8448 x_success=0 x_fail=4 kb_calls=0 kb_bytes=0 kb_success=0 kb_fail=0 total=4 injected=4 history_level=-1 x_level=1 kb_level=-1 shape_bad=0 x_each_worker_once=1
CASE_PASS m=33 n=8 sve16_entries=0 expected=0 old_entries=0 packed_entries=0 packed_expected=0
ALLOC_PASS m=33 n=9 small=1 history_expected=0 history_calls=0 history_bytes=0 history_success=0 history_fail=0 x_calls=4 x_bytes=8448 x_success=0 x_fail=4 kb_calls=0 kb_bytes=0 kb_success=0 kb_fail=0 total=4 injected=4 history_level=-1 x_level=1 kb_level=-1 shape_bad=0 x_each_worker_once=1
CASE_PASS m=33 n=9 sve16_entries=0 expected=0 old_entries=0 packed_entries=0 packed_expected=0
ALLOC_PASS m=33 n=17 small=1 history_expected=0 history_calls=0 history_bytes=0 history_success=0 history_fail=0 x_calls=4 x_bytes=8448 x_success=0 x_fail=4 kb_calls=0 kb_bytes=0 kb_success=0 kb_fail=0 total=4 injected=4 history_level=-1 x_level=1 kb_level=-1 shape_bad=0 x_each_worker_once=1
CASE_PASS m=33 n=17 sve16_entries=0 expected=0 old_entries=0 packed_entries=0 packed_expected=0
ALLOC_PASS m=63 n=1 small=1 history_expected=0 history_calls=0 history_bytes=0 history_success=0 history_fail=0 x_calls=4 x_bytes=16128 x_success=0 x_fail=4 kb_calls=0 kb_bytes=0 kb_success=0 kb_fail=0 total=4 injected=4 history_level=-1 x_level=1 kb_level=-1 shape_bad=0 x_each_worker_once=1
CASE_PASS m=63 n=1 sve16_entries=0 expected=0 old_entries=0 packed_entries=0 packed_expected=0
ALLOC_PASS m=63 n=7 small=1 history_expected=0 history_calls=0 history_bytes=0 history_success=0 history_fail=0 x_calls=4 x_bytes=16128 x_success=0 x_fail=4 kb_calls=0 kb_bytes=0 kb_success=0 kb_fail=0 total=4 injected=4 history_level=-1 x_level=1 kb_level=-1 shape_bad=0 x_each_worker_once=1
CASE_PASS m=63 n=7 sve16_entries=0 expected=0 old_entries=0 packed_entries=0 packed_expected=0
ALLOC_PASS m=63 n=8 small=1 history_expected=0 history_calls=0 history_bytes=0 history_success=0 history_fail=0 x_calls=4 x_bytes=16128 x_success=0 x_fail=4 kb_calls=0 kb_bytes=0 kb_success=0 kb_fail=0 total=4 injected=4 history_level=-1 x_level=1 kb_level=-1 shape_bad=0 x_each_worker_once=1
CASE_PASS m=63 n=8 sve16_entries=0 expected=0 old_entries=0 packed_entries=0 packed_expected=0
ALLOC_PASS m=63 n=9 small=1 history_expected=0 history_calls=0 history_bytes=0 history_success=0 history_fail=0 x_calls=4 x_bytes=16128 x_success=0 x_fail=4 kb_calls=0 kb_bytes=0 kb_success=0 kb_fail=0 total=4 injected=4 history_level=-1 x_level=1 kb_level=-1 shape_bad=0 x_each_worker_once=1
CASE_PASS m=63 n=9 sve16_entries=0 expected=0 old_entries=0 packed_entries=0 packed_expected=0
ALLOC_PASS m=63 n=17 small=1 history_expected=0 history_calls=0 history_bytes=0 history_success=0 history_fail=0 x_calls=4 x_bytes=16128 x_success=0 x_fail=4 kb_calls=0 kb_bytes=0 kb_success=0 kb_fail=0 total=4 injected=4 history_level=-1 x_level=1 kb_level=-1 shape_bad=0 x_each_worker_once=1
CASE_PASS m=63 n=17 sve16_entries=0 expected=0 old_entries=0 packed_entries=0 packed_expected=0
ALLOC_PASS m=64 n=1 small=1 history_expected=0 history_calls=0 history_bytes=0 history_success=0 history_fail=0 x_calls=4 x_bytes=16384 x_success=0 x_fail=4 kb_calls=0 kb_bytes=0 kb_success=0 kb_fail=0 total=4 injected=4 history_level=-1 x_level=1 kb_level=-1 shape_bad=0 x_each_worker_once=1
CASE_PASS m=64 n=1 sve16_entries=0 expected=0 old_entries=0 packed_entries=0 packed_expected=0
ALLOC_PASS m=64 n=7 small=1 history_expected=0 history_calls=0 history_bytes=0 history_success=0 history_fail=0 x_calls=4 x_bytes=16384 x_success=0 x_fail=4 kb_calls=0 kb_bytes=0 kb_success=0 kb_fail=0 total=4 injected=4 history_level=-1 x_level=1 kb_level=-1 shape_bad=0 x_each_worker_once=1
CASE_PASS m=64 n=7 sve16_entries=0 expected=0 old_entries=0 packed_entries=0 packed_expected=0
ALLOC_PASS m=64 n=8 small=1 history_expected=0 history_calls=0 history_bytes=0 history_success=0 history_fail=0 x_calls=4 x_bytes=16384 x_success=0 x_fail=4 kb_calls=0 kb_bytes=0 kb_success=0 kb_fail=0 total=4 injected=4 history_level=-1 x_level=1 kb_level=-1 shape_bad=0 x_each_worker_once=1
CASE_PASS m=64 n=8 sve16_entries=0 expected=0 old_entries=0 packed_entries=0 packed_expected=0
ALLOC_PASS m=64 n=9 small=1 history_expected=0 history_calls=0 history_bytes=0 history_success=0 history_fail=0 x_calls=4 x_bytes=16384 x_success=0 x_fail=4 kb_calls=0 kb_bytes=0 kb_success=0 kb_fail=0 total=4 injected=4 history_level=-1 x_level=1 kb_level=-1 shape_bad=0 x_each_worker_once=1
CASE_PASS m=64 n=9 sve16_entries=0 expected=0 old_entries=0 packed_entries=0 packed_expected=0
ALLOC_PASS m=64 n=17 small=1 history_expected=0 history_calls=0 history_bytes=0 history_success=0 history_fail=0 x_calls=4 x_bytes=16384 x_success=0 x_fail=4 kb_calls=0 kb_bytes=0 kb_success=0 kb_fail=0 total=4 injected=4 history_level=-1 x_level=1 kb_level=-1 shape_bad=0 x_each_worker_once=1
CASE_PASS m=64 n=17 sve16_entries=0 expected=0 old_entries=0 packed_entries=0 packed_expected=0
ALLOC_PASS m=65 n=1 small=1 history_expected=0 history_calls=0 history_bytes=0 history_success=0 history_fail=0 x_calls=4 x_bytes=16640 x_success=0 x_fail=4 kb_calls=0 kb_bytes=0 kb_success=0 kb_fail=0 total=4 injected=4 history_level=-1 x_level=1 kb_level=-1 shape_bad=0 x_each_worker_once=1
CASE_PASS m=65 n=1 sve16_entries=0 expected=0 old_entries=0 packed_entries=0 packed_expected=0
ALLOC_PASS m=65 n=7 small=1 history_expected=0 history_calls=0 history_bytes=0 history_success=0 history_fail=0 x_calls=4 x_bytes=16640 x_success=0 x_fail=4 kb_calls=0 kb_bytes=0 kb_success=0 kb_fail=0 total=4 injected=4 history_level=-1 x_level=1 kb_level=-1 shape_bad=0 x_each_worker_once=1
CASE_PASS m=65 n=7 sve16_entries=0 expected=0 old_entries=0 packed_entries=0 packed_expected=0
ALLOC_PASS m=65 n=8 small=1 history_expected=0 history_calls=0 history_bytes=0 history_success=0 history_fail=0 x_calls=4 x_bytes=16640 x_success=0 x_fail=4 kb_calls=0 kb_bytes=0 kb_success=0 kb_fail=0 total=4 injected=4 history_level=-1 x_level=1 kb_level=-1 shape_bad=0 x_each_worker_once=1
CASE_PASS m=65 n=8 sve16_entries=0 expected=0 old_entries=0 packed_entries=0 packed_expected=0
ALLOC_PASS m=65 n=9 small=1 history_expected=0 history_calls=0 history_bytes=0 history_success=0 history_fail=0 x_calls=4 x_bytes=16640 x_success=0 x_fail=4 kb_calls=0 kb_bytes=0 kb_success=0 kb_fail=0 total=4 injected=4 history_level=-1 x_level=1 kb_level=-1 shape_bad=0 x_each_worker_once=1
CASE_PASS m=65 n=9 sve16_entries=0 expected=0 old_entries=0 packed_entries=0 packed_expected=0
ALLOC_PASS m=65 n=17 small=1 history_expected=0 history_calls=0 history_bytes=0 history_success=0 history_fail=0 x_calls=4 x_bytes=16640 x_success=0 x_fail=4 kb_calls=0 kb_bytes=0 kb_success=0 kb_fail=0 total=4 injected=4 history_level=-1 x_level=1 kb_level=-1 shape_bad=0 x_each_worker_once=1
CASE_PASS m=65 n=17 sve16_entries=0 expected=0 old_entries=0 packed_entries=0 packed_expected=0
ALLOC_PASS m=255 n=1 small=1 history_expected=0 history_calls=0 history_bytes=0 history_success=0 history_fail=0 x_calls=4 x_bytes=65280 x_success=0 x_fail=4 kb_calls=0 kb_bytes=0 kb_success=0 kb_fail=0 total=4 injected=4 history_level=-1 x_level=1 kb_level=-1 shape_bad=0 x_each_worker_once=1
CASE_PASS m=255 n=1 sve16_entries=0 expected=0 old_entries=0 packed_entries=0 packed_expected=0
ALLOC_PASS m=255 n=7 small=1 history_expected=0 history_calls=0 history_bytes=0 history_success=0 history_fail=0 x_calls=4 x_bytes=65280 x_success=0 x_fail=4 kb_calls=0 kb_bytes=0 kb_success=0 kb_fail=0 total=4 injected=4 history_level=-1 x_level=1 kb_level=-1 shape_bad=0 x_each_worker_once=1
CASE_PASS m=255 n=7 sve16_entries=0 expected=0 old_entries=0 packed_entries=0 packed_expected=0
ALLOC_PASS m=255 n=8 small=1 history_expected=0 history_calls=0 history_bytes=0 history_success=0 history_fail=0 x_calls=4 x_bytes=65280 x_success=0 x_fail=4 kb_calls=0 kb_bytes=0 kb_success=0 kb_fail=0 total=4 injected=4 history_level=-1 x_level=1 kb_level=-1 shape_bad=0 x_each_worker_once=1
CASE_PASS m=255 n=8 sve16_entries=0 expected=0 old_entries=0 packed_entries=0 packed_expected=0
ALLOC_PASS m=255 n=9 small=1 history_expected=0 history_calls=0 history_bytes=0 history_success=0 history_fail=0 x_calls=4 x_bytes=65280 x_success=0 x_fail=4 kb_calls=0 kb_bytes=0 kb_success=0 kb_fail=0 total=4 injected=4 history_level=-1 x_level=1 kb_level=-1 shape_bad=0 x_each_worker_once=1
CASE_PASS m=255 n=9 sve16_entries=0 expected=0 old_entries=0 packed_entries=0 packed_expected=0
ALLOC_PASS m=255 n=17 small=1 history_expected=0 history_calls=0 history_bytes=0 history_success=0 history_fail=0 x_calls=4 x_bytes=65280 x_success=0 x_fail=4 kb_calls=0 kb_bytes=0 kb_success=0 kb_fail=0 total=4 injected=4 history_level=-1 x_level=1 kb_level=-1 shape_bad=0 x_each_worker_once=1
CASE_PASS m=255 n=17 sve16_entries=0 expected=0 old_entries=0 packed_entries=0 packed_expected=0
ALLOC_PASS m=256 n=1 small=1 history_expected=0 history_calls=0 history_bytes=0 history_success=0 history_fail=0 x_calls=4 x_bytes=65536 x_success=0 x_fail=4 kb_calls=0 kb_bytes=0 kb_success=0 kb_fail=0 total=4 injected=4 history_level=-1 x_level=1 kb_level=-1 shape_bad=0 x_each_worker_once=1
CASE_PASS m=256 n=1 sve16_entries=0 expected=0 old_entries=0 packed_entries=0 packed_expected=0
ALLOC_PASS m=256 n=7 small=1 history_expected=0 history_calls=0 history_bytes=0 history_success=0 history_fail=0 x_calls=4 x_bytes=65536 x_success=0 x_fail=4 kb_calls=0 kb_bytes=0 kb_success=0 kb_fail=0 total=4 injected=4 history_level=-1 x_level=1 kb_level=-1 shape_bad=0 x_each_worker_once=1
CASE_PASS m=256 n=7 sve16_entries=0 expected=0 old_entries=0 packed_entries=0 packed_expected=0
ALLOC_PASS m=256 n=8 small=1 history_expected=0 history_calls=0 history_bytes=0 history_success=0 history_fail=0 x_calls=4 x_bytes=65536 x_success=0 x_fail=4 kb_calls=0 kb_bytes=0 kb_success=0 kb_fail=0 total=4 injected=4 history_level=-1 x_level=1 kb_level=-1 shape_bad=0 x_each_worker_once=1
CASE_PASS m=256 n=8 sve16_entries=0 expected=0 old_entries=0 packed_entries=0 packed_expected=0
ALLOC_PASS m=256 n=9 small=1 history_expected=0 history_calls=0 history_bytes=0 history_success=0 history_fail=0 x_calls=4 x_bytes=65536 x_success=0 x_fail=4 kb_calls=0 kb_bytes=0 kb_success=0 kb_fail=0 total=4 injected=4 history_level=-1 x_level=1 kb_level=-1 shape_bad=0 x_each_worker_once=1
CASE_PASS m=256 n=9 sve16_entries=0 expected=0 old_entries=0 packed_entries=0 packed_expected=0
ALLOC_PASS m=256 n=17 small=1 history_expected=0 history_calls=0 history_bytes=0 history_success=0 history_fail=0 x_calls=4 x_bytes=65536 x_success=0 x_fail=4 kb_calls=0 kb_bytes=0 kb_success=0 kb_fail=0 total=4 injected=4 history_level=-1 x_level=1 kb_level=-1 shape_bad=0 x_each_worker_once=1
CASE_PASS m=256 n=17 sve16_entries=0 expected=0 old_entries=0 packed_entries=0 packed_expected=0
ALLOC_PASS m=257 n=1 small=1 history_expected=0 history_calls=0 history_bytes=0 history_success=0 history_fail=0 x_calls=4 x_bytes=65792 x_success=0 x_fail=4 kb_calls=0 kb_bytes=0 kb_success=0 kb_fail=0 total=4 injected=4 history_level=-1 x_level=1 kb_level=-1 shape_bad=0 x_each_worker_once=1
CASE_PASS m=257 n=1 sve16_entries=0 expected=0 old_entries=0 packed_entries=0 packed_expected=0
ALLOC_PASS m=257 n=7 small=1 history_expected=0 history_calls=0 history_bytes=0 history_success=0 history_fail=0 x_calls=4 x_bytes=65792 x_success=0 x_fail=4 kb_calls=0 kb_bytes=0 kb_success=0 kb_fail=0 total=4 injected=4 history_level=-1 x_level=1 kb_level=-1 shape_bad=0 x_each_worker_once=1
CASE_PASS m=257 n=7 sve16_entries=0 expected=0 old_entries=0 packed_entries=0 packed_expected=0
ALLOC_PASS m=257 n=8 small=1 history_expected=0 history_calls=0 history_bytes=0 history_success=0 history_fail=0 x_calls=4 x_bytes=65792 x_success=0 x_fail=4 kb_calls=0 kb_bytes=0 kb_success=0 kb_fail=0 total=4 injected=4 history_level=-1 x_level=1 kb_level=-1 shape_bad=0 x_each_worker_once=1
CASE_PASS m=257 n=8 sve16_entries=0 expected=0 old_entries=0 packed_entries=0 packed_expected=0
ALLOC_PASS m=257 n=9 small=1 history_expected=0 history_calls=0 history_bytes=0 history_success=0 history_fail=0 x_calls=4 x_bytes=65792 x_success=0 x_fail=4 kb_calls=0 kb_bytes=0 kb_success=0 kb_fail=0 total=4 injected=4 history_level=-1 x_level=1 kb_level=-1 shape_bad=0 x_each_worker_once=1
CASE_PASS m=257 n=9 sve16_entries=0 expected=0 old_entries=0 packed_entries=0 packed_expected=0
ALLOC_PASS m=257 n=17 small=1 history_expected=0 history_calls=0 history_bytes=0 history_success=0 history_fail=0 x_calls=4 x_bytes=65792 x_success=0 x_fail=4 kb_calls=0 kb_bytes=0 kb_success=0 kb_fail=0 total=4 injected=4 history_level=-1 x_level=1 kb_level=-1 shape_bad=0 x_each_worker_once=1
CASE_PASS m=257 n=17 sve16_entries=0 expected=0 old_entries=0 packed_entries=0 packed_expected=0
ALLOCATION_SUMMARY_PASS cases=80 budget_cases=0 shared_injection_cases=0
PASS whole_cases=80 noop_cases=4 non_dyadic_long_double_RHS=1 padding_L_unchanged=1 max_error=1.1102230246251565e-16
SOURCE_FEATURES_PASS panel16=1 packedL16=0 has_budget=0 history_budget_bytes=0
MODE=full THREADS=4 NARROW_VL=1 EXPECT_SVE16=0 EXPECT_PACKEDL16=0
ALLOC_PASS m=1 n=1 small=1 history_expected=0 history_calls=0 history_bytes=0 history_success=0 history_fail=0 x_calls=4 x_bytes=256 x_success=4 x_fail=0 kb_calls=0 kb_bytes=0 kb_success=0 kb_fail=0 total=4 injected=0 history_level=-1 x_level=1 kb_level=-1 shape_bad=0 x_each_worker_once=1
CASE_PASS m=1 n=1 sve16_entries=0 expected=0 old_entries=0 packed_entries=0 packed_expected=0
ALLOC_PASS m=1 n=7 small=1 history_expected=0 history_calls=0 history_bytes=0 history_success=0 history_fail=0 x_calls=4 x_bytes=256 x_success=4 x_fail=0 kb_calls=0 kb_bytes=0 kb_success=0 kb_fail=0 total=4 injected=0 history_level=-1 x_level=1 kb_level=-1 shape_bad=0 x_each_worker_once=1
CASE_PASS m=1 n=7 sve16_entries=0 expected=0 old_entries=0 packed_entries=0 packed_expected=0
ALLOC_PASS m=1 n=8 small=1 history_expected=0 history_calls=0 history_bytes=0 history_success=0 history_fail=0 x_calls=4 x_bytes=256 x_success=4 x_fail=0 kb_calls=0 kb_bytes=0 kb_success=0 kb_fail=0 total=4 injected=0 history_level=-1 x_level=1 kb_level=-1 shape_bad=0 x_each_worker_once=1
CASE_PASS m=1 n=8 sve16_entries=0 expected=0 old_entries=0 packed_entries=0 packed_expected=0
ALLOC_PASS m=1 n=9 small=1 history_expected=0 history_calls=0 history_bytes=0 history_success=0 history_fail=0 x_calls=4 x_bytes=256 x_success=4 x_fail=0 kb_calls=0 kb_bytes=0 kb_success=0 kb_fail=0 total=4 injected=0 history_level=-1 x_level=1 kb_level=-1 shape_bad=0 x_each_worker_once=1
CASE_PASS m=1 n=9 sve16_entries=0 expected=0 old_entries=0 packed_entries=0 packed_expected=0
ALLOC_PASS m=1 n=17 small=1 history_expected=0 history_calls=0 history_bytes=0 history_success=0 history_fail=0 x_calls=4 x_bytes=256 x_success=4 x_fail=0 kb_calls=0 kb_bytes=0 kb_success=0 kb_fail=0 total=4 injected=0 history_level=-1 x_level=1 kb_level=-1 shape_bad=0 x_each_worker_once=1
CASE_PASS m=1 n=17 sve16_entries=0 expected=0 old_entries=0 packed_entries=0 packed_expected=0
ALLOC_PASS m=3 n=1 small=1 history_expected=0 history_calls=0 history_bytes=0 history_success=0 history_fail=0 x_calls=4 x_bytes=768 x_success=4 x_fail=0 kb_calls=0 kb_bytes=0 kb_success=0 kb_fail=0 total=4 injected=0 history_level=-1 x_level=1 kb_level=-1 shape_bad=0 x_each_worker_once=1
CASE_PASS m=3 n=1 sve16_entries=0 expected=0 old_entries=0 packed_entries=0 packed_expected=0
ALLOC_PASS m=3 n=7 small=1 history_expected=0 history_calls=0 history_bytes=0 history_success=0 history_fail=0 x_calls=4 x_bytes=768 x_success=4 x_fail=0 kb_calls=0 kb_bytes=0 kb_success=0 kb_fail=0 total=4 injected=0 history_level=-1 x_level=1 kb_level=-1 shape_bad=0 x_each_worker_once=1
CASE_PASS m=3 n=7 sve16_entries=0 expected=0 old_entries=0 packed_entries=0 packed_expected=0
ALLOC_PASS m=3 n=8 small=1 history_expected=0 history_calls=0 history_bytes=0 history_success=0 history_fail=0 x_calls=4 x_bytes=768 x_success=4 x_fail=0 kb_calls=0 kb_bytes=0 kb_success=0 kb_fail=0 total=4 injected=0 history_level=-1 x_level=1 kb_level=-1 shape_bad=0 x_each_worker_once=1
CASE_PASS m=3 n=8 sve16_entries=0 expected=0 old_entries=0 packed_entries=0 packed_expected=0
ALLOC_PASS m=3 n=9 small=1 history_expected=0 history_calls=0 history_bytes=0 history_success=0 history_fail=0 x_calls=4 x_bytes=768 x_success=4 x_fail=0 kb_calls=0 kb_bytes=0 kb_success=0 kb_fail=0 total=4 injected=0 history_level=-1 x_level=1 kb_level=-1 shape_bad=0 x_each_worker_once=1
CASE_PASS m=3 n=9 sve16_entries=0 expected=0 old_entries=0 packed_entries=0 packed_expected=0
ALLOC_PASS m=3 n=17 small=1 history_expected=0 history_calls=0 history_bytes=0 history_success=0 history_fail=0 x_calls=4 x_bytes=768 x_success=4 x_fail=0 kb_calls=0 kb_bytes=0 kb_success=0 kb_fail=0 total=4 injected=0 history_level=-1 x_level=1 kb_level=-1 shape_bad=0 x_each_worker_once=1
CASE_PASS m=3 n=17 sve16_entries=0 expected=0 old_entries=0 packed_entries=0 packed_expected=0
ALLOC_PASS m=4 n=1 small=1 history_expected=0 history_calls=0 history_bytes=0 history_success=0 history_fail=0 x_calls=4 x_bytes=1024 x_success=4 x_fail=0 kb_calls=0 kb_bytes=0 kb_success=0 kb_fail=0 total=4 injected=0 history_level=-1 x_level=1 kb_level=-1 shape_bad=0 x_each_worker_once=1
CASE_PASS m=4 n=1 sve16_entries=0 expected=0 old_entries=0 packed_entries=0 packed_expected=0
ALLOC_PASS m=4 n=7 small=1 history_expected=0 history_calls=0 history_bytes=0 history_success=0 history_fail=0 x_calls=4 x_bytes=1024 x_success=4 x_fail=0 kb_calls=0 kb_bytes=0 kb_success=0 kb_fail=0 total=4 injected=0 history_level=-1 x_level=1 kb_level=-1 shape_bad=0 x_each_worker_once=1
CASE_PASS m=4 n=7 sve16_entries=0 expected=0 old_entries=0 packed_entries=0 packed_expected=0
ALLOC_PASS m=4 n=8 small=1 history_expected=0 history_calls=0 history_bytes=0 history_success=0 history_fail=0 x_calls=4 x_bytes=1024 x_success=4 x_fail=0 kb_calls=0 kb_bytes=0 kb_success=0 kb_fail=0 total=4 injected=0 history_level=-1 x_level=1 kb_level=-1 shape_bad=0 x_each_worker_once=1
CASE_PASS m=4 n=8 sve16_entries=0 expected=0 old_entries=0 packed_entries=0 packed_expected=0
ALLOC_PASS m=4 n=9 small=1 history_expected=0 history_calls=0 history_bytes=0 history_success=0 history_fail=0 x_calls=4 x_bytes=1024 x_success=4 x_fail=0 kb_calls=0 kb_bytes=0 kb_success=0 kb_fail=0 total=4 injected=0 history_level=-1 x_level=1 kb_level=-1 shape_bad=0 x_each_worker_once=1
CASE_PASS m=4 n=9 sve16_entries=0 expected=0 old_entries=0 packed_entries=0 packed_expected=0
ALLOC_PASS m=4 n=17 small=1 history_expected=0 history_calls=0 history_bytes=0 history_success=0 history_fail=0 x_calls=4 x_bytes=1024 x_success=4 x_fail=0 kb_calls=0 kb_bytes=0 kb_success=0 kb_fail=0 total=4 injected=0 history_level=-1 x_level=1 kb_level=-1 shape_bad=0 x_each_worker_once=1
CASE_PASS m=4 n=17 sve16_entries=0 expected=0 old_entries=0 packed_entries=0 packed_expected=0
ALLOC_PASS m=5 n=1 small=1 history_expected=0 history_calls=0 history_bytes=0 history_success=0 history_fail=0 x_calls=4 x_bytes=1280 x_success=4 x_fail=0 kb_calls=0 kb_bytes=0 kb_success=0 kb_fail=0 total=4 injected=0 history_level=-1 x_level=1 kb_level=-1 shape_bad=0 x_each_worker_once=1
CASE_PASS m=5 n=1 sve16_entries=0 expected=0 old_entries=0 packed_entries=0 packed_expected=0
ALLOC_PASS m=5 n=7 small=1 history_expected=0 history_calls=0 history_bytes=0 history_success=0 history_fail=0 x_calls=4 x_bytes=1280 x_success=4 x_fail=0 kb_calls=0 kb_bytes=0 kb_success=0 kb_fail=0 total=4 injected=0 history_level=-1 x_level=1 kb_level=-1 shape_bad=0 x_each_worker_once=1
CASE_PASS m=5 n=7 sve16_entries=0 expected=0 old_entries=0 packed_entries=0 packed_expected=0
ALLOC_PASS m=5 n=8 small=1 history_expected=0 history_calls=0 history_bytes=0 history_success=0 history_fail=0 x_calls=4 x_bytes=1280 x_success=4 x_fail=0 kb_calls=0 kb_bytes=0 kb_success=0 kb_fail=0 total=4 injected=0 history_level=-1 x_level=1 kb_level=-1 shape_bad=0 x_each_worker_once=1
CASE_PASS m=5 n=8 sve16_entries=0 expected=0 old_entries=0 packed_entries=0 packed_expected=0
ALLOC_PASS m=5 n=9 small=1 history_expected=0 history_calls=0 history_bytes=0 history_success=0 history_fail=0 x_calls=4 x_bytes=1280 x_success=4 x_fail=0 kb_calls=0 kb_bytes=0 kb_success=0 kb_fail=0 total=4 injected=0 history_level=-1 x_level=1 kb_level=-1 shape_bad=0 x_each_worker_once=1
CASE_PASS m=5 n=9 sve16_entries=0 expected=0 old_entries=0 packed_entries=0 packed_expected=0
ALLOC_PASS m=5 n=17 small=1 history_expected=0 history_calls=0 history_bytes=0 history_success=0 history_fail=0 x_calls=4 x_bytes=1280 x_success=4 x_fail=0 kb_calls=0 kb_bytes=0 kb_success=0 kb_fail=0 total=4 injected=0 history_level=-1 x_level=1 kb_level=-1 shape_bad=0 x_each_worker_once=1
CASE_PASS m=5 n=17 sve16_entries=0 expected=0 old_entries=0 packed_entries=0 packed_expected=0
ALLOC_PASS m=15 n=1 small=1 history_expected=0 history_calls=0 history_bytes=0 history_success=0 history_fail=0 x_calls=4 x_bytes=3840 x_success=4 x_fail=0 kb_calls=0 kb_bytes=0 kb_success=0 kb_fail=0 total=4 injected=0 history_level=-1 x_level=1 kb_level=-1 shape_bad=0 x_each_worker_once=1
CASE_PASS m=15 n=1 sve16_entries=0 expected=0 old_entries=0 packed_entries=0 packed_expected=0
ALLOC_PASS m=15 n=7 small=1 history_expected=0 history_calls=0 history_bytes=0 history_success=0 history_fail=0 x_calls=4 x_bytes=3840 x_success=4 x_fail=0 kb_calls=0 kb_bytes=0 kb_success=0 kb_fail=0 total=4 injected=0 history_level=-1 x_level=1 kb_level=-1 shape_bad=0 x_each_worker_once=1
CASE_PASS m=15 n=7 sve16_entries=0 expected=0 old_entries=0 packed_entries=0 packed_expected=0
ALLOC_PASS m=15 n=8 small=1 history_expected=0 history_calls=0 history_bytes=0 history_success=0 history_fail=0 x_calls=4 x_bytes=3840 x_success=4 x_fail=0 kb_calls=0 kb_bytes=0 kb_success=0 kb_fail=0 total=4 injected=0 history_level=-1 x_level=1 kb_level=-1 shape_bad=0 x_each_worker_once=1
CASE_PASS m=15 n=8 sve16_entries=0 expected=0 old_entries=0 packed_entries=0 packed_expected=0
ALLOC_PASS m=15 n=9 small=1 history_expected=0 history_calls=0 history_bytes=0 history_success=0 history_fail=0 x_calls=4 x_bytes=3840 x_success=4 x_fail=0 kb_calls=0 kb_bytes=0 kb_success=0 kb_fail=0 total=4 injected=0 history_level=-1 x_level=1 kb_level=-1 shape_bad=0 x_each_worker_once=1
CASE_PASS m=15 n=9 sve16_entries=0 expected=0 old_entries=0 packed_entries=0 packed_expected=0
ALLOC_PASS m=15 n=17 small=1 history_expected=0 history_calls=0 history_bytes=0 history_success=0 history_fail=0 x_calls=4 x_bytes=3840 x_success=4 x_fail=0 kb_calls=0 kb_bytes=0 kb_success=0 kb_fail=0 total=4 injected=0 history_level=-1 x_level=1 kb_level=-1 shape_bad=0 x_each_worker_once=1
CASE_PASS m=15 n=17 sve16_entries=0 expected=0 old_entries=0 packed_entries=0 packed_expected=0
ALLOC_PASS m=16 n=1 small=1 history_expected=0 history_calls=0 history_bytes=0 history_success=0 history_fail=0 x_calls=4 x_bytes=4096 x_success=4 x_fail=0 kb_calls=0 kb_bytes=0 kb_success=0 kb_fail=0 total=4 injected=0 history_level=-1 x_level=1 kb_level=-1 shape_bad=0 x_each_worker_once=1
CASE_PASS m=16 n=1 sve16_entries=0 expected=0 old_entries=0 packed_entries=0 packed_expected=0
ALLOC_PASS m=16 n=7 small=1 history_expected=0 history_calls=0 history_bytes=0 history_success=0 history_fail=0 x_calls=4 x_bytes=4096 x_success=4 x_fail=0 kb_calls=0 kb_bytes=0 kb_success=0 kb_fail=0 total=4 injected=0 history_level=-1 x_level=1 kb_level=-1 shape_bad=0 x_each_worker_once=1
CASE_PASS m=16 n=7 sve16_entries=0 expected=0 old_entries=0 packed_entries=0 packed_expected=0
ALLOC_PASS m=16 n=8 small=1 history_expected=0 history_calls=0 history_bytes=0 history_success=0 history_fail=0 x_calls=4 x_bytes=4096 x_success=4 x_fail=0 kb_calls=0 kb_bytes=0 kb_success=0 kb_fail=0 total=4 injected=0 history_level=-1 x_level=1 kb_level=-1 shape_bad=0 x_each_worker_once=1
CASE_PASS m=16 n=8 sve16_entries=0 expected=0 old_entries=0 packed_entries=0 packed_expected=0
ALLOC_PASS m=16 n=9 small=1 history_expected=0 history_calls=0 history_bytes=0 history_success=0 history_fail=0 x_calls=4 x_bytes=4096 x_success=4 x_fail=0 kb_calls=0 kb_bytes=0 kb_success=0 kb_fail=0 total=4 injected=0 history_level=-1 x_level=1 kb_level=-1 shape_bad=0 x_each_worker_once=1
CASE_PASS m=16 n=9 sve16_entries=0 expected=0 old_entries=0 packed_entries=0 packed_expected=0
ALLOC_PASS m=16 n=17 small=1 history_expected=0 history_calls=0 history_bytes=0 history_success=0 history_fail=0 x_calls=4 x_bytes=4096 x_success=4 x_fail=0 kb_calls=0 kb_bytes=0 kb_success=0 kb_fail=0 total=4 injected=0 history_level=-1 x_level=1 kb_level=-1 shape_bad=0 x_each_worker_once=1
CASE_PASS m=16 n=17 sve16_entries=0 expected=0 old_entries=0 packed_entries=0 packed_expected=0
ALLOC_PASS m=17 n=1 small=1 history_expected=0 history_calls=0 history_bytes=0 history_success=0 history_fail=0 x_calls=4 x_bytes=4352 x_success=4 x_fail=0 kb_calls=0 kb_bytes=0 kb_success=0 kb_fail=0 total=4 injected=0 history_level=-1 x_level=1 kb_level=-1 shape_bad=0 x_each_worker_once=1
CASE_PASS m=17 n=1 sve16_entries=0 expected=0 old_entries=0 packed_entries=0 packed_expected=0
ALLOC_PASS m=17 n=7 small=1 history_expected=0 history_calls=0 history_bytes=0 history_success=0 history_fail=0 x_calls=4 x_bytes=4352 x_success=4 x_fail=0 kb_calls=0 kb_bytes=0 kb_success=0 kb_fail=0 total=4 injected=0 history_level=-1 x_level=1 kb_level=-1 shape_bad=0 x_each_worker_once=1
CASE_PASS m=17 n=7 sve16_entries=0 expected=0 old_entries=0 packed_entries=0 packed_expected=0
ALLOC_PASS m=17 n=8 small=1 history_expected=0 history_calls=0 history_bytes=0 history_success=0 history_fail=0 x_calls=4 x_bytes=4352 x_success=4 x_fail=0 kb_calls=0 kb_bytes=0 kb_success=0 kb_fail=0 total=4 injected=0 history_level=-1 x_level=1 kb_level=-1 shape_bad=0 x_each_worker_once=1
CASE_PASS m=17 n=8 sve16_entries=0 expected=0 old_entries=0 packed_entries=0 packed_expected=0
ALLOC_PASS m=17 n=9 small=1 history_expected=0 history_calls=0 history_bytes=0 history_success=0 history_fail=0 x_calls=4 x_bytes=4352 x_success=4 x_fail=0 kb_calls=0 kb_bytes=0 kb_success=0 kb_fail=0 total=4 injected=0 history_level=-1 x_level=1 kb_level=-1 shape_bad=0 x_each_worker_once=1
CASE_PASS m=17 n=9 sve16_entries=0 expected=0 old_entries=0 packed_entries=0 packed_expected=0
ALLOC_PASS m=17 n=17 small=1 history_expected=0 history_calls=0 history_bytes=0 history_success=0 history_fail=0 x_calls=4 x_bytes=4352 x_success=4 x_fail=0 kb_calls=0 kb_bytes=0 kb_success=0 kb_fail=0 total=4 injected=0 history_level=-1 x_level=1 kb_level=-1 shape_bad=0 x_each_worker_once=1
CASE_PASS m=17 n=17 sve16_entries=0 expected=0 old_entries=0 packed_entries=0 packed_expected=0
ALLOC_PASS m=31 n=1 small=1 history_expected=0 history_calls=0 history_bytes=0 history_success=0 history_fail=0 x_calls=4 x_bytes=7936 x_success=4 x_fail=0 kb_calls=0 kb_bytes=0 kb_success=0 kb_fail=0 total=4 injected=0 history_level=-1 x_level=1 kb_level=-1 shape_bad=0 x_each_worker_once=1
CASE_PASS m=31 n=1 sve16_entries=0 expected=0 old_entries=0 packed_entries=0 packed_expected=0
ALLOC_PASS m=31 n=7 small=1 history_expected=0 history_calls=0 history_bytes=0 history_success=0 history_fail=0 x_calls=4 x_bytes=7936 x_success=4 x_fail=0 kb_calls=0 kb_bytes=0 kb_success=0 kb_fail=0 total=4 injected=0 history_level=-1 x_level=1 kb_level=-1 shape_bad=0 x_each_worker_once=1
CASE_PASS m=31 n=7 sve16_entries=0 expected=0 old_entries=0 packed_entries=0 packed_expected=0
ALLOC_PASS m=31 n=8 small=1 history_expected=0 history_calls=0 history_bytes=0 history_success=0 history_fail=0 x_calls=4 x_bytes=7936 x_success=4 x_fail=0 kb_calls=0 kb_bytes=0 kb_success=0 kb_fail=0 total=4 injected=0 history_level=-1 x_level=1 kb_level=-1 shape_bad=0 x_each_worker_once=1
CASE_PASS m=31 n=8 sve16_entries=0 expected=0 old_entries=0 packed_entries=0 packed_expected=0
ALLOC_PASS m=31 n=9 small=1 history_expected=0 history_calls=0 history_bytes=0 history_success=0 history_fail=0 x_calls=4 x_bytes=7936 x_success=4 x_fail=0 kb_calls=0 kb_bytes=0 kb_success=0 kb_fail=0 total=4 injected=0 history_level=-1 x_level=1 kb_level=-1 shape_bad=0 x_each_worker_once=1
CASE_PASS m=31 n=9 sve16_entries=0 expected=0 old_entries=0 packed_entries=0 packed_expected=0
ALLOC_PASS m=31 n=17 small=1 history_expected=0 history_calls=0 history_bytes=0 history_success=0 history_fail=0 x_calls=4 x_bytes=7936 x_success=4 x_fail=0 kb_calls=0 kb_bytes=0 kb_success=0 kb_fail=0 total=4 injected=0 history_level=-1 x_level=1 kb_level=-1 shape_bad=0 x_each_worker_once=1
CASE_PASS m=31 n=17 sve16_entries=0 expected=0 old_entries=0 packed_entries=0 packed_expected=0
ALLOC_PASS m=32 n=1 small=1 history_expected=0 history_calls=0 history_bytes=0 history_success=0 history_fail=0 x_calls=4 x_bytes=8192 x_success=4 x_fail=0 kb_calls=0 kb_bytes=0 kb_success=0 kb_fail=0 total=4 injected=0 history_level=-1 x_level=1 kb_level=-1 shape_bad=0 x_each_worker_once=1
CASE_PASS m=32 n=1 sve16_entries=0 expected=0 old_entries=0 packed_entries=0 packed_expected=0
ALLOC_PASS m=32 n=7 small=1 history_expected=0 history_calls=0 history_bytes=0 history_success=0 history_fail=0 x_calls=4 x_bytes=8192 x_success=4 x_fail=0 kb_calls=0 kb_bytes=0 kb_success=0 kb_fail=0 total=4 injected=0 history_level=-1 x_level=1 kb_level=-1 shape_bad=0 x_each_worker_once=1
CASE_PASS m=32 n=7 sve16_entries=0 expected=0 old_entries=0 packed_entries=0 packed_expected=0
ALLOC_PASS m=32 n=8 small=1 history_expected=0 history_calls=0 history_bytes=0 history_success=0 history_fail=0 x_calls=4 x_bytes=8192 x_success=4 x_fail=0 kb_calls=0 kb_bytes=0 kb_success=0 kb_fail=0 total=4 injected=0 history_level=-1 x_level=1 kb_level=-1 shape_bad=0 x_each_worker_once=1
CASE_PASS m=32 n=8 sve16_entries=0 expected=0 old_entries=0 packed_entries=0 packed_expected=0
ALLOC_PASS m=32 n=9 small=1 history_expected=0 history_calls=0 history_bytes=0 history_success=0 history_fail=0 x_calls=4 x_bytes=8192 x_success=4 x_fail=0 kb_calls=0 kb_bytes=0 kb_success=0 kb_fail=0 total=4 injected=0 history_level=-1 x_level=1 kb_level=-1 shape_bad=0 x_each_worker_once=1
CASE_PASS m=32 n=9 sve16_entries=0 expected=0 old_entries=0 packed_entries=0 packed_expected=0
ALLOC_PASS m=32 n=17 small=1 history_expected=0 history_calls=0 history_bytes=0 history_success=0 history_fail=0 x_calls=4 x_bytes=8192 x_success=4 x_fail=0 kb_calls=0 kb_bytes=0 kb_success=0 kb_fail=0 total=4 injected=0 history_level=-1 x_level=1 kb_level=-1 shape_bad=0 x_each_worker_once=1
CASE_PASS m=32 n=17 sve16_entries=0 expected=0 old_entries=0 packed_entries=0 packed_expected=0
ALLOC_PASS m=33 n=1 small=1 history_expected=0 history_calls=0 history_bytes=0 history_success=0 history_fail=0 x_calls=4 x_bytes=8448 x_success=4 x_fail=0 kb_calls=0 kb_bytes=0 kb_success=0 kb_fail=0 total=4 injected=0 history_level=-1 x_level=1 kb_level=-1 shape_bad=0 x_each_worker_once=1
CASE_PASS m=33 n=1 sve16_entries=0 expected=0 old_entries=0 packed_entries=0 packed_expected=0
ALLOC_PASS m=33 n=7 small=1 history_expected=0 history_calls=0 history_bytes=0 history_success=0 history_fail=0 x_calls=4 x_bytes=8448 x_success=4 x_fail=0 kb_calls=0 kb_bytes=0 kb_success=0 kb_fail=0 total=4 injected=0 history_level=-1 x_level=1 kb_level=-1 shape_bad=0 x_each_worker_once=1
CASE_PASS m=33 n=7 sve16_entries=0 expected=0 old_entries=0 packed_entries=0 packed_expected=0
ALLOC_PASS m=33 n=8 small=1 history_expected=0 history_calls=0 history_bytes=0 history_success=0 history_fail=0 x_calls=4 x_bytes=8448 x_success=4 x_fail=0 kb_calls=0 kb_bytes=0 kb_success=0 kb_fail=0 total=4 injected=0 history_level=-1 x_level=1 kb_level=-1 shape_bad=0 x_each_worker_once=1
CASE_PASS m=33 n=8 sve16_entries=0 expected=0 old_entries=0 packed_entries=0 packed_expected=0
ALLOC_PASS m=33 n=9 small=1 history_expected=0 history_calls=0 history_bytes=0 history_success=0 history_fail=0 x_calls=4 x_bytes=8448 x_success=4 x_fail=0 kb_calls=0 kb_bytes=0 kb_success=0 kb_fail=0 total=4 injected=0 history_level=-1 x_level=1 kb_level=-1 shape_bad=0 x_each_worker_once=1
CASE_PASS m=33 n=9 sve16_entries=0 expected=0 old_entries=0 packed_entries=0 packed_expected=0
ALLOC_PASS m=33 n=17 small=1 history_expected=0 history_calls=0 history_bytes=0 history_success=0 history_fail=0 x_calls=4 x_bytes=8448 x_success=4 x_fail=0 kb_calls=0 kb_bytes=0 kb_success=0 kb_fail=0 total=4 injected=0 history_level=-1 x_level=1 kb_level=-1 shape_bad=0 x_each_worker_once=1
CASE_PASS m=33 n=17 sve16_entries=0 expected=0 old_entries=0 packed_entries=0 packed_expected=0
ALLOC_PASS m=63 n=1 small=1 history_expected=0 history_calls=0 history_bytes=0 history_success=0 history_fail=0 x_calls=4 x_bytes=16128 x_success=4 x_fail=0 kb_calls=0 kb_bytes=0 kb_success=0 kb_fail=0 total=4 injected=0 history_level=-1 x_level=1 kb_level=-1 shape_bad=0 x_each_worker_once=1
CASE_PASS m=63 n=1 sve16_entries=0 expected=0 old_entries=0 packed_entries=0 packed_expected=0
ALLOC_PASS m=63 n=7 small=1 history_expected=0 history_calls=0 history_bytes=0 history_success=0 history_fail=0 x_calls=4 x_bytes=16128 x_success=4 x_fail=0 kb_calls=0 kb_bytes=0 kb_success=0 kb_fail=0 total=4 injected=0 history_level=-1 x_level=1 kb_level=-1 shape_bad=0 x_each_worker_once=1
CASE_PASS m=63 n=7 sve16_entries=0 expected=0 old_entries=0 packed_entries=0 packed_expected=0
ALLOC_PASS m=63 n=8 small=1 history_expected=0 history_calls=0 history_bytes=0 history_success=0 history_fail=0 x_calls=4 x_bytes=16128 x_success=4 x_fail=0 kb_calls=0 kb_bytes=0 kb_success=0 kb_fail=0 total=4 injected=0 history_level=-1 x_level=1 kb_level=-1 shape_bad=0 x_each_worker_once=1
CASE_PASS m=63 n=8 sve16_entries=0 expected=0 old_entries=0 packed_entries=0 packed_expected=0
ALLOC_PASS m=63 n=9 small=1 history_expected=0 history_calls=0 history_bytes=0 history_success=0 history_fail=0 x_calls=4 x_bytes=16128 x_success=4 x_fail=0 kb_calls=0 kb_bytes=0 kb_success=0 kb_fail=0 total=4 injected=0 history_level=-1 x_level=1 kb_level=-1 shape_bad=0 x_each_worker_once=1
CASE_PASS m=63 n=9 sve16_entries=0 expected=0 old_entries=0 packed_entries=0 packed_expected=0
ALLOC_PASS m=63 n=17 small=1 history_expected=0 history_calls=0 history_bytes=0 history_success=0 history_fail=0 x_calls=4 x_bytes=16128 x_success=4 x_fail=0 kb_calls=0 kb_bytes=0 kb_success=0 kb_fail=0 total=4 injected=0 history_level=-1 x_level=1 kb_level=-1 shape_bad=0 x_each_worker_once=1
CASE_PASS m=63 n=17 sve16_entries=0 expected=0 old_entries=0 packed_entries=0 packed_expected=0
ALLOC_PASS m=64 n=1 small=1 history_expected=0 history_calls=0 history_bytes=0 history_success=0 history_fail=0 x_calls=4 x_bytes=16384 x_success=4 x_fail=0 kb_calls=0 kb_bytes=0 kb_success=0 kb_fail=0 total=4 injected=0 history_level=-1 x_level=1 kb_level=-1 shape_bad=0 x_each_worker_once=1
CASE_PASS m=64 n=1 sve16_entries=0 expected=0 old_entries=0 packed_entries=0 packed_expected=0
ALLOC_PASS m=64 n=7 small=1 history_expected=0 history_calls=0 history_bytes=0 history_success=0 history_fail=0 x_calls=4 x_bytes=16384 x_success=4 x_fail=0 kb_calls=0 kb_bytes=0 kb_success=0 kb_fail=0 total=4 injected=0 history_level=-1 x_level=1 kb_level=-1 shape_bad=0 x_each_worker_once=1
CASE_PASS m=64 n=7 sve16_entries=0 expected=0 old_entries=0 packed_entries=0 packed_expected=0
ALLOC_PASS m=64 n=8 small=1 history_expected=0 history_calls=0 history_bytes=0 history_success=0 history_fail=0 x_calls=4 x_bytes=16384 x_success=4 x_fail=0 kb_calls=0 kb_bytes=0 kb_success=0 kb_fail=0 total=4 injected=0 history_level=-1 x_level=1 kb_level=-1 shape_bad=0 x_each_worker_once=1
CASE_PASS m=64 n=8 sve16_entries=0 expected=0 old_entries=0 packed_entries=0 packed_expected=0
ALLOC_PASS m=64 n=9 small=1 history_expected=0 history_calls=0 history_bytes=0 history_success=0 history_fail=0 x_calls=4 x_bytes=16384 x_success=4 x_fail=0 kb_calls=0 kb_bytes=0 kb_success=0 kb_fail=0 total=4 injected=0 history_level=-1 x_level=1 kb_level=-1 shape_bad=0 x_each_worker_once=1
CASE_PASS m=64 n=9 sve16_entries=0 expected=0 old_entries=0 packed_entries=0 packed_expected=0
ALLOC_PASS m=64 n=17 small=1 history_expected=0 history_calls=0 history_bytes=0 history_success=0 history_fail=0 x_calls=4 x_bytes=16384 x_success=4 x_fail=0 kb_calls=0 kb_bytes=0 kb_success=0 kb_fail=0 total=4 injected=0 history_level=-1 x_level=1 kb_level=-1 shape_bad=0 x_each_worker_once=1
CASE_PASS m=64 n=17 sve16_entries=0 expected=0 old_entries=0 packed_entries=0 packed_expected=0
ALLOC_PASS m=65 n=1 small=1 history_expected=0 history_calls=0 history_bytes=0 history_success=0 history_fail=0 x_calls=4 x_bytes=16640 x_success=4 x_fail=0 kb_calls=0 kb_bytes=0 kb_success=0 kb_fail=0 total=4 injected=0 history_level=-1 x_level=1 kb_level=-1 shape_bad=0 x_each_worker_once=1
CASE_PASS m=65 n=1 sve16_entries=0 expected=0 old_entries=0 packed_entries=0 packed_expected=0
ALLOC_PASS m=65 n=7 small=1 history_expected=0 history_calls=0 history_bytes=0 history_success=0 history_fail=0 x_calls=4 x_bytes=16640 x_success=4 x_fail=0 kb_calls=0 kb_bytes=0 kb_success=0 kb_fail=0 total=4 injected=0 history_level=-1 x_level=1 kb_level=-1 shape_bad=0 x_each_worker_once=1
CASE_PASS m=65 n=7 sve16_entries=0 expected=0 old_entries=0 packed_entries=0 packed_expected=0
ALLOC_PASS m=65 n=8 small=1 history_expected=0 history_calls=0 history_bytes=0 history_success=0 history_fail=0 x_calls=4 x_bytes=16640 x_success=4 x_fail=0 kb_calls=0 kb_bytes=0 kb_success=0 kb_fail=0 total=4 injected=0 history_level=-1 x_level=1 kb_level=-1 shape_bad=0 x_each_worker_once=1
CASE_PASS m=65 n=8 sve16_entries=0 expected=0 old_entries=0 packed_entries=0 packed_expected=0
ALLOC_PASS m=65 n=9 small=1 history_expected=0 history_calls=0 history_bytes=0 history_success=0 history_fail=0 x_calls=4 x_bytes=16640 x_success=4 x_fail=0 kb_calls=0 kb_bytes=0 kb_success=0 kb_fail=0 total=4 injected=0 history_level=-1 x_level=1 kb_level=-1 shape_bad=0 x_each_worker_once=1
CASE_PASS m=65 n=9 sve16_entries=0 expected=0 old_entries=0 packed_entries=0 packed_expected=0
ALLOC_PASS m=65 n=17 small=1 history_expected=0 history_calls=0 history_bytes=0 history_success=0 history_fail=0 x_calls=4 x_bytes=16640 x_success=4 x_fail=0 kb_calls=0 kb_bytes=0 kb_success=0 kb_fail=0 total=4 injected=0 history_level=-1 x_level=1 kb_level=-1 shape_bad=0 x_each_worker_once=1
CASE_PASS m=65 n=17 sve16_entries=0 expected=0 old_entries=0 packed_entries=0 packed_expected=0
ALLOC_PASS m=255 n=1 small=1 history_expected=0 history_calls=0 history_bytes=0 history_success=0 history_fail=0 x_calls=4 x_bytes=65280 x_success=4 x_fail=0 kb_calls=0 kb_bytes=0 kb_success=0 kb_fail=0 total=4 injected=0 history_level=-1 x_level=1 kb_level=-1 shape_bad=0 x_each_worker_once=1
CASE_PASS m=255 n=1 sve16_entries=0 expected=0 old_entries=0 packed_entries=0 packed_expected=0
ALLOC_PASS m=255 n=7 small=1 history_expected=0 history_calls=0 history_bytes=0 history_success=0 history_fail=0 x_calls=4 x_bytes=65280 x_success=4 x_fail=0 kb_calls=0 kb_bytes=0 kb_success=0 kb_fail=0 total=4 injected=0 history_level=-1 x_level=1 kb_level=-1 shape_bad=0 x_each_worker_once=1
CASE_PASS m=255 n=7 sve16_entries=0 expected=0 old_entries=0 packed_entries=0 packed_expected=0
ALLOC_PASS m=255 n=8 small=1 history_expected=0 history_calls=0 history_bytes=0 history_success=0 history_fail=0 x_calls=4 x_bytes=65280 x_success=4 x_fail=0 kb_calls=0 kb_bytes=0 kb_success=0 kb_fail=0 total=4 injected=0 history_level=-1 x_level=1 kb_level=-1 shape_bad=0 x_each_worker_once=1
CASE_PASS m=255 n=8 sve16_entries=0 expected=0 old_entries=0 packed_entries=0 packed_expected=0
ALLOC_PASS m=255 n=9 small=1 history_expected=0 history_calls=0 history_bytes=0 history_success=0 history_fail=0 x_calls=4 x_bytes=65280 x_success=4 x_fail=0 kb_calls=0 kb_bytes=0 kb_success=0 kb_fail=0 total=4 injected=0 history_level=-1 x_level=1 kb_level=-1 shape_bad=0 x_each_worker_once=1
CASE_PASS m=255 n=9 sve16_entries=0 expected=0 old_entries=0 packed_entries=0 packed_expected=0
ALLOC_PASS m=255 n=17 small=1 history_expected=0 history_calls=0 history_bytes=0 history_success=0 history_fail=0 x_calls=4 x_bytes=65280 x_success=4 x_fail=0 kb_calls=0 kb_bytes=0 kb_success=0 kb_fail=0 total=4 injected=0 history_level=-1 x_level=1 kb_level=-1 shape_bad=0 x_each_worker_once=1
CASE_PASS m=255 n=17 sve16_entries=0 expected=0 old_entries=0 packed_entries=0 packed_expected=0
ALLOC_PASS m=256 n=1 small=1 history_expected=0 history_calls=0 history_bytes=0 history_success=0 history_fail=0 x_calls=4 x_bytes=65536 x_success=4 x_fail=0 kb_calls=0 kb_bytes=0 kb_success=0 kb_fail=0 total=4 injected=0 history_level=-1 x_level=1 kb_level=-1 shape_bad=0 x_each_worker_once=1
CASE_PASS m=256 n=1 sve16_entries=0 expected=0 old_entries=0 packed_entries=0 packed_expected=0
ALLOC_PASS m=256 n=7 small=1 history_expected=0 history_calls=0 history_bytes=0 history_success=0 history_fail=0 x_calls=4 x_bytes=65536 x_success=4 x_fail=0 kb_calls=0 kb_bytes=0 kb_success=0 kb_fail=0 total=4 injected=0 history_level=-1 x_level=1 kb_level=-1 shape_bad=0 x_each_worker_once=1
CASE_PASS m=256 n=7 sve16_entries=0 expected=0 old_entries=0 packed_entries=0 packed_expected=0
ALLOC_PASS m=256 n=8 small=1 history_expected=0 history_calls=0 history_bytes=0 history_success=0 history_fail=0 x_calls=4 x_bytes=65536 x_success=4 x_fail=0 kb_calls=0 kb_bytes=0 kb_success=0 kb_fail=0 total=4 injected=0 history_level=-1 x_level=1 kb_level=-1 shape_bad=0 x_each_worker_once=1
CASE_PASS m=256 n=8 sve16_entries=0 expected=0 old_entries=0 packed_entries=0 packed_expected=0
ALLOC_PASS m=256 n=9 small=1 history_expected=0 history_calls=0 history_bytes=0 history_success=0 history_fail=0 x_calls=4 x_bytes=65536 x_success=4 x_fail=0 kb_calls=0 kb_bytes=0 kb_success=0 kb_fail=0 total=4 injected=0 history_level=-1 x_level=1 kb_level=-1 shape_bad=0 x_each_worker_once=1
CASE_PASS m=256 n=9 sve16_entries=0 expected=0 old_entries=0 packed_entries=0 packed_expected=0
ALLOC_PASS m=256 n=17 small=1 history_expected=0 history_calls=0 history_bytes=0 history_success=0 history_fail=0 x_calls=4 x_bytes=65536 x_success=4 x_fail=0 kb_calls=0 kb_bytes=0 kb_success=0 kb_fail=0 total=4 injected=0 history_level=-1 x_level=1 kb_level=-1 shape_bad=0 x_each_worker_once=1
CASE_PASS m=256 n=17 sve16_entries=0 expected=0 old_entries=0 packed_entries=0 packed_expected=0
ALLOC_PASS m=257 n=1 small=1 history_expected=0 history_calls=0 history_bytes=0 history_success=0 history_fail=0 x_calls=4 x_bytes=65792 x_success=4 x_fail=0 kb_calls=0 kb_bytes=0 kb_success=0 kb_fail=0 total=4 injected=0 history_level=-1 x_level=1 kb_level=-1 shape_bad=0 x_each_worker_once=1
CASE_PASS m=257 n=1 sve16_entries=0 expected=0 old_entries=0 packed_entries=0 packed_expected=0
ALLOC_PASS m=257 n=7 small=1 history_expected=0 history_calls=0 history_bytes=0 history_success=0 history_fail=0 x_calls=4 x_bytes=65792 x_success=4 x_fail=0 kb_calls=0 kb_bytes=0 kb_success=0 kb_fail=0 total=4 injected=0 history_level=-1 x_level=1 kb_level=-1 shape_bad=0 x_each_worker_once=1
CASE_PASS m=257 n=7 sve16_entries=0 expected=0 old_entries=0 packed_entries=0 packed_expected=0
ALLOC_PASS m=257 n=8 small=1 history_expected=0 history_calls=0 history_bytes=0 history_success=0 history_fail=0 x_calls=4 x_bytes=65792 x_success=4 x_fail=0 kb_calls=0 kb_bytes=0 kb_success=0 kb_fail=0 total=4 injected=0 history_level=-1 x_level=1 kb_level=-1 shape_bad=0 x_each_worker_once=1
CASE_PASS m=257 n=8 sve16_entries=0 expected=0 old_entries=0 packed_entries=0 packed_expected=0
ALLOC_PASS m=257 n=9 small=1 history_expected=0 history_calls=0 history_bytes=0 history_success=0 history_fail=0 x_calls=4 x_bytes=65792 x_success=4 x_fail=0 kb_calls=0 kb_bytes=0 kb_success=0 kb_fail=0 total=4 injected=0 history_level=-1 x_level=1 kb_level=-1 shape_bad=0 x_each_worker_once=1
CASE_PASS m=257 n=9 sve16_entries=0 expected=0 old_entries=0 packed_entries=0 packed_expected=0
ALLOC_PASS m=257 n=17 small=1 history_expected=0 history_calls=0 history_bytes=0 history_success=0 history_fail=0 x_calls=4 x_bytes=65792 x_success=4 x_fail=0 kb_calls=0 kb_bytes=0 kb_success=0 kb_fail=0 total=4 injected=0 history_level=-1 x_level=1 kb_level=-1 shape_bad=0 x_each_worker_once=1
CASE_PASS m=257 n=17 sve16_entries=0 expected=0 old_entries=0 packed_entries=0 packed_expected=0
ALLOCATION_SUMMARY_PASS cases=80 budget_cases=0 shared_injection_cases=0
PASS whole_cases=80 noop_cases=4 non_dyadic_long_double_RHS=1 padding_L_unchanged=1 max_error=1.1102230246251565e-16
SOURCE_FEATURES_PASS panel16=1 packedL16=0 has_budget=0 history_budget_bytes=0
MODE=budget THREADS=1 NARROW_VL=0 EXPECT_SVE16=1 EXPECT_PACKEDL16=0
ALLOC_PASS m=1023 n=9 small=1 history_expected=0 history_calls=0 history_bytes=0 history_success=0 history_fail=0 x_calls=1 x_bytes=65472 x_success=1 x_fail=0 kb_calls=0 kb_bytes=0 kb_success=0 kb_fail=0 total=1 injected=0 history_level=-1 x_level=1 kb_level=-1 shape_bad=0 x_each_worker_once=1
CASE_PASS m=1023 n=9 sve16_entries=126 expected=126 old_entries=126 packed_entries=0 packed_expected=0
ALLOC_PASS m=1024 n=9 small=1 history_expected=0 history_calls=0 history_bytes=0 history_success=0 history_fail=0 x_calls=1 x_bytes=65536 x_success=1 x_fail=0 kb_calls=0 kb_bytes=0 kb_success=0 kb_fail=0 total=1 injected=0 history_level=-1 x_level=1 kb_level=-1 shape_bad=0 x_each_worker_once=1
CASE_PASS m=1024 n=9 sve16_entries=128 expected=128 old_entries=128 packed_entries=0 packed_expected=0
ALLOC_PASS m=1039 n=9 small=1 history_expected=0 history_calls=0 history_bytes=0 history_success=0 history_fail=0 x_calls=1 x_bytes=66496 x_success=1 x_fail=0 kb_calls=0 kb_bytes=0 kb_success=0 kb_fail=0 total=1 injected=0 history_level=-1 x_level=1 kb_level=-1 shape_bad=0 x_each_worker_once=1
CASE_PASS m=1039 n=9 sve16_entries=128 expected=128 old_entries=128 packed_entries=0 packed_expected=0
ALLOC_PASS m=1040 n=9 small=1 history_expected=0 history_calls=0 history_bytes=0 history_success=0 history_fail=0 x_calls=1 x_bytes=66560 x_success=1 x_fail=0 kb_calls=0 kb_bytes=0 kb_success=0 kb_fail=0 total=1 injected=0 history_level=-1 x_level=1 kb_level=-1 shape_bad=0 x_each_worker_once=1
CASE_PASS m=1040 n=9 sve16_entries=130 expected=130 old_entries=130 packed_entries=0 packed_expected=0
ALLOC_PASS m=1041 n=9 small=1 history_expected=0 history_calls=0 history_bytes=0 history_success=0 history_fail=0 x_calls=1 x_bytes=66624 x_success=1 x_fail=0 kb_calls=0 kb_bytes=0 kb_success=0 kb_fail=0 total=1 injected=0 history_level=-1 x_level=1 kb_level=-1 shape_bad=0 x_each_worker_once=1
CASE_PASS m=1041 n=9 sve16_entries=130 expected=130 old_entries=130 packed_entries=0 packed_expected=0
ALLOCATION_SUMMARY_PASS cases=5 budget_cases=5 shared_injection_cases=0
PASS whole_cases=5 noop_cases=4 non_dyadic_long_double_RHS=1 padding_L_unchanged=1 max_error=1.1102230246251565e-16
SOURCE_FEATURES_PASS panel16=1 packedL16=0 has_budget=0 history_budget_bytes=0
MODE=budget THREADS=4 NARROW_VL=0 EXPECT_SVE16=1 EXPECT_PACKEDL16=0
ALLOC_PASS m=1023 n=9 small=1 history_expected=0 history_calls=0 history_bytes=0 history_success=0 history_fail=0 x_calls=4 x_bytes=261888 x_success=4 x_fail=0 kb_calls=0 kb_bytes=0 kb_success=0 kb_fail=0 total=4 injected=0 history_level=-1 x_level=1 kb_level=-1 shape_bad=0 x_each_worker_once=1
CASE_PASS m=1023 n=9 sve16_entries=126 expected=126 old_entries=126 packed_entries=0 packed_expected=0
ALLOC_PASS m=1024 n=9 small=1 history_expected=0 history_calls=0 history_bytes=0 history_success=0 history_fail=0 x_calls=4 x_bytes=262144 x_success=4 x_fail=0 kb_calls=0 kb_bytes=0 kb_success=0 kb_fail=0 total=4 injected=0 history_level=-1 x_level=1 kb_level=-1 shape_bad=0 x_each_worker_once=1
CASE_PASS m=1024 n=9 sve16_entries=128 expected=128 old_entries=128 packed_entries=0 packed_expected=0
ALLOC_PASS m=1039 n=9 small=1 history_expected=0 history_calls=0 history_bytes=0 history_success=0 history_fail=0 x_calls=4 x_bytes=265984 x_success=4 x_fail=0 kb_calls=0 kb_bytes=0 kb_success=0 kb_fail=0 total=4 injected=0 history_level=-1 x_level=1 kb_level=-1 shape_bad=0 x_each_worker_once=1
CASE_PASS m=1039 n=9 sve16_entries=128 expected=128 old_entries=128 packed_entries=0 packed_expected=0
ALLOC_PASS m=1040 n=9 small=1 history_expected=0 history_calls=0 history_bytes=0 history_success=0 history_fail=0 x_calls=4 x_bytes=266240 x_success=4 x_fail=0 kb_calls=0 kb_bytes=0 kb_success=0 kb_fail=0 total=4 injected=0 history_level=-1 x_level=1 kb_level=-1 shape_bad=0 x_each_worker_once=1
CASE_PASS m=1040 n=9 sve16_entries=130 expected=130 old_entries=130 packed_entries=0 packed_expected=0
ALLOC_PASS m=1041 n=9 small=1 history_expected=0 history_calls=0 history_bytes=0 history_success=0 history_fail=0 x_calls=4 x_bytes=266496 x_success=4 x_fail=0 kb_calls=0 kb_bytes=0 kb_success=0 kb_fail=0 total=4 injected=0 history_level=-1 x_level=1 kb_level=-1 shape_bad=0 x_each_worker_once=1
CASE_PASS m=1041 n=9 sve16_entries=130 expected=130 old_entries=130 packed_entries=0 packed_expected=0
ALLOCATION_SUMMARY_PASS cases=5 budget_cases=5 shared_injection_cases=0
PASS whole_cases=5 noop_cases=4 non_dyadic_long_double_RHS=1 padding_L_unchanged=1 max_error=1.1102230246251565e-16
SOURCE_FEATURES_PASS panel16=1 packedL16=0 has_budget=0 history_budget_bytes=0
MODE=budget-smoke THREADS=38 NARROW_VL=0 EXPECT_SVE16=1 EXPECT_PACKEDL16=0
ALLOC_PASS m=1039 n=313 small=1 history_expected=0 history_calls=0 history_bytes=0 history_success=0 history_fail=0 x_calls=38 x_bytes=2526848 x_success=38 x_fail=0 kb_calls=0 kb_bytes=0 kb_success=0 kb_fail=0 total=38 injected=0 history_level=-1 x_level=1 kb_level=-1 shape_bad=0 x_each_worker_once=1
CASE_PASS m=1039 n=313 sve16_entries=2560 expected=2560 old_entries=2560 packed_entries=0 packed_expected=0
ALLOC_PASS m=1040 n=313 small=1 history_expected=0 history_calls=0 history_bytes=0 history_success=0 history_fail=0 x_calls=38 x_bytes=2529280 x_success=38 x_fail=0 kb_calls=0 kb_bytes=0 kb_success=0 kb_fail=0 total=38 injected=0 history_level=-1 x_level=1 kb_level=-1 shape_bad=0 x_each_worker_once=1
CASE_PASS m=1040 n=313 sve16_entries=2600 expected=2600 old_entries=2600 packed_entries=0 packed_expected=0
ALLOCATION_SUMMARY_PASS cases=2 budget_cases=2 shared_injection_cases=0
PASS whole_cases=2 noop_cases=4 non_dyadic_long_double_RHS=1 padding_L_unchanged=1 max_error=1.1102230246251565e-16
SOURCE_FEATURES_PASS panel16=1 packedL16=0 has_budget=0 history_budget_bytes=0
MODE=budget THREADS=4 NARROW_VL=0 EXPECT_SVE16=0 EXPECT_PACKEDL16=0
ALLOC_PASS m=1023 n=9 small=1 history_expected=0 history_calls=0 history_bytes=0 history_success=0 history_fail=0 x_calls=4 x_bytes=261888 x_success=0 x_fail=4 kb_calls=0 kb_bytes=0 kb_success=0 kb_fail=0 total=4 injected=4 history_level=-1 x_level=1 kb_level=-1 shape_bad=0 x_each_worker_once=1
CASE_PASS m=1023 n=9 sve16_entries=0 expected=0 old_entries=0 packed_entries=0 packed_expected=0
ALLOC_PASS m=1024 n=9 small=1 history_expected=0 history_calls=0 history_bytes=0 history_success=0 history_fail=0 x_calls=4 x_bytes=262144 x_success=0 x_fail=4 kb_calls=0 kb_bytes=0 kb_success=0 kb_fail=0 total=4 injected=4 history_level=-1 x_level=1 kb_level=-1 shape_bad=0 x_each_worker_once=1
CASE_PASS m=1024 n=9 sve16_entries=0 expected=0 old_entries=0 packed_entries=0 packed_expected=0
ALLOC_PASS m=1039 n=9 small=1 history_expected=0 history_calls=0 history_bytes=0 history_success=0 history_fail=0 x_calls=4 x_bytes=265984 x_success=0 x_fail=4 kb_calls=0 kb_bytes=0 kb_success=0 kb_fail=0 total=4 injected=4 history_level=-1 x_level=1 kb_level=-1 shape_bad=0 x_each_worker_once=1
CASE_PASS m=1039 n=9 sve16_entries=0 expected=0 old_entries=0 packed_entries=0 packed_expected=0
ALLOC_PASS m=1040 n=9 small=1 history_expected=0 history_calls=0 history_bytes=0 history_success=0 history_fail=0 x_calls=4 x_bytes=266240 x_success=0 x_fail=4 kb_calls=0 kb_bytes=0 kb_success=0 kb_fail=0 total=4 injected=4 history_level=-1 x_level=1 kb_level=-1 shape_bad=0 x_each_worker_once=1
CASE_PASS m=1040 n=9 sve16_entries=0 expected=0 old_entries=0 packed_entries=0 packed_expected=0
ALLOC_PASS m=1041 n=9 small=1 history_expected=0 history_calls=0 history_bytes=0 history_success=0 history_fail=0 x_calls=4 x_bytes=266496 x_success=0 x_fail=4 kb_calls=0 kb_bytes=0 kb_success=0 kb_fail=0 total=4 injected=4 history_level=-1 x_level=1 kb_level=-1 shape_bad=0 x_each_worker_once=1
CASE_PASS m=1041 n=9 sve16_entries=0 expected=0 old_entries=0 packed_entries=0 packed_expected=0
ALLOCATION_SUMMARY_PASS cases=5 budget_cases=5 shared_injection_cases=0
PASS whole_cases=5 noop_cases=4 non_dyadic_long_double_RHS=1 padding_L_unchanged=1 max_error=1.1102230246251565e-16
SOURCE_FEATURES_PASS panel16=1 packedL16=0 has_budget=0 history_budget_bytes=0
MODE=budget THREADS=4 NARROW_VL=0 EXPECT_SVE16=0 EXPECT_PACKEDL16=0
ALLOC_PASS m=1023 n=9 small=1 history_expected=0 history_calls=0 history_bytes=0 history_success=0 history_fail=0 x_calls=4 x_bytes=261888 x_success=4 x_fail=0 kb_calls=0 kb_bytes=0 kb_success=0 kb_fail=0 total=4 injected=0 history_level=-1 x_level=1 kb_level=-1 shape_bad=0 x_each_worker_once=1
CASE_PASS m=1023 n=9 sve16_entries=0 expected=0 old_entries=0 packed_entries=0 packed_expected=0
ALLOC_PASS m=1024 n=9 small=1 history_expected=0 history_calls=0 history_bytes=0 history_success=0 history_fail=0 x_calls=4 x_bytes=262144 x_success=4 x_fail=0 kb_calls=0 kb_bytes=0 kb_success=0 kb_fail=0 total=4 injected=0 history_level=-1 x_level=1 kb_level=-1 shape_bad=0 x_each_worker_once=1
CASE_PASS m=1024 n=9 sve16_entries=0 expected=0 old_entries=0 packed_entries=0 packed_expected=0
ALLOC_PASS m=1039 n=9 small=1 history_expected=0 history_calls=0 history_bytes=0 history_success=0 history_fail=0 x_calls=4 x_bytes=265984 x_success=4 x_fail=0 kb_calls=0 kb_bytes=0 kb_success=0 kb_fail=0 total=4 injected=0 history_level=-1 x_level=1 kb_level=-1 shape_bad=0 x_each_worker_once=1
CASE_PASS m=1039 n=9 sve16_entries=0 expected=0 old_entries=0 packed_entries=0 packed_expected=0
ALLOC_PASS m=1040 n=9 small=1 history_expected=0 history_calls=0 history_bytes=0 history_success=0 history_fail=0 x_calls=4 x_bytes=266240 x_success=4 x_fail=0 kb_calls=0 kb_bytes=0 kb_success=0 kb_fail=0 total=4 injected=0 history_level=-1 x_level=1 kb_level=-1 shape_bad=0 x_each_worker_once=1
CASE_PASS m=1040 n=9 sve16_entries=0 expected=0 old_entries=0 packed_entries=0 packed_expected=0
ALLOC_PASS m=1041 n=9 small=1 history_expected=0 history_calls=0 history_bytes=0 history_success=0 history_fail=0 x_calls=4 x_bytes=266496 x_success=4 x_fail=0 kb_calls=0 kb_bytes=0 kb_success=0 kb_fail=0 total=4 injected=0 history_level=-1 x_level=1 kb_level=-1 shape_bad=0 x_each_worker_once=1
CASE_PASS m=1041 n=9 sve16_entries=0 expected=0 old_entries=0 packed_entries=0 packed_expected=0
ALLOCATION_SUMMARY_PASS cases=5 budget_cases=5 shared_injection_cases=0
PASS whole_cases=5 noop_cases=4 non_dyadic_long_double_RHS=1 padding_L_unchanged=1 max_error=1.1102230246251565e-16
SOURCE_FEATURES_PASS panel16=1 packedL16=0 has_budget=0 history_budget_bytes=0
MODE=budget THREADS=4 NARROW_VL=1 EXPECT_SVE16=0 EXPECT_PACKEDL16=0
ALLOC_PASS m=1023 n=9 small=1 history_expected=0 history_calls=0 history_bytes=0 history_success=0 history_fail=0 x_calls=4 x_bytes=261888 x_success=4 x_fail=0 kb_calls=0 kb_bytes=0 kb_success=0 kb_fail=0 total=4 injected=0 history_level=-1 x_level=1 kb_level=-1 shape_bad=0 x_each_worker_once=1
CASE_PASS m=1023 n=9 sve16_entries=0 expected=0 old_entries=0 packed_entries=0 packed_expected=0
ALLOC_PASS m=1024 n=9 small=1 history_expected=0 history_calls=0 history_bytes=0 history_success=0 history_fail=0 x_calls=4 x_bytes=262144 x_success=4 x_fail=0 kb_calls=0 kb_bytes=0 kb_success=0 kb_fail=0 total=4 injected=0 history_level=-1 x_level=1 kb_level=-1 shape_bad=0 x_each_worker_once=1
CASE_PASS m=1024 n=9 sve16_entries=0 expected=0 old_entries=0 packed_entries=0 packed_expected=0
ALLOC_PASS m=1039 n=9 small=1 history_expected=0 history_calls=0 history_bytes=0 history_success=0 history_fail=0 x_calls=4 x_bytes=265984 x_success=4 x_fail=0 kb_calls=0 kb_bytes=0 kb_success=0 kb_fail=0 total=4 injected=0 history_level=-1 x_level=1 kb_level=-1 shape_bad=0 x_each_worker_once=1
CASE_PASS m=1039 n=9 sve16_entries=0 expected=0 old_entries=0 packed_entries=0 packed_expected=0
ALLOC_PASS m=1040 n=9 small=1 history_expected=0 history_calls=0 history_bytes=0 history_success=0 history_fail=0 x_calls=4 x_bytes=266240 x_success=4 x_fail=0 kb_calls=0 kb_bytes=0 kb_success=0 kb_fail=0 total=4 injected=0 history_level=-1 x_level=1 kb_level=-1 shape_bad=0 x_each_worker_once=1
CASE_PASS m=1040 n=9 sve16_entries=0 expected=0 old_entries=0 packed_entries=0 packed_expected=0
ALLOC_PASS m=1041 n=9 small=1 history_expected=0 history_calls=0 history_bytes=0 history_success=0 history_fail=0 x_calls=4 x_bytes=266496 x_success=4 x_fail=0 kb_calls=0 kb_bytes=0 kb_success=0 kb_fail=0 total=4 injected=0 history_level=-1 x_level=1 kb_level=-1 shape_bad=0 x_each_worker_once=1
CASE_PASS m=1041 n=9 sve16_entries=0 expected=0 old_entries=0 packed_entries=0 packed_expected=0
ALLOCATION_SUMMARY_PASS cases=5 budget_cases=5 shared_injection_cases=0
PASS whole_cases=5 noop_cases=4 non_dyadic_long_double_RHS=1 padding_L_unchanged=1 max_error=1.1102230246251565e-16
TRSM_PREFLIGHT_COMPLETE=1 MICRO_CASES=14 WHOLE_CASES=433 NOOP_CASES=52 OLD_MICRO_CASES=14 PACKED_MICRO_CASES=0 SHARED_FAIL_CASES=0 ALLOCATION_CASES=433 BUDGET_CASES=27 BUDGET_SHARED_INJECTIONS=0
{"allowed_cpu_count": 38, "allowed_cpus": [76, 77, 78, 79, 80, 81, 82, 83, 84, 85, 86, 87, 88, 89, 90, 91, 92, 93, 94, 95, 96, 97, 98, 99, 100, 101, 102, 103, 104, 105, 106, 107, 108, 109, 110, 111, 112, 113], "guard_pass": true, "host": "COMPUTE_NODE_1", "numa_nodes": ["node2"], "scheduler_job_id": "1579861"}
gcc (gcc for openEuler 3.0.2) 12.3.1
Copyright (C) 2022 Free Software Foundation, Inc.
This is free software; see the source for copying conditions.  There is NO
warranty; not even for MERCHANTABILITY or FITNESS FOR A PARTICULAR PURPOSE.

SOURCE_FEATURES_PASS panel16=1 packedL16=1 has_budget=1 history_budget_bytes=4194304
MODE=micro THREADS=1 NARROW_VL=0 EXPECT_SVE16=1 EXPECT_PACKEDL16=1
PASS micro_cases=14 ordered_FMA_bitwise=1 prefix_padding_L_unchanged=1 history_unchanged=1
SOURCE_FEATURES_PASS panel16=1 packedL16=1 has_budget=1 history_budget_bytes=4194304
MODE=packed-micro THREADS=1 NARROW_VL=0 EXPECT_SVE16=1 EXPECT_PACKEDL16=1
PASS packed_micro_cases=14 ordered_FMA_bitwise=1 prefix_padding_L_unchanged=1 history_unchanged=1
SOURCE_FEATURES_PASS panel16=1 packedL16=1 has_budget=1 history_budget_bytes=4194304
MODE=full THREADS=1 NARROW_VL=0 EXPECT_SVE16=1 EXPECT_PACKEDL16=1
ALLOC_PASS m=1 n=1 small=1 history_expected=0 history_calls=0 history_bytes=0 history_success=0 history_fail=0 x_calls=1 x_bytes=64 x_success=1 x_fail=0 kb_calls=0 kb_bytes=0 kb_success=0 kb_fail=0 total=1 injected=0 history_level=-1 x_level=1 kb_level=-1 shape_bad=0 x_each_worker_once=1
CASE_PASS m=1 n=1 sve16_entries=0 expected=0 old_entries=0 packed_entries=0 packed_expected=0
ALLOC_PASS m=1 n=7 small=1 history_expected=0 history_calls=0 history_bytes=0 history_success=0 history_fail=0 x_calls=1 x_bytes=64 x_success=1 x_fail=0 kb_calls=0 kb_bytes=0 kb_success=0 kb_fail=0 total=1 injected=0 history_level=-1 x_level=1 kb_level=-1 shape_bad=0 x_each_worker_once=1
CASE_PASS m=1 n=7 sve16_entries=0 expected=0 old_entries=0 packed_entries=0 packed_expected=0
ALLOC_PASS m=1 n=8 small=1 history_expected=0 history_calls=0 history_bytes=0 history_success=0 history_fail=0 x_calls=1 x_bytes=64 x_success=1 x_fail=0 kb_calls=0 kb_bytes=0 kb_success=0 kb_fail=0 total=1 injected=0 history_level=-1 x_level=1 kb_level=-1 shape_bad=0 x_each_worker_once=1
CASE_PASS m=1 n=8 sve16_entries=0 expected=0 old_entries=0 packed_entries=0 packed_expected=0
ALLOC_PASS m=1 n=9 small=1 history_expected=0 history_calls=0 history_bytes=0 history_success=0 history_fail=0 x_calls=1 x_bytes=64 x_success=1 x_fail=0 kb_calls=0 kb_bytes=0 kb_success=0 kb_fail=0 total=1 injected=0 history_level=-1 x_level=1 kb_level=-1 shape_bad=0 x_each_worker_once=1
CASE_PASS m=1 n=9 sve16_entries=0 expected=0 old_entries=0 packed_entries=0 packed_expected=0
ALLOC_PASS m=1 n=17 small=1 history_expected=0 history_calls=0 history_bytes=0 history_success=0 history_fail=0 x_calls=1 x_bytes=64 x_success=1 x_fail=0 kb_calls=0 kb_bytes=0 kb_success=0 kb_fail=0 total=1 injected=0 history_level=-1 x_level=1 kb_level=-1 shape_bad=0 x_each_worker_once=1
CASE_PASS m=1 n=17 sve16_entries=0 expected=0 old_entries=0 packed_entries=0 packed_expected=0
ALLOC_PASS m=3 n=1 small=1 history_expected=0 history_calls=0 history_bytes=0 history_success=0 history_fail=0 x_calls=1 x_bytes=192 x_success=1 x_fail=0 kb_calls=0 kb_bytes=0 kb_success=0 kb_fail=0 total=1 injected=0 history_level=-1 x_level=1 kb_level=-1 shape_bad=0 x_each_worker_once=1
CASE_PASS m=3 n=1 sve16_entries=0 expected=0 old_entries=0 packed_entries=0 packed_expected=0
ALLOC_PASS m=3 n=7 small=1 history_expected=0 history_calls=0 history_bytes=0 history_success=0 history_fail=0 x_calls=1 x_bytes=192 x_success=1 x_fail=0 kb_calls=0 kb_bytes=0 kb_success=0 kb_fail=0 total=1 injected=0 history_level=-1 x_level=1 kb_level=-1 shape_bad=0 x_each_worker_once=1
CASE_PASS m=3 n=7 sve16_entries=0 expected=0 old_entries=0 packed_entries=0 packed_expected=0
ALLOC_PASS m=3 n=8 small=1 history_expected=0 history_calls=0 history_bytes=0 history_success=0 history_fail=0 x_calls=1 x_bytes=192 x_success=1 x_fail=0 kb_calls=0 kb_bytes=0 kb_success=0 kb_fail=0 total=1 injected=0 history_level=-1 x_level=1 kb_level=-1 shape_bad=0 x_each_worker_once=1
CASE_PASS m=3 n=8 sve16_entries=0 expected=0 old_entries=0 packed_entries=0 packed_expected=0
ALLOC_PASS m=3 n=9 small=1 history_expected=0 history_calls=0 history_bytes=0 history_success=0 history_fail=0 x_calls=1 x_bytes=192 x_success=1 x_fail=0 kb_calls=0 kb_bytes=0 kb_success=0 kb_fail=0 total=1 injected=0 history_level=-1 x_level=1 kb_level=-1 shape_bad=0 x_each_worker_once=1
CASE_PASS m=3 n=9 sve16_entries=0 expected=0 old_entries=0 packed_entries=0 packed_expected=0
ALLOC_PASS m=3 n=17 small=1 history_expected=0 history_calls=0 history_bytes=0 history_success=0 history_fail=0 x_calls=1 x_bytes=192 x_success=1 x_fail=0 kb_calls=0 kb_bytes=0 kb_success=0 kb_fail=0 total=1 injected=0 history_level=-1 x_level=1 kb_level=-1 shape_bad=0 x_each_worker_once=1
CASE_PASS m=3 n=17 sve16_entries=0 expected=0 old_entries=0 packed_entries=0 packed_expected=0
ALLOC_PASS m=4 n=1 small=1 history_expected=0 history_calls=0 history_bytes=0 history_success=0 history_fail=0 x_calls=1 x_bytes=256 x_success=1 x_fail=0 kb_calls=0 kb_bytes=0 kb_success=0 kb_fail=0 total=1 injected=0 history_level=-1 x_level=1 kb_level=-1 shape_bad=0 x_each_worker_once=1
CASE_PASS m=4 n=1 sve16_entries=0 expected=0 old_entries=0 packed_entries=0 packed_expected=0
ALLOC_PASS m=4 n=7 small=1 history_expected=0 history_calls=0 history_bytes=0 history_success=0 history_fail=0 x_calls=1 x_bytes=256 x_success=1 x_fail=0 kb_calls=0 kb_bytes=0 kb_success=0 kb_fail=0 total=1 injected=0 history_level=-1 x_level=1 kb_level=-1 shape_bad=0 x_each_worker_once=1
CASE_PASS m=4 n=7 sve16_entries=0 expected=0 old_entries=0 packed_entries=0 packed_expected=0
ALLOC_PASS m=4 n=8 small=1 history_expected=0 history_calls=0 history_bytes=0 history_success=0 history_fail=0 x_calls=1 x_bytes=256 x_success=1 x_fail=0 kb_calls=0 kb_bytes=0 kb_success=0 kb_fail=0 total=1 injected=0 history_level=-1 x_level=1 kb_level=-1 shape_bad=0 x_each_worker_once=1
CASE_PASS m=4 n=8 sve16_entries=0 expected=0 old_entries=0 packed_entries=0 packed_expected=0
ALLOC_PASS m=4 n=9 small=1 history_expected=0 history_calls=0 history_bytes=0 history_success=0 history_fail=0 x_calls=1 x_bytes=256 x_success=1 x_fail=0 kb_calls=0 kb_bytes=0 kb_success=0 kb_fail=0 total=1 injected=0 history_level=-1 x_level=1 kb_level=-1 shape_bad=0 x_each_worker_once=1
CASE_PASS m=4 n=9 sve16_entries=0 expected=0 old_entries=0 packed_entries=0 packed_expected=0
ALLOC_PASS m=4 n=17 small=1 history_expected=0 history_calls=0 history_bytes=0 history_success=0 history_fail=0 x_calls=1 x_bytes=256 x_success=1 x_fail=0 kb_calls=0 kb_bytes=0 kb_success=0 kb_fail=0 total=1 injected=0 history_level=-1 x_level=1 kb_level=-1 shape_bad=0 x_each_worker_once=1
CASE_PASS m=4 n=17 sve16_entries=0 expected=0 old_entries=0 packed_entries=0 packed_expected=0
ALLOC_PASS m=5 n=1 small=1 history_expected=0 history_calls=0 history_bytes=0 history_success=0 history_fail=0 x_calls=1 x_bytes=320 x_success=1 x_fail=0 kb_calls=0 kb_bytes=0 kb_success=0 kb_fail=0 total=1 injected=0 history_level=-1 x_level=1 kb_level=-1 shape_bad=0 x_each_worker_once=1
CASE_PASS m=5 n=1 sve16_entries=0 expected=0 old_entries=0 packed_entries=0 packed_expected=0
ALLOC_PASS m=5 n=7 small=1 history_expected=0 history_calls=0 history_bytes=0 history_success=0 history_fail=0 x_calls=1 x_bytes=320 x_success=1 x_fail=0 kb_calls=0 kb_bytes=0 kb_success=0 kb_fail=0 total=1 injected=0 history_level=-1 x_level=1 kb_level=-1 shape_bad=0 x_each_worker_once=1
CASE_PASS m=5 n=7 sve16_entries=0 expected=0 old_entries=0 packed_entries=0 packed_expected=0
ALLOC_PASS m=5 n=8 small=1 history_expected=0 history_calls=0 history_bytes=0 history_success=0 history_fail=0 x_calls=1 x_bytes=320 x_success=1 x_fail=0 kb_calls=0 kb_bytes=0 kb_success=0 kb_fail=0 total=1 injected=0 history_level=-1 x_level=1 kb_level=-1 shape_bad=0 x_each_worker_once=1
CASE_PASS m=5 n=8 sve16_entries=0 expected=0 old_entries=0 packed_entries=0 packed_expected=0
ALLOC_PASS m=5 n=9 small=1 history_expected=0 history_calls=0 history_bytes=0 history_success=0 history_fail=0 x_calls=1 x_bytes=320 x_success=1 x_fail=0 kb_calls=0 kb_bytes=0 kb_success=0 kb_fail=0 total=1 injected=0 history_level=-1 x_level=1 kb_level=-1 shape_bad=0 x_each_worker_once=1
CASE_PASS m=5 n=9 sve16_entries=0 expected=0 old_entries=0 packed_entries=0 packed_expected=0
ALLOC_PASS m=5 n=17 small=1 history_expected=0 history_calls=0 history_bytes=0 history_success=0 history_fail=0 x_calls=1 x_bytes=320 x_success=1 x_fail=0 kb_calls=0 kb_bytes=0 kb_success=0 kb_fail=0 total=1 injected=0 history_level=-1 x_level=1 kb_level=-1 shape_bad=0 x_each_worker_once=1
CASE_PASS m=5 n=17 sve16_entries=0 expected=0 old_entries=0 packed_entries=0 packed_expected=0
ALLOC_PASS m=15 n=1 small=1 history_expected=0 history_calls=0 history_bytes=0 history_success=0 history_fail=0 x_calls=1 x_bytes=960 x_success=1 x_fail=0 kb_calls=0 kb_bytes=0 kb_success=0 kb_fail=0 total=1 injected=0 history_level=-1 x_level=1 kb_level=-1 shape_bad=0 x_each_worker_once=1
CASE_PASS m=15 n=1 sve16_entries=0 expected=0 old_entries=0 packed_entries=0 packed_expected=0
ALLOC_PASS m=15 n=7 small=1 history_expected=0 history_calls=0 history_bytes=0 history_success=0 history_fail=0 x_calls=1 x_bytes=960 x_success=1 x_fail=0 kb_calls=0 kb_bytes=0 kb_success=0 kb_fail=0 total=1 injected=0 history_level=-1 x_level=1 kb_level=-1 shape_bad=0 x_each_worker_once=1
CASE_PASS m=15 n=7 sve16_entries=0 expected=0 old_entries=0 packed_entries=0 packed_expected=0
ALLOC_PASS m=15 n=8 small=1 history_expected=0 history_calls=0 history_bytes=0 history_success=0 history_fail=0 x_calls=1 x_bytes=960 x_success=1 x_fail=0 kb_calls=0 kb_bytes=0 kb_success=0 kb_fail=0 total=1 injected=0 history_level=-1 x_level=1 kb_level=-1 shape_bad=0 x_each_worker_once=1
CASE_PASS m=15 n=8 sve16_entries=0 expected=0 old_entries=0 packed_entries=0 packed_expected=0
ALLOC_PASS m=15 n=9 small=1 history_expected=0 history_calls=0 history_bytes=0 history_success=0 history_fail=0 x_calls=1 x_bytes=960 x_success=1 x_fail=0 kb_calls=0 kb_bytes=0 kb_success=0 kb_fail=0 total=1 injected=0 history_level=-1 x_level=1 kb_level=-1 shape_bad=0 x_each_worker_once=1
CASE_PASS m=15 n=9 sve16_entries=0 expected=0 old_entries=0 packed_entries=0 packed_expected=0
ALLOC_PASS m=15 n=17 small=1 history_expected=0 history_calls=0 history_bytes=0 history_success=0 history_fail=0 x_calls=1 x_bytes=960 x_success=1 x_fail=0 kb_calls=0 kb_bytes=0 kb_success=0 kb_fail=0 total=1 injected=0 history_level=-1 x_level=1 kb_level=-1 shape_bad=0 x_each_worker_once=1
CASE_PASS m=15 n=17 sve16_entries=0 expected=0 old_entries=0 packed_entries=0 packed_expected=0
ALLOC_PASS m=16 n=1 small=1 history_expected=0 history_calls=0 history_bytes=0 history_success=0 history_fail=0 x_calls=1 x_bytes=1024 x_success=1 x_fail=0 kb_calls=0 kb_bytes=0 kb_success=0 kb_fail=0 total=1 injected=0 history_level=-1 x_level=1 kb_level=-1 shape_bad=0 x_each_worker_once=1
CASE_PASS m=16 n=1 sve16_entries=1 expected=1 old_entries=1 packed_entries=0 packed_expected=0
ALLOC_PASS m=16 n=7 small=1 history_expected=0 history_calls=0 history_bytes=0 history_success=0 history_fail=0 x_calls=1 x_bytes=1024 x_success=1 x_fail=0 kb_calls=0 kb_bytes=0 kb_success=0 kb_fail=0 total=1 injected=0 history_level=-1 x_level=1 kb_level=-1 shape_bad=0 x_each_worker_once=1
CASE_PASS m=16 n=7 sve16_entries=1 expected=1 old_entries=1 packed_entries=0 packed_expected=0
ALLOC_PASS m=16 n=8 small=1 history_expected=0 history_calls=0 history_bytes=0 history_success=0 history_fail=0 x_calls=1 x_bytes=1024 x_success=1 x_fail=0 kb_calls=0 kb_bytes=0 kb_success=0 kb_fail=0 total=1 injected=0 history_level=-1 x_level=1 kb_level=-1 shape_bad=0 x_each_worker_once=1
CASE_PASS m=16 n=8 sve16_entries=1 expected=1 old_entries=1 packed_entries=0 packed_expected=0
ALLOC_PASS m=16 n=9 small=1 history_expected=0 history_calls=0 history_bytes=0 history_success=0 history_fail=0 x_calls=1 x_bytes=1024 x_success=1 x_fail=0 kb_calls=0 kb_bytes=0 kb_success=0 kb_fail=0 total=1 injected=0 history_level=-1 x_level=1 kb_level=-1 shape_bad=0 x_each_worker_once=1
CASE_PASS m=16 n=9 sve16_entries=2 expected=2 old_entries=2 packed_entries=0 packed_expected=0
ALLOC_PASS m=16 n=17 small=1 history_expected=0 history_calls=0 history_bytes=0 history_success=0 history_fail=0 x_calls=1 x_bytes=1024 x_success=1 x_fail=0 kb_calls=0 kb_bytes=0 kb_success=0 kb_fail=0 total=1 injected=0 history_level=-1 x_level=1 kb_level=-1 shape_bad=0 x_each_worker_once=1
CASE_PASS m=16 n=17 sve16_entries=3 expected=3 old_entries=3 packed_entries=0 packed_expected=0
ALLOC_PASS m=17 n=1 small=1 history_expected=0 history_calls=0 history_bytes=0 history_success=0 history_fail=0 x_calls=1 x_bytes=1088 x_success=1 x_fail=0 kb_calls=0 kb_bytes=0 kb_success=0 kb_fail=0 total=1 injected=0 history_level=-1 x_level=1 kb_level=-1 shape_bad=0 x_each_worker_once=1
CASE_PASS m=17 n=1 sve16_entries=1 expected=1 old_entries=1 packed_entries=0 packed_expected=0
ALLOC_PASS m=17 n=7 small=1 history_expected=0 history_calls=0 history_bytes=0 history_success=0 history_fail=0 x_calls=1 x_bytes=1088 x_success=1 x_fail=0 kb_calls=0 kb_bytes=0 kb_success=0 kb_fail=0 total=1 injected=0 history_level=-1 x_level=1 kb_level=-1 shape_bad=0 x_each_worker_once=1
CASE_PASS m=17 n=7 sve16_entries=1 expected=1 old_entries=1 packed_entries=0 packed_expected=0
ALLOC_PASS m=17 n=8 small=1 history_expected=0 history_calls=0 history_bytes=0 history_success=0 history_fail=0 x_calls=1 x_bytes=1088 x_success=1 x_fail=0 kb_calls=0 kb_bytes=0 kb_success=0 kb_fail=0 total=1 injected=0 history_level=-1 x_level=1 kb_level=-1 shape_bad=0 x_each_worker_once=1
CASE_PASS m=17 n=8 sve16_entries=1 expected=1 old_entries=1 packed_entries=0 packed_expected=0
ALLOC_PASS m=17 n=9 small=1 history_expected=0 history_calls=0 history_bytes=0 history_success=0 history_fail=0 x_calls=1 x_bytes=1088 x_success=1 x_fail=0 kb_calls=0 kb_bytes=0 kb_success=0 kb_fail=0 total=1 injected=0 history_level=-1 x_level=1 kb_level=-1 shape_bad=0 x_each_worker_once=1
CASE_PASS m=17 n=9 sve16_entries=2 expected=2 old_entries=2 packed_entries=0 packed_expected=0
ALLOC_PASS m=17 n=17 small=1 history_expected=0 history_calls=0 history_bytes=0 history_success=0 history_fail=0 x_calls=1 x_bytes=1088 x_success=1 x_fail=0 kb_calls=0 kb_bytes=0 kb_success=0 kb_fail=0 total=1 injected=0 history_level=-1 x_level=1 kb_level=-1 shape_bad=0 x_each_worker_once=1
CASE_PASS m=17 n=17 sve16_entries=3 expected=3 old_entries=3 packed_entries=0 packed_expected=0
ALLOC_PASS m=31 n=1 small=1 history_expected=0 history_calls=0 history_bytes=0 history_success=0 history_fail=0 x_calls=1 x_bytes=1984 x_success=1 x_fail=0 kb_calls=0 kb_bytes=0 kb_success=0 kb_fail=0 total=1 injected=0 history_level=-1 x_level=1 kb_level=-1 shape_bad=0 x_each_worker_once=1
CASE_PASS m=31 n=1 sve16_entries=1 expected=1 old_entries=1 packed_entries=0 packed_expected=0
ALLOC_PASS m=31 n=7 small=1 history_expected=0 history_calls=0 history_bytes=0 history_success=0 history_fail=0 x_calls=1 x_bytes=1984 x_success=1 x_fail=0 kb_calls=0 kb_bytes=0 kb_success=0 kb_fail=0 total=1 injected=0 history_level=-1 x_level=1 kb_level=-1 shape_bad=0 x_each_worker_once=1
CASE_PASS m=31 n=7 sve16_entries=1 expected=1 old_entries=1 packed_entries=0 packed_expected=0
ALLOC_PASS m=31 n=8 small=1 history_expected=0 history_calls=0 history_bytes=0 history_success=0 history_fail=0 x_calls=1 x_bytes=1984 x_success=1 x_fail=0 kb_calls=0 kb_bytes=0 kb_success=0 kb_fail=0 total=1 injected=0 history_level=-1 x_level=1 kb_level=-1 shape_bad=0 x_each_worker_once=1
CASE_PASS m=31 n=8 sve16_entries=1 expected=1 old_entries=1 packed_entries=0 packed_expected=0
ALLOC_PASS m=31 n=9 small=1 history_expected=0 history_calls=0 history_bytes=0 history_success=0 history_fail=0 x_calls=1 x_bytes=1984 x_success=1 x_fail=0 kb_calls=0 kb_bytes=0 kb_success=0 kb_fail=0 total=1 injected=0 history_level=-1 x_level=1 kb_level=-1 shape_bad=0 x_each_worker_once=1
CASE_PASS m=31 n=9 sve16_entries=2 expected=2 old_entries=2 packed_entries=0 packed_expected=0
ALLOC_PASS m=31 n=17 small=1 history_expected=0 history_calls=0 history_bytes=0 history_success=0 history_fail=0 x_calls=1 x_bytes=1984 x_success=1 x_fail=0 kb_calls=0 kb_bytes=0 kb_success=0 kb_fail=0 total=1 injected=0 history_level=-1 x_level=1 kb_level=-1 shape_bad=0 x_each_worker_once=1
CASE_PASS m=31 n=17 sve16_entries=3 expected=3 old_entries=3 packed_entries=0 packed_expected=0
ALLOC_PASS m=32 n=1 small=1 history_expected=1 history_calls=1 history_bytes=2048 history_success=1 history_fail=0 x_calls=1 x_bytes=2048 x_success=1 x_fail=0 kb_calls=0 kb_bytes=0 kb_success=0 kb_fail=0 total=2 injected=0 history_level=0 x_level=1 kb_level=-1 shape_bad=0 x_each_worker_once=1
CASE_PASS m=32 n=1 sve16_entries=2 expected=2 old_entries=1 packed_entries=1 packed_expected=1
ALLOC_PASS m=32 n=7 small=1 history_expected=1 history_calls=1 history_bytes=2048 history_success=1 history_fail=0 x_calls=1 x_bytes=2048 x_success=1 x_fail=0 kb_calls=0 kb_bytes=0 kb_success=0 kb_fail=0 total=2 injected=0 history_level=0 x_level=1 kb_level=-1 shape_bad=0 x_each_worker_once=1
CASE_PASS m=32 n=7 sve16_entries=2 expected=2 old_entries=1 packed_entries=1 packed_expected=1
ALLOC_PASS m=32 n=8 small=1 history_expected=1 history_calls=1 history_bytes=2048 history_success=1 history_fail=0 x_calls=1 x_bytes=2048 x_success=1 x_fail=0 kb_calls=0 kb_bytes=0 kb_success=0 kb_fail=0 total=2 injected=0 history_level=0 x_level=1 kb_level=-1 shape_bad=0 x_each_worker_once=1
CASE_PASS m=32 n=8 sve16_entries=2 expected=2 old_entries=1 packed_entries=1 packed_expected=1
ALLOC_PASS m=32 n=9 small=1 history_expected=1 history_calls=1 history_bytes=2048 history_success=1 history_fail=0 x_calls=1 x_bytes=2048 x_success=1 x_fail=0 kb_calls=0 kb_bytes=0 kb_success=0 kb_fail=0 total=2 injected=0 history_level=0 x_level=1 kb_level=-1 shape_bad=0 x_each_worker_once=1
CASE_PASS m=32 n=9 sve16_entries=4 expected=4 old_entries=2 packed_entries=2 packed_expected=2
ALLOC_PASS m=32 n=17 small=1 history_expected=1 history_calls=1 history_bytes=2048 history_success=1 history_fail=0 x_calls=1 x_bytes=2048 x_success=1 x_fail=0 kb_calls=0 kb_bytes=0 kb_success=0 kb_fail=0 total=2 injected=0 history_level=0 x_level=1 kb_level=-1 shape_bad=0 x_each_worker_once=1
CASE_PASS m=32 n=17 sve16_entries=6 expected=6 old_entries=3 packed_entries=3 packed_expected=3
ALLOC_PASS m=33 n=1 small=1 history_expected=1 history_calls=1 history_bytes=2048 history_success=1 history_fail=0 x_calls=1 x_bytes=2112 x_success=1 x_fail=0 kb_calls=0 kb_bytes=0 kb_success=0 kb_fail=0 total=2 injected=0 history_level=0 x_level=1 kb_level=-1 shape_bad=0 x_each_worker_once=1
CASE_PASS m=33 n=1 sve16_entries=2 expected=2 old_entries=1 packed_entries=1 packed_expected=1
ALLOC_PASS m=33 n=7 small=1 history_expected=1 history_calls=1 history_bytes=2048 history_success=1 history_fail=0 x_calls=1 x_bytes=2112 x_success=1 x_fail=0 kb_calls=0 kb_bytes=0 kb_success=0 kb_fail=0 total=2 injected=0 history_level=0 x_level=1 kb_level=-1 shape_bad=0 x_each_worker_once=1
CASE_PASS m=33 n=7 sve16_entries=2 expected=2 old_entries=1 packed_entries=1 packed_expected=1
ALLOC_PASS m=33 n=8 small=1 history_expected=1 history_calls=1 history_bytes=2048 history_success=1 history_fail=0 x_calls=1 x_bytes=2112 x_success=1 x_fail=0 kb_calls=0 kb_bytes=0 kb_success=0 kb_fail=0 total=2 injected=0 history_level=0 x_level=1 kb_level=-1 shape_bad=0 x_each_worker_once=1
CASE_PASS m=33 n=8 sve16_entries=2 expected=2 old_entries=1 packed_entries=1 packed_expected=1
ALLOC_PASS m=33 n=9 small=1 history_expected=1 history_calls=1 history_bytes=2048 history_success=1 history_fail=0 x_calls=1 x_bytes=2112 x_success=1 x_fail=0 kb_calls=0 kb_bytes=0 kb_success=0 kb_fail=0 total=2 injected=0 history_level=0 x_level=1 kb_level=-1 shape_bad=0 x_each_worker_once=1
CASE_PASS m=33 n=9 sve16_entries=4 expected=4 old_entries=2 packed_entries=2 packed_expected=2
ALLOC_PASS m=33 n=17 small=1 history_expected=1 history_calls=1 history_bytes=2048 history_success=1 history_fail=0 x_calls=1 x_bytes=2112 x_success=1 x_fail=0 kb_calls=0 kb_bytes=0 kb_success=0 kb_fail=0 total=2 injected=0 history_level=0 x_level=1 kb_level=-1 shape_bad=0 x_each_worker_once=1
CASE_PASS m=33 n=17 sve16_entries=6 expected=6 old_entries=3 packed_entries=3 packed_expected=3
ALLOC_PASS m=63 n=1 small=1 history_expected=1 history_calls=1 history_bytes=6144 history_success=1 history_fail=0 x_calls=1 x_bytes=4032 x_success=1 x_fail=0 kb_calls=0 kb_bytes=0 kb_success=0 kb_fail=0 total=2 injected=0 history_level=0 x_level=1 kb_level=-1 shape_bad=0 x_each_worker_once=1
CASE_PASS m=63 n=1 sve16_entries=3 expected=3 old_entries=1 packed_entries=2 packed_expected=2
ALLOC_PASS m=63 n=7 small=1 history_expected=1 history_calls=1 history_bytes=6144 history_success=1 history_fail=0 x_calls=1 x_bytes=4032 x_success=1 x_fail=0 kb_calls=0 kb_bytes=0 kb_success=0 kb_fail=0 total=2 injected=0 history_level=0 x_level=1 kb_level=-1 shape_bad=0 x_each_worker_once=1
CASE_PASS m=63 n=7 sve16_entries=3 expected=3 old_entries=1 packed_entries=2 packed_expected=2
ALLOC_PASS m=63 n=8 small=1 history_expected=1 history_calls=1 history_bytes=6144 history_success=1 history_fail=0 x_calls=1 x_bytes=4032 x_success=1 x_fail=0 kb_calls=0 kb_bytes=0 kb_success=0 kb_fail=0 total=2 injected=0 history_level=0 x_level=1 kb_level=-1 shape_bad=0 x_each_worker_once=1
CASE_PASS m=63 n=8 sve16_entries=3 expected=3 old_entries=1 packed_entries=2 packed_expected=2
ALLOC_PASS m=63 n=9 small=1 history_expected=1 history_calls=1 history_bytes=6144 history_success=1 history_fail=0 x_calls=1 x_bytes=4032 x_success=1 x_fail=0 kb_calls=0 kb_bytes=0 kb_success=0 kb_fail=0 total=2 injected=0 history_level=0 x_level=1 kb_level=-1 shape_bad=0 x_each_worker_once=1
CASE_PASS m=63 n=9 sve16_entries=6 expected=6 old_entries=2 packed_entries=4 packed_expected=4
ALLOC_PASS m=63 n=17 small=1 history_expected=1 history_calls=1 history_bytes=6144 history_success=1 history_fail=0 x_calls=1 x_bytes=4032 x_success=1 x_fail=0 kb_calls=0 kb_bytes=0 kb_success=0 kb_fail=0 total=2 injected=0 history_level=0 x_level=1 kb_level=-1 shape_bad=0 x_each_worker_once=1
CASE_PASS m=63 n=17 sve16_entries=9 expected=9 old_entries=3 packed_entries=6 packed_expected=6
ALLOC_PASS m=64 n=1 small=1 history_expected=1 history_calls=1 history_bytes=12288 history_success=1 history_fail=0 x_calls=1 x_bytes=4096 x_success=1 x_fail=0 kb_calls=0 kb_bytes=0 kb_success=0 kb_fail=0 total=2 injected=0 history_level=0 x_level=1 kb_level=-1 shape_bad=0 x_each_worker_once=1
CASE_PASS m=64 n=1 sve16_entries=4 expected=4 old_entries=1 packed_entries=3 packed_expected=3
ALLOC_PASS m=64 n=7 small=1 history_expected=1 history_calls=1 history_bytes=12288 history_success=1 history_fail=0 x_calls=1 x_bytes=4096 x_success=1 x_fail=0 kb_calls=0 kb_bytes=0 kb_success=0 kb_fail=0 total=2 injected=0 history_level=0 x_level=1 kb_level=-1 shape_bad=0 x_each_worker_once=1
CASE_PASS m=64 n=7 sve16_entries=4 expected=4 old_entries=1 packed_entries=3 packed_expected=3
ALLOC_PASS m=64 n=8 small=1 history_expected=1 history_calls=1 history_bytes=12288 history_success=1 history_fail=0 x_calls=1 x_bytes=4096 x_success=1 x_fail=0 kb_calls=0 kb_bytes=0 kb_success=0 kb_fail=0 total=2 injected=0 history_level=0 x_level=1 kb_level=-1 shape_bad=0 x_each_worker_once=1
CASE_PASS m=64 n=8 sve16_entries=4 expected=4 old_entries=1 packed_entries=3 packed_expected=3
ALLOC_PASS m=64 n=9 small=1 history_expected=1 history_calls=1 history_bytes=12288 history_success=1 history_fail=0 x_calls=1 x_bytes=4096 x_success=1 x_fail=0 kb_calls=0 kb_bytes=0 kb_success=0 kb_fail=0 total=2 injected=0 history_level=0 x_level=1 kb_level=-1 shape_bad=0 x_each_worker_once=1
CASE_PASS m=64 n=9 sve16_entries=8 expected=8 old_entries=2 packed_entries=6 packed_expected=6
ALLOC_PASS m=64 n=17 small=1 history_expected=1 history_calls=1 history_bytes=12288 history_success=1 history_fail=0 x_calls=1 x_bytes=4096 x_success=1 x_fail=0 kb_calls=0 kb_bytes=0 kb_success=0 kb_fail=0 total=2 injected=0 history_level=0 x_level=1 kb_level=-1 shape_bad=0 x_each_worker_once=1
CASE_PASS m=64 n=17 sve16_entries=12 expected=12 old_entries=3 packed_entries=9 packed_expected=9
ALLOC_PASS m=65 n=1 small=1 history_expected=1 history_calls=1 history_bytes=12288 history_success=1 history_fail=0 x_calls=1 x_bytes=4160 x_success=1 x_fail=0 kb_calls=0 kb_bytes=0 kb_success=0 kb_fail=0 total=2 injected=0 history_level=0 x_level=1 kb_level=-1 shape_bad=0 x_each_worker_once=1
CASE_PASS m=65 n=1 sve16_entries=4 expected=4 old_entries=1 packed_entries=3 packed_expected=3
ALLOC_PASS m=65 n=7 small=1 history_expected=1 history_calls=1 history_bytes=12288 history_success=1 history_fail=0 x_calls=1 x_bytes=4160 x_success=1 x_fail=0 kb_calls=0 kb_bytes=0 kb_success=0 kb_fail=0 total=2 injected=0 history_level=0 x_level=1 kb_level=-1 shape_bad=0 x_each_worker_once=1
CASE_PASS m=65 n=7 sve16_entries=4 expected=4 old_entries=1 packed_entries=3 packed_expected=3
ALLOC_PASS m=65 n=8 small=1 history_expected=1 history_calls=1 history_bytes=12288 history_success=1 history_fail=0 x_calls=1 x_bytes=4160 x_success=1 x_fail=0 kb_calls=0 kb_bytes=0 kb_success=0 kb_fail=0 total=2 injected=0 history_level=0 x_level=1 kb_level=-1 shape_bad=0 x_each_worker_once=1
CASE_PASS m=65 n=8 sve16_entries=4 expected=4 old_entries=1 packed_entries=3 packed_expected=3
ALLOC_PASS m=65 n=9 small=1 history_expected=1 history_calls=1 history_bytes=12288 history_success=1 history_fail=0 x_calls=1 x_bytes=4160 x_success=1 x_fail=0 kb_calls=0 kb_bytes=0 kb_success=0 kb_fail=0 total=2 injected=0 history_level=0 x_level=1 kb_level=-1 shape_bad=0 x_each_worker_once=1
CASE_PASS m=65 n=9 sve16_entries=8 expected=8 old_entries=2 packed_entries=6 packed_expected=6
ALLOC_PASS m=65 n=17 small=1 history_expected=1 history_calls=1 history_bytes=12288 history_success=1 history_fail=0 x_calls=1 x_bytes=4160 x_success=1 x_fail=0 kb_calls=0 kb_bytes=0 kb_success=0 kb_fail=0 total=2 injected=0 history_level=0 x_level=1 kb_level=-1 shape_bad=0 x_each_worker_once=1
CASE_PASS m=65 n=17 sve16_entries=12 expected=12 old_entries=3 packed_entries=9 packed_expected=9
ALLOC_PASS m=255 n=1 small=1 history_expected=1 history_calls=1 history_bytes=215040 history_success=1 history_fail=0 x_calls=1 x_bytes=16320 x_success=1 x_fail=0 kb_calls=0 kb_bytes=0 kb_success=0 kb_fail=0 total=2 injected=0 history_level=0 x_level=1 kb_level=-1 shape_bad=0 x_each_worker_once=1
CASE_PASS m=255 n=1 sve16_entries=15 expected=15 old_entries=1 packed_entries=14 packed_expected=14
ALLOC_PASS m=255 n=7 small=1 history_expected=1 history_calls=1 history_bytes=215040 history_success=1 history_fail=0 x_calls=1 x_bytes=16320 x_success=1 x_fail=0 kb_calls=0 kb_bytes=0 kb_success=0 kb_fail=0 total=2 injected=0 history_level=0 x_level=1 kb_level=-1 shape_bad=0 x_each_worker_once=1
CASE_PASS m=255 n=7 sve16_entries=15 expected=15 old_entries=1 packed_entries=14 packed_expected=14
ALLOC_PASS m=255 n=8 small=1 history_expected=1 history_calls=1 history_bytes=215040 history_success=1 history_fail=0 x_calls=1 x_bytes=16320 x_success=1 x_fail=0 kb_calls=0 kb_bytes=0 kb_success=0 kb_fail=0 total=2 injected=0 history_level=0 x_level=1 kb_level=-1 shape_bad=0 x_each_worker_once=1
CASE_PASS m=255 n=8 sve16_entries=15 expected=15 old_entries=1 packed_entries=14 packed_expected=14
ALLOC_PASS m=255 n=9 small=1 history_expected=1 history_calls=1 history_bytes=215040 history_success=1 history_fail=0 x_calls=1 x_bytes=16320 x_success=1 x_fail=0 kb_calls=0 kb_bytes=0 kb_success=0 kb_fail=0 total=2 injected=0 history_level=0 x_level=1 kb_level=-1 shape_bad=0 x_each_worker_once=1
CASE_PASS m=255 n=9 sve16_entries=30 expected=30 old_entries=2 packed_entries=28 packed_expected=28
ALLOC_PASS m=255 n=17 small=1 history_expected=1 history_calls=1 history_bytes=215040 history_success=1 history_fail=0 x_calls=1 x_bytes=16320 x_success=1 x_fail=0 kb_calls=0 kb_bytes=0 kb_success=0 kb_fail=0 total=2 injected=0 history_level=0 x_level=1 kb_level=-1 shape_bad=0 x_each_worker_once=1
CASE_PASS m=255 n=17 sve16_entries=45 expected=45 old_entries=3 packed_entries=42 packed_expected=42
ALLOC_PASS m=256 n=1 small=1 history_expected=1 history_calls=1 history_bytes=245760 history_success=1 history_fail=0 x_calls=1 x_bytes=16384 x_success=1 x_fail=0 kb_calls=0 kb_bytes=0 kb_success=0 kb_fail=0 total=2 injected=0 history_level=0 x_level=1 kb_level=-1 shape_bad=0 x_each_worker_once=1
CASE_PASS m=256 n=1 sve16_entries=16 expected=16 old_entries=1 packed_entries=15 packed_expected=15
ALLOC_PASS m=256 n=7 small=1 history_expected=1 history_calls=1 history_bytes=245760 history_success=1 history_fail=0 x_calls=1 x_bytes=16384 x_success=1 x_fail=0 kb_calls=0 kb_bytes=0 kb_success=0 kb_fail=0 total=2 injected=0 history_level=0 x_level=1 kb_level=-1 shape_bad=0 x_each_worker_once=1
CASE_PASS m=256 n=7 sve16_entries=16 expected=16 old_entries=1 packed_entries=15 packed_expected=15
ALLOC_PASS m=256 n=8 small=1 history_expected=1 history_calls=1 history_bytes=245760 history_success=1 history_fail=0 x_calls=1 x_bytes=16384 x_success=1 x_fail=0 kb_calls=0 kb_bytes=0 kb_success=0 kb_fail=0 total=2 injected=0 history_level=0 x_level=1 kb_level=-1 shape_bad=0 x_each_worker_once=1
CASE_PASS m=256 n=8 sve16_entries=16 expected=16 old_entries=1 packed_entries=15 packed_expected=15
ALLOC_PASS m=256 n=9 small=1 history_expected=1 history_calls=1 history_bytes=245760 history_success=1 history_fail=0 x_calls=1 x_bytes=16384 x_success=1 x_fail=0 kb_calls=0 kb_bytes=0 kb_success=0 kb_fail=0 total=2 injected=0 history_level=0 x_level=1 kb_level=-1 shape_bad=0 x_each_worker_once=1
CASE_PASS m=256 n=9 sve16_entries=32 expected=32 old_entries=2 packed_entries=30 packed_expected=30
ALLOC_PASS m=256 n=17 small=1 history_expected=1 history_calls=1 history_bytes=245760 history_success=1 history_fail=0 x_calls=1 x_bytes=16384 x_success=1 x_fail=0 kb_calls=0 kb_bytes=0 kb_success=0 kb_fail=0 total=2 injected=0 history_level=0 x_level=1 kb_level=-1 shape_bad=0 x_each_worker_once=1
CASE_PASS m=256 n=17 sve16_entries=48 expected=48 old_entries=3 packed_entries=45 packed_expected=45
ALLOC_PASS m=257 n=1 small=1 history_expected=1 history_calls=1 history_bytes=245760 history_success=1 history_fail=0 x_calls=1 x_bytes=16448 x_success=1 x_fail=0 kb_calls=0 kb_bytes=0 kb_success=0 kb_fail=0 total=2 injected=0 history_level=0 x_level=1 kb_level=-1 shape_bad=0 x_each_worker_once=1
CASE_PASS m=257 n=1 sve16_entries=16 expected=16 old_entries=1 packed_entries=15 packed_expected=15
ALLOC_PASS m=257 n=7 small=1 history_expected=1 history_calls=1 history_bytes=245760 history_success=1 history_fail=0 x_calls=1 x_bytes=16448 x_success=1 x_fail=0 kb_calls=0 kb_bytes=0 kb_success=0 kb_fail=0 total=2 injected=0 history_level=0 x_level=1 kb_level=-1 shape_bad=0 x_each_worker_once=1
CASE_PASS m=257 n=7 sve16_entries=16 expected=16 old_entries=1 packed_entries=15 packed_expected=15
ALLOC_PASS m=257 n=8 small=1 history_expected=1 history_calls=1 history_bytes=245760 history_success=1 history_fail=0 x_calls=1 x_bytes=16448 x_success=1 x_fail=0 kb_calls=0 kb_bytes=0 kb_success=0 kb_fail=0 total=2 injected=0 history_level=0 x_level=1 kb_level=-1 shape_bad=0 x_each_worker_once=1
CASE_PASS m=257 n=8 sve16_entries=16 expected=16 old_entries=1 packed_entries=15 packed_expected=15
ALLOC_PASS m=257 n=9 small=1 history_expected=1 history_calls=1 history_bytes=245760 history_success=1 history_fail=0 x_calls=1 x_bytes=16448 x_success=1 x_fail=0 kb_calls=0 kb_bytes=0 kb_success=0 kb_fail=0 total=2 injected=0 history_level=0 x_level=1 kb_level=-1 shape_bad=0 x_each_worker_once=1
CASE_PASS m=257 n=9 sve16_entries=32 expected=32 old_entries=2 packed_entries=30 packed_expected=30
ALLOC_PASS m=257 n=17 small=1 history_expected=1 history_calls=1 history_bytes=245760 history_success=1 history_fail=0 x_calls=1 x_bytes=16448 x_success=1 x_fail=0 kb_calls=0 kb_bytes=0 kb_success=0 kb_fail=0 total=2 injected=0 history_level=0 x_level=1 kb_level=-1 shape_bad=0 x_each_worker_once=1
CASE_PASS m=257 n=17 sve16_entries=48 expected=48 old_entries=3 packed_entries=45 packed_expected=45
ALLOCATION_SUMMARY_PASS cases=80 budget_cases=0 shared_injection_cases=0
PASS whole_cases=80 noop_cases=4 non_dyadic_long_double_RHS=1 padding_L_unchanged=1 max_error=1.1102230246251565e-16
SOURCE_FEATURES_PASS panel16=1 packedL16=1 has_budget=1 history_budget_bytes=4194304
MODE=full THREADS=4 NARROW_VL=0 EXPECT_SVE16=1 EXPECT_PACKEDL16=1
ALLOC_PASS m=1 n=1 small=1 history_expected=0 history_calls=0 history_bytes=0 history_success=0 history_fail=0 x_calls=4 x_bytes=256 x_success=4 x_fail=0 kb_calls=0 kb_bytes=0 kb_success=0 kb_fail=0 total=4 injected=0 history_level=-1 x_level=1 kb_level=-1 shape_bad=0 x_each_worker_once=1
CASE_PASS m=1 n=1 sve16_entries=0 expected=0 old_entries=0 packed_entries=0 packed_expected=0
ALLOC_PASS m=1 n=7 small=1 history_expected=0 history_calls=0 history_bytes=0 history_success=0 history_fail=0 x_calls=4 x_bytes=256 x_success=4 x_fail=0 kb_calls=0 kb_bytes=0 kb_success=0 kb_fail=0 total=4 injected=0 history_level=-1 x_level=1 kb_level=-1 shape_bad=0 x_each_worker_once=1
CASE_PASS m=1 n=7 sve16_entries=0 expected=0 old_entries=0 packed_entries=0 packed_expected=0
ALLOC_PASS m=1 n=8 small=1 history_expected=0 history_calls=0 history_bytes=0 history_success=0 history_fail=0 x_calls=4 x_bytes=256 x_success=4 x_fail=0 kb_calls=0 kb_bytes=0 kb_success=0 kb_fail=0 total=4 injected=0 history_level=-1 x_level=1 kb_level=-1 shape_bad=0 x_each_worker_once=1
CASE_PASS m=1 n=8 sve16_entries=0 expected=0 old_entries=0 packed_entries=0 packed_expected=0
ALLOC_PASS m=1 n=9 small=1 history_expected=0 history_calls=0 history_bytes=0 history_success=0 history_fail=0 x_calls=4 x_bytes=256 x_success=4 x_fail=0 kb_calls=0 kb_bytes=0 kb_success=0 kb_fail=0 total=4 injected=0 history_level=-1 x_level=1 kb_level=-1 shape_bad=0 x_each_worker_once=1
CASE_PASS m=1 n=9 sve16_entries=0 expected=0 old_entries=0 packed_entries=0 packed_expected=0
ALLOC_PASS m=1 n=17 small=1 history_expected=0 history_calls=0 history_bytes=0 history_success=0 history_fail=0 x_calls=4 x_bytes=256 x_success=4 x_fail=0 kb_calls=0 kb_bytes=0 kb_success=0 kb_fail=0 total=4 injected=0 history_level=-1 x_level=1 kb_level=-1 shape_bad=0 x_each_worker_once=1
CASE_PASS m=1 n=17 sve16_entries=0 expected=0 old_entries=0 packed_entries=0 packed_expected=0
ALLOC_PASS m=3 n=1 small=1 history_expected=0 history_calls=0 history_bytes=0 history_success=0 history_fail=0 x_calls=4 x_bytes=768 x_success=4 x_fail=0 kb_calls=0 kb_bytes=0 kb_success=0 kb_fail=0 total=4 injected=0 history_level=-1 x_level=1 kb_level=-1 shape_bad=0 x_each_worker_once=1
CASE_PASS m=3 n=1 sve16_entries=0 expected=0 old_entries=0 packed_entries=0 packed_expected=0
ALLOC_PASS m=3 n=7 small=1 history_expected=0 history_calls=0 history_bytes=0 history_success=0 history_fail=0 x_calls=4 x_bytes=768 x_success=4 x_fail=0 kb_calls=0 kb_bytes=0 kb_success=0 kb_fail=0 total=4 injected=0 history_level=-1 x_level=1 kb_level=-1 shape_bad=0 x_each_worker_once=1
CASE_PASS m=3 n=7 sve16_entries=0 expected=0 old_entries=0 packed_entries=0 packed_expected=0
ALLOC_PASS m=3 n=8 small=1 history_expected=0 history_calls=0 history_bytes=0 history_success=0 history_fail=0 x_calls=4 x_bytes=768 x_success=4 x_fail=0 kb_calls=0 kb_bytes=0 kb_success=0 kb_fail=0 total=4 injected=0 history_level=-1 x_level=1 kb_level=-1 shape_bad=0 x_each_worker_once=1
CASE_PASS m=3 n=8 sve16_entries=0 expected=0 old_entries=0 packed_entries=0 packed_expected=0
ALLOC_PASS m=3 n=9 small=1 history_expected=0 history_calls=0 history_bytes=0 history_success=0 history_fail=0 x_calls=4 x_bytes=768 x_success=4 x_fail=0 kb_calls=0 kb_bytes=0 kb_success=0 kb_fail=0 total=4 injected=0 history_level=-1 x_level=1 kb_level=-1 shape_bad=0 x_each_worker_once=1
CASE_PASS m=3 n=9 sve16_entries=0 expected=0 old_entries=0 packed_entries=0 packed_expected=0
ALLOC_PASS m=3 n=17 small=1 history_expected=0 history_calls=0 history_bytes=0 history_success=0 history_fail=0 x_calls=4 x_bytes=768 x_success=4 x_fail=0 kb_calls=0 kb_bytes=0 kb_success=0 kb_fail=0 total=4 injected=0 history_level=-1 x_level=1 kb_level=-1 shape_bad=0 x_each_worker_once=1
CASE_PASS m=3 n=17 sve16_entries=0 expected=0 old_entries=0 packed_entries=0 packed_expected=0
ALLOC_PASS m=4 n=1 small=1 history_expected=0 history_calls=0 history_bytes=0 history_success=0 history_fail=0 x_calls=4 x_bytes=1024 x_success=4 x_fail=0 kb_calls=0 kb_bytes=0 kb_success=0 kb_fail=0 total=4 injected=0 history_level=-1 x_level=1 kb_level=-1 shape_bad=0 x_each_worker_once=1
CASE_PASS m=4 n=1 sve16_entries=0 expected=0 old_entries=0 packed_entries=0 packed_expected=0
ALLOC_PASS m=4 n=7 small=1 history_expected=0 history_calls=0 history_bytes=0 history_success=0 history_fail=0 x_calls=4 x_bytes=1024 x_success=4 x_fail=0 kb_calls=0 kb_bytes=0 kb_success=0 kb_fail=0 total=4 injected=0 history_level=-1 x_level=1 kb_level=-1 shape_bad=0 x_each_worker_once=1
CASE_PASS m=4 n=7 sve16_entries=0 expected=0 old_entries=0 packed_entries=0 packed_expected=0
ALLOC_PASS m=4 n=8 small=1 history_expected=0 history_calls=0 history_bytes=0 history_success=0 history_fail=0 x_calls=4 x_bytes=1024 x_success=4 x_fail=0 kb_calls=0 kb_bytes=0 kb_success=0 kb_fail=0 total=4 injected=0 history_level=-1 x_level=1 kb_level=-1 shape_bad=0 x_each_worker_once=1
CASE_PASS m=4 n=8 sve16_entries=0 expected=0 old_entries=0 packed_entries=0 packed_expected=0
ALLOC_PASS m=4 n=9 small=1 history_expected=0 history_calls=0 history_bytes=0 history_success=0 history_fail=0 x_calls=4 x_bytes=1024 x_success=4 x_fail=0 kb_calls=0 kb_bytes=0 kb_success=0 kb_fail=0 total=4 injected=0 history_level=-1 x_level=1 kb_level=-1 shape_bad=0 x_each_worker_once=1
CASE_PASS m=4 n=9 sve16_entries=0 expected=0 old_entries=0 packed_entries=0 packed_expected=0
ALLOC_PASS m=4 n=17 small=1 history_expected=0 history_calls=0 history_bytes=0 history_success=0 history_fail=0 x_calls=4 x_bytes=1024 x_success=4 x_fail=0 kb_calls=0 kb_bytes=0 kb_success=0 kb_fail=0 total=4 injected=0 history_level=-1 x_level=1 kb_level=-1 shape_bad=0 x_each_worker_once=1
CASE_PASS m=4 n=17 sve16_entries=0 expected=0 old_entries=0 packed_entries=0 packed_expected=0
ALLOC_PASS m=5 n=1 small=1 history_expected=0 history_calls=0 history_bytes=0 history_success=0 history_fail=0 x_calls=4 x_bytes=1280 x_success=4 x_fail=0 kb_calls=0 kb_bytes=0 kb_success=0 kb_fail=0 total=4 injected=0 history_level=-1 x_level=1 kb_level=-1 shape_bad=0 x_each_worker_once=1
CASE_PASS m=5 n=1 sve16_entries=0 expected=0 old_entries=0 packed_entries=0 packed_expected=0
ALLOC_PASS m=5 n=7 small=1 history_expected=0 history_calls=0 history_bytes=0 history_success=0 history_fail=0 x_calls=4 x_bytes=1280 x_success=4 x_fail=0 kb_calls=0 kb_bytes=0 kb_success=0 kb_fail=0 total=4 injected=0 history_level=-1 x_level=1 kb_level=-1 shape_bad=0 x_each_worker_once=1
CASE_PASS m=5 n=7 sve16_entries=0 expected=0 old_entries=0 packed_entries=0 packed_expected=0
ALLOC_PASS m=5 n=8 small=1 history_expected=0 history_calls=0 history_bytes=0 history_success=0 history_fail=0 x_calls=4 x_bytes=1280 x_success=4 x_fail=0 kb_calls=0 kb_bytes=0 kb_success=0 kb_fail=0 total=4 injected=0 history_level=-1 x_level=1 kb_level=-1 shape_bad=0 x_each_worker_once=1
CASE_PASS m=5 n=8 sve16_entries=0 expected=0 old_entries=0 packed_entries=0 packed_expected=0
ALLOC_PASS m=5 n=9 small=1 history_expected=0 history_calls=0 history_bytes=0 history_success=0 history_fail=0 x_calls=4 x_bytes=1280 x_success=4 x_fail=0 kb_calls=0 kb_bytes=0 kb_success=0 kb_fail=0 total=4 injected=0 history_level=-1 x_level=1 kb_level=-1 shape_bad=0 x_each_worker_once=1
CASE_PASS m=5 n=9 sve16_entries=0 expected=0 old_entries=0 packed_entries=0 packed_expected=0
ALLOC_PASS m=5 n=17 small=1 history_expected=0 history_calls=0 history_bytes=0 history_success=0 history_fail=0 x_calls=4 x_bytes=1280 x_success=4 x_fail=0 kb_calls=0 kb_bytes=0 kb_success=0 kb_fail=0 total=4 injected=0 history_level=-1 x_level=1 kb_level=-1 shape_bad=0 x_each_worker_once=1
CASE_PASS m=5 n=17 sve16_entries=0 expected=0 old_entries=0 packed_entries=0 packed_expected=0
ALLOC_PASS m=15 n=1 small=1 history_expected=0 history_calls=0 history_bytes=0 history_success=0 history_fail=0 x_calls=4 x_bytes=3840 x_success=4 x_fail=0 kb_calls=0 kb_bytes=0 kb_success=0 kb_fail=0 total=4 injected=0 history_level=-1 x_level=1 kb_level=-1 shape_bad=0 x_each_worker_once=1
CASE_PASS m=15 n=1 sve16_entries=0 expected=0 old_entries=0 packed_entries=0 packed_expected=0
ALLOC_PASS m=15 n=7 small=1 history_expected=0 history_calls=0 history_bytes=0 history_success=0 history_fail=0 x_calls=4 x_bytes=3840 x_success=4 x_fail=0 kb_calls=0 kb_bytes=0 kb_success=0 kb_fail=0 total=4 injected=0 history_level=-1 x_level=1 kb_level=-1 shape_bad=0 x_each_worker_once=1
CASE_PASS m=15 n=7 sve16_entries=0 expected=0 old_entries=0 packed_entries=0 packed_expected=0
ALLOC_PASS m=15 n=8 small=1 history_expected=0 history_calls=0 history_bytes=0 history_success=0 history_fail=0 x_calls=4 x_bytes=3840 x_success=4 x_fail=0 kb_calls=0 kb_bytes=0 kb_success=0 kb_fail=0 total=4 injected=0 history_level=-1 x_level=1 kb_level=-1 shape_bad=0 x_each_worker_once=1
CASE_PASS m=15 n=8 sve16_entries=0 expected=0 old_entries=0 packed_entries=0 packed_expected=0
ALLOC_PASS m=15 n=9 small=1 history_expected=0 history_calls=0 history_bytes=0 history_success=0 history_fail=0 x_calls=4 x_bytes=3840 x_success=4 x_fail=0 kb_calls=0 kb_bytes=0 kb_success=0 kb_fail=0 total=4 injected=0 history_level=-1 x_level=1 kb_level=-1 shape_bad=0 x_each_worker_once=1
CASE_PASS m=15 n=9 sve16_entries=0 expected=0 old_entries=0 packed_entries=0 packed_expected=0
ALLOC_PASS m=15 n=17 small=1 history_expected=0 history_calls=0 history_bytes=0 history_success=0 history_fail=0 x_calls=4 x_bytes=3840 x_success=4 x_fail=0 kb_calls=0 kb_bytes=0 kb_success=0 kb_fail=0 total=4 injected=0 history_level=-1 x_level=1 kb_level=-1 shape_bad=0 x_each_worker_once=1
CASE_PASS m=15 n=17 sve16_entries=0 expected=0 old_entries=0 packed_entries=0 packed_expected=0
ALLOC_PASS m=16 n=1 small=1 history_expected=0 history_calls=0 history_bytes=0 history_success=0 history_fail=0 x_calls=4 x_bytes=4096 x_success=4 x_fail=0 kb_calls=0 kb_bytes=0 kb_success=0 kb_fail=0 total=4 injected=0 history_level=-1 x_level=1 kb_level=-1 shape_bad=0 x_each_worker_once=1
CASE_PASS m=16 n=1 sve16_entries=1 expected=1 old_entries=1 packed_entries=0 packed_expected=0
ALLOC_PASS m=16 n=7 small=1 history_expected=0 history_calls=0 history_bytes=0 history_success=0 history_fail=0 x_calls=4 x_bytes=4096 x_success=4 x_fail=0 kb_calls=0 kb_bytes=0 kb_success=0 kb_fail=0 total=4 injected=0 history_level=-1 x_level=1 kb_level=-1 shape_bad=0 x_each_worker_once=1
CASE_PASS m=16 n=7 sve16_entries=1 expected=1 old_entries=1 packed_entries=0 packed_expected=0
ALLOC_PASS m=16 n=8 small=1 history_expected=0 history_calls=0 history_bytes=0 history_success=0 history_fail=0 x_calls=4 x_bytes=4096 x_success=4 x_fail=0 kb_calls=0 kb_bytes=0 kb_success=0 kb_fail=0 total=4 injected=0 history_level=-1 x_level=1 kb_level=-1 shape_bad=0 x_each_worker_once=1
CASE_PASS m=16 n=8 sve16_entries=1 expected=1 old_entries=1 packed_entries=0 packed_expected=0
ALLOC_PASS m=16 n=9 small=1 history_expected=0 history_calls=0 history_bytes=0 history_success=0 history_fail=0 x_calls=4 x_bytes=4096 x_success=4 x_fail=0 kb_calls=0 kb_bytes=0 kb_success=0 kb_fail=0 total=4 injected=0 history_level=-1 x_level=1 kb_level=-1 shape_bad=0 x_each_worker_once=1
CASE_PASS m=16 n=9 sve16_entries=2 expected=2 old_entries=2 packed_entries=0 packed_expected=0
ALLOC_PASS m=16 n=17 small=1 history_expected=0 history_calls=0 history_bytes=0 history_success=0 history_fail=0 x_calls=4 x_bytes=4096 x_success=4 x_fail=0 kb_calls=0 kb_bytes=0 kb_success=0 kb_fail=0 total=4 injected=0 history_level=-1 x_level=1 kb_level=-1 shape_bad=0 x_each_worker_once=1
CASE_PASS m=16 n=17 sve16_entries=3 expected=3 old_entries=3 packed_entries=0 packed_expected=0
ALLOC_PASS m=17 n=1 small=1 history_expected=0 history_calls=0 history_bytes=0 history_success=0 history_fail=0 x_calls=4 x_bytes=4352 x_success=4 x_fail=0 kb_calls=0 kb_bytes=0 kb_success=0 kb_fail=0 total=4 injected=0 history_level=-1 x_level=1 kb_level=-1 shape_bad=0 x_each_worker_once=1
CASE_PASS m=17 n=1 sve16_entries=1 expected=1 old_entries=1 packed_entries=0 packed_expected=0
ALLOC_PASS m=17 n=7 small=1 history_expected=0 history_calls=0 history_bytes=0 history_success=0 history_fail=0 x_calls=4 x_bytes=4352 x_success=4 x_fail=0 kb_calls=0 kb_bytes=0 kb_success=0 kb_fail=0 total=4 injected=0 history_level=-1 x_level=1 kb_level=-1 shape_bad=0 x_each_worker_once=1
CASE_PASS m=17 n=7 sve16_entries=1 expected=1 old_entries=1 packed_entries=0 packed_expected=0
ALLOC_PASS m=17 n=8 small=1 history_expected=0 history_calls=0 history_bytes=0 history_success=0 history_fail=0 x_calls=4 x_bytes=4352 x_success=4 x_fail=0 kb_calls=0 kb_bytes=0 kb_success=0 kb_fail=0 total=4 injected=0 history_level=-1 x_level=1 kb_level=-1 shape_bad=0 x_each_worker_once=1
CASE_PASS m=17 n=8 sve16_entries=1 expected=1 old_entries=1 packed_entries=0 packed_expected=0
ALLOC_PASS m=17 n=9 small=1 history_expected=0 history_calls=0 history_bytes=0 history_success=0 history_fail=0 x_calls=4 x_bytes=4352 x_success=4 x_fail=0 kb_calls=0 kb_bytes=0 kb_success=0 kb_fail=0 total=4 injected=0 history_level=-1 x_level=1 kb_level=-1 shape_bad=0 x_each_worker_once=1
CASE_PASS m=17 n=9 sve16_entries=2 expected=2 old_entries=2 packed_entries=0 packed_expected=0
ALLOC_PASS m=17 n=17 small=1 history_expected=0 history_calls=0 history_bytes=0 history_success=0 history_fail=0 x_calls=4 x_bytes=4352 x_success=4 x_fail=0 kb_calls=0 kb_bytes=0 kb_success=0 kb_fail=0 total=4 injected=0 history_level=-1 x_level=1 kb_level=-1 shape_bad=0 x_each_worker_once=1
CASE_PASS m=17 n=17 sve16_entries=3 expected=3 old_entries=3 packed_entries=0 packed_expected=0
ALLOC_PASS m=31 n=1 small=1 history_expected=0 history_calls=0 history_bytes=0 history_success=0 history_fail=0 x_calls=4 x_bytes=7936 x_success=4 x_fail=0 kb_calls=0 kb_bytes=0 kb_success=0 kb_fail=0 total=4 injected=0 history_level=-1 x_level=1 kb_level=-1 shape_bad=0 x_each_worker_once=1
CASE_PASS m=31 n=1 sve16_entries=1 expected=1 old_entries=1 packed_entries=0 packed_expected=0
ALLOC_PASS m=31 n=7 small=1 history_expected=0 history_calls=0 history_bytes=0 history_success=0 history_fail=0 x_calls=4 x_bytes=7936 x_success=4 x_fail=0 kb_calls=0 kb_bytes=0 kb_success=0 kb_fail=0 total=4 injected=0 history_level=-1 x_level=1 kb_level=-1 shape_bad=0 x_each_worker_once=1
CASE_PASS m=31 n=7 sve16_entries=1 expected=1 old_entries=1 packed_entries=0 packed_expected=0
ALLOC_PASS m=31 n=8 small=1 history_expected=0 history_calls=0 history_bytes=0 history_success=0 history_fail=0 x_calls=4 x_bytes=7936 x_success=4 x_fail=0 kb_calls=0 kb_bytes=0 kb_success=0 kb_fail=0 total=4 injected=0 history_level=-1 x_level=1 kb_level=-1 shape_bad=0 x_each_worker_once=1
CASE_PASS m=31 n=8 sve16_entries=1 expected=1 old_entries=1 packed_entries=0 packed_expected=0
ALLOC_PASS m=31 n=9 small=1 history_expected=0 history_calls=0 history_bytes=0 history_success=0 history_fail=0 x_calls=4 x_bytes=7936 x_success=4 x_fail=0 kb_calls=0 kb_bytes=0 kb_success=0 kb_fail=0 total=4 injected=0 history_level=-1 x_level=1 kb_level=-1 shape_bad=0 x_each_worker_once=1
CASE_PASS m=31 n=9 sve16_entries=2 expected=2 old_entries=2 packed_entries=0 packed_expected=0
ALLOC_PASS m=31 n=17 small=1 history_expected=0 history_calls=0 history_bytes=0 history_success=0 history_fail=0 x_calls=4 x_bytes=7936 x_success=4 x_fail=0 kb_calls=0 kb_bytes=0 kb_success=0 kb_fail=0 total=4 injected=0 history_level=-1 x_level=1 kb_level=-1 shape_bad=0 x_each_worker_once=1
CASE_PASS m=31 n=17 sve16_entries=3 expected=3 old_entries=3 packed_entries=0 packed_expected=0
ALLOC_PASS m=32 n=1 small=1 history_expected=1 history_calls=1 history_bytes=2048 history_success=1 history_fail=0 x_calls=4 x_bytes=8192 x_success=4 x_fail=0 kb_calls=0 kb_bytes=0 kb_success=0 kb_fail=0 total=5 injected=0 history_level=0 x_level=1 kb_level=-1 shape_bad=0 x_each_worker_once=1
CASE_PASS m=32 n=1 sve16_entries=2 expected=2 old_entries=1 packed_entries=1 packed_expected=1
ALLOC_PASS m=32 n=7 small=1 history_expected=1 history_calls=1 history_bytes=2048 history_success=1 history_fail=0 x_calls=4 x_bytes=8192 x_success=4 x_fail=0 kb_calls=0 kb_bytes=0 kb_success=0 kb_fail=0 total=5 injected=0 history_level=0 x_level=1 kb_level=-1 shape_bad=0 x_each_worker_once=1
CASE_PASS m=32 n=7 sve16_entries=2 expected=2 old_entries=1 packed_entries=1 packed_expected=1
ALLOC_PASS m=32 n=8 small=1 history_expected=1 history_calls=1 history_bytes=2048 history_success=1 history_fail=0 x_calls=4 x_bytes=8192 x_success=4 x_fail=0 kb_calls=0 kb_bytes=0 kb_success=0 kb_fail=0 total=5 injected=0 history_level=0 x_level=1 kb_level=-1 shape_bad=0 x_each_worker_once=1
CASE_PASS m=32 n=8 sve16_entries=2 expected=2 old_entries=1 packed_entries=1 packed_expected=1
ALLOC_PASS m=32 n=9 small=1 history_expected=1 history_calls=1 history_bytes=2048 history_success=1 history_fail=0 x_calls=4 x_bytes=8192 x_success=4 x_fail=0 kb_calls=0 kb_bytes=0 kb_success=0 kb_fail=0 total=5 injected=0 history_level=0 x_level=1 kb_level=-1 shape_bad=0 x_each_worker_once=1
CASE_PASS m=32 n=9 sve16_entries=4 expected=4 old_entries=2 packed_entries=2 packed_expected=2
ALLOC_PASS m=32 n=17 small=1 history_expected=1 history_calls=1 history_bytes=2048 history_success=1 history_fail=0 x_calls=4 x_bytes=8192 x_success=4 x_fail=0 kb_calls=0 kb_bytes=0 kb_success=0 kb_fail=0 total=5 injected=0 history_level=0 x_level=1 kb_level=-1 shape_bad=0 x_each_worker_once=1
CASE_PASS m=32 n=17 sve16_entries=6 expected=6 old_entries=3 packed_entries=3 packed_expected=3
ALLOC_PASS m=33 n=1 small=1 history_expected=1 history_calls=1 history_bytes=2048 history_success=1 history_fail=0 x_calls=4 x_bytes=8448 x_success=4 x_fail=0 kb_calls=0 kb_bytes=0 kb_success=0 kb_fail=0 total=5 injected=0 history_level=0 x_level=1 kb_level=-1 shape_bad=0 x_each_worker_once=1
CASE_PASS m=33 n=1 sve16_entries=2 expected=2 old_entries=1 packed_entries=1 packed_expected=1
ALLOC_PASS m=33 n=7 small=1 history_expected=1 history_calls=1 history_bytes=2048 history_success=1 history_fail=0 x_calls=4 x_bytes=8448 x_success=4 x_fail=0 kb_calls=0 kb_bytes=0 kb_success=0 kb_fail=0 total=5 injected=0 history_level=0 x_level=1 kb_level=-1 shape_bad=0 x_each_worker_once=1
CASE_PASS m=33 n=7 sve16_entries=2 expected=2 old_entries=1 packed_entries=1 packed_expected=1
ALLOC_PASS m=33 n=8 small=1 history_expected=1 history_calls=1 history_bytes=2048 history_success=1 history_fail=0 x_calls=4 x_bytes=8448 x_success=4 x_fail=0 kb_calls=0 kb_bytes=0 kb_success=0 kb_fail=0 total=5 injected=0 history_level=0 x_level=1 kb_level=-1 shape_bad=0 x_each_worker_once=1
CASE_PASS m=33 n=8 sve16_entries=2 expected=2 old_entries=1 packed_entries=1 packed_expected=1
ALLOC_PASS m=33 n=9 small=1 history_expected=1 history_calls=1 history_bytes=2048 history_success=1 history_fail=0 x_calls=4 x_bytes=8448 x_success=4 x_fail=0 kb_calls=0 kb_bytes=0 kb_success=0 kb_fail=0 total=5 injected=0 history_level=0 x_level=1 kb_level=-1 shape_bad=0 x_each_worker_once=1
CASE_PASS m=33 n=9 sve16_entries=4 expected=4 old_entries=2 packed_entries=2 packed_expected=2
ALLOC_PASS m=33 n=17 small=1 history_expected=1 history_calls=1 history_bytes=2048 history_success=1 history_fail=0 x_calls=4 x_bytes=8448 x_success=4 x_fail=0 kb_calls=0 kb_bytes=0 kb_success=0 kb_fail=0 total=5 injected=0 history_level=0 x_level=1 kb_level=-1 shape_bad=0 x_each_worker_once=1
CASE_PASS m=33 n=17 sve16_entries=6 expected=6 old_entries=3 packed_entries=3 packed_expected=3
ALLOC_PASS m=63 n=1 small=1 history_expected=1 history_calls=1 history_bytes=6144 history_success=1 history_fail=0 x_calls=4 x_bytes=16128 x_success=4 x_fail=0 kb_calls=0 kb_bytes=0 kb_success=0 kb_fail=0 total=5 injected=0 history_level=0 x_level=1 kb_level=-1 shape_bad=0 x_each_worker_once=1
CASE_PASS m=63 n=1 sve16_entries=3 expected=3 old_entries=1 packed_entries=2 packed_expected=2
ALLOC_PASS m=63 n=7 small=1 history_expected=1 history_calls=1 history_bytes=6144 history_success=1 history_fail=0 x_calls=4 x_bytes=16128 x_success=4 x_fail=0 kb_calls=0 kb_bytes=0 kb_success=0 kb_fail=0 total=5 injected=0 history_level=0 x_level=1 kb_level=-1 shape_bad=0 x_each_worker_once=1
CASE_PASS m=63 n=7 sve16_entries=3 expected=3 old_entries=1 packed_entries=2 packed_expected=2
ALLOC_PASS m=63 n=8 small=1 history_expected=1 history_calls=1 history_bytes=6144 history_success=1 history_fail=0 x_calls=4 x_bytes=16128 x_success=4 x_fail=0 kb_calls=0 kb_bytes=0 kb_success=0 kb_fail=0 total=5 injected=0 history_level=0 x_level=1 kb_level=-1 shape_bad=0 x_each_worker_once=1
CASE_PASS m=63 n=8 sve16_entries=3 expected=3 old_entries=1 packed_entries=2 packed_expected=2
ALLOC_PASS m=63 n=9 small=1 history_expected=1 history_calls=1 history_bytes=6144 history_success=1 history_fail=0 x_calls=4 x_bytes=16128 x_success=4 x_fail=0 kb_calls=0 kb_bytes=0 kb_success=0 kb_fail=0 total=5 injected=0 history_level=0 x_level=1 kb_level=-1 shape_bad=0 x_each_worker_once=1
CASE_PASS m=63 n=9 sve16_entries=6 expected=6 old_entries=2 packed_entries=4 packed_expected=4
ALLOC_PASS m=63 n=17 small=1 history_expected=1 history_calls=1 history_bytes=6144 history_success=1 history_fail=0 x_calls=4 x_bytes=16128 x_success=4 x_fail=0 kb_calls=0 kb_bytes=0 kb_success=0 kb_fail=0 total=5 injected=0 history_level=0 x_level=1 kb_level=-1 shape_bad=0 x_each_worker_once=1
CASE_PASS m=63 n=17 sve16_entries=9 expected=9 old_entries=3 packed_entries=6 packed_expected=6
ALLOC_PASS m=64 n=1 small=1 history_expected=1 history_calls=1 history_bytes=12288 history_success=1 history_fail=0 x_calls=4 x_bytes=16384 x_success=4 x_fail=0 kb_calls=0 kb_bytes=0 kb_success=0 kb_fail=0 total=5 injected=0 history_level=0 x_level=1 kb_level=-1 shape_bad=0 x_each_worker_once=1
CASE_PASS m=64 n=1 sve16_entries=4 expected=4 old_entries=1 packed_entries=3 packed_expected=3
ALLOC_PASS m=64 n=7 small=1 history_expected=1 history_calls=1 history_bytes=12288 history_success=1 history_fail=0 x_calls=4 x_bytes=16384 x_success=4 x_fail=0 kb_calls=0 kb_bytes=0 kb_success=0 kb_fail=0 total=5 injected=0 history_level=0 x_level=1 kb_level=-1 shape_bad=0 x_each_worker_once=1
CASE_PASS m=64 n=7 sve16_entries=4 expected=4 old_entries=1 packed_entries=3 packed_expected=3
ALLOC_PASS m=64 n=8 small=1 history_expected=1 history_calls=1 history_bytes=12288 history_success=1 history_fail=0 x_calls=4 x_bytes=16384 x_success=4 x_fail=0 kb_calls=0 kb_bytes=0 kb_success=0 kb_fail=0 total=5 injected=0 history_level=0 x_level=1 kb_level=-1 shape_bad=0 x_each_worker_once=1
CASE_PASS m=64 n=8 sve16_entries=4 expected=4 old_entries=1 packed_entries=3 packed_expected=3
ALLOC_PASS m=64 n=9 small=1 history_expected=1 history_calls=1 history_bytes=12288 history_success=1 history_fail=0 x_calls=4 x_bytes=16384 x_success=4 x_fail=0 kb_calls=0 kb_bytes=0 kb_success=0 kb_fail=0 total=5 injected=0 history_level=0 x_level=1 kb_level=-1 shape_bad=0 x_each_worker_once=1
CASE_PASS m=64 n=9 sve16_entries=8 expected=8 old_entries=2 packed_entries=6 packed_expected=6
ALLOC_PASS m=64 n=17 small=1 history_expected=1 history_calls=1 history_bytes=12288 history_success=1 history_fail=0 x_calls=4 x_bytes=16384 x_success=4 x_fail=0 kb_calls=0 kb_bytes=0 kb_success=0 kb_fail=0 total=5 injected=0 history_level=0 x_level=1 kb_level=-1 shape_bad=0 x_each_worker_once=1
CASE_PASS m=64 n=17 sve16_entries=12 expected=12 old_entries=3 packed_entries=9 packed_expected=9
ALLOC_PASS m=65 n=1 small=1 history_expected=1 history_calls=1 history_bytes=12288 history_success=1 history_fail=0 x_calls=4 x_bytes=16640 x_success=4 x_fail=0 kb_calls=0 kb_bytes=0 kb_success=0 kb_fail=0 total=5 injected=0 history_level=0 x_level=1 kb_level=-1 shape_bad=0 x_each_worker_once=1
CASE_PASS m=65 n=1 sve16_entries=4 expected=4 old_entries=1 packed_entries=3 packed_expected=3
ALLOC_PASS m=65 n=7 small=1 history_expected=1 history_calls=1 history_bytes=12288 history_success=1 history_fail=0 x_calls=4 x_bytes=16640 x_success=4 x_fail=0 kb_calls=0 kb_bytes=0 kb_success=0 kb_fail=0 total=5 injected=0 history_level=0 x_level=1 kb_level=-1 shape_bad=0 x_each_worker_once=1
CASE_PASS m=65 n=7 sve16_entries=4 expected=4 old_entries=1 packed_entries=3 packed_expected=3
ALLOC_PASS m=65 n=8 small=1 history_expected=1 history_calls=1 history_bytes=12288 history_success=1 history_fail=0 x_calls=4 x_bytes=16640 x_success=4 x_fail=0 kb_calls=0 kb_bytes=0 kb_success=0 kb_fail=0 total=5 injected=0 history_level=0 x_level=1 kb_level=-1 shape_bad=0 x_each_worker_once=1
CASE_PASS m=65 n=8 sve16_entries=4 expected=4 old_entries=1 packed_entries=3 packed_expected=3
ALLOC_PASS m=65 n=9 small=1 history_expected=1 history_calls=1 history_bytes=12288 history_success=1 history_fail=0 x_calls=4 x_bytes=16640 x_success=4 x_fail=0 kb_calls=0 kb_bytes=0 kb_success=0 kb_fail=0 total=5 injected=0 history_level=0 x_level=1 kb_level=-1 shape_bad=0 x_each_worker_once=1
CASE_PASS m=65 n=9 sve16_entries=8 expected=8 old_entries=2 packed_entries=6 packed_expected=6
ALLOC_PASS m=65 n=17 small=1 history_expected=1 history_calls=1 history_bytes=12288 history_success=1 history_fail=0 x_calls=4 x_bytes=16640 x_success=4 x_fail=0 kb_calls=0 kb_bytes=0 kb_success=0 kb_fail=0 total=5 injected=0 history_level=0 x_level=1 kb_level=-1 shape_bad=0 x_each_worker_once=1
CASE_PASS m=65 n=17 sve16_entries=12 expected=12 old_entries=3 packed_entries=9 packed_expected=9
ALLOC_PASS m=255 n=1 small=1 history_expected=1 history_calls=1 history_bytes=215040 history_success=1 history_fail=0 x_calls=4 x_bytes=65280 x_success=4 x_fail=0 kb_calls=0 kb_bytes=0 kb_success=0 kb_fail=0 total=5 injected=0 history_level=0 x_level=1 kb_level=-1 shape_bad=0 x_each_worker_once=1
CASE_PASS m=255 n=1 sve16_entries=15 expected=15 old_entries=1 packed_entries=14 packed_expected=14
ALLOC_PASS m=255 n=7 small=1 history_expected=1 history_calls=1 history_bytes=215040 history_success=1 history_fail=0 x_calls=4 x_bytes=65280 x_success=4 x_fail=0 kb_calls=0 kb_bytes=0 kb_success=0 kb_fail=0 total=5 injected=0 history_level=0 x_level=1 kb_level=-1 shape_bad=0 x_each_worker_once=1
CASE_PASS m=255 n=7 sve16_entries=15 expected=15 old_entries=1 packed_entries=14 packed_expected=14
ALLOC_PASS m=255 n=8 small=1 history_expected=1 history_calls=1 history_bytes=215040 history_success=1 history_fail=0 x_calls=4 x_bytes=65280 x_success=4 x_fail=0 kb_calls=0 kb_bytes=0 kb_success=0 kb_fail=0 total=5 injected=0 history_level=0 x_level=1 kb_level=-1 shape_bad=0 x_each_worker_once=1
CASE_PASS m=255 n=8 sve16_entries=15 expected=15 old_entries=1 packed_entries=14 packed_expected=14
ALLOC_PASS m=255 n=9 small=1 history_expected=1 history_calls=1 history_bytes=215040 history_success=1 history_fail=0 x_calls=4 x_bytes=65280 x_success=4 x_fail=0 kb_calls=0 kb_bytes=0 kb_success=0 kb_fail=0 total=5 injected=0 history_level=0 x_level=1 kb_level=-1 shape_bad=0 x_each_worker_once=1
CASE_PASS m=255 n=9 sve16_entries=30 expected=30 old_entries=2 packed_entries=28 packed_expected=28
ALLOC_PASS m=255 n=17 small=1 history_expected=1 history_calls=1 history_bytes=215040 history_success=1 history_fail=0 x_calls=4 x_bytes=65280 x_success=4 x_fail=0 kb_calls=0 kb_bytes=0 kb_success=0 kb_fail=0 total=5 injected=0 history_level=0 x_level=1 kb_level=-1 shape_bad=0 x_each_worker_once=1
CASE_PASS m=255 n=17 sve16_entries=45 expected=45 old_entries=3 packed_entries=42 packed_expected=42
ALLOC_PASS m=256 n=1 small=1 history_expected=1 history_calls=1 history_bytes=245760 history_success=1 history_fail=0 x_calls=4 x_bytes=65536 x_success=4 x_fail=0 kb_calls=0 kb_bytes=0 kb_success=0 kb_fail=0 total=5 injected=0 history_level=0 x_level=1 kb_level=-1 shape_bad=0 x_each_worker_once=1
CASE_PASS m=256 n=1 sve16_entries=16 expected=16 old_entries=1 packed_entries=15 packed_expected=15
ALLOC_PASS m=256 n=7 small=1 history_expected=1 history_calls=1 history_bytes=245760 history_success=1 history_fail=0 x_calls=4 x_bytes=65536 x_success=4 x_fail=0 kb_calls=0 kb_bytes=0 kb_success=0 kb_fail=0 total=5 injected=0 history_level=0 x_level=1 kb_level=-1 shape_bad=0 x_each_worker_once=1
CASE_PASS m=256 n=7 sve16_entries=16 expected=16 old_entries=1 packed_entries=15 packed_expected=15
ALLOC_PASS m=256 n=8 small=1 history_expected=1 history_calls=1 history_bytes=245760 history_success=1 history_fail=0 x_calls=4 x_bytes=65536 x_success=4 x_fail=0 kb_calls=0 kb_bytes=0 kb_success=0 kb_fail=0 total=5 injected=0 history_level=0 x_level=1 kb_level=-1 shape_bad=0 x_each_worker_once=1
CASE_PASS m=256 n=8 sve16_entries=16 expected=16 old_entries=1 packed_entries=15 packed_expected=15
ALLOC_PASS m=256 n=9 small=1 history_expected=1 history_calls=1 history_bytes=245760 history_success=1 history_fail=0 x_calls=4 x_bytes=65536 x_success=4 x_fail=0 kb_calls=0 kb_bytes=0 kb_success=0 kb_fail=0 total=5 injected=0 history_level=0 x_level=1 kb_level=-1 shape_bad=0 x_each_worker_once=1
CASE_PASS m=256 n=9 sve16_entries=32 expected=32 old_entries=2 packed_entries=30 packed_expected=30
ALLOC_PASS m=256 n=17 small=1 history_expected=1 history_calls=1 history_bytes=245760 history_success=1 history_fail=0 x_calls=4 x_bytes=65536 x_success=4 x_fail=0 kb_calls=0 kb_bytes=0 kb_success=0 kb_fail=0 total=5 injected=0 history_level=0 x_level=1 kb_level=-1 shape_bad=0 x_each_worker_once=1
CASE_PASS m=256 n=17 sve16_entries=48 expected=48 old_entries=3 packed_entries=45 packed_expected=45
ALLOC_PASS m=257 n=1 small=1 history_expected=1 history_calls=1 history_bytes=245760 history_success=1 history_fail=0 x_calls=4 x_bytes=65792 x_success=4 x_fail=0 kb_calls=0 kb_bytes=0 kb_success=0 kb_fail=0 total=5 injected=0 history_level=0 x_level=1 kb_level=-1 shape_bad=0 x_each_worker_once=1
CASE_PASS m=257 n=1 sve16_entries=16 expected=16 old_entries=1 packed_entries=15 packed_expected=15
ALLOC_PASS m=257 n=7 small=1 history_expected=1 history_calls=1 history_bytes=245760 history_success=1 history_fail=0 x_calls=4 x_bytes=65792 x_success=4 x_fail=0 kb_calls=0 kb_bytes=0 kb_success=0 kb_fail=0 total=5 injected=0 history_level=0 x_level=1 kb_level=-1 shape_bad=0 x_each_worker_once=1
CASE_PASS m=257 n=7 sve16_entries=16 expected=16 old_entries=1 packed_entries=15 packed_expected=15
ALLOC_PASS m=257 n=8 small=1 history_expected=1 history_calls=1 history_bytes=245760 history_success=1 history_fail=0 x_calls=4 x_bytes=65792 x_success=4 x_fail=0 kb_calls=0 kb_bytes=0 kb_success=0 kb_fail=0 total=5 injected=0 history_level=0 x_level=1 kb_level=-1 shape_bad=0 x_each_worker_once=1
CASE_PASS m=257 n=8 sve16_entries=16 expected=16 old_entries=1 packed_entries=15 packed_expected=15
ALLOC_PASS m=257 n=9 small=1 history_expected=1 history_calls=1 history_bytes=245760 history_success=1 history_fail=0 x_calls=4 x_bytes=65792 x_success=4 x_fail=0 kb_calls=0 kb_bytes=0 kb_success=0 kb_fail=0 total=5 injected=0 history_level=0 x_level=1 kb_level=-1 shape_bad=0 x_each_worker_once=1
CASE_PASS m=257 n=9 sve16_entries=32 expected=32 old_entries=2 packed_entries=30 packed_expected=30
ALLOC_PASS m=257 n=17 small=1 history_expected=1 history_calls=1 history_bytes=245760 history_success=1 history_fail=0 x_calls=4 x_bytes=65792 x_success=4 x_fail=0 kb_calls=0 kb_bytes=0 kb_success=0 kb_fail=0 total=5 injected=0 history_level=0 x_level=1 kb_level=-1 shape_bad=0 x_each_worker_once=1
CASE_PASS m=257 n=17 sve16_entries=48 expected=48 old_entries=3 packed_entries=45 packed_expected=45
ALLOCATION_SUMMARY_PASS cases=80 budget_cases=0 shared_injection_cases=0
PASS whole_cases=80 noop_cases=4 non_dyadic_long_double_RHS=1 padding_L_unchanged=1 max_error=1.1102230246251565e-16
SOURCE_FEATURES_PASS panel16=1 packedL16=1 has_budget=1 history_budget_bytes=4194304
MODE=smoke THREADS=38 NARROW_VL=0 EXPECT_SVE16=1 EXPECT_PACKEDL16=1
ALLOC_PASS m=15 n=9 small=1 history_expected=0 history_calls=0 history_bytes=0 history_success=0 history_fail=0 x_calls=38 x_bytes=36480 x_success=38 x_fail=0 kb_calls=0 kb_bytes=0 kb_success=0 kb_fail=0 total=38 injected=0 history_level=-1 x_level=1 kb_level=-1 shape_bad=0 x_each_worker_once=1
CASE_PASS m=15 n=9 sve16_entries=0 expected=0 old_entries=0 packed_entries=0 packed_expected=0
ALLOC_PASS m=16 n=17 small=1 history_expected=0 history_calls=0 history_bytes=0 history_success=0 history_fail=0 x_calls=38 x_bytes=38912 x_success=38 x_fail=0 kb_calls=0 kb_bytes=0 kb_success=0 kb_fail=0 total=38 injected=0 history_level=-1 x_level=1 kb_level=-1 shape_bad=0 x_each_worker_once=1
CASE_PASS m=16 n=17 sve16_entries=3 expected=3 old_entries=3 packed_entries=0 packed_expected=0
ALLOC_PASS m=33 n=313 small=1 history_expected=1 history_calls=1 history_bytes=2048 history_success=1 history_fail=0 x_calls=38 x_bytes=80256 x_success=38 x_fail=0 kb_calls=0 kb_bytes=0 kb_success=0 kb_fail=0 total=39 injected=0 history_level=0 x_level=1 kb_level=-1 shape_bad=0 x_each_worker_once=1
CASE_PASS m=33 n=313 sve16_entries=80 expected=80 old_entries=40 packed_entries=40 packed_expected=40
ALLOC_PASS m=257 n=313 small=1 history_expected=1 history_calls=1 history_bytes=245760 history_success=1 history_fail=0 x_calls=38 x_bytes=625024 x_success=38 x_fail=0 kb_calls=0 kb_bytes=0 kb_success=0 kb_fail=0 total=39 injected=0 history_level=0 x_level=1 kb_level=-1 shape_bad=0 x_each_worker_once=1
CASE_PASS m=257 n=313 sve16_entries=640 expected=640 old_entries=40 packed_entries=600 packed_expected=600
ALLOCATION_SUMMARY_PASS cases=4 budget_cases=0 shared_injection_cases=0
PASS whole_cases=4 noop_cases=4 non_dyadic_long_double_RHS=1 padding_L_unchanged=1 max_error=1.1102230246251565e-16
SOURCE_FEATURES_PASS panel16=1 packedL16=1 has_budget=1 history_budget_bytes=4194304
MODE=boundary THREADS=1 NARROW_VL=0 EXPECT_SVE16=1 EXPECT_PACKEDL16=1
ALLOC_PASS m=4095 n=9 small=1 history_expected=0 history_calls=0 history_bytes=0 history_success=0 history_fail=0 x_calls=1 x_bytes=262080 x_success=1 x_fail=0 kb_calls=0 kb_bytes=0 kb_success=0 kb_fail=0 total=1 injected=0 history_level=-1 x_level=1 kb_level=-1 shape_bad=0 x_each_worker_once=1
CASE_PASS m=4095 n=9 sve16_entries=510 expected=510 old_entries=510 packed_entries=0 packed_expected=0
ALLOC_PASS m=4097 n=9 small=0 history_expected=0 history_calls=0 history_bytes=0 history_success=0 history_fail=0 x_calls=0 x_bytes=0 x_success=0 x_fail=0 kb_calls=1 kb_bytes=32768 kb_success=1 kb_fail=0 total=1 injected=0 history_level=-1 x_level=-1 kb_level=0 shape_bad=0 x_each_worker_once=1
CASE_PASS m=4097 n=9 sve16_entries=0 expected=0 old_entries=0 packed_entries=0 packed_expected=0
ALLOCATION_SUMMARY_PASS cases=2 budget_cases=0 shared_injection_cases=0
PASS whole_cases=2 noop_cases=4 non_dyadic_long_double_RHS=1 padding_L_unchanged=1 max_error=3.8857805861880479e-16
SOURCE_FEATURES_PASS panel16=1 packedL16=1 has_budget=1 history_budget_bytes=4194304
MODE=full THREADS=4 NARROW_VL=0 EXPECT_SVE16=0 EXPECT_PACKEDL16=0
ALLOC_PASS m=1 n=1 small=1 history_expected=0 history_calls=0 history_bytes=0 history_success=0 history_fail=0 x_calls=4 x_bytes=256 x_success=4 x_fail=0 kb_calls=0 kb_bytes=0 kb_success=0 kb_fail=0 total=4 injected=0 history_level=-1 x_level=1 kb_level=-1 shape_bad=0 x_each_worker_once=1
CASE_PASS m=1 n=1 sve16_entries=0 expected=0 old_entries=0 packed_entries=0 packed_expected=0
ALLOC_PASS m=1 n=7 small=1 history_expected=0 history_calls=0 history_bytes=0 history_success=0 history_fail=0 x_calls=4 x_bytes=256 x_success=4 x_fail=0 kb_calls=0 kb_bytes=0 kb_success=0 kb_fail=0 total=4 injected=0 history_level=-1 x_level=1 kb_level=-1 shape_bad=0 x_each_worker_once=1
CASE_PASS m=1 n=7 sve16_entries=0 expected=0 old_entries=0 packed_entries=0 packed_expected=0
ALLOC_PASS m=1 n=8 small=1 history_expected=0 history_calls=0 history_bytes=0 history_success=0 history_fail=0 x_calls=4 x_bytes=256 x_success=4 x_fail=0 kb_calls=0 kb_bytes=0 kb_success=0 kb_fail=0 total=4 injected=0 history_level=-1 x_level=1 kb_level=-1 shape_bad=0 x_each_worker_once=1
CASE_PASS m=1 n=8 sve16_entries=0 expected=0 old_entries=0 packed_entries=0 packed_expected=0
ALLOC_PASS m=1 n=9 small=1 history_expected=0 history_calls=0 history_bytes=0 history_success=0 history_fail=0 x_calls=4 x_bytes=256 x_success=4 x_fail=0 kb_calls=0 kb_bytes=0 kb_success=0 kb_fail=0 total=4 injected=0 history_level=-1 x_level=1 kb_level=-1 shape_bad=0 x_each_worker_once=1
CASE_PASS m=1 n=9 sve16_entries=0 expected=0 old_entries=0 packed_entries=0 packed_expected=0
ALLOC_PASS m=1 n=17 small=1 history_expected=0 history_calls=0 history_bytes=0 history_success=0 history_fail=0 x_calls=4 x_bytes=256 x_success=4 x_fail=0 kb_calls=0 kb_bytes=0 kb_success=0 kb_fail=0 total=4 injected=0 history_level=-1 x_level=1 kb_level=-1 shape_bad=0 x_each_worker_once=1
CASE_PASS m=1 n=17 sve16_entries=0 expected=0 old_entries=0 packed_entries=0 packed_expected=0
ALLOC_PASS m=3 n=1 small=1 history_expected=0 history_calls=0 history_bytes=0 history_success=0 history_fail=0 x_calls=4 x_bytes=768 x_success=4 x_fail=0 kb_calls=0 kb_bytes=0 kb_success=0 kb_fail=0 total=4 injected=0 history_level=-1 x_level=1 kb_level=-1 shape_bad=0 x_each_worker_once=1
CASE_PASS m=3 n=1 sve16_entries=0 expected=0 old_entries=0 packed_entries=0 packed_expected=0
ALLOC_PASS m=3 n=7 small=1 history_expected=0 history_calls=0 history_bytes=0 history_success=0 history_fail=0 x_calls=4 x_bytes=768 x_success=4 x_fail=0 kb_calls=0 kb_bytes=0 kb_success=0 kb_fail=0 total=4 injected=0 history_level=-1 x_level=1 kb_level=-1 shape_bad=0 x_each_worker_once=1
CASE_PASS m=3 n=7 sve16_entries=0 expected=0 old_entries=0 packed_entries=0 packed_expected=0
ALLOC_PASS m=3 n=8 small=1 history_expected=0 history_calls=0 history_bytes=0 history_success=0 history_fail=0 x_calls=4 x_bytes=768 x_success=4 x_fail=0 kb_calls=0 kb_bytes=0 kb_success=0 kb_fail=0 total=4 injected=0 history_level=-1 x_level=1 kb_level=-1 shape_bad=0 x_each_worker_once=1
CASE_PASS m=3 n=8 sve16_entries=0 expected=0 old_entries=0 packed_entries=0 packed_expected=0
ALLOC_PASS m=3 n=9 small=1 history_expected=0 history_calls=0 history_bytes=0 history_success=0 history_fail=0 x_calls=4 x_bytes=768 x_success=4 x_fail=0 kb_calls=0 kb_bytes=0 kb_success=0 kb_fail=0 total=4 injected=0 history_level=-1 x_level=1 kb_level=-1 shape_bad=0 x_each_worker_once=1
CASE_PASS m=3 n=9 sve16_entries=0 expected=0 old_entries=0 packed_entries=0 packed_expected=0
ALLOC_PASS m=3 n=17 small=1 history_expected=0 history_calls=0 history_bytes=0 history_success=0 history_fail=0 x_calls=4 x_bytes=768 x_success=4 x_fail=0 kb_calls=0 kb_bytes=0 kb_success=0 kb_fail=0 total=4 injected=0 history_level=-1 x_level=1 kb_level=-1 shape_bad=0 x_each_worker_once=1
CASE_PASS m=3 n=17 sve16_entries=0 expected=0 old_entries=0 packed_entries=0 packed_expected=0
ALLOC_PASS m=4 n=1 small=1 history_expected=0 history_calls=0 history_bytes=0 history_success=0 history_fail=0 x_calls=4 x_bytes=1024 x_success=4 x_fail=0 kb_calls=0 kb_bytes=0 kb_success=0 kb_fail=0 total=4 injected=0 history_level=-1 x_level=1 kb_level=-1 shape_bad=0 x_each_worker_once=1
CASE_PASS m=4 n=1 sve16_entries=0 expected=0 old_entries=0 packed_entries=0 packed_expected=0
ALLOC_PASS m=4 n=7 small=1 history_expected=0 history_calls=0 history_bytes=0 history_success=0 history_fail=0 x_calls=4 x_bytes=1024 x_success=4 x_fail=0 kb_calls=0 kb_bytes=0 kb_success=0 kb_fail=0 total=4 injected=0 history_level=-1 x_level=1 kb_level=-1 shape_bad=0 x_each_worker_once=1
CASE_PASS m=4 n=7 sve16_entries=0 expected=0 old_entries=0 packed_entries=0 packed_expected=0
ALLOC_PASS m=4 n=8 small=1 history_expected=0 history_calls=0 history_bytes=0 history_success=0 history_fail=0 x_calls=4 x_bytes=1024 x_success=4 x_fail=0 kb_calls=0 kb_bytes=0 kb_success=0 kb_fail=0 total=4 injected=0 history_level=-1 x_level=1 kb_level=-1 shape_bad=0 x_each_worker_once=1
CASE_PASS m=4 n=8 sve16_entries=0 expected=0 old_entries=0 packed_entries=0 packed_expected=0
ALLOC_PASS m=4 n=9 small=1 history_expected=0 history_calls=0 history_bytes=0 history_success=0 history_fail=0 x_calls=4 x_bytes=1024 x_success=4 x_fail=0 kb_calls=0 kb_bytes=0 kb_success=0 kb_fail=0 total=4 injected=0 history_level=-1 x_level=1 kb_level=-1 shape_bad=0 x_each_worker_once=1
CASE_PASS m=4 n=9 sve16_entries=0 expected=0 old_entries=0 packed_entries=0 packed_expected=0
ALLOC_PASS m=4 n=17 small=1 history_expected=0 history_calls=0 history_bytes=0 history_success=0 history_fail=0 x_calls=4 x_bytes=1024 x_success=4 x_fail=0 kb_calls=0 kb_bytes=0 kb_success=0 kb_fail=0 total=4 injected=0 history_level=-1 x_level=1 kb_level=-1 shape_bad=0 x_each_worker_once=1
CASE_PASS m=4 n=17 sve16_entries=0 expected=0 old_entries=0 packed_entries=0 packed_expected=0
ALLOC_PASS m=5 n=1 small=1 history_expected=0 history_calls=0 history_bytes=0 history_success=0 history_fail=0 x_calls=4 x_bytes=1280 x_success=4 x_fail=0 kb_calls=0 kb_bytes=0 kb_success=0 kb_fail=0 total=4 injected=0 history_level=-1 x_level=1 kb_level=-1 shape_bad=0 x_each_worker_once=1
CASE_PASS m=5 n=1 sve16_entries=0 expected=0 old_entries=0 packed_entries=0 packed_expected=0
ALLOC_PASS m=5 n=7 small=1 history_expected=0 history_calls=0 history_bytes=0 history_success=0 history_fail=0 x_calls=4 x_bytes=1280 x_success=4 x_fail=0 kb_calls=0 kb_bytes=0 kb_success=0 kb_fail=0 total=4 injected=0 history_level=-1 x_level=1 kb_level=-1 shape_bad=0 x_each_worker_once=1
CASE_PASS m=5 n=7 sve16_entries=0 expected=0 old_entries=0 packed_entries=0 packed_expected=0
ALLOC_PASS m=5 n=8 small=1 history_expected=0 history_calls=0 history_bytes=0 history_success=0 history_fail=0 x_calls=4 x_bytes=1280 x_success=4 x_fail=0 kb_calls=0 kb_bytes=0 kb_success=0 kb_fail=0 total=4 injected=0 history_level=-1 x_level=1 kb_level=-1 shape_bad=0 x_each_worker_once=1
CASE_PASS m=5 n=8 sve16_entries=0 expected=0 old_entries=0 packed_entries=0 packed_expected=0
ALLOC_PASS m=5 n=9 small=1 history_expected=0 history_calls=0 history_bytes=0 history_success=0 history_fail=0 x_calls=4 x_bytes=1280 x_success=4 x_fail=0 kb_calls=0 kb_bytes=0 kb_success=0 kb_fail=0 total=4 injected=0 history_level=-1 x_level=1 kb_level=-1 shape_bad=0 x_each_worker_once=1
CASE_PASS m=5 n=9 sve16_entries=0 expected=0 old_entries=0 packed_entries=0 packed_expected=0
ALLOC_PASS m=5 n=17 small=1 history_expected=0 history_calls=0 history_bytes=0 history_success=0 history_fail=0 x_calls=4 x_bytes=1280 x_success=4 x_fail=0 kb_calls=0 kb_bytes=0 kb_success=0 kb_fail=0 total=4 injected=0 history_level=-1 x_level=1 kb_level=-1 shape_bad=0 x_each_worker_once=1
CASE_PASS m=5 n=17 sve16_entries=0 expected=0 old_entries=0 packed_entries=0 packed_expected=0
ALLOC_PASS m=15 n=1 small=1 history_expected=0 history_calls=0 history_bytes=0 history_success=0 history_fail=0 x_calls=4 x_bytes=3840 x_success=4 x_fail=0 kb_calls=0 kb_bytes=0 kb_success=0 kb_fail=0 total=4 injected=0 history_level=-1 x_level=1 kb_level=-1 shape_bad=0 x_each_worker_once=1
CASE_PASS m=15 n=1 sve16_entries=0 expected=0 old_entries=0 packed_entries=0 packed_expected=0
ALLOC_PASS m=15 n=7 small=1 history_expected=0 history_calls=0 history_bytes=0 history_success=0 history_fail=0 x_calls=4 x_bytes=3840 x_success=4 x_fail=0 kb_calls=0 kb_bytes=0 kb_success=0 kb_fail=0 total=4 injected=0 history_level=-1 x_level=1 kb_level=-1 shape_bad=0 x_each_worker_once=1
CASE_PASS m=15 n=7 sve16_entries=0 expected=0 old_entries=0 packed_entries=0 packed_expected=0
ALLOC_PASS m=15 n=8 small=1 history_expected=0 history_calls=0 history_bytes=0 history_success=0 history_fail=0 x_calls=4 x_bytes=3840 x_success=4 x_fail=0 kb_calls=0 kb_bytes=0 kb_success=0 kb_fail=0 total=4 injected=0 history_level=-1 x_level=1 kb_level=-1 shape_bad=0 x_each_worker_once=1
CASE_PASS m=15 n=8 sve16_entries=0 expected=0 old_entries=0 packed_entries=0 packed_expected=0
ALLOC_PASS m=15 n=9 small=1 history_expected=0 history_calls=0 history_bytes=0 history_success=0 history_fail=0 x_calls=4 x_bytes=3840 x_success=4 x_fail=0 kb_calls=0 kb_bytes=0 kb_success=0 kb_fail=0 total=4 injected=0 history_level=-1 x_level=1 kb_level=-1 shape_bad=0 x_each_worker_once=1
CASE_PASS m=15 n=9 sve16_entries=0 expected=0 old_entries=0 packed_entries=0 packed_expected=0
ALLOC_PASS m=15 n=17 small=1 history_expected=0 history_calls=0 history_bytes=0 history_success=0 history_fail=0 x_calls=4 x_bytes=3840 x_success=4 x_fail=0 kb_calls=0 kb_bytes=0 kb_success=0 kb_fail=0 total=4 injected=0 history_level=-1 x_level=1 kb_level=-1 shape_bad=0 x_each_worker_once=1
CASE_PASS m=15 n=17 sve16_entries=0 expected=0 old_entries=0 packed_entries=0 packed_expected=0
ALLOC_PASS m=16 n=1 small=1 history_expected=0 history_calls=0 history_bytes=0 history_success=0 history_fail=0 x_calls=4 x_bytes=4096 x_success=4 x_fail=0 kb_calls=0 kb_bytes=0 kb_success=0 kb_fail=0 total=4 injected=0 history_level=-1 x_level=1 kb_level=-1 shape_bad=0 x_each_worker_once=1
CASE_PASS m=16 n=1 sve16_entries=0 expected=0 old_entries=0 packed_entries=0 packed_expected=0
ALLOC_PASS m=16 n=7 small=1 history_expected=0 history_calls=0 history_bytes=0 history_success=0 history_fail=0 x_calls=4 x_bytes=4096 x_success=4 x_fail=0 kb_calls=0 kb_bytes=0 kb_success=0 kb_fail=0 total=4 injected=0 history_level=-1 x_level=1 kb_level=-1 shape_bad=0 x_each_worker_once=1
CASE_PASS m=16 n=7 sve16_entries=0 expected=0 old_entries=0 packed_entries=0 packed_expected=0
ALLOC_PASS m=16 n=8 small=1 history_expected=0 history_calls=0 history_bytes=0 history_success=0 history_fail=0 x_calls=4 x_bytes=4096 x_success=4 x_fail=0 kb_calls=0 kb_bytes=0 kb_success=0 kb_fail=0 total=4 injected=0 history_level=-1 x_level=1 kb_level=-1 shape_bad=0 x_each_worker_once=1
CASE_PASS m=16 n=8 sve16_entries=0 expected=0 old_entries=0 packed_entries=0 packed_expected=0
ALLOC_PASS m=16 n=9 small=1 history_expected=0 history_calls=0 history_bytes=0 history_success=0 history_fail=0 x_calls=4 x_bytes=4096 x_success=4 x_fail=0 kb_calls=0 kb_bytes=0 kb_success=0 kb_fail=0 total=4 injected=0 history_level=-1 x_level=1 kb_level=-1 shape_bad=0 x_each_worker_once=1
CASE_PASS m=16 n=9 sve16_entries=0 expected=0 old_entries=0 packed_entries=0 packed_expected=0
ALLOC_PASS m=16 n=17 small=1 history_expected=0 history_calls=0 history_bytes=0 history_success=0 history_fail=0 x_calls=4 x_bytes=4096 x_success=4 x_fail=0 kb_calls=0 kb_bytes=0 kb_success=0 kb_fail=0 total=4 injected=0 history_level=-1 x_level=1 kb_level=-1 shape_bad=0 x_each_worker_once=1
CASE_PASS m=16 n=17 sve16_entries=0 expected=0 old_entries=0 packed_entries=0 packed_expected=0
ALLOC_PASS m=17 n=1 small=1 history_expected=0 history_calls=0 history_bytes=0 history_success=0 history_fail=0 x_calls=4 x_bytes=4352 x_success=4 x_fail=0 kb_calls=0 kb_bytes=0 kb_success=0 kb_fail=0 total=4 injected=0 history_level=-1 x_level=1 kb_level=-1 shape_bad=0 x_each_worker_once=1
CASE_PASS m=17 n=1 sve16_entries=0 expected=0 old_entries=0 packed_entries=0 packed_expected=0
ALLOC_PASS m=17 n=7 small=1 history_expected=0 history_calls=0 history_bytes=0 history_success=0 history_fail=0 x_calls=4 x_bytes=4352 x_success=4 x_fail=0 kb_calls=0 kb_bytes=0 kb_success=0 kb_fail=0 total=4 injected=0 history_level=-1 x_level=1 kb_level=-1 shape_bad=0 x_each_worker_once=1
CASE_PASS m=17 n=7 sve16_entries=0 expected=0 old_entries=0 packed_entries=0 packed_expected=0
ALLOC_PASS m=17 n=8 small=1 history_expected=0 history_calls=0 history_bytes=0 history_success=0 history_fail=0 x_calls=4 x_bytes=4352 x_success=4 x_fail=0 kb_calls=0 kb_bytes=0 kb_success=0 kb_fail=0 total=4 injected=0 history_level=-1 x_level=1 kb_level=-1 shape_bad=0 x_each_worker_once=1
CASE_PASS m=17 n=8 sve16_entries=0 expected=0 old_entries=0 packed_entries=0 packed_expected=0
ALLOC_PASS m=17 n=9 small=1 history_expected=0 history_calls=0 history_bytes=0 history_success=0 history_fail=0 x_calls=4 x_bytes=4352 x_success=4 x_fail=0 kb_calls=0 kb_bytes=0 kb_success=0 kb_fail=0 total=4 injected=0 history_level=-1 x_level=1 kb_level=-1 shape_bad=0 x_each_worker_once=1
CASE_PASS m=17 n=9 sve16_entries=0 expected=0 old_entries=0 packed_entries=0 packed_expected=0
ALLOC_PASS m=17 n=17 small=1 history_expected=0 history_calls=0 history_bytes=0 history_success=0 history_fail=0 x_calls=4 x_bytes=4352 x_success=4 x_fail=0 kb_calls=0 kb_bytes=0 kb_success=0 kb_fail=0 total=4 injected=0 history_level=-1 x_level=1 kb_level=-1 shape_bad=0 x_each_worker_once=1
CASE_PASS m=17 n=17 sve16_entries=0 expected=0 old_entries=0 packed_entries=0 packed_expected=0
ALLOC_PASS m=31 n=1 small=1 history_expected=0 history_calls=0 history_bytes=0 history_success=0 history_fail=0 x_calls=4 x_bytes=7936 x_success=4 x_fail=0 kb_calls=0 kb_bytes=0 kb_success=0 kb_fail=0 total=4 injected=0 history_level=-1 x_level=1 kb_level=-1 shape_bad=0 x_each_worker_once=1
CASE_PASS m=31 n=1 sve16_entries=0 expected=0 old_entries=0 packed_entries=0 packed_expected=0
ALLOC_PASS m=31 n=7 small=1 history_expected=0 history_calls=0 history_bytes=0 history_success=0 history_fail=0 x_calls=4 x_bytes=7936 x_success=4 x_fail=0 kb_calls=0 kb_bytes=0 kb_success=0 kb_fail=0 total=4 injected=0 history_level=-1 x_level=1 kb_level=-1 shape_bad=0 x_each_worker_once=1
CASE_PASS m=31 n=7 sve16_entries=0 expected=0 old_entries=0 packed_entries=0 packed_expected=0
ALLOC_PASS m=31 n=8 small=1 history_expected=0 history_calls=0 history_bytes=0 history_success=0 history_fail=0 x_calls=4 x_bytes=7936 x_success=4 x_fail=0 kb_calls=0 kb_bytes=0 kb_success=0 kb_fail=0 total=4 injected=0 history_level=-1 x_level=1 kb_level=-1 shape_bad=0 x_each_worker_once=1
CASE_PASS m=31 n=8 sve16_entries=0 expected=0 old_entries=0 packed_entries=0 packed_expected=0
ALLOC_PASS m=31 n=9 small=1 history_expected=0 history_calls=0 history_bytes=0 history_success=0 history_fail=0 x_calls=4 x_bytes=7936 x_success=4 x_fail=0 kb_calls=0 kb_bytes=0 kb_success=0 kb_fail=0 total=4 injected=0 history_level=-1 x_level=1 kb_level=-1 shape_bad=0 x_each_worker_once=1
CASE_PASS m=31 n=9 sve16_entries=0 expected=0 old_entries=0 packed_entries=0 packed_expected=0
ALLOC_PASS m=31 n=17 small=1 history_expected=0 history_calls=0 history_bytes=0 history_success=0 history_fail=0 x_calls=4 x_bytes=7936 x_success=4 x_fail=0 kb_calls=0 kb_bytes=0 kb_success=0 kb_fail=0 total=4 injected=0 history_level=-1 x_level=1 kb_level=-1 shape_bad=0 x_each_worker_once=1
CASE_PASS m=31 n=17 sve16_entries=0 expected=0 old_entries=0 packed_entries=0 packed_expected=0
ALLOC_PASS m=32 n=1 small=1 history_expected=0 history_calls=0 history_bytes=0 history_success=0 history_fail=0 x_calls=4 x_bytes=8192 x_success=4 x_fail=0 kb_calls=0 kb_bytes=0 kb_success=0 kb_fail=0 total=4 injected=0 history_level=-1 x_level=1 kb_level=-1 shape_bad=0 x_each_worker_once=1
CASE_PASS m=32 n=1 sve16_entries=0 expected=0 old_entries=0 packed_entries=0 packed_expected=0
ALLOC_PASS m=32 n=7 small=1 history_expected=0 history_calls=0 history_bytes=0 history_success=0 history_fail=0 x_calls=4 x_bytes=8192 x_success=4 x_fail=0 kb_calls=0 kb_bytes=0 kb_success=0 kb_fail=0 total=4 injected=0 history_level=-1 x_level=1 kb_level=-1 shape_bad=0 x_each_worker_once=1
CASE_PASS m=32 n=7 sve16_entries=0 expected=0 old_entries=0 packed_entries=0 packed_expected=0
ALLOC_PASS m=32 n=8 small=1 history_expected=0 history_calls=0 history_bytes=0 history_success=0 history_fail=0 x_calls=4 x_bytes=8192 x_success=4 x_fail=0 kb_calls=0 kb_bytes=0 kb_success=0 kb_fail=0 total=4 injected=0 history_level=-1 x_level=1 kb_level=-1 shape_bad=0 x_each_worker_once=1
CASE_PASS m=32 n=8 sve16_entries=0 expected=0 old_entries=0 packed_entries=0 packed_expected=0
ALLOC_PASS m=32 n=9 small=1 history_expected=0 history_calls=0 history_bytes=0 history_success=0 history_fail=0 x_calls=4 x_bytes=8192 x_success=4 x_fail=0 kb_calls=0 kb_bytes=0 kb_success=0 kb_fail=0 total=4 injected=0 history_level=-1 x_level=1 kb_level=-1 shape_bad=0 x_each_worker_once=1
CASE_PASS m=32 n=9 sve16_entries=0 expected=0 old_entries=0 packed_entries=0 packed_expected=0
ALLOC_PASS m=32 n=17 small=1 history_expected=0 history_calls=0 history_bytes=0 history_success=0 history_fail=0 x_calls=4 x_bytes=8192 x_success=4 x_fail=0 kb_calls=0 kb_bytes=0 kb_success=0 kb_fail=0 total=4 injected=0 history_level=-1 x_level=1 kb_level=-1 shape_bad=0 x_each_worker_once=1
CASE_PASS m=32 n=17 sve16_entries=0 expected=0 old_entries=0 packed_entries=0 packed_expected=0
ALLOC_PASS m=33 n=1 small=1 history_expected=0 history_calls=0 history_bytes=0 history_success=0 history_fail=0 x_calls=4 x_bytes=8448 x_success=4 x_fail=0 kb_calls=0 kb_bytes=0 kb_success=0 kb_fail=0 total=4 injected=0 history_level=-1 x_level=1 kb_level=-1 shape_bad=0 x_each_worker_once=1
CASE_PASS m=33 n=1 sve16_entries=0 expected=0 old_entries=0 packed_entries=0 packed_expected=0
ALLOC_PASS m=33 n=7 small=1 history_expected=0 history_calls=0 history_bytes=0 history_success=0 history_fail=0 x_calls=4 x_bytes=8448 x_success=4 x_fail=0 kb_calls=0 kb_bytes=0 kb_success=0 kb_fail=0 total=4 injected=0 history_level=-1 x_level=1 kb_level=-1 shape_bad=0 x_each_worker_once=1
CASE_PASS m=33 n=7 sve16_entries=0 expected=0 old_entries=0 packed_entries=0 packed_expected=0
ALLOC_PASS m=33 n=8 small=1 history_expected=0 history_calls=0 history_bytes=0 history_success=0 history_fail=0 x_calls=4 x_bytes=8448 x_success=4 x_fail=0 kb_calls=0 kb_bytes=0 kb_success=0 kb_fail=0 total=4 injected=0 history_level=-1 x_level=1 kb_level=-1 shape_bad=0 x_each_worker_once=1
CASE_PASS m=33 n=8 sve16_entries=0 expected=0 old_entries=0 packed_entries=0 packed_expected=0
ALLOC_PASS m=33 n=9 small=1 history_expected=0 history_calls=0 history_bytes=0 history_success=0 history_fail=0 x_calls=4 x_bytes=8448 x_success=4 x_fail=0 kb_calls=0 kb_bytes=0 kb_success=0 kb_fail=0 total=4 injected=0 history_level=-1 x_level=1 kb_level=-1 shape_bad=0 x_each_worker_once=1
CASE_PASS m=33 n=9 sve16_entries=0 expected=0 old_entries=0 packed_entries=0 packed_expected=0
ALLOC_PASS m=33 n=17 small=1 history_expected=0 history_calls=0 history_bytes=0 history_success=0 history_fail=0 x_calls=4 x_bytes=8448 x_success=4 x_fail=0 kb_calls=0 kb_bytes=0 kb_success=0 kb_fail=0 total=4 injected=0 history_level=-1 x_level=1 kb_level=-1 shape_bad=0 x_each_worker_once=1
CASE_PASS m=33 n=17 sve16_entries=0 expected=0 old_entries=0 packed_entries=0 packed_expected=0
ALLOC_PASS m=63 n=1 small=1 history_expected=0 history_calls=0 history_bytes=0 history_success=0 history_fail=0 x_calls=4 x_bytes=16128 x_success=4 x_fail=0 kb_calls=0 kb_bytes=0 kb_success=0 kb_fail=0 total=4 injected=0 history_level=-1 x_level=1 kb_level=-1 shape_bad=0 x_each_worker_once=1
CASE_PASS m=63 n=1 sve16_entries=0 expected=0 old_entries=0 packed_entries=0 packed_expected=0
ALLOC_PASS m=63 n=7 small=1 history_expected=0 history_calls=0 history_bytes=0 history_success=0 history_fail=0 x_calls=4 x_bytes=16128 x_success=4 x_fail=0 kb_calls=0 kb_bytes=0 kb_success=0 kb_fail=0 total=4 injected=0 history_level=-1 x_level=1 kb_level=-1 shape_bad=0 x_each_worker_once=1
CASE_PASS m=63 n=7 sve16_entries=0 expected=0 old_entries=0 packed_entries=0 packed_expected=0
ALLOC_PASS m=63 n=8 small=1 history_expected=0 history_calls=0 history_bytes=0 history_success=0 history_fail=0 x_calls=4 x_bytes=16128 x_success=4 x_fail=0 kb_calls=0 kb_bytes=0 kb_success=0 kb_fail=0 total=4 injected=0 history_level=-1 x_level=1 kb_level=-1 shape_bad=0 x_each_worker_once=1
CASE_PASS m=63 n=8 sve16_entries=0 expected=0 old_entries=0 packed_entries=0 packed_expected=0
ALLOC_PASS m=63 n=9 small=1 history_expected=0 history_calls=0 history_bytes=0 history_success=0 history_fail=0 x_calls=4 x_bytes=16128 x_success=4 x_fail=0 kb_calls=0 kb_bytes=0 kb_success=0 kb_fail=0 total=4 injected=0 history_level=-1 x_level=1 kb_level=-1 shape_bad=0 x_each_worker_once=1
CASE_PASS m=63 n=9 sve16_entries=0 expected=0 old_entries=0 packed_entries=0 packed_expected=0
ALLOC_PASS m=63 n=17 small=1 history_expected=0 history_calls=0 history_bytes=0 history_success=0 history_fail=0 x_calls=4 x_bytes=16128 x_success=4 x_fail=0 kb_calls=0 kb_bytes=0 kb_success=0 kb_fail=0 total=4 injected=0 history_level=-1 x_level=1 kb_level=-1 shape_bad=0 x_each_worker_once=1
CASE_PASS m=63 n=17 sve16_entries=0 expected=0 old_entries=0 packed_entries=0 packed_expected=0
ALLOC_PASS m=64 n=1 small=1 history_expected=0 history_calls=0 history_bytes=0 history_success=0 history_fail=0 x_calls=4 x_bytes=16384 x_success=4 x_fail=0 kb_calls=0 kb_bytes=0 kb_success=0 kb_fail=0 total=4 injected=0 history_level=-1 x_level=1 kb_level=-1 shape_bad=0 x_each_worker_once=1
CASE_PASS m=64 n=1 sve16_entries=0 expected=0 old_entries=0 packed_entries=0 packed_expected=0
ALLOC_PASS m=64 n=7 small=1 history_expected=0 history_calls=0 history_bytes=0 history_success=0 history_fail=0 x_calls=4 x_bytes=16384 x_success=4 x_fail=0 kb_calls=0 kb_bytes=0 kb_success=0 kb_fail=0 total=4 injected=0 history_level=-1 x_level=1 kb_level=-1 shape_bad=0 x_each_worker_once=1
CASE_PASS m=64 n=7 sve16_entries=0 expected=0 old_entries=0 packed_entries=0 packed_expected=0
ALLOC_PASS m=64 n=8 small=1 history_expected=0 history_calls=0 history_bytes=0 history_success=0 history_fail=0 x_calls=4 x_bytes=16384 x_success=4 x_fail=0 kb_calls=0 kb_bytes=0 kb_success=0 kb_fail=0 total=4 injected=0 history_level=-1 x_level=1 kb_level=-1 shape_bad=0 x_each_worker_once=1
CASE_PASS m=64 n=8 sve16_entries=0 expected=0 old_entries=0 packed_entries=0 packed_expected=0
ALLOC_PASS m=64 n=9 small=1 history_expected=0 history_calls=0 history_bytes=0 history_success=0 history_fail=0 x_calls=4 x_bytes=16384 x_success=4 x_fail=0 kb_calls=0 kb_bytes=0 kb_success=0 kb_fail=0 total=4 injected=0 history_level=-1 x_level=1 kb_level=-1 shape_bad=0 x_each_worker_once=1
CASE_PASS m=64 n=9 sve16_entries=0 expected=0 old_entries=0 packed_entries=0 packed_expected=0
ALLOC_PASS m=64 n=17 small=1 history_expected=0 history_calls=0 history_bytes=0 history_success=0 history_fail=0 x_calls=4 x_bytes=16384 x_success=4 x_fail=0 kb_calls=0 kb_bytes=0 kb_success=0 kb_fail=0 total=4 injected=0 history_level=-1 x_level=1 kb_level=-1 shape_bad=0 x_each_worker_once=1
CASE_PASS m=64 n=17 sve16_entries=0 expected=0 old_entries=0 packed_entries=0 packed_expected=0
ALLOC_PASS m=65 n=1 small=1 history_expected=0 history_calls=0 history_bytes=0 history_success=0 history_fail=0 x_calls=4 x_bytes=16640 x_success=4 x_fail=0 kb_calls=0 kb_bytes=0 kb_success=0 kb_fail=0 total=4 injected=0 history_level=-1 x_level=1 kb_level=-1 shape_bad=0 x_each_worker_once=1
CASE_PASS m=65 n=1 sve16_entries=0 expected=0 old_entries=0 packed_entries=0 packed_expected=0
ALLOC_PASS m=65 n=7 small=1 history_expected=0 history_calls=0 history_bytes=0 history_success=0 history_fail=0 x_calls=4 x_bytes=16640 x_success=4 x_fail=0 kb_calls=0 kb_bytes=0 kb_success=0 kb_fail=0 total=4 injected=0 history_level=-1 x_level=1 kb_level=-1 shape_bad=0 x_each_worker_once=1
CASE_PASS m=65 n=7 sve16_entries=0 expected=0 old_entries=0 packed_entries=0 packed_expected=0
ALLOC_PASS m=65 n=8 small=1 history_expected=0 history_calls=0 history_bytes=0 history_success=0 history_fail=0 x_calls=4 x_bytes=16640 x_success=4 x_fail=0 kb_calls=0 kb_bytes=0 kb_success=0 kb_fail=0 total=4 injected=0 history_level=-1 x_level=1 kb_level=-1 shape_bad=0 x_each_worker_once=1
CASE_PASS m=65 n=8 sve16_entries=0 expected=0 old_entries=0 packed_entries=0 packed_expected=0
ALLOC_PASS m=65 n=9 small=1 history_expected=0 history_calls=0 history_bytes=0 history_success=0 history_fail=0 x_calls=4 x_bytes=16640 x_success=4 x_fail=0 kb_calls=0 kb_bytes=0 kb_success=0 kb_fail=0 total=4 injected=0 history_level=-1 x_level=1 kb_level=-1 shape_bad=0 x_each_worker_once=1
CASE_PASS m=65 n=9 sve16_entries=0 expected=0 old_entries=0 packed_entries=0 packed_expected=0
ALLOC_PASS m=65 n=17 small=1 history_expected=0 history_calls=0 history_bytes=0 history_success=0 history_fail=0 x_calls=4 x_bytes=16640 x_success=4 x_fail=0 kb_calls=0 kb_bytes=0 kb_success=0 kb_fail=0 total=4 injected=0 history_level=-1 x_level=1 kb_level=-1 shape_bad=0 x_each_worker_once=1
CASE_PASS m=65 n=17 sve16_entries=0 expected=0 old_entries=0 packed_entries=0 packed_expected=0
ALLOC_PASS m=255 n=1 small=1 history_expected=0 history_calls=0 history_bytes=0 history_success=0 history_fail=0 x_calls=4 x_bytes=65280 x_success=4 x_fail=0 kb_calls=0 kb_bytes=0 kb_success=0 kb_fail=0 total=4 injected=0 history_level=-1 x_level=1 kb_level=-1 shape_bad=0 x_each_worker_once=1
CASE_PASS m=255 n=1 sve16_entries=0 expected=0 old_entries=0 packed_entries=0 packed_expected=0
ALLOC_PASS m=255 n=7 small=1 history_expected=0 history_calls=0 history_bytes=0 history_success=0 history_fail=0 x_calls=4 x_bytes=65280 x_success=4 x_fail=0 kb_calls=0 kb_bytes=0 kb_success=0 kb_fail=0 total=4 injected=0 history_level=-1 x_level=1 kb_level=-1 shape_bad=0 x_each_worker_once=1
CASE_PASS m=255 n=7 sve16_entries=0 expected=0 old_entries=0 packed_entries=0 packed_expected=0
ALLOC_PASS m=255 n=8 small=1 history_expected=0 history_calls=0 history_bytes=0 history_success=0 history_fail=0 x_calls=4 x_bytes=65280 x_success=4 x_fail=0 kb_calls=0 kb_bytes=0 kb_success=0 kb_fail=0 total=4 injected=0 history_level=-1 x_level=1 kb_level=-1 shape_bad=0 x_each_worker_once=1
CASE_PASS m=255 n=8 sve16_entries=0 expected=0 old_entries=0 packed_entries=0 packed_expected=0
ALLOC_PASS m=255 n=9 small=1 history_expected=0 history_calls=0 history_bytes=0 history_success=0 history_fail=0 x_calls=4 x_bytes=65280 x_success=4 x_fail=0 kb_calls=0 kb_bytes=0 kb_success=0 kb_fail=0 total=4 injected=0 history_level=-1 x_level=1 kb_level=-1 shape_bad=0 x_each_worker_once=1
CASE_PASS m=255 n=9 sve16_entries=0 expected=0 old_entries=0 packed_entries=0 packed_expected=0
ALLOC_PASS m=255 n=17 small=1 history_expected=0 history_calls=0 history_bytes=0 history_success=0 history_fail=0 x_calls=4 x_bytes=65280 x_success=4 x_fail=0 kb_calls=0 kb_bytes=0 kb_success=0 kb_fail=0 total=4 injected=0 history_level=-1 x_level=1 kb_level=-1 shape_bad=0 x_each_worker_once=1
CASE_PASS m=255 n=17 sve16_entries=0 expected=0 old_entries=0 packed_entries=0 packed_expected=0
ALLOC_PASS m=256 n=1 small=1 history_expected=0 history_calls=0 history_bytes=0 history_success=0 history_fail=0 x_calls=4 x_bytes=65536 x_success=4 x_fail=0 kb_calls=0 kb_bytes=0 kb_success=0 kb_fail=0 total=4 injected=0 history_level=-1 x_level=1 kb_level=-1 shape_bad=0 x_each_worker_once=1
CASE_PASS m=256 n=1 sve16_entries=0 expected=0 old_entries=0 packed_entries=0 packed_expected=0
ALLOC_PASS m=256 n=7 small=1 history_expected=0 history_calls=0 history_bytes=0 history_success=0 history_fail=0 x_calls=4 x_bytes=65536 x_success=4 x_fail=0 kb_calls=0 kb_bytes=0 kb_success=0 kb_fail=0 total=4 injected=0 history_level=-1 x_level=1 kb_level=-1 shape_bad=0 x_each_worker_once=1
CASE_PASS m=256 n=7 sve16_entries=0 expected=0 old_entries=0 packed_entries=0 packed_expected=0
ALLOC_PASS m=256 n=8 small=1 history_expected=0 history_calls=0 history_bytes=0 history_success=0 history_fail=0 x_calls=4 x_bytes=65536 x_success=4 x_fail=0 kb_calls=0 kb_bytes=0 kb_success=0 kb_fail=0 total=4 injected=0 history_level=-1 x_level=1 kb_level=-1 shape_bad=0 x_each_worker_once=1
CASE_PASS m=256 n=8 sve16_entries=0 expected=0 old_entries=0 packed_entries=0 packed_expected=0
ALLOC_PASS m=256 n=9 small=1 history_expected=0 history_calls=0 history_bytes=0 history_success=0 history_fail=0 x_calls=4 x_bytes=65536 x_success=4 x_fail=0 kb_calls=0 kb_bytes=0 kb_success=0 kb_fail=0 total=4 injected=0 history_level=-1 x_level=1 kb_level=-1 shape_bad=0 x_each_worker_once=1
CASE_PASS m=256 n=9 sve16_entries=0 expected=0 old_entries=0 packed_entries=0 packed_expected=0
ALLOC_PASS m=256 n=17 small=1 history_expected=0 history_calls=0 history_bytes=0 history_success=0 history_fail=0 x_calls=4 x_bytes=65536 x_success=4 x_fail=0 kb_calls=0 kb_bytes=0 kb_success=0 kb_fail=0 total=4 injected=0 history_level=-1 x_level=1 kb_level=-1 shape_bad=0 x_each_worker_once=1
CASE_PASS m=256 n=17 sve16_entries=0 expected=0 old_entries=0 packed_entries=0 packed_expected=0
ALLOC_PASS m=257 n=1 small=1 history_expected=0 history_calls=0 history_bytes=0 history_success=0 history_fail=0 x_calls=4 x_bytes=65792 x_success=4 x_fail=0 kb_calls=0 kb_bytes=0 kb_success=0 kb_fail=0 total=4 injected=0 history_level=-1 x_level=1 kb_level=-1 shape_bad=0 x_each_worker_once=1
CASE_PASS m=257 n=1 sve16_entries=0 expected=0 old_entries=0 packed_entries=0 packed_expected=0
ALLOC_PASS m=257 n=7 small=1 history_expected=0 history_calls=0 history_bytes=0 history_success=0 history_fail=0 x_calls=4 x_bytes=65792 x_success=4 x_fail=0 kb_calls=0 kb_bytes=0 kb_success=0 kb_fail=0 total=4 injected=0 history_level=-1 x_level=1 kb_level=-1 shape_bad=0 x_each_worker_once=1
CASE_PASS m=257 n=7 sve16_entries=0 expected=0 old_entries=0 packed_entries=0 packed_expected=0
ALLOC_PASS m=257 n=8 small=1 history_expected=0 history_calls=0 history_bytes=0 history_success=0 history_fail=0 x_calls=4 x_bytes=65792 x_success=4 x_fail=0 kb_calls=0 kb_bytes=0 kb_success=0 kb_fail=0 total=4 injected=0 history_level=-1 x_level=1 kb_level=-1 shape_bad=0 x_each_worker_once=1
CASE_PASS m=257 n=8 sve16_entries=0 expected=0 old_entries=0 packed_entries=0 packed_expected=0
ALLOC_PASS m=257 n=9 small=1 history_expected=0 history_calls=0 history_bytes=0 history_success=0 history_fail=0 x_calls=4 x_bytes=65792 x_success=4 x_fail=0 kb_calls=0 kb_bytes=0 kb_success=0 kb_fail=0 total=4 injected=0 history_level=-1 x_level=1 kb_level=-1 shape_bad=0 x_each_worker_once=1
CASE_PASS m=257 n=9 sve16_entries=0 expected=0 old_entries=0 packed_entries=0 packed_expected=0
ALLOC_PASS m=257 n=17 small=1 history_expected=0 history_calls=0 history_bytes=0 history_success=0 history_fail=0 x_calls=4 x_bytes=65792 x_success=4 x_fail=0 kb_calls=0 kb_bytes=0 kb_success=0 kb_fail=0 total=4 injected=0 history_level=-1 x_level=1 kb_level=-1 shape_bad=0 x_each_worker_once=1
CASE_PASS m=257 n=17 sve16_entries=0 expected=0 old_entries=0 packed_entries=0 packed_expected=0
ALLOCATION_SUMMARY_PASS cases=80 budget_cases=0 shared_injection_cases=0
PASS whole_cases=80 noop_cases=4 non_dyadic_long_double_RHS=1 padding_L_unchanged=1 max_error=1.1102230246251565e-16
SOURCE_FEATURES_PASS panel16=1 packedL16=1 has_budget=1 history_budget_bytes=4194304
MODE=full THREADS=4 NARROW_VL=0 EXPECT_SVE16=0 EXPECT_PACKEDL16=0
ALLOC_PASS m=1 n=1 small=1 history_expected=0 history_calls=0 history_bytes=0 history_success=0 history_fail=0 x_calls=4 x_bytes=256 x_success=0 x_fail=4 kb_calls=0 kb_bytes=0 kb_success=0 kb_fail=0 total=4 injected=4 history_level=-1 x_level=1 kb_level=-1 shape_bad=0 x_each_worker_once=1
CASE_PASS m=1 n=1 sve16_entries=0 expected=0 old_entries=0 packed_entries=0 packed_expected=0
ALLOC_PASS m=1 n=7 small=1 history_expected=0 history_calls=0 history_bytes=0 history_success=0 history_fail=0 x_calls=4 x_bytes=256 x_success=0 x_fail=4 kb_calls=0 kb_bytes=0 kb_success=0 kb_fail=0 total=4 injected=4 history_level=-1 x_level=1 kb_level=-1 shape_bad=0 x_each_worker_once=1
CASE_PASS m=1 n=7 sve16_entries=0 expected=0 old_entries=0 packed_entries=0 packed_expected=0
ALLOC_PASS m=1 n=8 small=1 history_expected=0 history_calls=0 history_bytes=0 history_success=0 history_fail=0 x_calls=4 x_bytes=256 x_success=0 x_fail=4 kb_calls=0 kb_bytes=0 kb_success=0 kb_fail=0 total=4 injected=4 history_level=-1 x_level=1 kb_level=-1 shape_bad=0 x_each_worker_once=1
CASE_PASS m=1 n=8 sve16_entries=0 expected=0 old_entries=0 packed_entries=0 packed_expected=0
ALLOC_PASS m=1 n=9 small=1 history_expected=0 history_calls=0 history_bytes=0 history_success=0 history_fail=0 x_calls=4 x_bytes=256 x_success=0 x_fail=4 kb_calls=0 kb_bytes=0 kb_success=0 kb_fail=0 total=4 injected=4 history_level=-1 x_level=1 kb_level=-1 shape_bad=0 x_each_worker_once=1
CASE_PASS m=1 n=9 sve16_entries=0 expected=0 old_entries=0 packed_entries=0 packed_expected=0
ALLOC_PASS m=1 n=17 small=1 history_expected=0 history_calls=0 history_bytes=0 history_success=0 history_fail=0 x_calls=4 x_bytes=256 x_success=0 x_fail=4 kb_calls=0 kb_bytes=0 kb_success=0 kb_fail=0 total=4 injected=4 history_level=-1 x_level=1 kb_level=-1 shape_bad=0 x_each_worker_once=1
CASE_PASS m=1 n=17 sve16_entries=0 expected=0 old_entries=0 packed_entries=0 packed_expected=0
ALLOC_PASS m=3 n=1 small=1 history_expected=0 history_calls=0 history_bytes=0 history_success=0 history_fail=0 x_calls=4 x_bytes=768 x_success=0 x_fail=4 kb_calls=0 kb_bytes=0 kb_success=0 kb_fail=0 total=4 injected=4 history_level=-1 x_level=1 kb_level=-1 shape_bad=0 x_each_worker_once=1
CASE_PASS m=3 n=1 sve16_entries=0 expected=0 old_entries=0 packed_entries=0 packed_expected=0
ALLOC_PASS m=3 n=7 small=1 history_expected=0 history_calls=0 history_bytes=0 history_success=0 history_fail=0 x_calls=4 x_bytes=768 x_success=0 x_fail=4 kb_calls=0 kb_bytes=0 kb_success=0 kb_fail=0 total=4 injected=4 history_level=-1 x_level=1 kb_level=-1 shape_bad=0 x_each_worker_once=1
CASE_PASS m=3 n=7 sve16_entries=0 expected=0 old_entries=0 packed_entries=0 packed_expected=0
ALLOC_PASS m=3 n=8 small=1 history_expected=0 history_calls=0 history_bytes=0 history_success=0 history_fail=0 x_calls=4 x_bytes=768 x_success=0 x_fail=4 kb_calls=0 kb_bytes=0 kb_success=0 kb_fail=0 total=4 injected=4 history_level=-1 x_level=1 kb_level=-1 shape_bad=0 x_each_worker_once=1
CASE_PASS m=3 n=8 sve16_entries=0 expected=0 old_entries=0 packed_entries=0 packed_expected=0
ALLOC_PASS m=3 n=9 small=1 history_expected=0 history_calls=0 history_bytes=0 history_success=0 history_fail=0 x_calls=4 x_bytes=768 x_success=0 x_fail=4 kb_calls=0 kb_bytes=0 kb_success=0 kb_fail=0 total=4 injected=4 history_level=-1 x_level=1 kb_level=-1 shape_bad=0 x_each_worker_once=1
CASE_PASS m=3 n=9 sve16_entries=0 expected=0 old_entries=0 packed_entries=0 packed_expected=0
ALLOC_PASS m=3 n=17 small=1 history_expected=0 history_calls=0 history_bytes=0 history_success=0 history_fail=0 x_calls=4 x_bytes=768 x_success=0 x_fail=4 kb_calls=0 kb_bytes=0 kb_success=0 kb_fail=0 total=4 injected=4 history_level=-1 x_level=1 kb_level=-1 shape_bad=0 x_each_worker_once=1
CASE_PASS m=3 n=17 sve16_entries=0 expected=0 old_entries=0 packed_entries=0 packed_expected=0
ALLOC_PASS m=4 n=1 small=1 history_expected=0 history_calls=0 history_bytes=0 history_success=0 history_fail=0 x_calls=4 x_bytes=1024 x_success=0 x_fail=4 kb_calls=0 kb_bytes=0 kb_success=0 kb_fail=0 total=4 injected=4 history_level=-1 x_level=1 kb_level=-1 shape_bad=0 x_each_worker_once=1
CASE_PASS m=4 n=1 sve16_entries=0 expected=0 old_entries=0 packed_entries=0 packed_expected=0
ALLOC_PASS m=4 n=7 small=1 history_expected=0 history_calls=0 history_bytes=0 history_success=0 history_fail=0 x_calls=4 x_bytes=1024 x_success=0 x_fail=4 kb_calls=0 kb_bytes=0 kb_success=0 kb_fail=0 total=4 injected=4 history_level=-1 x_level=1 kb_level=-1 shape_bad=0 x_each_worker_once=1
CASE_PASS m=4 n=7 sve16_entries=0 expected=0 old_entries=0 packed_entries=0 packed_expected=0
ALLOC_PASS m=4 n=8 small=1 history_expected=0 history_calls=0 history_bytes=0 history_success=0 history_fail=0 x_calls=4 x_bytes=1024 x_success=0 x_fail=4 kb_calls=0 kb_bytes=0 kb_success=0 kb_fail=0 total=4 injected=4 history_level=-1 x_level=1 kb_level=-1 shape_bad=0 x_each_worker_once=1
CASE_PASS m=4 n=8 sve16_entries=0 expected=0 old_entries=0 packed_entries=0 packed_expected=0
ALLOC_PASS m=4 n=9 small=1 history_expected=0 history_calls=0 history_bytes=0 history_success=0 history_fail=0 x_calls=4 x_bytes=1024 x_success=0 x_fail=4 kb_calls=0 kb_bytes=0 kb_success=0 kb_fail=0 total=4 injected=4 history_level=-1 x_level=1 kb_level=-1 shape_bad=0 x_each_worker_once=1
CASE_PASS m=4 n=9 sve16_entries=0 expected=0 old_entries=0 packed_entries=0 packed_expected=0
ALLOC_PASS m=4 n=17 small=1 history_expected=0 history_calls=0 history_bytes=0 history_success=0 history_fail=0 x_calls=4 x_bytes=1024 x_success=0 x_fail=4 kb_calls=0 kb_bytes=0 kb_success=0 kb_fail=0 total=4 injected=4 history_level=-1 x_level=1 kb_level=-1 shape_bad=0 x_each_worker_once=1
CASE_PASS m=4 n=17 sve16_entries=0 expected=0 old_entries=0 packed_entries=0 packed_expected=0
ALLOC_PASS m=5 n=1 small=1 history_expected=0 history_calls=0 history_bytes=0 history_success=0 history_fail=0 x_calls=4 x_bytes=1280 x_success=0 x_fail=4 kb_calls=0 kb_bytes=0 kb_success=0 kb_fail=0 total=4 injected=4 history_level=-1 x_level=1 kb_level=-1 shape_bad=0 x_each_worker_once=1
CASE_PASS m=5 n=1 sve16_entries=0 expected=0 old_entries=0 packed_entries=0 packed_expected=0
ALLOC_PASS m=5 n=7 small=1 history_expected=0 history_calls=0 history_bytes=0 history_success=0 history_fail=0 x_calls=4 x_bytes=1280 x_success=0 x_fail=4 kb_calls=0 kb_bytes=0 kb_success=0 kb_fail=0 total=4 injected=4 history_level=-1 x_level=1 kb_level=-1 shape_bad=0 x_each_worker_once=1
CASE_PASS m=5 n=7 sve16_entries=0 expected=0 old_entries=0 packed_entries=0 packed_expected=0
ALLOC_PASS m=5 n=8 small=1 history_expected=0 history_calls=0 history_bytes=0 history_success=0 history_fail=0 x_calls=4 x_bytes=1280 x_success=0 x_fail=4 kb_calls=0 kb_bytes=0 kb_success=0 kb_fail=0 total=4 injected=4 history_level=-1 x_level=1 kb_level=-1 shape_bad=0 x_each_worker_once=1
CASE_PASS m=5 n=8 sve16_entries=0 expected=0 old_entries=0 packed_entries=0 packed_expected=0
ALLOC_PASS m=5 n=9 small=1 history_expected=0 history_calls=0 history_bytes=0 history_success=0 history_fail=0 x_calls=4 x_bytes=1280 x_success=0 x_fail=4 kb_calls=0 kb_bytes=0 kb_success=0 kb_fail=0 total=4 injected=4 history_level=-1 x_level=1 kb_level=-1 shape_bad=0 x_each_worker_once=1
CASE_PASS m=5 n=9 sve16_entries=0 expected=0 old_entries=0 packed_entries=0 packed_expected=0
ALLOC_PASS m=5 n=17 small=1 history_expected=0 history_calls=0 history_bytes=0 history_success=0 history_fail=0 x_calls=4 x_bytes=1280 x_success=0 x_fail=4 kb_calls=0 kb_bytes=0 kb_success=0 kb_fail=0 total=4 injected=4 history_level=-1 x_level=1 kb_level=-1 shape_bad=0 x_each_worker_once=1
CASE_PASS m=5 n=17 sve16_entries=0 expected=0 old_entries=0 packed_entries=0 packed_expected=0
ALLOC_PASS m=15 n=1 small=1 history_expected=0 history_calls=0 history_bytes=0 history_success=0 history_fail=0 x_calls=4 x_bytes=3840 x_success=0 x_fail=4 kb_calls=0 kb_bytes=0 kb_success=0 kb_fail=0 total=4 injected=4 history_level=-1 x_level=1 kb_level=-1 shape_bad=0 x_each_worker_once=1
CASE_PASS m=15 n=1 sve16_entries=0 expected=0 old_entries=0 packed_entries=0 packed_expected=0
ALLOC_PASS m=15 n=7 small=1 history_expected=0 history_calls=0 history_bytes=0 history_success=0 history_fail=0 x_calls=4 x_bytes=3840 x_success=0 x_fail=4 kb_calls=0 kb_bytes=0 kb_success=0 kb_fail=0 total=4 injected=4 history_level=-1 x_level=1 kb_level=-1 shape_bad=0 x_each_worker_once=1
CASE_PASS m=15 n=7 sve16_entries=0 expected=0 old_entries=0 packed_entries=0 packed_expected=0
ALLOC_PASS m=15 n=8 small=1 history_expected=0 history_calls=0 history_bytes=0 history_success=0 history_fail=0 x_calls=4 x_bytes=3840 x_success=0 x_fail=4 kb_calls=0 kb_bytes=0 kb_success=0 kb_fail=0 total=4 injected=4 history_level=-1 x_level=1 kb_level=-1 shape_bad=0 x_each_worker_once=1
CASE_PASS m=15 n=8 sve16_entries=0 expected=0 old_entries=0 packed_entries=0 packed_expected=0
ALLOC_PASS m=15 n=9 small=1 history_expected=0 history_calls=0 history_bytes=0 history_success=0 history_fail=0 x_calls=4 x_bytes=3840 x_success=0 x_fail=4 kb_calls=0 kb_bytes=0 kb_success=0 kb_fail=0 total=4 injected=4 history_level=-1 x_level=1 kb_level=-1 shape_bad=0 x_each_worker_once=1
CASE_PASS m=15 n=9 sve16_entries=0 expected=0 old_entries=0 packed_entries=0 packed_expected=0
ALLOC_PASS m=15 n=17 small=1 history_expected=0 history_calls=0 history_bytes=0 history_success=0 history_fail=0 x_calls=4 x_bytes=3840 x_success=0 x_fail=4 kb_calls=0 kb_bytes=0 kb_success=0 kb_fail=0 total=4 injected=4 history_level=-1 x_level=1 kb_level=-1 shape_bad=0 x_each_worker_once=1
CASE_PASS m=15 n=17 sve16_entries=0 expected=0 old_entries=0 packed_entries=0 packed_expected=0
ALLOC_PASS m=16 n=1 small=1 history_expected=0 history_calls=0 history_bytes=0 history_success=0 history_fail=0 x_calls=4 x_bytes=4096 x_success=0 x_fail=4 kb_calls=0 kb_bytes=0 kb_success=0 kb_fail=0 total=4 injected=4 history_level=-1 x_level=1 kb_level=-1 shape_bad=0 x_each_worker_once=1
CASE_PASS m=16 n=1 sve16_entries=0 expected=0 old_entries=0 packed_entries=0 packed_expected=0
ALLOC_PASS m=16 n=7 small=1 history_expected=0 history_calls=0 history_bytes=0 history_success=0 history_fail=0 x_calls=4 x_bytes=4096 x_success=0 x_fail=4 kb_calls=0 kb_bytes=0 kb_success=0 kb_fail=0 total=4 injected=4 history_level=-1 x_level=1 kb_level=-1 shape_bad=0 x_each_worker_once=1
CASE_PASS m=16 n=7 sve16_entries=0 expected=0 old_entries=0 packed_entries=0 packed_expected=0
ALLOC_PASS m=16 n=8 small=1 history_expected=0 history_calls=0 history_bytes=0 history_success=0 history_fail=0 x_calls=4 x_bytes=4096 x_success=0 x_fail=4 kb_calls=0 kb_bytes=0 kb_success=0 kb_fail=0 total=4 injected=4 history_level=-1 x_level=1 kb_level=-1 shape_bad=0 x_each_worker_once=1
CASE_PASS m=16 n=8 sve16_entries=0 expected=0 old_entries=0 packed_entries=0 packed_expected=0
ALLOC_PASS m=16 n=9 small=1 history_expected=0 history_calls=0 history_bytes=0 history_success=0 history_fail=0 x_calls=4 x_bytes=4096 x_success=0 x_fail=4 kb_calls=0 kb_bytes=0 kb_success=0 kb_fail=0 total=4 injected=4 history_level=-1 x_level=1 kb_level=-1 shape_bad=0 x_each_worker_once=1
CASE_PASS m=16 n=9 sve16_entries=0 expected=0 old_entries=0 packed_entries=0 packed_expected=0
ALLOC_PASS m=16 n=17 small=1 history_expected=0 history_calls=0 history_bytes=0 history_success=0 history_fail=0 x_calls=4 x_bytes=4096 x_success=0 x_fail=4 kb_calls=0 kb_bytes=0 kb_success=0 kb_fail=0 total=4 injected=4 history_level=-1 x_level=1 kb_level=-1 shape_bad=0 x_each_worker_once=1
CASE_PASS m=16 n=17 sve16_entries=0 expected=0 old_entries=0 packed_entries=0 packed_expected=0
ALLOC_PASS m=17 n=1 small=1 history_expected=0 history_calls=0 history_bytes=0 history_success=0 history_fail=0 x_calls=4 x_bytes=4352 x_success=0 x_fail=4 kb_calls=0 kb_bytes=0 kb_success=0 kb_fail=0 total=4 injected=4 history_level=-1 x_level=1 kb_level=-1 shape_bad=0 x_each_worker_once=1
CASE_PASS m=17 n=1 sve16_entries=0 expected=0 old_entries=0 packed_entries=0 packed_expected=0
ALLOC_PASS m=17 n=7 small=1 history_expected=0 history_calls=0 history_bytes=0 history_success=0 history_fail=0 x_calls=4 x_bytes=4352 x_success=0 x_fail=4 kb_calls=0 kb_bytes=0 kb_success=0 kb_fail=0 total=4 injected=4 history_level=-1 x_level=1 kb_level=-1 shape_bad=0 x_each_worker_once=1
CASE_PASS m=17 n=7 sve16_entries=0 expected=0 old_entries=0 packed_entries=0 packed_expected=0
ALLOC_PASS m=17 n=8 small=1 history_expected=0 history_calls=0 history_bytes=0 history_success=0 history_fail=0 x_calls=4 x_bytes=4352 x_success=0 x_fail=4 kb_calls=0 kb_bytes=0 kb_success=0 kb_fail=0 total=4 injected=4 history_level=-1 x_level=1 kb_level=-1 shape_bad=0 x_each_worker_once=1
CASE_PASS m=17 n=8 sve16_entries=0 expected=0 old_entries=0 packed_entries=0 packed_expected=0
ALLOC_PASS m=17 n=9 small=1 history_expected=0 history_calls=0 history_bytes=0 history_success=0 history_fail=0 x_calls=4 x_bytes=4352 x_success=0 x_fail=4 kb_calls=0 kb_bytes=0 kb_success=0 kb_fail=0 total=4 injected=4 history_level=-1 x_level=1 kb_level=-1 shape_bad=0 x_each_worker_once=1
CASE_PASS m=17 n=9 sve16_entries=0 expected=0 old_entries=0 packed_entries=0 packed_expected=0
ALLOC_PASS m=17 n=17 small=1 history_expected=0 history_calls=0 history_bytes=0 history_success=0 history_fail=0 x_calls=4 x_bytes=4352 x_success=0 x_fail=4 kb_calls=0 kb_bytes=0 kb_success=0 kb_fail=0 total=4 injected=4 history_level=-1 x_level=1 kb_level=-1 shape_bad=0 x_each_worker_once=1
CASE_PASS m=17 n=17 sve16_entries=0 expected=0 old_entries=0 packed_entries=0 packed_expected=0
ALLOC_PASS m=31 n=1 small=1 history_expected=0 history_calls=0 history_bytes=0 history_success=0 history_fail=0 x_calls=4 x_bytes=7936 x_success=0 x_fail=4 kb_calls=0 kb_bytes=0 kb_success=0 kb_fail=0 total=4 injected=4 history_level=-1 x_level=1 kb_level=-1 shape_bad=0 x_each_worker_once=1
CASE_PASS m=31 n=1 sve16_entries=0 expected=0 old_entries=0 packed_entries=0 packed_expected=0
ALLOC_PASS m=31 n=7 small=1 history_expected=0 history_calls=0 history_bytes=0 history_success=0 history_fail=0 x_calls=4 x_bytes=7936 x_success=0 x_fail=4 kb_calls=0 kb_bytes=0 kb_success=0 kb_fail=0 total=4 injected=4 history_level=-1 x_level=1 kb_level=-1 shape_bad=0 x_each_worker_once=1
CASE_PASS m=31 n=7 sve16_entries=0 expected=0 old_entries=0 packed_entries=0 packed_expected=0
ALLOC_PASS m=31 n=8 small=1 history_expected=0 history_calls=0 history_bytes=0 history_success=0 history_fail=0 x_calls=4 x_bytes=7936 x_success=0 x_fail=4 kb_calls=0 kb_bytes=0 kb_success=0 kb_fail=0 total=4 injected=4 history_level=-1 x_level=1 kb_level=-1 shape_bad=0 x_each_worker_once=1
CASE_PASS m=31 n=8 sve16_entries=0 expected=0 old_entries=0 packed_entries=0 packed_expected=0
ALLOC_PASS m=31 n=9 small=1 history_expected=0 history_calls=0 history_bytes=0 history_success=0 history_fail=0 x_calls=4 x_bytes=7936 x_success=0 x_fail=4 kb_calls=0 kb_bytes=0 kb_success=0 kb_fail=0 total=4 injected=4 history_level=-1 x_level=1 kb_level=-1 shape_bad=0 x_each_worker_once=1
CASE_PASS m=31 n=9 sve16_entries=0 expected=0 old_entries=0 packed_entries=0 packed_expected=0
ALLOC_PASS m=31 n=17 small=1 history_expected=0 history_calls=0 history_bytes=0 history_success=0 history_fail=0 x_calls=4 x_bytes=7936 x_success=0 x_fail=4 kb_calls=0 kb_bytes=0 kb_success=0 kb_fail=0 total=4 injected=4 history_level=-1 x_level=1 kb_level=-1 shape_bad=0 x_each_worker_once=1
CASE_PASS m=31 n=17 sve16_entries=0 expected=0 old_entries=0 packed_entries=0 packed_expected=0
ALLOC_PASS m=32 n=1 small=1 history_expected=1 history_calls=1 history_bytes=2048 history_success=0 history_fail=1 x_calls=4 x_bytes=8192 x_success=0 x_fail=4 kb_calls=0 kb_bytes=0 kb_success=0 kb_fail=0 total=5 injected=5 history_level=0 x_level=1 kb_level=-1 shape_bad=0 x_each_worker_once=1
CASE_PASS m=32 n=1 sve16_entries=0 expected=0 old_entries=0 packed_entries=0 packed_expected=0
ALLOC_PASS m=32 n=7 small=1 history_expected=1 history_calls=1 history_bytes=2048 history_success=0 history_fail=1 x_calls=4 x_bytes=8192 x_success=0 x_fail=4 kb_calls=0 kb_bytes=0 kb_success=0 kb_fail=0 total=5 injected=5 history_level=0 x_level=1 kb_level=-1 shape_bad=0 x_each_worker_once=1
CASE_PASS m=32 n=7 sve16_entries=0 expected=0 old_entries=0 packed_entries=0 packed_expected=0
ALLOC_PASS m=32 n=8 small=1 history_expected=1 history_calls=1 history_bytes=2048 history_success=0 history_fail=1 x_calls=4 x_bytes=8192 x_success=0 x_fail=4 kb_calls=0 kb_bytes=0 kb_success=0 kb_fail=0 total=5 injected=5 history_level=0 x_level=1 kb_level=-1 shape_bad=0 x_each_worker_once=1
CASE_PASS m=32 n=8 sve16_entries=0 expected=0 old_entries=0 packed_entries=0 packed_expected=0
ALLOC_PASS m=32 n=9 small=1 history_expected=1 history_calls=1 history_bytes=2048 history_success=0 history_fail=1 x_calls=4 x_bytes=8192 x_success=0 x_fail=4 kb_calls=0 kb_bytes=0 kb_success=0 kb_fail=0 total=5 injected=5 history_level=0 x_level=1 kb_level=-1 shape_bad=0 x_each_worker_once=1
CASE_PASS m=32 n=9 sve16_entries=0 expected=0 old_entries=0 packed_entries=0 packed_expected=0
ALLOC_PASS m=32 n=17 small=1 history_expected=1 history_calls=1 history_bytes=2048 history_success=0 history_fail=1 x_calls=4 x_bytes=8192 x_success=0 x_fail=4 kb_calls=0 kb_bytes=0 kb_success=0 kb_fail=0 total=5 injected=5 history_level=0 x_level=1 kb_level=-1 shape_bad=0 x_each_worker_once=1
CASE_PASS m=32 n=17 sve16_entries=0 expected=0 old_entries=0 packed_entries=0 packed_expected=0
ALLOC_PASS m=33 n=1 small=1 history_expected=1 history_calls=1 history_bytes=2048 history_success=0 history_fail=1 x_calls=4 x_bytes=8448 x_success=0 x_fail=4 kb_calls=0 kb_bytes=0 kb_success=0 kb_fail=0 total=5 injected=5 history_level=0 x_level=1 kb_level=-1 shape_bad=0 x_each_worker_once=1
CASE_PASS m=33 n=1 sve16_entries=0 expected=0 old_entries=0 packed_entries=0 packed_expected=0
ALLOC_PASS m=33 n=7 small=1 history_expected=1 history_calls=1 history_bytes=2048 history_success=0 history_fail=1 x_calls=4 x_bytes=8448 x_success=0 x_fail=4 kb_calls=0 kb_bytes=0 kb_success=0 kb_fail=0 total=5 injected=5 history_level=0 x_level=1 kb_level=-1 shape_bad=0 x_each_worker_once=1
CASE_PASS m=33 n=7 sve16_entries=0 expected=0 old_entries=0 packed_entries=0 packed_expected=0
ALLOC_PASS m=33 n=8 small=1 history_expected=1 history_calls=1 history_bytes=2048 history_success=0 history_fail=1 x_calls=4 x_bytes=8448 x_success=0 x_fail=4 kb_calls=0 kb_bytes=0 kb_success=0 kb_fail=0 total=5 injected=5 history_level=0 x_level=1 kb_level=-1 shape_bad=0 x_each_worker_once=1
CASE_PASS m=33 n=8 sve16_entries=0 expected=0 old_entries=0 packed_entries=0 packed_expected=0
ALLOC_PASS m=33 n=9 small=1 history_expected=1 history_calls=1 history_bytes=2048 history_success=0 history_fail=1 x_calls=4 x_bytes=8448 x_success=0 x_fail=4 kb_calls=0 kb_bytes=0 kb_success=0 kb_fail=0 total=5 injected=5 history_level=0 x_level=1 kb_level=-1 shape_bad=0 x_each_worker_once=1
CASE_PASS m=33 n=9 sve16_entries=0 expected=0 old_entries=0 packed_entries=0 packed_expected=0
ALLOC_PASS m=33 n=17 small=1 history_expected=1 history_calls=1 history_bytes=2048 history_success=0 history_fail=1 x_calls=4 x_bytes=8448 x_success=0 x_fail=4 kb_calls=0 kb_bytes=0 kb_success=0 kb_fail=0 total=5 injected=5 history_level=0 x_level=1 kb_level=-1 shape_bad=0 x_each_worker_once=1
CASE_PASS m=33 n=17 sve16_entries=0 expected=0 old_entries=0 packed_entries=0 packed_expected=0
ALLOC_PASS m=63 n=1 small=1 history_expected=1 history_calls=1 history_bytes=6144 history_success=0 history_fail=1 x_calls=4 x_bytes=16128 x_success=0 x_fail=4 kb_calls=0 kb_bytes=0 kb_success=0 kb_fail=0 total=5 injected=5 history_level=0 x_level=1 kb_level=-1 shape_bad=0 x_each_worker_once=1
CASE_PASS m=63 n=1 sve16_entries=0 expected=0 old_entries=0 packed_entries=0 packed_expected=0
ALLOC_PASS m=63 n=7 small=1 history_expected=1 history_calls=1 history_bytes=6144 history_success=0 history_fail=1 x_calls=4 x_bytes=16128 x_success=0 x_fail=4 kb_calls=0 kb_bytes=0 kb_success=0 kb_fail=0 total=5 injected=5 history_level=0 x_level=1 kb_level=-1 shape_bad=0 x_each_worker_once=1
CASE_PASS m=63 n=7 sve16_entries=0 expected=0 old_entries=0 packed_entries=0 packed_expected=0
ALLOC_PASS m=63 n=8 small=1 history_expected=1 history_calls=1 history_bytes=6144 history_success=0 history_fail=1 x_calls=4 x_bytes=16128 x_success=0 x_fail=4 kb_calls=0 kb_bytes=0 kb_success=0 kb_fail=0 total=5 injected=5 history_level=0 x_level=1 kb_level=-1 shape_bad=0 x_each_worker_once=1
CASE_PASS m=63 n=8 sve16_entries=0 expected=0 old_entries=0 packed_entries=0 packed_expected=0
ALLOC_PASS m=63 n=9 small=1 history_expected=1 history_calls=1 history_bytes=6144 history_success=0 history_fail=1 x_calls=4 x_bytes=16128 x_success=0 x_fail=4 kb_calls=0 kb_bytes=0 kb_success=0 kb_fail=0 total=5 injected=5 history_level=0 x_level=1 kb_level=-1 shape_bad=0 x_each_worker_once=1
CASE_PASS m=63 n=9 sve16_entries=0 expected=0 old_entries=0 packed_entries=0 packed_expected=0
ALLOC_PASS m=63 n=17 small=1 history_expected=1 history_calls=1 history_bytes=6144 history_success=0 history_fail=1 x_calls=4 x_bytes=16128 x_success=0 x_fail=4 kb_calls=0 kb_bytes=0 kb_success=0 kb_fail=0 total=5 injected=5 history_level=0 x_level=1 kb_level=-1 shape_bad=0 x_each_worker_once=1
CASE_PASS m=63 n=17 sve16_entries=0 expected=0 old_entries=0 packed_entries=0 packed_expected=0
ALLOC_PASS m=64 n=1 small=1 history_expected=1 history_calls=1 history_bytes=12288 history_success=0 history_fail=1 x_calls=4 x_bytes=16384 x_success=0 x_fail=4 kb_calls=0 kb_bytes=0 kb_success=0 kb_fail=0 total=5 injected=5 history_level=0 x_level=1 kb_level=-1 shape_bad=0 x_each_worker_once=1
CASE_PASS m=64 n=1 sve16_entries=0 expected=0 old_entries=0 packed_entries=0 packed_expected=0
ALLOC_PASS m=64 n=7 small=1 history_expected=1 history_calls=1 history_bytes=12288 history_success=0 history_fail=1 x_calls=4 x_bytes=16384 x_success=0 x_fail=4 kb_calls=0 kb_bytes=0 kb_success=0 kb_fail=0 total=5 injected=5 history_level=0 x_level=1 kb_level=-1 shape_bad=0 x_each_worker_once=1
CASE_PASS m=64 n=7 sve16_entries=0 expected=0 old_entries=0 packed_entries=0 packed_expected=0
ALLOC_PASS m=64 n=8 small=1 history_expected=1 history_calls=1 history_bytes=12288 history_success=0 history_fail=1 x_calls=4 x_bytes=16384 x_success=0 x_fail=4 kb_calls=0 kb_bytes=0 kb_success=0 kb_fail=0 total=5 injected=5 history_level=0 x_level=1 kb_level=-1 shape_bad=0 x_each_worker_once=1
CASE_PASS m=64 n=8 sve16_entries=0 expected=0 old_entries=0 packed_entries=0 packed_expected=0
ALLOC_PASS m=64 n=9 small=1 history_expected=1 history_calls=1 history_bytes=12288 history_success=0 history_fail=1 x_calls=4 x_bytes=16384 x_success=0 x_fail=4 kb_calls=0 kb_bytes=0 kb_success=0 kb_fail=0 total=5 injected=5 history_level=0 x_level=1 kb_level=-1 shape_bad=0 x_each_worker_once=1
CASE_PASS m=64 n=9 sve16_entries=0 expected=0 old_entries=0 packed_entries=0 packed_expected=0
ALLOC_PASS m=64 n=17 small=1 history_expected=1 history_calls=1 history_bytes=12288 history_success=0 history_fail=1 x_calls=4 x_bytes=16384 x_success=0 x_fail=4 kb_calls=0 kb_bytes=0 kb_success=0 kb_fail=0 total=5 injected=5 history_level=0 x_level=1 kb_level=-1 shape_bad=0 x_each_worker_once=1
CASE_PASS m=64 n=17 sve16_entries=0 expected=0 old_entries=0 packed_entries=0 packed_expected=0
ALLOC_PASS m=65 n=1 small=1 history_expected=1 history_calls=1 history_bytes=12288 history_success=0 history_fail=1 x_calls=4 x_bytes=16640 x_success=0 x_fail=4 kb_calls=0 kb_bytes=0 kb_success=0 kb_fail=0 total=5 injected=5 history_level=0 x_level=1 kb_level=-1 shape_bad=0 x_each_worker_once=1
CASE_PASS m=65 n=1 sve16_entries=0 expected=0 old_entries=0 packed_entries=0 packed_expected=0
ALLOC_PASS m=65 n=7 small=1 history_expected=1 history_calls=1 history_bytes=12288 history_success=0 history_fail=1 x_calls=4 x_bytes=16640 x_success=0 x_fail=4 kb_calls=0 kb_bytes=0 kb_success=0 kb_fail=0 total=5 injected=5 history_level=0 x_level=1 kb_level=-1 shape_bad=0 x_each_worker_once=1
CASE_PASS m=65 n=7 sve16_entries=0 expected=0 old_entries=0 packed_entries=0 packed_expected=0
ALLOC_PASS m=65 n=8 small=1 history_expected=1 history_calls=1 history_bytes=12288 history_success=0 history_fail=1 x_calls=4 x_bytes=16640 x_success=0 x_fail=4 kb_calls=0 kb_bytes=0 kb_success=0 kb_fail=0 total=5 injected=5 history_level=0 x_level=1 kb_level=-1 shape_bad=0 x_each_worker_once=1
CASE_PASS m=65 n=8 sve16_entries=0 expected=0 old_entries=0 packed_entries=0 packed_expected=0
ALLOC_PASS m=65 n=9 small=1 history_expected=1 history_calls=1 history_bytes=12288 history_success=0 history_fail=1 x_calls=4 x_bytes=16640 x_success=0 x_fail=4 kb_calls=0 kb_bytes=0 kb_success=0 kb_fail=0 total=5 injected=5 history_level=0 x_level=1 kb_level=-1 shape_bad=0 x_each_worker_once=1
CASE_PASS m=65 n=9 sve16_entries=0 expected=0 old_entries=0 packed_entries=0 packed_expected=0
ALLOC_PASS m=65 n=17 small=1 history_expected=1 history_calls=1 history_bytes=12288 history_success=0 history_fail=1 x_calls=4 x_bytes=16640 x_success=0 x_fail=4 kb_calls=0 kb_bytes=0 kb_success=0 kb_fail=0 total=5 injected=5 history_level=0 x_level=1 kb_level=-1 shape_bad=0 x_each_worker_once=1
CASE_PASS m=65 n=17 sve16_entries=0 expected=0 old_entries=0 packed_entries=0 packed_expected=0
ALLOC_PASS m=255 n=1 small=1 history_expected=1 history_calls=1 history_bytes=215040 history_success=0 history_fail=1 x_calls=4 x_bytes=65280 x_success=0 x_fail=4 kb_calls=0 kb_bytes=0 kb_success=0 kb_fail=0 total=5 injected=5 history_level=0 x_level=1 kb_level=-1 shape_bad=0 x_each_worker_once=1
CASE_PASS m=255 n=1 sve16_entries=0 expected=0 old_entries=0 packed_entries=0 packed_expected=0
ALLOC_PASS m=255 n=7 small=1 history_expected=1 history_calls=1 history_bytes=215040 history_success=0 history_fail=1 x_calls=4 x_bytes=65280 x_success=0 x_fail=4 kb_calls=0 kb_bytes=0 kb_success=0 kb_fail=0 total=5 injected=5 history_level=0 x_level=1 kb_level=-1 shape_bad=0 x_each_worker_once=1
CASE_PASS m=255 n=7 sve16_entries=0 expected=0 old_entries=0 packed_entries=0 packed_expected=0
ALLOC_PASS m=255 n=8 small=1 history_expected=1 history_calls=1 history_bytes=215040 history_success=0 history_fail=1 x_calls=4 x_bytes=65280 x_success=0 x_fail=4 kb_calls=0 kb_bytes=0 kb_success=0 kb_fail=0 total=5 injected=5 history_level=0 x_level=1 kb_level=-1 shape_bad=0 x_each_worker_once=1
CASE_PASS m=255 n=8 sve16_entries=0 expected=0 old_entries=0 packed_entries=0 packed_expected=0
ALLOC_PASS m=255 n=9 small=1 history_expected=1 history_calls=1 history_bytes=215040 history_success=0 history_fail=1 x_calls=4 x_bytes=65280 x_success=0 x_fail=4 kb_calls=0 kb_bytes=0 kb_success=0 kb_fail=0 total=5 injected=5 history_level=0 x_level=1 kb_level=-1 shape_bad=0 x_each_worker_once=1
CASE_PASS m=255 n=9 sve16_entries=0 expected=0 old_entries=0 packed_entries=0 packed_expected=0
ALLOC_PASS m=255 n=17 small=1 history_expected=1 history_calls=1 history_bytes=215040 history_success=0 history_fail=1 x_calls=4 x_bytes=65280 x_success=0 x_fail=4 kb_calls=0 kb_bytes=0 kb_success=0 kb_fail=0 total=5 injected=5 history_level=0 x_level=1 kb_level=-1 shape_bad=0 x_each_worker_once=1
CASE_PASS m=255 n=17 sve16_entries=0 expected=0 old_entries=0 packed_entries=0 packed_expected=0
ALLOC_PASS m=256 n=1 small=1 history_expected=1 history_calls=1 history_bytes=245760 history_success=0 history_fail=1 x_calls=4 x_bytes=65536 x_success=0 x_fail=4 kb_calls=0 kb_bytes=0 kb_success=0 kb_fail=0 total=5 injected=5 history_level=0 x_level=1 kb_level=-1 shape_bad=0 x_each_worker_once=1
CASE_PASS m=256 n=1 sve16_entries=0 expected=0 old_entries=0 packed_entries=0 packed_expected=0
ALLOC_PASS m=256 n=7 small=1 history_expected=1 history_calls=1 history_bytes=245760 history_success=0 history_fail=1 x_calls=4 x_bytes=65536 x_success=0 x_fail=4 kb_calls=0 kb_bytes=0 kb_success=0 kb_fail=0 total=5 injected=5 history_level=0 x_level=1 kb_level=-1 shape_bad=0 x_each_worker_once=1
CASE_PASS m=256 n=7 sve16_entries=0 expected=0 old_entries=0 packed_entries=0 packed_expected=0
ALLOC_PASS m=256 n=8 small=1 history_expected=1 history_calls=1 history_bytes=245760 history_success=0 history_fail=1 x_calls=4 x_bytes=65536 x_success=0 x_fail=4 kb_calls=0 kb_bytes=0 kb_success=0 kb_fail=0 total=5 injected=5 history_level=0 x_level=1 kb_level=-1 shape_bad=0 x_each_worker_once=1
CASE_PASS m=256 n=8 sve16_entries=0 expected=0 old_entries=0 packed_entries=0 packed_expected=0
ALLOC_PASS m=256 n=9 small=1 history_expected=1 history_calls=1 history_bytes=245760 history_success=0 history_fail=1 x_calls=4 x_bytes=65536 x_success=0 x_fail=4 kb_calls=0 kb_bytes=0 kb_success=0 kb_fail=0 total=5 injected=5 history_level=0 x_level=1 kb_level=-1 shape_bad=0 x_each_worker_once=1
CASE_PASS m=256 n=9 sve16_entries=0 expected=0 old_entries=0 packed_entries=0 packed_expected=0
ALLOC_PASS m=256 n=17 small=1 history_expected=1 history_calls=1 history_bytes=245760 history_success=0 history_fail=1 x_calls=4 x_bytes=65536 x_success=0 x_fail=4 kb_calls=0 kb_bytes=0 kb_success=0 kb_fail=0 total=5 injected=5 history_level=0 x_level=1 kb_level=-1 shape_bad=0 x_each_worker_once=1
CASE_PASS m=256 n=17 sve16_entries=0 expected=0 old_entries=0 packed_entries=0 packed_expected=0
ALLOC_PASS m=257 n=1 small=1 history_expected=1 history_calls=1 history_bytes=245760 history_success=0 history_fail=1 x_calls=4 x_bytes=65792 x_success=0 x_fail=4 kb_calls=0 kb_bytes=0 kb_success=0 kb_fail=0 total=5 injected=5 history_level=0 x_level=1 kb_level=-1 shape_bad=0 x_each_worker_once=1
CASE_PASS m=257 n=1 sve16_entries=0 expected=0 old_entries=0 packed_entries=0 packed_expected=0
ALLOC_PASS m=257 n=7 small=1 history_expected=1 history_calls=1 history_bytes=245760 history_success=0 history_fail=1 x_calls=4 x_bytes=65792 x_success=0 x_fail=4 kb_calls=0 kb_bytes=0 kb_success=0 kb_fail=0 total=5 injected=5 history_level=0 x_level=1 kb_level=-1 shape_bad=0 x_each_worker_once=1
CASE_PASS m=257 n=7 sve16_entries=0 expected=0 old_entries=0 packed_entries=0 packed_expected=0
ALLOC_PASS m=257 n=8 small=1 history_expected=1 history_calls=1 history_bytes=245760 history_success=0 history_fail=1 x_calls=4 x_bytes=65792 x_success=0 x_fail=4 kb_calls=0 kb_bytes=0 kb_success=0 kb_fail=0 total=5 injected=5 history_level=0 x_level=1 kb_level=-1 shape_bad=0 x_each_worker_once=1
CASE_PASS m=257 n=8 sve16_entries=0 expected=0 old_entries=0 packed_entries=0 packed_expected=0
ALLOC_PASS m=257 n=9 small=1 history_expected=1 history_calls=1 history_bytes=245760 history_success=0 history_fail=1 x_calls=4 x_bytes=65792 x_success=0 x_fail=4 kb_calls=0 kb_bytes=0 kb_success=0 kb_fail=0 total=5 injected=5 history_level=0 x_level=1 kb_level=-1 shape_bad=0 x_each_worker_once=1
CASE_PASS m=257 n=9 sve16_entries=0 expected=0 old_entries=0 packed_entries=0 packed_expected=0
ALLOC_PASS m=257 n=17 small=1 history_expected=1 history_calls=1 history_bytes=245760 history_success=0 history_fail=1 x_calls=4 x_bytes=65792 x_success=0 x_fail=4 kb_calls=0 kb_bytes=0 kb_success=0 kb_fail=0 total=5 injected=5 history_level=0 x_level=1 kb_level=-1 shape_bad=0 x_each_worker_once=1
CASE_PASS m=257 n=17 sve16_entries=0 expected=0 old_entries=0 packed_entries=0 packed_expected=0
ALLOCATION_SUMMARY_PASS cases=80 budget_cases=0 shared_injection_cases=0
PASS whole_cases=80 noop_cases=4 non_dyadic_long_double_RHS=1 padding_L_unchanged=1 max_error=1.1102230246251565e-16
SOURCE_FEATURES_PASS panel16=1 packedL16=1 has_budget=1 history_budget_bytes=4194304
MODE=full THREADS=4 NARROW_VL=1 EXPECT_SVE16=0 EXPECT_PACKEDL16=0
ALLOC_PASS m=1 n=1 small=1 history_expected=0 history_calls=0 history_bytes=0 history_success=0 history_fail=0 x_calls=4 x_bytes=256 x_success=4 x_fail=0 kb_calls=0 kb_bytes=0 kb_success=0 kb_fail=0 total=4 injected=0 history_level=-1 x_level=1 kb_level=-1 shape_bad=0 x_each_worker_once=1
CASE_PASS m=1 n=1 sve16_entries=0 expected=0 old_entries=0 packed_entries=0 packed_expected=0
ALLOC_PASS m=1 n=7 small=1 history_expected=0 history_calls=0 history_bytes=0 history_success=0 history_fail=0 x_calls=4 x_bytes=256 x_success=4 x_fail=0 kb_calls=0 kb_bytes=0 kb_success=0 kb_fail=0 total=4 injected=0 history_level=-1 x_level=1 kb_level=-1 shape_bad=0 x_each_worker_once=1
CASE_PASS m=1 n=7 sve16_entries=0 expected=0 old_entries=0 packed_entries=0 packed_expected=0
ALLOC_PASS m=1 n=8 small=1 history_expected=0 history_calls=0 history_bytes=0 history_success=0 history_fail=0 x_calls=4 x_bytes=256 x_success=4 x_fail=0 kb_calls=0 kb_bytes=0 kb_success=0 kb_fail=0 total=4 injected=0 history_level=-1 x_level=1 kb_level=-1 shape_bad=0 x_each_worker_once=1
CASE_PASS m=1 n=8 sve16_entries=0 expected=0 old_entries=0 packed_entries=0 packed_expected=0
ALLOC_PASS m=1 n=9 small=1 history_expected=0 history_calls=0 history_bytes=0 history_success=0 history_fail=0 x_calls=4 x_bytes=256 x_success=4 x_fail=0 kb_calls=0 kb_bytes=0 kb_success=0 kb_fail=0 total=4 injected=0 history_level=-1 x_level=1 kb_level=-1 shape_bad=0 x_each_worker_once=1
CASE_PASS m=1 n=9 sve16_entries=0 expected=0 old_entries=0 packed_entries=0 packed_expected=0
ALLOC_PASS m=1 n=17 small=1 history_expected=0 history_calls=0 history_bytes=0 history_success=0 history_fail=0 x_calls=4 x_bytes=256 x_success=4 x_fail=0 kb_calls=0 kb_bytes=0 kb_success=0 kb_fail=0 total=4 injected=0 history_level=-1 x_level=1 kb_level=-1 shape_bad=0 x_each_worker_once=1
CASE_PASS m=1 n=17 sve16_entries=0 expected=0 old_entries=0 packed_entries=0 packed_expected=0
ALLOC_PASS m=3 n=1 small=1 history_expected=0 history_calls=0 history_bytes=0 history_success=0 history_fail=0 x_calls=4 x_bytes=768 x_success=4 x_fail=0 kb_calls=0 kb_bytes=0 kb_success=0 kb_fail=0 total=4 injected=0 history_level=-1 x_level=1 kb_level=-1 shape_bad=0 x_each_worker_once=1
CASE_PASS m=3 n=1 sve16_entries=0 expected=0 old_entries=0 packed_entries=0 packed_expected=0
ALLOC_PASS m=3 n=7 small=1 history_expected=0 history_calls=0 history_bytes=0 history_success=0 history_fail=0 x_calls=4 x_bytes=768 x_success=4 x_fail=0 kb_calls=0 kb_bytes=0 kb_success=0 kb_fail=0 total=4 injected=0 history_level=-1 x_level=1 kb_level=-1 shape_bad=0 x_each_worker_once=1
CASE_PASS m=3 n=7 sve16_entries=0 expected=0 old_entries=0 packed_entries=0 packed_expected=0
ALLOC_PASS m=3 n=8 small=1 history_expected=0 history_calls=0 history_bytes=0 history_success=0 history_fail=0 x_calls=4 x_bytes=768 x_success=4 x_fail=0 kb_calls=0 kb_bytes=0 kb_success=0 kb_fail=0 total=4 injected=0 history_level=-1 x_level=1 kb_level=-1 shape_bad=0 x_each_worker_once=1
CASE_PASS m=3 n=8 sve16_entries=0 expected=0 old_entries=0 packed_entries=0 packed_expected=0
ALLOC_PASS m=3 n=9 small=1 history_expected=0 history_calls=0 history_bytes=0 history_success=0 history_fail=0 x_calls=4 x_bytes=768 x_success=4 x_fail=0 kb_calls=0 kb_bytes=0 kb_success=0 kb_fail=0 total=4 injected=0 history_level=-1 x_level=1 kb_level=-1 shape_bad=0 x_each_worker_once=1
CASE_PASS m=3 n=9 sve16_entries=0 expected=0 old_entries=0 packed_entries=0 packed_expected=0
ALLOC_PASS m=3 n=17 small=1 history_expected=0 history_calls=0 history_bytes=0 history_success=0 history_fail=0 x_calls=4 x_bytes=768 x_success=4 x_fail=0 kb_calls=0 kb_bytes=0 kb_success=0 kb_fail=0 total=4 injected=0 history_level=-1 x_level=1 kb_level=-1 shape_bad=0 x_each_worker_once=1
CASE_PASS m=3 n=17 sve16_entries=0 expected=0 old_entries=0 packed_entries=0 packed_expected=0
ALLOC_PASS m=4 n=1 small=1 history_expected=0 history_calls=0 history_bytes=0 history_success=0 history_fail=0 x_calls=4 x_bytes=1024 x_success=4 x_fail=0 kb_calls=0 kb_bytes=0 kb_success=0 kb_fail=0 total=4 injected=0 history_level=-1 x_level=1 kb_level=-1 shape_bad=0 x_each_worker_once=1
CASE_PASS m=4 n=1 sve16_entries=0 expected=0 old_entries=0 packed_entries=0 packed_expected=0
ALLOC_PASS m=4 n=7 small=1 history_expected=0 history_calls=0 history_bytes=0 history_success=0 history_fail=0 x_calls=4 x_bytes=1024 x_success=4 x_fail=0 kb_calls=0 kb_bytes=0 kb_success=0 kb_fail=0 total=4 injected=0 history_level=-1 x_level=1 kb_level=-1 shape_bad=0 x_each_worker_once=1
CASE_PASS m=4 n=7 sve16_entries=0 expected=0 old_entries=0 packed_entries=0 packed_expected=0
ALLOC_PASS m=4 n=8 small=1 history_expected=0 history_calls=0 history_bytes=0 history_success=0 history_fail=0 x_calls=4 x_bytes=1024 x_success=4 x_fail=0 kb_calls=0 kb_bytes=0 kb_success=0 kb_fail=0 total=4 injected=0 history_level=-1 x_level=1 kb_level=-1 shape_bad=0 x_each_worker_once=1
CASE_PASS m=4 n=8 sve16_entries=0 expected=0 old_entries=0 packed_entries=0 packed_expected=0
ALLOC_PASS m=4 n=9 small=1 history_expected=0 history_calls=0 history_bytes=0 history_success=0 history_fail=0 x_calls=4 x_bytes=1024 x_success=4 x_fail=0 kb_calls=0 kb_bytes=0 kb_success=0 kb_fail=0 total=4 injected=0 history_level=-1 x_level=1 kb_level=-1 shape_bad=0 x_each_worker_once=1
CASE_PASS m=4 n=9 sve16_entries=0 expected=0 old_entries=0 packed_entries=0 packed_expected=0
ALLOC_PASS m=4 n=17 small=1 history_expected=0 history_calls=0 history_bytes=0 history_success=0 history_fail=0 x_calls=4 x_bytes=1024 x_success=4 x_fail=0 kb_calls=0 kb_bytes=0 kb_success=0 kb_fail=0 total=4 injected=0 history_level=-1 x_level=1 kb_level=-1 shape_bad=0 x_each_worker_once=1
CASE_PASS m=4 n=17 sve16_entries=0 expected=0 old_entries=0 packed_entries=0 packed_expected=0
ALLOC_PASS m=5 n=1 small=1 history_expected=0 history_calls=0 history_bytes=0 history_success=0 history_fail=0 x_calls=4 x_bytes=1280 x_success=4 x_fail=0 kb_calls=0 kb_bytes=0 kb_success=0 kb_fail=0 total=4 injected=0 history_level=-1 x_level=1 kb_level=-1 shape_bad=0 x_each_worker_once=1
CASE_PASS m=5 n=1 sve16_entries=0 expected=0 old_entries=0 packed_entries=0 packed_expected=0
ALLOC_PASS m=5 n=7 small=1 history_expected=0 history_calls=0 history_bytes=0 history_success=0 history_fail=0 x_calls=4 x_bytes=1280 x_success=4 x_fail=0 kb_calls=0 kb_bytes=0 kb_success=0 kb_fail=0 total=4 injected=0 history_level=-1 x_level=1 kb_level=-1 shape_bad=0 x_each_worker_once=1
CASE_PASS m=5 n=7 sve16_entries=0 expected=0 old_entries=0 packed_entries=0 packed_expected=0
ALLOC_PASS m=5 n=8 small=1 history_expected=0 history_calls=0 history_bytes=0 history_success=0 history_fail=0 x_calls=4 x_bytes=1280 x_success=4 x_fail=0 kb_calls=0 kb_bytes=0 kb_success=0 kb_fail=0 total=4 injected=0 history_level=-1 x_level=1 kb_level=-1 shape_bad=0 x_each_worker_once=1
CASE_PASS m=5 n=8 sve16_entries=0 expected=0 old_entries=0 packed_entries=0 packed_expected=0
ALLOC_PASS m=5 n=9 small=1 history_expected=0 history_calls=0 history_bytes=0 history_success=0 history_fail=0 x_calls=4 x_bytes=1280 x_success=4 x_fail=0 kb_calls=0 kb_bytes=0 kb_success=0 kb_fail=0 total=4 injected=0 history_level=-1 x_level=1 kb_level=-1 shape_bad=0 x_each_worker_once=1
CASE_PASS m=5 n=9 sve16_entries=0 expected=0 old_entries=0 packed_entries=0 packed_expected=0
ALLOC_PASS m=5 n=17 small=1 history_expected=0 history_calls=0 history_bytes=0 history_success=0 history_fail=0 x_calls=4 x_bytes=1280 x_success=4 x_fail=0 kb_calls=0 kb_bytes=0 kb_success=0 kb_fail=0 total=4 injected=0 history_level=-1 x_level=1 kb_level=-1 shape_bad=0 x_each_worker_once=1
CASE_PASS m=5 n=17 sve16_entries=0 expected=0 old_entries=0 packed_entries=0 packed_expected=0
ALLOC_PASS m=15 n=1 small=1 history_expected=0 history_calls=0 history_bytes=0 history_success=0 history_fail=0 x_calls=4 x_bytes=3840 x_success=4 x_fail=0 kb_calls=0 kb_bytes=0 kb_success=0 kb_fail=0 total=4 injected=0 history_level=-1 x_level=1 kb_level=-1 shape_bad=0 x_each_worker_once=1
CASE_PASS m=15 n=1 sve16_entries=0 expected=0 old_entries=0 packed_entries=0 packed_expected=0
ALLOC_PASS m=15 n=7 small=1 history_expected=0 history_calls=0 history_bytes=0 history_success=0 history_fail=0 x_calls=4 x_bytes=3840 x_success=4 x_fail=0 kb_calls=0 kb_bytes=0 kb_success=0 kb_fail=0 total=4 injected=0 history_level=-1 x_level=1 kb_level=-1 shape_bad=0 x_each_worker_once=1
CASE_PASS m=15 n=7 sve16_entries=0 expected=0 old_entries=0 packed_entries=0 packed_expected=0
ALLOC_PASS m=15 n=8 small=1 history_expected=0 history_calls=0 history_bytes=0 history_success=0 history_fail=0 x_calls=4 x_bytes=3840 x_success=4 x_fail=0 kb_calls=0 kb_bytes=0 kb_success=0 kb_fail=0 total=4 injected=0 history_level=-1 x_level=1 kb_level=-1 shape_bad=0 x_each_worker_once=1
CASE_PASS m=15 n=8 sve16_entries=0 expected=0 old_entries=0 packed_entries=0 packed_expected=0
ALLOC_PASS m=15 n=9 small=1 history_expected=0 history_calls=0 history_bytes=0 history_success=0 history_fail=0 x_calls=4 x_bytes=3840 x_success=4 x_fail=0 kb_calls=0 kb_bytes=0 kb_success=0 kb_fail=0 total=4 injected=0 history_level=-1 x_level=1 kb_level=-1 shape_bad=0 x_each_worker_once=1
CASE_PASS m=15 n=9 sve16_entries=0 expected=0 old_entries=0 packed_entries=0 packed_expected=0
ALLOC_PASS m=15 n=17 small=1 history_expected=0 history_calls=0 history_bytes=0 history_success=0 history_fail=0 x_calls=4 x_bytes=3840 x_success=4 x_fail=0 kb_calls=0 kb_bytes=0 kb_success=0 kb_fail=0 total=4 injected=0 history_level=-1 x_level=1 kb_level=-1 shape_bad=0 x_each_worker_once=1
CASE_PASS m=15 n=17 sve16_entries=0 expected=0 old_entries=0 packed_entries=0 packed_expected=0
ALLOC_PASS m=16 n=1 small=1 history_expected=0 history_calls=0 history_bytes=0 history_success=0 history_fail=0 x_calls=4 x_bytes=4096 x_success=4 x_fail=0 kb_calls=0 kb_bytes=0 kb_success=0 kb_fail=0 total=4 injected=0 history_level=-1 x_level=1 kb_level=-1 shape_bad=0 x_each_worker_once=1
CASE_PASS m=16 n=1 sve16_entries=0 expected=0 old_entries=0 packed_entries=0 packed_expected=0
ALLOC_PASS m=16 n=7 small=1 history_expected=0 history_calls=0 history_bytes=0 history_success=0 history_fail=0 x_calls=4 x_bytes=4096 x_success=4 x_fail=0 kb_calls=0 kb_bytes=0 kb_success=0 kb_fail=0 total=4 injected=0 history_level=-1 x_level=1 kb_level=-1 shape_bad=0 x_each_worker_once=1
CASE_PASS m=16 n=7 sve16_entries=0 expected=0 old_entries=0 packed_entries=0 packed_expected=0
ALLOC_PASS m=16 n=8 small=1 history_expected=0 history_calls=0 history_bytes=0 history_success=0 history_fail=0 x_calls=4 x_bytes=4096 x_success=4 x_fail=0 kb_calls=0 kb_bytes=0 kb_success=0 kb_fail=0 total=4 injected=0 history_level=-1 x_level=1 kb_level=-1 shape_bad=0 x_each_worker_once=1
CASE_PASS m=16 n=8 sve16_entries=0 expected=0 old_entries=0 packed_entries=0 packed_expected=0
ALLOC_PASS m=16 n=9 small=1 history_expected=0 history_calls=0 history_bytes=0 history_success=0 history_fail=0 x_calls=4 x_bytes=4096 x_success=4 x_fail=0 kb_calls=0 kb_bytes=0 kb_success=0 kb_fail=0 total=4 injected=0 history_level=-1 x_level=1 kb_level=-1 shape_bad=0 x_each_worker_once=1
CASE_PASS m=16 n=9 sve16_entries=0 expected=0 old_entries=0 packed_entries=0 packed_expected=0
ALLOC_PASS m=16 n=17 small=1 history_expected=0 history_calls=0 history_bytes=0 history_success=0 history_fail=0 x_calls=4 x_bytes=4096 x_success=4 x_fail=0 kb_calls=0 kb_bytes=0 kb_success=0 kb_fail=0 total=4 injected=0 history_level=-1 x_level=1 kb_level=-1 shape_bad=0 x_each_worker_once=1
CASE_PASS m=16 n=17 sve16_entries=0 expected=0 old_entries=0 packed_entries=0 packed_expected=0
ALLOC_PASS m=17 n=1 small=1 history_expected=0 history_calls=0 history_bytes=0 history_success=0 history_fail=0 x_calls=4 x_bytes=4352 x_success=4 x_fail=0 kb_calls=0 kb_bytes=0 kb_success=0 kb_fail=0 total=4 injected=0 history_level=-1 x_level=1 kb_level=-1 shape_bad=0 x_each_worker_once=1
CASE_PASS m=17 n=1 sve16_entries=0 expected=0 old_entries=0 packed_entries=0 packed_expected=0
ALLOC_PASS m=17 n=7 small=1 history_expected=0 history_calls=0 history_bytes=0 history_success=0 history_fail=0 x_calls=4 x_bytes=4352 x_success=4 x_fail=0 kb_calls=0 kb_bytes=0 kb_success=0 kb_fail=0 total=4 injected=0 history_level=-1 x_level=1 kb_level=-1 shape_bad=0 x_each_worker_once=1
CASE_PASS m=17 n=7 sve16_entries=0 expected=0 old_entries=0 packed_entries=0 packed_expected=0
ALLOC_PASS m=17 n=8 small=1 history_expected=0 history_calls=0 history_bytes=0 history_success=0 history_fail=0 x_calls=4 x_bytes=4352 x_success=4 x_fail=0 kb_calls=0 kb_bytes=0 kb_success=0 kb_fail=0 total=4 injected=0 history_level=-1 x_level=1 kb_level=-1 shape_bad=0 x_each_worker_once=1
CASE_PASS m=17 n=8 sve16_entries=0 expected=0 old_entries=0 packed_entries=0 packed_expected=0
ALLOC_PASS m=17 n=9 small=1 history_expected=0 history_calls=0 history_bytes=0 history_success=0 history_fail=0 x_calls=4 x_bytes=4352 x_success=4 x_fail=0 kb_calls=0 kb_bytes=0 kb_success=0 kb_fail=0 total=4 injected=0 history_level=-1 x_level=1 kb_level=-1 shape_bad=0 x_each_worker_once=1
CASE_PASS m=17 n=9 sve16_entries=0 expected=0 old_entries=0 packed_entries=0 packed_expected=0
ALLOC_PASS m=17 n=17 small=1 history_expected=0 history_calls=0 history_bytes=0 history_success=0 history_fail=0 x_calls=4 x_bytes=4352 x_success=4 x_fail=0 kb_calls=0 kb_bytes=0 kb_success=0 kb_fail=0 total=4 injected=0 history_level=-1 x_level=1 kb_level=-1 shape_bad=0 x_each_worker_once=1
CASE_PASS m=17 n=17 sve16_entries=0 expected=0 old_entries=0 packed_entries=0 packed_expected=0
ALLOC_PASS m=31 n=1 small=1 history_expected=0 history_calls=0 history_bytes=0 history_success=0 history_fail=0 x_calls=4 x_bytes=7936 x_success=4 x_fail=0 kb_calls=0 kb_bytes=0 kb_success=0 kb_fail=0 total=4 injected=0 history_level=-1 x_level=1 kb_level=-1 shape_bad=0 x_each_worker_once=1
CASE_PASS m=31 n=1 sve16_entries=0 expected=0 old_entries=0 packed_entries=0 packed_expected=0
ALLOC_PASS m=31 n=7 small=1 history_expected=0 history_calls=0 history_bytes=0 history_success=0 history_fail=0 x_calls=4 x_bytes=7936 x_success=4 x_fail=0 kb_calls=0 kb_bytes=0 kb_success=0 kb_fail=0 total=4 injected=0 history_level=-1 x_level=1 kb_level=-1 shape_bad=0 x_each_worker_once=1
CASE_PASS m=31 n=7 sve16_entries=0 expected=0 old_entries=0 packed_entries=0 packed_expected=0
ALLOC_PASS m=31 n=8 small=1 history_expected=0 history_calls=0 history_bytes=0 history_success=0 history_fail=0 x_calls=4 x_bytes=7936 x_success=4 x_fail=0 kb_calls=0 kb_bytes=0 kb_success=0 kb_fail=0 total=4 injected=0 history_level=-1 x_level=1 kb_level=-1 shape_bad=0 x_each_worker_once=1
CASE_PASS m=31 n=8 sve16_entries=0 expected=0 old_entries=0 packed_entries=0 packed_expected=0
ALLOC_PASS m=31 n=9 small=1 history_expected=0 history_calls=0 history_bytes=0 history_success=0 history_fail=0 x_calls=4 x_bytes=7936 x_success=4 x_fail=0 kb_calls=0 kb_bytes=0 kb_success=0 kb_fail=0 total=4 injected=0 history_level=-1 x_level=1 kb_level=-1 shape_bad=0 x_each_worker_once=1
CASE_PASS m=31 n=9 sve16_entries=0 expected=0 old_entries=0 packed_entries=0 packed_expected=0
ALLOC_PASS m=31 n=17 small=1 history_expected=0 history_calls=0 history_bytes=0 history_success=0 history_fail=0 x_calls=4 x_bytes=7936 x_success=4 x_fail=0 kb_calls=0 kb_bytes=0 kb_success=0 kb_fail=0 total=4 injected=0 history_level=-1 x_level=1 kb_level=-1 shape_bad=0 x_each_worker_once=1
CASE_PASS m=31 n=17 sve16_entries=0 expected=0 old_entries=0 packed_entries=0 packed_expected=0
ALLOC_PASS m=32 n=1 small=1 history_expected=1 history_calls=1 history_bytes=2048 history_success=1 history_fail=0 x_calls=4 x_bytes=8192 x_success=4 x_fail=0 kb_calls=0 kb_bytes=0 kb_success=0 kb_fail=0 total=5 injected=0 history_level=0 x_level=1 kb_level=-1 shape_bad=0 x_each_worker_once=1
CASE_PASS m=32 n=1 sve16_entries=0 expected=0 old_entries=0 packed_entries=0 packed_expected=0
ALLOC_PASS m=32 n=7 small=1 history_expected=1 history_calls=1 history_bytes=2048 history_success=1 history_fail=0 x_calls=4 x_bytes=8192 x_success=4 x_fail=0 kb_calls=0 kb_bytes=0 kb_success=0 kb_fail=0 total=5 injected=0 history_level=0 x_level=1 kb_level=-1 shape_bad=0 x_each_worker_once=1
CASE_PASS m=32 n=7 sve16_entries=0 expected=0 old_entries=0 packed_entries=0 packed_expected=0
ALLOC_PASS m=32 n=8 small=1 history_expected=1 history_calls=1 history_bytes=2048 history_success=1 history_fail=0 x_calls=4 x_bytes=8192 x_success=4 x_fail=0 kb_calls=0 kb_bytes=0 kb_success=0 kb_fail=0 total=5 injected=0 history_level=0 x_level=1 kb_level=-1 shape_bad=0 x_each_worker_once=1
CASE_PASS m=32 n=8 sve16_entries=0 expected=0 old_entries=0 packed_entries=0 packed_expected=0
ALLOC_PASS m=32 n=9 small=1 history_expected=1 history_calls=1 history_bytes=2048 history_success=1 history_fail=0 x_calls=4 x_bytes=8192 x_success=4 x_fail=0 kb_calls=0 kb_bytes=0 kb_success=0 kb_fail=0 total=5 injected=0 history_level=0 x_level=1 kb_level=-1 shape_bad=0 x_each_worker_once=1
CASE_PASS m=32 n=9 sve16_entries=0 expected=0 old_entries=0 packed_entries=0 packed_expected=0
ALLOC_PASS m=32 n=17 small=1 history_expected=1 history_calls=1 history_bytes=2048 history_success=1 history_fail=0 x_calls=4 x_bytes=8192 x_success=4 x_fail=0 kb_calls=0 kb_bytes=0 kb_success=0 kb_fail=0 total=5 injected=0 history_level=0 x_level=1 kb_level=-1 shape_bad=0 x_each_worker_once=1
CASE_PASS m=32 n=17 sve16_entries=0 expected=0 old_entries=0 packed_entries=0 packed_expected=0
ALLOC_PASS m=33 n=1 small=1 history_expected=1 history_calls=1 history_bytes=2048 history_success=1 history_fail=0 x_calls=4 x_bytes=8448 x_success=4 x_fail=0 kb_calls=0 kb_bytes=0 kb_success=0 kb_fail=0 total=5 injected=0 history_level=0 x_level=1 kb_level=-1 shape_bad=0 x_each_worker_once=1
CASE_PASS m=33 n=1 sve16_entries=0 expected=0 old_entries=0 packed_entries=0 packed_expected=0
ALLOC_PASS m=33 n=7 small=1 history_expected=1 history_calls=1 history_bytes=2048 history_success=1 history_fail=0 x_calls=4 x_bytes=8448 x_success=4 x_fail=0 kb_calls=0 kb_bytes=0 kb_success=0 kb_fail=0 total=5 injected=0 history_level=0 x_level=1 kb_level=-1 shape_bad=0 x_each_worker_once=1
CASE_PASS m=33 n=7 sve16_entries=0 expected=0 old_entries=0 packed_entries=0 packed_expected=0
ALLOC_PASS m=33 n=8 small=1 history_expected=1 history_calls=1 history_bytes=2048 history_success=1 history_fail=0 x_calls=4 x_bytes=8448 x_success=4 x_fail=0 kb_calls=0 kb_bytes=0 kb_success=0 kb_fail=0 total=5 injected=0 history_level=0 x_level=1 kb_level=-1 shape_bad=0 x_each_worker_once=1
CASE_PASS m=33 n=8 sve16_entries=0 expected=0 old_entries=0 packed_entries=0 packed_expected=0
ALLOC_PASS m=33 n=9 small=1 history_expected=1 history_calls=1 history_bytes=2048 history_success=1 history_fail=0 x_calls=4 x_bytes=8448 x_success=4 x_fail=0 kb_calls=0 kb_bytes=0 kb_success=0 kb_fail=0 total=5 injected=0 history_level=0 x_level=1 kb_level=-1 shape_bad=0 x_each_worker_once=1
CASE_PASS m=33 n=9 sve16_entries=0 expected=0 old_entries=0 packed_entries=0 packed_expected=0
ALLOC_PASS m=33 n=17 small=1 history_expected=1 history_calls=1 history_bytes=2048 history_success=1 history_fail=0 x_calls=4 x_bytes=8448 x_success=4 x_fail=0 kb_calls=0 kb_bytes=0 kb_success=0 kb_fail=0 total=5 injected=0 history_level=0 x_level=1 kb_level=-1 shape_bad=0 x_each_worker_once=1
CASE_PASS m=33 n=17 sve16_entries=0 expected=0 old_entries=0 packed_entries=0 packed_expected=0
ALLOC_PASS m=63 n=1 small=1 history_expected=1 history_calls=1 history_bytes=6144 history_success=1 history_fail=0 x_calls=4 x_bytes=16128 x_success=4 x_fail=0 kb_calls=0 kb_bytes=0 kb_success=0 kb_fail=0 total=5 injected=0 history_level=0 x_level=1 kb_level=-1 shape_bad=0 x_each_worker_once=1
CASE_PASS m=63 n=1 sve16_entries=0 expected=0 old_entries=0 packed_entries=0 packed_expected=0
ALLOC_PASS m=63 n=7 small=1 history_expected=1 history_calls=1 history_bytes=6144 history_success=1 history_fail=0 x_calls=4 x_bytes=16128 x_success=4 x_fail=0 kb_calls=0 kb_bytes=0 kb_success=0 kb_fail=0 total=5 injected=0 history_level=0 x_level=1 kb_level=-1 shape_bad=0 x_each_worker_once=1
CASE_PASS m=63 n=7 sve16_entries=0 expected=0 old_entries=0 packed_entries=0 packed_expected=0
ALLOC_PASS m=63 n=8 small=1 history_expected=1 history_calls=1 history_bytes=6144 history_success=1 history_fail=0 x_calls=4 x_bytes=16128 x_success=4 x_fail=0 kb_calls=0 kb_bytes=0 kb_success=0 kb_fail=0 total=5 injected=0 history_level=0 x_level=1 kb_level=-1 shape_bad=0 x_each_worker_once=1
CASE_PASS m=63 n=8 sve16_entries=0 expected=0 old_entries=0 packed_entries=0 packed_expected=0
ALLOC_PASS m=63 n=9 small=1 history_expected=1 history_calls=1 history_bytes=6144 history_success=1 history_fail=0 x_calls=4 x_bytes=16128 x_success=4 x_fail=0 kb_calls=0 kb_bytes=0 kb_success=0 kb_fail=0 total=5 injected=0 history_level=0 x_level=1 kb_level=-1 shape_bad=0 x_each_worker_once=1
CASE_PASS m=63 n=9 sve16_entries=0 expected=0 old_entries=0 packed_entries=0 packed_expected=0
ALLOC_PASS m=63 n=17 small=1 history_expected=1 history_calls=1 history_bytes=6144 history_success=1 history_fail=0 x_calls=4 x_bytes=16128 x_success=4 x_fail=0 kb_calls=0 kb_bytes=0 kb_success=0 kb_fail=0 total=5 injected=0 history_level=0 x_level=1 kb_level=-1 shape_bad=0 x_each_worker_once=1
CASE_PASS m=63 n=17 sve16_entries=0 expected=0 old_entries=0 packed_entries=0 packed_expected=0
ALLOC_PASS m=64 n=1 small=1 history_expected=1 history_calls=1 history_bytes=12288 history_success=1 history_fail=0 x_calls=4 x_bytes=16384 x_success=4 x_fail=0 kb_calls=0 kb_bytes=0 kb_success=0 kb_fail=0 total=5 injected=0 history_level=0 x_level=1 kb_level=-1 shape_bad=0 x_each_worker_once=1
CASE_PASS m=64 n=1 sve16_entries=0 expected=0 old_entries=0 packed_entries=0 packed_expected=0
ALLOC_PASS m=64 n=7 small=1 history_expected=1 history_calls=1 history_bytes=12288 history_success=1 history_fail=0 x_calls=4 x_bytes=16384 x_success=4 x_fail=0 kb_calls=0 kb_bytes=0 kb_success=0 kb_fail=0 total=5 injected=0 history_level=0 x_level=1 kb_level=-1 shape_bad=0 x_each_worker_once=1
CASE_PASS m=64 n=7 sve16_entries=0 expected=0 old_entries=0 packed_entries=0 packed_expected=0
ALLOC_PASS m=64 n=8 small=1 history_expected=1 history_calls=1 history_bytes=12288 history_success=1 history_fail=0 x_calls=4 x_bytes=16384 x_success=4 x_fail=0 kb_calls=0 kb_bytes=0 kb_success=0 kb_fail=0 total=5 injected=0 history_level=0 x_level=1 kb_level=-1 shape_bad=0 x_each_worker_once=1
CASE_PASS m=64 n=8 sve16_entries=0 expected=0 old_entries=0 packed_entries=0 packed_expected=0
ALLOC_PASS m=64 n=9 small=1 history_expected=1 history_calls=1 history_bytes=12288 history_success=1 history_fail=0 x_calls=4 x_bytes=16384 x_success=4 x_fail=0 kb_calls=0 kb_bytes=0 kb_success=0 kb_fail=0 total=5 injected=0 history_level=0 x_level=1 kb_level=-1 shape_bad=0 x_each_worker_once=1
CASE_PASS m=64 n=9 sve16_entries=0 expected=0 old_entries=0 packed_entries=0 packed_expected=0
ALLOC_PASS m=64 n=17 small=1 history_expected=1 history_calls=1 history_bytes=12288 history_success=1 history_fail=0 x_calls=4 x_bytes=16384 x_success=4 x_fail=0 kb_calls=0 kb_bytes=0 kb_success=0 kb_fail=0 total=5 injected=0 history_level=0 x_level=1 kb_level=-1 shape_bad=0 x_each_worker_once=1
CASE_PASS m=64 n=17 sve16_entries=0 expected=0 old_entries=0 packed_entries=0 packed_expected=0
ALLOC_PASS m=65 n=1 small=1 history_expected=1 history_calls=1 history_bytes=12288 history_success=1 history_fail=0 x_calls=4 x_bytes=16640 x_success=4 x_fail=0 kb_calls=0 kb_bytes=0 kb_success=0 kb_fail=0 total=5 injected=0 history_level=0 x_level=1 kb_level=-1 shape_bad=0 x_each_worker_once=1
CASE_PASS m=65 n=1 sve16_entries=0 expected=0 old_entries=0 packed_entries=0 packed_expected=0
ALLOC_PASS m=65 n=7 small=1 history_expected=1 history_calls=1 history_bytes=12288 history_success=1 history_fail=0 x_calls=4 x_bytes=16640 x_success=4 x_fail=0 kb_calls=0 kb_bytes=0 kb_success=0 kb_fail=0 total=5 injected=0 history_level=0 x_level=1 kb_level=-1 shape_bad=0 x_each_worker_once=1
CASE_PASS m=65 n=7 sve16_entries=0 expected=0 old_entries=0 packed_entries=0 packed_expected=0
ALLOC_PASS m=65 n=8 small=1 history_expected=1 history_calls=1 history_bytes=12288 history_success=1 history_fail=0 x_calls=4 x_bytes=16640 x_success=4 x_fail=0 kb_calls=0 kb_bytes=0 kb_success=0 kb_fail=0 total=5 injected=0 history_level=0 x_level=1 kb_level=-1 shape_bad=0 x_each_worker_once=1
CASE_PASS m=65 n=8 sve16_entries=0 expected=0 old_entries=0 packed_entries=0 packed_expected=0
ALLOC_PASS m=65 n=9 small=1 history_expected=1 history_calls=1 history_bytes=12288 history_success=1 history_fail=0 x_calls=4 x_bytes=16640 x_success=4 x_fail=0 kb_calls=0 kb_bytes=0 kb_success=0 kb_fail=0 total=5 injected=0 history_level=0 x_level=1 kb_level=-1 shape_bad=0 x_each_worker_once=1
CASE_PASS m=65 n=9 sve16_entries=0 expected=0 old_entries=0 packed_entries=0 packed_expected=0
ALLOC_PASS m=65 n=17 small=1 history_expected=1 history_calls=1 history_bytes=12288 history_success=1 history_fail=0 x_calls=4 x_bytes=16640 x_success=4 x_fail=0 kb_calls=0 kb_bytes=0 kb_success=0 kb_fail=0 total=5 injected=0 history_level=0 x_level=1 kb_level=-1 shape_bad=0 x_each_worker_once=1
CASE_PASS m=65 n=17 sve16_entries=0 expected=0 old_entries=0 packed_entries=0 packed_expected=0
ALLOC_PASS m=255 n=1 small=1 history_expected=1 history_calls=1 history_bytes=215040 history_success=1 history_fail=0 x_calls=4 x_bytes=65280 x_success=4 x_fail=0 kb_calls=0 kb_bytes=0 kb_success=0 kb_fail=0 total=5 injected=0 history_level=0 x_level=1 kb_level=-1 shape_bad=0 x_each_worker_once=1
CASE_PASS m=255 n=1 sve16_entries=0 expected=0 old_entries=0 packed_entries=0 packed_expected=0
ALLOC_PASS m=255 n=7 small=1 history_expected=1 history_calls=1 history_bytes=215040 history_success=1 history_fail=0 x_calls=4 x_bytes=65280 x_success=4 x_fail=0 kb_calls=0 kb_bytes=0 kb_success=0 kb_fail=0 total=5 injected=0 history_level=0 x_level=1 kb_level=-1 shape_bad=0 x_each_worker_once=1
CASE_PASS m=255 n=7 sve16_entries=0 expected=0 old_entries=0 packed_entries=0 packed_expected=0
ALLOC_PASS m=255 n=8 small=1 history_expected=1 history_calls=1 history_bytes=215040 history_success=1 history_fail=0 x_calls=4 x_bytes=65280 x_success=4 x_fail=0 kb_calls=0 kb_bytes=0 kb_success=0 kb_fail=0 total=5 injected=0 history_level=0 x_level=1 kb_level=-1 shape_bad=0 x_each_worker_once=1
CASE_PASS m=255 n=8 sve16_entries=0 expected=0 old_entries=0 packed_entries=0 packed_expected=0
ALLOC_PASS m=255 n=9 small=1 history_expected=1 history_calls=1 history_bytes=215040 history_success=1 history_fail=0 x_calls=4 x_bytes=65280 x_success=4 x_fail=0 kb_calls=0 kb_bytes=0 kb_success=0 kb_fail=0 total=5 injected=0 history_level=0 x_level=1 kb_level=-1 shape_bad=0 x_each_worker_once=1
CASE_PASS m=255 n=9 sve16_entries=0 expected=0 old_entries=0 packed_entries=0 packed_expected=0
ALLOC_PASS m=255 n=17 small=1 history_expected=1 history_calls=1 history_bytes=215040 history_success=1 history_fail=0 x_calls=4 x_bytes=65280 x_success=4 x_fail=0 kb_calls=0 kb_bytes=0 kb_success=0 kb_fail=0 total=5 injected=0 history_level=0 x_level=1 kb_level=-1 shape_bad=0 x_each_worker_once=1
CASE_PASS m=255 n=17 sve16_entries=0 expected=0 old_entries=0 packed_entries=0 packed_expected=0
ALLOC_PASS m=256 n=1 small=1 history_expected=1 history_calls=1 history_bytes=245760 history_success=1 history_fail=0 x_calls=4 x_bytes=65536 x_success=4 x_fail=0 kb_calls=0 kb_bytes=0 kb_success=0 kb_fail=0 total=5 injected=0 history_level=0 x_level=1 kb_level=-1 shape_bad=0 x_each_worker_once=1
CASE_PASS m=256 n=1 sve16_entries=0 expected=0 old_entries=0 packed_entries=0 packed_expected=0
ALLOC_PASS m=256 n=7 small=1 history_expected=1 history_calls=1 history_bytes=245760 history_success=1 history_fail=0 x_calls=4 x_bytes=65536 x_success=4 x_fail=0 kb_calls=0 kb_bytes=0 kb_success=0 kb_fail=0 total=5 injected=0 history_level=0 x_level=1 kb_level=-1 shape_bad=0 x_each_worker_once=1
CASE_PASS m=256 n=7 sve16_entries=0 expected=0 old_entries=0 packed_entries=0 packed_expected=0
ALLOC_PASS m=256 n=8 small=1 history_expected=1 history_calls=1 history_bytes=245760 history_success=1 history_fail=0 x_calls=4 x_bytes=65536 x_success=4 x_fail=0 kb_calls=0 kb_bytes=0 kb_success=0 kb_fail=0 total=5 injected=0 history_level=0 x_level=1 kb_level=-1 shape_bad=0 x_each_worker_once=1
CASE_PASS m=256 n=8 sve16_entries=0 expected=0 old_entries=0 packed_entries=0 packed_expected=0
ALLOC_PASS m=256 n=9 small=1 history_expected=1 history_calls=1 history_bytes=245760 history_success=1 history_fail=0 x_calls=4 x_bytes=65536 x_success=4 x_fail=0 kb_calls=0 kb_bytes=0 kb_success=0 kb_fail=0 total=5 injected=0 history_level=0 x_level=1 kb_level=-1 shape_bad=0 x_each_worker_once=1
CASE_PASS m=256 n=9 sve16_entries=0 expected=0 old_entries=0 packed_entries=0 packed_expected=0
ALLOC_PASS m=256 n=17 small=1 history_expected=1 history_calls=1 history_bytes=245760 history_success=1 history_fail=0 x_calls=4 x_bytes=65536 x_success=4 x_fail=0 kb_calls=0 kb_bytes=0 kb_success=0 kb_fail=0 total=5 injected=0 history_level=0 x_level=1 kb_level=-1 shape_bad=0 x_each_worker_once=1
CASE_PASS m=256 n=17 sve16_entries=0 expected=0 old_entries=0 packed_entries=0 packed_expected=0
ALLOC_PASS m=257 n=1 small=1 history_expected=1 history_calls=1 history_bytes=245760 history_success=1 history_fail=0 x_calls=4 x_bytes=65792 x_success=4 x_fail=0 kb_calls=0 kb_bytes=0 kb_success=0 kb_fail=0 total=5 injected=0 history_level=0 x_level=1 kb_level=-1 shape_bad=0 x_each_worker_once=1
CASE_PASS m=257 n=1 sve16_entries=0 expected=0 old_entries=0 packed_entries=0 packed_expected=0
ALLOC_PASS m=257 n=7 small=1 history_expected=1 history_calls=1 history_bytes=245760 history_success=1 history_fail=0 x_calls=4 x_bytes=65792 x_success=4 x_fail=0 kb_calls=0 kb_bytes=0 kb_success=0 kb_fail=0 total=5 injected=0 history_level=0 x_level=1 kb_level=-1 shape_bad=0 x_each_worker_once=1
CASE_PASS m=257 n=7 sve16_entries=0 expected=0 old_entries=0 packed_entries=0 packed_expected=0
ALLOC_PASS m=257 n=8 small=1 history_expected=1 history_calls=1 history_bytes=245760 history_success=1 history_fail=0 x_calls=4 x_bytes=65792 x_success=4 x_fail=0 kb_calls=0 kb_bytes=0 kb_success=0 kb_fail=0 total=5 injected=0 history_level=0 x_level=1 kb_level=-1 shape_bad=0 x_each_worker_once=1
CASE_PASS m=257 n=8 sve16_entries=0 expected=0 old_entries=0 packed_entries=0 packed_expected=0
ALLOC_PASS m=257 n=9 small=1 history_expected=1 history_calls=1 history_bytes=245760 history_success=1 history_fail=0 x_calls=4 x_bytes=65792 x_success=4 x_fail=0 kb_calls=0 kb_bytes=0 kb_success=0 kb_fail=0 total=5 injected=0 history_level=0 x_level=1 kb_level=-1 shape_bad=0 x_each_worker_once=1
CASE_PASS m=257 n=9 sve16_entries=0 expected=0 old_entries=0 packed_entries=0 packed_expected=0
ALLOC_PASS m=257 n=17 small=1 history_expected=1 history_calls=1 history_bytes=245760 history_success=1 history_fail=0 x_calls=4 x_bytes=65792 x_success=4 x_fail=0 kb_calls=0 kb_bytes=0 kb_success=0 kb_fail=0 total=5 injected=0 history_level=0 x_level=1 kb_level=-1 shape_bad=0 x_each_worker_once=1
CASE_PASS m=257 n=17 sve16_entries=0 expected=0 old_entries=0 packed_entries=0 packed_expected=0
ALLOCATION_SUMMARY_PASS cases=80 budget_cases=0 shared_injection_cases=0
PASS whole_cases=80 noop_cases=4 non_dyadic_long_double_RHS=1 padding_L_unchanged=1 max_error=1.1102230246251565e-16
SOURCE_FEATURES_PASS panel16=1 packedL16=1 has_budget=1 history_budget_bytes=4194304
MODE=shared-fail THREADS=1 NARROW_VL=0 EXPECT_SVE16=1 EXPECT_PACKEDL16=0
ALLOC_PASS m=32 n=1 small=1 history_expected=1 history_calls=1 history_bytes=2048 history_success=0 history_fail=1 x_calls=1 x_bytes=2048 x_success=1 x_fail=0 kb_calls=0 kb_bytes=0 kb_success=0 kb_fail=0 total=2 injected=1 history_level=0 x_level=1 kb_level=-1 shape_bad=0 x_each_worker_once=1
CASE_PASS m=32 n=1 sve16_entries=2 expected=2 old_entries=2 packed_entries=0 packed_expected=0
SHARED_ALLOC_PASS m=32 n=1 calls=2 injected=1 shared_first=1 later_X_success=1
ALLOC_PASS m=32 n=7 small=1 history_expected=1 history_calls=1 history_bytes=2048 history_success=0 history_fail=1 x_calls=1 x_bytes=2048 x_success=1 x_fail=0 kb_calls=0 kb_bytes=0 kb_success=0 kb_fail=0 total=2 injected=1 history_level=0 x_level=1 kb_level=-1 shape_bad=0 x_each_worker_once=1
CASE_PASS m=32 n=7 sve16_entries=2 expected=2 old_entries=2 packed_entries=0 packed_expected=0
SHARED_ALLOC_PASS m=32 n=7 calls=2 injected=1 shared_first=1 later_X_success=1
ALLOC_PASS m=32 n=8 small=1 history_expected=1 history_calls=1 history_bytes=2048 history_success=0 history_fail=1 x_calls=1 x_bytes=2048 x_success=1 x_fail=0 kb_calls=0 kb_bytes=0 kb_success=0 kb_fail=0 total=2 injected=1 history_level=0 x_level=1 kb_level=-1 shape_bad=0 x_each_worker_once=1
CASE_PASS m=32 n=8 sve16_entries=2 expected=2 old_entries=2 packed_entries=0 packed_expected=0
SHARED_ALLOC_PASS m=32 n=8 calls=2 injected=1 shared_first=1 later_X_success=1
ALLOC_PASS m=32 n=9 small=1 history_expected=1 history_calls=1 history_bytes=2048 history_success=0 history_fail=1 x_calls=1 x_bytes=2048 x_success=1 x_fail=0 kb_calls=0 kb_bytes=0 kb_success=0 kb_fail=0 total=2 injected=1 history_level=0 x_level=1 kb_level=-1 shape_bad=0 x_each_worker_once=1
CASE_PASS m=32 n=9 sve16_entries=4 expected=4 old_entries=4 packed_entries=0 packed_expected=0
SHARED_ALLOC_PASS m=32 n=9 calls=2 injected=1 shared_first=1 later_X_success=1
ALLOC_PASS m=32 n=17 small=1 history_expected=1 history_calls=1 history_bytes=2048 history_success=0 history_fail=1 x_calls=1 x_bytes=2048 x_success=1 x_fail=0 kb_calls=0 kb_bytes=0 kb_success=0 kb_fail=0 total=2 injected=1 history_level=0 x_level=1 kb_level=-1 shape_bad=0 x_each_worker_once=1
CASE_PASS m=32 n=17 sve16_entries=6 expected=6 old_entries=6 packed_entries=0 packed_expected=0
SHARED_ALLOC_PASS m=32 n=17 calls=2 injected=1 shared_first=1 later_X_success=1
ALLOC_PASS m=33 n=1 small=1 history_expected=1 history_calls=1 history_bytes=2048 history_success=0 history_fail=1 x_calls=1 x_bytes=2112 x_success=1 x_fail=0 kb_calls=0 kb_bytes=0 kb_success=0 kb_fail=0 total=2 injected=1 history_level=0 x_level=1 kb_level=-1 shape_bad=0 x_each_worker_once=1
CASE_PASS m=33 n=1 sve16_entries=2 expected=2 old_entries=2 packed_entries=0 packed_expected=0
SHARED_ALLOC_PASS m=33 n=1 calls=2 injected=1 shared_first=1 later_X_success=1
ALLOC_PASS m=33 n=7 small=1 history_expected=1 history_calls=1 history_bytes=2048 history_success=0 history_fail=1 x_calls=1 x_bytes=2112 x_success=1 x_fail=0 kb_calls=0 kb_bytes=0 kb_success=0 kb_fail=0 total=2 injected=1 history_level=0 x_level=1 kb_level=-1 shape_bad=0 x_each_worker_once=1
CASE_PASS m=33 n=7 sve16_entries=2 expected=2 old_entries=2 packed_entries=0 packed_expected=0
SHARED_ALLOC_PASS m=33 n=7 calls=2 injected=1 shared_first=1 later_X_success=1
ALLOC_PASS m=33 n=8 small=1 history_expected=1 history_calls=1 history_bytes=2048 history_success=0 history_fail=1 x_calls=1 x_bytes=2112 x_success=1 x_fail=0 kb_calls=0 kb_bytes=0 kb_success=0 kb_fail=0 total=2 injected=1 history_level=0 x_level=1 kb_level=-1 shape_bad=0 x_each_worker_once=1
CASE_PASS m=33 n=8 sve16_entries=2 expected=2 old_entries=2 packed_entries=0 packed_expected=0
SHARED_ALLOC_PASS m=33 n=8 calls=2 injected=1 shared_first=1 later_X_success=1
ALLOC_PASS m=33 n=9 small=1 history_expected=1 history_calls=1 history_bytes=2048 history_success=0 history_fail=1 x_calls=1 x_bytes=2112 x_success=1 x_fail=0 kb_calls=0 kb_bytes=0 kb_success=0 kb_fail=0 total=2 injected=1 history_level=0 x_level=1 kb_level=-1 shape_bad=0 x_each_worker_once=1
CASE_PASS m=33 n=9 sve16_entries=4 expected=4 old_entries=4 packed_entries=0 packed_expected=0
SHARED_ALLOC_PASS m=33 n=9 calls=2 injected=1 shared_first=1 later_X_success=1
ALLOC_PASS m=33 n=17 small=1 history_expected=1 history_calls=1 history_bytes=2048 history_success=0 history_fail=1 x_calls=1 x_bytes=2112 x_success=1 x_fail=0 kb_calls=0 kb_bytes=0 kb_success=0 kb_fail=0 total=2 injected=1 history_level=0 x_level=1 kb_level=-1 shape_bad=0 x_each_worker_once=1
CASE_PASS m=33 n=17 sve16_entries=6 expected=6 old_entries=6 packed_entries=0 packed_expected=0
SHARED_ALLOC_PASS m=33 n=17 calls=2 injected=1 shared_first=1 later_X_success=1
ALLOC_PASS m=63 n=1 small=1 history_expected=1 history_calls=1 history_bytes=6144 history_success=0 history_fail=1 x_calls=1 x_bytes=4032 x_success=1 x_fail=0 kb_calls=0 kb_bytes=0 kb_success=0 kb_fail=0 total=2 injected=1 history_level=0 x_level=1 kb_level=-1 shape_bad=0 x_each_worker_once=1
CASE_PASS m=63 n=1 sve16_entries=3 expected=3 old_entries=3 packed_entries=0 packed_expected=0
SHARED_ALLOC_PASS m=63 n=1 calls=2 injected=1 shared_first=1 later_X_success=1
ALLOC_PASS m=63 n=7 small=1 history_expected=1 history_calls=1 history_bytes=6144 history_success=0 history_fail=1 x_calls=1 x_bytes=4032 x_success=1 x_fail=0 kb_calls=0 kb_bytes=0 kb_success=0 kb_fail=0 total=2 injected=1 history_level=0 x_level=1 kb_level=-1 shape_bad=0 x_each_worker_once=1
CASE_PASS m=63 n=7 sve16_entries=3 expected=3 old_entries=3 packed_entries=0 packed_expected=0
SHARED_ALLOC_PASS m=63 n=7 calls=2 injected=1 shared_first=1 later_X_success=1
ALLOC_PASS m=63 n=8 small=1 history_expected=1 history_calls=1 history_bytes=6144 history_success=0 history_fail=1 x_calls=1 x_bytes=4032 x_success=1 x_fail=0 kb_calls=0 kb_bytes=0 kb_success=0 kb_fail=0 total=2 injected=1 history_level=0 x_level=1 kb_level=-1 shape_bad=0 x_each_worker_once=1
CASE_PASS m=63 n=8 sve16_entries=3 expected=3 old_entries=3 packed_entries=0 packed_expected=0
SHARED_ALLOC_PASS m=63 n=8 calls=2 injected=1 shared_first=1 later_X_success=1
ALLOC_PASS m=63 n=9 small=1 history_expected=1 history_calls=1 history_bytes=6144 history_success=0 history_fail=1 x_calls=1 x_bytes=4032 x_success=1 x_fail=0 kb_calls=0 kb_bytes=0 kb_success=0 kb_fail=0 total=2 injected=1 history_level=0 x_level=1 kb_level=-1 shape_bad=0 x_each_worker_once=1
CASE_PASS m=63 n=9 sve16_entries=6 expected=6 old_entries=6 packed_entries=0 packed_expected=0
SHARED_ALLOC_PASS m=63 n=9 calls=2 injected=1 shared_first=1 later_X_success=1
ALLOC_PASS m=63 n=17 small=1 history_expected=1 history_calls=1 history_bytes=6144 history_success=0 history_fail=1 x_calls=1 x_bytes=4032 x_success=1 x_fail=0 kb_calls=0 kb_bytes=0 kb_success=0 kb_fail=0 total=2 injected=1 history_level=0 x_level=1 kb_level=-1 shape_bad=0 x_each_worker_once=1
CASE_PASS m=63 n=17 sve16_entries=9 expected=9 old_entries=9 packed_entries=0 packed_expected=0
SHARED_ALLOC_PASS m=63 n=17 calls=2 injected=1 shared_first=1 later_X_success=1
ALLOC_PASS m=64 n=1 small=1 history_expected=1 history_calls=1 history_bytes=12288 history_success=0 history_fail=1 x_calls=1 x_bytes=4096 x_success=1 x_fail=0 kb_calls=0 kb_bytes=0 kb_success=0 kb_fail=0 total=2 injected=1 history_level=0 x_level=1 kb_level=-1 shape_bad=0 x_each_worker_once=1
CASE_PASS m=64 n=1 sve16_entries=4 expected=4 old_entries=4 packed_entries=0 packed_expected=0
SHARED_ALLOC_PASS m=64 n=1 calls=2 injected=1 shared_first=1 later_X_success=1
ALLOC_PASS m=64 n=7 small=1 history_expected=1 history_calls=1 history_bytes=12288 history_success=0 history_fail=1 x_calls=1 x_bytes=4096 x_success=1 x_fail=0 kb_calls=0 kb_bytes=0 kb_success=0 kb_fail=0 total=2 injected=1 history_level=0 x_level=1 kb_level=-1 shape_bad=0 x_each_worker_once=1
CASE_PASS m=64 n=7 sve16_entries=4 expected=4 old_entries=4 packed_entries=0 packed_expected=0
SHARED_ALLOC_PASS m=64 n=7 calls=2 injected=1 shared_first=1 later_X_success=1
ALLOC_PASS m=64 n=8 small=1 history_expected=1 history_calls=1 history_bytes=12288 history_success=0 history_fail=1 x_calls=1 x_bytes=4096 x_success=1 x_fail=0 kb_calls=0 kb_bytes=0 kb_success=0 kb_fail=0 total=2 injected=1 history_level=0 x_level=1 kb_level=-1 shape_bad=0 x_each_worker_once=1
CASE_PASS m=64 n=8 sve16_entries=4 expected=4 old_entries=4 packed_entries=0 packed_expected=0
SHARED_ALLOC_PASS m=64 n=8 calls=2 injected=1 shared_first=1 later_X_success=1
ALLOC_PASS m=64 n=9 small=1 history_expected=1 history_calls=1 history_bytes=12288 history_success=0 history_fail=1 x_calls=1 x_bytes=4096 x_success=1 x_fail=0 kb_calls=0 kb_bytes=0 kb_success=0 kb_fail=0 total=2 injected=1 history_level=0 x_level=1 kb_level=-1 shape_bad=0 x_each_worker_once=1
CASE_PASS m=64 n=9 sve16_entries=8 expected=8 old_entries=8 packed_entries=0 packed_expected=0
SHARED_ALLOC_PASS m=64 n=9 calls=2 injected=1 shared_first=1 later_X_success=1
ALLOC_PASS m=64 n=17 small=1 history_expected=1 history_calls=1 history_bytes=12288 history_success=0 history_fail=1 x_calls=1 x_bytes=4096 x_success=1 x_fail=0 kb_calls=0 kb_bytes=0 kb_success=0 kb_fail=0 total=2 injected=1 history_level=0 x_level=1 kb_level=-1 shape_bad=0 x_each_worker_once=1
CASE_PASS m=64 n=17 sve16_entries=12 expected=12 old_entries=12 packed_entries=0 packed_expected=0
SHARED_ALLOC_PASS m=64 n=17 calls=2 injected=1 shared_first=1 later_X_success=1
ALLOC_PASS m=65 n=1 small=1 history_expected=1 history_calls=1 history_bytes=12288 history_success=0 history_fail=1 x_calls=1 x_bytes=4160 x_success=1 x_fail=0 kb_calls=0 kb_bytes=0 kb_success=0 kb_fail=0 total=2 injected=1 history_level=0 x_level=1 kb_level=-1 shape_bad=0 x_each_worker_once=1
CASE_PASS m=65 n=1 sve16_entries=4 expected=4 old_entries=4 packed_entries=0 packed_expected=0
SHARED_ALLOC_PASS m=65 n=1 calls=2 injected=1 shared_first=1 later_X_success=1
ALLOC_PASS m=65 n=7 small=1 history_expected=1 history_calls=1 history_bytes=12288 history_success=0 history_fail=1 x_calls=1 x_bytes=4160 x_success=1 x_fail=0 kb_calls=0 kb_bytes=0 kb_success=0 kb_fail=0 total=2 injected=1 history_level=0 x_level=1 kb_level=-1 shape_bad=0 x_each_worker_once=1
CASE_PASS m=65 n=7 sve16_entries=4 expected=4 old_entries=4 packed_entries=0 packed_expected=0
SHARED_ALLOC_PASS m=65 n=7 calls=2 injected=1 shared_first=1 later_X_success=1
ALLOC_PASS m=65 n=8 small=1 history_expected=1 history_calls=1 history_bytes=12288 history_success=0 history_fail=1 x_calls=1 x_bytes=4160 x_success=1 x_fail=0 kb_calls=0 kb_bytes=0 kb_success=0 kb_fail=0 total=2 injected=1 history_level=0 x_level=1 kb_level=-1 shape_bad=0 x_each_worker_once=1
CASE_PASS m=65 n=8 sve16_entries=4 expected=4 old_entries=4 packed_entries=0 packed_expected=0
SHARED_ALLOC_PASS m=65 n=8 calls=2 injected=1 shared_first=1 later_X_success=1
ALLOC_PASS m=65 n=9 small=1 history_expected=1 history_calls=1 history_bytes=12288 history_success=0 history_fail=1 x_calls=1 x_bytes=4160 x_success=1 x_fail=0 kb_calls=0 kb_bytes=0 kb_success=0 kb_fail=0 total=2 injected=1 history_level=0 x_level=1 kb_level=-1 shape_bad=0 x_each_worker_once=1
CASE_PASS m=65 n=9 sve16_entries=8 expected=8 old_entries=8 packed_entries=0 packed_expected=0
SHARED_ALLOC_PASS m=65 n=9 calls=2 injected=1 shared_first=1 later_X_success=1
ALLOC_PASS m=65 n=17 small=1 history_expected=1 history_calls=1 history_bytes=12288 history_success=0 history_fail=1 x_calls=1 x_bytes=4160 x_success=1 x_fail=0 kb_calls=0 kb_bytes=0 kb_success=0 kb_fail=0 total=2 injected=1 history_level=0 x_level=1 kb_level=-1 shape_bad=0 x_each_worker_once=1
CASE_PASS m=65 n=17 sve16_entries=12 expected=12 old_entries=12 packed_entries=0 packed_expected=0
SHARED_ALLOC_PASS m=65 n=17 calls=2 injected=1 shared_first=1 later_X_success=1
ALLOC_PASS m=255 n=1 small=1 history_expected=1 history_calls=1 history_bytes=215040 history_success=0 history_fail=1 x_calls=1 x_bytes=16320 x_success=1 x_fail=0 kb_calls=0 kb_bytes=0 kb_success=0 kb_fail=0 total=2 injected=1 history_level=0 x_level=1 kb_level=-1 shape_bad=0 x_each_worker_once=1
CASE_PASS m=255 n=1 sve16_entries=15 expected=15 old_entries=15 packed_entries=0 packed_expected=0
SHARED_ALLOC_PASS m=255 n=1 calls=2 injected=1 shared_first=1 later_X_success=1
ALLOC_PASS m=255 n=7 small=1 history_expected=1 history_calls=1 history_bytes=215040 history_success=0 history_fail=1 x_calls=1 x_bytes=16320 x_success=1 x_fail=0 kb_calls=0 kb_bytes=0 kb_success=0 kb_fail=0 total=2 injected=1 history_level=0 x_level=1 kb_level=-1 shape_bad=0 x_each_worker_once=1
CASE_PASS m=255 n=7 sve16_entries=15 expected=15 old_entries=15 packed_entries=0 packed_expected=0
SHARED_ALLOC_PASS m=255 n=7 calls=2 injected=1 shared_first=1 later_X_success=1
ALLOC_PASS m=255 n=8 small=1 history_expected=1 history_calls=1 history_bytes=215040 history_success=0 history_fail=1 x_calls=1 x_bytes=16320 x_success=1 x_fail=0 kb_calls=0 kb_bytes=0 kb_success=0 kb_fail=0 total=2 injected=1 history_level=0 x_level=1 kb_level=-1 shape_bad=0 x_each_worker_once=1
CASE_PASS m=255 n=8 sve16_entries=15 expected=15 old_entries=15 packed_entries=0 packed_expected=0
SHARED_ALLOC_PASS m=255 n=8 calls=2 injected=1 shared_first=1 later_X_success=1
ALLOC_PASS m=255 n=9 small=1 history_expected=1 history_calls=1 history_bytes=215040 history_success=0 history_fail=1 x_calls=1 x_bytes=16320 x_success=1 x_fail=0 kb_calls=0 kb_bytes=0 kb_success=0 kb_fail=0 total=2 injected=1 history_level=0 x_level=1 kb_level=-1 shape_bad=0 x_each_worker_once=1
CASE_PASS m=255 n=9 sve16_entries=30 expected=30 old_entries=30 packed_entries=0 packed_expected=0
SHARED_ALLOC_PASS m=255 n=9 calls=2 injected=1 shared_first=1 later_X_success=1
ALLOC_PASS m=255 n=17 small=1 history_expected=1 history_calls=1 history_bytes=215040 history_success=0 history_fail=1 x_calls=1 x_bytes=16320 x_success=1 x_fail=0 kb_calls=0 kb_bytes=0 kb_success=0 kb_fail=0 total=2 injected=1 history_level=0 x_level=1 kb_level=-1 shape_bad=0 x_each_worker_once=1
CASE_PASS m=255 n=17 sve16_entries=45 expected=45 old_entries=45 packed_entries=0 packed_expected=0
SHARED_ALLOC_PASS m=255 n=17 calls=2 injected=1 shared_first=1 later_X_success=1
ALLOC_PASS m=256 n=1 small=1 history_expected=1 history_calls=1 history_bytes=245760 history_success=0 history_fail=1 x_calls=1 x_bytes=16384 x_success=1 x_fail=0 kb_calls=0 kb_bytes=0 kb_success=0 kb_fail=0 total=2 injected=1 history_level=0 x_level=1 kb_level=-1 shape_bad=0 x_each_worker_once=1
CASE_PASS m=256 n=1 sve16_entries=16 expected=16 old_entries=16 packed_entries=0 packed_expected=0
SHARED_ALLOC_PASS m=256 n=1 calls=2 injected=1 shared_first=1 later_X_success=1
ALLOC_PASS m=256 n=7 small=1 history_expected=1 history_calls=1 history_bytes=245760 history_success=0 history_fail=1 x_calls=1 x_bytes=16384 x_success=1 x_fail=0 kb_calls=0 kb_bytes=0 kb_success=0 kb_fail=0 total=2 injected=1 history_level=0 x_level=1 kb_level=-1 shape_bad=0 x_each_worker_once=1
CASE_PASS m=256 n=7 sve16_entries=16 expected=16 old_entries=16 packed_entries=0 packed_expected=0
SHARED_ALLOC_PASS m=256 n=7 calls=2 injected=1 shared_first=1 later_X_success=1
ALLOC_PASS m=256 n=8 small=1 history_expected=1 history_calls=1 history_bytes=245760 history_success=0 history_fail=1 x_calls=1 x_bytes=16384 x_success=1 x_fail=0 kb_calls=0 kb_bytes=0 kb_success=0 kb_fail=0 total=2 injected=1 history_level=0 x_level=1 kb_level=-1 shape_bad=0 x_each_worker_once=1
CASE_PASS m=256 n=8 sve16_entries=16 expected=16 old_entries=16 packed_entries=0 packed_expected=0
SHARED_ALLOC_PASS m=256 n=8 calls=2 injected=1 shared_first=1 later_X_success=1
ALLOC_PASS m=256 n=9 small=1 history_expected=1 history_calls=1 history_bytes=245760 history_success=0 history_fail=1 x_calls=1 x_bytes=16384 x_success=1 x_fail=0 kb_calls=0 kb_bytes=0 kb_success=0 kb_fail=0 total=2 injected=1 history_level=0 x_level=1 kb_level=-1 shape_bad=0 x_each_worker_once=1
CASE_PASS m=256 n=9 sve16_entries=32 expected=32 old_entries=32 packed_entries=0 packed_expected=0
SHARED_ALLOC_PASS m=256 n=9 calls=2 injected=1 shared_first=1 later_X_success=1
ALLOC_PASS m=256 n=17 small=1 history_expected=1 history_calls=1 history_bytes=245760 history_success=0 history_fail=1 x_calls=1 x_bytes=16384 x_success=1 x_fail=0 kb_calls=0 kb_bytes=0 kb_success=0 kb_fail=0 total=2 injected=1 history_level=0 x_level=1 kb_level=-1 shape_bad=0 x_each_worker_once=1
CASE_PASS m=256 n=17 sve16_entries=48 expected=48 old_entries=48 packed_entries=0 packed_expected=0
SHARED_ALLOC_PASS m=256 n=17 calls=2 injected=1 shared_first=1 later_X_success=1
ALLOC_PASS m=257 n=1 small=1 history_expected=1 history_calls=1 history_bytes=245760 history_success=0 history_fail=1 x_calls=1 x_bytes=16448 x_success=1 x_fail=0 kb_calls=0 kb_bytes=0 kb_success=0 kb_fail=0 total=2 injected=1 history_level=0 x_level=1 kb_level=-1 shape_bad=0 x_each_worker_once=1
CASE_PASS m=257 n=1 sve16_entries=16 expected=16 old_entries=16 packed_entries=0 packed_expected=0
SHARED_ALLOC_PASS m=257 n=1 calls=2 injected=1 shared_first=1 later_X_success=1
ALLOC_PASS m=257 n=7 small=1 history_expected=1 history_calls=1 history_bytes=245760 history_success=0 history_fail=1 x_calls=1 x_bytes=16448 x_success=1 x_fail=0 kb_calls=0 kb_bytes=0 kb_success=0 kb_fail=0 total=2 injected=1 history_level=0 x_level=1 kb_level=-1 shape_bad=0 x_each_worker_once=1
CASE_PASS m=257 n=7 sve16_entries=16 expected=16 old_entries=16 packed_entries=0 packed_expected=0
SHARED_ALLOC_PASS m=257 n=7 calls=2 injected=1 shared_first=1 later_X_success=1
ALLOC_PASS m=257 n=8 small=1 history_expected=1 history_calls=1 history_bytes=245760 history_success=0 history_fail=1 x_calls=1 x_bytes=16448 x_success=1 x_fail=0 kb_calls=0 kb_bytes=0 kb_success=0 kb_fail=0 total=2 injected=1 history_level=0 x_level=1 kb_level=-1 shape_bad=0 x_each_worker_once=1
CASE_PASS m=257 n=8 sve16_entries=16 expected=16 old_entries=16 packed_entries=0 packed_expected=0
SHARED_ALLOC_PASS m=257 n=8 calls=2 injected=1 shared_first=1 later_X_success=1
ALLOC_PASS m=257 n=9 small=1 history_expected=1 history_calls=1 history_bytes=245760 history_success=0 history_fail=1 x_calls=1 x_bytes=16448 x_success=1 x_fail=0 kb_calls=0 kb_bytes=0 kb_success=0 kb_fail=0 total=2 injected=1 history_level=0 x_level=1 kb_level=-1 shape_bad=0 x_each_worker_once=1
CASE_PASS m=257 n=9 sve16_entries=32 expected=32 old_entries=32 packed_entries=0 packed_expected=0
SHARED_ALLOC_PASS m=257 n=9 calls=2 injected=1 shared_first=1 later_X_success=1
ALLOC_PASS m=257 n=17 small=1 history_expected=1 history_calls=1 history_bytes=245760 history_success=0 history_fail=1 x_calls=1 x_bytes=16448 x_success=1 x_fail=0 kb_calls=0 kb_bytes=0 kb_success=0 kb_fail=0 total=2 injected=1 history_level=0 x_level=1 kb_level=-1 shape_bad=0 x_each_worker_once=1
CASE_PASS m=257 n=17 sve16_entries=48 expected=48 old_entries=48 packed_entries=0 packed_expected=0
SHARED_ALLOC_PASS m=257 n=17 calls=2 injected=1 shared_first=1 later_X_success=1
ALLOCATION_SUMMARY_PASS cases=40 budget_cases=0 shared_injection_cases=40
PASS whole_cases=40 noop_cases=4 non_dyadic_long_double_RHS=1 padding_L_unchanged=1 max_error=1.1102230246251565e-16
SOURCE_FEATURES_PASS panel16=1 packedL16=1 has_budget=1 history_budget_bytes=4194304
MODE=shared-fail THREADS=4 NARROW_VL=0 EXPECT_SVE16=1 EXPECT_PACKEDL16=0
ALLOC_PASS m=32 n=1 small=1 history_expected=1 history_calls=1 history_bytes=2048 history_success=0 history_fail=1 x_calls=4 x_bytes=8192 x_success=4 x_fail=0 kb_calls=0 kb_bytes=0 kb_success=0 kb_fail=0 total=5 injected=1 history_level=0 x_level=1 kb_level=-1 shape_bad=0 x_each_worker_once=1
CASE_PASS m=32 n=1 sve16_entries=2 expected=2 old_entries=2 packed_entries=0 packed_expected=0
SHARED_ALLOC_PASS m=32 n=1 calls=5 injected=1 shared_first=1 later_X_success=4
ALLOC_PASS m=32 n=7 small=1 history_expected=1 history_calls=1 history_bytes=2048 history_success=0 history_fail=1 x_calls=4 x_bytes=8192 x_success=4 x_fail=0 kb_calls=0 kb_bytes=0 kb_success=0 kb_fail=0 total=5 injected=1 history_level=0 x_level=1 kb_level=-1 shape_bad=0 x_each_worker_once=1
CASE_PASS m=32 n=7 sve16_entries=2 expected=2 old_entries=2 packed_entries=0 packed_expected=0
SHARED_ALLOC_PASS m=32 n=7 calls=5 injected=1 shared_first=1 later_X_success=4
ALLOC_PASS m=32 n=8 small=1 history_expected=1 history_calls=1 history_bytes=2048 history_success=0 history_fail=1 x_calls=4 x_bytes=8192 x_success=4 x_fail=0 kb_calls=0 kb_bytes=0 kb_success=0 kb_fail=0 total=5 injected=1 history_level=0 x_level=1 kb_level=-1 shape_bad=0 x_each_worker_once=1
CASE_PASS m=32 n=8 sve16_entries=2 expected=2 old_entries=2 packed_entries=0 packed_expected=0
SHARED_ALLOC_PASS m=32 n=8 calls=5 injected=1 shared_first=1 later_X_success=4
ALLOC_PASS m=32 n=9 small=1 history_expected=1 history_calls=1 history_bytes=2048 history_success=0 history_fail=1 x_calls=4 x_bytes=8192 x_success=4 x_fail=0 kb_calls=0 kb_bytes=0 kb_success=0 kb_fail=0 total=5 injected=1 history_level=0 x_level=1 kb_level=-1 shape_bad=0 x_each_worker_once=1
CASE_PASS m=32 n=9 sve16_entries=4 expected=4 old_entries=4 packed_entries=0 packed_expected=0
SHARED_ALLOC_PASS m=32 n=9 calls=5 injected=1 shared_first=1 later_X_success=4
ALLOC_PASS m=32 n=17 small=1 history_expected=1 history_calls=1 history_bytes=2048 history_success=0 history_fail=1 x_calls=4 x_bytes=8192 x_success=4 x_fail=0 kb_calls=0 kb_bytes=0 kb_success=0 kb_fail=0 total=5 injected=1 history_level=0 x_level=1 kb_level=-1 shape_bad=0 x_each_worker_once=1
CASE_PASS m=32 n=17 sve16_entries=6 expected=6 old_entries=6 packed_entries=0 packed_expected=0
SHARED_ALLOC_PASS m=32 n=17 calls=5 injected=1 shared_first=1 later_X_success=4
ALLOC_PASS m=33 n=1 small=1 history_expected=1 history_calls=1 history_bytes=2048 history_success=0 history_fail=1 x_calls=4 x_bytes=8448 x_success=4 x_fail=0 kb_calls=0 kb_bytes=0 kb_success=0 kb_fail=0 total=5 injected=1 history_level=0 x_level=1 kb_level=-1 shape_bad=0 x_each_worker_once=1
CASE_PASS m=33 n=1 sve16_entries=2 expected=2 old_entries=2 packed_entries=0 packed_expected=0
SHARED_ALLOC_PASS m=33 n=1 calls=5 injected=1 shared_first=1 later_X_success=4
ALLOC_PASS m=33 n=7 small=1 history_expected=1 history_calls=1 history_bytes=2048 history_success=0 history_fail=1 x_calls=4 x_bytes=8448 x_success=4 x_fail=0 kb_calls=0 kb_bytes=0 kb_success=0 kb_fail=0 total=5 injected=1 history_level=0 x_level=1 kb_level=-1 shape_bad=0 x_each_worker_once=1
CASE_PASS m=33 n=7 sve16_entries=2 expected=2 old_entries=2 packed_entries=0 packed_expected=0
SHARED_ALLOC_PASS m=33 n=7 calls=5 injected=1 shared_first=1 later_X_success=4
ALLOC_PASS m=33 n=8 small=1 history_expected=1 history_calls=1 history_bytes=2048 history_success=0 history_fail=1 x_calls=4 x_bytes=8448 x_success=4 x_fail=0 kb_calls=0 kb_bytes=0 kb_success=0 kb_fail=0 total=5 injected=1 history_level=0 x_level=1 kb_level=-1 shape_bad=0 x_each_worker_once=1
CASE_PASS m=33 n=8 sve16_entries=2 expected=2 old_entries=2 packed_entries=0 packed_expected=0
SHARED_ALLOC_PASS m=33 n=8 calls=5 injected=1 shared_first=1 later_X_success=4
ALLOC_PASS m=33 n=9 small=1 history_expected=1 history_calls=1 history_bytes=2048 history_success=0 history_fail=1 x_calls=4 x_bytes=8448 x_success=4 x_fail=0 kb_calls=0 kb_bytes=0 kb_success=0 kb_fail=0 total=5 injected=1 history_level=0 x_level=1 kb_level=-1 shape_bad=0 x_each_worker_once=1
CASE_PASS m=33 n=9 sve16_entries=4 expected=4 old_entries=4 packed_entries=0 packed_expected=0
SHARED_ALLOC_PASS m=33 n=9 calls=5 injected=1 shared_first=1 later_X_success=4
ALLOC_PASS m=33 n=17 small=1 history_expected=1 history_calls=1 history_bytes=2048 history_success=0 history_fail=1 x_calls=4 x_bytes=8448 x_success=4 x_fail=0 kb_calls=0 kb_bytes=0 kb_success=0 kb_fail=0 total=5 injected=1 history_level=0 x_level=1 kb_level=-1 shape_bad=0 x_each_worker_once=1
CASE_PASS m=33 n=17 sve16_entries=6 expected=6 old_entries=6 packed_entries=0 packed_expected=0
SHARED_ALLOC_PASS m=33 n=17 calls=5 injected=1 shared_first=1 later_X_success=4
ALLOC_PASS m=63 n=1 small=1 history_expected=1 history_calls=1 history_bytes=6144 history_success=0 history_fail=1 x_calls=4 x_bytes=16128 x_success=4 x_fail=0 kb_calls=0 kb_bytes=0 kb_success=0 kb_fail=0 total=5 injected=1 history_level=0 x_level=1 kb_level=-1 shape_bad=0 x_each_worker_once=1
CASE_PASS m=63 n=1 sve16_entries=3 expected=3 old_entries=3 packed_entries=0 packed_expected=0
SHARED_ALLOC_PASS m=63 n=1 calls=5 injected=1 shared_first=1 later_X_success=4
ALLOC_PASS m=63 n=7 small=1 history_expected=1 history_calls=1 history_bytes=6144 history_success=0 history_fail=1 x_calls=4 x_bytes=16128 x_success=4 x_fail=0 kb_calls=0 kb_bytes=0 kb_success=0 kb_fail=0 total=5 injected=1 history_level=0 x_level=1 kb_level=-1 shape_bad=0 x_each_worker_once=1
CASE_PASS m=63 n=7 sve16_entries=3 expected=3 old_entries=3 packed_entries=0 packed_expected=0
SHARED_ALLOC_PASS m=63 n=7 calls=5 injected=1 shared_first=1 later_X_success=4
ALLOC_PASS m=63 n=8 small=1 history_expected=1 history_calls=1 history_bytes=6144 history_success=0 history_fail=1 x_calls=4 x_bytes=16128 x_success=4 x_fail=0 kb_calls=0 kb_bytes=0 kb_success=0 kb_fail=0 total=5 injected=1 history_level=0 x_level=1 kb_level=-1 shape_bad=0 x_each_worker_once=1
CASE_PASS m=63 n=8 sve16_entries=3 expected=3 old_entries=3 packed_entries=0 packed_expected=0
SHARED_ALLOC_PASS m=63 n=8 calls=5 injected=1 shared_first=1 later_X_success=4
ALLOC_PASS m=63 n=9 small=1 history_expected=1 history_calls=1 history_bytes=6144 history_success=0 history_fail=1 x_calls=4 x_bytes=16128 x_success=4 x_fail=0 kb_calls=0 kb_bytes=0 kb_success=0 kb_fail=0 total=5 injected=1 history_level=0 x_level=1 kb_level=-1 shape_bad=0 x_each_worker_once=1
CASE_PASS m=63 n=9 sve16_entries=6 expected=6 old_entries=6 packed_entries=0 packed_expected=0
SHARED_ALLOC_PASS m=63 n=9 calls=5 injected=1 shared_first=1 later_X_success=4
ALLOC_PASS m=63 n=17 small=1 history_expected=1 history_calls=1 history_bytes=6144 history_success=0 history_fail=1 x_calls=4 x_bytes=16128 x_success=4 x_fail=0 kb_calls=0 kb_bytes=0 kb_success=0 kb_fail=0 total=5 injected=1 history_level=0 x_level=1 kb_level=-1 shape_bad=0 x_each_worker_once=1
CASE_PASS m=63 n=17 sve16_entries=9 expected=9 old_entries=9 packed_entries=0 packed_expected=0
SHARED_ALLOC_PASS m=63 n=17 calls=5 injected=1 shared_first=1 later_X_success=4
ALLOC_PASS m=64 n=1 small=1 history_expected=1 history_calls=1 history_bytes=12288 history_success=0 history_fail=1 x_calls=4 x_bytes=16384 x_success=4 x_fail=0 kb_calls=0 kb_bytes=0 kb_success=0 kb_fail=0 total=5 injected=1 history_level=0 x_level=1 kb_level=-1 shape_bad=0 x_each_worker_once=1
CASE_PASS m=64 n=1 sve16_entries=4 expected=4 old_entries=4 packed_entries=0 packed_expected=0
SHARED_ALLOC_PASS m=64 n=1 calls=5 injected=1 shared_first=1 later_X_success=4
ALLOC_PASS m=64 n=7 small=1 history_expected=1 history_calls=1 history_bytes=12288 history_success=0 history_fail=1 x_calls=4 x_bytes=16384 x_success=4 x_fail=0 kb_calls=0 kb_bytes=0 kb_success=0 kb_fail=0 total=5 injected=1 history_level=0 x_level=1 kb_level=-1 shape_bad=0 x_each_worker_once=1
CASE_PASS m=64 n=7 sve16_entries=4 expected=4 old_entries=4 packed_entries=0 packed_expected=0
SHARED_ALLOC_PASS m=64 n=7 calls=5 injected=1 shared_first=1 later_X_success=4
ALLOC_PASS m=64 n=8 small=1 history_expected=1 history_calls=1 history_bytes=12288 history_success=0 history_fail=1 x_calls=4 x_bytes=16384 x_success=4 x_fail=0 kb_calls=0 kb_bytes=0 kb_success=0 kb_fail=0 total=5 injected=1 history_level=0 x_level=1 kb_level=-1 shape_bad=0 x_each_worker_once=1
CASE_PASS m=64 n=8 sve16_entries=4 expected=4 old_entries=4 packed_entries=0 packed_expected=0
SHARED_ALLOC_PASS m=64 n=8 calls=5 injected=1 shared_first=1 later_X_success=4
ALLOC_PASS m=64 n=9 small=1 history_expected=1 history_calls=1 history_bytes=12288 history_success=0 history_fail=1 x_calls=4 x_bytes=16384 x_success=4 x_fail=0 kb_calls=0 kb_bytes=0 kb_success=0 kb_fail=0 total=5 injected=1 history_level=0 x_level=1 kb_level=-1 shape_bad=0 x_each_worker_once=1
CASE_PASS m=64 n=9 sve16_entries=8 expected=8 old_entries=8 packed_entries=0 packed_expected=0
SHARED_ALLOC_PASS m=64 n=9 calls=5 injected=1 shared_first=1 later_X_success=4
ALLOC_PASS m=64 n=17 small=1 history_expected=1 history_calls=1 history_bytes=12288 history_success=0 history_fail=1 x_calls=4 x_bytes=16384 x_success=4 x_fail=0 kb_calls=0 kb_bytes=0 kb_success=0 kb_fail=0 total=5 injected=1 history_level=0 x_level=1 kb_level=-1 shape_bad=0 x_each_worker_once=1
CASE_PASS m=64 n=17 sve16_entries=12 expected=12 old_entries=12 packed_entries=0 packed_expected=0
SHARED_ALLOC_PASS m=64 n=17 calls=5 injected=1 shared_first=1 later_X_success=4
ALLOC_PASS m=65 n=1 small=1 history_expected=1 history_calls=1 history_bytes=12288 history_success=0 history_fail=1 x_calls=4 x_bytes=16640 x_success=4 x_fail=0 kb_calls=0 kb_bytes=0 kb_success=0 kb_fail=0 total=5 injected=1 history_level=0 x_level=1 kb_level=-1 shape_bad=0 x_each_worker_once=1
CASE_PASS m=65 n=1 sve16_entries=4 expected=4 old_entries=4 packed_entries=0 packed_expected=0
SHARED_ALLOC_PASS m=65 n=1 calls=5 injected=1 shared_first=1 later_X_success=4
ALLOC_PASS m=65 n=7 small=1 history_expected=1 history_calls=1 history_bytes=12288 history_success=0 history_fail=1 x_calls=4 x_bytes=16640 x_success=4 x_fail=0 kb_calls=0 kb_bytes=0 kb_success=0 kb_fail=0 total=5 injected=1 history_level=0 x_level=1 kb_level=-1 shape_bad=0 x_each_worker_once=1
CASE_PASS m=65 n=7 sve16_entries=4 expected=4 old_entries=4 packed_entries=0 packed_expected=0
SHARED_ALLOC_PASS m=65 n=7 calls=5 injected=1 shared_first=1 later_X_success=4
ALLOC_PASS m=65 n=8 small=1 history_expected=1 history_calls=1 history_bytes=12288 history_success=0 history_fail=1 x_calls=4 x_bytes=16640 x_success=4 x_fail=0 kb_calls=0 kb_bytes=0 kb_success=0 kb_fail=0 total=5 injected=1 history_level=0 x_level=1 kb_level=-1 shape_bad=0 x_each_worker_once=1
CASE_PASS m=65 n=8 sve16_entries=4 expected=4 old_entries=4 packed_entries=0 packed_expected=0
SHARED_ALLOC_PASS m=65 n=8 calls=5 injected=1 shared_first=1 later_X_success=4
ALLOC_PASS m=65 n=9 small=1 history_expected=1 history_calls=1 history_bytes=12288 history_success=0 history_fail=1 x_calls=4 x_bytes=16640 x_success=4 x_fail=0 kb_calls=0 kb_bytes=0 kb_success=0 kb_fail=0 total=5 injected=1 history_level=0 x_level=1 kb_level=-1 shape_bad=0 x_each_worker_once=1
CASE_PASS m=65 n=9 sve16_entries=8 expected=8 old_entries=8 packed_entries=0 packed_expected=0
SHARED_ALLOC_PASS m=65 n=9 calls=5 injected=1 shared_first=1 later_X_success=4
ALLOC_PASS m=65 n=17 small=1 history_expected=1 history_calls=1 history_bytes=12288 history_success=0 history_fail=1 x_calls=4 x_bytes=16640 x_success=4 x_fail=0 kb_calls=0 kb_bytes=0 kb_success=0 kb_fail=0 total=5 injected=1 history_level=0 x_level=1 kb_level=-1 shape_bad=0 x_each_worker_once=1
CASE_PASS m=65 n=17 sve16_entries=12 expected=12 old_entries=12 packed_entries=0 packed_expected=0
SHARED_ALLOC_PASS m=65 n=17 calls=5 injected=1 shared_first=1 later_X_success=4
ALLOC_PASS m=255 n=1 small=1 history_expected=1 history_calls=1 history_bytes=215040 history_success=0 history_fail=1 x_calls=4 x_bytes=65280 x_success=4 x_fail=0 kb_calls=0 kb_bytes=0 kb_success=0 kb_fail=0 total=5 injected=1 history_level=0 x_level=1 kb_level=-1 shape_bad=0 x_each_worker_once=1
CASE_PASS m=255 n=1 sve16_entries=15 expected=15 old_entries=15 packed_entries=0 packed_expected=0
SHARED_ALLOC_PASS m=255 n=1 calls=5 injected=1 shared_first=1 later_X_success=4
ALLOC_PASS m=255 n=7 small=1 history_expected=1 history_calls=1 history_bytes=215040 history_success=0 history_fail=1 x_calls=4 x_bytes=65280 x_success=4 x_fail=0 kb_calls=0 kb_bytes=0 kb_success=0 kb_fail=0 total=5 injected=1 history_level=0 x_level=1 kb_level=-1 shape_bad=0 x_each_worker_once=1
CASE_PASS m=255 n=7 sve16_entries=15 expected=15 old_entries=15 packed_entries=0 packed_expected=0
SHARED_ALLOC_PASS m=255 n=7 calls=5 injected=1 shared_first=1 later_X_success=4
ALLOC_PASS m=255 n=8 small=1 history_expected=1 history_calls=1 history_bytes=215040 history_success=0 history_fail=1 x_calls=4 x_bytes=65280 x_success=4 x_fail=0 kb_calls=0 kb_bytes=0 kb_success=0 kb_fail=0 total=5 injected=1 history_level=0 x_level=1 kb_level=-1 shape_bad=0 x_each_worker_once=1
CASE_PASS m=255 n=8 sve16_entries=15 expected=15 old_entries=15 packed_entries=0 packed_expected=0
SHARED_ALLOC_PASS m=255 n=8 calls=5 injected=1 shared_first=1 later_X_success=4
ALLOC_PASS m=255 n=9 small=1 history_expected=1 history_calls=1 history_bytes=215040 history_success=0 history_fail=1 x_calls=4 x_bytes=65280 x_success=4 x_fail=0 kb_calls=0 kb_bytes=0 kb_success=0 kb_fail=0 total=5 injected=1 history_level=0 x_level=1 kb_level=-1 shape_bad=0 x_each_worker_once=1
CASE_PASS m=255 n=9 sve16_entries=30 expected=30 old_entries=30 packed_entries=0 packed_expected=0
SHARED_ALLOC_PASS m=255 n=9 calls=5 injected=1 shared_first=1 later_X_success=4
ALLOC_PASS m=255 n=17 small=1 history_expected=1 history_calls=1 history_bytes=215040 history_success=0 history_fail=1 x_calls=4 x_bytes=65280 x_success=4 x_fail=0 kb_calls=0 kb_bytes=0 kb_success=0 kb_fail=0 total=5 injected=1 history_level=0 x_level=1 kb_level=-1 shape_bad=0 x_each_worker_once=1
CASE_PASS m=255 n=17 sve16_entries=45 expected=45 old_entries=45 packed_entries=0 packed_expected=0
SHARED_ALLOC_PASS m=255 n=17 calls=5 injected=1 shared_first=1 later_X_success=4
ALLOC_PASS m=256 n=1 small=1 history_expected=1 history_calls=1 history_bytes=245760 history_success=0 history_fail=1 x_calls=4 x_bytes=65536 x_success=4 x_fail=0 kb_calls=0 kb_bytes=0 kb_success=0 kb_fail=0 total=5 injected=1 history_level=0 x_level=1 kb_level=-1 shape_bad=0 x_each_worker_once=1
CASE_PASS m=256 n=1 sve16_entries=16 expected=16 old_entries=16 packed_entries=0 packed_expected=0
SHARED_ALLOC_PASS m=256 n=1 calls=5 injected=1 shared_first=1 later_X_success=4
ALLOC_PASS m=256 n=7 small=1 history_expected=1 history_calls=1 history_bytes=245760 history_success=0 history_fail=1 x_calls=4 x_bytes=65536 x_success=4 x_fail=0 kb_calls=0 kb_bytes=0 kb_success=0 kb_fail=0 total=5 injected=1 history_level=0 x_level=1 kb_level=-1 shape_bad=0 x_each_worker_once=1
CASE_PASS m=256 n=7 sve16_entries=16 expected=16 old_entries=16 packed_entries=0 packed_expected=0
SHARED_ALLOC_PASS m=256 n=7 calls=5 injected=1 shared_first=1 later_X_success=4
ALLOC_PASS m=256 n=8 small=1 history_expected=1 history_calls=1 history_bytes=245760 history_success=0 history_fail=1 x_calls=4 x_bytes=65536 x_success=4 x_fail=0 kb_calls=0 kb_bytes=0 kb_success=0 kb_fail=0 total=5 injected=1 history_level=0 x_level=1 kb_level=-1 shape_bad=0 x_each_worker_once=1
CASE_PASS m=256 n=8 sve16_entries=16 expected=16 old_entries=16 packed_entries=0 packed_expected=0
SHARED_ALLOC_PASS m=256 n=8 calls=5 injected=1 shared_first=1 later_X_success=4
ALLOC_PASS m=256 n=9 small=1 history_expected=1 history_calls=1 history_bytes=245760 history_success=0 history_fail=1 x_calls=4 x_bytes=65536 x_success=4 x_fail=0 kb_calls=0 kb_bytes=0 kb_success=0 kb_fail=0 total=5 injected=1 history_level=0 x_level=1 kb_level=-1 shape_bad=0 x_each_worker_once=1
CASE_PASS m=256 n=9 sve16_entries=32 expected=32 old_entries=32 packed_entries=0 packed_expected=0
SHARED_ALLOC_PASS m=256 n=9 calls=5 injected=1 shared_first=1 later_X_success=4
ALLOC_PASS m=256 n=17 small=1 history_expected=1 history_calls=1 history_bytes=245760 history_success=0 history_fail=1 x_calls=4 x_bytes=65536 x_success=4 x_fail=0 kb_calls=0 kb_bytes=0 kb_success=0 kb_fail=0 total=5 injected=1 history_level=0 x_level=1 kb_level=-1 shape_bad=0 x_each_worker_once=1
CASE_PASS m=256 n=17 sve16_entries=48 expected=48 old_entries=48 packed_entries=0 packed_expected=0
SHARED_ALLOC_PASS m=256 n=17 calls=5 injected=1 shared_first=1 later_X_success=4
ALLOC_PASS m=257 n=1 small=1 history_expected=1 history_calls=1 history_bytes=245760 history_success=0 history_fail=1 x_calls=4 x_bytes=65792 x_success=4 x_fail=0 kb_calls=0 kb_bytes=0 kb_success=0 kb_fail=0 total=5 injected=1 history_level=0 x_level=1 kb_level=-1 shape_bad=0 x_each_worker_once=1
CASE_PASS m=257 n=1 sve16_entries=16 expected=16 old_entries=16 packed_entries=0 packed_expected=0
SHARED_ALLOC_PASS m=257 n=1 calls=5 injected=1 shared_first=1 later_X_success=4
ALLOC_PASS m=257 n=7 small=1 history_expected=1 history_calls=1 history_bytes=245760 history_success=0 history_fail=1 x_calls=4 x_bytes=65792 x_success=4 x_fail=0 kb_calls=0 kb_bytes=0 kb_success=0 kb_fail=0 total=5 injected=1 history_level=0 x_level=1 kb_level=-1 shape_bad=0 x_each_worker_once=1
CASE_PASS m=257 n=7 sve16_entries=16 expected=16 old_entries=16 packed_entries=0 packed_expected=0
SHARED_ALLOC_PASS m=257 n=7 calls=5 injected=1 shared_first=1 later_X_success=4
ALLOC_PASS m=257 n=8 small=1 history_expected=1 history_calls=1 history_bytes=245760 history_success=0 history_fail=1 x_calls=4 x_bytes=65792 x_success=4 x_fail=0 kb_calls=0 kb_bytes=0 kb_success=0 kb_fail=0 total=5 injected=1 history_level=0 x_level=1 kb_level=-1 shape_bad=0 x_each_worker_once=1
CASE_PASS m=257 n=8 sve16_entries=16 expected=16 old_entries=16 packed_entries=0 packed_expected=0
SHARED_ALLOC_PASS m=257 n=8 calls=5 injected=1 shared_first=1 later_X_success=4
ALLOC_PASS m=257 n=9 small=1 history_expected=1 history_calls=1 history_bytes=245760 history_success=0 history_fail=1 x_calls=4 x_bytes=65792 x_success=4 x_fail=0 kb_calls=0 kb_bytes=0 kb_success=0 kb_fail=0 total=5 injected=1 history_level=0 x_level=1 kb_level=-1 shape_bad=0 x_each_worker_once=1
CASE_PASS m=257 n=9 sve16_entries=32 expected=32 old_entries=32 packed_entries=0 packed_expected=0
SHARED_ALLOC_PASS m=257 n=9 calls=5 injected=1 shared_first=1 later_X_success=4
ALLOC_PASS m=257 n=17 small=1 history_expected=1 history_calls=1 history_bytes=245760 history_success=0 history_fail=1 x_calls=4 x_bytes=65792 x_success=4 x_fail=0 kb_calls=0 kb_bytes=0 kb_success=0 kb_fail=0 total=5 injected=1 history_level=0 x_level=1 kb_level=-1 shape_bad=0 x_each_worker_once=1
CASE_PASS m=257 n=17 sve16_entries=48 expected=48 old_entries=48 packed_entries=0 packed_expected=0
SHARED_ALLOC_PASS m=257 n=17 calls=5 injected=1 shared_first=1 later_X_success=4
ALLOCATION_SUMMARY_PASS cases=40 budget_cases=0 shared_injection_cases=40
PASS whole_cases=40 noop_cases=4 non_dyadic_long_double_RHS=1 padding_L_unchanged=1 max_error=1.1102230246251565e-16
SOURCE_FEATURES_PASS panel16=1 packedL16=1 has_budget=1 history_budget_bytes=4194304
MODE=budget THREADS=1 NARROW_VL=0 EXPECT_SVE16=1 EXPECT_PACKEDL16=1
ALLOC_PASS m=1023 n=9 small=1 history_expected=1 history_calls=1 history_bytes=3999744 history_success=1 history_fail=0 x_calls=1 x_bytes=65472 x_success=1 x_fail=0 kb_calls=0 kb_bytes=0 kb_success=0 kb_fail=0 total=2 injected=0 history_level=0 x_level=1 kb_level=-1 shape_bad=0 x_each_worker_once=1
CASE_PASS m=1023 n=9 sve16_entries=126 expected=126 old_entries=2 packed_entries=124 packed_expected=124
ALLOC_PASS m=1024 n=9 small=1 history_expected=1 history_calls=1 history_bytes=4128768 history_success=1 history_fail=0 x_calls=1 x_bytes=65536 x_success=1 x_fail=0 kb_calls=0 kb_bytes=0 kb_success=0 kb_fail=0 total=2 injected=0 history_level=0 x_level=1 kb_level=-1 shape_bad=0 x_each_worker_once=1
CASE_PASS m=1024 n=9 sve16_entries=128 expected=128 old_entries=2 packed_entries=126 packed_expected=126
ALLOC_PASS m=1039 n=9 small=1 history_expected=1 history_calls=1 history_bytes=4128768 history_success=1 history_fail=0 x_calls=1 x_bytes=66496 x_success=1 x_fail=0 kb_calls=0 kb_bytes=0 kb_success=0 kb_fail=0 total=2 injected=0 history_level=0 x_level=1 kb_level=-1 shape_bad=0 x_each_worker_once=1
CASE_PASS m=1039 n=9 sve16_entries=128 expected=128 old_entries=2 packed_entries=126 packed_expected=126
ALLOC_PASS m=1040 n=9 small=1 history_expected=0 history_calls=0 history_bytes=0 history_success=0 history_fail=0 x_calls=1 x_bytes=66560 x_success=1 x_fail=0 kb_calls=0 kb_bytes=0 kb_success=0 kb_fail=0 total=1 injected=0 history_level=-1 x_level=1 kb_level=-1 shape_bad=0 x_each_worker_once=1
CASE_PASS m=1040 n=9 sve16_entries=130 expected=130 old_entries=130 packed_entries=0 packed_expected=0
ALLOC_PASS m=1041 n=9 small=1 history_expected=0 history_calls=0 history_bytes=0 history_success=0 history_fail=0 x_calls=1 x_bytes=66624 x_success=1 x_fail=0 kb_calls=0 kb_bytes=0 kb_success=0 kb_fail=0 total=1 injected=0 history_level=-1 x_level=1 kb_level=-1 shape_bad=0 x_each_worker_once=1
CASE_PASS m=1041 n=9 sve16_entries=130 expected=130 old_entries=130 packed_entries=0 packed_expected=0
ALLOCATION_SUMMARY_PASS cases=5 budget_cases=5 shared_injection_cases=0
PASS whole_cases=5 noop_cases=4 non_dyadic_long_double_RHS=1 padding_L_unchanged=1 max_error=1.1102230246251565e-16
SOURCE_FEATURES_PASS panel16=1 packedL16=1 has_budget=1 history_budget_bytes=4194304
MODE=budget THREADS=4 NARROW_VL=0 EXPECT_SVE16=1 EXPECT_PACKEDL16=1
ALLOC_PASS m=1023 n=9 small=1 history_expected=1 history_calls=1 history_bytes=3999744 history_success=1 history_fail=0 x_calls=4 x_bytes=261888 x_success=4 x_fail=0 kb_calls=0 kb_bytes=0 kb_success=0 kb_fail=0 total=5 injected=0 history_level=0 x_level=1 kb_level=-1 shape_bad=0 x_each_worker_once=1
CASE_PASS m=1023 n=9 sve16_entries=126 expected=126 old_entries=2 packed_entries=124 packed_expected=124
ALLOC_PASS m=1024 n=9 small=1 history_expected=1 history_calls=1 history_bytes=4128768 history_success=1 history_fail=0 x_calls=4 x_bytes=262144 x_success=4 x_fail=0 kb_calls=0 kb_bytes=0 kb_success=0 kb_fail=0 total=5 injected=0 history_level=0 x_level=1 kb_level=-1 shape_bad=0 x_each_worker_once=1
CASE_PASS m=1024 n=9 sve16_entries=128 expected=128 old_entries=2 packed_entries=126 packed_expected=126
ALLOC_PASS m=1039 n=9 small=1 history_expected=1 history_calls=1 history_bytes=4128768 history_success=1 history_fail=0 x_calls=4 x_bytes=265984 x_success=4 x_fail=0 kb_calls=0 kb_bytes=0 kb_success=0 kb_fail=0 total=5 injected=0 history_level=0 x_level=1 kb_level=-1 shape_bad=0 x_each_worker_once=1
CASE_PASS m=1039 n=9 sve16_entries=128 expected=128 old_entries=2 packed_entries=126 packed_expected=126
ALLOC_PASS m=1040 n=9 small=1 history_expected=0 history_calls=0 history_bytes=0 history_success=0 history_fail=0 x_calls=4 x_bytes=266240 x_success=4 x_fail=0 kb_calls=0 kb_bytes=0 kb_success=0 kb_fail=0 total=4 injected=0 history_level=-1 x_level=1 kb_level=-1 shape_bad=0 x_each_worker_once=1
CASE_PASS m=1040 n=9 sve16_entries=130 expected=130 old_entries=130 packed_entries=0 packed_expected=0
ALLOC_PASS m=1041 n=9 small=1 history_expected=0 history_calls=0 history_bytes=0 history_success=0 history_fail=0 x_calls=4 x_bytes=266496 x_success=4 x_fail=0 kb_calls=0 kb_bytes=0 kb_success=0 kb_fail=0 total=4 injected=0 history_level=-1 x_level=1 kb_level=-1 shape_bad=0 x_each_worker_once=1
CASE_PASS m=1041 n=9 sve16_entries=130 expected=130 old_entries=130 packed_entries=0 packed_expected=0
ALLOCATION_SUMMARY_PASS cases=5 budget_cases=5 shared_injection_cases=0
PASS whole_cases=5 noop_cases=4 non_dyadic_long_double_RHS=1 padding_L_unchanged=1 max_error=1.1102230246251565e-16
SOURCE_FEATURES_PASS panel16=1 packedL16=1 has_budget=1 history_budget_bytes=4194304
MODE=budget-smoke THREADS=38 NARROW_VL=0 EXPECT_SVE16=1 EXPECT_PACKEDL16=1
ALLOC_PASS m=1039 n=313 small=1 history_expected=1 history_calls=1 history_bytes=4128768 history_success=1 history_fail=0 x_calls=38 x_bytes=2526848 x_success=38 x_fail=0 kb_calls=0 kb_bytes=0 kb_success=0 kb_fail=0 total=39 injected=0 history_level=0 x_level=1 kb_level=-1 shape_bad=0 x_each_worker_once=1
CASE_PASS m=1039 n=313 sve16_entries=2560 expected=2560 old_entries=40 packed_entries=2520 packed_expected=2520
ALLOC_PASS m=1040 n=313 small=1 history_expected=0 history_calls=0 history_bytes=0 history_success=0 history_fail=0 x_calls=38 x_bytes=2529280 x_success=38 x_fail=0 kb_calls=0 kb_bytes=0 kb_success=0 kb_fail=0 total=38 injected=0 history_level=-1 x_level=1 kb_level=-1 shape_bad=0 x_each_worker_once=1
CASE_PASS m=1040 n=313 sve16_entries=2600 expected=2600 old_entries=2600 packed_entries=0 packed_expected=0
ALLOCATION_SUMMARY_PASS cases=2 budget_cases=2 shared_injection_cases=0
PASS whole_cases=2 noop_cases=4 non_dyadic_long_double_RHS=1 padding_L_unchanged=1 max_error=1.1102230246251565e-16
SOURCE_FEATURES_PASS panel16=1 packedL16=1 has_budget=1 history_budget_bytes=4194304
MODE=budget THREADS=4 NARROW_VL=0 EXPECT_SVE16=0 EXPECT_PACKEDL16=0
ALLOC_PASS m=1023 n=9 small=1 history_expected=1 history_calls=1 history_bytes=3999744 history_success=1 history_fail=0 x_calls=4 x_bytes=261888 x_success=0 x_fail=4 kb_calls=0 kb_bytes=0 kb_success=0 kb_fail=0 total=5 injected=4 history_level=0 x_level=1 kb_level=-1 shape_bad=0 x_each_worker_once=1
CASE_PASS m=1023 n=9 sve16_entries=0 expected=0 old_entries=0 packed_entries=0 packed_expected=0
ALLOC_PASS m=1024 n=9 small=1 history_expected=1 history_calls=1 history_bytes=4128768 history_success=1 history_fail=0 x_calls=4 x_bytes=262144 x_success=0 x_fail=4 kb_calls=0 kb_bytes=0 kb_success=0 kb_fail=0 total=5 injected=4 history_level=0 x_level=1 kb_level=-1 shape_bad=0 x_each_worker_once=1
CASE_PASS m=1024 n=9 sve16_entries=0 expected=0 old_entries=0 packed_entries=0 packed_expected=0
ALLOC_PASS m=1039 n=9 small=1 history_expected=1 history_calls=1 history_bytes=4128768 history_success=1 history_fail=0 x_calls=4 x_bytes=265984 x_success=0 x_fail=4 kb_calls=0 kb_bytes=0 kb_success=0 kb_fail=0 total=5 injected=4 history_level=0 x_level=1 kb_level=-1 shape_bad=0 x_each_worker_once=1
CASE_PASS m=1039 n=9 sve16_entries=0 expected=0 old_entries=0 packed_entries=0 packed_expected=0
ALLOC_PASS m=1040 n=9 small=1 history_expected=0 history_calls=0 history_bytes=0 history_success=0 history_fail=0 x_calls=4 x_bytes=266240 x_success=0 x_fail=4 kb_calls=0 kb_bytes=0 kb_success=0 kb_fail=0 total=4 injected=4 history_level=-1 x_level=1 kb_level=-1 shape_bad=0 x_each_worker_once=1
CASE_PASS m=1040 n=9 sve16_entries=0 expected=0 old_entries=0 packed_entries=0 packed_expected=0
ALLOC_PASS m=1041 n=9 small=1 history_expected=0 history_calls=0 history_bytes=0 history_success=0 history_fail=0 x_calls=4 x_bytes=266496 x_success=0 x_fail=4 kb_calls=0 kb_bytes=0 kb_success=0 kb_fail=0 total=4 injected=4 history_level=-1 x_level=1 kb_level=-1 shape_bad=0 x_each_worker_once=1
CASE_PASS m=1041 n=9 sve16_entries=0 expected=0 old_entries=0 packed_entries=0 packed_expected=0
ALLOCATION_SUMMARY_PASS cases=5 budget_cases=5 shared_injection_cases=0
PASS whole_cases=5 noop_cases=4 non_dyadic_long_double_RHS=1 padding_L_unchanged=1 max_error=1.1102230246251565e-16
SOURCE_FEATURES_PASS panel16=1 packedL16=1 has_budget=1 history_budget_bytes=4194304
MODE=budget THREADS=4 NARROW_VL=0 EXPECT_SVE16=0 EXPECT_PACKEDL16=0
ALLOC_PASS m=1023 n=9 small=1 history_expected=0 history_calls=0 history_bytes=0 history_success=0 history_fail=0 x_calls=4 x_bytes=261888 x_success=4 x_fail=0 kb_calls=0 kb_bytes=0 kb_success=0 kb_fail=0 total=4 injected=0 history_level=-1 x_level=1 kb_level=-1 shape_bad=0 x_each_worker_once=1
CASE_PASS m=1023 n=9 sve16_entries=0 expected=0 old_entries=0 packed_entries=0 packed_expected=0
ALLOC_PASS m=1024 n=9 small=1 history_expected=0 history_calls=0 history_bytes=0 history_success=0 history_fail=0 x_calls=4 x_bytes=262144 x_success=4 x_fail=0 kb_calls=0 kb_bytes=0 kb_success=0 kb_fail=0 total=4 injected=0 history_level=-1 x_level=1 kb_level=-1 shape_bad=0 x_each_worker_once=1
CASE_PASS m=1024 n=9 sve16_entries=0 expected=0 old_entries=0 packed_entries=0 packed_expected=0
ALLOC_PASS m=1039 n=9 small=1 history_expected=0 history_calls=0 history_bytes=0 history_success=0 history_fail=0 x_calls=4 x_bytes=265984 x_success=4 x_fail=0 kb_calls=0 kb_bytes=0 kb_success=0 kb_fail=0 total=4 injected=0 history_level=-1 x_level=1 kb_level=-1 shape_bad=0 x_each_worker_once=1
CASE_PASS m=1039 n=9 sve16_entries=0 expected=0 old_entries=0 packed_entries=0 packed_expected=0
ALLOC_PASS m=1040 n=9 small=1 history_expected=0 history_calls=0 history_bytes=0 history_success=0 history_fail=0 x_calls=4 x_bytes=266240 x_success=4 x_fail=0 kb_calls=0 kb_bytes=0 kb_success=0 kb_fail=0 total=4 injected=0 history_level=-1 x_level=1 kb_level=-1 shape_bad=0 x_each_worker_once=1
CASE_PASS m=1040 n=9 sve16_entries=0 expected=0 old_entries=0 packed_entries=0 packed_expected=0
ALLOC_PASS m=1041 n=9 small=1 history_expected=0 history_calls=0 history_bytes=0 history_success=0 history_fail=0 x_calls=4 x_bytes=266496 x_success=4 x_fail=0 kb_calls=0 kb_bytes=0 kb_success=0 kb_fail=0 total=4 injected=0 history_level=-1 x_level=1 kb_level=-1 shape_bad=0 x_each_worker_once=1
CASE_PASS m=1041 n=9 sve16_entries=0 expected=0 old_entries=0 packed_entries=0 packed_expected=0
ALLOCATION_SUMMARY_PASS cases=5 budget_cases=5 shared_injection_cases=0
PASS whole_cases=5 noop_cases=4 non_dyadic_long_double_RHS=1 padding_L_unchanged=1 max_error=1.1102230246251565e-16
SOURCE_FEATURES_PASS panel16=1 packedL16=1 has_budget=1 history_budget_bytes=4194304
MODE=budget THREADS=4 NARROW_VL=1 EXPECT_SVE16=0 EXPECT_PACKEDL16=0
ALLOC_PASS m=1023 n=9 small=1 history_expected=1 history_calls=1 history_bytes=3999744 history_success=1 history_fail=0 x_calls=4 x_bytes=261888 x_success=4 x_fail=0 kb_calls=0 kb_bytes=0 kb_success=0 kb_fail=0 total=5 injected=0 history_level=0 x_level=1 kb_level=-1 shape_bad=0 x_each_worker_once=1
CASE_PASS m=1023 n=9 sve16_entries=0 expected=0 old_entries=0 packed_entries=0 packed_expected=0
ALLOC_PASS m=1024 n=9 small=1 history_expected=1 history_calls=1 history_bytes=4128768 history_success=1 history_fail=0 x_calls=4 x_bytes=262144 x_success=4 x_fail=0 kb_calls=0 kb_bytes=0 kb_success=0 kb_fail=0 total=5 injected=0 history_level=0 x_level=1 kb_level=-1 shape_bad=0 x_each_worker_once=1
CASE_PASS m=1024 n=9 sve16_entries=0 expected=0 old_entries=0 packed_entries=0 packed_expected=0
ALLOC_PASS m=1039 n=9 small=1 history_expected=1 history_calls=1 history_bytes=4128768 history_success=1 history_fail=0 x_calls=4 x_bytes=265984 x_success=4 x_fail=0 kb_calls=0 kb_bytes=0 kb_success=0 kb_fail=0 total=5 injected=0 history_level=0 x_level=1 kb_level=-1 shape_bad=0 x_each_worker_once=1
CASE_PASS m=1039 n=9 sve16_entries=0 expected=0 old_entries=0 packed_entries=0 packed_expected=0
ALLOC_PASS m=1040 n=9 small=1 history_expected=0 history_calls=0 history_bytes=0 history_success=0 history_fail=0 x_calls=4 x_bytes=266240 x_success=4 x_fail=0 kb_calls=0 kb_bytes=0 kb_success=0 kb_fail=0 total=4 injected=0 history_level=-1 x_level=1 kb_level=-1 shape_bad=0 x_each_worker_once=1
CASE_PASS m=1040 n=9 sve16_entries=0 expected=0 old_entries=0 packed_entries=0 packed_expected=0
ALLOC_PASS m=1041 n=9 small=1 history_expected=0 history_calls=0 history_bytes=0 history_success=0 history_fail=0 x_calls=4 x_bytes=266496 x_success=4 x_fail=0 kb_calls=0 kb_bytes=0 kb_success=0 kb_fail=0 total=4 injected=0 history_level=-1 x_level=1 kb_level=-1 shape_bad=0 x_each_worker_once=1
CASE_PASS m=1041 n=9 sve16_entries=0 expected=0 old_entries=0 packed_entries=0 packed_expected=0
ALLOCATION_SUMMARY_PASS cases=5 budget_cases=5 shared_injection_cases=0
PASS whole_cases=5 noop_cases=4 non_dyadic_long_double_RHS=1 padding_L_unchanged=1 max_error=1.1102230246251565e-16
SOURCE_FEATURES_PASS panel16=1 packedL16=1 has_budget=1 history_budget_bytes=4194304
MODE=budget THREADS=4 NARROW_VL=0 EXPECT_SVE16=1 EXPECT_PACKEDL16=0
ALLOC_PASS m=1023 n=9 small=1 history_expected=1 history_calls=1 history_bytes=3999744 history_success=0 history_fail=1 x_calls=4 x_bytes=261888 x_success=4 x_fail=0 kb_calls=0 kb_bytes=0 kb_success=0 kb_fail=0 total=5 injected=1 history_level=0 x_level=1 kb_level=-1 shape_bad=0 x_each_worker_once=1
CASE_PASS m=1023 n=9 sve16_entries=126 expected=126 old_entries=126 packed_entries=0 packed_expected=0
SHARED_ALLOC_PASS m=1023 n=9 calls=5 injected=1 shared_first=1 later_X_success=4
ALLOC_PASS m=1024 n=9 small=1 history_expected=1 history_calls=1 history_bytes=4128768 history_success=0 history_fail=1 x_calls=4 x_bytes=262144 x_success=4 x_fail=0 kb_calls=0 kb_bytes=0 kb_success=0 kb_fail=0 total=5 injected=1 history_level=0 x_level=1 kb_level=-1 shape_bad=0 x_each_worker_once=1
CASE_PASS m=1024 n=9 sve16_entries=128 expected=128 old_entries=128 packed_entries=0 packed_expected=0
SHARED_ALLOC_PASS m=1024 n=9 calls=5 injected=1 shared_first=1 later_X_success=4
ALLOC_PASS m=1039 n=9 small=1 history_expected=1 history_calls=1 history_bytes=4128768 history_success=0 history_fail=1 x_calls=4 x_bytes=265984 x_success=4 x_fail=0 kb_calls=0 kb_bytes=0 kb_success=0 kb_fail=0 total=5 injected=1 history_level=0 x_level=1 kb_level=-1 shape_bad=0 x_each_worker_once=1
CASE_PASS m=1039 n=9 sve16_entries=128 expected=128 old_entries=128 packed_entries=0 packed_expected=0
SHARED_ALLOC_PASS m=1039 n=9 calls=5 injected=1 shared_first=1 later_X_success=4
ALLOC_PASS m=1040 n=9 small=1 history_expected=0 history_calls=0 history_bytes=0 history_success=0 history_fail=0 x_calls=4 x_bytes=266240 x_success=4 x_fail=0 kb_calls=0 kb_bytes=0 kb_success=0 kb_fail=0 total=4 injected=0 history_level=-1 x_level=1 kb_level=-1 shape_bad=0 x_each_worker_once=1
CASE_PASS m=1040 n=9 sve16_entries=130 expected=130 old_entries=130 packed_entries=0 packed_expected=0
ALLOC_PASS m=1041 n=9 small=1 history_expected=0 history_calls=0 history_bytes=0 history_success=0 history_fail=0 x_calls=4 x_bytes=266496 x_success=4 x_fail=0 kb_calls=0 kb_bytes=0 kb_success=0 kb_fail=0 total=4 injected=0 history_level=-1 x_level=1 kb_level=-1 shape_bad=0 x_each_worker_once=1
CASE_PASS m=1041 n=9 sve16_entries=130 expected=130 old_entries=130 packed_entries=0 packed_expected=0
ALLOCATION_SUMMARY_PASS cases=5 budget_cases=5 shared_injection_cases=3
PASS whole_cases=5 noop_cases=4 non_dyadic_long_double_RHS=1 padding_L_unchanged=1 max_error=1.1102230246251565e-16
TRSM_PREFLIGHT_COMPLETE=1 MICRO_CASES=28 WHOLE_CASES=518 NOOP_CASES=64 OLD_MICRO_CASES=14 PACKED_MICRO_CASES=14 SHARED_FAIL_CASES=83 ALLOCATION_CASES=518 BUDGET_CASES=32 BUDGET_SHARED_INJECTIONS=3
{"allowed_cpu_count": 38, "allowed_cpus": [76, 77, 78, 79, 80, 81, 82, 83, 84, 85, 86, 87, 88, 89, 90, 91, 92, 93, 94, 95, 96, 97, 98, 99, 100, 101, 102, 103, 104, 105, 106, 107, 108, 109, 110, 111, 112, 113], "guard_pass": true, "host": "COMPUTE_NODE_1", "numa_nodes": ["node2"], "scheduler_job_id": "1579861"}
gcc (gcc for openEuler 3.0.2) 12.3.1
Copyright (C) 2022 Free Software Foundation, Inc.
This is free software; see the source for copying conditions.  There is NO
warranty; not even for MERCHANTABILITY or FITNESS FOR A PARTICULAR PURPOSE.

INSTRUMENTED_SOURCE_PASS kernel_hook=1 original_modified=0
SOURCE_FEATURES_PASS panel16=1 packedL16=1 has_budget=1 history_budget_bytes=4194304 panel8x16=1
MODE=micro THREADS=1 NARROW_VL=0 EXPECT_SVE16=1 EXPECT_PACKEDL16=1
PASS micro_cases=14 ordered_FMA_bitwise=1 prefix_padding_L_unchanged=1 history_unchanged=1
SOURCE_FEATURES_PASS panel16=1 packedL16=1 has_budget=1 history_budget_bytes=4194304 panel8x16=1
MODE=packed-micro THREADS=1 NARROW_VL=0 EXPECT_SVE16=1 EXPECT_PACKEDL16=1
PASS packed_micro_cases=14 ordered_FMA_bitwise=1 prefix_padding_L_unchanged=1 history_unchanged=1
SOURCE_FEATURES_PASS panel16=1 packedL16=1 has_budget=1 history_budget_bytes=4194304 panel8x16=1
MODE=wide-micro THREADS=1 NARROW_VL=0 EXPECT_SVE16=1 EXPECT_PACKEDL16=1
WIDE_MICRO_PASS start=0 lda=9 calls=1 arguments=1 bad=0 panel_stride=64
WIDE_MICRO_PASS start=0 lda=15 calls=1 arguments=1 bad=0 panel_stride=64
WIDE_MICRO_PASS start=1 lda=10 calls=1 arguments=1 bad=0 panel_stride=72
WIDE_MICRO_PASS start=1 lda=16 calls=1 arguments=1 bad=0 panel_stride=72
WIDE_MICRO_PASS start=7 lda=16 calls=1 arguments=1 bad=0 panel_stride=120
WIDE_MICRO_PASS start=7 lda=22 calls=1 arguments=1 bad=0 panel_stride=120
WIDE_MICRO_PASS start=8 lda=17 calls=1 arguments=1 bad=0 panel_stride=128
WIDE_MICRO_PASS start=8 lda=23 calls=1 arguments=1 bad=0 panel_stride=128
WIDE_MICRO_PASS start=9 lda=18 calls=1 arguments=1 bad=0 panel_stride=136
WIDE_MICRO_PASS start=9 lda=24 calls=1 arguments=1 bad=0 panel_stride=136
WIDE_MICRO_PASS start=15 lda=24 calls=1 arguments=1 bad=0 panel_stride=184
WIDE_MICRO_PASS start=15 lda=30 calls=1 arguments=1 bad=0 panel_stride=184
WIDE_MICRO_PASS start=16 lda=25 calls=1 arguments=1 bad=0 panel_stride=192
WIDE_MICRO_PASS start=16 lda=31 calls=1 arguments=1 bad=0 panel_stride=192
WIDE_MICRO_PASS start=255 lda=264 calls=1 arguments=1 bad=0 panel_stride=2104
WIDE_MICRO_PASS start=255 lda=270 calls=1 arguments=1 bad=0 panel_stride=2104
WIDE_MICRO_PASS start=256 lda=265 calls=1 arguments=1 bad=0 panel_stride=2112
WIDE_MICRO_PASS start=256 lda=271 calls=1 arguments=1 bad=0 panel_stride=2112
PASS wide_micro_cases=18 ordered_FMA_bitwise=1 prefix_padding_L_unchanged=1 two_panels_unchanged_outside_rows=1
SOURCE_FEATURES_PASS panel16=1 packedL16=1 has_budget=1 history_budget_bytes=4194304 panel8x16=1
MODE=full THREADS=1 NARROW_VL=0 EXPECT_SVE16=1 EXPECT_PACKEDL16=1
ALLOC_PASS m=1 n=1 small=1 wide_path=0 history_expected=0 history_calls=0 history_bytes=0 history_success=0 history_fail=0 x_calls=1 x_bytes=64 x_success=1 x_fail=0 kb_calls=0 kb_bytes=0 kb_success=0 kb_fail=0 total=1 injected=0 history_level=-1 x_level=1 kb_level=-1 shape_bad=0 x_each_worker_once=1
CASE_PASS m=1 n=1 sve16_entries=0 expected=0 old_entries=0 packed_entries=0 packed_expected=0 wide_entries=0 wide_expected=0 wrapper_entries=0 wrapper_expected=0
ARGUMENTS_PASS m=1 n=1 calls=0 bad=0 expected_panel_stride=8
ALLOC_PASS m=1 n=7 small=1 wide_path=0 history_expected=0 history_calls=0 history_bytes=0 history_success=0 history_fail=0 x_calls=1 x_bytes=64 x_success=1 x_fail=0 kb_calls=0 kb_bytes=0 kb_success=0 kb_fail=0 total=1 injected=0 history_level=-1 x_level=1 kb_level=-1 shape_bad=0 x_each_worker_once=1
CASE_PASS m=1 n=7 sve16_entries=0 expected=0 old_entries=0 packed_entries=0 packed_expected=0 wide_entries=0 wide_expected=0 wrapper_entries=0 wrapper_expected=0
ARGUMENTS_PASS m=1 n=7 calls=0 bad=0 expected_panel_stride=8
ALLOC_PASS m=1 n=8 small=1 wide_path=0 history_expected=0 history_calls=0 history_bytes=0 history_success=0 history_fail=0 x_calls=1 x_bytes=64 x_success=1 x_fail=0 kb_calls=0 kb_bytes=0 kb_success=0 kb_fail=0 total=1 injected=0 history_level=-1 x_level=1 kb_level=-1 shape_bad=0 x_each_worker_once=1
CASE_PASS m=1 n=8 sve16_entries=0 expected=0 old_entries=0 packed_entries=0 packed_expected=0 wide_entries=0 wide_expected=0 wrapper_entries=0 wrapper_expected=0
ARGUMENTS_PASS m=1 n=8 calls=0 bad=0 expected_panel_stride=8
ALLOC_PASS m=1 n=9 small=1 wide_path=0 history_expected=0 history_calls=0 history_bytes=0 history_success=0 history_fail=0 x_calls=1 x_bytes=64 x_success=1 x_fail=0 kb_calls=0 kb_bytes=0 kb_success=0 kb_fail=0 total=1 injected=0 history_level=-1 x_level=1 kb_level=-1 shape_bad=0 x_each_worker_once=1
CASE_PASS m=1 n=9 sve16_entries=0 expected=0 old_entries=0 packed_entries=0 packed_expected=0 wide_entries=0 wide_expected=0 wrapper_entries=0 wrapper_expected=0
ARGUMENTS_PASS m=1 n=9 calls=0 bad=0 expected_panel_stride=8
ALLOC_PASS m=1 n=17 small=1 wide_path=0 history_expected=0 history_calls=0 history_bytes=0 history_success=0 history_fail=0 x_calls=1 x_bytes=64 x_success=1 x_fail=0 kb_calls=0 kb_bytes=0 kb_success=0 kb_fail=0 total=1 injected=0 history_level=-1 x_level=1 kb_level=-1 shape_bad=0 x_each_worker_once=1
CASE_PASS m=1 n=17 sve16_entries=0 expected=0 old_entries=0 packed_entries=0 packed_expected=0 wide_entries=0 wide_expected=0 wrapper_entries=0 wrapper_expected=0
ARGUMENTS_PASS m=1 n=17 calls=0 bad=0 expected_panel_stride=8
ALLOC_PASS m=3 n=1 small=1 wide_path=0 history_expected=0 history_calls=0 history_bytes=0 history_success=0 history_fail=0 x_calls=1 x_bytes=192 x_success=1 x_fail=0 kb_calls=0 kb_bytes=0 kb_success=0 kb_fail=0 total=1 injected=0 history_level=-1 x_level=1 kb_level=-1 shape_bad=0 x_each_worker_once=1
CASE_PASS m=3 n=1 sve16_entries=0 expected=0 old_entries=0 packed_entries=0 packed_expected=0 wide_entries=0 wide_expected=0 wrapper_entries=0 wrapper_expected=0
ARGUMENTS_PASS m=3 n=1 calls=0 bad=0 expected_panel_stride=24
ALLOC_PASS m=3 n=7 small=1 wide_path=0 history_expected=0 history_calls=0 history_bytes=0 history_success=0 history_fail=0 x_calls=1 x_bytes=192 x_success=1 x_fail=0 kb_calls=0 kb_bytes=0 kb_success=0 kb_fail=0 total=1 injected=0 history_level=-1 x_level=1 kb_level=-1 shape_bad=0 x_each_worker_once=1
CASE_PASS m=3 n=7 sve16_entries=0 expected=0 old_entries=0 packed_entries=0 packed_expected=0 wide_entries=0 wide_expected=0 wrapper_entries=0 wrapper_expected=0
ARGUMENTS_PASS m=3 n=7 calls=0 bad=0 expected_panel_stride=24
ALLOC_PASS m=3 n=8 small=1 wide_path=0 history_expected=0 history_calls=0 history_bytes=0 history_success=0 history_fail=0 x_calls=1 x_bytes=192 x_success=1 x_fail=0 kb_calls=0 kb_bytes=0 kb_success=0 kb_fail=0 total=1 injected=0 history_level=-1 x_level=1 kb_level=-1 shape_bad=0 x_each_worker_once=1
CASE_PASS m=3 n=8 sve16_entries=0 expected=0 old_entries=0 packed_entries=0 packed_expected=0 wide_entries=0 wide_expected=0 wrapper_entries=0 wrapper_expected=0
ARGUMENTS_PASS m=3 n=8 calls=0 bad=0 expected_panel_stride=24
ALLOC_PASS m=3 n=9 small=1 wide_path=0 history_expected=0 history_calls=0 history_bytes=0 history_success=0 history_fail=0 x_calls=1 x_bytes=192 x_success=1 x_fail=0 kb_calls=0 kb_bytes=0 kb_success=0 kb_fail=0 total=1 injected=0 history_level=-1 x_level=1 kb_level=-1 shape_bad=0 x_each_worker_once=1
CASE_PASS m=3 n=9 sve16_entries=0 expected=0 old_entries=0 packed_entries=0 packed_expected=0 wide_entries=0 wide_expected=0 wrapper_entries=0 wrapper_expected=0
ARGUMENTS_PASS m=3 n=9 calls=0 bad=0 expected_panel_stride=24
ALLOC_PASS m=3 n=17 small=1 wide_path=0 history_expected=0 history_calls=0 history_bytes=0 history_success=0 history_fail=0 x_calls=1 x_bytes=192 x_success=1 x_fail=0 kb_calls=0 kb_bytes=0 kb_success=0 kb_fail=0 total=1 injected=0 history_level=-1 x_level=1 kb_level=-1 shape_bad=0 x_each_worker_once=1
CASE_PASS m=3 n=17 sve16_entries=0 expected=0 old_entries=0 packed_entries=0 packed_expected=0 wide_entries=0 wide_expected=0 wrapper_entries=0 wrapper_expected=0
ARGUMENTS_PASS m=3 n=17 calls=0 bad=0 expected_panel_stride=24
ALLOC_PASS m=4 n=1 small=1 wide_path=0 history_expected=0 history_calls=0 history_bytes=0 history_success=0 history_fail=0 x_calls=1 x_bytes=256 x_success=1 x_fail=0 kb_calls=0 kb_bytes=0 kb_success=0 kb_fail=0 total=1 injected=0 history_level=-1 x_level=1 kb_level=-1 shape_bad=0 x_each_worker_once=1
CASE_PASS m=4 n=1 sve16_entries=0 expected=0 old_entries=0 packed_entries=0 packed_expected=0 wide_entries=0 wide_expected=0 wrapper_entries=0 wrapper_expected=0
ARGUMENTS_PASS m=4 n=1 calls=0 bad=0 expected_panel_stride=32
ALLOC_PASS m=4 n=7 small=1 wide_path=0 history_expected=0 history_calls=0 history_bytes=0 history_success=0 history_fail=0 x_calls=1 x_bytes=256 x_success=1 x_fail=0 kb_calls=0 kb_bytes=0 kb_success=0 kb_fail=0 total=1 injected=0 history_level=-1 x_level=1 kb_level=-1 shape_bad=0 x_each_worker_once=1
CASE_PASS m=4 n=7 sve16_entries=0 expected=0 old_entries=0 packed_entries=0 packed_expected=0 wide_entries=0 wide_expected=0 wrapper_entries=0 wrapper_expected=0
ARGUMENTS_PASS m=4 n=7 calls=0 bad=0 expected_panel_stride=32
ALLOC_PASS m=4 n=8 small=1 wide_path=0 history_expected=0 history_calls=0 history_bytes=0 history_success=0 history_fail=0 x_calls=1 x_bytes=256 x_success=1 x_fail=0 kb_calls=0 kb_bytes=0 kb_success=0 kb_fail=0 total=1 injected=0 history_level=-1 x_level=1 kb_level=-1 shape_bad=0 x_each_worker_once=1
CASE_PASS m=4 n=8 sve16_entries=0 expected=0 old_entries=0 packed_entries=0 packed_expected=0 wide_entries=0 wide_expected=0 wrapper_entries=0 wrapper_expected=0
ARGUMENTS_PASS m=4 n=8 calls=0 bad=0 expected_panel_stride=32
ALLOC_PASS m=4 n=9 small=1 wide_path=0 history_expected=0 history_calls=0 history_bytes=0 history_success=0 history_fail=0 x_calls=1 x_bytes=256 x_success=1 x_fail=0 kb_calls=0 kb_bytes=0 kb_success=0 kb_fail=0 total=1 injected=0 history_level=-1 x_level=1 kb_level=-1 shape_bad=0 x_each_worker_once=1
CASE_PASS m=4 n=9 sve16_entries=0 expected=0 old_entries=0 packed_entries=0 packed_expected=0 wide_entries=0 wide_expected=0 wrapper_entries=0 wrapper_expected=0
ARGUMENTS_PASS m=4 n=9 calls=0 bad=0 expected_panel_stride=32
ALLOC_PASS m=4 n=17 small=1 wide_path=0 history_expected=0 history_calls=0 history_bytes=0 history_success=0 history_fail=0 x_calls=1 x_bytes=256 x_success=1 x_fail=0 kb_calls=0 kb_bytes=0 kb_success=0 kb_fail=0 total=1 injected=0 history_level=-1 x_level=1 kb_level=-1 shape_bad=0 x_each_worker_once=1
CASE_PASS m=4 n=17 sve16_entries=0 expected=0 old_entries=0 packed_entries=0 packed_expected=0 wide_entries=0 wide_expected=0 wrapper_entries=0 wrapper_expected=0
ARGUMENTS_PASS m=4 n=17 calls=0 bad=0 expected_panel_stride=32
ALLOC_PASS m=5 n=1 small=1 wide_path=0 history_expected=0 history_calls=0 history_bytes=0 history_success=0 history_fail=0 x_calls=1 x_bytes=320 x_success=1 x_fail=0 kb_calls=0 kb_bytes=0 kb_success=0 kb_fail=0 total=1 injected=0 history_level=-1 x_level=1 kb_level=-1 shape_bad=0 x_each_worker_once=1
CASE_PASS m=5 n=1 sve16_entries=0 expected=0 old_entries=0 packed_entries=0 packed_expected=0 wide_entries=0 wide_expected=0 wrapper_entries=0 wrapper_expected=0
ARGUMENTS_PASS m=5 n=1 calls=0 bad=0 expected_panel_stride=40
ALLOC_PASS m=5 n=7 small=1 wide_path=0 history_expected=0 history_calls=0 history_bytes=0 history_success=0 history_fail=0 x_calls=1 x_bytes=320 x_success=1 x_fail=0 kb_calls=0 kb_bytes=0 kb_success=0 kb_fail=0 total=1 injected=0 history_level=-1 x_level=1 kb_level=-1 shape_bad=0 x_each_worker_once=1
CASE_PASS m=5 n=7 sve16_entries=0 expected=0 old_entries=0 packed_entries=0 packed_expected=0 wide_entries=0 wide_expected=0 wrapper_entries=0 wrapper_expected=0
ARGUMENTS_PASS m=5 n=7 calls=0 bad=0 expected_panel_stride=40
ALLOC_PASS m=5 n=8 small=1 wide_path=0 history_expected=0 history_calls=0 history_bytes=0 history_success=0 history_fail=0 x_calls=1 x_bytes=320 x_success=1 x_fail=0 kb_calls=0 kb_bytes=0 kb_success=0 kb_fail=0 total=1 injected=0 history_level=-1 x_level=1 kb_level=-1 shape_bad=0 x_each_worker_once=1
CASE_PASS m=5 n=8 sve16_entries=0 expected=0 old_entries=0 packed_entries=0 packed_expected=0 wide_entries=0 wide_expected=0 wrapper_entries=0 wrapper_expected=0
ARGUMENTS_PASS m=5 n=8 calls=0 bad=0 expected_panel_stride=40
ALLOC_PASS m=5 n=9 small=1 wide_path=0 history_expected=0 history_calls=0 history_bytes=0 history_success=0 history_fail=0 x_calls=1 x_bytes=320 x_success=1 x_fail=0 kb_calls=0 kb_bytes=0 kb_success=0 kb_fail=0 total=1 injected=0 history_level=-1 x_level=1 kb_level=-1 shape_bad=0 x_each_worker_once=1
CASE_PASS m=5 n=9 sve16_entries=0 expected=0 old_entries=0 packed_entries=0 packed_expected=0 wide_entries=0 wide_expected=0 wrapper_entries=0 wrapper_expected=0
ARGUMENTS_PASS m=5 n=9 calls=0 bad=0 expected_panel_stride=40
ALLOC_PASS m=5 n=17 small=1 wide_path=0 history_expected=0 history_calls=0 history_bytes=0 history_success=0 history_fail=0 x_calls=1 x_bytes=320 x_success=1 x_fail=0 kb_calls=0 kb_bytes=0 kb_success=0 kb_fail=0 total=1 injected=0 history_level=-1 x_level=1 kb_level=-1 shape_bad=0 x_each_worker_once=1
CASE_PASS m=5 n=17 sve16_entries=0 expected=0 old_entries=0 packed_entries=0 packed_expected=0 wide_entries=0 wide_expected=0 wrapper_entries=0 wrapper_expected=0
ARGUMENTS_PASS m=5 n=17 calls=0 bad=0 expected_panel_stride=40
ALLOC_PASS m=15 n=1 small=1 wide_path=0 history_expected=0 history_calls=0 history_bytes=0 history_success=0 history_fail=0 x_calls=1 x_bytes=960 x_success=1 x_fail=0 kb_calls=0 kb_bytes=0 kb_success=0 kb_fail=0 total=1 injected=0 history_level=-1 x_level=1 kb_level=-1 shape_bad=0 x_each_worker_once=1
CASE_PASS m=15 n=1 sve16_entries=0 expected=0 old_entries=0 packed_entries=0 packed_expected=0 wide_entries=0 wide_expected=0 wrapper_entries=0 wrapper_expected=0
ARGUMENTS_PASS m=15 n=1 calls=0 bad=0 expected_panel_stride=120
ALLOC_PASS m=15 n=7 small=1 wide_path=0 history_expected=0 history_calls=0 history_bytes=0 history_success=0 history_fail=0 x_calls=1 x_bytes=960 x_success=1 x_fail=0 kb_calls=0 kb_bytes=0 kb_success=0 kb_fail=0 total=1 injected=0 history_level=-1 x_level=1 kb_level=-1 shape_bad=0 x_each_worker_once=1
CASE_PASS m=15 n=7 sve16_entries=0 expected=0 old_entries=0 packed_entries=0 packed_expected=0 wide_entries=0 wide_expected=0 wrapper_entries=0 wrapper_expected=0
ARGUMENTS_PASS m=15 n=7 calls=0 bad=0 expected_panel_stride=120
ALLOC_PASS m=15 n=8 small=1 wide_path=0 history_expected=0 history_calls=0 history_bytes=0 history_success=0 history_fail=0 x_calls=1 x_bytes=960 x_success=1 x_fail=0 kb_calls=0 kb_bytes=0 kb_success=0 kb_fail=0 total=1 injected=0 history_level=-1 x_level=1 kb_level=-1 shape_bad=0 x_each_worker_once=1
CASE_PASS m=15 n=8 sve16_entries=0 expected=0 old_entries=0 packed_entries=0 packed_expected=0 wide_entries=0 wide_expected=0 wrapper_entries=0 wrapper_expected=0
ARGUMENTS_PASS m=15 n=8 calls=0 bad=0 expected_panel_stride=120
ALLOC_PASS m=15 n=9 small=1 wide_path=0 history_expected=0 history_calls=0 history_bytes=0 history_success=0 history_fail=0 x_calls=1 x_bytes=960 x_success=1 x_fail=0 kb_calls=0 kb_bytes=0 kb_success=0 kb_fail=0 total=1 injected=0 history_level=-1 x_level=1 kb_level=-1 shape_bad=0 x_each_worker_once=1
CASE_PASS m=15 n=9 sve16_entries=0 expected=0 old_entries=0 packed_entries=0 packed_expected=0 wide_entries=0 wide_expected=0 wrapper_entries=0 wrapper_expected=0
ARGUMENTS_PASS m=15 n=9 calls=0 bad=0 expected_panel_stride=120
ALLOC_PASS m=15 n=17 small=1 wide_path=0 history_expected=0 history_calls=0 history_bytes=0 history_success=0 history_fail=0 x_calls=1 x_bytes=960 x_success=1 x_fail=0 kb_calls=0 kb_bytes=0 kb_success=0 kb_fail=0 total=1 injected=0 history_level=-1 x_level=1 kb_level=-1 shape_bad=0 x_each_worker_once=1
CASE_PASS m=15 n=17 sve16_entries=0 expected=0 old_entries=0 packed_entries=0 packed_expected=0 wide_entries=0 wide_expected=0 wrapper_entries=0 wrapper_expected=0
ARGUMENTS_PASS m=15 n=17 calls=0 bad=0 expected_panel_stride=120
ALLOC_PASS m=16 n=1 small=1 wide_path=0 history_expected=0 history_calls=0 history_bytes=0 history_success=0 history_fail=0 x_calls=1 x_bytes=1024 x_success=1 x_fail=0 kb_calls=0 kb_bytes=0 kb_success=0 kb_fail=0 total=1 injected=0 history_level=-1 x_level=1 kb_level=-1 shape_bad=0 x_each_worker_once=1
CASE_PASS m=16 n=1 sve16_entries=1 expected=1 old_entries=1 packed_entries=0 packed_expected=0 wide_entries=0 wide_expected=0 wrapper_entries=0 wrapper_expected=0
ARGUMENTS_PASS m=16 n=1 calls=0 bad=0 expected_panel_stride=128
ALLOC_PASS m=16 n=7 small=1 wide_path=0 history_expected=0 history_calls=0 history_bytes=0 history_success=0 history_fail=0 x_calls=1 x_bytes=1024 x_success=1 x_fail=0 kb_calls=0 kb_bytes=0 kb_success=0 kb_fail=0 total=1 injected=0 history_level=-1 x_level=1 kb_level=-1 shape_bad=0 x_each_worker_once=1
CASE_PASS m=16 n=7 sve16_entries=1 expected=1 old_entries=1 packed_entries=0 packed_expected=0 wide_entries=0 wide_expected=0 wrapper_entries=0 wrapper_expected=0
ARGUMENTS_PASS m=16 n=7 calls=0 bad=0 expected_panel_stride=128
ALLOC_PASS m=16 n=8 small=1 wide_path=0 history_expected=0 history_calls=0 history_bytes=0 history_success=0 history_fail=0 x_calls=1 x_bytes=1024 x_success=1 x_fail=0 kb_calls=0 kb_bytes=0 kb_success=0 kb_fail=0 total=1 injected=0 history_level=-1 x_level=1 kb_level=-1 shape_bad=0 x_each_worker_once=1
CASE_PASS m=16 n=8 sve16_entries=1 expected=1 old_entries=1 packed_entries=0 packed_expected=0 wide_entries=0 wide_expected=0 wrapper_entries=0 wrapper_expected=0
ARGUMENTS_PASS m=16 n=8 calls=0 bad=0 expected_panel_stride=128
ALLOC_PASS m=16 n=9 small=1 wide_path=0 history_expected=0 history_calls=0 history_bytes=0 history_success=0 history_fail=0 x_calls=1 x_bytes=1024 x_success=1 x_fail=0 kb_calls=0 kb_bytes=0 kb_success=0 kb_fail=0 total=1 injected=0 history_level=-1 x_level=1 kb_level=-1 shape_bad=0 x_each_worker_once=1
CASE_PASS m=16 n=9 sve16_entries=2 expected=2 old_entries=2 packed_entries=0 packed_expected=0 wide_entries=0 wide_expected=0 wrapper_entries=0 wrapper_expected=0
ARGUMENTS_PASS m=16 n=9 calls=0 bad=0 expected_panel_stride=128
ALLOC_PASS m=16 n=17 small=1 wide_path=0 history_expected=0 history_calls=0 history_bytes=0 history_success=0 history_fail=0 x_calls=1 x_bytes=1024 x_success=1 x_fail=0 kb_calls=0 kb_bytes=0 kb_success=0 kb_fail=0 total=1 injected=0 history_level=-1 x_level=1 kb_level=-1 shape_bad=0 x_each_worker_once=1
CASE_PASS m=16 n=17 sve16_entries=3 expected=3 old_entries=3 packed_entries=0 packed_expected=0 wide_entries=0 wide_expected=0 wrapper_entries=0 wrapper_expected=0
ARGUMENTS_PASS m=16 n=17 calls=0 bad=0 expected_panel_stride=128
ALLOC_PASS m=17 n=1 small=1 wide_path=0 history_expected=0 history_calls=0 history_bytes=0 history_success=0 history_fail=0 x_calls=1 x_bytes=1088 x_success=1 x_fail=0 kb_calls=0 kb_bytes=0 kb_success=0 kb_fail=0 total=1 injected=0 history_level=-1 x_level=1 kb_level=-1 shape_bad=0 x_each_worker_once=1
CASE_PASS m=17 n=1 sve16_entries=1 expected=1 old_entries=1 packed_entries=0 packed_expected=0 wide_entries=0 wide_expected=0 wrapper_entries=0 wrapper_expected=0
ARGUMENTS_PASS m=17 n=1 calls=0 bad=0 expected_panel_stride=136
ALLOC_PASS m=17 n=7 small=1 wide_path=0 history_expected=0 history_calls=0 history_bytes=0 history_success=0 history_fail=0 x_calls=1 x_bytes=1088 x_success=1 x_fail=0 kb_calls=0 kb_bytes=0 kb_success=0 kb_fail=0 total=1 injected=0 history_level=-1 x_level=1 kb_level=-1 shape_bad=0 x_each_worker_once=1
CASE_PASS m=17 n=7 sve16_entries=1 expected=1 old_entries=1 packed_entries=0 packed_expected=0 wide_entries=0 wide_expected=0 wrapper_entries=0 wrapper_expected=0
ARGUMENTS_PASS m=17 n=7 calls=0 bad=0 expected_panel_stride=136
ALLOC_PASS m=17 n=8 small=1 wide_path=0 history_expected=0 history_calls=0 history_bytes=0 history_success=0 history_fail=0 x_calls=1 x_bytes=1088 x_success=1 x_fail=0 kb_calls=0 kb_bytes=0 kb_success=0 kb_fail=0 total=1 injected=0 history_level=-1 x_level=1 kb_level=-1 shape_bad=0 x_each_worker_once=1
CASE_PASS m=17 n=8 sve16_entries=1 expected=1 old_entries=1 packed_entries=0 packed_expected=0 wide_entries=0 wide_expected=0 wrapper_entries=0 wrapper_expected=0
ARGUMENTS_PASS m=17 n=8 calls=0 bad=0 expected_panel_stride=136
ALLOC_PASS m=17 n=9 small=1 wide_path=0 history_expected=0 history_calls=0 history_bytes=0 history_success=0 history_fail=0 x_calls=1 x_bytes=1088 x_success=1 x_fail=0 kb_calls=0 kb_bytes=0 kb_success=0 kb_fail=0 total=1 injected=0 history_level=-1 x_level=1 kb_level=-1 shape_bad=0 x_each_worker_once=1
CASE_PASS m=17 n=9 sve16_entries=2 expected=2 old_entries=2 packed_entries=0 packed_expected=0 wide_entries=0 wide_expected=0 wrapper_entries=0 wrapper_expected=0
ARGUMENTS_PASS m=17 n=9 calls=0 bad=0 expected_panel_stride=136
ALLOC_PASS m=17 n=17 small=1 wide_path=0 history_expected=0 history_calls=0 history_bytes=0 history_success=0 history_fail=0 x_calls=1 x_bytes=1088 x_success=1 x_fail=0 kb_calls=0 kb_bytes=0 kb_success=0 kb_fail=0 total=1 injected=0 history_level=-1 x_level=1 kb_level=-1 shape_bad=0 x_each_worker_once=1
CASE_PASS m=17 n=17 sve16_entries=3 expected=3 old_entries=3 packed_entries=0 packed_expected=0 wide_entries=0 wide_expected=0 wrapper_entries=0 wrapper_expected=0
ARGUMENTS_PASS m=17 n=17 calls=0 bad=0 expected_panel_stride=136
ALLOC_PASS m=31 n=1 small=1 wide_path=0 history_expected=0 history_calls=0 history_bytes=0 history_success=0 history_fail=0 x_calls=1 x_bytes=1984 x_success=1 x_fail=0 kb_calls=0 kb_bytes=0 kb_success=0 kb_fail=0 total=1 injected=0 history_level=-1 x_level=1 kb_level=-1 shape_bad=0 x_each_worker_once=1
CASE_PASS m=31 n=1 sve16_entries=1 expected=1 old_entries=1 packed_entries=0 packed_expected=0 wide_entries=0 wide_expected=0 wrapper_entries=0 wrapper_expected=0
ARGUMENTS_PASS m=31 n=1 calls=0 bad=0 expected_panel_stride=248
ALLOC_PASS m=31 n=7 small=1 wide_path=0 history_expected=0 history_calls=0 history_bytes=0 history_success=0 history_fail=0 x_calls=1 x_bytes=1984 x_success=1 x_fail=0 kb_calls=0 kb_bytes=0 kb_success=0 kb_fail=0 total=1 injected=0 history_level=-1 x_level=1 kb_level=-1 shape_bad=0 x_each_worker_once=1
CASE_PASS m=31 n=7 sve16_entries=1 expected=1 old_entries=1 packed_entries=0 packed_expected=0 wide_entries=0 wide_expected=0 wrapper_entries=0 wrapper_expected=0
ARGUMENTS_PASS m=31 n=7 calls=0 bad=0 expected_panel_stride=248
ALLOC_PASS m=31 n=8 small=1 wide_path=0 history_expected=0 history_calls=0 history_bytes=0 history_success=0 history_fail=0 x_calls=1 x_bytes=1984 x_success=1 x_fail=0 kb_calls=0 kb_bytes=0 kb_success=0 kb_fail=0 total=1 injected=0 history_level=-1 x_level=1 kb_level=-1 shape_bad=0 x_each_worker_once=1
CASE_PASS m=31 n=8 sve16_entries=1 expected=1 old_entries=1 packed_entries=0 packed_expected=0 wide_entries=0 wide_expected=0 wrapper_entries=0 wrapper_expected=0
ARGUMENTS_PASS m=31 n=8 calls=0 bad=0 expected_panel_stride=248
ALLOC_PASS m=31 n=9 small=1 wide_path=0 history_expected=0 history_calls=0 history_bytes=0 history_success=0 history_fail=0 x_calls=1 x_bytes=1984 x_success=1 x_fail=0 kb_calls=0 kb_bytes=0 kb_success=0 kb_fail=0 total=1 injected=0 history_level=-1 x_level=1 kb_level=-1 shape_bad=0 x_each_worker_once=1
CASE_PASS m=31 n=9 sve16_entries=2 expected=2 old_entries=2 packed_entries=0 packed_expected=0 wide_entries=0 wide_expected=0 wrapper_entries=0 wrapper_expected=0
ARGUMENTS_PASS m=31 n=9 calls=0 bad=0 expected_panel_stride=248
ALLOC_PASS m=31 n=17 small=1 wide_path=0 history_expected=0 history_calls=0 history_bytes=0 history_success=0 history_fail=0 x_calls=1 x_bytes=1984 x_success=1 x_fail=0 kb_calls=0 kb_bytes=0 kb_success=0 kb_fail=0 total=1 injected=0 history_level=-1 x_level=1 kb_level=-1 shape_bad=0 x_each_worker_once=1
CASE_PASS m=31 n=17 sve16_entries=3 expected=3 old_entries=3 packed_entries=0 packed_expected=0 wide_entries=0 wide_expected=0 wrapper_entries=0 wrapper_expected=0
ARGUMENTS_PASS m=31 n=17 calls=0 bad=0 expected_panel_stride=248
ALLOC_PASS m=32 n=1 small=1 wide_path=0 history_expected=1 history_calls=1 history_bytes=2048 history_success=1 history_fail=0 x_calls=1 x_bytes=2048 x_success=1 x_fail=0 kb_calls=0 kb_bytes=0 kb_success=0 kb_fail=0 total=2 injected=0 history_level=0 x_level=1 kb_level=-1 shape_bad=0 x_each_worker_once=1
CASE_PASS m=32 n=1 sve16_entries=2 expected=2 old_entries=1 packed_entries=1 packed_expected=1 wide_entries=0 wide_expected=0 wrapper_entries=0 wrapper_expected=0
ARGUMENTS_PASS m=32 n=1 calls=0 bad=0 expected_panel_stride=256
ALLOC_PASS m=32 n=7 small=1 wide_path=0 history_expected=1 history_calls=1 history_bytes=2048 history_success=1 history_fail=0 x_calls=1 x_bytes=2048 x_success=1 x_fail=0 kb_calls=0 kb_bytes=0 kb_success=0 kb_fail=0 total=2 injected=0 history_level=0 x_level=1 kb_level=-1 shape_bad=0 x_each_worker_once=1
CASE_PASS m=32 n=7 sve16_entries=2 expected=2 old_entries=1 packed_entries=1 packed_expected=1 wide_entries=0 wide_expected=0 wrapper_entries=0 wrapper_expected=0
ARGUMENTS_PASS m=32 n=7 calls=0 bad=0 expected_panel_stride=256
ALLOC_PASS m=32 n=8 small=1 wide_path=0 history_expected=1 history_calls=1 history_bytes=2048 history_success=1 history_fail=0 x_calls=1 x_bytes=2048 x_success=1 x_fail=0 kb_calls=0 kb_bytes=0 kb_success=0 kb_fail=0 total=2 injected=0 history_level=0 x_level=1 kb_level=-1 shape_bad=0 x_each_worker_once=1
CASE_PASS m=32 n=8 sve16_entries=2 expected=2 old_entries=1 packed_entries=1 packed_expected=1 wide_entries=0 wide_expected=0 wrapper_entries=0 wrapper_expected=0
ARGUMENTS_PASS m=32 n=8 calls=0 bad=0 expected_panel_stride=256
ALLOC_PASS m=32 n=9 small=1 wide_path=0 history_expected=1 history_calls=1 history_bytes=2048 history_success=1 history_fail=0 x_calls=1 x_bytes=2048 x_success=1 x_fail=0 kb_calls=0 kb_bytes=0 kb_success=0 kb_fail=0 total=2 injected=0 history_level=0 x_level=1 kb_level=-1 shape_bad=0 x_each_worker_once=1
CASE_PASS m=32 n=9 sve16_entries=4 expected=4 old_entries=2 packed_entries=2 packed_expected=2 wide_entries=0 wide_expected=0 wrapper_entries=0 wrapper_expected=0
ARGUMENTS_PASS m=32 n=9 calls=0 bad=0 expected_panel_stride=256
ALLOC_PASS m=32 n=17 small=1 wide_path=0 history_expected=1 history_calls=1 history_bytes=2048 history_success=1 history_fail=0 x_calls=1 x_bytes=2048 x_success=1 x_fail=0 kb_calls=0 kb_bytes=0 kb_success=0 kb_fail=0 total=2 injected=0 history_level=0 x_level=1 kb_level=-1 shape_bad=0 x_each_worker_once=1
CASE_PASS m=32 n=17 sve16_entries=6 expected=6 old_entries=3 packed_entries=3 packed_expected=3 wide_entries=0 wide_expected=0 wrapper_entries=0 wrapper_expected=0
ARGUMENTS_PASS m=32 n=17 calls=0 bad=0 expected_panel_stride=256
ALLOC_PASS m=33 n=1 small=1 wide_path=0 history_expected=1 history_calls=1 history_bytes=2048 history_success=1 history_fail=0 x_calls=1 x_bytes=2112 x_success=1 x_fail=0 kb_calls=0 kb_bytes=0 kb_success=0 kb_fail=0 total=2 injected=0 history_level=0 x_level=1 kb_level=-1 shape_bad=0 x_each_worker_once=1
CASE_PASS m=33 n=1 sve16_entries=2 expected=2 old_entries=1 packed_entries=1 packed_expected=1 wide_entries=0 wide_expected=0 wrapper_entries=0 wrapper_expected=0
ARGUMENTS_PASS m=33 n=1 calls=0 bad=0 expected_panel_stride=264
ALLOC_PASS m=33 n=7 small=1 wide_path=0 history_expected=1 history_calls=1 history_bytes=2048 history_success=1 history_fail=0 x_calls=1 x_bytes=2112 x_success=1 x_fail=0 kb_calls=0 kb_bytes=0 kb_success=0 kb_fail=0 total=2 injected=0 history_level=0 x_level=1 kb_level=-1 shape_bad=0 x_each_worker_once=1
CASE_PASS m=33 n=7 sve16_entries=2 expected=2 old_entries=1 packed_entries=1 packed_expected=1 wide_entries=0 wide_expected=0 wrapper_entries=0 wrapper_expected=0
ARGUMENTS_PASS m=33 n=7 calls=0 bad=0 expected_panel_stride=264
ALLOC_PASS m=33 n=8 small=1 wide_path=0 history_expected=1 history_calls=1 history_bytes=2048 history_success=1 history_fail=0 x_calls=1 x_bytes=2112 x_success=1 x_fail=0 kb_calls=0 kb_bytes=0 kb_success=0 kb_fail=0 total=2 injected=0 history_level=0 x_level=1 kb_level=-1 shape_bad=0 x_each_worker_once=1
CASE_PASS m=33 n=8 sve16_entries=2 expected=2 old_entries=1 packed_entries=1 packed_expected=1 wide_entries=0 wide_expected=0 wrapper_entries=0 wrapper_expected=0
ARGUMENTS_PASS m=33 n=8 calls=0 bad=0 expected_panel_stride=264
ALLOC_PASS m=33 n=9 small=1 wide_path=0 history_expected=1 history_calls=1 history_bytes=2048 history_success=1 history_fail=0 x_calls=1 x_bytes=2112 x_success=1 x_fail=0 kb_calls=0 kb_bytes=0 kb_success=0 kb_fail=0 total=2 injected=0 history_level=0 x_level=1 kb_level=-1 shape_bad=0 x_each_worker_once=1
CASE_PASS m=33 n=9 sve16_entries=4 expected=4 old_entries=2 packed_entries=2 packed_expected=2 wide_entries=0 wide_expected=0 wrapper_entries=0 wrapper_expected=0
ARGUMENTS_PASS m=33 n=9 calls=0 bad=0 expected_panel_stride=264
ALLOC_PASS m=33 n=17 small=1 wide_path=0 history_expected=1 history_calls=1 history_bytes=2048 history_success=1 history_fail=0 x_calls=1 x_bytes=2112 x_success=1 x_fail=0 kb_calls=0 kb_bytes=0 kb_success=0 kb_fail=0 total=2 injected=0 history_level=0 x_level=1 kb_level=-1 shape_bad=0 x_each_worker_once=1
CASE_PASS m=33 n=17 sve16_entries=6 expected=6 old_entries=3 packed_entries=3 packed_expected=3 wide_entries=0 wide_expected=0 wrapper_entries=0 wrapper_expected=0
ARGUMENTS_PASS m=33 n=17 calls=0 bad=0 expected_panel_stride=264
ALLOC_PASS m=63 n=1 small=1 wide_path=0 history_expected=1 history_calls=1 history_bytes=6144 history_success=1 history_fail=0 x_calls=1 x_bytes=4032 x_success=1 x_fail=0 kb_calls=0 kb_bytes=0 kb_success=0 kb_fail=0 total=2 injected=0 history_level=0 x_level=1 kb_level=-1 shape_bad=0 x_each_worker_once=1
CASE_PASS m=63 n=1 sve16_entries=3 expected=3 old_entries=1 packed_entries=2 packed_expected=2 wide_entries=0 wide_expected=0 wrapper_entries=0 wrapper_expected=0
ARGUMENTS_PASS m=63 n=1 calls=0 bad=0 expected_panel_stride=504
ALLOC_PASS m=63 n=7 small=1 wide_path=0 history_expected=1 history_calls=1 history_bytes=6144 history_success=1 history_fail=0 x_calls=1 x_bytes=4032 x_success=1 x_fail=0 kb_calls=0 kb_bytes=0 kb_success=0 kb_fail=0 total=2 injected=0 history_level=0 x_level=1 kb_level=-1 shape_bad=0 x_each_worker_once=1
CASE_PASS m=63 n=7 sve16_entries=3 expected=3 old_entries=1 packed_entries=2 packed_expected=2 wide_entries=0 wide_expected=0 wrapper_entries=0 wrapper_expected=0
ARGUMENTS_PASS m=63 n=7 calls=0 bad=0 expected_panel_stride=504
ALLOC_PASS m=63 n=8 small=1 wide_path=0 history_expected=1 history_calls=1 history_bytes=6144 history_success=1 history_fail=0 x_calls=1 x_bytes=4032 x_success=1 x_fail=0 kb_calls=0 kb_bytes=0 kb_success=0 kb_fail=0 total=2 injected=0 history_level=0 x_level=1 kb_level=-1 shape_bad=0 x_each_worker_once=1
CASE_PASS m=63 n=8 sve16_entries=3 expected=3 old_entries=1 packed_entries=2 packed_expected=2 wide_entries=0 wide_expected=0 wrapper_entries=0 wrapper_expected=0
ARGUMENTS_PASS m=63 n=8 calls=0 bad=0 expected_panel_stride=504
ALLOC_PASS m=63 n=9 small=1 wide_path=0 history_expected=1 history_calls=1 history_bytes=6144 history_success=1 history_fail=0 x_calls=1 x_bytes=4032 x_success=1 x_fail=0 kb_calls=0 kb_bytes=0 kb_success=0 kb_fail=0 total=2 injected=0 history_level=0 x_level=1 kb_level=-1 shape_bad=0 x_each_worker_once=1
CASE_PASS m=63 n=9 sve16_entries=6 expected=6 old_entries=2 packed_entries=4 packed_expected=4 wide_entries=0 wide_expected=0 wrapper_entries=0 wrapper_expected=0
ARGUMENTS_PASS m=63 n=9 calls=0 bad=0 expected_panel_stride=504
ALLOC_PASS m=63 n=17 small=1 wide_path=0 history_expected=1 history_calls=1 history_bytes=6144 history_success=1 history_fail=0 x_calls=1 x_bytes=4032 x_success=1 x_fail=0 kb_calls=0 kb_bytes=0 kb_success=0 kb_fail=0 total=2 injected=0 history_level=0 x_level=1 kb_level=-1 shape_bad=0 x_each_worker_once=1
CASE_PASS m=63 n=17 sve16_entries=9 expected=9 old_entries=3 packed_entries=6 packed_expected=6 wide_entries=0 wide_expected=0 wrapper_entries=0 wrapper_expected=0
ARGUMENTS_PASS m=63 n=17 calls=0 bad=0 expected_panel_stride=504
ALLOC_PASS m=64 n=1 small=1 wide_path=0 history_expected=1 history_calls=1 history_bytes=12288 history_success=1 history_fail=0 x_calls=1 x_bytes=4096 x_success=1 x_fail=0 kb_calls=0 kb_bytes=0 kb_success=0 kb_fail=0 total=2 injected=0 history_level=0 x_level=1 kb_level=-1 shape_bad=0 x_each_worker_once=1
CASE_PASS m=64 n=1 sve16_entries=4 expected=4 old_entries=1 packed_entries=3 packed_expected=3 wide_entries=0 wide_expected=0 wrapper_entries=0 wrapper_expected=0
ARGUMENTS_PASS m=64 n=1 calls=0 bad=0 expected_panel_stride=512
ALLOC_PASS m=64 n=7 small=1 wide_path=0 history_expected=1 history_calls=1 history_bytes=12288 history_success=1 history_fail=0 x_calls=1 x_bytes=4096 x_success=1 x_fail=0 kb_calls=0 kb_bytes=0 kb_success=0 kb_fail=0 total=2 injected=0 history_level=0 x_level=1 kb_level=-1 shape_bad=0 x_each_worker_once=1
CASE_PASS m=64 n=7 sve16_entries=4 expected=4 old_entries=1 packed_entries=3 packed_expected=3 wide_entries=0 wide_expected=0 wrapper_entries=0 wrapper_expected=0
ARGUMENTS_PASS m=64 n=7 calls=0 bad=0 expected_panel_stride=512
ALLOC_PASS m=64 n=8 small=1 wide_path=0 history_expected=1 history_calls=1 history_bytes=12288 history_success=1 history_fail=0 x_calls=1 x_bytes=4096 x_success=1 x_fail=0 kb_calls=0 kb_bytes=0 kb_success=0 kb_fail=0 total=2 injected=0 history_level=0 x_level=1 kb_level=-1 shape_bad=0 x_each_worker_once=1
CASE_PASS m=64 n=8 sve16_entries=4 expected=4 old_entries=1 packed_entries=3 packed_expected=3 wide_entries=0 wide_expected=0 wrapper_entries=0 wrapper_expected=0
ARGUMENTS_PASS m=64 n=8 calls=0 bad=0 expected_panel_stride=512
ALLOC_PASS m=64 n=9 small=1 wide_path=0 history_expected=1 history_calls=1 history_bytes=12288 history_success=1 history_fail=0 x_calls=1 x_bytes=4096 x_success=1 x_fail=0 kb_calls=0 kb_bytes=0 kb_success=0 kb_fail=0 total=2 injected=0 history_level=0 x_level=1 kb_level=-1 shape_bad=0 x_each_worker_once=1
CASE_PASS m=64 n=9 sve16_entries=8 expected=8 old_entries=2 packed_entries=6 packed_expected=6 wide_entries=0 wide_expected=0 wrapper_entries=0 wrapper_expected=0
ARGUMENTS_PASS m=64 n=9 calls=0 bad=0 expected_panel_stride=512
ALLOC_PASS m=64 n=17 small=1 wide_path=0 history_expected=1 history_calls=1 history_bytes=12288 history_success=1 history_fail=0 x_calls=1 x_bytes=4096 x_success=1 x_fail=0 kb_calls=0 kb_bytes=0 kb_success=0 kb_fail=0 total=2 injected=0 history_level=0 x_level=1 kb_level=-1 shape_bad=0 x_each_worker_once=1
CASE_PASS m=64 n=17 sve16_entries=12 expected=12 old_entries=3 packed_entries=9 packed_expected=9 wide_entries=0 wide_expected=0 wrapper_entries=0 wrapper_expected=0
ARGUMENTS_PASS m=64 n=17 calls=0 bad=0 expected_panel_stride=512
ALLOC_PASS m=65 n=1 small=1 wide_path=0 history_expected=1 history_calls=1 history_bytes=12288 history_success=1 history_fail=0 x_calls=1 x_bytes=4160 x_success=1 x_fail=0 kb_calls=0 kb_bytes=0 kb_success=0 kb_fail=0 total=2 injected=0 history_level=0 x_level=1 kb_level=-1 shape_bad=0 x_each_worker_once=1
CASE_PASS m=65 n=1 sve16_entries=4 expected=4 old_entries=1 packed_entries=3 packed_expected=3 wide_entries=0 wide_expected=0 wrapper_entries=0 wrapper_expected=0
ARGUMENTS_PASS m=65 n=1 calls=0 bad=0 expected_panel_stride=520
ALLOC_PASS m=65 n=7 small=1 wide_path=0 history_expected=1 history_calls=1 history_bytes=12288 history_success=1 history_fail=0 x_calls=1 x_bytes=4160 x_success=1 x_fail=0 kb_calls=0 kb_bytes=0 kb_success=0 kb_fail=0 total=2 injected=0 history_level=0 x_level=1 kb_level=-1 shape_bad=0 x_each_worker_once=1
CASE_PASS m=65 n=7 sve16_entries=4 expected=4 old_entries=1 packed_entries=3 packed_expected=3 wide_entries=0 wide_expected=0 wrapper_entries=0 wrapper_expected=0
ARGUMENTS_PASS m=65 n=7 calls=0 bad=0 expected_panel_stride=520
ALLOC_PASS m=65 n=8 small=1 wide_path=0 history_expected=1 history_calls=1 history_bytes=12288 history_success=1 history_fail=0 x_calls=1 x_bytes=4160 x_success=1 x_fail=0 kb_calls=0 kb_bytes=0 kb_success=0 kb_fail=0 total=2 injected=0 history_level=0 x_level=1 kb_level=-1 shape_bad=0 x_each_worker_once=1
CASE_PASS m=65 n=8 sve16_entries=4 expected=4 old_entries=1 packed_entries=3 packed_expected=3 wide_entries=0 wide_expected=0 wrapper_entries=0 wrapper_expected=0
ARGUMENTS_PASS m=65 n=8 calls=0 bad=0 expected_panel_stride=520
ALLOC_PASS m=65 n=9 small=1 wide_path=0 history_expected=1 history_calls=1 history_bytes=12288 history_success=1 history_fail=0 x_calls=1 x_bytes=4160 x_success=1 x_fail=0 kb_calls=0 kb_bytes=0 kb_success=0 kb_fail=0 total=2 injected=0 history_level=0 x_level=1 kb_level=-1 shape_bad=0 x_each_worker_once=1
CASE_PASS m=65 n=9 sve16_entries=8 expected=8 old_entries=2 packed_entries=6 packed_expected=6 wide_entries=0 wide_expected=0 wrapper_entries=0 wrapper_expected=0
ARGUMENTS_PASS m=65 n=9 calls=0 bad=0 expected_panel_stride=520
ALLOC_PASS m=65 n=17 small=1 wide_path=0 history_expected=1 history_calls=1 history_bytes=12288 history_success=1 history_fail=0 x_calls=1 x_bytes=4160 x_success=1 x_fail=0 kb_calls=0 kb_bytes=0 kb_success=0 kb_fail=0 total=2 injected=0 history_level=0 x_level=1 kb_level=-1 shape_bad=0 x_each_worker_once=1
CASE_PASS m=65 n=17 sve16_entries=12 expected=12 old_entries=3 packed_entries=9 packed_expected=9 wide_entries=0 wide_expected=0 wrapper_entries=0 wrapper_expected=0
ARGUMENTS_PASS m=65 n=17 calls=0 bad=0 expected_panel_stride=520
ALLOC_PASS m=255 n=1 small=1 wide_path=0 history_expected=1 history_calls=1 history_bytes=215040 history_success=1 history_fail=0 x_calls=1 x_bytes=16320 x_success=1 x_fail=0 kb_calls=0 kb_bytes=0 kb_success=0 kb_fail=0 total=2 injected=0 history_level=0 x_level=1 kb_level=-1 shape_bad=0 x_each_worker_once=1
CASE_PASS m=255 n=1 sve16_entries=15 expected=15 old_entries=1 packed_entries=14 packed_expected=14 wide_entries=0 wide_expected=0 wrapper_entries=0 wrapper_expected=0
ARGUMENTS_PASS m=255 n=1 calls=0 bad=0 expected_panel_stride=2040
ALLOC_PASS m=255 n=7 small=1 wide_path=0 history_expected=1 history_calls=1 history_bytes=215040 history_success=1 history_fail=0 x_calls=1 x_bytes=16320 x_success=1 x_fail=0 kb_calls=0 kb_bytes=0 kb_success=0 kb_fail=0 total=2 injected=0 history_level=0 x_level=1 kb_level=-1 shape_bad=0 x_each_worker_once=1
CASE_PASS m=255 n=7 sve16_entries=15 expected=15 old_entries=1 packed_entries=14 packed_expected=14 wide_entries=0 wide_expected=0 wrapper_entries=0 wrapper_expected=0
ARGUMENTS_PASS m=255 n=7 calls=0 bad=0 expected_panel_stride=2040
ALLOC_PASS m=255 n=8 small=1 wide_path=0 history_expected=1 history_calls=1 history_bytes=215040 history_success=1 history_fail=0 x_calls=1 x_bytes=16320 x_success=1 x_fail=0 kb_calls=0 kb_bytes=0 kb_success=0 kb_fail=0 total=2 injected=0 history_level=0 x_level=1 kb_level=-1 shape_bad=0 x_each_worker_once=1
CASE_PASS m=255 n=8 sve16_entries=15 expected=15 old_entries=1 packed_entries=14 packed_expected=14 wide_entries=0 wide_expected=0 wrapper_entries=0 wrapper_expected=0
ARGUMENTS_PASS m=255 n=8 calls=0 bad=0 expected_panel_stride=2040
ALLOC_PASS m=255 n=9 small=1 wide_path=0 history_expected=1 history_calls=1 history_bytes=215040 history_success=1 history_fail=0 x_calls=1 x_bytes=16320 x_success=1 x_fail=0 kb_calls=0 kb_bytes=0 kb_success=0 kb_fail=0 total=2 injected=0 history_level=0 x_level=1 kb_level=-1 shape_bad=0 x_each_worker_once=1
CASE_PASS m=255 n=9 sve16_entries=30 expected=30 old_entries=2 packed_entries=28 packed_expected=28 wide_entries=0 wide_expected=0 wrapper_entries=0 wrapper_expected=0
ARGUMENTS_PASS m=255 n=9 calls=0 bad=0 expected_panel_stride=2040
ALLOC_PASS m=255 n=17 small=1 wide_path=0 history_expected=1 history_calls=1 history_bytes=215040 history_success=1 history_fail=0 x_calls=1 x_bytes=16320 x_success=1 x_fail=0 kb_calls=0 kb_bytes=0 kb_success=0 kb_fail=0 total=2 injected=0 history_level=0 x_level=1 kb_level=-1 shape_bad=0 x_each_worker_once=1
CASE_PASS m=255 n=17 sve16_entries=45 expected=45 old_entries=3 packed_entries=42 packed_expected=42 wide_entries=0 wide_expected=0 wrapper_entries=0 wrapper_expected=0
ARGUMENTS_PASS m=255 n=17 calls=0 bad=0 expected_panel_stride=2040
ALLOC_PASS m=256 n=1 small=1 wide_path=0 history_expected=1 history_calls=1 history_bytes=245760 history_success=1 history_fail=0 x_calls=1 x_bytes=16384 x_success=1 x_fail=0 kb_calls=0 kb_bytes=0 kb_success=0 kb_fail=0 total=2 injected=0 history_level=0 x_level=1 kb_level=-1 shape_bad=0 x_each_worker_once=1
CASE_PASS m=256 n=1 sve16_entries=16 expected=16 old_entries=1 packed_entries=15 packed_expected=15 wide_entries=0 wide_expected=0 wrapper_entries=0 wrapper_expected=0
ARGUMENTS_PASS m=256 n=1 calls=0 bad=0 expected_panel_stride=2048
ALLOC_PASS m=256 n=7 small=1 wide_path=0 history_expected=1 history_calls=1 history_bytes=245760 history_success=1 history_fail=0 x_calls=1 x_bytes=16384 x_success=1 x_fail=0 kb_calls=0 kb_bytes=0 kb_success=0 kb_fail=0 total=2 injected=0 history_level=0 x_level=1 kb_level=-1 shape_bad=0 x_each_worker_once=1
CASE_PASS m=256 n=7 sve16_entries=16 expected=16 old_entries=1 packed_entries=15 packed_expected=15 wide_entries=0 wide_expected=0 wrapper_entries=0 wrapper_expected=0
ARGUMENTS_PASS m=256 n=7 calls=0 bad=0 expected_panel_stride=2048
ALLOC_PASS m=256 n=8 small=1 wide_path=0 history_expected=1 history_calls=1 history_bytes=245760 history_success=1 history_fail=0 x_calls=1 x_bytes=16384 x_success=1 x_fail=0 kb_calls=0 kb_bytes=0 kb_success=0 kb_fail=0 total=2 injected=0 history_level=0 x_level=1 kb_level=-1 shape_bad=0 x_each_worker_once=1
CASE_PASS m=256 n=8 sve16_entries=16 expected=16 old_entries=1 packed_entries=15 packed_expected=15 wide_entries=0 wide_expected=0 wrapper_entries=0 wrapper_expected=0
ARGUMENTS_PASS m=256 n=8 calls=0 bad=0 expected_panel_stride=2048
ALLOC_PASS m=256 n=9 small=1 wide_path=0 history_expected=1 history_calls=1 history_bytes=245760 history_success=1 history_fail=0 x_calls=1 x_bytes=16384 x_success=1 x_fail=0 kb_calls=0 kb_bytes=0 kb_success=0 kb_fail=0 total=2 injected=0 history_level=0 x_level=1 kb_level=-1 shape_bad=0 x_each_worker_once=1
CASE_PASS m=256 n=9 sve16_entries=32 expected=32 old_entries=2 packed_entries=30 packed_expected=30 wide_entries=0 wide_expected=0 wrapper_entries=0 wrapper_expected=0
ARGUMENTS_PASS m=256 n=9 calls=0 bad=0 expected_panel_stride=2048
ALLOC_PASS m=256 n=17 small=1 wide_path=0 history_expected=1 history_calls=1 history_bytes=245760 history_success=1 history_fail=0 x_calls=1 x_bytes=16384 x_success=1 x_fail=0 kb_calls=0 kb_bytes=0 kb_success=0 kb_fail=0 total=2 injected=0 history_level=0 x_level=1 kb_level=-1 shape_bad=0 x_each_worker_once=1
CASE_PASS m=256 n=17 sve16_entries=48 expected=48 old_entries=3 packed_entries=45 packed_expected=45 wide_entries=0 wide_expected=0 wrapper_entries=0 wrapper_expected=0
ARGUMENTS_PASS m=256 n=17 calls=0 bad=0 expected_panel_stride=2048
ALLOC_PASS m=257 n=1 small=1 wide_path=0 history_expected=1 history_calls=1 history_bytes=245760 history_success=1 history_fail=0 x_calls=1 x_bytes=16448 x_success=1 x_fail=0 kb_calls=0 kb_bytes=0 kb_success=0 kb_fail=0 total=2 injected=0 history_level=0 x_level=1 kb_level=-1 shape_bad=0 x_each_worker_once=1
CASE_PASS m=257 n=1 sve16_entries=16 expected=16 old_entries=1 packed_entries=15 packed_expected=15 wide_entries=0 wide_expected=0 wrapper_entries=0 wrapper_expected=0
ARGUMENTS_PASS m=257 n=1 calls=0 bad=0 expected_panel_stride=2056
ALLOC_PASS m=257 n=7 small=1 wide_path=0 history_expected=1 history_calls=1 history_bytes=245760 history_success=1 history_fail=0 x_calls=1 x_bytes=16448 x_success=1 x_fail=0 kb_calls=0 kb_bytes=0 kb_success=0 kb_fail=0 total=2 injected=0 history_level=0 x_level=1 kb_level=-1 shape_bad=0 x_each_worker_once=1
CASE_PASS m=257 n=7 sve16_entries=16 expected=16 old_entries=1 packed_entries=15 packed_expected=15 wide_entries=0 wide_expected=0 wrapper_entries=0 wrapper_expected=0
ARGUMENTS_PASS m=257 n=7 calls=0 bad=0 expected_panel_stride=2056
ALLOC_PASS m=257 n=8 small=1 wide_path=0 history_expected=1 history_calls=1 history_bytes=245760 history_success=1 history_fail=0 x_calls=1 x_bytes=16448 x_success=1 x_fail=0 kb_calls=0 kb_bytes=0 kb_success=0 kb_fail=0 total=2 injected=0 history_level=0 x_level=1 kb_level=-1 shape_bad=0 x_each_worker_once=1
CASE_PASS m=257 n=8 sve16_entries=16 expected=16 old_entries=1 packed_entries=15 packed_expected=15 wide_entries=0 wide_expected=0 wrapper_entries=0 wrapper_expected=0
ARGUMENTS_PASS m=257 n=8 calls=0 bad=0 expected_panel_stride=2056
ALLOC_PASS m=257 n=9 small=1 wide_path=0 history_expected=1 history_calls=1 history_bytes=245760 history_success=1 history_fail=0 x_calls=1 x_bytes=16448 x_success=1 x_fail=0 kb_calls=0 kb_bytes=0 kb_success=0 kb_fail=0 total=2 injected=0 history_level=0 x_level=1 kb_level=-1 shape_bad=0 x_each_worker_once=1
CASE_PASS m=257 n=9 sve16_entries=32 expected=32 old_entries=2 packed_entries=30 packed_expected=30 wide_entries=0 wide_expected=0 wrapper_entries=0 wrapper_expected=0
ARGUMENTS_PASS m=257 n=9 calls=0 bad=0 expected_panel_stride=2056
ALLOC_PASS m=257 n=17 small=1 wide_path=0 history_expected=1 history_calls=1 history_bytes=245760 history_success=1 history_fail=0 x_calls=1 x_bytes=16448 x_success=1 x_fail=0 kb_calls=0 kb_bytes=0 kb_success=0 kb_fail=0 total=2 injected=0 history_level=0 x_level=1 kb_level=-1 shape_bad=0 x_each_worker_once=1
CASE_PASS m=257 n=17 sve16_entries=48 expected=48 old_entries=3 packed_entries=45 packed_expected=45 wide_entries=0 wide_expected=0 wrapper_entries=0 wrapper_expected=0
ARGUMENTS_PASS m=257 n=17 calls=0 bad=0 expected_panel_stride=2056
ALLOCATION_SUMMARY_PASS cases=80 budget_cases=0 shared_injection_cases=0
PASS whole_cases=80 noop_cases=4 non_dyadic_long_double_RHS=1 padding_L_unchanged=1 max_error=1.1102230246251565e-16
SOURCE_FEATURES_PASS panel16=1 packedL16=1 has_budget=1 history_budget_bytes=4194304 panel8x16=1
MODE=full THREADS=4 NARROW_VL=0 EXPECT_SVE16=1 EXPECT_PACKEDL16=1
ALLOC_PASS m=1 n=1 small=1 wide_path=0 history_expected=0 history_calls=0 history_bytes=0 history_success=0 history_fail=0 x_calls=4 x_bytes=256 x_success=4 x_fail=0 kb_calls=0 kb_bytes=0 kb_success=0 kb_fail=0 total=4 injected=0 history_level=-1 x_level=1 kb_level=-1 shape_bad=0 x_each_worker_once=1
CASE_PASS m=1 n=1 sve16_entries=0 expected=0 old_entries=0 packed_entries=0 packed_expected=0 wide_entries=0 wide_expected=0 wrapper_entries=0 wrapper_expected=0
ARGUMENTS_PASS m=1 n=1 calls=0 bad=0 expected_panel_stride=8
ALLOC_PASS m=1 n=7 small=1 wide_path=0 history_expected=0 history_calls=0 history_bytes=0 history_success=0 history_fail=0 x_calls=4 x_bytes=256 x_success=4 x_fail=0 kb_calls=0 kb_bytes=0 kb_success=0 kb_fail=0 total=4 injected=0 history_level=-1 x_level=1 kb_level=-1 shape_bad=0 x_each_worker_once=1
CASE_PASS m=1 n=7 sve16_entries=0 expected=0 old_entries=0 packed_entries=0 packed_expected=0 wide_entries=0 wide_expected=0 wrapper_entries=0 wrapper_expected=0
ARGUMENTS_PASS m=1 n=7 calls=0 bad=0 expected_panel_stride=8
ALLOC_PASS m=1 n=8 small=1 wide_path=0 history_expected=0 history_calls=0 history_bytes=0 history_success=0 history_fail=0 x_calls=4 x_bytes=256 x_success=4 x_fail=0 kb_calls=0 kb_bytes=0 kb_success=0 kb_fail=0 total=4 injected=0 history_level=-1 x_level=1 kb_level=-1 shape_bad=0 x_each_worker_once=1
CASE_PASS m=1 n=8 sve16_entries=0 expected=0 old_entries=0 packed_entries=0 packed_expected=0 wide_entries=0 wide_expected=0 wrapper_entries=0 wrapper_expected=0
ARGUMENTS_PASS m=1 n=8 calls=0 bad=0 expected_panel_stride=8
ALLOC_PASS m=1 n=9 small=1 wide_path=0 history_expected=0 history_calls=0 history_bytes=0 history_success=0 history_fail=0 x_calls=4 x_bytes=256 x_success=4 x_fail=0 kb_calls=0 kb_bytes=0 kb_success=0 kb_fail=0 total=4 injected=0 history_level=-1 x_level=1 kb_level=-1 shape_bad=0 x_each_worker_once=1
CASE_PASS m=1 n=9 sve16_entries=0 expected=0 old_entries=0 packed_entries=0 packed_expected=0 wide_entries=0 wide_expected=0 wrapper_entries=0 wrapper_expected=0
ARGUMENTS_PASS m=1 n=9 calls=0 bad=0 expected_panel_stride=8
ALLOC_PASS m=1 n=17 small=1 wide_path=0 history_expected=0 history_calls=0 history_bytes=0 history_success=0 history_fail=0 x_calls=4 x_bytes=256 x_success=4 x_fail=0 kb_calls=0 kb_bytes=0 kb_success=0 kb_fail=0 total=4 injected=0 history_level=-1 x_level=1 kb_level=-1 shape_bad=0 x_each_worker_once=1
CASE_PASS m=1 n=17 sve16_entries=0 expected=0 old_entries=0 packed_entries=0 packed_expected=0 wide_entries=0 wide_expected=0 wrapper_entries=0 wrapper_expected=0
ARGUMENTS_PASS m=1 n=17 calls=0 bad=0 expected_panel_stride=8
ALLOC_PASS m=3 n=1 small=1 wide_path=0 history_expected=0 history_calls=0 history_bytes=0 history_success=0 history_fail=0 x_calls=4 x_bytes=768 x_success=4 x_fail=0 kb_calls=0 kb_bytes=0 kb_success=0 kb_fail=0 total=4 injected=0 history_level=-1 x_level=1 kb_level=-1 shape_bad=0 x_each_worker_once=1
CASE_PASS m=3 n=1 sve16_entries=0 expected=0 old_entries=0 packed_entries=0 packed_expected=0 wide_entries=0 wide_expected=0 wrapper_entries=0 wrapper_expected=0
ARGUMENTS_PASS m=3 n=1 calls=0 bad=0 expected_panel_stride=24
ALLOC_PASS m=3 n=7 small=1 wide_path=0 history_expected=0 history_calls=0 history_bytes=0 history_success=0 history_fail=0 x_calls=4 x_bytes=768 x_success=4 x_fail=0 kb_calls=0 kb_bytes=0 kb_success=0 kb_fail=0 total=4 injected=0 history_level=-1 x_level=1 kb_level=-1 shape_bad=0 x_each_worker_once=1
CASE_PASS m=3 n=7 sve16_entries=0 expected=0 old_entries=0 packed_entries=0 packed_expected=0 wide_entries=0 wide_expected=0 wrapper_entries=0 wrapper_expected=0
ARGUMENTS_PASS m=3 n=7 calls=0 bad=0 expected_panel_stride=24
ALLOC_PASS m=3 n=8 small=1 wide_path=0 history_expected=0 history_calls=0 history_bytes=0 history_success=0 history_fail=0 x_calls=4 x_bytes=768 x_success=4 x_fail=0 kb_calls=0 kb_bytes=0 kb_success=0 kb_fail=0 total=4 injected=0 history_level=-1 x_level=1 kb_level=-1 shape_bad=0 x_each_worker_once=1
CASE_PASS m=3 n=8 sve16_entries=0 expected=0 old_entries=0 packed_entries=0 packed_expected=0 wide_entries=0 wide_expected=0 wrapper_entries=0 wrapper_expected=0
ARGUMENTS_PASS m=3 n=8 calls=0 bad=0 expected_panel_stride=24
ALLOC_PASS m=3 n=9 small=1 wide_path=0 history_expected=0 history_calls=0 history_bytes=0 history_success=0 history_fail=0 x_calls=4 x_bytes=768 x_success=4 x_fail=0 kb_calls=0 kb_bytes=0 kb_success=0 kb_fail=0 total=4 injected=0 history_level=-1 x_level=1 kb_level=-1 shape_bad=0 x_each_worker_once=1
CASE_PASS m=3 n=9 sve16_entries=0 expected=0 old_entries=0 packed_entries=0 packed_expected=0 wide_entries=0 wide_expected=0 wrapper_entries=0 wrapper_expected=0
ARGUMENTS_PASS m=3 n=9 calls=0 bad=0 expected_panel_stride=24
ALLOC_PASS m=3 n=17 small=1 wide_path=0 history_expected=0 history_calls=0 history_bytes=0 history_success=0 history_fail=0 x_calls=4 x_bytes=768 x_success=4 x_fail=0 kb_calls=0 kb_bytes=0 kb_success=0 kb_fail=0 total=4 injected=0 history_level=-1 x_level=1 kb_level=-1 shape_bad=0 x_each_worker_once=1
CASE_PASS m=3 n=17 sve16_entries=0 expected=0 old_entries=0 packed_entries=0 packed_expected=0 wide_entries=0 wide_expected=0 wrapper_entries=0 wrapper_expected=0
ARGUMENTS_PASS m=3 n=17 calls=0 bad=0 expected_panel_stride=24
ALLOC_PASS m=4 n=1 small=1 wide_path=0 history_expected=0 history_calls=0 history_bytes=0 history_success=0 history_fail=0 x_calls=4 x_bytes=1024 x_success=4 x_fail=0 kb_calls=0 kb_bytes=0 kb_success=0 kb_fail=0 total=4 injected=0 history_level=-1 x_level=1 kb_level=-1 shape_bad=0 x_each_worker_once=1
CASE_PASS m=4 n=1 sve16_entries=0 expected=0 old_entries=0 packed_entries=0 packed_expected=0 wide_entries=0 wide_expected=0 wrapper_entries=0 wrapper_expected=0
ARGUMENTS_PASS m=4 n=1 calls=0 bad=0 expected_panel_stride=32
ALLOC_PASS m=4 n=7 small=1 wide_path=0 history_expected=0 history_calls=0 history_bytes=0 history_success=0 history_fail=0 x_calls=4 x_bytes=1024 x_success=4 x_fail=0 kb_calls=0 kb_bytes=0 kb_success=0 kb_fail=0 total=4 injected=0 history_level=-1 x_level=1 kb_level=-1 shape_bad=0 x_each_worker_once=1
CASE_PASS m=4 n=7 sve16_entries=0 expected=0 old_entries=0 packed_entries=0 packed_expected=0 wide_entries=0 wide_expected=0 wrapper_entries=0 wrapper_expected=0
ARGUMENTS_PASS m=4 n=7 calls=0 bad=0 expected_panel_stride=32
ALLOC_PASS m=4 n=8 small=1 wide_path=0 history_expected=0 history_calls=0 history_bytes=0 history_success=0 history_fail=0 x_calls=4 x_bytes=1024 x_success=4 x_fail=0 kb_calls=0 kb_bytes=0 kb_success=0 kb_fail=0 total=4 injected=0 history_level=-1 x_level=1 kb_level=-1 shape_bad=0 x_each_worker_once=1
CASE_PASS m=4 n=8 sve16_entries=0 expected=0 old_entries=0 packed_entries=0 packed_expected=0 wide_entries=0 wide_expected=0 wrapper_entries=0 wrapper_expected=0
ARGUMENTS_PASS m=4 n=8 calls=0 bad=0 expected_panel_stride=32
ALLOC_PASS m=4 n=9 small=1 wide_path=0 history_expected=0 history_calls=0 history_bytes=0 history_success=0 history_fail=0 x_calls=4 x_bytes=1024 x_success=4 x_fail=0 kb_calls=0 kb_bytes=0 kb_success=0 kb_fail=0 total=4 injected=0 history_level=-1 x_level=1 kb_level=-1 shape_bad=0 x_each_worker_once=1
CASE_PASS m=4 n=9 sve16_entries=0 expected=0 old_entries=0 packed_entries=0 packed_expected=0 wide_entries=0 wide_expected=0 wrapper_entries=0 wrapper_expected=0
ARGUMENTS_PASS m=4 n=9 calls=0 bad=0 expected_panel_stride=32
ALLOC_PASS m=4 n=17 small=1 wide_path=0 history_expected=0 history_calls=0 history_bytes=0 history_success=0 history_fail=0 x_calls=4 x_bytes=1024 x_success=4 x_fail=0 kb_calls=0 kb_bytes=0 kb_success=0 kb_fail=0 total=4 injected=0 history_level=-1 x_level=1 kb_level=-1 shape_bad=0 x_each_worker_once=1
CASE_PASS m=4 n=17 sve16_entries=0 expected=0 old_entries=0 packed_entries=0 packed_expected=0 wide_entries=0 wide_expected=0 wrapper_entries=0 wrapper_expected=0
ARGUMENTS_PASS m=4 n=17 calls=0 bad=0 expected_panel_stride=32
ALLOC_PASS m=5 n=1 small=1 wide_path=0 history_expected=0 history_calls=0 history_bytes=0 history_success=0 history_fail=0 x_calls=4 x_bytes=1280 x_success=4 x_fail=0 kb_calls=0 kb_bytes=0 kb_success=0 kb_fail=0 total=4 injected=0 history_level=-1 x_level=1 kb_level=-1 shape_bad=0 x_each_worker_once=1
CASE_PASS m=5 n=1 sve16_entries=0 expected=0 old_entries=0 packed_entries=0 packed_expected=0 wide_entries=0 wide_expected=0 wrapper_entries=0 wrapper_expected=0
ARGUMENTS_PASS m=5 n=1 calls=0 bad=0 expected_panel_stride=40
ALLOC_PASS m=5 n=7 small=1 wide_path=0 history_expected=0 history_calls=0 history_bytes=0 history_success=0 history_fail=0 x_calls=4 x_bytes=1280 x_success=4 x_fail=0 kb_calls=0 kb_bytes=0 kb_success=0 kb_fail=0 total=4 injected=0 history_level=-1 x_level=1 kb_level=-1 shape_bad=0 x_each_worker_once=1
CASE_PASS m=5 n=7 sve16_entries=0 expected=0 old_entries=0 packed_entries=0 packed_expected=0 wide_entries=0 wide_expected=0 wrapper_entries=0 wrapper_expected=0
ARGUMENTS_PASS m=5 n=7 calls=0 bad=0 expected_panel_stride=40
ALLOC_PASS m=5 n=8 small=1 wide_path=0 history_expected=0 history_calls=0 history_bytes=0 history_success=0 history_fail=0 x_calls=4 x_bytes=1280 x_success=4 x_fail=0 kb_calls=0 kb_bytes=0 kb_success=0 kb_fail=0 total=4 injected=0 history_level=-1 x_level=1 kb_level=-1 shape_bad=0 x_each_worker_once=1
CASE_PASS m=5 n=8 sve16_entries=0 expected=0 old_entries=0 packed_entries=0 packed_expected=0 wide_entries=0 wide_expected=0 wrapper_entries=0 wrapper_expected=0
ARGUMENTS_PASS m=5 n=8 calls=0 bad=0 expected_panel_stride=40
ALLOC_PASS m=5 n=9 small=1 wide_path=0 history_expected=0 history_calls=0 history_bytes=0 history_success=0 history_fail=0 x_calls=4 x_bytes=1280 x_success=4 x_fail=0 kb_calls=0 kb_bytes=0 kb_success=0 kb_fail=0 total=4 injected=0 history_level=-1 x_level=1 kb_level=-1 shape_bad=0 x_each_worker_once=1
CASE_PASS m=5 n=9 sve16_entries=0 expected=0 old_entries=0 packed_entries=0 packed_expected=0 wide_entries=0 wide_expected=0 wrapper_entries=0 wrapper_expected=0
ARGUMENTS_PASS m=5 n=9 calls=0 bad=0 expected_panel_stride=40
ALLOC_PASS m=5 n=17 small=1 wide_path=0 history_expected=0 history_calls=0 history_bytes=0 history_success=0 history_fail=0 x_calls=4 x_bytes=1280 x_success=4 x_fail=0 kb_calls=0 kb_bytes=0 kb_success=0 kb_fail=0 total=4 injected=0 history_level=-1 x_level=1 kb_level=-1 shape_bad=0 x_each_worker_once=1
CASE_PASS m=5 n=17 sve16_entries=0 expected=0 old_entries=0 packed_entries=0 packed_expected=0 wide_entries=0 wide_expected=0 wrapper_entries=0 wrapper_expected=0
ARGUMENTS_PASS m=5 n=17 calls=0 bad=0 expected_panel_stride=40
ALLOC_PASS m=15 n=1 small=1 wide_path=0 history_expected=0 history_calls=0 history_bytes=0 history_success=0 history_fail=0 x_calls=4 x_bytes=3840 x_success=4 x_fail=0 kb_calls=0 kb_bytes=0 kb_success=0 kb_fail=0 total=4 injected=0 history_level=-1 x_level=1 kb_level=-1 shape_bad=0 x_each_worker_once=1
CASE_PASS m=15 n=1 sve16_entries=0 expected=0 old_entries=0 packed_entries=0 packed_expected=0 wide_entries=0 wide_expected=0 wrapper_entries=0 wrapper_expected=0
ARGUMENTS_PASS m=15 n=1 calls=0 bad=0 expected_panel_stride=120
ALLOC_PASS m=15 n=7 small=1 wide_path=0 history_expected=0 history_calls=0 history_bytes=0 history_success=0 history_fail=0 x_calls=4 x_bytes=3840 x_success=4 x_fail=0 kb_calls=0 kb_bytes=0 kb_success=0 kb_fail=0 total=4 injected=0 history_level=-1 x_level=1 kb_level=-1 shape_bad=0 x_each_worker_once=1
CASE_PASS m=15 n=7 sve16_entries=0 expected=0 old_entries=0 packed_entries=0 packed_expected=0 wide_entries=0 wide_expected=0 wrapper_entries=0 wrapper_expected=0
ARGUMENTS_PASS m=15 n=7 calls=0 bad=0 expected_panel_stride=120
ALLOC_PASS m=15 n=8 small=1 wide_path=0 history_expected=0 history_calls=0 history_bytes=0 history_success=0 history_fail=0 x_calls=4 x_bytes=3840 x_success=4 x_fail=0 kb_calls=0 kb_bytes=0 kb_success=0 kb_fail=0 total=4 injected=0 history_level=-1 x_level=1 kb_level=-1 shape_bad=0 x_each_worker_once=1
CASE_PASS m=15 n=8 sve16_entries=0 expected=0 old_entries=0 packed_entries=0 packed_expected=0 wide_entries=0 wide_expected=0 wrapper_entries=0 wrapper_expected=0
ARGUMENTS_PASS m=15 n=8 calls=0 bad=0 expected_panel_stride=120
ALLOC_PASS m=15 n=9 small=1 wide_path=0 history_expected=0 history_calls=0 history_bytes=0 history_success=0 history_fail=0 x_calls=4 x_bytes=3840 x_success=4 x_fail=0 kb_calls=0 kb_bytes=0 kb_success=0 kb_fail=0 total=4 injected=0 history_level=-1 x_level=1 kb_level=-1 shape_bad=0 x_each_worker_once=1
CASE_PASS m=15 n=9 sve16_entries=0 expected=0 old_entries=0 packed_entries=0 packed_expected=0 wide_entries=0 wide_expected=0 wrapper_entries=0 wrapper_expected=0
ARGUMENTS_PASS m=15 n=9 calls=0 bad=0 expected_panel_stride=120
ALLOC_PASS m=15 n=17 small=1 wide_path=0 history_expected=0 history_calls=0 history_bytes=0 history_success=0 history_fail=0 x_calls=4 x_bytes=3840 x_success=4 x_fail=0 kb_calls=0 kb_bytes=0 kb_success=0 kb_fail=0 total=4 injected=0 history_level=-1 x_level=1 kb_level=-1 shape_bad=0 x_each_worker_once=1
CASE_PASS m=15 n=17 sve16_entries=0 expected=0 old_entries=0 packed_entries=0 packed_expected=0 wide_entries=0 wide_expected=0 wrapper_entries=0 wrapper_expected=0
ARGUMENTS_PASS m=15 n=17 calls=0 bad=0 expected_panel_stride=120
ALLOC_PASS m=16 n=1 small=1 wide_path=0 history_expected=0 history_calls=0 history_bytes=0 history_success=0 history_fail=0 x_calls=4 x_bytes=4096 x_success=4 x_fail=0 kb_calls=0 kb_bytes=0 kb_success=0 kb_fail=0 total=4 injected=0 history_level=-1 x_level=1 kb_level=-1 shape_bad=0 x_each_worker_once=1
CASE_PASS m=16 n=1 sve16_entries=1 expected=1 old_entries=1 packed_entries=0 packed_expected=0 wide_entries=0 wide_expected=0 wrapper_entries=0 wrapper_expected=0
ARGUMENTS_PASS m=16 n=1 calls=0 bad=0 expected_panel_stride=128
ALLOC_PASS m=16 n=7 small=1 wide_path=0 history_expected=0 history_calls=0 history_bytes=0 history_success=0 history_fail=0 x_calls=4 x_bytes=4096 x_success=4 x_fail=0 kb_calls=0 kb_bytes=0 kb_success=0 kb_fail=0 total=4 injected=0 history_level=-1 x_level=1 kb_level=-1 shape_bad=0 x_each_worker_once=1
CASE_PASS m=16 n=7 sve16_entries=1 expected=1 old_entries=1 packed_entries=0 packed_expected=0 wide_entries=0 wide_expected=0 wrapper_entries=0 wrapper_expected=0
ARGUMENTS_PASS m=16 n=7 calls=0 bad=0 expected_panel_stride=128
ALLOC_PASS m=16 n=8 small=1 wide_path=0 history_expected=0 history_calls=0 history_bytes=0 history_success=0 history_fail=0 x_calls=4 x_bytes=4096 x_success=4 x_fail=0 kb_calls=0 kb_bytes=0 kb_success=0 kb_fail=0 total=4 injected=0 history_level=-1 x_level=1 kb_level=-1 shape_bad=0 x_each_worker_once=1
CASE_PASS m=16 n=8 sve16_entries=1 expected=1 old_entries=1 packed_entries=0 packed_expected=0 wide_entries=0 wide_expected=0 wrapper_entries=0 wrapper_expected=0
ARGUMENTS_PASS m=16 n=8 calls=0 bad=0 expected_panel_stride=128
ALLOC_PASS m=16 n=9 small=1 wide_path=0 history_expected=0 history_calls=0 history_bytes=0 history_success=0 history_fail=0 x_calls=4 x_bytes=4096 x_success=4 x_fail=0 kb_calls=0 kb_bytes=0 kb_success=0 kb_fail=0 total=4 injected=0 history_level=-1 x_level=1 kb_level=-1 shape_bad=0 x_each_worker_once=1
CASE_PASS m=16 n=9 sve16_entries=2 expected=2 old_entries=2 packed_entries=0 packed_expected=0 wide_entries=0 wide_expected=0 wrapper_entries=0 wrapper_expected=0
ARGUMENTS_PASS m=16 n=9 calls=0 bad=0 expected_panel_stride=128
ALLOC_PASS m=16 n=17 small=1 wide_path=0 history_expected=0 history_calls=0 history_bytes=0 history_success=0 history_fail=0 x_calls=4 x_bytes=4096 x_success=4 x_fail=0 kb_calls=0 kb_bytes=0 kb_success=0 kb_fail=0 total=4 injected=0 history_level=-1 x_level=1 kb_level=-1 shape_bad=0 x_each_worker_once=1
CASE_PASS m=16 n=17 sve16_entries=3 expected=3 old_entries=3 packed_entries=0 packed_expected=0 wide_entries=0 wide_expected=0 wrapper_entries=0 wrapper_expected=0
ARGUMENTS_PASS m=16 n=17 calls=0 bad=0 expected_panel_stride=128
ALLOC_PASS m=17 n=1 small=1 wide_path=0 history_expected=0 history_calls=0 history_bytes=0 history_success=0 history_fail=0 x_calls=4 x_bytes=4352 x_success=4 x_fail=0 kb_calls=0 kb_bytes=0 kb_success=0 kb_fail=0 total=4 injected=0 history_level=-1 x_level=1 kb_level=-1 shape_bad=0 x_each_worker_once=1
CASE_PASS m=17 n=1 sve16_entries=1 expected=1 old_entries=1 packed_entries=0 packed_expected=0 wide_entries=0 wide_expected=0 wrapper_entries=0 wrapper_expected=0
ARGUMENTS_PASS m=17 n=1 calls=0 bad=0 expected_panel_stride=136
ALLOC_PASS m=17 n=7 small=1 wide_path=0 history_expected=0 history_calls=0 history_bytes=0 history_success=0 history_fail=0 x_calls=4 x_bytes=4352 x_success=4 x_fail=0 kb_calls=0 kb_bytes=0 kb_success=0 kb_fail=0 total=4 injected=0 history_level=-1 x_level=1 kb_level=-1 shape_bad=0 x_each_worker_once=1
CASE_PASS m=17 n=7 sve16_entries=1 expected=1 old_entries=1 packed_entries=0 packed_expected=0 wide_entries=0 wide_expected=0 wrapper_entries=0 wrapper_expected=0
ARGUMENTS_PASS m=17 n=7 calls=0 bad=0 expected_panel_stride=136
ALLOC_PASS m=17 n=8 small=1 wide_path=0 history_expected=0 history_calls=0 history_bytes=0 history_success=0 history_fail=0 x_calls=4 x_bytes=4352 x_success=4 x_fail=0 kb_calls=0 kb_bytes=0 kb_success=0 kb_fail=0 total=4 injected=0 history_level=-1 x_level=1 kb_level=-1 shape_bad=0 x_each_worker_once=1
CASE_PASS m=17 n=8 sve16_entries=1 expected=1 old_entries=1 packed_entries=0 packed_expected=0 wide_entries=0 wide_expected=0 wrapper_entries=0 wrapper_expected=0
ARGUMENTS_PASS m=17 n=8 calls=0 bad=0 expected_panel_stride=136
ALLOC_PASS m=17 n=9 small=1 wide_path=0 history_expected=0 history_calls=0 history_bytes=0 history_success=0 history_fail=0 x_calls=4 x_bytes=4352 x_success=4 x_fail=0 kb_calls=0 kb_bytes=0 kb_success=0 kb_fail=0 total=4 injected=0 history_level=-1 x_level=1 kb_level=-1 shape_bad=0 x_each_worker_once=1
CASE_PASS m=17 n=9 sve16_entries=2 expected=2 old_entries=2 packed_entries=0 packed_expected=0 wide_entries=0 wide_expected=0 wrapper_entries=0 wrapper_expected=0
ARGUMENTS_PASS m=17 n=9 calls=0 bad=0 expected_panel_stride=136
ALLOC_PASS m=17 n=17 small=1 wide_path=0 history_expected=0 history_calls=0 history_bytes=0 history_success=0 history_fail=0 x_calls=4 x_bytes=4352 x_success=4 x_fail=0 kb_calls=0 kb_bytes=0 kb_success=0 kb_fail=0 total=4 injected=0 history_level=-1 x_level=1 kb_level=-1 shape_bad=0 x_each_worker_once=1
CASE_PASS m=17 n=17 sve16_entries=3 expected=3 old_entries=3 packed_entries=0 packed_expected=0 wide_entries=0 wide_expected=0 wrapper_entries=0 wrapper_expected=0
ARGUMENTS_PASS m=17 n=17 calls=0 bad=0 expected_panel_stride=136
ALLOC_PASS m=31 n=1 small=1 wide_path=0 history_expected=0 history_calls=0 history_bytes=0 history_success=0 history_fail=0 x_calls=4 x_bytes=7936 x_success=4 x_fail=0 kb_calls=0 kb_bytes=0 kb_success=0 kb_fail=0 total=4 injected=0 history_level=-1 x_level=1 kb_level=-1 shape_bad=0 x_each_worker_once=1
CASE_PASS m=31 n=1 sve16_entries=1 expected=1 old_entries=1 packed_entries=0 packed_expected=0 wide_entries=0 wide_expected=0 wrapper_entries=0 wrapper_expected=0
ARGUMENTS_PASS m=31 n=1 calls=0 bad=0 expected_panel_stride=248
ALLOC_PASS m=31 n=7 small=1 wide_path=0 history_expected=0 history_calls=0 history_bytes=0 history_success=0 history_fail=0 x_calls=4 x_bytes=7936 x_success=4 x_fail=0 kb_calls=0 kb_bytes=0 kb_success=0 kb_fail=0 total=4 injected=0 history_level=-1 x_level=1 kb_level=-1 shape_bad=0 x_each_worker_once=1
CASE_PASS m=31 n=7 sve16_entries=1 expected=1 old_entries=1 packed_entries=0 packed_expected=0 wide_entries=0 wide_expected=0 wrapper_entries=0 wrapper_expected=0
ARGUMENTS_PASS m=31 n=7 calls=0 bad=0 expected_panel_stride=248
ALLOC_PASS m=31 n=8 small=1 wide_path=0 history_expected=0 history_calls=0 history_bytes=0 history_success=0 history_fail=0 x_calls=4 x_bytes=7936 x_success=4 x_fail=0 kb_calls=0 kb_bytes=0 kb_success=0 kb_fail=0 total=4 injected=0 history_level=-1 x_level=1 kb_level=-1 shape_bad=0 x_each_worker_once=1
CASE_PASS m=31 n=8 sve16_entries=1 expected=1 old_entries=1 packed_entries=0 packed_expected=0 wide_entries=0 wide_expected=0 wrapper_entries=0 wrapper_expected=0
ARGUMENTS_PASS m=31 n=8 calls=0 bad=0 expected_panel_stride=248
ALLOC_PASS m=31 n=9 small=1 wide_path=0 history_expected=0 history_calls=0 history_bytes=0 history_success=0 history_fail=0 x_calls=4 x_bytes=7936 x_success=4 x_fail=0 kb_calls=0 kb_bytes=0 kb_success=0 kb_fail=0 total=4 injected=0 history_level=-1 x_level=1 kb_level=-1 shape_bad=0 x_each_worker_once=1
CASE_PASS m=31 n=9 sve16_entries=2 expected=2 old_entries=2 packed_entries=0 packed_expected=0 wide_entries=0 wide_expected=0 wrapper_entries=0 wrapper_expected=0
ARGUMENTS_PASS m=31 n=9 calls=0 bad=0 expected_panel_stride=248
ALLOC_PASS m=31 n=17 small=1 wide_path=0 history_expected=0 history_calls=0 history_bytes=0 history_success=0 history_fail=0 x_calls=4 x_bytes=7936 x_success=4 x_fail=0 kb_calls=0 kb_bytes=0 kb_success=0 kb_fail=0 total=4 injected=0 history_level=-1 x_level=1 kb_level=-1 shape_bad=0 x_each_worker_once=1
CASE_PASS m=31 n=17 sve16_entries=3 expected=3 old_entries=3 packed_entries=0 packed_expected=0 wide_entries=0 wide_expected=0 wrapper_entries=0 wrapper_expected=0
ARGUMENTS_PASS m=31 n=17 calls=0 bad=0 expected_panel_stride=248
ALLOC_PASS m=32 n=1 small=1 wide_path=0 history_expected=1 history_calls=1 history_bytes=2048 history_success=1 history_fail=0 x_calls=4 x_bytes=8192 x_success=4 x_fail=0 kb_calls=0 kb_bytes=0 kb_success=0 kb_fail=0 total=5 injected=0 history_level=0 x_level=1 kb_level=-1 shape_bad=0 x_each_worker_once=1
CASE_PASS m=32 n=1 sve16_entries=2 expected=2 old_entries=1 packed_entries=1 packed_expected=1 wide_entries=0 wide_expected=0 wrapper_entries=0 wrapper_expected=0
ARGUMENTS_PASS m=32 n=1 calls=0 bad=0 expected_panel_stride=256
ALLOC_PASS m=32 n=7 small=1 wide_path=0 history_expected=1 history_calls=1 history_bytes=2048 history_success=1 history_fail=0 x_calls=4 x_bytes=8192 x_success=4 x_fail=0 kb_calls=0 kb_bytes=0 kb_success=0 kb_fail=0 total=5 injected=0 history_level=0 x_level=1 kb_level=-1 shape_bad=0 x_each_worker_once=1
CASE_PASS m=32 n=7 sve16_entries=2 expected=2 old_entries=1 packed_entries=1 packed_expected=1 wide_entries=0 wide_expected=0 wrapper_entries=0 wrapper_expected=0
ARGUMENTS_PASS m=32 n=7 calls=0 bad=0 expected_panel_stride=256
ALLOC_PASS m=32 n=8 small=1 wide_path=0 history_expected=1 history_calls=1 history_bytes=2048 history_success=1 history_fail=0 x_calls=4 x_bytes=8192 x_success=4 x_fail=0 kb_calls=0 kb_bytes=0 kb_success=0 kb_fail=0 total=5 injected=0 history_level=0 x_level=1 kb_level=-1 shape_bad=0 x_each_worker_once=1
CASE_PASS m=32 n=8 sve16_entries=2 expected=2 old_entries=1 packed_entries=1 packed_expected=1 wide_entries=0 wide_expected=0 wrapper_entries=0 wrapper_expected=0
ARGUMENTS_PASS m=32 n=8 calls=0 bad=0 expected_panel_stride=256
ALLOC_PASS m=32 n=9 small=1 wide_path=0 history_expected=1 history_calls=1 history_bytes=2048 history_success=1 history_fail=0 x_calls=4 x_bytes=8192 x_success=4 x_fail=0 kb_calls=0 kb_bytes=0 kb_success=0 kb_fail=0 total=5 injected=0 history_level=0 x_level=1 kb_level=-1 shape_bad=0 x_each_worker_once=1
CASE_PASS m=32 n=9 sve16_entries=4 expected=4 old_entries=2 packed_entries=2 packed_expected=2 wide_entries=0 wide_expected=0 wrapper_entries=0 wrapper_expected=0
ARGUMENTS_PASS m=32 n=9 calls=0 bad=0 expected_panel_stride=256
ALLOC_PASS m=32 n=17 small=1 wide_path=0 history_expected=1 history_calls=1 history_bytes=2048 history_success=1 history_fail=0 x_calls=4 x_bytes=8192 x_success=4 x_fail=0 kb_calls=0 kb_bytes=0 kb_success=0 kb_fail=0 total=5 injected=0 history_level=0 x_level=1 kb_level=-1 shape_bad=0 x_each_worker_once=1
CASE_PASS m=32 n=17 sve16_entries=6 expected=6 old_entries=3 packed_entries=3 packed_expected=3 wide_entries=0 wide_expected=0 wrapper_entries=0 wrapper_expected=0
ARGUMENTS_PASS m=32 n=17 calls=0 bad=0 expected_panel_stride=256
ALLOC_PASS m=33 n=1 small=1 wide_path=0 history_expected=1 history_calls=1 history_bytes=2048 history_success=1 history_fail=0 x_calls=4 x_bytes=8448 x_success=4 x_fail=0 kb_calls=0 kb_bytes=0 kb_success=0 kb_fail=0 total=5 injected=0 history_level=0 x_level=1 kb_level=-1 shape_bad=0 x_each_worker_once=1
CASE_PASS m=33 n=1 sve16_entries=2 expected=2 old_entries=1 packed_entries=1 packed_expected=1 wide_entries=0 wide_expected=0 wrapper_entries=0 wrapper_expected=0
ARGUMENTS_PASS m=33 n=1 calls=0 bad=0 expected_panel_stride=264
ALLOC_PASS m=33 n=7 small=1 wide_path=0 history_expected=1 history_calls=1 history_bytes=2048 history_success=1 history_fail=0 x_calls=4 x_bytes=8448 x_success=4 x_fail=0 kb_calls=0 kb_bytes=0 kb_success=0 kb_fail=0 total=5 injected=0 history_level=0 x_level=1 kb_level=-1 shape_bad=0 x_each_worker_once=1
CASE_PASS m=33 n=7 sve16_entries=2 expected=2 old_entries=1 packed_entries=1 packed_expected=1 wide_entries=0 wide_expected=0 wrapper_entries=0 wrapper_expected=0
ARGUMENTS_PASS m=33 n=7 calls=0 bad=0 expected_panel_stride=264
ALLOC_PASS m=33 n=8 small=1 wide_path=0 history_expected=1 history_calls=1 history_bytes=2048 history_success=1 history_fail=0 x_calls=4 x_bytes=8448 x_success=4 x_fail=0 kb_calls=0 kb_bytes=0 kb_success=0 kb_fail=0 total=5 injected=0 history_level=0 x_level=1 kb_level=-1 shape_bad=0 x_each_worker_once=1
CASE_PASS m=33 n=8 sve16_entries=2 expected=2 old_entries=1 packed_entries=1 packed_expected=1 wide_entries=0 wide_expected=0 wrapper_entries=0 wrapper_expected=0
ARGUMENTS_PASS m=33 n=8 calls=0 bad=0 expected_panel_stride=264
ALLOC_PASS m=33 n=9 small=1 wide_path=0 history_expected=1 history_calls=1 history_bytes=2048 history_success=1 history_fail=0 x_calls=4 x_bytes=8448 x_success=4 x_fail=0 kb_calls=0 kb_bytes=0 kb_success=0 kb_fail=0 total=5 injected=0 history_level=0 x_level=1 kb_level=-1 shape_bad=0 x_each_worker_once=1
CASE_PASS m=33 n=9 sve16_entries=4 expected=4 old_entries=2 packed_entries=2 packed_expected=2 wide_entries=0 wide_expected=0 wrapper_entries=0 wrapper_expected=0
ARGUMENTS_PASS m=33 n=9 calls=0 bad=0 expected_panel_stride=264
ALLOC_PASS m=33 n=17 small=1 wide_path=0 history_expected=1 history_calls=1 history_bytes=2048 history_success=1 history_fail=0 x_calls=4 x_bytes=8448 x_success=4 x_fail=0 kb_calls=0 kb_bytes=0 kb_success=0 kb_fail=0 total=5 injected=0 history_level=0 x_level=1 kb_level=-1 shape_bad=0 x_each_worker_once=1
CASE_PASS m=33 n=17 sve16_entries=6 expected=6 old_entries=3 packed_entries=3 packed_expected=3 wide_entries=0 wide_expected=0 wrapper_entries=0 wrapper_expected=0
ARGUMENTS_PASS m=33 n=17 calls=0 bad=0 expected_panel_stride=264
ALLOC_PASS m=63 n=1 small=1 wide_path=0 history_expected=1 history_calls=1 history_bytes=6144 history_success=1 history_fail=0 x_calls=4 x_bytes=16128 x_success=4 x_fail=0 kb_calls=0 kb_bytes=0 kb_success=0 kb_fail=0 total=5 injected=0 history_level=0 x_level=1 kb_level=-1 shape_bad=0 x_each_worker_once=1
CASE_PASS m=63 n=1 sve16_entries=3 expected=3 old_entries=1 packed_entries=2 packed_expected=2 wide_entries=0 wide_expected=0 wrapper_entries=0 wrapper_expected=0
ARGUMENTS_PASS m=63 n=1 calls=0 bad=0 expected_panel_stride=504
ALLOC_PASS m=63 n=7 small=1 wide_path=0 history_expected=1 history_calls=1 history_bytes=6144 history_success=1 history_fail=0 x_calls=4 x_bytes=16128 x_success=4 x_fail=0 kb_calls=0 kb_bytes=0 kb_success=0 kb_fail=0 total=5 injected=0 history_level=0 x_level=1 kb_level=-1 shape_bad=0 x_each_worker_once=1
CASE_PASS m=63 n=7 sve16_entries=3 expected=3 old_entries=1 packed_entries=2 packed_expected=2 wide_entries=0 wide_expected=0 wrapper_entries=0 wrapper_expected=0
ARGUMENTS_PASS m=63 n=7 calls=0 bad=0 expected_panel_stride=504
ALLOC_PASS m=63 n=8 small=1 wide_path=0 history_expected=1 history_calls=1 history_bytes=6144 history_success=1 history_fail=0 x_calls=4 x_bytes=16128 x_success=4 x_fail=0 kb_calls=0 kb_bytes=0 kb_success=0 kb_fail=0 total=5 injected=0 history_level=0 x_level=1 kb_level=-1 shape_bad=0 x_each_worker_once=1
CASE_PASS m=63 n=8 sve16_entries=3 expected=3 old_entries=1 packed_entries=2 packed_expected=2 wide_entries=0 wide_expected=0 wrapper_entries=0 wrapper_expected=0
ARGUMENTS_PASS m=63 n=8 calls=0 bad=0 expected_panel_stride=504
ALLOC_PASS m=63 n=9 small=1 wide_path=0 history_expected=1 history_calls=1 history_bytes=6144 history_success=1 history_fail=0 x_calls=4 x_bytes=16128 x_success=4 x_fail=0 kb_calls=0 kb_bytes=0 kb_success=0 kb_fail=0 total=5 injected=0 history_level=0 x_level=1 kb_level=-1 shape_bad=0 x_each_worker_once=1
CASE_PASS m=63 n=9 sve16_entries=6 expected=6 old_entries=2 packed_entries=4 packed_expected=4 wide_entries=0 wide_expected=0 wrapper_entries=0 wrapper_expected=0
ARGUMENTS_PASS m=63 n=9 calls=0 bad=0 expected_panel_stride=504
ALLOC_PASS m=63 n=17 small=1 wide_path=0 history_expected=1 history_calls=1 history_bytes=6144 history_success=1 history_fail=0 x_calls=4 x_bytes=16128 x_success=4 x_fail=0 kb_calls=0 kb_bytes=0 kb_success=0 kb_fail=0 total=5 injected=0 history_level=0 x_level=1 kb_level=-1 shape_bad=0 x_each_worker_once=1
CASE_PASS m=63 n=17 sve16_entries=9 expected=9 old_entries=3 packed_entries=6 packed_expected=6 wide_entries=0 wide_expected=0 wrapper_entries=0 wrapper_expected=0
ARGUMENTS_PASS m=63 n=17 calls=0 bad=0 expected_panel_stride=504
ALLOC_PASS m=64 n=1 small=1 wide_path=0 history_expected=1 history_calls=1 history_bytes=12288 history_success=1 history_fail=0 x_calls=4 x_bytes=16384 x_success=4 x_fail=0 kb_calls=0 kb_bytes=0 kb_success=0 kb_fail=0 total=5 injected=0 history_level=0 x_level=1 kb_level=-1 shape_bad=0 x_each_worker_once=1
CASE_PASS m=64 n=1 sve16_entries=4 expected=4 old_entries=1 packed_entries=3 packed_expected=3 wide_entries=0 wide_expected=0 wrapper_entries=0 wrapper_expected=0
ARGUMENTS_PASS m=64 n=1 calls=0 bad=0 expected_panel_stride=512
ALLOC_PASS m=64 n=7 small=1 wide_path=0 history_expected=1 history_calls=1 history_bytes=12288 history_success=1 history_fail=0 x_calls=4 x_bytes=16384 x_success=4 x_fail=0 kb_calls=0 kb_bytes=0 kb_success=0 kb_fail=0 total=5 injected=0 history_level=0 x_level=1 kb_level=-1 shape_bad=0 x_each_worker_once=1
CASE_PASS m=64 n=7 sve16_entries=4 expected=4 old_entries=1 packed_entries=3 packed_expected=3 wide_entries=0 wide_expected=0 wrapper_entries=0 wrapper_expected=0
ARGUMENTS_PASS m=64 n=7 calls=0 bad=0 expected_panel_stride=512
ALLOC_PASS m=64 n=8 small=1 wide_path=0 history_expected=1 history_calls=1 history_bytes=12288 history_success=1 history_fail=0 x_calls=4 x_bytes=16384 x_success=4 x_fail=0 kb_calls=0 kb_bytes=0 kb_success=0 kb_fail=0 total=5 injected=0 history_level=0 x_level=1 kb_level=-1 shape_bad=0 x_each_worker_once=1
CASE_PASS m=64 n=8 sve16_entries=4 expected=4 old_entries=1 packed_entries=3 packed_expected=3 wide_entries=0 wide_expected=0 wrapper_entries=0 wrapper_expected=0
ARGUMENTS_PASS m=64 n=8 calls=0 bad=0 expected_panel_stride=512
ALLOC_PASS m=64 n=9 small=1 wide_path=0 history_expected=1 history_calls=1 history_bytes=12288 history_success=1 history_fail=0 x_calls=4 x_bytes=16384 x_success=4 x_fail=0 kb_calls=0 kb_bytes=0 kb_success=0 kb_fail=0 total=5 injected=0 history_level=0 x_level=1 kb_level=-1 shape_bad=0 x_each_worker_once=1
CASE_PASS m=64 n=9 sve16_entries=8 expected=8 old_entries=2 packed_entries=6 packed_expected=6 wide_entries=0 wide_expected=0 wrapper_entries=0 wrapper_expected=0
ARGUMENTS_PASS m=64 n=9 calls=0 bad=0 expected_panel_stride=512
ALLOC_PASS m=64 n=17 small=1 wide_path=0 history_expected=1 history_calls=1 history_bytes=12288 history_success=1 history_fail=0 x_calls=4 x_bytes=16384 x_success=4 x_fail=0 kb_calls=0 kb_bytes=0 kb_success=0 kb_fail=0 total=5 injected=0 history_level=0 x_level=1 kb_level=-1 shape_bad=0 x_each_worker_once=1
CASE_PASS m=64 n=17 sve16_entries=12 expected=12 old_entries=3 packed_entries=9 packed_expected=9 wide_entries=0 wide_expected=0 wrapper_entries=0 wrapper_expected=0
ARGUMENTS_PASS m=64 n=17 calls=0 bad=0 expected_panel_stride=512
ALLOC_PASS m=65 n=1 small=1 wide_path=0 history_expected=1 history_calls=1 history_bytes=12288 history_success=1 history_fail=0 x_calls=4 x_bytes=16640 x_success=4 x_fail=0 kb_calls=0 kb_bytes=0 kb_success=0 kb_fail=0 total=5 injected=0 history_level=0 x_level=1 kb_level=-1 shape_bad=0 x_each_worker_once=1
CASE_PASS m=65 n=1 sve16_entries=4 expected=4 old_entries=1 packed_entries=3 packed_expected=3 wide_entries=0 wide_expected=0 wrapper_entries=0 wrapper_expected=0
ARGUMENTS_PASS m=65 n=1 calls=0 bad=0 expected_panel_stride=520
ALLOC_PASS m=65 n=7 small=1 wide_path=0 history_expected=1 history_calls=1 history_bytes=12288 history_success=1 history_fail=0 x_calls=4 x_bytes=16640 x_success=4 x_fail=0 kb_calls=0 kb_bytes=0 kb_success=0 kb_fail=0 total=5 injected=0 history_level=0 x_level=1 kb_level=-1 shape_bad=0 x_each_worker_once=1
CASE_PASS m=65 n=7 sve16_entries=4 expected=4 old_entries=1 packed_entries=3 packed_expected=3 wide_entries=0 wide_expected=0 wrapper_entries=0 wrapper_expected=0
ARGUMENTS_PASS m=65 n=7 calls=0 bad=0 expected_panel_stride=520
ALLOC_PASS m=65 n=8 small=1 wide_path=0 history_expected=1 history_calls=1 history_bytes=12288 history_success=1 history_fail=0 x_calls=4 x_bytes=16640 x_success=4 x_fail=0 kb_calls=0 kb_bytes=0 kb_success=0 kb_fail=0 total=5 injected=0 history_level=0 x_level=1 kb_level=-1 shape_bad=0 x_each_worker_once=1
CASE_PASS m=65 n=8 sve16_entries=4 expected=4 old_entries=1 packed_entries=3 packed_expected=3 wide_entries=0 wide_expected=0 wrapper_entries=0 wrapper_expected=0
ARGUMENTS_PASS m=65 n=8 calls=0 bad=0 expected_panel_stride=520
ALLOC_PASS m=65 n=9 small=1 wide_path=0 history_expected=1 history_calls=1 history_bytes=12288 history_success=1 history_fail=0 x_calls=4 x_bytes=16640 x_success=4 x_fail=0 kb_calls=0 kb_bytes=0 kb_success=0 kb_fail=0 total=5 injected=0 history_level=0 x_level=1 kb_level=-1 shape_bad=0 x_each_worker_once=1
CASE_PASS m=65 n=9 sve16_entries=8 expected=8 old_entries=2 packed_entries=6 packed_expected=6 wide_entries=0 wide_expected=0 wrapper_entries=0 wrapper_expected=0
ARGUMENTS_PASS m=65 n=9 calls=0 bad=0 expected_panel_stride=520
ALLOC_PASS m=65 n=17 small=1 wide_path=0 history_expected=1 history_calls=1 history_bytes=12288 history_success=1 history_fail=0 x_calls=4 x_bytes=16640 x_success=4 x_fail=0 kb_calls=0 kb_bytes=0 kb_success=0 kb_fail=0 total=5 injected=0 history_level=0 x_level=1 kb_level=-1 shape_bad=0 x_each_worker_once=1
CASE_PASS m=65 n=17 sve16_entries=12 expected=12 old_entries=3 packed_entries=9 packed_expected=9 wide_entries=0 wide_expected=0 wrapper_entries=0 wrapper_expected=0
ARGUMENTS_PASS m=65 n=17 calls=0 bad=0 expected_panel_stride=520
ALLOC_PASS m=255 n=1 small=1 wide_path=0 history_expected=1 history_calls=1 history_bytes=215040 history_success=1 history_fail=0 x_calls=4 x_bytes=65280 x_success=4 x_fail=0 kb_calls=0 kb_bytes=0 kb_success=0 kb_fail=0 total=5 injected=0 history_level=0 x_level=1 kb_level=-1 shape_bad=0 x_each_worker_once=1
CASE_PASS m=255 n=1 sve16_entries=15 expected=15 old_entries=1 packed_entries=14 packed_expected=14 wide_entries=0 wide_expected=0 wrapper_entries=0 wrapper_expected=0
ARGUMENTS_PASS m=255 n=1 calls=0 bad=0 expected_panel_stride=2040
ALLOC_PASS m=255 n=7 small=1 wide_path=0 history_expected=1 history_calls=1 history_bytes=215040 history_success=1 history_fail=0 x_calls=4 x_bytes=65280 x_success=4 x_fail=0 kb_calls=0 kb_bytes=0 kb_success=0 kb_fail=0 total=5 injected=0 history_level=0 x_level=1 kb_level=-1 shape_bad=0 x_each_worker_once=1
CASE_PASS m=255 n=7 sve16_entries=15 expected=15 old_entries=1 packed_entries=14 packed_expected=14 wide_entries=0 wide_expected=0 wrapper_entries=0 wrapper_expected=0
ARGUMENTS_PASS m=255 n=7 calls=0 bad=0 expected_panel_stride=2040
ALLOC_PASS m=255 n=8 small=1 wide_path=0 history_expected=1 history_calls=1 history_bytes=215040 history_success=1 history_fail=0 x_calls=4 x_bytes=65280 x_success=4 x_fail=0 kb_calls=0 kb_bytes=0 kb_success=0 kb_fail=0 total=5 injected=0 history_level=0 x_level=1 kb_level=-1 shape_bad=0 x_each_worker_once=1
CASE_PASS m=255 n=8 sve16_entries=15 expected=15 old_entries=1 packed_entries=14 packed_expected=14 wide_entries=0 wide_expected=0 wrapper_entries=0 wrapper_expected=0
ARGUMENTS_PASS m=255 n=8 calls=0 bad=0 expected_panel_stride=2040
ALLOC_PASS m=255 n=9 small=1 wide_path=0 history_expected=1 history_calls=1 history_bytes=215040 history_success=1 history_fail=0 x_calls=4 x_bytes=65280 x_success=4 x_fail=0 kb_calls=0 kb_bytes=0 kb_success=0 kb_fail=0 total=5 injected=0 history_level=0 x_level=1 kb_level=-1 shape_bad=0 x_each_worker_once=1
CASE_PASS m=255 n=9 sve16_entries=30 expected=30 old_entries=2 packed_entries=28 packed_expected=28 wide_entries=0 wide_expected=0 wrapper_entries=0 wrapper_expected=0
ARGUMENTS_PASS m=255 n=9 calls=0 bad=0 expected_panel_stride=2040
ALLOC_PASS m=255 n=17 small=1 wide_path=0 history_expected=1 history_calls=1 history_bytes=215040 history_success=1 history_fail=0 x_calls=4 x_bytes=65280 x_success=4 x_fail=0 kb_calls=0 kb_bytes=0 kb_success=0 kb_fail=0 total=5 injected=0 history_level=0 x_level=1 kb_level=-1 shape_bad=0 x_each_worker_once=1
CASE_PASS m=255 n=17 sve16_entries=45 expected=45 old_entries=3 packed_entries=42 packed_expected=42 wide_entries=0 wide_expected=0 wrapper_entries=0 wrapper_expected=0
ARGUMENTS_PASS m=255 n=17 calls=0 bad=0 expected_panel_stride=2040
ALLOC_PASS m=256 n=1 small=1 wide_path=0 history_expected=1 history_calls=1 history_bytes=245760 history_success=1 history_fail=0 x_calls=4 x_bytes=65536 x_success=4 x_fail=0 kb_calls=0 kb_bytes=0 kb_success=0 kb_fail=0 total=5 injected=0 history_level=0 x_level=1 kb_level=-1 shape_bad=0 x_each_worker_once=1
CASE_PASS m=256 n=1 sve16_entries=16 expected=16 old_entries=1 packed_entries=15 packed_expected=15 wide_entries=0 wide_expected=0 wrapper_entries=0 wrapper_expected=0
ARGUMENTS_PASS m=256 n=1 calls=0 bad=0 expected_panel_stride=2048
ALLOC_PASS m=256 n=7 small=1 wide_path=0 history_expected=1 history_calls=1 history_bytes=245760 history_success=1 history_fail=0 x_calls=4 x_bytes=65536 x_success=4 x_fail=0 kb_calls=0 kb_bytes=0 kb_success=0 kb_fail=0 total=5 injected=0 history_level=0 x_level=1 kb_level=-1 shape_bad=0 x_each_worker_once=1
CASE_PASS m=256 n=7 sve16_entries=16 expected=16 old_entries=1 packed_entries=15 packed_expected=15 wide_entries=0 wide_expected=0 wrapper_entries=0 wrapper_expected=0
ARGUMENTS_PASS m=256 n=7 calls=0 bad=0 expected_panel_stride=2048
ALLOC_PASS m=256 n=8 small=1 wide_path=0 history_expected=1 history_calls=1 history_bytes=245760 history_success=1 history_fail=0 x_calls=4 x_bytes=65536 x_success=4 x_fail=0 kb_calls=0 kb_bytes=0 kb_success=0 kb_fail=0 total=5 injected=0 history_level=0 x_level=1 kb_level=-1 shape_bad=0 x_each_worker_once=1
CASE_PASS m=256 n=8 sve16_entries=16 expected=16 old_entries=1 packed_entries=15 packed_expected=15 wide_entries=0 wide_expected=0 wrapper_entries=0 wrapper_expected=0
ARGUMENTS_PASS m=256 n=8 calls=0 bad=0 expected_panel_stride=2048
ALLOC_PASS m=256 n=9 small=1 wide_path=0 history_expected=1 history_calls=1 history_bytes=245760 history_success=1 history_fail=0 x_calls=4 x_bytes=65536 x_success=4 x_fail=0 kb_calls=0 kb_bytes=0 kb_success=0 kb_fail=0 total=5 injected=0 history_level=0 x_level=1 kb_level=-1 shape_bad=0 x_each_worker_once=1
CASE_PASS m=256 n=9 sve16_entries=32 expected=32 old_entries=2 packed_entries=30 packed_expected=30 wide_entries=0 wide_expected=0 wrapper_entries=0 wrapper_expected=0
ARGUMENTS_PASS m=256 n=9 calls=0 bad=0 expected_panel_stride=2048
ALLOC_PASS m=256 n=17 small=1 wide_path=0 history_expected=1 history_calls=1 history_bytes=245760 history_success=1 history_fail=0 x_calls=4 x_bytes=65536 x_success=4 x_fail=0 kb_calls=0 kb_bytes=0 kb_success=0 kb_fail=0 total=5 injected=0 history_level=0 x_level=1 kb_level=-1 shape_bad=0 x_each_worker_once=1
CASE_PASS m=256 n=17 sve16_entries=48 expected=48 old_entries=3 packed_entries=45 packed_expected=45 wide_entries=0 wide_expected=0 wrapper_entries=0 wrapper_expected=0
ARGUMENTS_PASS m=256 n=17 calls=0 bad=0 expected_panel_stride=2048
ALLOC_PASS m=257 n=1 small=1 wide_path=0 history_expected=1 history_calls=1 history_bytes=245760 history_success=1 history_fail=0 x_calls=4 x_bytes=65792 x_success=4 x_fail=0 kb_calls=0 kb_bytes=0 kb_success=0 kb_fail=0 total=5 injected=0 history_level=0 x_level=1 kb_level=-1 shape_bad=0 x_each_worker_once=1
CASE_PASS m=257 n=1 sve16_entries=16 expected=16 old_entries=1 packed_entries=15 packed_expected=15 wide_entries=0 wide_expected=0 wrapper_entries=0 wrapper_expected=0
ARGUMENTS_PASS m=257 n=1 calls=0 bad=0 expected_panel_stride=2056
ALLOC_PASS m=257 n=7 small=1 wide_path=0 history_expected=1 history_calls=1 history_bytes=245760 history_success=1 history_fail=0 x_calls=4 x_bytes=65792 x_success=4 x_fail=0 kb_calls=0 kb_bytes=0 kb_success=0 kb_fail=0 total=5 injected=0 history_level=0 x_level=1 kb_level=-1 shape_bad=0 x_each_worker_once=1
CASE_PASS m=257 n=7 sve16_entries=16 expected=16 old_entries=1 packed_entries=15 packed_expected=15 wide_entries=0 wide_expected=0 wrapper_entries=0 wrapper_expected=0
ARGUMENTS_PASS m=257 n=7 calls=0 bad=0 expected_panel_stride=2056
ALLOC_PASS m=257 n=8 small=1 wide_path=0 history_expected=1 history_calls=1 history_bytes=245760 history_success=1 history_fail=0 x_calls=4 x_bytes=65792 x_success=4 x_fail=0 kb_calls=0 kb_bytes=0 kb_success=0 kb_fail=0 total=5 injected=0 history_level=0 x_level=1 kb_level=-1 shape_bad=0 x_each_worker_once=1
CASE_PASS m=257 n=8 sve16_entries=16 expected=16 old_entries=1 packed_entries=15 packed_expected=15 wide_entries=0 wide_expected=0 wrapper_entries=0 wrapper_expected=0
ARGUMENTS_PASS m=257 n=8 calls=0 bad=0 expected_panel_stride=2056
ALLOC_PASS m=257 n=9 small=1 wide_path=0 history_expected=1 history_calls=1 history_bytes=245760 history_success=1 history_fail=0 x_calls=4 x_bytes=65792 x_success=4 x_fail=0 kb_calls=0 kb_bytes=0 kb_success=0 kb_fail=0 total=5 injected=0 history_level=0 x_level=1 kb_level=-1 shape_bad=0 x_each_worker_once=1
CASE_PASS m=257 n=9 sve16_entries=32 expected=32 old_entries=2 packed_entries=30 packed_expected=30 wide_entries=0 wide_expected=0 wrapper_entries=0 wrapper_expected=0
ARGUMENTS_PASS m=257 n=9 calls=0 bad=0 expected_panel_stride=2056
ALLOC_PASS m=257 n=17 small=1 wide_path=0 history_expected=1 history_calls=1 history_bytes=245760 history_success=1 history_fail=0 x_calls=4 x_bytes=65792 x_success=4 x_fail=0 kb_calls=0 kb_bytes=0 kb_success=0 kb_fail=0 total=5 injected=0 history_level=0 x_level=1 kb_level=-1 shape_bad=0 x_each_worker_once=1
CASE_PASS m=257 n=17 sve16_entries=48 expected=48 old_entries=3 packed_entries=45 packed_expected=45 wide_entries=0 wide_expected=0 wrapper_entries=0 wrapper_expected=0
ARGUMENTS_PASS m=257 n=17 calls=0 bad=0 expected_panel_stride=2056
ALLOCATION_SUMMARY_PASS cases=80 budget_cases=0 shared_injection_cases=0
PASS whole_cases=80 noop_cases=4 non_dyadic_long_double_RHS=1 padding_L_unchanged=1 max_error=1.1102230246251565e-16
SOURCE_FEATURES_PASS panel16=1 packedL16=1 has_budget=1 history_budget_bytes=4194304 panel8x16=1
MODE=smoke THREADS=38 NARROW_VL=0 EXPECT_SVE16=1 EXPECT_PACKEDL16=1
ALLOC_PASS m=15 n=9 small=1 wide_path=0 history_expected=0 history_calls=0 history_bytes=0 history_success=0 history_fail=0 x_calls=38 x_bytes=36480 x_success=38 x_fail=0 kb_calls=0 kb_bytes=0 kb_success=0 kb_fail=0 total=38 injected=0 history_level=-1 x_level=1 kb_level=-1 shape_bad=0 x_each_worker_once=1
CASE_PASS m=15 n=9 sve16_entries=0 expected=0 old_entries=0 packed_entries=0 packed_expected=0 wide_entries=0 wide_expected=0 wrapper_entries=0 wrapper_expected=0
ARGUMENTS_PASS m=15 n=9 calls=0 bad=0 expected_panel_stride=120
ALLOC_PASS m=16 n=17 small=1 wide_path=0 history_expected=0 history_calls=0 history_bytes=0 history_success=0 history_fail=0 x_calls=38 x_bytes=38912 x_success=38 x_fail=0 kb_calls=0 kb_bytes=0 kb_success=0 kb_fail=0 total=38 injected=0 history_level=-1 x_level=1 kb_level=-1 shape_bad=0 x_each_worker_once=1
CASE_PASS m=16 n=17 sve16_entries=3 expected=3 old_entries=3 packed_entries=0 packed_expected=0 wide_entries=0 wide_expected=0 wrapper_entries=0 wrapper_expected=0
ARGUMENTS_PASS m=16 n=17 calls=0 bad=0 expected_panel_stride=128
ALLOC_PASS m=33 n=313 small=1 wide_path=0 history_expected=1 history_calls=1 history_bytes=2048 history_success=1 history_fail=0 x_calls=38 x_bytes=80256 x_success=38 x_fail=0 kb_calls=0 kb_bytes=0 kb_success=0 kb_fail=0 total=39 injected=0 history_level=0 x_level=1 kb_level=-1 shape_bad=0 x_each_worker_once=1
CASE_PASS m=33 n=313 sve16_entries=80 expected=80 old_entries=40 packed_entries=40 packed_expected=40 wide_entries=0 wide_expected=0 wrapper_entries=0 wrapper_expected=0
ARGUMENTS_PASS m=33 n=313 calls=0 bad=0 expected_panel_stride=264
ALLOC_PASS m=257 n=313 small=1 wide_path=0 history_expected=1 history_calls=1 history_bytes=245760 history_success=1 history_fail=0 x_calls=38 x_bytes=625024 x_success=38 x_fail=0 kb_calls=0 kb_bytes=0 kb_success=0 kb_fail=0 total=39 injected=0 history_level=0 x_level=1 kb_level=-1 shape_bad=0 x_each_worker_once=1
CASE_PASS m=257 n=313 sve16_entries=640 expected=640 old_entries=40 packed_entries=600 packed_expected=600 wide_entries=0 wide_expected=0 wrapper_entries=0 wrapper_expected=0
ARGUMENTS_PASS m=257 n=313 calls=0 bad=0 expected_panel_stride=2056
ALLOCATION_SUMMARY_PASS cases=4 budget_cases=0 shared_injection_cases=0
PASS whole_cases=4 noop_cases=4 non_dyadic_long_double_RHS=1 padding_L_unchanged=1 max_error=1.1102230246251565e-16
SOURCE_FEATURES_PASS panel16=1 packedL16=1 has_budget=1 history_budget_bytes=4194304 panel8x16=1
MODE=boundary THREADS=1 NARROW_VL=0 EXPECT_SVE16=1 EXPECT_PACKEDL16=1
ALLOC_PASS m=4095 n=9 small=1 wide_path=1 history_expected=0 history_calls=0 history_bytes=0 history_success=0 history_fail=0 x_calls=1 x_bytes=524160 x_success=1 x_fail=0 kb_calls=0 kb_bytes=0 kb_success=0 kb_fail=0 total=1 injected=0 history_level=-1 x_level=1 kb_level=-1 shape_bad=0 x_each_worker_once=1
CASE_PASS m=4095 n=9 sve16_entries=510 expected=510 old_entries=510 packed_entries=0 packed_expected=0 wide_entries=0 wide_expected=0 wrapper_entries=1 wrapper_expected=1
ARGUMENTS_PASS m=4095 n=9 calls=0 bad=0 expected_panel_stride=32760
ALLOC_PASS m=4097 n=9 small=0 wide_path=0 history_expected=0 history_calls=0 history_bytes=0 history_success=0 history_fail=0 x_calls=0 x_bytes=0 x_success=0 x_fail=0 kb_calls=1 kb_bytes=32768 kb_success=1 kb_fail=0 total=1 injected=0 history_level=-1 x_level=-1 kb_level=0 shape_bad=0 x_each_worker_once=1
CASE_PASS m=4097 n=9 sve16_entries=0 expected=0 old_entries=0 packed_entries=0 packed_expected=0 wide_entries=0 wide_expected=0 wrapper_entries=0 wrapper_expected=0
ARGUMENTS_PASS m=4097 n=9 calls=0 bad=0 expected_panel_stride=32776
ALLOCATION_SUMMARY_PASS cases=2 budget_cases=0 shared_injection_cases=0
PASS whole_cases=2 noop_cases=4 non_dyadic_long_double_RHS=1 padding_L_unchanged=1 max_error=3.8857805861880479e-16
SOURCE_FEATURES_PASS panel16=1 packedL16=1 has_budget=1 history_budget_bytes=4194304 panel8x16=1
MODE=full THREADS=4 NARROW_VL=0 EXPECT_SVE16=0 EXPECT_PACKEDL16=0
ALLOC_PASS m=1 n=1 small=1 wide_path=0 history_expected=0 history_calls=0 history_bytes=0 history_success=0 history_fail=0 x_calls=4 x_bytes=256 x_success=4 x_fail=0 kb_calls=0 kb_bytes=0 kb_success=0 kb_fail=0 total=4 injected=0 history_level=-1 x_level=1 kb_level=-1 shape_bad=0 x_each_worker_once=1
CASE_PASS m=1 n=1 sve16_entries=0 expected=0 old_entries=0 packed_entries=0 packed_expected=0 wide_entries=0 wide_expected=0 wrapper_entries=0 wrapper_expected=0
ARGUMENTS_PASS m=1 n=1 calls=0 bad=0 expected_panel_stride=8
ALLOC_PASS m=1 n=7 small=1 wide_path=0 history_expected=0 history_calls=0 history_bytes=0 history_success=0 history_fail=0 x_calls=4 x_bytes=256 x_success=4 x_fail=0 kb_calls=0 kb_bytes=0 kb_success=0 kb_fail=0 total=4 injected=0 history_level=-1 x_level=1 kb_level=-1 shape_bad=0 x_each_worker_once=1
CASE_PASS m=1 n=7 sve16_entries=0 expected=0 old_entries=0 packed_entries=0 packed_expected=0 wide_entries=0 wide_expected=0 wrapper_entries=0 wrapper_expected=0
ARGUMENTS_PASS m=1 n=7 calls=0 bad=0 expected_panel_stride=8
ALLOC_PASS m=1 n=8 small=1 wide_path=0 history_expected=0 history_calls=0 history_bytes=0 history_success=0 history_fail=0 x_calls=4 x_bytes=256 x_success=4 x_fail=0 kb_calls=0 kb_bytes=0 kb_success=0 kb_fail=0 total=4 injected=0 history_level=-1 x_level=1 kb_level=-1 shape_bad=0 x_each_worker_once=1
CASE_PASS m=1 n=8 sve16_entries=0 expected=0 old_entries=0 packed_entries=0 packed_expected=0 wide_entries=0 wide_expected=0 wrapper_entries=0 wrapper_expected=0
ARGUMENTS_PASS m=1 n=8 calls=0 bad=0 expected_panel_stride=8
ALLOC_PASS m=1 n=9 small=1 wide_path=0 history_expected=0 history_calls=0 history_bytes=0 history_success=0 history_fail=0 x_calls=4 x_bytes=256 x_success=4 x_fail=0 kb_calls=0 kb_bytes=0 kb_success=0 kb_fail=0 total=4 injected=0 history_level=-1 x_level=1 kb_level=-1 shape_bad=0 x_each_worker_once=1
CASE_PASS m=1 n=9 sve16_entries=0 expected=0 old_entries=0 packed_entries=0 packed_expected=0 wide_entries=0 wide_expected=0 wrapper_entries=0 wrapper_expected=0
ARGUMENTS_PASS m=1 n=9 calls=0 bad=0 expected_panel_stride=8
ALLOC_PASS m=1 n=17 small=1 wide_path=0 history_expected=0 history_calls=0 history_bytes=0 history_success=0 history_fail=0 x_calls=4 x_bytes=256 x_success=4 x_fail=0 kb_calls=0 kb_bytes=0 kb_success=0 kb_fail=0 total=4 injected=0 history_level=-1 x_level=1 kb_level=-1 shape_bad=0 x_each_worker_once=1
CASE_PASS m=1 n=17 sve16_entries=0 expected=0 old_entries=0 packed_entries=0 packed_expected=0 wide_entries=0 wide_expected=0 wrapper_entries=0 wrapper_expected=0
ARGUMENTS_PASS m=1 n=17 calls=0 bad=0 expected_panel_stride=8
ALLOC_PASS m=3 n=1 small=1 wide_path=0 history_expected=0 history_calls=0 history_bytes=0 history_success=0 history_fail=0 x_calls=4 x_bytes=768 x_success=4 x_fail=0 kb_calls=0 kb_bytes=0 kb_success=0 kb_fail=0 total=4 injected=0 history_level=-1 x_level=1 kb_level=-1 shape_bad=0 x_each_worker_once=1
CASE_PASS m=3 n=1 sve16_entries=0 expected=0 old_entries=0 packed_entries=0 packed_expected=0 wide_entries=0 wide_expected=0 wrapper_entries=0 wrapper_expected=0
ARGUMENTS_PASS m=3 n=1 calls=0 bad=0 expected_panel_stride=24
ALLOC_PASS m=3 n=7 small=1 wide_path=0 history_expected=0 history_calls=0 history_bytes=0 history_success=0 history_fail=0 x_calls=4 x_bytes=768 x_success=4 x_fail=0 kb_calls=0 kb_bytes=0 kb_success=0 kb_fail=0 total=4 injected=0 history_level=-1 x_level=1 kb_level=-1 shape_bad=0 x_each_worker_once=1
CASE_PASS m=3 n=7 sve16_entries=0 expected=0 old_entries=0 packed_entries=0 packed_expected=0 wide_entries=0 wide_expected=0 wrapper_entries=0 wrapper_expected=0
ARGUMENTS_PASS m=3 n=7 calls=0 bad=0 expected_panel_stride=24
ALLOC_PASS m=3 n=8 small=1 wide_path=0 history_expected=0 history_calls=0 history_bytes=0 history_success=0 history_fail=0 x_calls=4 x_bytes=768 x_success=4 x_fail=0 kb_calls=0 kb_bytes=0 kb_success=0 kb_fail=0 total=4 injected=0 history_level=-1 x_level=1 kb_level=-1 shape_bad=0 x_each_worker_once=1
CASE_PASS m=3 n=8 sve16_entries=0 expected=0 old_entries=0 packed_entries=0 packed_expected=0 wide_entries=0 wide_expected=0 wrapper_entries=0 wrapper_expected=0
ARGUMENTS_PASS m=3 n=8 calls=0 bad=0 expected_panel_stride=24
ALLOC_PASS m=3 n=9 small=1 wide_path=0 history_expected=0 history_calls=0 history_bytes=0 history_success=0 history_fail=0 x_calls=4 x_bytes=768 x_success=4 x_fail=0 kb_calls=0 kb_bytes=0 kb_success=0 kb_fail=0 total=4 injected=0 history_level=-1 x_level=1 kb_level=-1 shape_bad=0 x_each_worker_once=1
CASE_PASS m=3 n=9 sve16_entries=0 expected=0 old_entries=0 packed_entries=0 packed_expected=0 wide_entries=0 wide_expected=0 wrapper_entries=0 wrapper_expected=0
ARGUMENTS_PASS m=3 n=9 calls=0 bad=0 expected_panel_stride=24
ALLOC_PASS m=3 n=17 small=1 wide_path=0 history_expected=0 history_calls=0 history_bytes=0 history_success=0 history_fail=0 x_calls=4 x_bytes=768 x_success=4 x_fail=0 kb_calls=0 kb_bytes=0 kb_success=0 kb_fail=0 total=4 injected=0 history_level=-1 x_level=1 kb_level=-1 shape_bad=0 x_each_worker_once=1
CASE_PASS m=3 n=17 sve16_entries=0 expected=0 old_entries=0 packed_entries=0 packed_expected=0 wide_entries=0 wide_expected=0 wrapper_entries=0 wrapper_expected=0
ARGUMENTS_PASS m=3 n=17 calls=0 bad=0 expected_panel_stride=24
ALLOC_PASS m=4 n=1 small=1 wide_path=0 history_expected=0 history_calls=0 history_bytes=0 history_success=0 history_fail=0 x_calls=4 x_bytes=1024 x_success=4 x_fail=0 kb_calls=0 kb_bytes=0 kb_success=0 kb_fail=0 total=4 injected=0 history_level=-1 x_level=1 kb_level=-1 shape_bad=0 x_each_worker_once=1
CASE_PASS m=4 n=1 sve16_entries=0 expected=0 old_entries=0 packed_entries=0 packed_expected=0 wide_entries=0 wide_expected=0 wrapper_entries=0 wrapper_expected=0
ARGUMENTS_PASS m=4 n=1 calls=0 bad=0 expected_panel_stride=32
ALLOC_PASS m=4 n=7 small=1 wide_path=0 history_expected=0 history_calls=0 history_bytes=0 history_success=0 history_fail=0 x_calls=4 x_bytes=1024 x_success=4 x_fail=0 kb_calls=0 kb_bytes=0 kb_success=0 kb_fail=0 total=4 injected=0 history_level=-1 x_level=1 kb_level=-1 shape_bad=0 x_each_worker_once=1
CASE_PASS m=4 n=7 sve16_entries=0 expected=0 old_entries=0 packed_entries=0 packed_expected=0 wide_entries=0 wide_expected=0 wrapper_entries=0 wrapper_expected=0
ARGUMENTS_PASS m=4 n=7 calls=0 bad=0 expected_panel_stride=32
ALLOC_PASS m=4 n=8 small=1 wide_path=0 history_expected=0 history_calls=0 history_bytes=0 history_success=0 history_fail=0 x_calls=4 x_bytes=1024 x_success=4 x_fail=0 kb_calls=0 kb_bytes=0 kb_success=0 kb_fail=0 total=4 injected=0 history_level=-1 x_level=1 kb_level=-1 shape_bad=0 x_each_worker_once=1
CASE_PASS m=4 n=8 sve16_entries=0 expected=0 old_entries=0 packed_entries=0 packed_expected=0 wide_entries=0 wide_expected=0 wrapper_entries=0 wrapper_expected=0
ARGUMENTS_PASS m=4 n=8 calls=0 bad=0 expected_panel_stride=32
ALLOC_PASS m=4 n=9 small=1 wide_path=0 history_expected=0 history_calls=0 history_bytes=0 history_success=0 history_fail=0 x_calls=4 x_bytes=1024 x_success=4 x_fail=0 kb_calls=0 kb_bytes=0 kb_success=0 kb_fail=0 total=4 injected=0 history_level=-1 x_level=1 kb_level=-1 shape_bad=0 x_each_worker_once=1
CASE_PASS m=4 n=9 sve16_entries=0 expected=0 old_entries=0 packed_entries=0 packed_expected=0 wide_entries=0 wide_expected=0 wrapper_entries=0 wrapper_expected=0
ARGUMENTS_PASS m=4 n=9 calls=0 bad=0 expected_panel_stride=32
ALLOC_PASS m=4 n=17 small=1 wide_path=0 history_expected=0 history_calls=0 history_bytes=0 history_success=0 history_fail=0 x_calls=4 x_bytes=1024 x_success=4 x_fail=0 kb_calls=0 kb_bytes=0 kb_success=0 kb_fail=0 total=4 injected=0 history_level=-1 x_level=1 kb_level=-1 shape_bad=0 x_each_worker_once=1
CASE_PASS m=4 n=17 sve16_entries=0 expected=0 old_entries=0 packed_entries=0 packed_expected=0 wide_entries=0 wide_expected=0 wrapper_entries=0 wrapper_expected=0
ARGUMENTS_PASS m=4 n=17 calls=0 bad=0 expected_panel_stride=32
ALLOC_PASS m=5 n=1 small=1 wide_path=0 history_expected=0 history_calls=0 history_bytes=0 history_success=0 history_fail=0 x_calls=4 x_bytes=1280 x_success=4 x_fail=0 kb_calls=0 kb_bytes=0 kb_success=0 kb_fail=0 total=4 injected=0 history_level=-1 x_level=1 kb_level=-1 shape_bad=0 x_each_worker_once=1
CASE_PASS m=5 n=1 sve16_entries=0 expected=0 old_entries=0 packed_entries=0 packed_expected=0 wide_entries=0 wide_expected=0 wrapper_entries=0 wrapper_expected=0
ARGUMENTS_PASS m=5 n=1 calls=0 bad=0 expected_panel_stride=40
ALLOC_PASS m=5 n=7 small=1 wide_path=0 history_expected=0 history_calls=0 history_bytes=0 history_success=0 history_fail=0 x_calls=4 x_bytes=1280 x_success=4 x_fail=0 kb_calls=0 kb_bytes=0 kb_success=0 kb_fail=0 total=4 injected=0 history_level=-1 x_level=1 kb_level=-1 shape_bad=0 x_each_worker_once=1
CASE_PASS m=5 n=7 sve16_entries=0 expected=0 old_entries=0 packed_entries=0 packed_expected=0 wide_entries=0 wide_expected=0 wrapper_entries=0 wrapper_expected=0
ARGUMENTS_PASS m=5 n=7 calls=0 bad=0 expected_panel_stride=40
ALLOC_PASS m=5 n=8 small=1 wide_path=0 history_expected=0 history_calls=0 history_bytes=0 history_success=0 history_fail=0 x_calls=4 x_bytes=1280 x_success=4 x_fail=0 kb_calls=0 kb_bytes=0 kb_success=0 kb_fail=0 total=4 injected=0 history_level=-1 x_level=1 kb_level=-1 shape_bad=0 x_each_worker_once=1
CASE_PASS m=5 n=8 sve16_entries=0 expected=0 old_entries=0 packed_entries=0 packed_expected=0 wide_entries=0 wide_expected=0 wrapper_entries=0 wrapper_expected=0
ARGUMENTS_PASS m=5 n=8 calls=0 bad=0 expected_panel_stride=40
ALLOC_PASS m=5 n=9 small=1 wide_path=0 history_expected=0 history_calls=0 history_bytes=0 history_success=0 history_fail=0 x_calls=4 x_bytes=1280 x_success=4 x_fail=0 kb_calls=0 kb_bytes=0 kb_success=0 kb_fail=0 total=4 injected=0 history_level=-1 x_level=1 kb_level=-1 shape_bad=0 x_each_worker_once=1
CASE_PASS m=5 n=9 sve16_entries=0 expected=0 old_entries=0 packed_entries=0 packed_expected=0 wide_entries=0 wide_expected=0 wrapper_entries=0 wrapper_expected=0
ARGUMENTS_PASS m=5 n=9 calls=0 bad=0 expected_panel_stride=40
ALLOC_PASS m=5 n=17 small=1 wide_path=0 history_expected=0 history_calls=0 history_bytes=0 history_success=0 history_fail=0 x_calls=4 x_bytes=1280 x_success=4 x_fail=0 kb_calls=0 kb_bytes=0 kb_success=0 kb_fail=0 total=4 injected=0 history_level=-1 x_level=1 kb_level=-1 shape_bad=0 x_each_worker_once=1
CASE_PASS m=5 n=17 sve16_entries=0 expected=0 old_entries=0 packed_entries=0 packed_expected=0 wide_entries=0 wide_expected=0 wrapper_entries=0 wrapper_expected=0
ARGUMENTS_PASS m=5 n=17 calls=0 bad=0 expected_panel_stride=40
ALLOC_PASS m=15 n=1 small=1 wide_path=0 history_expected=0 history_calls=0 history_bytes=0 history_success=0 history_fail=0 x_calls=4 x_bytes=3840 x_success=4 x_fail=0 kb_calls=0 kb_bytes=0 kb_success=0 kb_fail=0 total=4 injected=0 history_level=-1 x_level=1 kb_level=-1 shape_bad=0 x_each_worker_once=1
CASE_PASS m=15 n=1 sve16_entries=0 expected=0 old_entries=0 packed_entries=0 packed_expected=0 wide_entries=0 wide_expected=0 wrapper_entries=0 wrapper_expected=0
ARGUMENTS_PASS m=15 n=1 calls=0 bad=0 expected_panel_stride=120
ALLOC_PASS m=15 n=7 small=1 wide_path=0 history_expected=0 history_calls=0 history_bytes=0 history_success=0 history_fail=0 x_calls=4 x_bytes=3840 x_success=4 x_fail=0 kb_calls=0 kb_bytes=0 kb_success=0 kb_fail=0 total=4 injected=0 history_level=-1 x_level=1 kb_level=-1 shape_bad=0 x_each_worker_once=1
CASE_PASS m=15 n=7 sve16_entries=0 expected=0 old_entries=0 packed_entries=0 packed_expected=0 wide_entries=0 wide_expected=0 wrapper_entries=0 wrapper_expected=0
ARGUMENTS_PASS m=15 n=7 calls=0 bad=0 expected_panel_stride=120
ALLOC_PASS m=15 n=8 small=1 wide_path=0 history_expected=0 history_calls=0 history_bytes=0 history_success=0 history_fail=0 x_calls=4 x_bytes=3840 x_success=4 x_fail=0 kb_calls=0 kb_bytes=0 kb_success=0 kb_fail=0 total=4 injected=0 history_level=-1 x_level=1 kb_level=-1 shape_bad=0 x_each_worker_once=1
CASE_PASS m=15 n=8 sve16_entries=0 expected=0 old_entries=0 packed_entries=0 packed_expected=0 wide_entries=0 wide_expected=0 wrapper_entries=0 wrapper_expected=0
ARGUMENTS_PASS m=15 n=8 calls=0 bad=0 expected_panel_stride=120
ALLOC_PASS m=15 n=9 small=1 wide_path=0 history_expected=0 history_calls=0 history_bytes=0 history_success=0 history_fail=0 x_calls=4 x_bytes=3840 x_success=4 x_fail=0 kb_calls=0 kb_bytes=0 kb_success=0 kb_fail=0 total=4 injected=0 history_level=-1 x_level=1 kb_level=-1 shape_bad=0 x_each_worker_once=1
CASE_PASS m=15 n=9 sve16_entries=0 expected=0 old_entries=0 packed_entries=0 packed_expected=0 wide_entries=0 wide_expected=0 wrapper_entries=0 wrapper_expected=0
ARGUMENTS_PASS m=15 n=9 calls=0 bad=0 expected_panel_stride=120
ALLOC_PASS m=15 n=17 small=1 wide_path=0 history_expected=0 history_calls=0 history_bytes=0 history_success=0 history_fail=0 x_calls=4 x_bytes=3840 x_success=4 x_fail=0 kb_calls=0 kb_bytes=0 kb_success=0 kb_fail=0 total=4 injected=0 history_level=-1 x_level=1 kb_level=-1 shape_bad=0 x_each_worker_once=1
CASE_PASS m=15 n=17 sve16_entries=0 expected=0 old_entries=0 packed_entries=0 packed_expected=0 wide_entries=0 wide_expected=0 wrapper_entries=0 wrapper_expected=0
ARGUMENTS_PASS m=15 n=17 calls=0 bad=0 expected_panel_stride=120
ALLOC_PASS m=16 n=1 small=1 wide_path=0 history_expected=0 history_calls=0 history_bytes=0 history_success=0 history_fail=0 x_calls=4 x_bytes=4096 x_success=4 x_fail=0 kb_calls=0 kb_bytes=0 kb_success=0 kb_fail=0 total=4 injected=0 history_level=-1 x_level=1 kb_level=-1 shape_bad=0 x_each_worker_once=1
CASE_PASS m=16 n=1 sve16_entries=0 expected=0 old_entries=0 packed_entries=0 packed_expected=0 wide_entries=0 wide_expected=0 wrapper_entries=0 wrapper_expected=0
ARGUMENTS_PASS m=16 n=1 calls=0 bad=0 expected_panel_stride=128
ALLOC_PASS m=16 n=7 small=1 wide_path=0 history_expected=0 history_calls=0 history_bytes=0 history_success=0 history_fail=0 x_calls=4 x_bytes=4096 x_success=4 x_fail=0 kb_calls=0 kb_bytes=0 kb_success=0 kb_fail=0 total=4 injected=0 history_level=-1 x_level=1 kb_level=-1 shape_bad=0 x_each_worker_once=1
CASE_PASS m=16 n=7 sve16_entries=0 expected=0 old_entries=0 packed_entries=0 packed_expected=0 wide_entries=0 wide_expected=0 wrapper_entries=0 wrapper_expected=0
ARGUMENTS_PASS m=16 n=7 calls=0 bad=0 expected_panel_stride=128
ALLOC_PASS m=16 n=8 small=1 wide_path=0 history_expected=0 history_calls=0 history_bytes=0 history_success=0 history_fail=0 x_calls=4 x_bytes=4096 x_success=4 x_fail=0 kb_calls=0 kb_bytes=0 kb_success=0 kb_fail=0 total=4 injected=0 history_level=-1 x_level=1 kb_level=-1 shape_bad=0 x_each_worker_once=1
CASE_PASS m=16 n=8 sve16_entries=0 expected=0 old_entries=0 packed_entries=0 packed_expected=0 wide_entries=0 wide_expected=0 wrapper_entries=0 wrapper_expected=0
ARGUMENTS_PASS m=16 n=8 calls=0 bad=0 expected_panel_stride=128
ALLOC_PASS m=16 n=9 small=1 wide_path=0 history_expected=0 history_calls=0 history_bytes=0 history_success=0 history_fail=0 x_calls=4 x_bytes=4096 x_success=4 x_fail=0 kb_calls=0 kb_bytes=0 kb_success=0 kb_fail=0 total=4 injected=0 history_level=-1 x_level=1 kb_level=-1 shape_bad=0 x_each_worker_once=1
CASE_PASS m=16 n=9 sve16_entries=0 expected=0 old_entries=0 packed_entries=0 packed_expected=0 wide_entries=0 wide_expected=0 wrapper_entries=0 wrapper_expected=0
ARGUMENTS_PASS m=16 n=9 calls=0 bad=0 expected_panel_stride=128
ALLOC_PASS m=16 n=17 small=1 wide_path=0 history_expected=0 history_calls=0 history_bytes=0 history_success=0 history_fail=0 x_calls=4 x_bytes=4096 x_success=4 x_fail=0 kb_calls=0 kb_bytes=0 kb_success=0 kb_fail=0 total=4 injected=0 history_level=-1 x_level=1 kb_level=-1 shape_bad=0 x_each_worker_once=1
CASE_PASS m=16 n=17 sve16_entries=0 expected=0 old_entries=0 packed_entries=0 packed_expected=0 wide_entries=0 wide_expected=0 wrapper_entries=0 wrapper_expected=0
ARGUMENTS_PASS m=16 n=17 calls=0 bad=0 expected_panel_stride=128
ALLOC_PASS m=17 n=1 small=1 wide_path=0 history_expected=0 history_calls=0 history_bytes=0 history_success=0 history_fail=0 x_calls=4 x_bytes=4352 x_success=4 x_fail=0 kb_calls=0 kb_bytes=0 kb_success=0 kb_fail=0 total=4 injected=0 history_level=-1 x_level=1 kb_level=-1 shape_bad=0 x_each_worker_once=1
CASE_PASS m=17 n=1 sve16_entries=0 expected=0 old_entries=0 packed_entries=0 packed_expected=0 wide_entries=0 wide_expected=0 wrapper_entries=0 wrapper_expected=0
ARGUMENTS_PASS m=17 n=1 calls=0 bad=0 expected_panel_stride=136
ALLOC_PASS m=17 n=7 small=1 wide_path=0 history_expected=0 history_calls=0 history_bytes=0 history_success=0 history_fail=0 x_calls=4 x_bytes=4352 x_success=4 x_fail=0 kb_calls=0 kb_bytes=0 kb_success=0 kb_fail=0 total=4 injected=0 history_level=-1 x_level=1 kb_level=-1 shape_bad=0 x_each_worker_once=1
CASE_PASS m=17 n=7 sve16_entries=0 expected=0 old_entries=0 packed_entries=0 packed_expected=0 wide_entries=0 wide_expected=0 wrapper_entries=0 wrapper_expected=0
ARGUMENTS_PASS m=17 n=7 calls=0 bad=0 expected_panel_stride=136
ALLOC_PASS m=17 n=8 small=1 wide_path=0 history_expected=0 history_calls=0 history_bytes=0 history_success=0 history_fail=0 x_calls=4 x_bytes=4352 x_success=4 x_fail=0 kb_calls=0 kb_bytes=0 kb_success=0 kb_fail=0 total=4 injected=0 history_level=-1 x_level=1 kb_level=-1 shape_bad=0 x_each_worker_once=1
CASE_PASS m=17 n=8 sve16_entries=0 expected=0 old_entries=0 packed_entries=0 packed_expected=0 wide_entries=0 wide_expected=0 wrapper_entries=0 wrapper_expected=0
ARGUMENTS_PASS m=17 n=8 calls=0 bad=0 expected_panel_stride=136
ALLOC_PASS m=17 n=9 small=1 wide_path=0 history_expected=0 history_calls=0 history_bytes=0 history_success=0 history_fail=0 x_calls=4 x_bytes=4352 x_success=4 x_fail=0 kb_calls=0 kb_bytes=0 kb_success=0 kb_fail=0 total=4 injected=0 history_level=-1 x_level=1 kb_level=-1 shape_bad=0 x_each_worker_once=1
CASE_PASS m=17 n=9 sve16_entries=0 expected=0 old_entries=0 packed_entries=0 packed_expected=0 wide_entries=0 wide_expected=0 wrapper_entries=0 wrapper_expected=0
ARGUMENTS_PASS m=17 n=9 calls=0 bad=0 expected_panel_stride=136
ALLOC_PASS m=17 n=17 small=1 wide_path=0 history_expected=0 history_calls=0 history_bytes=0 history_success=0 history_fail=0 x_calls=4 x_bytes=4352 x_success=4 x_fail=0 kb_calls=0 kb_bytes=0 kb_success=0 kb_fail=0 total=4 injected=0 history_level=-1 x_level=1 kb_level=-1 shape_bad=0 x_each_worker_once=1
CASE_PASS m=17 n=17 sve16_entries=0 expected=0 old_entries=0 packed_entries=0 packed_expected=0 wide_entries=0 wide_expected=0 wrapper_entries=0 wrapper_expected=0
ARGUMENTS_PASS m=17 n=17 calls=0 bad=0 expected_panel_stride=136
ALLOC_PASS m=31 n=1 small=1 wide_path=0 history_expected=0 history_calls=0 history_bytes=0 history_success=0 history_fail=0 x_calls=4 x_bytes=7936 x_success=4 x_fail=0 kb_calls=0 kb_bytes=0 kb_success=0 kb_fail=0 total=4 injected=0 history_level=-1 x_level=1 kb_level=-1 shape_bad=0 x_each_worker_once=1
CASE_PASS m=31 n=1 sve16_entries=0 expected=0 old_entries=0 packed_entries=0 packed_expected=0 wide_entries=0 wide_expected=0 wrapper_entries=0 wrapper_expected=0
ARGUMENTS_PASS m=31 n=1 calls=0 bad=0 expected_panel_stride=248
ALLOC_PASS m=31 n=7 small=1 wide_path=0 history_expected=0 history_calls=0 history_bytes=0 history_success=0 history_fail=0 x_calls=4 x_bytes=7936 x_success=4 x_fail=0 kb_calls=0 kb_bytes=0 kb_success=0 kb_fail=0 total=4 injected=0 history_level=-1 x_level=1 kb_level=-1 shape_bad=0 x_each_worker_once=1
CASE_PASS m=31 n=7 sve16_entries=0 expected=0 old_entries=0 packed_entries=0 packed_expected=0 wide_entries=0 wide_expected=0 wrapper_entries=0 wrapper_expected=0
ARGUMENTS_PASS m=31 n=7 calls=0 bad=0 expected_panel_stride=248
ALLOC_PASS m=31 n=8 small=1 wide_path=0 history_expected=0 history_calls=0 history_bytes=0 history_success=0 history_fail=0 x_calls=4 x_bytes=7936 x_success=4 x_fail=0 kb_calls=0 kb_bytes=0 kb_success=0 kb_fail=0 total=4 injected=0 history_level=-1 x_level=1 kb_level=-1 shape_bad=0 x_each_worker_once=1
CASE_PASS m=31 n=8 sve16_entries=0 expected=0 old_entries=0 packed_entries=0 packed_expected=0 wide_entries=0 wide_expected=0 wrapper_entries=0 wrapper_expected=0
ARGUMENTS_PASS m=31 n=8 calls=0 bad=0 expected_panel_stride=248
ALLOC_PASS m=31 n=9 small=1 wide_path=0 history_expected=0 history_calls=0 history_bytes=0 history_success=0 history_fail=0 x_calls=4 x_bytes=7936 x_success=4 x_fail=0 kb_calls=0 kb_bytes=0 kb_success=0 kb_fail=0 total=4 injected=0 history_level=-1 x_level=1 kb_level=-1 shape_bad=0 x_each_worker_once=1
CASE_PASS m=31 n=9 sve16_entries=0 expected=0 old_entries=0 packed_entries=0 packed_expected=0 wide_entries=0 wide_expected=0 wrapper_entries=0 wrapper_expected=0
ARGUMENTS_PASS m=31 n=9 calls=0 bad=0 expected_panel_stride=248
ALLOC_PASS m=31 n=17 small=1 wide_path=0 history_expected=0 history_calls=0 history_bytes=0 history_success=0 history_fail=0 x_calls=4 x_bytes=7936 x_success=4 x_fail=0 kb_calls=0 kb_bytes=0 kb_success=0 kb_fail=0 total=4 injected=0 history_level=-1 x_level=1 kb_level=-1 shape_bad=0 x_each_worker_once=1
CASE_PASS m=31 n=17 sve16_entries=0 expected=0 old_entries=0 packed_entries=0 packed_expected=0 wide_entries=0 wide_expected=0 wrapper_entries=0 wrapper_expected=0
ARGUMENTS_PASS m=31 n=17 calls=0 bad=0 expected_panel_stride=248
ALLOC_PASS m=32 n=1 small=1 wide_path=0 history_expected=0 history_calls=0 history_bytes=0 history_success=0 history_fail=0 x_calls=4 x_bytes=8192 x_success=4 x_fail=0 kb_calls=0 kb_bytes=0 kb_success=0 kb_fail=0 total=4 injected=0 history_level=-1 x_level=1 kb_level=-1 shape_bad=0 x_each_worker_once=1
CASE_PASS m=32 n=1 sve16_entries=0 expected=0 old_entries=0 packed_entries=0 packed_expected=0 wide_entries=0 wide_expected=0 wrapper_entries=0 wrapper_expected=0
ARGUMENTS_PASS m=32 n=1 calls=0 bad=0 expected_panel_stride=256
ALLOC_PASS m=32 n=7 small=1 wide_path=0 history_expected=0 history_calls=0 history_bytes=0 history_success=0 history_fail=0 x_calls=4 x_bytes=8192 x_success=4 x_fail=0 kb_calls=0 kb_bytes=0 kb_success=0 kb_fail=0 total=4 injected=0 history_level=-1 x_level=1 kb_level=-1 shape_bad=0 x_each_worker_once=1
CASE_PASS m=32 n=7 sve16_entries=0 expected=0 old_entries=0 packed_entries=0 packed_expected=0 wide_entries=0 wide_expected=0 wrapper_entries=0 wrapper_expected=0
ARGUMENTS_PASS m=32 n=7 calls=0 bad=0 expected_panel_stride=256
ALLOC_PASS m=32 n=8 small=1 wide_path=0 history_expected=0 history_calls=0 history_bytes=0 history_success=0 history_fail=0 x_calls=4 x_bytes=8192 x_success=4 x_fail=0 kb_calls=0 kb_bytes=0 kb_success=0 kb_fail=0 total=4 injected=0 history_level=-1 x_level=1 kb_level=-1 shape_bad=0 x_each_worker_once=1
CASE_PASS m=32 n=8 sve16_entries=0 expected=0 old_entries=0 packed_entries=0 packed_expected=0 wide_entries=0 wide_expected=0 wrapper_entries=0 wrapper_expected=0
ARGUMENTS_PASS m=32 n=8 calls=0 bad=0 expected_panel_stride=256
ALLOC_PASS m=32 n=9 small=1 wide_path=0 history_expected=0 history_calls=0 history_bytes=0 history_success=0 history_fail=0 x_calls=4 x_bytes=8192 x_success=4 x_fail=0 kb_calls=0 kb_bytes=0 kb_success=0 kb_fail=0 total=4 injected=0 history_level=-1 x_level=1 kb_level=-1 shape_bad=0 x_each_worker_once=1
CASE_PASS m=32 n=9 sve16_entries=0 expected=0 old_entries=0 packed_entries=0 packed_expected=0 wide_entries=0 wide_expected=0 wrapper_entries=0 wrapper_expected=0
ARGUMENTS_PASS m=32 n=9 calls=0 bad=0 expected_panel_stride=256
ALLOC_PASS m=32 n=17 small=1 wide_path=0 history_expected=0 history_calls=0 history_bytes=0 history_success=0 history_fail=0 x_calls=4 x_bytes=8192 x_success=4 x_fail=0 kb_calls=0 kb_bytes=0 kb_success=0 kb_fail=0 total=4 injected=0 history_level=-1 x_level=1 kb_level=-1 shape_bad=0 x_each_worker_once=1
CASE_PASS m=32 n=17 sve16_entries=0 expected=0 old_entries=0 packed_entries=0 packed_expected=0 wide_entries=0 wide_expected=0 wrapper_entries=0 wrapper_expected=0
ARGUMENTS_PASS m=32 n=17 calls=0 bad=0 expected_panel_stride=256
ALLOC_PASS m=33 n=1 small=1 wide_path=0 history_expected=0 history_calls=0 history_bytes=0 history_success=0 history_fail=0 x_calls=4 x_bytes=8448 x_success=4 x_fail=0 kb_calls=0 kb_bytes=0 kb_success=0 kb_fail=0 total=4 injected=0 history_level=-1 x_level=1 kb_level=-1 shape_bad=0 x_each_worker_once=1
CASE_PASS m=33 n=1 sve16_entries=0 expected=0 old_entries=0 packed_entries=0 packed_expected=0 wide_entries=0 wide_expected=0 wrapper_entries=0 wrapper_expected=0
ARGUMENTS_PASS m=33 n=1 calls=0 bad=0 expected_panel_stride=264
ALLOC_PASS m=33 n=7 small=1 wide_path=0 history_expected=0 history_calls=0 history_bytes=0 history_success=0 history_fail=0 x_calls=4 x_bytes=8448 x_success=4 x_fail=0 kb_calls=0 kb_bytes=0 kb_success=0 kb_fail=0 total=4 injected=0 history_level=-1 x_level=1 kb_level=-1 shape_bad=0 x_each_worker_once=1
CASE_PASS m=33 n=7 sve16_entries=0 expected=0 old_entries=0 packed_entries=0 packed_expected=0 wide_entries=0 wide_expected=0 wrapper_entries=0 wrapper_expected=0
ARGUMENTS_PASS m=33 n=7 calls=0 bad=0 expected_panel_stride=264
ALLOC_PASS m=33 n=8 small=1 wide_path=0 history_expected=0 history_calls=0 history_bytes=0 history_success=0 history_fail=0 x_calls=4 x_bytes=8448 x_success=4 x_fail=0 kb_calls=0 kb_bytes=0 kb_success=0 kb_fail=0 total=4 injected=0 history_level=-1 x_level=1 kb_level=-1 shape_bad=0 x_each_worker_once=1
CASE_PASS m=33 n=8 sve16_entries=0 expected=0 old_entries=0 packed_entries=0 packed_expected=0 wide_entries=0 wide_expected=0 wrapper_entries=0 wrapper_expected=0
ARGUMENTS_PASS m=33 n=8 calls=0 bad=0 expected_panel_stride=264
ALLOC_PASS m=33 n=9 small=1 wide_path=0 history_expected=0 history_calls=0 history_bytes=0 history_success=0 history_fail=0 x_calls=4 x_bytes=8448 x_success=4 x_fail=0 kb_calls=0 kb_bytes=0 kb_success=0 kb_fail=0 total=4 injected=0 history_level=-1 x_level=1 kb_level=-1 shape_bad=0 x_each_worker_once=1
CASE_PASS m=33 n=9 sve16_entries=0 expected=0 old_entries=0 packed_entries=0 packed_expected=0 wide_entries=0 wide_expected=0 wrapper_entries=0 wrapper_expected=0
ARGUMENTS_PASS m=33 n=9 calls=0 bad=0 expected_panel_stride=264
ALLOC_PASS m=33 n=17 small=1 wide_path=0 history_expected=0 history_calls=0 history_bytes=0 history_success=0 history_fail=0 x_calls=4 x_bytes=8448 x_success=4 x_fail=0 kb_calls=0 kb_bytes=0 kb_success=0 kb_fail=0 total=4 injected=0 history_level=-1 x_level=1 kb_level=-1 shape_bad=0 x_each_worker_once=1
CASE_PASS m=33 n=17 sve16_entries=0 expected=0 old_entries=0 packed_entries=0 packed_expected=0 wide_entries=0 wide_expected=0 wrapper_entries=0 wrapper_expected=0
ARGUMENTS_PASS m=33 n=17 calls=0 bad=0 expected_panel_stride=264
ALLOC_PASS m=63 n=1 small=1 wide_path=0 history_expected=0 history_calls=0 history_bytes=0 history_success=0 history_fail=0 x_calls=4 x_bytes=16128 x_success=4 x_fail=0 kb_calls=0 kb_bytes=0 kb_success=0 kb_fail=0 total=4 injected=0 history_level=-1 x_level=1 kb_level=-1 shape_bad=0 x_each_worker_once=1
CASE_PASS m=63 n=1 sve16_entries=0 expected=0 old_entries=0 packed_entries=0 packed_expected=0 wide_entries=0 wide_expected=0 wrapper_entries=0 wrapper_expected=0
ARGUMENTS_PASS m=63 n=1 calls=0 bad=0 expected_panel_stride=504
ALLOC_PASS m=63 n=7 small=1 wide_path=0 history_expected=0 history_calls=0 history_bytes=0 history_success=0 history_fail=0 x_calls=4 x_bytes=16128 x_success=4 x_fail=0 kb_calls=0 kb_bytes=0 kb_success=0 kb_fail=0 total=4 injected=0 history_level=-1 x_level=1 kb_level=-1 shape_bad=0 x_each_worker_once=1
CASE_PASS m=63 n=7 sve16_entries=0 expected=0 old_entries=0 packed_entries=0 packed_expected=0 wide_entries=0 wide_expected=0 wrapper_entries=0 wrapper_expected=0
ARGUMENTS_PASS m=63 n=7 calls=0 bad=0 expected_panel_stride=504
ALLOC_PASS m=63 n=8 small=1 wide_path=0 history_expected=0 history_calls=0 history_bytes=0 history_success=0 history_fail=0 x_calls=4 x_bytes=16128 x_success=4 x_fail=0 kb_calls=0 kb_bytes=0 kb_success=0 kb_fail=0 total=4 injected=0 history_level=-1 x_level=1 kb_level=-1 shape_bad=0 x_each_worker_once=1
CASE_PASS m=63 n=8 sve16_entries=0 expected=0 old_entries=0 packed_entries=0 packed_expected=0 wide_entries=0 wide_expected=0 wrapper_entries=0 wrapper_expected=0
ARGUMENTS_PASS m=63 n=8 calls=0 bad=0 expected_panel_stride=504
ALLOC_PASS m=63 n=9 small=1 wide_path=0 history_expected=0 history_calls=0 history_bytes=0 history_success=0 history_fail=0 x_calls=4 x_bytes=16128 x_success=4 x_fail=0 kb_calls=0 kb_bytes=0 kb_success=0 kb_fail=0 total=4 injected=0 history_level=-1 x_level=1 kb_level=-1 shape_bad=0 x_each_worker_once=1
CASE_PASS m=63 n=9 sve16_entries=0 expected=0 old_entries=0 packed_entries=0 packed_expected=0 wide_entries=0 wide_expected=0 wrapper_entries=0 wrapper_expected=0
ARGUMENTS_PASS m=63 n=9 calls=0 bad=0 expected_panel_stride=504
ALLOC_PASS m=63 n=17 small=1 wide_path=0 history_expected=0 history_calls=0 history_bytes=0 history_success=0 history_fail=0 x_calls=4 x_bytes=16128 x_success=4 x_fail=0 kb_calls=0 kb_bytes=0 kb_success=0 kb_fail=0 total=4 injected=0 history_level=-1 x_level=1 kb_level=-1 shape_bad=0 x_each_worker_once=1
CASE_PASS m=63 n=17 sve16_entries=0 expected=0 old_entries=0 packed_entries=0 packed_expected=0 wide_entries=0 wide_expected=0 wrapper_entries=0 wrapper_expected=0
ARGUMENTS_PASS m=63 n=17 calls=0 bad=0 expected_panel_stride=504
ALLOC_PASS m=64 n=1 small=1 wide_path=0 history_expected=0 history_calls=0 history_bytes=0 history_success=0 history_fail=0 x_calls=4 x_bytes=16384 x_success=4 x_fail=0 kb_calls=0 kb_bytes=0 kb_success=0 kb_fail=0 total=4 injected=0 history_level=-1 x_level=1 kb_level=-1 shape_bad=0 x_each_worker_once=1
CASE_PASS m=64 n=1 sve16_entries=0 expected=0 old_entries=0 packed_entries=0 packed_expected=0 wide_entries=0 wide_expected=0 wrapper_entries=0 wrapper_expected=0
ARGUMENTS_PASS m=64 n=1 calls=0 bad=0 expected_panel_stride=512
ALLOC_PASS m=64 n=7 small=1 wide_path=0 history_expected=0 history_calls=0 history_bytes=0 history_success=0 history_fail=0 x_calls=4 x_bytes=16384 x_success=4 x_fail=0 kb_calls=0 kb_bytes=0 kb_success=0 kb_fail=0 total=4 injected=0 history_level=-1 x_level=1 kb_level=-1 shape_bad=0 x_each_worker_once=1
CASE_PASS m=64 n=7 sve16_entries=0 expected=0 old_entries=0 packed_entries=0 packed_expected=0 wide_entries=0 wide_expected=0 wrapper_entries=0 wrapper_expected=0
ARGUMENTS_PASS m=64 n=7 calls=0 bad=0 expected_panel_stride=512
ALLOC_PASS m=64 n=8 small=1 wide_path=0 history_expected=0 history_calls=0 history_bytes=0 history_success=0 history_fail=0 x_calls=4 x_bytes=16384 x_success=4 x_fail=0 kb_calls=0 kb_bytes=0 kb_success=0 kb_fail=0 total=4 injected=0 history_level=-1 x_level=1 kb_level=-1 shape_bad=0 x_each_worker_once=1
CASE_PASS m=64 n=8 sve16_entries=0 expected=0 old_entries=0 packed_entries=0 packed_expected=0 wide_entries=0 wide_expected=0 wrapper_entries=0 wrapper_expected=0
ARGUMENTS_PASS m=64 n=8 calls=0 bad=0 expected_panel_stride=512
ALLOC_PASS m=64 n=9 small=1 wide_path=0 history_expected=0 history_calls=0 history_bytes=0 history_success=0 history_fail=0 x_calls=4 x_bytes=16384 x_success=4 x_fail=0 kb_calls=0 kb_bytes=0 kb_success=0 kb_fail=0 total=4 injected=0 history_level=-1 x_level=1 kb_level=-1 shape_bad=0 x_each_worker_once=1
CASE_PASS m=64 n=9 sve16_entries=0 expected=0 old_entries=0 packed_entries=0 packed_expected=0 wide_entries=0 wide_expected=0 wrapper_entries=0 wrapper_expected=0
ARGUMENTS_PASS m=64 n=9 calls=0 bad=0 expected_panel_stride=512
ALLOC_PASS m=64 n=17 small=1 wide_path=0 history_expected=0 history_calls=0 history_bytes=0 history_success=0 history_fail=0 x_calls=4 x_bytes=16384 x_success=4 x_fail=0 kb_calls=0 kb_bytes=0 kb_success=0 kb_fail=0 total=4 injected=0 history_level=-1 x_level=1 kb_level=-1 shape_bad=0 x_each_worker_once=1
CASE_PASS m=64 n=17 sve16_entries=0 expected=0 old_entries=0 packed_entries=0 packed_expected=0 wide_entries=0 wide_expected=0 wrapper_entries=0 wrapper_expected=0
ARGUMENTS_PASS m=64 n=17 calls=0 bad=0 expected_panel_stride=512
ALLOC_PASS m=65 n=1 small=1 wide_path=0 history_expected=0 history_calls=0 history_bytes=0 history_success=0 history_fail=0 x_calls=4 x_bytes=16640 x_success=4 x_fail=0 kb_calls=0 kb_bytes=0 kb_success=0 kb_fail=0 total=4 injected=0 history_level=-1 x_level=1 kb_level=-1 shape_bad=0 x_each_worker_once=1
CASE_PASS m=65 n=1 sve16_entries=0 expected=0 old_entries=0 packed_entries=0 packed_expected=0 wide_entries=0 wide_expected=0 wrapper_entries=0 wrapper_expected=0
ARGUMENTS_PASS m=65 n=1 calls=0 bad=0 expected_panel_stride=520
ALLOC_PASS m=65 n=7 small=1 wide_path=0 history_expected=0 history_calls=0 history_bytes=0 history_success=0 history_fail=0 x_calls=4 x_bytes=16640 x_success=4 x_fail=0 kb_calls=0 kb_bytes=0 kb_success=0 kb_fail=0 total=4 injected=0 history_level=-1 x_level=1 kb_level=-1 shape_bad=0 x_each_worker_once=1
CASE_PASS m=65 n=7 sve16_entries=0 expected=0 old_entries=0 packed_entries=0 packed_expected=0 wide_entries=0 wide_expected=0 wrapper_entries=0 wrapper_expected=0
ARGUMENTS_PASS m=65 n=7 calls=0 bad=0 expected_panel_stride=520
ALLOC_PASS m=65 n=8 small=1 wide_path=0 history_expected=0 history_calls=0 history_bytes=0 history_success=0 history_fail=0 x_calls=4 x_bytes=16640 x_success=4 x_fail=0 kb_calls=0 kb_bytes=0 kb_success=0 kb_fail=0 total=4 injected=0 history_level=-1 x_level=1 kb_level=-1 shape_bad=0 x_each_worker_once=1
CASE_PASS m=65 n=8 sve16_entries=0 expected=0 old_entries=0 packed_entries=0 packed_expected=0 wide_entries=0 wide_expected=0 wrapper_entries=0 wrapper_expected=0
ARGUMENTS_PASS m=65 n=8 calls=0 bad=0 expected_panel_stride=520
ALLOC_PASS m=65 n=9 small=1 wide_path=0 history_expected=0 history_calls=0 history_bytes=0 history_success=0 history_fail=0 x_calls=4 x_bytes=16640 x_success=4 x_fail=0 kb_calls=0 kb_bytes=0 kb_success=0 kb_fail=0 total=4 injected=0 history_level=-1 x_level=1 kb_level=-1 shape_bad=0 x_each_worker_once=1
CASE_PASS m=65 n=9 sve16_entries=0 expected=0 old_entries=0 packed_entries=0 packed_expected=0 wide_entries=0 wide_expected=0 wrapper_entries=0 wrapper_expected=0
ARGUMENTS_PASS m=65 n=9 calls=0 bad=0 expected_panel_stride=520
ALLOC_PASS m=65 n=17 small=1 wide_path=0 history_expected=0 history_calls=0 history_bytes=0 history_success=0 history_fail=0 x_calls=4 x_bytes=16640 x_success=4 x_fail=0 kb_calls=0 kb_bytes=0 kb_success=0 kb_fail=0 total=4 injected=0 history_level=-1 x_level=1 kb_level=-1 shape_bad=0 x_each_worker_once=1
CASE_PASS m=65 n=17 sve16_entries=0 expected=0 old_entries=0 packed_entries=0 packed_expected=0 wide_entries=0 wide_expected=0 wrapper_entries=0 wrapper_expected=0
ARGUMENTS_PASS m=65 n=17 calls=0 bad=0 expected_panel_stride=520
ALLOC_PASS m=255 n=1 small=1 wide_path=0 history_expected=0 history_calls=0 history_bytes=0 history_success=0 history_fail=0 x_calls=4 x_bytes=65280 x_success=4 x_fail=0 kb_calls=0 kb_bytes=0 kb_success=0 kb_fail=0 total=4 injected=0 history_level=-1 x_level=1 kb_level=-1 shape_bad=0 x_each_worker_once=1
CASE_PASS m=255 n=1 sve16_entries=0 expected=0 old_entries=0 packed_entries=0 packed_expected=0 wide_entries=0 wide_expected=0 wrapper_entries=0 wrapper_expected=0
ARGUMENTS_PASS m=255 n=1 calls=0 bad=0 expected_panel_stride=2040
ALLOC_PASS m=255 n=7 small=1 wide_path=0 history_expected=0 history_calls=0 history_bytes=0 history_success=0 history_fail=0 x_calls=4 x_bytes=65280 x_success=4 x_fail=0 kb_calls=0 kb_bytes=0 kb_success=0 kb_fail=0 total=4 injected=0 history_level=-1 x_level=1 kb_level=-1 shape_bad=0 x_each_worker_once=1
CASE_PASS m=255 n=7 sve16_entries=0 expected=0 old_entries=0 packed_entries=0 packed_expected=0 wide_entries=0 wide_expected=0 wrapper_entries=0 wrapper_expected=0
ARGUMENTS_PASS m=255 n=7 calls=0 bad=0 expected_panel_stride=2040
ALLOC_PASS m=255 n=8 small=1 wide_path=0 history_expected=0 history_calls=0 history_bytes=0 history_success=0 history_fail=0 x_calls=4 x_bytes=65280 x_success=4 x_fail=0 kb_calls=0 kb_bytes=0 kb_success=0 kb_fail=0 total=4 injected=0 history_level=-1 x_level=1 kb_level=-1 shape_bad=0 x_each_worker_once=1
CASE_PASS m=255 n=8 sve16_entries=0 expected=0 old_entries=0 packed_entries=0 packed_expected=0 wide_entries=0 wide_expected=0 wrapper_entries=0 wrapper_expected=0
ARGUMENTS_PASS m=255 n=8 calls=0 bad=0 expected_panel_stride=2040
ALLOC_PASS m=255 n=9 small=1 wide_path=0 history_expected=0 history_calls=0 history_bytes=0 history_success=0 history_fail=0 x_calls=4 x_bytes=65280 x_success=4 x_fail=0 kb_calls=0 kb_bytes=0 kb_success=0 kb_fail=0 total=4 injected=0 history_level=-1 x_level=1 kb_level=-1 shape_bad=0 x_each_worker_once=1
CASE_PASS m=255 n=9 sve16_entries=0 expected=0 old_entries=0 packed_entries=0 packed_expected=0 wide_entries=0 wide_expected=0 wrapper_entries=0 wrapper_expected=0
ARGUMENTS_PASS m=255 n=9 calls=0 bad=0 expected_panel_stride=2040
ALLOC_PASS m=255 n=17 small=1 wide_path=0 history_expected=0 history_calls=0 history_bytes=0 history_success=0 history_fail=0 x_calls=4 x_bytes=65280 x_success=4 x_fail=0 kb_calls=0 kb_bytes=0 kb_success=0 kb_fail=0 total=4 injected=0 history_level=-1 x_level=1 kb_level=-1 shape_bad=0 x_each_worker_once=1
CASE_PASS m=255 n=17 sve16_entries=0 expected=0 old_entries=0 packed_entries=0 packed_expected=0 wide_entries=0 wide_expected=0 wrapper_entries=0 wrapper_expected=0
ARGUMENTS_PASS m=255 n=17 calls=0 bad=0 expected_panel_stride=2040
ALLOC_PASS m=256 n=1 small=1 wide_path=0 history_expected=0 history_calls=0 history_bytes=0 history_success=0 history_fail=0 x_calls=4 x_bytes=65536 x_success=4 x_fail=0 kb_calls=0 kb_bytes=0 kb_success=0 kb_fail=0 total=4 injected=0 history_level=-1 x_level=1 kb_level=-1 shape_bad=0 x_each_worker_once=1
CASE_PASS m=256 n=1 sve16_entries=0 expected=0 old_entries=0 packed_entries=0 packed_expected=0 wide_entries=0 wide_expected=0 wrapper_entries=0 wrapper_expected=0
ARGUMENTS_PASS m=256 n=1 calls=0 bad=0 expected_panel_stride=2048
ALLOC_PASS m=256 n=7 small=1 wide_path=0 history_expected=0 history_calls=0 history_bytes=0 history_success=0 history_fail=0 x_calls=4 x_bytes=65536 x_success=4 x_fail=0 kb_calls=0 kb_bytes=0 kb_success=0 kb_fail=0 total=4 injected=0 history_level=-1 x_level=1 kb_level=-1 shape_bad=0 x_each_worker_once=1
CASE_PASS m=256 n=7 sve16_entries=0 expected=0 old_entries=0 packed_entries=0 packed_expected=0 wide_entries=0 wide_expected=0 wrapper_entries=0 wrapper_expected=0
ARGUMENTS_PASS m=256 n=7 calls=0 bad=0 expected_panel_stride=2048
ALLOC_PASS m=256 n=8 small=1 wide_path=0 history_expected=0 history_calls=0 history_bytes=0 history_success=0 history_fail=0 x_calls=4 x_bytes=65536 x_success=4 x_fail=0 kb_calls=0 kb_bytes=0 kb_success=0 kb_fail=0 total=4 injected=0 history_level=-1 x_level=1 kb_level=-1 shape_bad=0 x_each_worker_once=1
CASE_PASS m=256 n=8 sve16_entries=0 expected=0 old_entries=0 packed_entries=0 packed_expected=0 wide_entries=0 wide_expected=0 wrapper_entries=0 wrapper_expected=0
ARGUMENTS_PASS m=256 n=8 calls=0 bad=0 expected_panel_stride=2048
ALLOC_PASS m=256 n=9 small=1 wide_path=0 history_expected=0 history_calls=0 history_bytes=0 history_success=0 history_fail=0 x_calls=4 x_bytes=65536 x_success=4 x_fail=0 kb_calls=0 kb_bytes=0 kb_success=0 kb_fail=0 total=4 injected=0 history_level=-1 x_level=1 kb_level=-1 shape_bad=0 x_each_worker_once=1
CASE_PASS m=256 n=9 sve16_entries=0 expected=0 old_entries=0 packed_entries=0 packed_expected=0 wide_entries=0 wide_expected=0 wrapper_entries=0 wrapper_expected=0
ARGUMENTS_PASS m=256 n=9 calls=0 bad=0 expected_panel_stride=2048
ALLOC_PASS m=256 n=17 small=1 wide_path=0 history_expected=0 history_calls=0 history_bytes=0 history_success=0 history_fail=0 x_calls=4 x_bytes=65536 x_success=4 x_fail=0 kb_calls=0 kb_bytes=0 kb_success=0 kb_fail=0 total=4 injected=0 history_level=-1 x_level=1 kb_level=-1 shape_bad=0 x_each_worker_once=1
CASE_PASS m=256 n=17 sve16_entries=0 expected=0 old_entries=0 packed_entries=0 packed_expected=0 wide_entries=0 wide_expected=0 wrapper_entries=0 wrapper_expected=0
ARGUMENTS_PASS m=256 n=17 calls=0 bad=0 expected_panel_stride=2048
ALLOC_PASS m=257 n=1 small=1 wide_path=0 history_expected=0 history_calls=0 history_bytes=0 history_success=0 history_fail=0 x_calls=4 x_bytes=65792 x_success=4 x_fail=0 kb_calls=0 kb_bytes=0 kb_success=0 kb_fail=0 total=4 injected=0 history_level=-1 x_level=1 kb_level=-1 shape_bad=0 x_each_worker_once=1
CASE_PASS m=257 n=1 sve16_entries=0 expected=0 old_entries=0 packed_entries=0 packed_expected=0 wide_entries=0 wide_expected=0 wrapper_entries=0 wrapper_expected=0
ARGUMENTS_PASS m=257 n=1 calls=0 bad=0 expected_panel_stride=2056
ALLOC_PASS m=257 n=7 small=1 wide_path=0 history_expected=0 history_calls=0 history_bytes=0 history_success=0 history_fail=0 x_calls=4 x_bytes=65792 x_success=4 x_fail=0 kb_calls=0 kb_bytes=0 kb_success=0 kb_fail=0 total=4 injected=0 history_level=-1 x_level=1 kb_level=-1 shape_bad=0 x_each_worker_once=1
CASE_PASS m=257 n=7 sve16_entries=0 expected=0 old_entries=0 packed_entries=0 packed_expected=0 wide_entries=0 wide_expected=0 wrapper_entries=0 wrapper_expected=0
ARGUMENTS_PASS m=257 n=7 calls=0 bad=0 expected_panel_stride=2056
ALLOC_PASS m=257 n=8 small=1 wide_path=0 history_expected=0 history_calls=0 history_bytes=0 history_success=0 history_fail=0 x_calls=4 x_bytes=65792 x_success=4 x_fail=0 kb_calls=0 kb_bytes=0 kb_success=0 kb_fail=0 total=4 injected=0 history_level=-1 x_level=1 kb_level=-1 shape_bad=0 x_each_worker_once=1
CASE_PASS m=257 n=8 sve16_entries=0 expected=0 old_entries=0 packed_entries=0 packed_expected=0 wide_entries=0 wide_expected=0 wrapper_entries=0 wrapper_expected=0
ARGUMENTS_PASS m=257 n=8 calls=0 bad=0 expected_panel_stride=2056
ALLOC_PASS m=257 n=9 small=1 wide_path=0 history_expected=0 history_calls=0 history_bytes=0 history_success=0 history_fail=0 x_calls=4 x_bytes=65792 x_success=4 x_fail=0 kb_calls=0 kb_bytes=0 kb_success=0 kb_fail=0 total=4 injected=0 history_level=-1 x_level=1 kb_level=-1 shape_bad=0 x_each_worker_once=1
CASE_PASS m=257 n=9 sve16_entries=0 expected=0 old_entries=0 packed_entries=0 packed_expected=0 wide_entries=0 wide_expected=0 wrapper_entries=0 wrapper_expected=0
ARGUMENTS_PASS m=257 n=9 calls=0 bad=0 expected_panel_stride=2056
ALLOC_PASS m=257 n=17 small=1 wide_path=0 history_expected=0 history_calls=0 history_bytes=0 history_success=0 history_fail=0 x_calls=4 x_bytes=65792 x_success=4 x_fail=0 kb_calls=0 kb_bytes=0 kb_success=0 kb_fail=0 total=4 injected=0 history_level=-1 x_level=1 kb_level=-1 shape_bad=0 x_each_worker_once=1
CASE_PASS m=257 n=17 sve16_entries=0 expected=0 old_entries=0 packed_entries=0 packed_expected=0 wide_entries=0 wide_expected=0 wrapper_entries=0 wrapper_expected=0
ARGUMENTS_PASS m=257 n=17 calls=0 bad=0 expected_panel_stride=2056
ALLOCATION_SUMMARY_PASS cases=80 budget_cases=0 shared_injection_cases=0
PASS whole_cases=80 noop_cases=4 non_dyadic_long_double_RHS=1 padding_L_unchanged=1 max_error=1.1102230246251565e-16
SOURCE_FEATURES_PASS panel16=1 packedL16=1 has_budget=1 history_budget_bytes=4194304 panel8x16=1
MODE=full THREADS=4 NARROW_VL=0 EXPECT_SVE16=0 EXPECT_PACKEDL16=0
ALLOC_PASS m=1 n=1 small=1 wide_path=0 history_expected=0 history_calls=0 history_bytes=0 history_success=0 history_fail=0 x_calls=4 x_bytes=256 x_success=0 x_fail=4 kb_calls=0 kb_bytes=0 kb_success=0 kb_fail=0 total=4 injected=4 history_level=-1 x_level=1 kb_level=-1 shape_bad=0 x_each_worker_once=1
CASE_PASS m=1 n=1 sve16_entries=0 expected=0 old_entries=0 packed_entries=0 packed_expected=0 wide_entries=0 wide_expected=0 wrapper_entries=0 wrapper_expected=0
ARGUMENTS_PASS m=1 n=1 calls=0 bad=0 expected_panel_stride=8
ALLOC_PASS m=1 n=7 small=1 wide_path=0 history_expected=0 history_calls=0 history_bytes=0 history_success=0 history_fail=0 x_calls=4 x_bytes=256 x_success=0 x_fail=4 kb_calls=0 kb_bytes=0 kb_success=0 kb_fail=0 total=4 injected=4 history_level=-1 x_level=1 kb_level=-1 shape_bad=0 x_each_worker_once=1
CASE_PASS m=1 n=7 sve16_entries=0 expected=0 old_entries=0 packed_entries=0 packed_expected=0 wide_entries=0 wide_expected=0 wrapper_entries=0 wrapper_expected=0
ARGUMENTS_PASS m=1 n=7 calls=0 bad=0 expected_panel_stride=8
ALLOC_PASS m=1 n=8 small=1 wide_path=0 history_expected=0 history_calls=0 history_bytes=0 history_success=0 history_fail=0 x_calls=4 x_bytes=256 x_success=0 x_fail=4 kb_calls=0 kb_bytes=0 kb_success=0 kb_fail=0 total=4 injected=4 history_level=-1 x_level=1 kb_level=-1 shape_bad=0 x_each_worker_once=1
CASE_PASS m=1 n=8 sve16_entries=0 expected=0 old_entries=0 packed_entries=0 packed_expected=0 wide_entries=0 wide_expected=0 wrapper_entries=0 wrapper_expected=0
ARGUMENTS_PASS m=1 n=8 calls=0 bad=0 expected_panel_stride=8
ALLOC_PASS m=1 n=9 small=1 wide_path=0 history_expected=0 history_calls=0 history_bytes=0 history_success=0 history_fail=0 x_calls=4 x_bytes=256 x_success=0 x_fail=4 kb_calls=0 kb_bytes=0 kb_success=0 kb_fail=0 total=4 injected=4 history_level=-1 x_level=1 kb_level=-1 shape_bad=0 x_each_worker_once=1
CASE_PASS m=1 n=9 sve16_entries=0 expected=0 old_entries=0 packed_entries=0 packed_expected=0 wide_entries=0 wide_expected=0 wrapper_entries=0 wrapper_expected=0
ARGUMENTS_PASS m=1 n=9 calls=0 bad=0 expected_panel_stride=8
ALLOC_PASS m=1 n=17 small=1 wide_path=0 history_expected=0 history_calls=0 history_bytes=0 history_success=0 history_fail=0 x_calls=4 x_bytes=256 x_success=0 x_fail=4 kb_calls=0 kb_bytes=0 kb_success=0 kb_fail=0 total=4 injected=4 history_level=-1 x_level=1 kb_level=-1 shape_bad=0 x_each_worker_once=1
CASE_PASS m=1 n=17 sve16_entries=0 expected=0 old_entries=0 packed_entries=0 packed_expected=0 wide_entries=0 wide_expected=0 wrapper_entries=0 wrapper_expected=0
ARGUMENTS_PASS m=1 n=17 calls=0 bad=0 expected_panel_stride=8
ALLOC_PASS m=3 n=1 small=1 wide_path=0 history_expected=0 history_calls=0 history_bytes=0 history_success=0 history_fail=0 x_calls=4 x_bytes=768 x_success=0 x_fail=4 kb_calls=0 kb_bytes=0 kb_success=0 kb_fail=0 total=4 injected=4 history_level=-1 x_level=1 kb_level=-1 shape_bad=0 x_each_worker_once=1
CASE_PASS m=3 n=1 sve16_entries=0 expected=0 old_entries=0 packed_entries=0 packed_expected=0 wide_entries=0 wide_expected=0 wrapper_entries=0 wrapper_expected=0
ARGUMENTS_PASS m=3 n=1 calls=0 bad=0 expected_panel_stride=24
ALLOC_PASS m=3 n=7 small=1 wide_path=0 history_expected=0 history_calls=0 history_bytes=0 history_success=0 history_fail=0 x_calls=4 x_bytes=768 x_success=0 x_fail=4 kb_calls=0 kb_bytes=0 kb_success=0 kb_fail=0 total=4 injected=4 history_level=-1 x_level=1 kb_level=-1 shape_bad=0 x_each_worker_once=1
CASE_PASS m=3 n=7 sve16_entries=0 expected=0 old_entries=0 packed_entries=0 packed_expected=0 wide_entries=0 wide_expected=0 wrapper_entries=0 wrapper_expected=0
ARGUMENTS_PASS m=3 n=7 calls=0 bad=0 expected_panel_stride=24
ALLOC_PASS m=3 n=8 small=1 wide_path=0 history_expected=0 history_calls=0 history_bytes=0 history_success=0 history_fail=0 x_calls=4 x_bytes=768 x_success=0 x_fail=4 kb_calls=0 kb_bytes=0 kb_success=0 kb_fail=0 total=4 injected=4 history_level=-1 x_level=1 kb_level=-1 shape_bad=0 x_each_worker_once=1
CASE_PASS m=3 n=8 sve16_entries=0 expected=0 old_entries=0 packed_entries=0 packed_expected=0 wide_entries=0 wide_expected=0 wrapper_entries=0 wrapper_expected=0
ARGUMENTS_PASS m=3 n=8 calls=0 bad=0 expected_panel_stride=24
ALLOC_PASS m=3 n=9 small=1 wide_path=0 history_expected=0 history_calls=0 history_bytes=0 history_success=0 history_fail=0 x_calls=4 x_bytes=768 x_success=0 x_fail=4 kb_calls=0 kb_bytes=0 kb_success=0 kb_fail=0 total=4 injected=4 history_level=-1 x_level=1 kb_level=-1 shape_bad=0 x_each_worker_once=1
CASE_PASS m=3 n=9 sve16_entries=0 expected=0 old_entries=0 packed_entries=0 packed_expected=0 wide_entries=0 wide_expected=0 wrapper_entries=0 wrapper_expected=0
ARGUMENTS_PASS m=3 n=9 calls=0 bad=0 expected_panel_stride=24
ALLOC_PASS m=3 n=17 small=1 wide_path=0 history_expected=0 history_calls=0 history_bytes=0 history_success=0 history_fail=0 x_calls=4 x_bytes=768 x_success=0 x_fail=4 kb_calls=0 kb_bytes=0 kb_success=0 kb_fail=0 total=4 injected=4 history_level=-1 x_level=1 kb_level=-1 shape_bad=0 x_each_worker_once=1
CASE_PASS m=3 n=17 sve16_entries=0 expected=0 old_entries=0 packed_entries=0 packed_expected=0 wide_entries=0 wide_expected=0 wrapper_entries=0 wrapper_expected=0
ARGUMENTS_PASS m=3 n=17 calls=0 bad=0 expected_panel_stride=24
ALLOC_PASS m=4 n=1 small=1 wide_path=0 history_expected=0 history_calls=0 history_bytes=0 history_success=0 history_fail=0 x_calls=4 x_bytes=1024 x_success=0 x_fail=4 kb_calls=0 kb_bytes=0 kb_success=0 kb_fail=0 total=4 injected=4 history_level=-1 x_level=1 kb_level=-1 shape_bad=0 x_each_worker_once=1
CASE_PASS m=4 n=1 sve16_entries=0 expected=0 old_entries=0 packed_entries=0 packed_expected=0 wide_entries=0 wide_expected=0 wrapper_entries=0 wrapper_expected=0
ARGUMENTS_PASS m=4 n=1 calls=0 bad=0 expected_panel_stride=32
ALLOC_PASS m=4 n=7 small=1 wide_path=0 history_expected=0 history_calls=0 history_bytes=0 history_success=0 history_fail=0 x_calls=4 x_bytes=1024 x_success=0 x_fail=4 kb_calls=0 kb_bytes=0 kb_success=0 kb_fail=0 total=4 injected=4 history_level=-1 x_level=1 kb_level=-1 shape_bad=0 x_each_worker_once=1
CASE_PASS m=4 n=7 sve16_entries=0 expected=0 old_entries=0 packed_entries=0 packed_expected=0 wide_entries=0 wide_expected=0 wrapper_entries=0 wrapper_expected=0
ARGUMENTS_PASS m=4 n=7 calls=0 bad=0 expected_panel_stride=32
ALLOC_PASS m=4 n=8 small=1 wide_path=0 history_expected=0 history_calls=0 history_bytes=0 history_success=0 history_fail=0 x_calls=4 x_bytes=1024 x_success=0 x_fail=4 kb_calls=0 kb_bytes=0 kb_success=0 kb_fail=0 total=4 injected=4 history_level=-1 x_level=1 kb_level=-1 shape_bad=0 x_each_worker_once=1
CASE_PASS m=4 n=8 sve16_entries=0 expected=0 old_entries=0 packed_entries=0 packed_expected=0 wide_entries=0 wide_expected=0 wrapper_entries=0 wrapper_expected=0
ARGUMENTS_PASS m=4 n=8 calls=0 bad=0 expected_panel_stride=32
ALLOC_PASS m=4 n=9 small=1 wide_path=0 history_expected=0 history_calls=0 history_bytes=0 history_success=0 history_fail=0 x_calls=4 x_bytes=1024 x_success=0 x_fail=4 kb_calls=0 kb_bytes=0 kb_success=0 kb_fail=0 total=4 injected=4 history_level=-1 x_level=1 kb_level=-1 shape_bad=0 x_each_worker_once=1
CASE_PASS m=4 n=9 sve16_entries=0 expected=0 old_entries=0 packed_entries=0 packed_expected=0 wide_entries=0 wide_expected=0 wrapper_entries=0 wrapper_expected=0
ARGUMENTS_PASS m=4 n=9 calls=0 bad=0 expected_panel_stride=32
ALLOC_PASS m=4 n=17 small=1 wide_path=0 history_expected=0 history_calls=0 history_bytes=0 history_success=0 history_fail=0 x_calls=4 x_bytes=1024 x_success=0 x_fail=4 kb_calls=0 kb_bytes=0 kb_success=0 kb_fail=0 total=4 injected=4 history_level=-1 x_level=1 kb_level=-1 shape_bad=0 x_each_worker_once=1
CASE_PASS m=4 n=17 sve16_entries=0 expected=0 old_entries=0 packed_entries=0 packed_expected=0 wide_entries=0 wide_expected=0 wrapper_entries=0 wrapper_expected=0
ARGUMENTS_PASS m=4 n=17 calls=0 bad=0 expected_panel_stride=32
ALLOC_PASS m=5 n=1 small=1 wide_path=0 history_expected=0 history_calls=0 history_bytes=0 history_success=0 history_fail=0 x_calls=4 x_bytes=1280 x_success=0 x_fail=4 kb_calls=0 kb_bytes=0 kb_success=0 kb_fail=0 total=4 injected=4 history_level=-1 x_level=1 kb_level=-1 shape_bad=0 x_each_worker_once=1
CASE_PASS m=5 n=1 sve16_entries=0 expected=0 old_entries=0 packed_entries=0 packed_expected=0 wide_entries=0 wide_expected=0 wrapper_entries=0 wrapper_expected=0
ARGUMENTS_PASS m=5 n=1 calls=0 bad=0 expected_panel_stride=40
ALLOC_PASS m=5 n=7 small=1 wide_path=0 history_expected=0 history_calls=0 history_bytes=0 history_success=0 history_fail=0 x_calls=4 x_bytes=1280 x_success=0 x_fail=4 kb_calls=0 kb_bytes=0 kb_success=0 kb_fail=0 total=4 injected=4 history_level=-1 x_level=1 kb_level=-1 shape_bad=0 x_each_worker_once=1
CASE_PASS m=5 n=7 sve16_entries=0 expected=0 old_entries=0 packed_entries=0 packed_expected=0 wide_entries=0 wide_expected=0 wrapper_entries=0 wrapper_expected=0
ARGUMENTS_PASS m=5 n=7 calls=0 bad=0 expected_panel_stride=40
ALLOC_PASS m=5 n=8 small=1 wide_path=0 history_expected=0 history_calls=0 history_bytes=0 history_success=0 history_fail=0 x_calls=4 x_bytes=1280 x_success=0 x_fail=4 kb_calls=0 kb_bytes=0 kb_success=0 kb_fail=0 total=4 injected=4 history_level=-1 x_level=1 kb_level=-1 shape_bad=0 x_each_worker_once=1
CASE_PASS m=5 n=8 sve16_entries=0 expected=0 old_entries=0 packed_entries=0 packed_expected=0 wide_entries=0 wide_expected=0 wrapper_entries=0 wrapper_expected=0
ARGUMENTS_PASS m=5 n=8 calls=0 bad=0 expected_panel_stride=40
ALLOC_PASS m=5 n=9 small=1 wide_path=0 history_expected=0 history_calls=0 history_bytes=0 history_success=0 history_fail=0 x_calls=4 x_bytes=1280 x_success=0 x_fail=4 kb_calls=0 kb_bytes=0 kb_success=0 kb_fail=0 total=4 injected=4 history_level=-1 x_level=1 kb_level=-1 shape_bad=0 x_each_worker_once=1
CASE_PASS m=5 n=9 sve16_entries=0 expected=0 old_entries=0 packed_entries=0 packed_expected=0 wide_entries=0 wide_expected=0 wrapper_entries=0 wrapper_expected=0
ARGUMENTS_PASS m=5 n=9 calls=0 bad=0 expected_panel_stride=40
ALLOC_PASS m=5 n=17 small=1 wide_path=0 history_expected=0 history_calls=0 history_bytes=0 history_success=0 history_fail=0 x_calls=4 x_bytes=1280 x_success=0 x_fail=4 kb_calls=0 kb_bytes=0 kb_success=0 kb_fail=0 total=4 injected=4 history_level=-1 x_level=1 kb_level=-1 shape_bad=0 x_each_worker_once=1
CASE_PASS m=5 n=17 sve16_entries=0 expected=0 old_entries=0 packed_entries=0 packed_expected=0 wide_entries=0 wide_expected=0 wrapper_entries=0 wrapper_expected=0
ARGUMENTS_PASS m=5 n=17 calls=0 bad=0 expected_panel_stride=40
ALLOC_PASS m=15 n=1 small=1 wide_path=0 history_expected=0 history_calls=0 history_bytes=0 history_success=0 history_fail=0 x_calls=4 x_bytes=3840 x_success=0 x_fail=4 kb_calls=0 kb_bytes=0 kb_success=0 kb_fail=0 total=4 injected=4 history_level=-1 x_level=1 kb_level=-1 shape_bad=0 x_each_worker_once=1
CASE_PASS m=15 n=1 sve16_entries=0 expected=0 old_entries=0 packed_entries=0 packed_expected=0 wide_entries=0 wide_expected=0 wrapper_entries=0 wrapper_expected=0
ARGUMENTS_PASS m=15 n=1 calls=0 bad=0 expected_panel_stride=120
ALLOC_PASS m=15 n=7 small=1 wide_path=0 history_expected=0 history_calls=0 history_bytes=0 history_success=0 history_fail=0 x_calls=4 x_bytes=3840 x_success=0 x_fail=4 kb_calls=0 kb_bytes=0 kb_success=0 kb_fail=0 total=4 injected=4 history_level=-1 x_level=1 kb_level=-1 shape_bad=0 x_each_worker_once=1
CASE_PASS m=15 n=7 sve16_entries=0 expected=0 old_entries=0 packed_entries=0 packed_expected=0 wide_entries=0 wide_expected=0 wrapper_entries=0 wrapper_expected=0
ARGUMENTS_PASS m=15 n=7 calls=0 bad=0 expected_panel_stride=120
ALLOC_PASS m=15 n=8 small=1 wide_path=0 history_expected=0 history_calls=0 history_bytes=0 history_success=0 history_fail=0 x_calls=4 x_bytes=3840 x_success=0 x_fail=4 kb_calls=0 kb_bytes=0 kb_success=0 kb_fail=0 total=4 injected=4 history_level=-1 x_level=1 kb_level=-1 shape_bad=0 x_each_worker_once=1
CASE_PASS m=15 n=8 sve16_entries=0 expected=0 old_entries=0 packed_entries=0 packed_expected=0 wide_entries=0 wide_expected=0 wrapper_entries=0 wrapper_expected=0
ARGUMENTS_PASS m=15 n=8 calls=0 bad=0 expected_panel_stride=120
ALLOC_PASS m=15 n=9 small=1 wide_path=0 history_expected=0 history_calls=0 history_bytes=0 history_success=0 history_fail=0 x_calls=4 x_bytes=3840 x_success=0 x_fail=4 kb_calls=0 kb_bytes=0 kb_success=0 kb_fail=0 total=4 injected=4 history_level=-1 x_level=1 kb_level=-1 shape_bad=0 x_each_worker_once=1
CASE_PASS m=15 n=9 sve16_entries=0 expected=0 old_entries=0 packed_entries=0 packed_expected=0 wide_entries=0 wide_expected=0 wrapper_entries=0 wrapper_expected=0
ARGUMENTS_PASS m=15 n=9 calls=0 bad=0 expected_panel_stride=120
ALLOC_PASS m=15 n=17 small=1 wide_path=0 history_expected=0 history_calls=0 history_bytes=0 history_success=0 history_fail=0 x_calls=4 x_bytes=3840 x_success=0 x_fail=4 kb_calls=0 kb_bytes=0 kb_success=0 kb_fail=0 total=4 injected=4 history_level=-1 x_level=1 kb_level=-1 shape_bad=0 x_each_worker_once=1
CASE_PASS m=15 n=17 sve16_entries=0 expected=0 old_entries=0 packed_entries=0 packed_expected=0 wide_entries=0 wide_expected=0 wrapper_entries=0 wrapper_expected=0
ARGUMENTS_PASS m=15 n=17 calls=0 bad=0 expected_panel_stride=120
ALLOC_PASS m=16 n=1 small=1 wide_path=0 history_expected=0 history_calls=0 history_bytes=0 history_success=0 history_fail=0 x_calls=4 x_bytes=4096 x_success=0 x_fail=4 kb_calls=0 kb_bytes=0 kb_success=0 kb_fail=0 total=4 injected=4 history_level=-1 x_level=1 kb_level=-1 shape_bad=0 x_each_worker_once=1
CASE_PASS m=16 n=1 sve16_entries=0 expected=0 old_entries=0 packed_entries=0 packed_expected=0 wide_entries=0 wide_expected=0 wrapper_entries=0 wrapper_expected=0
ARGUMENTS_PASS m=16 n=1 calls=0 bad=0 expected_panel_stride=128
ALLOC_PASS m=16 n=7 small=1 wide_path=0 history_expected=0 history_calls=0 history_bytes=0 history_success=0 history_fail=0 x_calls=4 x_bytes=4096 x_success=0 x_fail=4 kb_calls=0 kb_bytes=0 kb_success=0 kb_fail=0 total=4 injected=4 history_level=-1 x_level=1 kb_level=-1 shape_bad=0 x_each_worker_once=1
CASE_PASS m=16 n=7 sve16_entries=0 expected=0 old_entries=0 packed_entries=0 packed_expected=0 wide_entries=0 wide_expected=0 wrapper_entries=0 wrapper_expected=0
ARGUMENTS_PASS m=16 n=7 calls=0 bad=0 expected_panel_stride=128
ALLOC_PASS m=16 n=8 small=1 wide_path=0 history_expected=0 history_calls=0 history_bytes=0 history_success=0 history_fail=0 x_calls=4 x_bytes=4096 x_success=0 x_fail=4 kb_calls=0 kb_bytes=0 kb_success=0 kb_fail=0 total=4 injected=4 history_level=-1 x_level=1 kb_level=-1 shape_bad=0 x_each_worker_once=1
CASE_PASS m=16 n=8 sve16_entries=0 expected=0 old_entries=0 packed_entries=0 packed_expected=0 wide_entries=0 wide_expected=0 wrapper_entries=0 wrapper_expected=0
ARGUMENTS_PASS m=16 n=8 calls=0 bad=0 expected_panel_stride=128
ALLOC_PASS m=16 n=9 small=1 wide_path=0 history_expected=0 history_calls=0 history_bytes=0 history_success=0 history_fail=0 x_calls=4 x_bytes=4096 x_success=0 x_fail=4 kb_calls=0 kb_bytes=0 kb_success=0 kb_fail=0 total=4 injected=4 history_level=-1 x_level=1 kb_level=-1 shape_bad=0 x_each_worker_once=1
CASE_PASS m=16 n=9 sve16_entries=0 expected=0 old_entries=0 packed_entries=0 packed_expected=0 wide_entries=0 wide_expected=0 wrapper_entries=0 wrapper_expected=0
ARGUMENTS_PASS m=16 n=9 calls=0 bad=0 expected_panel_stride=128
ALLOC_PASS m=16 n=17 small=1 wide_path=0 history_expected=0 history_calls=0 history_bytes=0 history_success=0 history_fail=0 x_calls=4 x_bytes=4096 x_success=0 x_fail=4 kb_calls=0 kb_bytes=0 kb_success=0 kb_fail=0 total=4 injected=4 history_level=-1 x_level=1 kb_level=-1 shape_bad=0 x_each_worker_once=1
CASE_PASS m=16 n=17 sve16_entries=0 expected=0 old_entries=0 packed_entries=0 packed_expected=0 wide_entries=0 wide_expected=0 wrapper_entries=0 wrapper_expected=0
ARGUMENTS_PASS m=16 n=17 calls=0 bad=0 expected_panel_stride=128
ALLOC_PASS m=17 n=1 small=1 wide_path=0 history_expected=0 history_calls=0 history_bytes=0 history_success=0 history_fail=0 x_calls=4 x_bytes=4352 x_success=0 x_fail=4 kb_calls=0 kb_bytes=0 kb_success=0 kb_fail=0 total=4 injected=4 history_level=-1 x_level=1 kb_level=-1 shape_bad=0 x_each_worker_once=1
CASE_PASS m=17 n=1 sve16_entries=0 expected=0 old_entries=0 packed_entries=0 packed_expected=0 wide_entries=0 wide_expected=0 wrapper_entries=0 wrapper_expected=0
ARGUMENTS_PASS m=17 n=1 calls=0 bad=0 expected_panel_stride=136
ALLOC_PASS m=17 n=7 small=1 wide_path=0 history_expected=0 history_calls=0 history_bytes=0 history_success=0 history_fail=0 x_calls=4 x_bytes=4352 x_success=0 x_fail=4 kb_calls=0 kb_bytes=0 kb_success=0 kb_fail=0 total=4 injected=4 history_level=-1 x_level=1 kb_level=-1 shape_bad=0 x_each_worker_once=1
CASE_PASS m=17 n=7 sve16_entries=0 expected=0 old_entries=0 packed_entries=0 packed_expected=0 wide_entries=0 wide_expected=0 wrapper_entries=0 wrapper_expected=0
ARGUMENTS_PASS m=17 n=7 calls=0 bad=0 expected_panel_stride=136
ALLOC_PASS m=17 n=8 small=1 wide_path=0 history_expected=0 history_calls=0 history_bytes=0 history_success=0 history_fail=0 x_calls=4 x_bytes=4352 x_success=0 x_fail=4 kb_calls=0 kb_bytes=0 kb_success=0 kb_fail=0 total=4 injected=4 history_level=-1 x_level=1 kb_level=-1 shape_bad=0 x_each_worker_once=1
CASE_PASS m=17 n=8 sve16_entries=0 expected=0 old_entries=0 packed_entries=0 packed_expected=0 wide_entries=0 wide_expected=0 wrapper_entries=0 wrapper_expected=0
ARGUMENTS_PASS m=17 n=8 calls=0 bad=0 expected_panel_stride=136
ALLOC_PASS m=17 n=9 small=1 wide_path=0 history_expected=0 history_calls=0 history_bytes=0 history_success=0 history_fail=0 x_calls=4 x_bytes=4352 x_success=0 x_fail=4 kb_calls=0 kb_bytes=0 kb_success=0 kb_fail=0 total=4 injected=4 history_level=-1 x_level=1 kb_level=-1 shape_bad=0 x_each_worker_once=1
CASE_PASS m=17 n=9 sve16_entries=0 expected=0 old_entries=0 packed_entries=0 packed_expected=0 wide_entries=0 wide_expected=0 wrapper_entries=0 wrapper_expected=0
ARGUMENTS_PASS m=17 n=9 calls=0 bad=0 expected_panel_stride=136
ALLOC_PASS m=17 n=17 small=1 wide_path=0 history_expected=0 history_calls=0 history_bytes=0 history_success=0 history_fail=0 x_calls=4 x_bytes=4352 x_success=0 x_fail=4 kb_calls=0 kb_bytes=0 kb_success=0 kb_fail=0 total=4 injected=4 history_level=-1 x_level=1 kb_level=-1 shape_bad=0 x_each_worker_once=1
CASE_PASS m=17 n=17 sve16_entries=0 expected=0 old_entries=0 packed_entries=0 packed_expected=0 wide_entries=0 wide_expected=0 wrapper_entries=0 wrapper_expected=0
ARGUMENTS_PASS m=17 n=17 calls=0 bad=0 expected_panel_stride=136
ALLOC_PASS m=31 n=1 small=1 wide_path=0 history_expected=0 history_calls=0 history_bytes=0 history_success=0 history_fail=0 x_calls=4 x_bytes=7936 x_success=0 x_fail=4 kb_calls=0 kb_bytes=0 kb_success=0 kb_fail=0 total=4 injected=4 history_level=-1 x_level=1 kb_level=-1 shape_bad=0 x_each_worker_once=1
CASE_PASS m=31 n=1 sve16_entries=0 expected=0 old_entries=0 packed_entries=0 packed_expected=0 wide_entries=0 wide_expected=0 wrapper_entries=0 wrapper_expected=0
ARGUMENTS_PASS m=31 n=1 calls=0 bad=0 expected_panel_stride=248
ALLOC_PASS m=31 n=7 small=1 wide_path=0 history_expected=0 history_calls=0 history_bytes=0 history_success=0 history_fail=0 x_calls=4 x_bytes=7936 x_success=0 x_fail=4 kb_calls=0 kb_bytes=0 kb_success=0 kb_fail=0 total=4 injected=4 history_level=-1 x_level=1 kb_level=-1 shape_bad=0 x_each_worker_once=1
CASE_PASS m=31 n=7 sve16_entries=0 expected=0 old_entries=0 packed_entries=0 packed_expected=0 wide_entries=0 wide_expected=0 wrapper_entries=0 wrapper_expected=0
ARGUMENTS_PASS m=31 n=7 calls=0 bad=0 expected_panel_stride=248
ALLOC_PASS m=31 n=8 small=1 wide_path=0 history_expected=0 history_calls=0 history_bytes=0 history_success=0 history_fail=0 x_calls=4 x_bytes=7936 x_success=0 x_fail=4 kb_calls=0 kb_bytes=0 kb_success=0 kb_fail=0 total=4 injected=4 history_level=-1 x_level=1 kb_level=-1 shape_bad=0 x_each_worker_once=1
CASE_PASS m=31 n=8 sve16_entries=0 expected=0 old_entries=0 packed_entries=0 packed_expected=0 wide_entries=0 wide_expected=0 wrapper_entries=0 wrapper_expected=0
ARGUMENTS_PASS m=31 n=8 calls=0 bad=0 expected_panel_stride=248
ALLOC_PASS m=31 n=9 small=1 wide_path=0 history_expected=0 history_calls=0 history_bytes=0 history_success=0 history_fail=0 x_calls=4 x_bytes=7936 x_success=0 x_fail=4 kb_calls=0 kb_bytes=0 kb_success=0 kb_fail=0 total=4 injected=4 history_level=-1 x_level=1 kb_level=-1 shape_bad=0 x_each_worker_once=1
CASE_PASS m=31 n=9 sve16_entries=0 expected=0 old_entries=0 packed_entries=0 packed_expected=0 wide_entries=0 wide_expected=0 wrapper_entries=0 wrapper_expected=0
ARGUMENTS_PASS m=31 n=9 calls=0 bad=0 expected_panel_stride=248
ALLOC_PASS m=31 n=17 small=1 wide_path=0 history_expected=0 history_calls=0 history_bytes=0 history_success=0 history_fail=0 x_calls=4 x_bytes=7936 x_success=0 x_fail=4 kb_calls=0 kb_bytes=0 kb_success=0 kb_fail=0 total=4 injected=4 history_level=-1 x_level=1 kb_level=-1 shape_bad=0 x_each_worker_once=1
CASE_PASS m=31 n=17 sve16_entries=0 expected=0 old_entries=0 packed_entries=0 packed_expected=0 wide_entries=0 wide_expected=0 wrapper_entries=0 wrapper_expected=0
ARGUMENTS_PASS m=31 n=17 calls=0 bad=0 expected_panel_stride=248
ALLOC_PASS m=32 n=1 small=1 wide_path=0 history_expected=1 history_calls=1 history_bytes=2048 history_success=0 history_fail=1 x_calls=4 x_bytes=8192 x_success=0 x_fail=4 kb_calls=0 kb_bytes=0 kb_success=0 kb_fail=0 total=5 injected=5 history_level=0 x_level=1 kb_level=-1 shape_bad=0 x_each_worker_once=1
CASE_PASS m=32 n=1 sve16_entries=0 expected=0 old_entries=0 packed_entries=0 packed_expected=0 wide_entries=0 wide_expected=0 wrapper_entries=0 wrapper_expected=0
ARGUMENTS_PASS m=32 n=1 calls=0 bad=0 expected_panel_stride=256
ALLOC_PASS m=32 n=7 small=1 wide_path=0 history_expected=1 history_calls=1 history_bytes=2048 history_success=0 history_fail=1 x_calls=4 x_bytes=8192 x_success=0 x_fail=4 kb_calls=0 kb_bytes=0 kb_success=0 kb_fail=0 total=5 injected=5 history_level=0 x_level=1 kb_level=-1 shape_bad=0 x_each_worker_once=1
CASE_PASS m=32 n=7 sve16_entries=0 expected=0 old_entries=0 packed_entries=0 packed_expected=0 wide_entries=0 wide_expected=0 wrapper_entries=0 wrapper_expected=0
ARGUMENTS_PASS m=32 n=7 calls=0 bad=0 expected_panel_stride=256
ALLOC_PASS m=32 n=8 small=1 wide_path=0 history_expected=1 history_calls=1 history_bytes=2048 history_success=0 history_fail=1 x_calls=4 x_bytes=8192 x_success=0 x_fail=4 kb_calls=0 kb_bytes=0 kb_success=0 kb_fail=0 total=5 injected=5 history_level=0 x_level=1 kb_level=-1 shape_bad=0 x_each_worker_once=1
CASE_PASS m=32 n=8 sve16_entries=0 expected=0 old_entries=0 packed_entries=0 packed_expected=0 wide_entries=0 wide_expected=0 wrapper_entries=0 wrapper_expected=0
ARGUMENTS_PASS m=32 n=8 calls=0 bad=0 expected_panel_stride=256
ALLOC_PASS m=32 n=9 small=1 wide_path=0 history_expected=1 history_calls=1 history_bytes=2048 history_success=0 history_fail=1 x_calls=4 x_bytes=8192 x_success=0 x_fail=4 kb_calls=0 kb_bytes=0 kb_success=0 kb_fail=0 total=5 injected=5 history_level=0 x_level=1 kb_level=-1 shape_bad=0 x_each_worker_once=1
CASE_PASS m=32 n=9 sve16_entries=0 expected=0 old_entries=0 packed_entries=0 packed_expected=0 wide_entries=0 wide_expected=0 wrapper_entries=0 wrapper_expected=0
ARGUMENTS_PASS m=32 n=9 calls=0 bad=0 expected_panel_stride=256
ALLOC_PASS m=32 n=17 small=1 wide_path=0 history_expected=1 history_calls=1 history_bytes=2048 history_success=0 history_fail=1 x_calls=4 x_bytes=8192 x_success=0 x_fail=4 kb_calls=0 kb_bytes=0 kb_success=0 kb_fail=0 total=5 injected=5 history_level=0 x_level=1 kb_level=-1 shape_bad=0 x_each_worker_once=1
CASE_PASS m=32 n=17 sve16_entries=0 expected=0 old_entries=0 packed_entries=0 packed_expected=0 wide_entries=0 wide_expected=0 wrapper_entries=0 wrapper_expected=0
ARGUMENTS_PASS m=32 n=17 calls=0 bad=0 expected_panel_stride=256
ALLOC_PASS m=33 n=1 small=1 wide_path=0 history_expected=1 history_calls=1 history_bytes=2048 history_success=0 history_fail=1 x_calls=4 x_bytes=8448 x_success=0 x_fail=4 kb_calls=0 kb_bytes=0 kb_success=0 kb_fail=0 total=5 injected=5 history_level=0 x_level=1 kb_level=-1 shape_bad=0 x_each_worker_once=1
CASE_PASS m=33 n=1 sve16_entries=0 expected=0 old_entries=0 packed_entries=0 packed_expected=0 wide_entries=0 wide_expected=0 wrapper_entries=0 wrapper_expected=0
ARGUMENTS_PASS m=33 n=1 calls=0 bad=0 expected_panel_stride=264
ALLOC_PASS m=33 n=7 small=1 wide_path=0 history_expected=1 history_calls=1 history_bytes=2048 history_success=0 history_fail=1 x_calls=4 x_bytes=8448 x_success=0 x_fail=4 kb_calls=0 kb_bytes=0 kb_success=0 kb_fail=0 total=5 injected=5 history_level=0 x_level=1 kb_level=-1 shape_bad=0 x_each_worker_once=1
CASE_PASS m=33 n=7 sve16_entries=0 expected=0 old_entries=0 packed_entries=0 packed_expected=0 wide_entries=0 wide_expected=0 wrapper_entries=0 wrapper_expected=0
ARGUMENTS_PASS m=33 n=7 calls=0 bad=0 expected_panel_stride=264
ALLOC_PASS m=33 n=8 small=1 wide_path=0 history_expected=1 history_calls=1 history_bytes=2048 history_success=0 history_fail=1 x_calls=4 x_bytes=8448 x_success=0 x_fail=4 kb_calls=0 kb_bytes=0 kb_success=0 kb_fail=0 total=5 injected=5 history_level=0 x_level=1 kb_level=-1 shape_bad=0 x_each_worker_once=1
CASE_PASS m=33 n=8 sve16_entries=0 expected=0 old_entries=0 packed_entries=0 packed_expected=0 wide_entries=0 wide_expected=0 wrapper_entries=0 wrapper_expected=0
ARGUMENTS_PASS m=33 n=8 calls=0 bad=0 expected_panel_stride=264
ALLOC_PASS m=33 n=9 small=1 wide_path=0 history_expected=1 history_calls=1 history_bytes=2048 history_success=0 history_fail=1 x_calls=4 x_bytes=8448 x_success=0 x_fail=4 kb_calls=0 kb_bytes=0 kb_success=0 kb_fail=0 total=5 injected=5 history_level=0 x_level=1 kb_level=-1 shape_bad=0 x_each_worker_once=1
CASE_PASS m=33 n=9 sve16_entries=0 expected=0 old_entries=0 packed_entries=0 packed_expected=0 wide_entries=0 wide_expected=0 wrapper_entries=0 wrapper_expected=0
ARGUMENTS_PASS m=33 n=9 calls=0 bad=0 expected_panel_stride=264
ALLOC_PASS m=33 n=17 small=1 wide_path=0 history_expected=1 history_calls=1 history_bytes=2048 history_success=0 history_fail=1 x_calls=4 x_bytes=8448 x_success=0 x_fail=4 kb_calls=0 kb_bytes=0 kb_success=0 kb_fail=0 total=5 injected=5 history_level=0 x_level=1 kb_level=-1 shape_bad=0 x_each_worker_once=1
CASE_PASS m=33 n=17 sve16_entries=0 expected=0 old_entries=0 packed_entries=0 packed_expected=0 wide_entries=0 wide_expected=0 wrapper_entries=0 wrapper_expected=0
ARGUMENTS_PASS m=33 n=17 calls=0 bad=0 expected_panel_stride=264
ALLOC_PASS m=63 n=1 small=1 wide_path=0 history_expected=1 history_calls=1 history_bytes=6144 history_success=0 history_fail=1 x_calls=4 x_bytes=16128 x_success=0 x_fail=4 kb_calls=0 kb_bytes=0 kb_success=0 kb_fail=0 total=5 injected=5 history_level=0 x_level=1 kb_level=-1 shape_bad=0 x_each_worker_once=1
CASE_PASS m=63 n=1 sve16_entries=0 expected=0 old_entries=0 packed_entries=0 packed_expected=0 wide_entries=0 wide_expected=0 wrapper_entries=0 wrapper_expected=0
ARGUMENTS_PASS m=63 n=1 calls=0 bad=0 expected_panel_stride=504
ALLOC_PASS m=63 n=7 small=1 wide_path=0 history_expected=1 history_calls=1 history_bytes=6144 history_success=0 history_fail=1 x_calls=4 x_bytes=16128 x_success=0 x_fail=4 kb_calls=0 kb_bytes=0 kb_success=0 kb_fail=0 total=5 injected=5 history_level=0 x_level=1 kb_level=-1 shape_bad=0 x_each_worker_once=1
CASE_PASS m=63 n=7 sve16_entries=0 expected=0 old_entries=0 packed_entries=0 packed_expected=0 wide_entries=0 wide_expected=0 wrapper_entries=0 wrapper_expected=0
ARGUMENTS_PASS m=63 n=7 calls=0 bad=0 expected_panel_stride=504
ALLOC_PASS m=63 n=8 small=1 wide_path=0 history_expected=1 history_calls=1 history_bytes=6144 history_success=0 history_fail=1 x_calls=4 x_bytes=16128 x_success=0 x_fail=4 kb_calls=0 kb_bytes=0 kb_success=0 kb_fail=0 total=5 injected=5 history_level=0 x_level=1 kb_level=-1 shape_bad=0 x_each_worker_once=1
CASE_PASS m=63 n=8 sve16_entries=0 expected=0 old_entries=0 packed_entries=0 packed_expected=0 wide_entries=0 wide_expected=0 wrapper_entries=0 wrapper_expected=0
ARGUMENTS_PASS m=63 n=8 calls=0 bad=0 expected_panel_stride=504
ALLOC_PASS m=63 n=9 small=1 wide_path=0 history_expected=1 history_calls=1 history_bytes=6144 history_success=0 history_fail=1 x_calls=4 x_bytes=16128 x_success=0 x_fail=4 kb_calls=0 kb_bytes=0 kb_success=0 kb_fail=0 total=5 injected=5 history_level=0 x_level=1 kb_level=-1 shape_bad=0 x_each_worker_once=1
CASE_PASS m=63 n=9 sve16_entries=0 expected=0 old_entries=0 packed_entries=0 packed_expected=0 wide_entries=0 wide_expected=0 wrapper_entries=0 wrapper_expected=0
ARGUMENTS_PASS m=63 n=9 calls=0 bad=0 expected_panel_stride=504
ALLOC_PASS m=63 n=17 small=1 wide_path=0 history_expected=1 history_calls=1 history_bytes=6144 history_success=0 history_fail=1 x_calls=4 x_bytes=16128 x_success=0 x_fail=4 kb_calls=0 kb_bytes=0 kb_success=0 kb_fail=0 total=5 injected=5 history_level=0 x_level=1 kb_level=-1 shape_bad=0 x_each_worker_once=1
CASE_PASS m=63 n=17 sve16_entries=0 expected=0 old_entries=0 packed_entries=0 packed_expected=0 wide_entries=0 wide_expected=0 wrapper_entries=0 wrapper_expected=0
ARGUMENTS_PASS m=63 n=17 calls=0 bad=0 expected_panel_stride=504
ALLOC_PASS m=64 n=1 small=1 wide_path=0 history_expected=1 history_calls=1 history_bytes=12288 history_success=0 history_fail=1 x_calls=4 x_bytes=16384 x_success=0 x_fail=4 kb_calls=0 kb_bytes=0 kb_success=0 kb_fail=0 total=5 injected=5 history_level=0 x_level=1 kb_level=-1 shape_bad=0 x_each_worker_once=1
CASE_PASS m=64 n=1 sve16_entries=0 expected=0 old_entries=0 packed_entries=0 packed_expected=0 wide_entries=0 wide_expected=0 wrapper_entries=0 wrapper_expected=0
ARGUMENTS_PASS m=64 n=1 calls=0 bad=0 expected_panel_stride=512
ALLOC_PASS m=64 n=7 small=1 wide_path=0 history_expected=1 history_calls=1 history_bytes=12288 history_success=0 history_fail=1 x_calls=4 x_bytes=16384 x_success=0 x_fail=4 kb_calls=0 kb_bytes=0 kb_success=0 kb_fail=0 total=5 injected=5 history_level=0 x_level=1 kb_level=-1 shape_bad=0 x_each_worker_once=1
CASE_PASS m=64 n=7 sve16_entries=0 expected=0 old_entries=0 packed_entries=0 packed_expected=0 wide_entries=0 wide_expected=0 wrapper_entries=0 wrapper_expected=0
ARGUMENTS_PASS m=64 n=7 calls=0 bad=0 expected_panel_stride=512
ALLOC_PASS m=64 n=8 small=1 wide_path=0 history_expected=1 history_calls=1 history_bytes=12288 history_success=0 history_fail=1 x_calls=4 x_bytes=16384 x_success=0 x_fail=4 kb_calls=0 kb_bytes=0 kb_success=0 kb_fail=0 total=5 injected=5 history_level=0 x_level=1 kb_level=-1 shape_bad=0 x_each_worker_once=1
CASE_PASS m=64 n=8 sve16_entries=0 expected=0 old_entries=0 packed_entries=0 packed_expected=0 wide_entries=0 wide_expected=0 wrapper_entries=0 wrapper_expected=0
ARGUMENTS_PASS m=64 n=8 calls=0 bad=0 expected_panel_stride=512
ALLOC_PASS m=64 n=9 small=1 wide_path=0 history_expected=1 history_calls=1 history_bytes=12288 history_success=0 history_fail=1 x_calls=4 x_bytes=16384 x_success=0 x_fail=4 kb_calls=0 kb_bytes=0 kb_success=0 kb_fail=0 total=5 injected=5 history_level=0 x_level=1 kb_level=-1 shape_bad=0 x_each_worker_once=1
CASE_PASS m=64 n=9 sve16_entries=0 expected=0 old_entries=0 packed_entries=0 packed_expected=0 wide_entries=0 wide_expected=0 wrapper_entries=0 wrapper_expected=0
ARGUMENTS_PASS m=64 n=9 calls=0 bad=0 expected_panel_stride=512
ALLOC_PASS m=64 n=17 small=1 wide_path=0 history_expected=1 history_calls=1 history_bytes=12288 history_success=0 history_fail=1 x_calls=4 x_bytes=16384 x_success=0 x_fail=4 kb_calls=0 kb_bytes=0 kb_success=0 kb_fail=0 total=5 injected=5 history_level=0 x_level=1 kb_level=-1 shape_bad=0 x_each_worker_once=1
CASE_PASS m=64 n=17 sve16_entries=0 expected=0 old_entries=0 packed_entries=0 packed_expected=0 wide_entries=0 wide_expected=0 wrapper_entries=0 wrapper_expected=0
ARGUMENTS_PASS m=64 n=17 calls=0 bad=0 expected_panel_stride=512
ALLOC_PASS m=65 n=1 small=1 wide_path=0 history_expected=1 history_calls=1 history_bytes=12288 history_success=0 history_fail=1 x_calls=4 x_bytes=16640 x_success=0 x_fail=4 kb_calls=0 kb_bytes=0 kb_success=0 kb_fail=0 total=5 injected=5 history_level=0 x_level=1 kb_level=-1 shape_bad=0 x_each_worker_once=1
CASE_PASS m=65 n=1 sve16_entries=0 expected=0 old_entries=0 packed_entries=0 packed_expected=0 wide_entries=0 wide_expected=0 wrapper_entries=0 wrapper_expected=0
ARGUMENTS_PASS m=65 n=1 calls=0 bad=0 expected_panel_stride=520
ALLOC_PASS m=65 n=7 small=1 wide_path=0 history_expected=1 history_calls=1 history_bytes=12288 history_success=0 history_fail=1 x_calls=4 x_bytes=16640 x_success=0 x_fail=4 kb_calls=0 kb_bytes=0 kb_success=0 kb_fail=0 total=5 injected=5 history_level=0 x_level=1 kb_level=-1 shape_bad=0 x_each_worker_once=1
CASE_PASS m=65 n=7 sve16_entries=0 expected=0 old_entries=0 packed_entries=0 packed_expected=0 wide_entries=0 wide_expected=0 wrapper_entries=0 wrapper_expected=0
ARGUMENTS_PASS m=65 n=7 calls=0 bad=0 expected_panel_stride=520
ALLOC_PASS m=65 n=8 small=1 wide_path=0 history_expected=1 history_calls=1 history_bytes=12288 history_success=0 history_fail=1 x_calls=4 x_bytes=16640 x_success=0 x_fail=4 kb_calls=0 kb_bytes=0 kb_success=0 kb_fail=0 total=5 injected=5 history_level=0 x_level=1 kb_level=-1 shape_bad=0 x_each_worker_once=1
CASE_PASS m=65 n=8 sve16_entries=0 expected=0 old_entries=0 packed_entries=0 packed_expected=0 wide_entries=0 wide_expected=0 wrapper_entries=0 wrapper_expected=0
ARGUMENTS_PASS m=65 n=8 calls=0 bad=0 expected_panel_stride=520
ALLOC_PASS m=65 n=9 small=1 wide_path=0 history_expected=1 history_calls=1 history_bytes=12288 history_success=0 history_fail=1 x_calls=4 x_bytes=16640 x_success=0 x_fail=4 kb_calls=0 kb_bytes=0 kb_success=0 kb_fail=0 total=5 injected=5 history_level=0 x_level=1 kb_level=-1 shape_bad=0 x_each_worker_once=1
CASE_PASS m=65 n=9 sve16_entries=0 expected=0 old_entries=0 packed_entries=0 packed_expected=0 wide_entries=0 wide_expected=0 wrapper_entries=0 wrapper_expected=0
ARGUMENTS_PASS m=65 n=9 calls=0 bad=0 expected_panel_stride=520
ALLOC_PASS m=65 n=17 small=1 wide_path=0 history_expected=1 history_calls=1 history_bytes=12288 history_success=0 history_fail=1 x_calls=4 x_bytes=16640 x_success=0 x_fail=4 kb_calls=0 kb_bytes=0 kb_success=0 kb_fail=0 total=5 injected=5 history_level=0 x_level=1 kb_level=-1 shape_bad=0 x_each_worker_once=1
CASE_PASS m=65 n=17 sve16_entries=0 expected=0 old_entries=0 packed_entries=0 packed_expected=0 wide_entries=0 wide_expected=0 wrapper_entries=0 wrapper_expected=0
ARGUMENTS_PASS m=65 n=17 calls=0 bad=0 expected_panel_stride=520
ALLOC_PASS m=255 n=1 small=1 wide_path=0 history_expected=1 history_calls=1 history_bytes=215040 history_success=0 history_fail=1 x_calls=4 x_bytes=65280 x_success=0 x_fail=4 kb_calls=0 kb_bytes=0 kb_success=0 kb_fail=0 total=5 injected=5 history_level=0 x_level=1 kb_level=-1 shape_bad=0 x_each_worker_once=1
CASE_PASS m=255 n=1 sve16_entries=0 expected=0 old_entries=0 packed_entries=0 packed_expected=0 wide_entries=0 wide_expected=0 wrapper_entries=0 wrapper_expected=0
ARGUMENTS_PASS m=255 n=1 calls=0 bad=0 expected_panel_stride=2040
ALLOC_PASS m=255 n=7 small=1 wide_path=0 history_expected=1 history_calls=1 history_bytes=215040 history_success=0 history_fail=1 x_calls=4 x_bytes=65280 x_success=0 x_fail=4 kb_calls=0 kb_bytes=0 kb_success=0 kb_fail=0 total=5 injected=5 history_level=0 x_level=1 kb_level=-1 shape_bad=0 x_each_worker_once=1
CASE_PASS m=255 n=7 sve16_entries=0 expected=0 old_entries=0 packed_entries=0 packed_expected=0 wide_entries=0 wide_expected=0 wrapper_entries=0 wrapper_expected=0
ARGUMENTS_PASS m=255 n=7 calls=0 bad=0 expected_panel_stride=2040
ALLOC_PASS m=255 n=8 small=1 wide_path=0 history_expected=1 history_calls=1 history_bytes=215040 history_success=0 history_fail=1 x_calls=4 x_bytes=65280 x_success=0 x_fail=4 kb_calls=0 kb_bytes=0 kb_success=0 kb_fail=0 total=5 injected=5 history_level=0 x_level=1 kb_level=-1 shape_bad=0 x_each_worker_once=1
CASE_PASS m=255 n=8 sve16_entries=0 expected=0 old_entries=0 packed_entries=0 packed_expected=0 wide_entries=0 wide_expected=0 wrapper_entries=0 wrapper_expected=0
ARGUMENTS_PASS m=255 n=8 calls=0 bad=0 expected_panel_stride=2040
ALLOC_PASS m=255 n=9 small=1 wide_path=0 history_expected=1 history_calls=1 history_bytes=215040 history_success=0 history_fail=1 x_calls=4 x_bytes=65280 x_success=0 x_fail=4 kb_calls=0 kb_bytes=0 kb_success=0 kb_fail=0 total=5 injected=5 history_level=0 x_level=1 kb_level=-1 shape_bad=0 x_each_worker_once=1
CASE_PASS m=255 n=9 sve16_entries=0 expected=0 old_entries=0 packed_entries=0 packed_expected=0 wide_entries=0 wide_expected=0 wrapper_entries=0 wrapper_expected=0
ARGUMENTS_PASS m=255 n=9 calls=0 bad=0 expected_panel_stride=2040
ALLOC_PASS m=255 n=17 small=1 wide_path=0 history_expected=1 history_calls=1 history_bytes=215040 history_success=0 history_fail=1 x_calls=4 x_bytes=65280 x_success=0 x_fail=4 kb_calls=0 kb_bytes=0 kb_success=0 kb_fail=0 total=5 injected=5 history_level=0 x_level=1 kb_level=-1 shape_bad=0 x_each_worker_once=1
CASE_PASS m=255 n=17 sve16_entries=0 expected=0 old_entries=0 packed_entries=0 packed_expected=0 wide_entries=0 wide_expected=0 wrapper_entries=0 wrapper_expected=0
ARGUMENTS_PASS m=255 n=17 calls=0 bad=0 expected_panel_stride=2040
ALLOC_PASS m=256 n=1 small=1 wide_path=0 history_expected=1 history_calls=1 history_bytes=245760 history_success=0 history_fail=1 x_calls=4 x_bytes=65536 x_success=0 x_fail=4 kb_calls=0 kb_bytes=0 kb_success=0 kb_fail=0 total=5 injected=5 history_level=0 x_level=1 kb_level=-1 shape_bad=0 x_each_worker_once=1
CASE_PASS m=256 n=1 sve16_entries=0 expected=0 old_entries=0 packed_entries=0 packed_expected=0 wide_entries=0 wide_expected=0 wrapper_entries=0 wrapper_expected=0
ARGUMENTS_PASS m=256 n=1 calls=0 bad=0 expected_panel_stride=2048
ALLOC_PASS m=256 n=7 small=1 wide_path=0 history_expected=1 history_calls=1 history_bytes=245760 history_success=0 history_fail=1 x_calls=4 x_bytes=65536 x_success=0 x_fail=4 kb_calls=0 kb_bytes=0 kb_success=0 kb_fail=0 total=5 injected=5 history_level=0 x_level=1 kb_level=-1 shape_bad=0 x_each_worker_once=1
CASE_PASS m=256 n=7 sve16_entries=0 expected=0 old_entries=0 packed_entries=0 packed_expected=0 wide_entries=0 wide_expected=0 wrapper_entries=0 wrapper_expected=0
ARGUMENTS_PASS m=256 n=7 calls=0 bad=0 expected_panel_stride=2048
ALLOC_PASS m=256 n=8 small=1 wide_path=0 history_expected=1 history_calls=1 history_bytes=245760 history_success=0 history_fail=1 x_calls=4 x_bytes=65536 x_success=0 x_fail=4 kb_calls=0 kb_bytes=0 kb_success=0 kb_fail=0 total=5 injected=5 history_level=0 x_level=1 kb_level=-1 shape_bad=0 x_each_worker_once=1
CASE_PASS m=256 n=8 sve16_entries=0 expected=0 old_entries=0 packed_entries=0 packed_expected=0 wide_entries=0 wide_expected=0 wrapper_entries=0 wrapper_expected=0
ARGUMENTS_PASS m=256 n=8 calls=0 bad=0 expected_panel_stride=2048
ALLOC_PASS m=256 n=9 small=1 wide_path=0 history_expected=1 history_calls=1 history_bytes=245760 history_success=0 history_fail=1 x_calls=4 x_bytes=65536 x_success=0 x_fail=4 kb_calls=0 kb_bytes=0 kb_success=0 kb_fail=0 total=5 injected=5 history_level=0 x_level=1 kb_level=-1 shape_bad=0 x_each_worker_once=1
CASE_PASS m=256 n=9 sve16_entries=0 expected=0 old_entries=0 packed_entries=0 packed_expected=0 wide_entries=0 wide_expected=0 wrapper_entries=0 wrapper_expected=0
ARGUMENTS_PASS m=256 n=9 calls=0 bad=0 expected_panel_stride=2048
ALLOC_PASS m=256 n=17 small=1 wide_path=0 history_expected=1 history_calls=1 history_bytes=245760 history_success=0 history_fail=1 x_calls=4 x_bytes=65536 x_success=0 x_fail=4 kb_calls=0 kb_bytes=0 kb_success=0 kb_fail=0 total=5 injected=5 history_level=0 x_level=1 kb_level=-1 shape_bad=0 x_each_worker_once=1
CASE_PASS m=256 n=17 sve16_entries=0 expected=0 old_entries=0 packed_entries=0 packed_expected=0 wide_entries=0 wide_expected=0 wrapper_entries=0 wrapper_expected=0
ARGUMENTS_PASS m=256 n=17 calls=0 bad=0 expected_panel_stride=2048
ALLOC_PASS m=257 n=1 small=1 wide_path=0 history_expected=1 history_calls=1 history_bytes=245760 history_success=0 history_fail=1 x_calls=4 x_bytes=65792 x_success=0 x_fail=4 kb_calls=0 kb_bytes=0 kb_success=0 kb_fail=0 total=5 injected=5 history_level=0 x_level=1 kb_level=-1 shape_bad=0 x_each_worker_once=1
CASE_PASS m=257 n=1 sve16_entries=0 expected=0 old_entries=0 packed_entries=0 packed_expected=0 wide_entries=0 wide_expected=0 wrapper_entries=0 wrapper_expected=0
ARGUMENTS_PASS m=257 n=1 calls=0 bad=0 expected_panel_stride=2056
ALLOC_PASS m=257 n=7 small=1 wide_path=0 history_expected=1 history_calls=1 history_bytes=245760 history_success=0 history_fail=1 x_calls=4 x_bytes=65792 x_success=0 x_fail=4 kb_calls=0 kb_bytes=0 kb_success=0 kb_fail=0 total=5 injected=5 history_level=0 x_level=1 kb_level=-1 shape_bad=0 x_each_worker_once=1
CASE_PASS m=257 n=7 sve16_entries=0 expected=0 old_entries=0 packed_entries=0 packed_expected=0 wide_entries=0 wide_expected=0 wrapper_entries=0 wrapper_expected=0
ARGUMENTS_PASS m=257 n=7 calls=0 bad=0 expected_panel_stride=2056
ALLOC_PASS m=257 n=8 small=1 wide_path=0 history_expected=1 history_calls=1 history_bytes=245760 history_success=0 history_fail=1 x_calls=4 x_bytes=65792 x_success=0 x_fail=4 kb_calls=0 kb_bytes=0 kb_success=0 kb_fail=0 total=5 injected=5 history_level=0 x_level=1 kb_level=-1 shape_bad=0 x_each_worker_once=1
CASE_PASS m=257 n=8 sve16_entries=0 expected=0 old_entries=0 packed_entries=0 packed_expected=0 wide_entries=0 wide_expected=0 wrapper_entries=0 wrapper_expected=0
ARGUMENTS_PASS m=257 n=8 calls=0 bad=0 expected_panel_stride=2056
ALLOC_PASS m=257 n=9 small=1 wide_path=0 history_expected=1 history_calls=1 history_bytes=245760 history_success=0 history_fail=1 x_calls=4 x_bytes=65792 x_success=0 x_fail=4 kb_calls=0 kb_bytes=0 kb_success=0 kb_fail=0 total=5 injected=5 history_level=0 x_level=1 kb_level=-1 shape_bad=0 x_each_worker_once=1
CASE_PASS m=257 n=9 sve16_entries=0 expected=0 old_entries=0 packed_entries=0 packed_expected=0 wide_entries=0 wide_expected=0 wrapper_entries=0 wrapper_expected=0
ARGUMENTS_PASS m=257 n=9 calls=0 bad=0 expected_panel_stride=2056
ALLOC_PASS m=257 n=17 small=1 wide_path=0 history_expected=1 history_calls=1 history_bytes=245760 history_success=0 history_fail=1 x_calls=4 x_bytes=65792 x_success=0 x_fail=4 kb_calls=0 kb_bytes=0 kb_success=0 kb_fail=0 total=5 injected=5 history_level=0 x_level=1 kb_level=-1 shape_bad=0 x_each_worker_once=1
CASE_PASS m=257 n=17 sve16_entries=0 expected=0 old_entries=0 packed_entries=0 packed_expected=0 wide_entries=0 wide_expected=0 wrapper_entries=0 wrapper_expected=0
ARGUMENTS_PASS m=257 n=17 calls=0 bad=0 expected_panel_stride=2056
ALLOCATION_SUMMARY_PASS cases=80 budget_cases=0 shared_injection_cases=0
PASS whole_cases=80 noop_cases=4 non_dyadic_long_double_RHS=1 padding_L_unchanged=1 max_error=1.1102230246251565e-16
SOURCE_FEATURES_PASS panel16=1 packedL16=1 has_budget=1 history_budget_bytes=4194304 panel8x16=1
MODE=full THREADS=4 NARROW_VL=1 EXPECT_SVE16=0 EXPECT_PACKEDL16=0
ALLOC_PASS m=1 n=1 small=1 wide_path=0 history_expected=0 history_calls=0 history_bytes=0 history_success=0 history_fail=0 x_calls=4 x_bytes=256 x_success=4 x_fail=0 kb_calls=0 kb_bytes=0 kb_success=0 kb_fail=0 total=4 injected=0 history_level=-1 x_level=1 kb_level=-1 shape_bad=0 x_each_worker_once=1
CASE_PASS m=1 n=1 sve16_entries=0 expected=0 old_entries=0 packed_entries=0 packed_expected=0 wide_entries=0 wide_expected=0 wrapper_entries=0 wrapper_expected=0
ARGUMENTS_PASS m=1 n=1 calls=0 bad=0 expected_panel_stride=8
ALLOC_PASS m=1 n=7 small=1 wide_path=0 history_expected=0 history_calls=0 history_bytes=0 history_success=0 history_fail=0 x_calls=4 x_bytes=256 x_success=4 x_fail=0 kb_calls=0 kb_bytes=0 kb_success=0 kb_fail=0 total=4 injected=0 history_level=-1 x_level=1 kb_level=-1 shape_bad=0 x_each_worker_once=1
CASE_PASS m=1 n=7 sve16_entries=0 expected=0 old_entries=0 packed_entries=0 packed_expected=0 wide_entries=0 wide_expected=0 wrapper_entries=0 wrapper_expected=0
ARGUMENTS_PASS m=1 n=7 calls=0 bad=0 expected_panel_stride=8
ALLOC_PASS m=1 n=8 small=1 wide_path=0 history_expected=0 history_calls=0 history_bytes=0 history_success=0 history_fail=0 x_calls=4 x_bytes=256 x_success=4 x_fail=0 kb_calls=0 kb_bytes=0 kb_success=0 kb_fail=0 total=4 injected=0 history_level=-1 x_level=1 kb_level=-1 shape_bad=0 x_each_worker_once=1
CASE_PASS m=1 n=8 sve16_entries=0 expected=0 old_entries=0 packed_entries=0 packed_expected=0 wide_entries=0 wide_expected=0 wrapper_entries=0 wrapper_expected=0
ARGUMENTS_PASS m=1 n=8 calls=0 bad=0 expected_panel_stride=8
ALLOC_PASS m=1 n=9 small=1 wide_path=0 history_expected=0 history_calls=0 history_bytes=0 history_success=0 history_fail=0 x_calls=4 x_bytes=256 x_success=4 x_fail=0 kb_calls=0 kb_bytes=0 kb_success=0 kb_fail=0 total=4 injected=0 history_level=-1 x_level=1 kb_level=-1 shape_bad=0 x_each_worker_once=1
CASE_PASS m=1 n=9 sve16_entries=0 expected=0 old_entries=0 packed_entries=0 packed_expected=0 wide_entries=0 wide_expected=0 wrapper_entries=0 wrapper_expected=0
ARGUMENTS_PASS m=1 n=9 calls=0 bad=0 expected_panel_stride=8
ALLOC_PASS m=1 n=17 small=1 wide_path=0 history_expected=0 history_calls=0 history_bytes=0 history_success=0 history_fail=0 x_calls=4 x_bytes=256 x_success=4 x_fail=0 kb_calls=0 kb_bytes=0 kb_success=0 kb_fail=0 total=4 injected=0 history_level=-1 x_level=1 kb_level=-1 shape_bad=0 x_each_worker_once=1
CASE_PASS m=1 n=17 sve16_entries=0 expected=0 old_entries=0 packed_entries=0 packed_expected=0 wide_entries=0 wide_expected=0 wrapper_entries=0 wrapper_expected=0
ARGUMENTS_PASS m=1 n=17 calls=0 bad=0 expected_panel_stride=8
ALLOC_PASS m=3 n=1 small=1 wide_path=0 history_expected=0 history_calls=0 history_bytes=0 history_success=0 history_fail=0 x_calls=4 x_bytes=768 x_success=4 x_fail=0 kb_calls=0 kb_bytes=0 kb_success=0 kb_fail=0 total=4 injected=0 history_level=-1 x_level=1 kb_level=-1 shape_bad=0 x_each_worker_once=1
CASE_PASS m=3 n=1 sve16_entries=0 expected=0 old_entries=0 packed_entries=0 packed_expected=0 wide_entries=0 wide_expected=0 wrapper_entries=0 wrapper_expected=0
ARGUMENTS_PASS m=3 n=1 calls=0 bad=0 expected_panel_stride=24
ALLOC_PASS m=3 n=7 small=1 wide_path=0 history_expected=0 history_calls=0 history_bytes=0 history_success=0 history_fail=0 x_calls=4 x_bytes=768 x_success=4 x_fail=0 kb_calls=0 kb_bytes=0 kb_success=0 kb_fail=0 total=4 injected=0 history_level=-1 x_level=1 kb_level=-1 shape_bad=0 x_each_worker_once=1
CASE_PASS m=3 n=7 sve16_entries=0 expected=0 old_entries=0 packed_entries=0 packed_expected=0 wide_entries=0 wide_expected=0 wrapper_entries=0 wrapper_expected=0
ARGUMENTS_PASS m=3 n=7 calls=0 bad=0 expected_panel_stride=24
ALLOC_PASS m=3 n=8 small=1 wide_path=0 history_expected=0 history_calls=0 history_bytes=0 history_success=0 history_fail=0 x_calls=4 x_bytes=768 x_success=4 x_fail=0 kb_calls=0 kb_bytes=0 kb_success=0 kb_fail=0 total=4 injected=0 history_level=-1 x_level=1 kb_level=-1 shape_bad=0 x_each_worker_once=1
CASE_PASS m=3 n=8 sve16_entries=0 expected=0 old_entries=0 packed_entries=0 packed_expected=0 wide_entries=0 wide_expected=0 wrapper_entries=0 wrapper_expected=0
ARGUMENTS_PASS m=3 n=8 calls=0 bad=0 expected_panel_stride=24
ALLOC_PASS m=3 n=9 small=1 wide_path=0 history_expected=0 history_calls=0 history_bytes=0 history_success=0 history_fail=0 x_calls=4 x_bytes=768 x_success=4 x_fail=0 kb_calls=0 kb_bytes=0 kb_success=0 kb_fail=0 total=4 injected=0 history_level=-1 x_level=1 kb_level=-1 shape_bad=0 x_each_worker_once=1
CASE_PASS m=3 n=9 sve16_entries=0 expected=0 old_entries=0 packed_entries=0 packed_expected=0 wide_entries=0 wide_expected=0 wrapper_entries=0 wrapper_expected=0
ARGUMENTS_PASS m=3 n=9 calls=0 bad=0 expected_panel_stride=24
ALLOC_PASS m=3 n=17 small=1 wide_path=0 history_expected=0 history_calls=0 history_bytes=0 history_success=0 history_fail=0 x_calls=4 x_bytes=768 x_success=4 x_fail=0 kb_calls=0 kb_bytes=0 kb_success=0 kb_fail=0 total=4 injected=0 history_level=-1 x_level=1 kb_level=-1 shape_bad=0 x_each_worker_once=1
CASE_PASS m=3 n=17 sve16_entries=0 expected=0 old_entries=0 packed_entries=0 packed_expected=0 wide_entries=0 wide_expected=0 wrapper_entries=0 wrapper_expected=0
ARGUMENTS_PASS m=3 n=17 calls=0 bad=0 expected_panel_stride=24
ALLOC_PASS m=4 n=1 small=1 wide_path=0 history_expected=0 history_calls=0 history_bytes=0 history_success=0 history_fail=0 x_calls=4 x_bytes=1024 x_success=4 x_fail=0 kb_calls=0 kb_bytes=0 kb_success=0 kb_fail=0 total=4 injected=0 history_level=-1 x_level=1 kb_level=-1 shape_bad=0 x_each_worker_once=1
CASE_PASS m=4 n=1 sve16_entries=0 expected=0 old_entries=0 packed_entries=0 packed_expected=0 wide_entries=0 wide_expected=0 wrapper_entries=0 wrapper_expected=0
ARGUMENTS_PASS m=4 n=1 calls=0 bad=0 expected_panel_stride=32
ALLOC_PASS m=4 n=7 small=1 wide_path=0 history_expected=0 history_calls=0 history_bytes=0 history_success=0 history_fail=0 x_calls=4 x_bytes=1024 x_success=4 x_fail=0 kb_calls=0 kb_bytes=0 kb_success=0 kb_fail=0 total=4 injected=0 history_level=-1 x_level=1 kb_level=-1 shape_bad=0 x_each_worker_once=1
CASE_PASS m=4 n=7 sve16_entries=0 expected=0 old_entries=0 packed_entries=0 packed_expected=0 wide_entries=0 wide_expected=0 wrapper_entries=0 wrapper_expected=0
ARGUMENTS_PASS m=4 n=7 calls=0 bad=0 expected_panel_stride=32
ALLOC_PASS m=4 n=8 small=1 wide_path=0 history_expected=0 history_calls=0 history_bytes=0 history_success=0 history_fail=0 x_calls=4 x_bytes=1024 x_success=4 x_fail=0 kb_calls=0 kb_bytes=0 kb_success=0 kb_fail=0 total=4 injected=0 history_level=-1 x_level=1 kb_level=-1 shape_bad=0 x_each_worker_once=1
CASE_PASS m=4 n=8 sve16_entries=0 expected=0 old_entries=0 packed_entries=0 packed_expected=0 wide_entries=0 wide_expected=0 wrapper_entries=0 wrapper_expected=0
ARGUMENTS_PASS m=4 n=8 calls=0 bad=0 expected_panel_stride=32
ALLOC_PASS m=4 n=9 small=1 wide_path=0 history_expected=0 history_calls=0 history_bytes=0 history_success=0 history_fail=0 x_calls=4 x_bytes=1024 x_success=4 x_fail=0 kb_calls=0 kb_bytes=0 kb_success=0 kb_fail=0 total=4 injected=0 history_level=-1 x_level=1 kb_level=-1 shape_bad=0 x_each_worker_once=1
CASE_PASS m=4 n=9 sve16_entries=0 expected=0 old_entries=0 packed_entries=0 packed_expected=0 wide_entries=0 wide_expected=0 wrapper_entries=0 wrapper_expected=0
ARGUMENTS_PASS m=4 n=9 calls=0 bad=0 expected_panel_stride=32
ALLOC_PASS m=4 n=17 small=1 wide_path=0 history_expected=0 history_calls=0 history_bytes=0 history_success=0 history_fail=0 x_calls=4 x_bytes=1024 x_success=4 x_fail=0 kb_calls=0 kb_bytes=0 kb_success=0 kb_fail=0 total=4 injected=0 history_level=-1 x_level=1 kb_level=-1 shape_bad=0 x_each_worker_once=1
CASE_PASS m=4 n=17 sve16_entries=0 expected=0 old_entries=0 packed_entries=0 packed_expected=0 wide_entries=0 wide_expected=0 wrapper_entries=0 wrapper_expected=0
ARGUMENTS_PASS m=4 n=17 calls=0 bad=0 expected_panel_stride=32
ALLOC_PASS m=5 n=1 small=1 wide_path=0 history_expected=0 history_calls=0 history_bytes=0 history_success=0 history_fail=0 x_calls=4 x_bytes=1280 x_success=4 x_fail=0 kb_calls=0 kb_bytes=0 kb_success=0 kb_fail=0 total=4 injected=0 history_level=-1 x_level=1 kb_level=-1 shape_bad=0 x_each_worker_once=1
CASE_PASS m=5 n=1 sve16_entries=0 expected=0 old_entries=0 packed_entries=0 packed_expected=0 wide_entries=0 wide_expected=0 wrapper_entries=0 wrapper_expected=0
ARGUMENTS_PASS m=5 n=1 calls=0 bad=0 expected_panel_stride=40
ALLOC_PASS m=5 n=7 small=1 wide_path=0 history_expected=0 history_calls=0 history_bytes=0 history_success=0 history_fail=0 x_calls=4 x_bytes=1280 x_success=4 x_fail=0 kb_calls=0 kb_bytes=0 kb_success=0 kb_fail=0 total=4 injected=0 history_level=-1 x_level=1 kb_level=-1 shape_bad=0 x_each_worker_once=1
CASE_PASS m=5 n=7 sve16_entries=0 expected=0 old_entries=0 packed_entries=0 packed_expected=0 wide_entries=0 wide_expected=0 wrapper_entries=0 wrapper_expected=0
ARGUMENTS_PASS m=5 n=7 calls=0 bad=0 expected_panel_stride=40
ALLOC_PASS m=5 n=8 small=1 wide_path=0 history_expected=0 history_calls=0 history_bytes=0 history_success=0 history_fail=0 x_calls=4 x_bytes=1280 x_success=4 x_fail=0 kb_calls=0 kb_bytes=0 kb_success=0 kb_fail=0 total=4 injected=0 history_level=-1 x_level=1 kb_level=-1 shape_bad=0 x_each_worker_once=1
CASE_PASS m=5 n=8 sve16_entries=0 expected=0 old_entries=0 packed_entries=0 packed_expected=0 wide_entries=0 wide_expected=0 wrapper_entries=0 wrapper_expected=0
ARGUMENTS_PASS m=5 n=8 calls=0 bad=0 expected_panel_stride=40
ALLOC_PASS m=5 n=9 small=1 wide_path=0 history_expected=0 history_calls=0 history_bytes=0 history_success=0 history_fail=0 x_calls=4 x_bytes=1280 x_success=4 x_fail=0 kb_calls=0 kb_bytes=0 kb_success=0 kb_fail=0 total=4 injected=0 history_level=-1 x_level=1 kb_level=-1 shape_bad=0 x_each_worker_once=1
CASE_PASS m=5 n=9 sve16_entries=0 expected=0 old_entries=0 packed_entries=0 packed_expected=0 wide_entries=0 wide_expected=0 wrapper_entries=0 wrapper_expected=0
ARGUMENTS_PASS m=5 n=9 calls=0 bad=0 expected_panel_stride=40
ALLOC_PASS m=5 n=17 small=1 wide_path=0 history_expected=0 history_calls=0 history_bytes=0 history_success=0 history_fail=0 x_calls=4 x_bytes=1280 x_success=4 x_fail=0 kb_calls=0 kb_bytes=0 kb_success=0 kb_fail=0 total=4 injected=0 history_level=-1 x_level=1 kb_level=-1 shape_bad=0 x_each_worker_once=1
CASE_PASS m=5 n=17 sve16_entries=0 expected=0 old_entries=0 packed_entries=0 packed_expected=0 wide_entries=0 wide_expected=0 wrapper_entries=0 wrapper_expected=0
ARGUMENTS_PASS m=5 n=17 calls=0 bad=0 expected_panel_stride=40
ALLOC_PASS m=15 n=1 small=1 wide_path=0 history_expected=0 history_calls=0 history_bytes=0 history_success=0 history_fail=0 x_calls=4 x_bytes=3840 x_success=4 x_fail=0 kb_calls=0 kb_bytes=0 kb_success=0 kb_fail=0 total=4 injected=0 history_level=-1 x_level=1 kb_level=-1 shape_bad=0 x_each_worker_once=1
CASE_PASS m=15 n=1 sve16_entries=0 expected=0 old_entries=0 packed_entries=0 packed_expected=0 wide_entries=0 wide_expected=0 wrapper_entries=0 wrapper_expected=0
ARGUMENTS_PASS m=15 n=1 calls=0 bad=0 expected_panel_stride=120
ALLOC_PASS m=15 n=7 small=1 wide_path=0 history_expected=0 history_calls=0 history_bytes=0 history_success=0 history_fail=0 x_calls=4 x_bytes=3840 x_success=4 x_fail=0 kb_calls=0 kb_bytes=0 kb_success=0 kb_fail=0 total=4 injected=0 history_level=-1 x_level=1 kb_level=-1 shape_bad=0 x_each_worker_once=1
CASE_PASS m=15 n=7 sve16_entries=0 expected=0 old_entries=0 packed_entries=0 packed_expected=0 wide_entries=0 wide_expected=0 wrapper_entries=0 wrapper_expected=0
ARGUMENTS_PASS m=15 n=7 calls=0 bad=0 expected_panel_stride=120
ALLOC_PASS m=15 n=8 small=1 wide_path=0 history_expected=0 history_calls=0 history_bytes=0 history_success=0 history_fail=0 x_calls=4 x_bytes=3840 x_success=4 x_fail=0 kb_calls=0 kb_bytes=0 kb_success=0 kb_fail=0 total=4 injected=0 history_level=-1 x_level=1 kb_level=-1 shape_bad=0 x_each_worker_once=1
CASE_PASS m=15 n=8 sve16_entries=0 expected=0 old_entries=0 packed_entries=0 packed_expected=0 wide_entries=0 wide_expected=0 wrapper_entries=0 wrapper_expected=0
ARGUMENTS_PASS m=15 n=8 calls=0 bad=0 expected_panel_stride=120
ALLOC_PASS m=15 n=9 small=1 wide_path=0 history_expected=0 history_calls=0 history_bytes=0 history_success=0 history_fail=0 x_calls=4 x_bytes=3840 x_success=4 x_fail=0 kb_calls=0 kb_bytes=0 kb_success=0 kb_fail=0 total=4 injected=0 history_level=-1 x_level=1 kb_level=-1 shape_bad=0 x_each_worker_once=1
CASE_PASS m=15 n=9 sve16_entries=0 expected=0 old_entries=0 packed_entries=0 packed_expected=0 wide_entries=0 wide_expected=0 wrapper_entries=0 wrapper_expected=0
ARGUMENTS_PASS m=15 n=9 calls=0 bad=0 expected_panel_stride=120
ALLOC_PASS m=15 n=17 small=1 wide_path=0 history_expected=0 history_calls=0 history_bytes=0 history_success=0 history_fail=0 x_calls=4 x_bytes=3840 x_success=4 x_fail=0 kb_calls=0 kb_bytes=0 kb_success=0 kb_fail=0 total=4 injected=0 history_level=-1 x_level=1 kb_level=-1 shape_bad=0 x_each_worker_once=1
CASE_PASS m=15 n=17 sve16_entries=0 expected=0 old_entries=0 packed_entries=0 packed_expected=0 wide_entries=0 wide_expected=0 wrapper_entries=0 wrapper_expected=0
ARGUMENTS_PASS m=15 n=17 calls=0 bad=0 expected_panel_stride=120
ALLOC_PASS m=16 n=1 small=1 wide_path=0 history_expected=0 history_calls=0 history_bytes=0 history_success=0 history_fail=0 x_calls=4 x_bytes=4096 x_success=4 x_fail=0 kb_calls=0 kb_bytes=0 kb_success=0 kb_fail=0 total=4 injected=0 history_level=-1 x_level=1 kb_level=-1 shape_bad=0 x_each_worker_once=1
CASE_PASS m=16 n=1 sve16_entries=0 expected=0 old_entries=0 packed_entries=0 packed_expected=0 wide_entries=0 wide_expected=0 wrapper_entries=0 wrapper_expected=0
ARGUMENTS_PASS m=16 n=1 calls=0 bad=0 expected_panel_stride=128
ALLOC_PASS m=16 n=7 small=1 wide_path=0 history_expected=0 history_calls=0 history_bytes=0 history_success=0 history_fail=0 x_calls=4 x_bytes=4096 x_success=4 x_fail=0 kb_calls=0 kb_bytes=0 kb_success=0 kb_fail=0 total=4 injected=0 history_level=-1 x_level=1 kb_level=-1 shape_bad=0 x_each_worker_once=1
CASE_PASS m=16 n=7 sve16_entries=0 expected=0 old_entries=0 packed_entries=0 packed_expected=0 wide_entries=0 wide_expected=0 wrapper_entries=0 wrapper_expected=0
ARGUMENTS_PASS m=16 n=7 calls=0 bad=0 expected_panel_stride=128
ALLOC_PASS m=16 n=8 small=1 wide_path=0 history_expected=0 history_calls=0 history_bytes=0 history_success=0 history_fail=0 x_calls=4 x_bytes=4096 x_success=4 x_fail=0 kb_calls=0 kb_bytes=0 kb_success=0 kb_fail=0 total=4 injected=0 history_level=-1 x_level=1 kb_level=-1 shape_bad=0 x_each_worker_once=1
CASE_PASS m=16 n=8 sve16_entries=0 expected=0 old_entries=0 packed_entries=0 packed_expected=0 wide_entries=0 wide_expected=0 wrapper_entries=0 wrapper_expected=0
ARGUMENTS_PASS m=16 n=8 calls=0 bad=0 expected_panel_stride=128
ALLOC_PASS m=16 n=9 small=1 wide_path=0 history_expected=0 history_calls=0 history_bytes=0 history_success=0 history_fail=0 x_calls=4 x_bytes=4096 x_success=4 x_fail=0 kb_calls=0 kb_bytes=0 kb_success=0 kb_fail=0 total=4 injected=0 history_level=-1 x_level=1 kb_level=-1 shape_bad=0 x_each_worker_once=1
CASE_PASS m=16 n=9 sve16_entries=0 expected=0 old_entries=0 packed_entries=0 packed_expected=0 wide_entries=0 wide_expected=0 wrapper_entries=0 wrapper_expected=0
ARGUMENTS_PASS m=16 n=9 calls=0 bad=0 expected_panel_stride=128
ALLOC_PASS m=16 n=17 small=1 wide_path=0 history_expected=0 history_calls=0 history_bytes=0 history_success=0 history_fail=0 x_calls=4 x_bytes=4096 x_success=4 x_fail=0 kb_calls=0 kb_bytes=0 kb_success=0 kb_fail=0 total=4 injected=0 history_level=-1 x_level=1 kb_level=-1 shape_bad=0 x_each_worker_once=1
CASE_PASS m=16 n=17 sve16_entries=0 expected=0 old_entries=0 packed_entries=0 packed_expected=0 wide_entries=0 wide_expected=0 wrapper_entries=0 wrapper_expected=0
ARGUMENTS_PASS m=16 n=17 calls=0 bad=0 expected_panel_stride=128
ALLOC_PASS m=17 n=1 small=1 wide_path=0 history_expected=0 history_calls=0 history_bytes=0 history_success=0 history_fail=0 x_calls=4 x_bytes=4352 x_success=4 x_fail=0 kb_calls=0 kb_bytes=0 kb_success=0 kb_fail=0 total=4 injected=0 history_level=-1 x_level=1 kb_level=-1 shape_bad=0 x_each_worker_once=1
CASE_PASS m=17 n=1 sve16_entries=0 expected=0 old_entries=0 packed_entries=0 packed_expected=0 wide_entries=0 wide_expected=0 wrapper_entries=0 wrapper_expected=0
ARGUMENTS_PASS m=17 n=1 calls=0 bad=0 expected_panel_stride=136
ALLOC_PASS m=17 n=7 small=1 wide_path=0 history_expected=0 history_calls=0 history_bytes=0 history_success=0 history_fail=0 x_calls=4 x_bytes=4352 x_success=4 x_fail=0 kb_calls=0 kb_bytes=0 kb_success=0 kb_fail=0 total=4 injected=0 history_level=-1 x_level=1 kb_level=-1 shape_bad=0 x_each_worker_once=1
CASE_PASS m=17 n=7 sve16_entries=0 expected=0 old_entries=0 packed_entries=0 packed_expected=0 wide_entries=0 wide_expected=0 wrapper_entries=0 wrapper_expected=0
ARGUMENTS_PASS m=17 n=7 calls=0 bad=0 expected_panel_stride=136
ALLOC_PASS m=17 n=8 small=1 wide_path=0 history_expected=0 history_calls=0 history_bytes=0 history_success=0 history_fail=0 x_calls=4 x_bytes=4352 x_success=4 x_fail=0 kb_calls=0 kb_bytes=0 kb_success=0 kb_fail=0 total=4 injected=0 history_level=-1 x_level=1 kb_level=-1 shape_bad=0 x_each_worker_once=1
CASE_PASS m=17 n=8 sve16_entries=0 expected=0 old_entries=0 packed_entries=0 packed_expected=0 wide_entries=0 wide_expected=0 wrapper_entries=0 wrapper_expected=0
ARGUMENTS_PASS m=17 n=8 calls=0 bad=0 expected_panel_stride=136
ALLOC_PASS m=17 n=9 small=1 wide_path=0 history_expected=0 history_calls=0 history_bytes=0 history_success=0 history_fail=0 x_calls=4 x_bytes=4352 x_success=4 x_fail=0 kb_calls=0 kb_bytes=0 kb_success=0 kb_fail=0 total=4 injected=0 history_level=-1 x_level=1 kb_level=-1 shape_bad=0 x_each_worker_once=1
CASE_PASS m=17 n=9 sve16_entries=0 expected=0 old_entries=0 packed_entries=0 packed_expected=0 wide_entries=0 wide_expected=0 wrapper_entries=0 wrapper_expected=0
ARGUMENTS_PASS m=17 n=9 calls=0 bad=0 expected_panel_stride=136
ALLOC_PASS m=17 n=17 small=1 wide_path=0 history_expected=0 history_calls=0 history_bytes=0 history_success=0 history_fail=0 x_calls=4 x_bytes=4352 x_success=4 x_fail=0 kb_calls=0 kb_bytes=0 kb_success=0 kb_fail=0 total=4 injected=0 history_level=-1 x_level=1 kb_level=-1 shape_bad=0 x_each_worker_once=1
CASE_PASS m=17 n=17 sve16_entries=0 expected=0 old_entries=0 packed_entries=0 packed_expected=0 wide_entries=0 wide_expected=0 wrapper_entries=0 wrapper_expected=0
ARGUMENTS_PASS m=17 n=17 calls=0 bad=0 expected_panel_stride=136
ALLOC_PASS m=31 n=1 small=1 wide_path=0 history_expected=0 history_calls=0 history_bytes=0 history_success=0 history_fail=0 x_calls=4 x_bytes=7936 x_success=4 x_fail=0 kb_calls=0 kb_bytes=0 kb_success=0 kb_fail=0 total=4 injected=0 history_level=-1 x_level=1 kb_level=-1 shape_bad=0 x_each_worker_once=1
CASE_PASS m=31 n=1 sve16_entries=0 expected=0 old_entries=0 packed_entries=0 packed_expected=0 wide_entries=0 wide_expected=0 wrapper_entries=0 wrapper_expected=0
ARGUMENTS_PASS m=31 n=1 calls=0 bad=0 expected_panel_stride=248
ALLOC_PASS m=31 n=7 small=1 wide_path=0 history_expected=0 history_calls=0 history_bytes=0 history_success=0 history_fail=0 x_calls=4 x_bytes=7936 x_success=4 x_fail=0 kb_calls=0 kb_bytes=0 kb_success=0 kb_fail=0 total=4 injected=0 history_level=-1 x_level=1 kb_level=-1 shape_bad=0 x_each_worker_once=1
CASE_PASS m=31 n=7 sve16_entries=0 expected=0 old_entries=0 packed_entries=0 packed_expected=0 wide_entries=0 wide_expected=0 wrapper_entries=0 wrapper_expected=0
ARGUMENTS_PASS m=31 n=7 calls=0 bad=0 expected_panel_stride=248
ALLOC_PASS m=31 n=8 small=1 wide_path=0 history_expected=0 history_calls=0 history_bytes=0 history_success=0 history_fail=0 x_calls=4 x_bytes=7936 x_success=4 x_fail=0 kb_calls=0 kb_bytes=0 kb_success=0 kb_fail=0 total=4 injected=0 history_level=-1 x_level=1 kb_level=-1 shape_bad=0 x_each_worker_once=1
CASE_PASS m=31 n=8 sve16_entries=0 expected=0 old_entries=0 packed_entries=0 packed_expected=0 wide_entries=0 wide_expected=0 wrapper_entries=0 wrapper_expected=0
ARGUMENTS_PASS m=31 n=8 calls=0 bad=0 expected_panel_stride=248
ALLOC_PASS m=31 n=9 small=1 wide_path=0 history_expected=0 history_calls=0 history_bytes=0 history_success=0 history_fail=0 x_calls=4 x_bytes=7936 x_success=4 x_fail=0 kb_calls=0 kb_bytes=0 kb_success=0 kb_fail=0 total=4 injected=0 history_level=-1 x_level=1 kb_level=-1 shape_bad=0 x_each_worker_once=1
CASE_PASS m=31 n=9 sve16_entries=0 expected=0 old_entries=0 packed_entries=0 packed_expected=0 wide_entries=0 wide_expected=0 wrapper_entries=0 wrapper_expected=0
ARGUMENTS_PASS m=31 n=9 calls=0 bad=0 expected_panel_stride=248
ALLOC_PASS m=31 n=17 small=1 wide_path=0 history_expected=0 history_calls=0 history_bytes=0 history_success=0 history_fail=0 x_calls=4 x_bytes=7936 x_success=4 x_fail=0 kb_calls=0 kb_bytes=0 kb_success=0 kb_fail=0 total=4 injected=0 history_level=-1 x_level=1 kb_level=-1 shape_bad=0 x_each_worker_once=1
CASE_PASS m=31 n=17 sve16_entries=0 expected=0 old_entries=0 packed_entries=0 packed_expected=0 wide_entries=0 wide_expected=0 wrapper_entries=0 wrapper_expected=0
ARGUMENTS_PASS m=31 n=17 calls=0 bad=0 expected_panel_stride=248
ALLOC_PASS m=32 n=1 small=1 wide_path=0 history_expected=1 history_calls=1 history_bytes=2048 history_success=1 history_fail=0 x_calls=4 x_bytes=8192 x_success=4 x_fail=0 kb_calls=0 kb_bytes=0 kb_success=0 kb_fail=0 total=5 injected=0 history_level=0 x_level=1 kb_level=-1 shape_bad=0 x_each_worker_once=1
CASE_PASS m=32 n=1 sve16_entries=0 expected=0 old_entries=0 packed_entries=0 packed_expected=0 wide_entries=0 wide_expected=0 wrapper_entries=0 wrapper_expected=0
ARGUMENTS_PASS m=32 n=1 calls=0 bad=0 expected_panel_stride=256
ALLOC_PASS m=32 n=7 small=1 wide_path=0 history_expected=1 history_calls=1 history_bytes=2048 history_success=1 history_fail=0 x_calls=4 x_bytes=8192 x_success=4 x_fail=0 kb_calls=0 kb_bytes=0 kb_success=0 kb_fail=0 total=5 injected=0 history_level=0 x_level=1 kb_level=-1 shape_bad=0 x_each_worker_once=1
CASE_PASS m=32 n=7 sve16_entries=0 expected=0 old_entries=0 packed_entries=0 packed_expected=0 wide_entries=0 wide_expected=0 wrapper_entries=0 wrapper_expected=0
ARGUMENTS_PASS m=32 n=7 calls=0 bad=0 expected_panel_stride=256
ALLOC_PASS m=32 n=8 small=1 wide_path=0 history_expected=1 history_calls=1 history_bytes=2048 history_success=1 history_fail=0 x_calls=4 x_bytes=8192 x_success=4 x_fail=0 kb_calls=0 kb_bytes=0 kb_success=0 kb_fail=0 total=5 injected=0 history_level=0 x_level=1 kb_level=-1 shape_bad=0 x_each_worker_once=1
CASE_PASS m=32 n=8 sve16_entries=0 expected=0 old_entries=0 packed_entries=0 packed_expected=0 wide_entries=0 wide_expected=0 wrapper_entries=0 wrapper_expected=0
ARGUMENTS_PASS m=32 n=8 calls=0 bad=0 expected_panel_stride=256
ALLOC_PASS m=32 n=9 small=1 wide_path=0 history_expected=1 history_calls=1 history_bytes=2048 history_success=1 history_fail=0 x_calls=4 x_bytes=8192 x_success=4 x_fail=0 kb_calls=0 kb_bytes=0 kb_success=0 kb_fail=0 total=5 injected=0 history_level=0 x_level=1 kb_level=-1 shape_bad=0 x_each_worker_once=1
CASE_PASS m=32 n=9 sve16_entries=0 expected=0 old_entries=0 packed_entries=0 packed_expected=0 wide_entries=0 wide_expected=0 wrapper_entries=0 wrapper_expected=0
ARGUMENTS_PASS m=32 n=9 calls=0 bad=0 expected_panel_stride=256
ALLOC_PASS m=32 n=17 small=1 wide_path=0 history_expected=1 history_calls=1 history_bytes=2048 history_success=1 history_fail=0 x_calls=4 x_bytes=8192 x_success=4 x_fail=0 kb_calls=0 kb_bytes=0 kb_success=0 kb_fail=0 total=5 injected=0 history_level=0 x_level=1 kb_level=-1 shape_bad=0 x_each_worker_once=1
CASE_PASS m=32 n=17 sve16_entries=0 expected=0 old_entries=0 packed_entries=0 packed_expected=0 wide_entries=0 wide_expected=0 wrapper_entries=0 wrapper_expected=0
ARGUMENTS_PASS m=32 n=17 calls=0 bad=0 expected_panel_stride=256
ALLOC_PASS m=33 n=1 small=1 wide_path=0 history_expected=1 history_calls=1 history_bytes=2048 history_success=1 history_fail=0 x_calls=4 x_bytes=8448 x_success=4 x_fail=0 kb_calls=0 kb_bytes=0 kb_success=0 kb_fail=0 total=5 injected=0 history_level=0 x_level=1 kb_level=-1 shape_bad=0 x_each_worker_once=1
CASE_PASS m=33 n=1 sve16_entries=0 expected=0 old_entries=0 packed_entries=0 packed_expected=0 wide_entries=0 wide_expected=0 wrapper_entries=0 wrapper_expected=0
ARGUMENTS_PASS m=33 n=1 calls=0 bad=0 expected_panel_stride=264
ALLOC_PASS m=33 n=7 small=1 wide_path=0 history_expected=1 history_calls=1 history_bytes=2048 history_success=1 history_fail=0 x_calls=4 x_bytes=8448 x_success=4 x_fail=0 kb_calls=0 kb_bytes=0 kb_success=0 kb_fail=0 total=5 injected=0 history_level=0 x_level=1 kb_level=-1 shape_bad=0 x_each_worker_once=1
CASE_PASS m=33 n=7 sve16_entries=0 expected=0 old_entries=0 packed_entries=0 packed_expected=0 wide_entries=0 wide_expected=0 wrapper_entries=0 wrapper_expected=0
ARGUMENTS_PASS m=33 n=7 calls=0 bad=0 expected_panel_stride=264
ALLOC_PASS m=33 n=8 small=1 wide_path=0 history_expected=1 history_calls=1 history_bytes=2048 history_success=1 history_fail=0 x_calls=4 x_bytes=8448 x_success=4 x_fail=0 kb_calls=0 kb_bytes=0 kb_success=0 kb_fail=0 total=5 injected=0 history_level=0 x_level=1 kb_level=-1 shape_bad=0 x_each_worker_once=1
CASE_PASS m=33 n=8 sve16_entries=0 expected=0 old_entries=0 packed_entries=0 packed_expected=0 wide_entries=0 wide_expected=0 wrapper_entries=0 wrapper_expected=0
ARGUMENTS_PASS m=33 n=8 calls=0 bad=0 expected_panel_stride=264
ALLOC_PASS m=33 n=9 small=1 wide_path=0 history_expected=1 history_calls=1 history_bytes=2048 history_success=1 history_fail=0 x_calls=4 x_bytes=8448 x_success=4 x_fail=0 kb_calls=0 kb_bytes=0 kb_success=0 kb_fail=0 total=5 injected=0 history_level=0 x_level=1 kb_level=-1 shape_bad=0 x_each_worker_once=1
CASE_PASS m=33 n=9 sve16_entries=0 expected=0 old_entries=0 packed_entries=0 packed_expected=0 wide_entries=0 wide_expected=0 wrapper_entries=0 wrapper_expected=0
ARGUMENTS_PASS m=33 n=9 calls=0 bad=0 expected_panel_stride=264
ALLOC_PASS m=33 n=17 small=1 wide_path=0 history_expected=1 history_calls=1 history_bytes=2048 history_success=1 history_fail=0 x_calls=4 x_bytes=8448 x_success=4 x_fail=0 kb_calls=0 kb_bytes=0 kb_success=0 kb_fail=0 total=5 injected=0 history_level=0 x_level=1 kb_level=-1 shape_bad=0 x_each_worker_once=1
CASE_PASS m=33 n=17 sve16_entries=0 expected=0 old_entries=0 packed_entries=0 packed_expected=0 wide_entries=0 wide_expected=0 wrapper_entries=0 wrapper_expected=0
ARGUMENTS_PASS m=33 n=17 calls=0 bad=0 expected_panel_stride=264
ALLOC_PASS m=63 n=1 small=1 wide_path=0 history_expected=1 history_calls=1 history_bytes=6144 history_success=1 history_fail=0 x_calls=4 x_bytes=16128 x_success=4 x_fail=0 kb_calls=0 kb_bytes=0 kb_success=0 kb_fail=0 total=5 injected=0 history_level=0 x_level=1 kb_level=-1 shape_bad=0 x_each_worker_once=1
CASE_PASS m=63 n=1 sve16_entries=0 expected=0 old_entries=0 packed_entries=0 packed_expected=0 wide_entries=0 wide_expected=0 wrapper_entries=0 wrapper_expected=0
ARGUMENTS_PASS m=63 n=1 calls=0 bad=0 expected_panel_stride=504
ALLOC_PASS m=63 n=7 small=1 wide_path=0 history_expected=1 history_calls=1 history_bytes=6144 history_success=1 history_fail=0 x_calls=4 x_bytes=16128 x_success=4 x_fail=0 kb_calls=0 kb_bytes=0 kb_success=0 kb_fail=0 total=5 injected=0 history_level=0 x_level=1 kb_level=-1 shape_bad=0 x_each_worker_once=1
CASE_PASS m=63 n=7 sve16_entries=0 expected=0 old_entries=0 packed_entries=0 packed_expected=0 wide_entries=0 wide_expected=0 wrapper_entries=0 wrapper_expected=0
ARGUMENTS_PASS m=63 n=7 calls=0 bad=0 expected_panel_stride=504
ALLOC_PASS m=63 n=8 small=1 wide_path=0 history_expected=1 history_calls=1 history_bytes=6144 history_success=1 history_fail=0 x_calls=4 x_bytes=16128 x_success=4 x_fail=0 kb_calls=0 kb_bytes=0 kb_success=0 kb_fail=0 total=5 injected=0 history_level=0 x_level=1 kb_level=-1 shape_bad=0 x_each_worker_once=1
CASE_PASS m=63 n=8 sve16_entries=0 expected=0 old_entries=0 packed_entries=0 packed_expected=0 wide_entries=0 wide_expected=0 wrapper_entries=0 wrapper_expected=0
ARGUMENTS_PASS m=63 n=8 calls=0 bad=0 expected_panel_stride=504
ALLOC_PASS m=63 n=9 small=1 wide_path=0 history_expected=1 history_calls=1 history_bytes=6144 history_success=1 history_fail=0 x_calls=4 x_bytes=16128 x_success=4 x_fail=0 kb_calls=0 kb_bytes=0 kb_success=0 kb_fail=0 total=5 injected=0 history_level=0 x_level=1 kb_level=-1 shape_bad=0 x_each_worker_once=1
CASE_PASS m=63 n=9 sve16_entries=0 expected=0 old_entries=0 packed_entries=0 packed_expected=0 wide_entries=0 wide_expected=0 wrapper_entries=0 wrapper_expected=0
ARGUMENTS_PASS m=63 n=9 calls=0 bad=0 expected_panel_stride=504
ALLOC_PASS m=63 n=17 small=1 wide_path=0 history_expected=1 history_calls=1 history_bytes=6144 history_success=1 history_fail=0 x_calls=4 x_bytes=16128 x_success=4 x_fail=0 kb_calls=0 kb_bytes=0 kb_success=0 kb_fail=0 total=5 injected=0 history_level=0 x_level=1 kb_level=-1 shape_bad=0 x_each_worker_once=1
CASE_PASS m=63 n=17 sve16_entries=0 expected=0 old_entries=0 packed_entries=0 packed_expected=0 wide_entries=0 wide_expected=0 wrapper_entries=0 wrapper_expected=0
ARGUMENTS_PASS m=63 n=17 calls=0 bad=0 expected_panel_stride=504
ALLOC_PASS m=64 n=1 small=1 wide_path=0 history_expected=1 history_calls=1 history_bytes=12288 history_success=1 history_fail=0 x_calls=4 x_bytes=16384 x_success=4 x_fail=0 kb_calls=0 kb_bytes=0 kb_success=0 kb_fail=0 total=5 injected=0 history_level=0 x_level=1 kb_level=-1 shape_bad=0 x_each_worker_once=1
CASE_PASS m=64 n=1 sve16_entries=0 expected=0 old_entries=0 packed_entries=0 packed_expected=0 wide_entries=0 wide_expected=0 wrapper_entries=0 wrapper_expected=0
ARGUMENTS_PASS m=64 n=1 calls=0 bad=0 expected_panel_stride=512
ALLOC_PASS m=64 n=7 small=1 wide_path=0 history_expected=1 history_calls=1 history_bytes=12288 history_success=1 history_fail=0 x_calls=4 x_bytes=16384 x_success=4 x_fail=0 kb_calls=0 kb_bytes=0 kb_success=0 kb_fail=0 total=5 injected=0 history_level=0 x_level=1 kb_level=-1 shape_bad=0 x_each_worker_once=1
CASE_PASS m=64 n=7 sve16_entries=0 expected=0 old_entries=0 packed_entries=0 packed_expected=0 wide_entries=0 wide_expected=0 wrapper_entries=0 wrapper_expected=0
ARGUMENTS_PASS m=64 n=7 calls=0 bad=0 expected_panel_stride=512
ALLOC_PASS m=64 n=8 small=1 wide_path=0 history_expected=1 history_calls=1 history_bytes=12288 history_success=1 history_fail=0 x_calls=4 x_bytes=16384 x_success=4 x_fail=0 kb_calls=0 kb_bytes=0 kb_success=0 kb_fail=0 total=5 injected=0 history_level=0 x_level=1 kb_level=-1 shape_bad=0 x_each_worker_once=1
CASE_PASS m=64 n=8 sve16_entries=0 expected=0 old_entries=0 packed_entries=0 packed_expected=0 wide_entries=0 wide_expected=0 wrapper_entries=0 wrapper_expected=0
ARGUMENTS_PASS m=64 n=8 calls=0 bad=0 expected_panel_stride=512
ALLOC_PASS m=64 n=9 small=1 wide_path=0 history_expected=1 history_calls=1 history_bytes=12288 history_success=1 history_fail=0 x_calls=4 x_bytes=16384 x_success=4 x_fail=0 kb_calls=0 kb_bytes=0 kb_success=0 kb_fail=0 total=5 injected=0 history_level=0 x_level=1 kb_level=-1 shape_bad=0 x_each_worker_once=1
CASE_PASS m=64 n=9 sve16_entries=0 expected=0 old_entries=0 packed_entries=0 packed_expected=0 wide_entries=0 wide_expected=0 wrapper_entries=0 wrapper_expected=0
ARGUMENTS_PASS m=64 n=9 calls=0 bad=0 expected_panel_stride=512
ALLOC_PASS m=64 n=17 small=1 wide_path=0 history_expected=1 history_calls=1 history_bytes=12288 history_success=1 history_fail=0 x_calls=4 x_bytes=16384 x_success=4 x_fail=0 kb_calls=0 kb_bytes=0 kb_success=0 kb_fail=0 total=5 injected=0 history_level=0 x_level=1 kb_level=-1 shape_bad=0 x_each_worker_once=1
CASE_PASS m=64 n=17 sve16_entries=0 expected=0 old_entries=0 packed_entries=0 packed_expected=0 wide_entries=0 wide_expected=0 wrapper_entries=0 wrapper_expected=0
ARGUMENTS_PASS m=64 n=17 calls=0 bad=0 expected_panel_stride=512
ALLOC_PASS m=65 n=1 small=1 wide_path=0 history_expected=1 history_calls=1 history_bytes=12288 history_success=1 history_fail=0 x_calls=4 x_bytes=16640 x_success=4 x_fail=0 kb_calls=0 kb_bytes=0 kb_success=0 kb_fail=0 total=5 injected=0 history_level=0 x_level=1 kb_level=-1 shape_bad=0 x_each_worker_once=1
CASE_PASS m=65 n=1 sve16_entries=0 expected=0 old_entries=0 packed_entries=0 packed_expected=0 wide_entries=0 wide_expected=0 wrapper_entries=0 wrapper_expected=0
ARGUMENTS_PASS m=65 n=1 calls=0 bad=0 expected_panel_stride=520
ALLOC_PASS m=65 n=7 small=1 wide_path=0 history_expected=1 history_calls=1 history_bytes=12288 history_success=1 history_fail=0 x_calls=4 x_bytes=16640 x_success=4 x_fail=0 kb_calls=0 kb_bytes=0 kb_success=0 kb_fail=0 total=5 injected=0 history_level=0 x_level=1 kb_level=-1 shape_bad=0 x_each_worker_once=1
CASE_PASS m=65 n=7 sve16_entries=0 expected=0 old_entries=0 packed_entries=0 packed_expected=0 wide_entries=0 wide_expected=0 wrapper_entries=0 wrapper_expected=0
ARGUMENTS_PASS m=65 n=7 calls=0 bad=0 expected_panel_stride=520
ALLOC_PASS m=65 n=8 small=1 wide_path=0 history_expected=1 history_calls=1 history_bytes=12288 history_success=1 history_fail=0 x_calls=4 x_bytes=16640 x_success=4 x_fail=0 kb_calls=0 kb_bytes=0 kb_success=0 kb_fail=0 total=5 injected=0 history_level=0 x_level=1 kb_level=-1 shape_bad=0 x_each_worker_once=1
CASE_PASS m=65 n=8 sve16_entries=0 expected=0 old_entries=0 packed_entries=0 packed_expected=0 wide_entries=0 wide_expected=0 wrapper_entries=0 wrapper_expected=0
ARGUMENTS_PASS m=65 n=8 calls=0 bad=0 expected_panel_stride=520
ALLOC_PASS m=65 n=9 small=1 wide_path=0 history_expected=1 history_calls=1 history_bytes=12288 history_success=1 history_fail=0 x_calls=4 x_bytes=16640 x_success=4 x_fail=0 kb_calls=0 kb_bytes=0 kb_success=0 kb_fail=0 total=5 injected=0 history_level=0 x_level=1 kb_level=-1 shape_bad=0 x_each_worker_once=1
CASE_PASS m=65 n=9 sve16_entries=0 expected=0 old_entries=0 packed_entries=0 packed_expected=0 wide_entries=0 wide_expected=0 wrapper_entries=0 wrapper_expected=0
ARGUMENTS_PASS m=65 n=9 calls=0 bad=0 expected_panel_stride=520
ALLOC_PASS m=65 n=17 small=1 wide_path=0 history_expected=1 history_calls=1 history_bytes=12288 history_success=1 history_fail=0 x_calls=4 x_bytes=16640 x_success=4 x_fail=0 kb_calls=0 kb_bytes=0 kb_success=0 kb_fail=0 total=5 injected=0 history_level=0 x_level=1 kb_level=-1 shape_bad=0 x_each_worker_once=1
CASE_PASS m=65 n=17 sve16_entries=0 expected=0 old_entries=0 packed_entries=0 packed_expected=0 wide_entries=0 wide_expected=0 wrapper_entries=0 wrapper_expected=0
ARGUMENTS_PASS m=65 n=17 calls=0 bad=0 expected_panel_stride=520
ALLOC_PASS m=255 n=1 small=1 wide_path=0 history_expected=1 history_calls=1 history_bytes=215040 history_success=1 history_fail=0 x_calls=4 x_bytes=65280 x_success=4 x_fail=0 kb_calls=0 kb_bytes=0 kb_success=0 kb_fail=0 total=5 injected=0 history_level=0 x_level=1 kb_level=-1 shape_bad=0 x_each_worker_once=1
CASE_PASS m=255 n=1 sve16_entries=0 expected=0 old_entries=0 packed_entries=0 packed_expected=0 wide_entries=0 wide_expected=0 wrapper_entries=0 wrapper_expected=0
ARGUMENTS_PASS m=255 n=1 calls=0 bad=0 expected_panel_stride=2040
ALLOC_PASS m=255 n=7 small=1 wide_path=0 history_expected=1 history_calls=1 history_bytes=215040 history_success=1 history_fail=0 x_calls=4 x_bytes=65280 x_success=4 x_fail=0 kb_calls=0 kb_bytes=0 kb_success=0 kb_fail=0 total=5 injected=0 history_level=0 x_level=1 kb_level=-1 shape_bad=0 x_each_worker_once=1
CASE_PASS m=255 n=7 sve16_entries=0 expected=0 old_entries=0 packed_entries=0 packed_expected=0 wide_entries=0 wide_expected=0 wrapper_entries=0 wrapper_expected=0
ARGUMENTS_PASS m=255 n=7 calls=0 bad=0 expected_panel_stride=2040
ALLOC_PASS m=255 n=8 small=1 wide_path=0 history_expected=1 history_calls=1 history_bytes=215040 history_success=1 history_fail=0 x_calls=4 x_bytes=65280 x_success=4 x_fail=0 kb_calls=0 kb_bytes=0 kb_success=0 kb_fail=0 total=5 injected=0 history_level=0 x_level=1 kb_level=-1 shape_bad=0 x_each_worker_once=1
CASE_PASS m=255 n=8 sve16_entries=0 expected=0 old_entries=0 packed_entries=0 packed_expected=0 wide_entries=0 wide_expected=0 wrapper_entries=0 wrapper_expected=0
ARGUMENTS_PASS m=255 n=8 calls=0 bad=0 expected_panel_stride=2040
ALLOC_PASS m=255 n=9 small=1 wide_path=0 history_expected=1 history_calls=1 history_bytes=215040 history_success=1 history_fail=0 x_calls=4 x_bytes=65280 x_success=4 x_fail=0 kb_calls=0 kb_bytes=0 kb_success=0 kb_fail=0 total=5 injected=0 history_level=0 x_level=1 kb_level=-1 shape_bad=0 x_each_worker_once=1
CASE_PASS m=255 n=9 sve16_entries=0 expected=0 old_entries=0 packed_entries=0 packed_expected=0 wide_entries=0 wide_expected=0 wrapper_entries=0 wrapper_expected=0
ARGUMENTS_PASS m=255 n=9 calls=0 bad=0 expected_panel_stride=2040
ALLOC_PASS m=255 n=17 small=1 wide_path=0 history_expected=1 history_calls=1 history_bytes=215040 history_success=1 history_fail=0 x_calls=4 x_bytes=65280 x_success=4 x_fail=0 kb_calls=0 kb_bytes=0 kb_success=0 kb_fail=0 total=5 injected=0 history_level=0 x_level=1 kb_level=-1 shape_bad=0 x_each_worker_once=1
CASE_PASS m=255 n=17 sve16_entries=0 expected=0 old_entries=0 packed_entries=0 packed_expected=0 wide_entries=0 wide_expected=0 wrapper_entries=0 wrapper_expected=0
ARGUMENTS_PASS m=255 n=17 calls=0 bad=0 expected_panel_stride=2040
ALLOC_PASS m=256 n=1 small=1 wide_path=0 history_expected=1 history_calls=1 history_bytes=245760 history_success=1 history_fail=0 x_calls=4 x_bytes=65536 x_success=4 x_fail=0 kb_calls=0 kb_bytes=0 kb_success=0 kb_fail=0 total=5 injected=0 history_level=0 x_level=1 kb_level=-1 shape_bad=0 x_each_worker_once=1
CASE_PASS m=256 n=1 sve16_entries=0 expected=0 old_entries=0 packed_entries=0 packed_expected=0 wide_entries=0 wide_expected=0 wrapper_entries=0 wrapper_expected=0
ARGUMENTS_PASS m=256 n=1 calls=0 bad=0 expected_panel_stride=2048
ALLOC_PASS m=256 n=7 small=1 wide_path=0 history_expected=1 history_calls=1 history_bytes=245760 history_success=1 history_fail=0 x_calls=4 x_bytes=65536 x_success=4 x_fail=0 kb_calls=0 kb_bytes=0 kb_success=0 kb_fail=0 total=5 injected=0 history_level=0 x_level=1 kb_level=-1 shape_bad=0 x_each_worker_once=1
CASE_PASS m=256 n=7 sve16_entries=0 expected=0 old_entries=0 packed_entries=0 packed_expected=0 wide_entries=0 wide_expected=0 wrapper_entries=0 wrapper_expected=0
ARGUMENTS_PASS m=256 n=7 calls=0 bad=0 expected_panel_stride=2048
ALLOC_PASS m=256 n=8 small=1 wide_path=0 history_expected=1 history_calls=1 history_bytes=245760 history_success=1 history_fail=0 x_calls=4 x_bytes=65536 x_success=4 x_fail=0 kb_calls=0 kb_bytes=0 kb_success=0 kb_fail=0 total=5 injected=0 history_level=0 x_level=1 kb_level=-1 shape_bad=0 x_each_worker_once=1
CASE_PASS m=256 n=8 sve16_entries=0 expected=0 old_entries=0 packed_entries=0 packed_expected=0 wide_entries=0 wide_expected=0 wrapper_entries=0 wrapper_expected=0
ARGUMENTS_PASS m=256 n=8 calls=0 bad=0 expected_panel_stride=2048
ALLOC_PASS m=256 n=9 small=1 wide_path=0 history_expected=1 history_calls=1 history_bytes=245760 history_success=1 history_fail=0 x_calls=4 x_bytes=65536 x_success=4 x_fail=0 kb_calls=0 kb_bytes=0 kb_success=0 kb_fail=0 total=5 injected=0 history_level=0 x_level=1 kb_level=-1 shape_bad=0 x_each_worker_once=1
CASE_PASS m=256 n=9 sve16_entries=0 expected=0 old_entries=0 packed_entries=0 packed_expected=0 wide_entries=0 wide_expected=0 wrapper_entries=0 wrapper_expected=0
ARGUMENTS_PASS m=256 n=9 calls=0 bad=0 expected_panel_stride=2048
ALLOC_PASS m=256 n=17 small=1 wide_path=0 history_expected=1 history_calls=1 history_bytes=245760 history_success=1 history_fail=0 x_calls=4 x_bytes=65536 x_success=4 x_fail=0 kb_calls=0 kb_bytes=0 kb_success=0 kb_fail=0 total=5 injected=0 history_level=0 x_level=1 kb_level=-1 shape_bad=0 x_each_worker_once=1
CASE_PASS m=256 n=17 sve16_entries=0 expected=0 old_entries=0 packed_entries=0 packed_expected=0 wide_entries=0 wide_expected=0 wrapper_entries=0 wrapper_expected=0
ARGUMENTS_PASS m=256 n=17 calls=0 bad=0 expected_panel_stride=2048
ALLOC_PASS m=257 n=1 small=1 wide_path=0 history_expected=1 history_calls=1 history_bytes=245760 history_success=1 history_fail=0 x_calls=4 x_bytes=65792 x_success=4 x_fail=0 kb_calls=0 kb_bytes=0 kb_success=0 kb_fail=0 total=5 injected=0 history_level=0 x_level=1 kb_level=-1 shape_bad=0 x_each_worker_once=1
CASE_PASS m=257 n=1 sve16_entries=0 expected=0 old_entries=0 packed_entries=0 packed_expected=0 wide_entries=0 wide_expected=0 wrapper_entries=0 wrapper_expected=0
ARGUMENTS_PASS m=257 n=1 calls=0 bad=0 expected_panel_stride=2056
ALLOC_PASS m=257 n=7 small=1 wide_path=0 history_expected=1 history_calls=1 history_bytes=245760 history_success=1 history_fail=0 x_calls=4 x_bytes=65792 x_success=4 x_fail=0 kb_calls=0 kb_bytes=0 kb_success=0 kb_fail=0 total=5 injected=0 history_level=0 x_level=1 kb_level=-1 shape_bad=0 x_each_worker_once=1
CASE_PASS m=257 n=7 sve16_entries=0 expected=0 old_entries=0 packed_entries=0 packed_expected=0 wide_entries=0 wide_expected=0 wrapper_entries=0 wrapper_expected=0
ARGUMENTS_PASS m=257 n=7 calls=0 bad=0 expected_panel_stride=2056
ALLOC_PASS m=257 n=8 small=1 wide_path=0 history_expected=1 history_calls=1 history_bytes=245760 history_success=1 history_fail=0 x_calls=4 x_bytes=65792 x_success=4 x_fail=0 kb_calls=0 kb_bytes=0 kb_success=0 kb_fail=0 total=5 injected=0 history_level=0 x_level=1 kb_level=-1 shape_bad=0 x_each_worker_once=1
CASE_PASS m=257 n=8 sve16_entries=0 expected=0 old_entries=0 packed_entries=0 packed_expected=0 wide_entries=0 wide_expected=0 wrapper_entries=0 wrapper_expected=0
ARGUMENTS_PASS m=257 n=8 calls=0 bad=0 expected_panel_stride=2056
ALLOC_PASS m=257 n=9 small=1 wide_path=0 history_expected=1 history_calls=1 history_bytes=245760 history_success=1 history_fail=0 x_calls=4 x_bytes=65792 x_success=4 x_fail=0 kb_calls=0 kb_bytes=0 kb_success=0 kb_fail=0 total=5 injected=0 history_level=0 x_level=1 kb_level=-1 shape_bad=0 x_each_worker_once=1
CASE_PASS m=257 n=9 sve16_entries=0 expected=0 old_entries=0 packed_entries=0 packed_expected=0 wide_entries=0 wide_expected=0 wrapper_entries=0 wrapper_expected=0
ARGUMENTS_PASS m=257 n=9 calls=0 bad=0 expected_panel_stride=2056
ALLOC_PASS m=257 n=17 small=1 wide_path=0 history_expected=1 history_calls=1 history_bytes=245760 history_success=1 history_fail=0 x_calls=4 x_bytes=65792 x_success=4 x_fail=0 kb_calls=0 kb_bytes=0 kb_success=0 kb_fail=0 total=5 injected=0 history_level=0 x_level=1 kb_level=-1 shape_bad=0 x_each_worker_once=1
CASE_PASS m=257 n=17 sve16_entries=0 expected=0 old_entries=0 packed_entries=0 packed_expected=0 wide_entries=0 wide_expected=0 wrapper_entries=0 wrapper_expected=0
ARGUMENTS_PASS m=257 n=17 calls=0 bad=0 expected_panel_stride=2056
ALLOCATION_SUMMARY_PASS cases=80 budget_cases=0 shared_injection_cases=0
PASS whole_cases=80 noop_cases=4 non_dyadic_long_double_RHS=1 padding_L_unchanged=1 max_error=1.1102230246251565e-16
SOURCE_FEATURES_PASS panel16=1 packedL16=1 has_budget=1 history_budget_bytes=4194304 panel8x16=1
MODE=shared-fail THREADS=1 NARROW_VL=0 EXPECT_SVE16=1 EXPECT_PACKEDL16=0
ALLOC_PASS m=32 n=1 small=1 wide_path=0 history_expected=1 history_calls=1 history_bytes=2048 history_success=0 history_fail=1 x_calls=1 x_bytes=2048 x_success=1 x_fail=0 kb_calls=0 kb_bytes=0 kb_success=0 kb_fail=0 total=2 injected=1 history_level=0 x_level=1 kb_level=-1 shape_bad=0 x_each_worker_once=1
CASE_PASS m=32 n=1 sve16_entries=2 expected=2 old_entries=2 packed_entries=0 packed_expected=0 wide_entries=0 wide_expected=0 wrapper_entries=0 wrapper_expected=0
ARGUMENTS_PASS m=32 n=1 calls=0 bad=0 expected_panel_stride=256
SHARED_ALLOC_PASS m=32 n=1 calls=2 injected=1 shared_first=1 later_X_success=1
ALLOC_PASS m=32 n=7 small=1 wide_path=0 history_expected=1 history_calls=1 history_bytes=2048 history_success=0 history_fail=1 x_calls=1 x_bytes=2048 x_success=1 x_fail=0 kb_calls=0 kb_bytes=0 kb_success=0 kb_fail=0 total=2 injected=1 history_level=0 x_level=1 kb_level=-1 shape_bad=0 x_each_worker_once=1
CASE_PASS m=32 n=7 sve16_entries=2 expected=2 old_entries=2 packed_entries=0 packed_expected=0 wide_entries=0 wide_expected=0 wrapper_entries=0 wrapper_expected=0
ARGUMENTS_PASS m=32 n=7 calls=0 bad=0 expected_panel_stride=256
SHARED_ALLOC_PASS m=32 n=7 calls=2 injected=1 shared_first=1 later_X_success=1
ALLOC_PASS m=32 n=8 small=1 wide_path=0 history_expected=1 history_calls=1 history_bytes=2048 history_success=0 history_fail=1 x_calls=1 x_bytes=2048 x_success=1 x_fail=0 kb_calls=0 kb_bytes=0 kb_success=0 kb_fail=0 total=2 injected=1 history_level=0 x_level=1 kb_level=-1 shape_bad=0 x_each_worker_once=1
CASE_PASS m=32 n=8 sve16_entries=2 expected=2 old_entries=2 packed_entries=0 packed_expected=0 wide_entries=0 wide_expected=0 wrapper_entries=0 wrapper_expected=0
ARGUMENTS_PASS m=32 n=8 calls=0 bad=0 expected_panel_stride=256
SHARED_ALLOC_PASS m=32 n=8 calls=2 injected=1 shared_first=1 later_X_success=1
ALLOC_PASS m=32 n=9 small=1 wide_path=0 history_expected=1 history_calls=1 history_bytes=2048 history_success=0 history_fail=1 x_calls=1 x_bytes=2048 x_success=1 x_fail=0 kb_calls=0 kb_bytes=0 kb_success=0 kb_fail=0 total=2 injected=1 history_level=0 x_level=1 kb_level=-1 shape_bad=0 x_each_worker_once=1
CASE_PASS m=32 n=9 sve16_entries=4 expected=4 old_entries=4 packed_entries=0 packed_expected=0 wide_entries=0 wide_expected=0 wrapper_entries=0 wrapper_expected=0
ARGUMENTS_PASS m=32 n=9 calls=0 bad=0 expected_panel_stride=256
SHARED_ALLOC_PASS m=32 n=9 calls=2 injected=1 shared_first=1 later_X_success=1
ALLOC_PASS m=32 n=17 small=1 wide_path=0 history_expected=1 history_calls=1 history_bytes=2048 history_success=0 history_fail=1 x_calls=1 x_bytes=2048 x_success=1 x_fail=0 kb_calls=0 kb_bytes=0 kb_success=0 kb_fail=0 total=2 injected=1 history_level=0 x_level=1 kb_level=-1 shape_bad=0 x_each_worker_once=1
CASE_PASS m=32 n=17 sve16_entries=6 expected=6 old_entries=6 packed_entries=0 packed_expected=0 wide_entries=0 wide_expected=0 wrapper_entries=0 wrapper_expected=0
ARGUMENTS_PASS m=32 n=17 calls=0 bad=0 expected_panel_stride=256
SHARED_ALLOC_PASS m=32 n=17 calls=2 injected=1 shared_first=1 later_X_success=1
ALLOC_PASS m=33 n=1 small=1 wide_path=0 history_expected=1 history_calls=1 history_bytes=2048 history_success=0 history_fail=1 x_calls=1 x_bytes=2112 x_success=1 x_fail=0 kb_calls=0 kb_bytes=0 kb_success=0 kb_fail=0 total=2 injected=1 history_level=0 x_level=1 kb_level=-1 shape_bad=0 x_each_worker_once=1
CASE_PASS m=33 n=1 sve16_entries=2 expected=2 old_entries=2 packed_entries=0 packed_expected=0 wide_entries=0 wide_expected=0 wrapper_entries=0 wrapper_expected=0
ARGUMENTS_PASS m=33 n=1 calls=0 bad=0 expected_panel_stride=264
SHARED_ALLOC_PASS m=33 n=1 calls=2 injected=1 shared_first=1 later_X_success=1
ALLOC_PASS m=33 n=7 small=1 wide_path=0 history_expected=1 history_calls=1 history_bytes=2048 history_success=0 history_fail=1 x_calls=1 x_bytes=2112 x_success=1 x_fail=0 kb_calls=0 kb_bytes=0 kb_success=0 kb_fail=0 total=2 injected=1 history_level=0 x_level=1 kb_level=-1 shape_bad=0 x_each_worker_once=1
CASE_PASS m=33 n=7 sve16_entries=2 expected=2 old_entries=2 packed_entries=0 packed_expected=0 wide_entries=0 wide_expected=0 wrapper_entries=0 wrapper_expected=0
ARGUMENTS_PASS m=33 n=7 calls=0 bad=0 expected_panel_stride=264
SHARED_ALLOC_PASS m=33 n=7 calls=2 injected=1 shared_first=1 later_X_success=1
ALLOC_PASS m=33 n=8 small=1 wide_path=0 history_expected=1 history_calls=1 history_bytes=2048 history_success=0 history_fail=1 x_calls=1 x_bytes=2112 x_success=1 x_fail=0 kb_calls=0 kb_bytes=0 kb_success=0 kb_fail=0 total=2 injected=1 history_level=0 x_level=1 kb_level=-1 shape_bad=0 x_each_worker_once=1
CASE_PASS m=33 n=8 sve16_entries=2 expected=2 old_entries=2 packed_entries=0 packed_expected=0 wide_entries=0 wide_expected=0 wrapper_entries=0 wrapper_expected=0
ARGUMENTS_PASS m=33 n=8 calls=0 bad=0 expected_panel_stride=264
SHARED_ALLOC_PASS m=33 n=8 calls=2 injected=1 shared_first=1 later_X_success=1
ALLOC_PASS m=33 n=9 small=1 wide_path=0 history_expected=1 history_calls=1 history_bytes=2048 history_success=0 history_fail=1 x_calls=1 x_bytes=2112 x_success=1 x_fail=0 kb_calls=0 kb_bytes=0 kb_success=0 kb_fail=0 total=2 injected=1 history_level=0 x_level=1 kb_level=-1 shape_bad=0 x_each_worker_once=1
CASE_PASS m=33 n=9 sve16_entries=4 expected=4 old_entries=4 packed_entries=0 packed_expected=0 wide_entries=0 wide_expected=0 wrapper_entries=0 wrapper_expected=0
ARGUMENTS_PASS m=33 n=9 calls=0 bad=0 expected_panel_stride=264
SHARED_ALLOC_PASS m=33 n=9 calls=2 injected=1 shared_first=1 later_X_success=1
ALLOC_PASS m=33 n=17 small=1 wide_path=0 history_expected=1 history_calls=1 history_bytes=2048 history_success=0 history_fail=1 x_calls=1 x_bytes=2112 x_success=1 x_fail=0 kb_calls=0 kb_bytes=0 kb_success=0 kb_fail=0 total=2 injected=1 history_level=0 x_level=1 kb_level=-1 shape_bad=0 x_each_worker_once=1
CASE_PASS m=33 n=17 sve16_entries=6 expected=6 old_entries=6 packed_entries=0 packed_expected=0 wide_entries=0 wide_expected=0 wrapper_entries=0 wrapper_expected=0
ARGUMENTS_PASS m=33 n=17 calls=0 bad=0 expected_panel_stride=264
SHARED_ALLOC_PASS m=33 n=17 calls=2 injected=1 shared_first=1 later_X_success=1
ALLOC_PASS m=63 n=1 small=1 wide_path=0 history_expected=1 history_calls=1 history_bytes=6144 history_success=0 history_fail=1 x_calls=1 x_bytes=4032 x_success=1 x_fail=0 kb_calls=0 kb_bytes=0 kb_success=0 kb_fail=0 total=2 injected=1 history_level=0 x_level=1 kb_level=-1 shape_bad=0 x_each_worker_once=1
CASE_PASS m=63 n=1 sve16_entries=3 expected=3 old_entries=3 packed_entries=0 packed_expected=0 wide_entries=0 wide_expected=0 wrapper_entries=0 wrapper_expected=0
ARGUMENTS_PASS m=63 n=1 calls=0 bad=0 expected_panel_stride=504
SHARED_ALLOC_PASS m=63 n=1 calls=2 injected=1 shared_first=1 later_X_success=1
ALLOC_PASS m=63 n=7 small=1 wide_path=0 history_expected=1 history_calls=1 history_bytes=6144 history_success=0 history_fail=1 x_calls=1 x_bytes=4032 x_success=1 x_fail=0 kb_calls=0 kb_bytes=0 kb_success=0 kb_fail=0 total=2 injected=1 history_level=0 x_level=1 kb_level=-1 shape_bad=0 x_each_worker_once=1
CASE_PASS m=63 n=7 sve16_entries=3 expected=3 old_entries=3 packed_entries=0 packed_expected=0 wide_entries=0 wide_expected=0 wrapper_entries=0 wrapper_expected=0
ARGUMENTS_PASS m=63 n=7 calls=0 bad=0 expected_panel_stride=504
SHARED_ALLOC_PASS m=63 n=7 calls=2 injected=1 shared_first=1 later_X_success=1
ALLOC_PASS m=63 n=8 small=1 wide_path=0 history_expected=1 history_calls=1 history_bytes=6144 history_success=0 history_fail=1 x_calls=1 x_bytes=4032 x_success=1 x_fail=0 kb_calls=0 kb_bytes=0 kb_success=0 kb_fail=0 total=2 injected=1 history_level=0 x_level=1 kb_level=-1 shape_bad=0 x_each_worker_once=1
CASE_PASS m=63 n=8 sve16_entries=3 expected=3 old_entries=3 packed_entries=0 packed_expected=0 wide_entries=0 wide_expected=0 wrapper_entries=0 wrapper_expected=0
ARGUMENTS_PASS m=63 n=8 calls=0 bad=0 expected_panel_stride=504
SHARED_ALLOC_PASS m=63 n=8 calls=2 injected=1 shared_first=1 later_X_success=1
ALLOC_PASS m=63 n=9 small=1 wide_path=0 history_expected=1 history_calls=1 history_bytes=6144 history_success=0 history_fail=1 x_calls=1 x_bytes=4032 x_success=1 x_fail=0 kb_calls=0 kb_bytes=0 kb_success=0 kb_fail=0 total=2 injected=1 history_level=0 x_level=1 kb_level=-1 shape_bad=0 x_each_worker_once=1
CASE_PASS m=63 n=9 sve16_entries=6 expected=6 old_entries=6 packed_entries=0 packed_expected=0 wide_entries=0 wide_expected=0 wrapper_entries=0 wrapper_expected=0
ARGUMENTS_PASS m=63 n=9 calls=0 bad=0 expected_panel_stride=504
SHARED_ALLOC_PASS m=63 n=9 calls=2 injected=1 shared_first=1 later_X_success=1
ALLOC_PASS m=63 n=17 small=1 wide_path=0 history_expected=1 history_calls=1 history_bytes=6144 history_success=0 history_fail=1 x_calls=1 x_bytes=4032 x_success=1 x_fail=0 kb_calls=0 kb_bytes=0 kb_success=0 kb_fail=0 total=2 injected=1 history_level=0 x_level=1 kb_level=-1 shape_bad=0 x_each_worker_once=1
CASE_PASS m=63 n=17 sve16_entries=9 expected=9 old_entries=9 packed_entries=0 packed_expected=0 wide_entries=0 wide_expected=0 wrapper_entries=0 wrapper_expected=0
ARGUMENTS_PASS m=63 n=17 calls=0 bad=0 expected_panel_stride=504
SHARED_ALLOC_PASS m=63 n=17 calls=2 injected=1 shared_first=1 later_X_success=1
ALLOC_PASS m=64 n=1 small=1 wide_path=0 history_expected=1 history_calls=1 history_bytes=12288 history_success=0 history_fail=1 x_calls=1 x_bytes=4096 x_success=1 x_fail=0 kb_calls=0 kb_bytes=0 kb_success=0 kb_fail=0 total=2 injected=1 history_level=0 x_level=1 kb_level=-1 shape_bad=0 x_each_worker_once=1
CASE_PASS m=64 n=1 sve16_entries=4 expected=4 old_entries=4 packed_entries=0 packed_expected=0 wide_entries=0 wide_expected=0 wrapper_entries=0 wrapper_expected=0
ARGUMENTS_PASS m=64 n=1 calls=0 bad=0 expected_panel_stride=512
SHARED_ALLOC_PASS m=64 n=1 calls=2 injected=1 shared_first=1 later_X_success=1
ALLOC_PASS m=64 n=7 small=1 wide_path=0 history_expected=1 history_calls=1 history_bytes=12288 history_success=0 history_fail=1 x_calls=1 x_bytes=4096 x_success=1 x_fail=0 kb_calls=0 kb_bytes=0 kb_success=0 kb_fail=0 total=2 injected=1 history_level=0 x_level=1 kb_level=-1 shape_bad=0 x_each_worker_once=1
CASE_PASS m=64 n=7 sve16_entries=4 expected=4 old_entries=4 packed_entries=0 packed_expected=0 wide_entries=0 wide_expected=0 wrapper_entries=0 wrapper_expected=0
ARGUMENTS_PASS m=64 n=7 calls=0 bad=0 expected_panel_stride=512
SHARED_ALLOC_PASS m=64 n=7 calls=2 injected=1 shared_first=1 later_X_success=1
ALLOC_PASS m=64 n=8 small=1 wide_path=0 history_expected=1 history_calls=1 history_bytes=12288 history_success=0 history_fail=1 x_calls=1 x_bytes=4096 x_success=1 x_fail=0 kb_calls=0 kb_bytes=0 kb_success=0 kb_fail=0 total=2 injected=1 history_level=0 x_level=1 kb_level=-1 shape_bad=0 x_each_worker_once=1
CASE_PASS m=64 n=8 sve16_entries=4 expected=4 old_entries=4 packed_entries=0 packed_expected=0 wide_entries=0 wide_expected=0 wrapper_entries=0 wrapper_expected=0
ARGUMENTS_PASS m=64 n=8 calls=0 bad=0 expected_panel_stride=512
SHARED_ALLOC_PASS m=64 n=8 calls=2 injected=1 shared_first=1 later_X_success=1
ALLOC_PASS m=64 n=9 small=1 wide_path=0 history_expected=1 history_calls=1 history_bytes=12288 history_success=0 history_fail=1 x_calls=1 x_bytes=4096 x_success=1 x_fail=0 kb_calls=0 kb_bytes=0 kb_success=0 kb_fail=0 total=2 injected=1 history_level=0 x_level=1 kb_level=-1 shape_bad=0 x_each_worker_once=1
CASE_PASS m=64 n=9 sve16_entries=8 expected=8 old_entries=8 packed_entries=0 packed_expected=0 wide_entries=0 wide_expected=0 wrapper_entries=0 wrapper_expected=0
ARGUMENTS_PASS m=64 n=9 calls=0 bad=0 expected_panel_stride=512
SHARED_ALLOC_PASS m=64 n=9 calls=2 injected=1 shared_first=1 later_X_success=1
ALLOC_PASS m=64 n=17 small=1 wide_path=0 history_expected=1 history_calls=1 history_bytes=12288 history_success=0 history_fail=1 x_calls=1 x_bytes=4096 x_success=1 x_fail=0 kb_calls=0 kb_bytes=0 kb_success=0 kb_fail=0 total=2 injected=1 history_level=0 x_level=1 kb_level=-1 shape_bad=0 x_each_worker_once=1
CASE_PASS m=64 n=17 sve16_entries=12 expected=12 old_entries=12 packed_entries=0 packed_expected=0 wide_entries=0 wide_expected=0 wrapper_entries=0 wrapper_expected=0
ARGUMENTS_PASS m=64 n=17 calls=0 bad=0 expected_panel_stride=512
SHARED_ALLOC_PASS m=64 n=17 calls=2 injected=1 shared_first=1 later_X_success=1
ALLOC_PASS m=65 n=1 small=1 wide_path=0 history_expected=1 history_calls=1 history_bytes=12288 history_success=0 history_fail=1 x_calls=1 x_bytes=4160 x_success=1 x_fail=0 kb_calls=0 kb_bytes=0 kb_success=0 kb_fail=0 total=2 injected=1 history_level=0 x_level=1 kb_level=-1 shape_bad=0 x_each_worker_once=1
CASE_PASS m=65 n=1 sve16_entries=4 expected=4 old_entries=4 packed_entries=0 packed_expected=0 wide_entries=0 wide_expected=0 wrapper_entries=0 wrapper_expected=0
ARGUMENTS_PASS m=65 n=1 calls=0 bad=0 expected_panel_stride=520
SHARED_ALLOC_PASS m=65 n=1 calls=2 injected=1 shared_first=1 later_X_success=1
ALLOC_PASS m=65 n=7 small=1 wide_path=0 history_expected=1 history_calls=1 history_bytes=12288 history_success=0 history_fail=1 x_calls=1 x_bytes=4160 x_success=1 x_fail=0 kb_calls=0 kb_bytes=0 kb_success=0 kb_fail=0 total=2 injected=1 history_level=0 x_level=1 kb_level=-1 shape_bad=0 x_each_worker_once=1
CASE_PASS m=65 n=7 sve16_entries=4 expected=4 old_entries=4 packed_entries=0 packed_expected=0 wide_entries=0 wide_expected=0 wrapper_entries=0 wrapper_expected=0
ARGUMENTS_PASS m=65 n=7 calls=0 bad=0 expected_panel_stride=520
SHARED_ALLOC_PASS m=65 n=7 calls=2 injected=1 shared_first=1 later_X_success=1
ALLOC_PASS m=65 n=8 small=1 wide_path=0 history_expected=1 history_calls=1 history_bytes=12288 history_success=0 history_fail=1 x_calls=1 x_bytes=4160 x_success=1 x_fail=0 kb_calls=0 kb_bytes=0 kb_success=0 kb_fail=0 total=2 injected=1 history_level=0 x_level=1 kb_level=-1 shape_bad=0 x_each_worker_once=1
CASE_PASS m=65 n=8 sve16_entries=4 expected=4 old_entries=4 packed_entries=0 packed_expected=0 wide_entries=0 wide_expected=0 wrapper_entries=0 wrapper_expected=0
ARGUMENTS_PASS m=65 n=8 calls=0 bad=0 expected_panel_stride=520
SHARED_ALLOC_PASS m=65 n=8 calls=2 injected=1 shared_first=1 later_X_success=1
ALLOC_PASS m=65 n=9 small=1 wide_path=0 history_expected=1 history_calls=1 history_bytes=12288 history_success=0 history_fail=1 x_calls=1 x_bytes=4160 x_success=1 x_fail=0 kb_calls=0 kb_bytes=0 kb_success=0 kb_fail=0 total=2 injected=1 history_level=0 x_level=1 kb_level=-1 shape_bad=0 x_each_worker_once=1
CASE_PASS m=65 n=9 sve16_entries=8 expected=8 old_entries=8 packed_entries=0 packed_expected=0 wide_entries=0 wide_expected=0 wrapper_entries=0 wrapper_expected=0
ARGUMENTS_PASS m=65 n=9 calls=0 bad=0 expected_panel_stride=520
SHARED_ALLOC_PASS m=65 n=9 calls=2 injected=1 shared_first=1 later_X_success=1
ALLOC_PASS m=65 n=17 small=1 wide_path=0 history_expected=1 history_calls=1 history_bytes=12288 history_success=0 history_fail=1 x_calls=1 x_bytes=4160 x_success=1 x_fail=0 kb_calls=0 kb_bytes=0 kb_success=0 kb_fail=0 total=2 injected=1 history_level=0 x_level=1 kb_level=-1 shape_bad=0 x_each_worker_once=1
CASE_PASS m=65 n=17 sve16_entries=12 expected=12 old_entries=12 packed_entries=0 packed_expected=0 wide_entries=0 wide_expected=0 wrapper_entries=0 wrapper_expected=0
ARGUMENTS_PASS m=65 n=17 calls=0 bad=0 expected_panel_stride=520
SHARED_ALLOC_PASS m=65 n=17 calls=2 injected=1 shared_first=1 later_X_success=1
ALLOC_PASS m=255 n=1 small=1 wide_path=0 history_expected=1 history_calls=1 history_bytes=215040 history_success=0 history_fail=1 x_calls=1 x_bytes=16320 x_success=1 x_fail=0 kb_calls=0 kb_bytes=0 kb_success=0 kb_fail=0 total=2 injected=1 history_level=0 x_level=1 kb_level=-1 shape_bad=0 x_each_worker_once=1
CASE_PASS m=255 n=1 sve16_entries=15 expected=15 old_entries=15 packed_entries=0 packed_expected=0 wide_entries=0 wide_expected=0 wrapper_entries=0 wrapper_expected=0
ARGUMENTS_PASS m=255 n=1 calls=0 bad=0 expected_panel_stride=2040
SHARED_ALLOC_PASS m=255 n=1 calls=2 injected=1 shared_first=1 later_X_success=1
ALLOC_PASS m=255 n=7 small=1 wide_path=0 history_expected=1 history_calls=1 history_bytes=215040 history_success=0 history_fail=1 x_calls=1 x_bytes=16320 x_success=1 x_fail=0 kb_calls=0 kb_bytes=0 kb_success=0 kb_fail=0 total=2 injected=1 history_level=0 x_level=1 kb_level=-1 shape_bad=0 x_each_worker_once=1
CASE_PASS m=255 n=7 sve16_entries=15 expected=15 old_entries=15 packed_entries=0 packed_expected=0 wide_entries=0 wide_expected=0 wrapper_entries=0 wrapper_expected=0
ARGUMENTS_PASS m=255 n=7 calls=0 bad=0 expected_panel_stride=2040
SHARED_ALLOC_PASS m=255 n=7 calls=2 injected=1 shared_first=1 later_X_success=1
ALLOC_PASS m=255 n=8 small=1 wide_path=0 history_expected=1 history_calls=1 history_bytes=215040 history_success=0 history_fail=1 x_calls=1 x_bytes=16320 x_success=1 x_fail=0 kb_calls=0 kb_bytes=0 kb_success=0 kb_fail=0 total=2 injected=1 history_level=0 x_level=1 kb_level=-1 shape_bad=0 x_each_worker_once=1
CASE_PASS m=255 n=8 sve16_entries=15 expected=15 old_entries=15 packed_entries=0 packed_expected=0 wide_entries=0 wide_expected=0 wrapper_entries=0 wrapper_expected=0
ARGUMENTS_PASS m=255 n=8 calls=0 bad=0 expected_panel_stride=2040
SHARED_ALLOC_PASS m=255 n=8 calls=2 injected=1 shared_first=1 later_X_success=1
ALLOC_PASS m=255 n=9 small=1 wide_path=0 history_expected=1 history_calls=1 history_bytes=215040 history_success=0 history_fail=1 x_calls=1 x_bytes=16320 x_success=1 x_fail=0 kb_calls=0 kb_bytes=0 kb_success=0 kb_fail=0 total=2 injected=1 history_level=0 x_level=1 kb_level=-1 shape_bad=0 x_each_worker_once=1
CASE_PASS m=255 n=9 sve16_entries=30 expected=30 old_entries=30 packed_entries=0 packed_expected=0 wide_entries=0 wide_expected=0 wrapper_entries=0 wrapper_expected=0
ARGUMENTS_PASS m=255 n=9 calls=0 bad=0 expected_panel_stride=2040
SHARED_ALLOC_PASS m=255 n=9 calls=2 injected=1 shared_first=1 later_X_success=1
ALLOC_PASS m=255 n=17 small=1 wide_path=0 history_expected=1 history_calls=1 history_bytes=215040 history_success=0 history_fail=1 x_calls=1 x_bytes=16320 x_success=1 x_fail=0 kb_calls=0 kb_bytes=0 kb_success=0 kb_fail=0 total=2 injected=1 history_level=0 x_level=1 kb_level=-1 shape_bad=0 x_each_worker_once=1
CASE_PASS m=255 n=17 sve16_entries=45 expected=45 old_entries=45 packed_entries=0 packed_expected=0 wide_entries=0 wide_expected=0 wrapper_entries=0 wrapper_expected=0
ARGUMENTS_PASS m=255 n=17 calls=0 bad=0 expected_panel_stride=2040
SHARED_ALLOC_PASS m=255 n=17 calls=2 injected=1 shared_first=1 later_X_success=1
ALLOC_PASS m=256 n=1 small=1 wide_path=0 history_expected=1 history_calls=1 history_bytes=245760 history_success=0 history_fail=1 x_calls=1 x_bytes=16384 x_success=1 x_fail=0 kb_calls=0 kb_bytes=0 kb_success=0 kb_fail=0 total=2 injected=1 history_level=0 x_level=1 kb_level=-1 shape_bad=0 x_each_worker_once=1
CASE_PASS m=256 n=1 sve16_entries=16 expected=16 old_entries=16 packed_entries=0 packed_expected=0 wide_entries=0 wide_expected=0 wrapper_entries=0 wrapper_expected=0
ARGUMENTS_PASS m=256 n=1 calls=0 bad=0 expected_panel_stride=2048
SHARED_ALLOC_PASS m=256 n=1 calls=2 injected=1 shared_first=1 later_X_success=1
ALLOC_PASS m=256 n=7 small=1 wide_path=0 history_expected=1 history_calls=1 history_bytes=245760 history_success=0 history_fail=1 x_calls=1 x_bytes=16384 x_success=1 x_fail=0 kb_calls=0 kb_bytes=0 kb_success=0 kb_fail=0 total=2 injected=1 history_level=0 x_level=1 kb_level=-1 shape_bad=0 x_each_worker_once=1
CASE_PASS m=256 n=7 sve16_entries=16 expected=16 old_entries=16 packed_entries=0 packed_expected=0 wide_entries=0 wide_expected=0 wrapper_entries=0 wrapper_expected=0
ARGUMENTS_PASS m=256 n=7 calls=0 bad=0 expected_panel_stride=2048
SHARED_ALLOC_PASS m=256 n=7 calls=2 injected=1 shared_first=1 later_X_success=1
ALLOC_PASS m=256 n=8 small=1 wide_path=0 history_expected=1 history_calls=1 history_bytes=245760 history_success=0 history_fail=1 x_calls=1 x_bytes=16384 x_success=1 x_fail=0 kb_calls=0 kb_bytes=0 kb_success=0 kb_fail=0 total=2 injected=1 history_level=0 x_level=1 kb_level=-1 shape_bad=0 x_each_worker_once=1
CASE_PASS m=256 n=8 sve16_entries=16 expected=16 old_entries=16 packed_entries=0 packed_expected=0 wide_entries=0 wide_expected=0 wrapper_entries=0 wrapper_expected=0
ARGUMENTS_PASS m=256 n=8 calls=0 bad=0 expected_panel_stride=2048
SHARED_ALLOC_PASS m=256 n=8 calls=2 injected=1 shared_first=1 later_X_success=1
ALLOC_PASS m=256 n=9 small=1 wide_path=0 history_expected=1 history_calls=1 history_bytes=245760 history_success=0 history_fail=1 x_calls=1 x_bytes=16384 x_success=1 x_fail=0 kb_calls=0 kb_bytes=0 kb_success=0 kb_fail=0 total=2 injected=1 history_level=0 x_level=1 kb_level=-1 shape_bad=0 x_each_worker_once=1
CASE_PASS m=256 n=9 sve16_entries=32 expected=32 old_entries=32 packed_entries=0 packed_expected=0 wide_entries=0 wide_expected=0 wrapper_entries=0 wrapper_expected=0
ARGUMENTS_PASS m=256 n=9 calls=0 bad=0 expected_panel_stride=2048
SHARED_ALLOC_PASS m=256 n=9 calls=2 injected=1 shared_first=1 later_X_success=1
ALLOC_PASS m=256 n=17 small=1 wide_path=0 history_expected=1 history_calls=1 history_bytes=245760 history_success=0 history_fail=1 x_calls=1 x_bytes=16384 x_success=1 x_fail=0 kb_calls=0 kb_bytes=0 kb_success=0 kb_fail=0 total=2 injected=1 history_level=0 x_level=1 kb_level=-1 shape_bad=0 x_each_worker_once=1
CASE_PASS m=256 n=17 sve16_entries=48 expected=48 old_entries=48 packed_entries=0 packed_expected=0 wide_entries=0 wide_expected=0 wrapper_entries=0 wrapper_expected=0
ARGUMENTS_PASS m=256 n=17 calls=0 bad=0 expected_panel_stride=2048
SHARED_ALLOC_PASS m=256 n=17 calls=2 injected=1 shared_first=1 later_X_success=1
ALLOC_PASS m=257 n=1 small=1 wide_path=0 history_expected=1 history_calls=1 history_bytes=245760 history_success=0 history_fail=1 x_calls=1 x_bytes=16448 x_success=1 x_fail=0 kb_calls=0 kb_bytes=0 kb_success=0 kb_fail=0 total=2 injected=1 history_level=0 x_level=1 kb_level=-1 shape_bad=0 x_each_worker_once=1
CASE_PASS m=257 n=1 sve16_entries=16 expected=16 old_entries=16 packed_entries=0 packed_expected=0 wide_entries=0 wide_expected=0 wrapper_entries=0 wrapper_expected=0
ARGUMENTS_PASS m=257 n=1 calls=0 bad=0 expected_panel_stride=2056
SHARED_ALLOC_PASS m=257 n=1 calls=2 injected=1 shared_first=1 later_X_success=1
ALLOC_PASS m=257 n=7 small=1 wide_path=0 history_expected=1 history_calls=1 history_bytes=245760 history_success=0 history_fail=1 x_calls=1 x_bytes=16448 x_success=1 x_fail=0 kb_calls=0 kb_bytes=0 kb_success=0 kb_fail=0 total=2 injected=1 history_level=0 x_level=1 kb_level=-1 shape_bad=0 x_each_worker_once=1
CASE_PASS m=257 n=7 sve16_entries=16 expected=16 old_entries=16 packed_entries=0 packed_expected=0 wide_entries=0 wide_expected=0 wrapper_entries=0 wrapper_expected=0
ARGUMENTS_PASS m=257 n=7 calls=0 bad=0 expected_panel_stride=2056
SHARED_ALLOC_PASS m=257 n=7 calls=2 injected=1 shared_first=1 later_X_success=1
ALLOC_PASS m=257 n=8 small=1 wide_path=0 history_expected=1 history_calls=1 history_bytes=245760 history_success=0 history_fail=1 x_calls=1 x_bytes=16448 x_success=1 x_fail=0 kb_calls=0 kb_bytes=0 kb_success=0 kb_fail=0 total=2 injected=1 history_level=0 x_level=1 kb_level=-1 shape_bad=0 x_each_worker_once=1
CASE_PASS m=257 n=8 sve16_entries=16 expected=16 old_entries=16 packed_entries=0 packed_expected=0 wide_entries=0 wide_expected=0 wrapper_entries=0 wrapper_expected=0
ARGUMENTS_PASS m=257 n=8 calls=0 bad=0 expected_panel_stride=2056
SHARED_ALLOC_PASS m=257 n=8 calls=2 injected=1 shared_first=1 later_X_success=1
ALLOC_PASS m=257 n=9 small=1 wide_path=0 history_expected=1 history_calls=1 history_bytes=245760 history_success=0 history_fail=1 x_calls=1 x_bytes=16448 x_success=1 x_fail=0 kb_calls=0 kb_bytes=0 kb_success=0 kb_fail=0 total=2 injected=1 history_level=0 x_level=1 kb_level=-1 shape_bad=0 x_each_worker_once=1
CASE_PASS m=257 n=9 sve16_entries=32 expected=32 old_entries=32 packed_entries=0 packed_expected=0 wide_entries=0 wide_expected=0 wrapper_entries=0 wrapper_expected=0
ARGUMENTS_PASS m=257 n=9 calls=0 bad=0 expected_panel_stride=2056
SHARED_ALLOC_PASS m=257 n=9 calls=2 injected=1 shared_first=1 later_X_success=1
ALLOC_PASS m=257 n=17 small=1 wide_path=0 history_expected=1 history_calls=1 history_bytes=245760 history_success=0 history_fail=1 x_calls=1 x_bytes=16448 x_success=1 x_fail=0 kb_calls=0 kb_bytes=0 kb_success=0 kb_fail=0 total=2 injected=1 history_level=0 x_level=1 kb_level=-1 shape_bad=0 x_each_worker_once=1
CASE_PASS m=257 n=17 sve16_entries=48 expected=48 old_entries=48 packed_entries=0 packed_expected=0 wide_entries=0 wide_expected=0 wrapper_entries=0 wrapper_expected=0
ARGUMENTS_PASS m=257 n=17 calls=0 bad=0 expected_panel_stride=2056
SHARED_ALLOC_PASS m=257 n=17 calls=2 injected=1 shared_first=1 later_X_success=1
ALLOCATION_SUMMARY_PASS cases=40 budget_cases=0 shared_injection_cases=40
PASS whole_cases=40 noop_cases=4 non_dyadic_long_double_RHS=1 padding_L_unchanged=1 max_error=1.1102230246251565e-16
SOURCE_FEATURES_PASS panel16=1 packedL16=1 has_budget=1 history_budget_bytes=4194304 panel8x16=1
MODE=shared-fail THREADS=4 NARROW_VL=0 EXPECT_SVE16=1 EXPECT_PACKEDL16=0
ALLOC_PASS m=32 n=1 small=1 wide_path=0 history_expected=1 history_calls=1 history_bytes=2048 history_success=0 history_fail=1 x_calls=4 x_bytes=8192 x_success=4 x_fail=0 kb_calls=0 kb_bytes=0 kb_success=0 kb_fail=0 total=5 injected=1 history_level=0 x_level=1 kb_level=-1 shape_bad=0 x_each_worker_once=1
CASE_PASS m=32 n=1 sve16_entries=2 expected=2 old_entries=2 packed_entries=0 packed_expected=0 wide_entries=0 wide_expected=0 wrapper_entries=0 wrapper_expected=0
ARGUMENTS_PASS m=32 n=1 calls=0 bad=0 expected_panel_stride=256
SHARED_ALLOC_PASS m=32 n=1 calls=5 injected=1 shared_first=1 later_X_success=4
ALLOC_PASS m=32 n=7 small=1 wide_path=0 history_expected=1 history_calls=1 history_bytes=2048 history_success=0 history_fail=1 x_calls=4 x_bytes=8192 x_success=4 x_fail=0 kb_calls=0 kb_bytes=0 kb_success=0 kb_fail=0 total=5 injected=1 history_level=0 x_level=1 kb_level=-1 shape_bad=0 x_each_worker_once=1
CASE_PASS m=32 n=7 sve16_entries=2 expected=2 old_entries=2 packed_entries=0 packed_expected=0 wide_entries=0 wide_expected=0 wrapper_entries=0 wrapper_expected=0
ARGUMENTS_PASS m=32 n=7 calls=0 bad=0 expected_panel_stride=256
SHARED_ALLOC_PASS m=32 n=7 calls=5 injected=1 shared_first=1 later_X_success=4
ALLOC_PASS m=32 n=8 small=1 wide_path=0 history_expected=1 history_calls=1 history_bytes=2048 history_success=0 history_fail=1 x_calls=4 x_bytes=8192 x_success=4 x_fail=0 kb_calls=0 kb_bytes=0 kb_success=0 kb_fail=0 total=5 injected=1 history_level=0 x_level=1 kb_level=-1 shape_bad=0 x_each_worker_once=1
CASE_PASS m=32 n=8 sve16_entries=2 expected=2 old_entries=2 packed_entries=0 packed_expected=0 wide_entries=0 wide_expected=0 wrapper_entries=0 wrapper_expected=0
ARGUMENTS_PASS m=32 n=8 calls=0 bad=0 expected_panel_stride=256
SHARED_ALLOC_PASS m=32 n=8 calls=5 injected=1 shared_first=1 later_X_success=4
ALLOC_PASS m=32 n=9 small=1 wide_path=0 history_expected=1 history_calls=1 history_bytes=2048 history_success=0 history_fail=1 x_calls=4 x_bytes=8192 x_success=4 x_fail=0 kb_calls=0 kb_bytes=0 kb_success=0 kb_fail=0 total=5 injected=1 history_level=0 x_level=1 kb_level=-1 shape_bad=0 x_each_worker_once=1
CASE_PASS m=32 n=9 sve16_entries=4 expected=4 old_entries=4 packed_entries=0 packed_expected=0 wide_entries=0 wide_expected=0 wrapper_entries=0 wrapper_expected=0
ARGUMENTS_PASS m=32 n=9 calls=0 bad=0 expected_panel_stride=256
SHARED_ALLOC_PASS m=32 n=9 calls=5 injected=1 shared_first=1 later_X_success=4
ALLOC_PASS m=32 n=17 small=1 wide_path=0 history_expected=1 history_calls=1 history_bytes=2048 history_success=0 history_fail=1 x_calls=4 x_bytes=8192 x_success=4 x_fail=0 kb_calls=0 kb_bytes=0 kb_success=0 kb_fail=0 total=5 injected=1 history_level=0 x_level=1 kb_level=-1 shape_bad=0 x_each_worker_once=1
CASE_PASS m=32 n=17 sve16_entries=6 expected=6 old_entries=6 packed_entries=0 packed_expected=0 wide_entries=0 wide_expected=0 wrapper_entries=0 wrapper_expected=0
ARGUMENTS_PASS m=32 n=17 calls=0 bad=0 expected_panel_stride=256
SHARED_ALLOC_PASS m=32 n=17 calls=5 injected=1 shared_first=1 later_X_success=4
ALLOC_PASS m=33 n=1 small=1 wide_path=0 history_expected=1 history_calls=1 history_bytes=2048 history_success=0 history_fail=1 x_calls=4 x_bytes=8448 x_success=4 x_fail=0 kb_calls=0 kb_bytes=0 kb_success=0 kb_fail=0 total=5 injected=1 history_level=0 x_level=1 kb_level=-1 shape_bad=0 x_each_worker_once=1
CASE_PASS m=33 n=1 sve16_entries=2 expected=2 old_entries=2 packed_entries=0 packed_expected=0 wide_entries=0 wide_expected=0 wrapper_entries=0 wrapper_expected=0
ARGUMENTS_PASS m=33 n=1 calls=0 bad=0 expected_panel_stride=264
SHARED_ALLOC_PASS m=33 n=1 calls=5 injected=1 shared_first=1 later_X_success=4
ALLOC_PASS m=33 n=7 small=1 wide_path=0 history_expected=1 history_calls=1 history_bytes=2048 history_success=0 history_fail=1 x_calls=4 x_bytes=8448 x_success=4 x_fail=0 kb_calls=0 kb_bytes=0 kb_success=0 kb_fail=0 total=5 injected=1 history_level=0 x_level=1 kb_level=-1 shape_bad=0 x_each_worker_once=1
CASE_PASS m=33 n=7 sve16_entries=2 expected=2 old_entries=2 packed_entries=0 packed_expected=0 wide_entries=0 wide_expected=0 wrapper_entries=0 wrapper_expected=0
ARGUMENTS_PASS m=33 n=7 calls=0 bad=0 expected_panel_stride=264
SHARED_ALLOC_PASS m=33 n=7 calls=5 injected=1 shared_first=1 later_X_success=4
ALLOC_PASS m=33 n=8 small=1 wide_path=0 history_expected=1 history_calls=1 history_bytes=2048 history_success=0 history_fail=1 x_calls=4 x_bytes=8448 x_success=4 x_fail=0 kb_calls=0 kb_bytes=0 kb_success=0 kb_fail=0 total=5 injected=1 history_level=0 x_level=1 kb_level=-1 shape_bad=0 x_each_worker_once=1
CASE_PASS m=33 n=8 sve16_entries=2 expected=2 old_entries=2 packed_entries=0 packed_expected=0 wide_entries=0 wide_expected=0 wrapper_entries=0 wrapper_expected=0
ARGUMENTS_PASS m=33 n=8 calls=0 bad=0 expected_panel_stride=264
SHARED_ALLOC_PASS m=33 n=8 calls=5 injected=1 shared_first=1 later_X_success=4
ALLOC_PASS m=33 n=9 small=1 wide_path=0 history_expected=1 history_calls=1 history_bytes=2048 history_success=0 history_fail=1 x_calls=4 x_bytes=8448 x_success=4 x_fail=0 kb_calls=0 kb_bytes=0 kb_success=0 kb_fail=0 total=5 injected=1 history_level=0 x_level=1 kb_level=-1 shape_bad=0 x_each_worker_once=1
CASE_PASS m=33 n=9 sve16_entries=4 expected=4 old_entries=4 packed_entries=0 packed_expected=0 wide_entries=0 wide_expected=0 wrapper_entries=0 wrapper_expected=0
ARGUMENTS_PASS m=33 n=9 calls=0 bad=0 expected_panel_stride=264
SHARED_ALLOC_PASS m=33 n=9 calls=5 injected=1 shared_first=1 later_X_success=4
ALLOC_PASS m=33 n=17 small=1 wide_path=0 history_expected=1 history_calls=1 history_bytes=2048 history_success=0 history_fail=1 x_calls=4 x_bytes=8448 x_success=4 x_fail=0 kb_calls=0 kb_bytes=0 kb_success=0 kb_fail=0 total=5 injected=1 history_level=0 x_level=1 kb_level=-1 shape_bad=0 x_each_worker_once=1
CASE_PASS m=33 n=17 sve16_entries=6 expected=6 old_entries=6 packed_entries=0 packed_expected=0 wide_entries=0 wide_expected=0 wrapper_entries=0 wrapper_expected=0
ARGUMENTS_PASS m=33 n=17 calls=0 bad=0 expected_panel_stride=264
SHARED_ALLOC_PASS m=33 n=17 calls=5 injected=1 shared_first=1 later_X_success=4
ALLOC_PASS m=63 n=1 small=1 wide_path=0 history_expected=1 history_calls=1 history_bytes=6144 history_success=0 history_fail=1 x_calls=4 x_bytes=16128 x_success=4 x_fail=0 kb_calls=0 kb_bytes=0 kb_success=0 kb_fail=0 total=5 injected=1 history_level=0 x_level=1 kb_level=-1 shape_bad=0 x_each_worker_once=1
CASE_PASS m=63 n=1 sve16_entries=3 expected=3 old_entries=3 packed_entries=0 packed_expected=0 wide_entries=0 wide_expected=0 wrapper_entries=0 wrapper_expected=0
ARGUMENTS_PASS m=63 n=1 calls=0 bad=0 expected_panel_stride=504
SHARED_ALLOC_PASS m=63 n=1 calls=5 injected=1 shared_first=1 later_X_success=4
ALLOC_PASS m=63 n=7 small=1 wide_path=0 history_expected=1 history_calls=1 history_bytes=6144 history_success=0 history_fail=1 x_calls=4 x_bytes=16128 x_success=4 x_fail=0 kb_calls=0 kb_bytes=0 kb_success=0 kb_fail=0 total=5 injected=1 history_level=0 x_level=1 kb_level=-1 shape_bad=0 x_each_worker_once=1
CASE_PASS m=63 n=7 sve16_entries=3 expected=3 old_entries=3 packed_entries=0 packed_expected=0 wide_entries=0 wide_expected=0 wrapper_entries=0 wrapper_expected=0
ARGUMENTS_PASS m=63 n=7 calls=0 bad=0 expected_panel_stride=504
SHARED_ALLOC_PASS m=63 n=7 calls=5 injected=1 shared_first=1 later_X_success=4
ALLOC_PASS m=63 n=8 small=1 wide_path=0 history_expected=1 history_calls=1 history_bytes=6144 history_success=0 history_fail=1 x_calls=4 x_bytes=16128 x_success=4 x_fail=0 kb_calls=0 kb_bytes=0 kb_success=0 kb_fail=0 total=5 injected=1 history_level=0 x_level=1 kb_level=-1 shape_bad=0 x_each_worker_once=1
CASE_PASS m=63 n=8 sve16_entries=3 expected=3 old_entries=3 packed_entries=0 packed_expected=0 wide_entries=0 wide_expected=0 wrapper_entries=0 wrapper_expected=0
ARGUMENTS_PASS m=63 n=8 calls=0 bad=0 expected_panel_stride=504
SHARED_ALLOC_PASS m=63 n=8 calls=5 injected=1 shared_first=1 later_X_success=4
ALLOC_PASS m=63 n=9 small=1 wide_path=0 history_expected=1 history_calls=1 history_bytes=6144 history_success=0 history_fail=1 x_calls=4 x_bytes=16128 x_success=4 x_fail=0 kb_calls=0 kb_bytes=0 kb_success=0 kb_fail=0 total=5 injected=1 history_level=0 x_level=1 kb_level=-1 shape_bad=0 x_each_worker_once=1
CASE_PASS m=63 n=9 sve16_entries=6 expected=6 old_entries=6 packed_entries=0 packed_expected=0 wide_entries=0 wide_expected=0 wrapper_entries=0 wrapper_expected=0
ARGUMENTS_PASS m=63 n=9 calls=0 bad=0 expected_panel_stride=504
SHARED_ALLOC_PASS m=63 n=9 calls=5 injected=1 shared_first=1 later_X_success=4
ALLOC_PASS m=63 n=17 small=1 wide_path=0 history_expected=1 history_calls=1 history_bytes=6144 history_success=0 history_fail=1 x_calls=4 x_bytes=16128 x_success=4 x_fail=0 kb_calls=0 kb_bytes=0 kb_success=0 kb_fail=0 total=5 injected=1 history_level=0 x_level=1 kb_level=-1 shape_bad=0 x_each_worker_once=1
CASE_PASS m=63 n=17 sve16_entries=9 expected=9 old_entries=9 packed_entries=0 packed_expected=0 wide_entries=0 wide_expected=0 wrapper_entries=0 wrapper_expected=0
ARGUMENTS_PASS m=63 n=17 calls=0 bad=0 expected_panel_stride=504
SHARED_ALLOC_PASS m=63 n=17 calls=5 injected=1 shared_first=1 later_X_success=4
ALLOC_PASS m=64 n=1 small=1 wide_path=0 history_expected=1 history_calls=1 history_bytes=12288 history_success=0 history_fail=1 x_calls=4 x_bytes=16384 x_success=4 x_fail=0 kb_calls=0 kb_bytes=0 kb_success=0 kb_fail=0 total=5 injected=1 history_level=0 x_level=1 kb_level=-1 shape_bad=0 x_each_worker_once=1
CASE_PASS m=64 n=1 sve16_entries=4 expected=4 old_entries=4 packed_entries=0 packed_expected=0 wide_entries=0 wide_expected=0 wrapper_entries=0 wrapper_expected=0
ARGUMENTS_PASS m=64 n=1 calls=0 bad=0 expected_panel_stride=512
SHARED_ALLOC_PASS m=64 n=1 calls=5 injected=1 shared_first=1 later_X_success=4
ALLOC_PASS m=64 n=7 small=1 wide_path=0 history_expected=1 history_calls=1 history_bytes=12288 history_success=0 history_fail=1 x_calls=4 x_bytes=16384 x_success=4 x_fail=0 kb_calls=0 kb_bytes=0 kb_success=0 kb_fail=0 total=5 injected=1 history_level=0 x_level=1 kb_level=-1 shape_bad=0 x_each_worker_once=1
CASE_PASS m=64 n=7 sve16_entries=4 expected=4 old_entries=4 packed_entries=0 packed_expected=0 wide_entries=0 wide_expected=0 wrapper_entries=0 wrapper_expected=0
ARGUMENTS_PASS m=64 n=7 calls=0 bad=0 expected_panel_stride=512
SHARED_ALLOC_PASS m=64 n=7 calls=5 injected=1 shared_first=1 later_X_success=4
ALLOC_PASS m=64 n=8 small=1 wide_path=0 history_expected=1 history_calls=1 history_bytes=12288 history_success=0 history_fail=1 x_calls=4 x_bytes=16384 x_success=4 x_fail=0 kb_calls=0 kb_bytes=0 kb_success=0 kb_fail=0 total=5 injected=1 history_level=0 x_level=1 kb_level=-1 shape_bad=0 x_each_worker_once=1
CASE_PASS m=64 n=8 sve16_entries=4 expected=4 old_entries=4 packed_entries=0 packed_expected=0 wide_entries=0 wide_expected=0 wrapper_entries=0 wrapper_expected=0
ARGUMENTS_PASS m=64 n=8 calls=0 bad=0 expected_panel_stride=512
SHARED_ALLOC_PASS m=64 n=8 calls=5 injected=1 shared_first=1 later_X_success=4
ALLOC_PASS m=64 n=9 small=1 wide_path=0 history_expected=1 history_calls=1 history_bytes=12288 history_success=0 history_fail=1 x_calls=4 x_bytes=16384 x_success=4 x_fail=0 kb_calls=0 kb_bytes=0 kb_success=0 kb_fail=0 total=5 injected=1 history_level=0 x_level=1 kb_level=-1 shape_bad=0 x_each_worker_once=1
CASE_PASS m=64 n=9 sve16_entries=8 expected=8 old_entries=8 packed_entries=0 packed_expected=0 wide_entries=0 wide_expected=0 wrapper_entries=0 wrapper_expected=0
ARGUMENTS_PASS m=64 n=9 calls=0 bad=0 expected_panel_stride=512
SHARED_ALLOC_PASS m=64 n=9 calls=5 injected=1 shared_first=1 later_X_success=4
ALLOC_PASS m=64 n=17 small=1 wide_path=0 history_expected=1 history_calls=1 history_bytes=12288 history_success=0 history_fail=1 x_calls=4 x_bytes=16384 x_success=4 x_fail=0 kb_calls=0 kb_bytes=0 kb_success=0 kb_fail=0 total=5 injected=1 history_level=0 x_level=1 kb_level=-1 shape_bad=0 x_each_worker_once=1
CASE_PASS m=64 n=17 sve16_entries=12 expected=12 old_entries=12 packed_entries=0 packed_expected=0 wide_entries=0 wide_expected=0 wrapper_entries=0 wrapper_expected=0
ARGUMENTS_PASS m=64 n=17 calls=0 bad=0 expected_panel_stride=512
SHARED_ALLOC_PASS m=64 n=17 calls=5 injected=1 shared_first=1 later_X_success=4
ALLOC_PASS m=65 n=1 small=1 wide_path=0 history_expected=1 history_calls=1 history_bytes=12288 history_success=0 history_fail=1 x_calls=4 x_bytes=16640 x_success=4 x_fail=0 kb_calls=0 kb_bytes=0 kb_success=0 kb_fail=0 total=5 injected=1 history_level=0 x_level=1 kb_level=-1 shape_bad=0 x_each_worker_once=1
CASE_PASS m=65 n=1 sve16_entries=4 expected=4 old_entries=4 packed_entries=0 packed_expected=0 wide_entries=0 wide_expected=0 wrapper_entries=0 wrapper_expected=0
ARGUMENTS_PASS m=65 n=1 calls=0 bad=0 expected_panel_stride=520
SHARED_ALLOC_PASS m=65 n=1 calls=5 injected=1 shared_first=1 later_X_success=4
ALLOC_PASS m=65 n=7 small=1 wide_path=0 history_expected=1 history_calls=1 history_bytes=12288 history_success=0 history_fail=1 x_calls=4 x_bytes=16640 x_success=4 x_fail=0 kb_calls=0 kb_bytes=0 kb_success=0 kb_fail=0 total=5 injected=1 history_level=0 x_level=1 kb_level=-1 shape_bad=0 x_each_worker_once=1
CASE_PASS m=65 n=7 sve16_entries=4 expected=4 old_entries=4 packed_entries=0 packed_expected=0 wide_entries=0 wide_expected=0 wrapper_entries=0 wrapper_expected=0
ARGUMENTS_PASS m=65 n=7 calls=0 bad=0 expected_panel_stride=520
SHARED_ALLOC_PASS m=65 n=7 calls=5 injected=1 shared_first=1 later_X_success=4
ALLOC_PASS m=65 n=8 small=1 wide_path=0 history_expected=1 history_calls=1 history_bytes=12288 history_success=0 history_fail=1 x_calls=4 x_bytes=16640 x_success=4 x_fail=0 kb_calls=0 kb_bytes=0 kb_success=0 kb_fail=0 total=5 injected=1 history_level=0 x_level=1 kb_level=-1 shape_bad=0 x_each_worker_once=1
CASE_PASS m=65 n=8 sve16_entries=4 expected=4 old_entries=4 packed_entries=0 packed_expected=0 wide_entries=0 wide_expected=0 wrapper_entries=0 wrapper_expected=0
ARGUMENTS_PASS m=65 n=8 calls=0 bad=0 expected_panel_stride=520
SHARED_ALLOC_PASS m=65 n=8 calls=5 injected=1 shared_first=1 later_X_success=4
ALLOC_PASS m=65 n=9 small=1 wide_path=0 history_expected=1 history_calls=1 history_bytes=12288 history_success=0 history_fail=1 x_calls=4 x_bytes=16640 x_success=4 x_fail=0 kb_calls=0 kb_bytes=0 kb_success=0 kb_fail=0 total=5 injected=1 history_level=0 x_level=1 kb_level=-1 shape_bad=0 x_each_worker_once=1
CASE_PASS m=65 n=9 sve16_entries=8 expected=8 old_entries=8 packed_entries=0 packed_expected=0 wide_entries=0 wide_expected=0 wrapper_entries=0 wrapper_expected=0
ARGUMENTS_PASS m=65 n=9 calls=0 bad=0 expected_panel_stride=520
SHARED_ALLOC_PASS m=65 n=9 calls=5 injected=1 shared_first=1 later_X_success=4
ALLOC_PASS m=65 n=17 small=1 wide_path=0 history_expected=1 history_calls=1 history_bytes=12288 history_success=0 history_fail=1 x_calls=4 x_bytes=16640 x_success=4 x_fail=0 kb_calls=0 kb_bytes=0 kb_success=0 kb_fail=0 total=5 injected=1 history_level=0 x_level=1 kb_level=-1 shape_bad=0 x_each_worker_once=1
CASE_PASS m=65 n=17 sve16_entries=12 expected=12 old_entries=12 packed_entries=0 packed_expected=0 wide_entries=0 wide_expected=0 wrapper_entries=0 wrapper_expected=0
ARGUMENTS_PASS m=65 n=17 calls=0 bad=0 expected_panel_stride=520
SHARED_ALLOC_PASS m=65 n=17 calls=5 injected=1 shared_first=1 later_X_success=4
ALLOC_PASS m=255 n=1 small=1 wide_path=0 history_expected=1 history_calls=1 history_bytes=215040 history_success=0 history_fail=1 x_calls=4 x_bytes=65280 x_success=4 x_fail=0 kb_calls=0 kb_bytes=0 kb_success=0 kb_fail=0 total=5 injected=1 history_level=0 x_level=1 kb_level=-1 shape_bad=0 x_each_worker_once=1
CASE_PASS m=255 n=1 sve16_entries=15 expected=15 old_entries=15 packed_entries=0 packed_expected=0 wide_entries=0 wide_expected=0 wrapper_entries=0 wrapper_expected=0
ARGUMENTS_PASS m=255 n=1 calls=0 bad=0 expected_panel_stride=2040
SHARED_ALLOC_PASS m=255 n=1 calls=5 injected=1 shared_first=1 later_X_success=4
ALLOC_PASS m=255 n=7 small=1 wide_path=0 history_expected=1 history_calls=1 history_bytes=215040 history_success=0 history_fail=1 x_calls=4 x_bytes=65280 x_success=4 x_fail=0 kb_calls=0 kb_bytes=0 kb_success=0 kb_fail=0 total=5 injected=1 history_level=0 x_level=1 kb_level=-1 shape_bad=0 x_each_worker_once=1
CASE_PASS m=255 n=7 sve16_entries=15 expected=15 old_entries=15 packed_entries=0 packed_expected=0 wide_entries=0 wide_expected=0 wrapper_entries=0 wrapper_expected=0
ARGUMENTS_PASS m=255 n=7 calls=0 bad=0 expected_panel_stride=2040
SHARED_ALLOC_PASS m=255 n=7 calls=5 injected=1 shared_first=1 later_X_success=4
ALLOC_PASS m=255 n=8 small=1 wide_path=0 history_expected=1 history_calls=1 history_bytes=215040 history_success=0 history_fail=1 x_calls=4 x_bytes=65280 x_success=4 x_fail=0 kb_calls=0 kb_bytes=0 kb_success=0 kb_fail=0 total=5 injected=1 history_level=0 x_level=1 kb_level=-1 shape_bad=0 x_each_worker_once=1
CASE_PASS m=255 n=8 sve16_entries=15 expected=15 old_entries=15 packed_entries=0 packed_expected=0 wide_entries=0 wide_expected=0 wrapper_entries=0 wrapper_expected=0
ARGUMENTS_PASS m=255 n=8 calls=0 bad=0 expected_panel_stride=2040
SHARED_ALLOC_PASS m=255 n=8 calls=5 injected=1 shared_first=1 later_X_success=4
ALLOC_PASS m=255 n=9 small=1 wide_path=0 history_expected=1 history_calls=1 history_bytes=215040 history_success=0 history_fail=1 x_calls=4 x_bytes=65280 x_success=4 x_fail=0 kb_calls=0 kb_bytes=0 kb_success=0 kb_fail=0 total=5 injected=1 history_level=0 x_level=1 kb_level=-1 shape_bad=0 x_each_worker_once=1
CASE_PASS m=255 n=9 sve16_entries=30 expected=30 old_entries=30 packed_entries=0 packed_expected=0 wide_entries=0 wide_expected=0 wrapper_entries=0 wrapper_expected=0
ARGUMENTS_PASS m=255 n=9 calls=0 bad=0 expected_panel_stride=2040
SHARED_ALLOC_PASS m=255 n=9 calls=5 injected=1 shared_first=1 later_X_success=4
ALLOC_PASS m=255 n=17 small=1 wide_path=0 history_expected=1 history_calls=1 history_bytes=215040 history_success=0 history_fail=1 x_calls=4 x_bytes=65280 x_success=4 x_fail=0 kb_calls=0 kb_bytes=0 kb_success=0 kb_fail=0 total=5 injected=1 history_level=0 x_level=1 kb_level=-1 shape_bad=0 x_each_worker_once=1
CASE_PASS m=255 n=17 sve16_entries=45 expected=45 old_entries=45 packed_entries=0 packed_expected=0 wide_entries=0 wide_expected=0 wrapper_entries=0 wrapper_expected=0
ARGUMENTS_PASS m=255 n=17 calls=0 bad=0 expected_panel_stride=2040
SHARED_ALLOC_PASS m=255 n=17 calls=5 injected=1 shared_first=1 later_X_success=4
ALLOC_PASS m=256 n=1 small=1 wide_path=0 history_expected=1 history_calls=1 history_bytes=245760 history_success=0 history_fail=1 x_calls=4 x_bytes=65536 x_success=4 x_fail=0 kb_calls=0 kb_bytes=0 kb_success=0 kb_fail=0 total=5 injected=1 history_level=0 x_level=1 kb_level=-1 shape_bad=0 x_each_worker_once=1
CASE_PASS m=256 n=1 sve16_entries=16 expected=16 old_entries=16 packed_entries=0 packed_expected=0 wide_entries=0 wide_expected=0 wrapper_entries=0 wrapper_expected=0
ARGUMENTS_PASS m=256 n=1 calls=0 bad=0 expected_panel_stride=2048
SHARED_ALLOC_PASS m=256 n=1 calls=5 injected=1 shared_first=1 later_X_success=4
ALLOC_PASS m=256 n=7 small=1 wide_path=0 history_expected=1 history_calls=1 history_bytes=245760 history_success=0 history_fail=1 x_calls=4 x_bytes=65536 x_success=4 x_fail=0 kb_calls=0 kb_bytes=0 kb_success=0 kb_fail=0 total=5 injected=1 history_level=0 x_level=1 kb_level=-1 shape_bad=0 x_each_worker_once=1
CASE_PASS m=256 n=7 sve16_entries=16 expected=16 old_entries=16 packed_entries=0 packed_expected=0 wide_entries=0 wide_expected=0 wrapper_entries=0 wrapper_expected=0
ARGUMENTS_PASS m=256 n=7 calls=0 bad=0 expected_panel_stride=2048
SHARED_ALLOC_PASS m=256 n=7 calls=5 injected=1 shared_first=1 later_X_success=4
ALLOC_PASS m=256 n=8 small=1 wide_path=0 history_expected=1 history_calls=1 history_bytes=245760 history_success=0 history_fail=1 x_calls=4 x_bytes=65536 x_success=4 x_fail=0 kb_calls=0 kb_bytes=0 kb_success=0 kb_fail=0 total=5 injected=1 history_level=0 x_level=1 kb_level=-1 shape_bad=0 x_each_worker_once=1
CASE_PASS m=256 n=8 sve16_entries=16 expected=16 old_entries=16 packed_entries=0 packed_expected=0 wide_entries=0 wide_expected=0 wrapper_entries=0 wrapper_expected=0
ARGUMENTS_PASS m=256 n=8 calls=0 bad=0 expected_panel_stride=2048
SHARED_ALLOC_PASS m=256 n=8 calls=5 injected=1 shared_first=1 later_X_success=4
ALLOC_PASS m=256 n=9 small=1 wide_path=0 history_expected=1 history_calls=1 history_bytes=245760 history_success=0 history_fail=1 x_calls=4 x_bytes=65536 x_success=4 x_fail=0 kb_calls=0 kb_bytes=0 kb_success=0 kb_fail=0 total=5 injected=1 history_level=0 x_level=1 kb_level=-1 shape_bad=0 x_each_worker_once=1
CASE_PASS m=256 n=9 sve16_entries=32 expected=32 old_entries=32 packed_entries=0 packed_expected=0 wide_entries=0 wide_expected=0 wrapper_entries=0 wrapper_expected=0
ARGUMENTS_PASS m=256 n=9 calls=0 bad=0 expected_panel_stride=2048
SHARED_ALLOC_PASS m=256 n=9 calls=5 injected=1 shared_first=1 later_X_success=4
ALLOC_PASS m=256 n=17 small=1 wide_path=0 history_expected=1 history_calls=1 history_bytes=245760 history_success=0 history_fail=1 x_calls=4 x_bytes=65536 x_success=4 x_fail=0 kb_calls=0 kb_bytes=0 kb_success=0 kb_fail=0 total=5 injected=1 history_level=0 x_level=1 kb_level=-1 shape_bad=0 x_each_worker_once=1
CASE_PASS m=256 n=17 sve16_entries=48 expected=48 old_entries=48 packed_entries=0 packed_expected=0 wide_entries=0 wide_expected=0 wrapper_entries=0 wrapper_expected=0
ARGUMENTS_PASS m=256 n=17 calls=0 bad=0 expected_panel_stride=2048
SHARED_ALLOC_PASS m=256 n=17 calls=5 injected=1 shared_first=1 later_X_success=4
ALLOC_PASS m=257 n=1 small=1 wide_path=0 history_expected=1 history_calls=1 history_bytes=245760 history_success=0 history_fail=1 x_calls=4 x_bytes=65792 x_success=4 x_fail=0 kb_calls=0 kb_bytes=0 kb_success=0 kb_fail=0 total=5 injected=1 history_level=0 x_level=1 kb_level=-1 shape_bad=0 x_each_worker_once=1
CASE_PASS m=257 n=1 sve16_entries=16 expected=16 old_entries=16 packed_entries=0 packed_expected=0 wide_entries=0 wide_expected=0 wrapper_entries=0 wrapper_expected=0
ARGUMENTS_PASS m=257 n=1 calls=0 bad=0 expected_panel_stride=2056
SHARED_ALLOC_PASS m=257 n=1 calls=5 injected=1 shared_first=1 later_X_success=4
ALLOC_PASS m=257 n=7 small=1 wide_path=0 history_expected=1 history_calls=1 history_bytes=245760 history_success=0 history_fail=1 x_calls=4 x_bytes=65792 x_success=4 x_fail=0 kb_calls=0 kb_bytes=0 kb_success=0 kb_fail=0 total=5 injected=1 history_level=0 x_level=1 kb_level=-1 shape_bad=0 x_each_worker_once=1
CASE_PASS m=257 n=7 sve16_entries=16 expected=16 old_entries=16 packed_entries=0 packed_expected=0 wide_entries=0 wide_expected=0 wrapper_entries=0 wrapper_expected=0
ARGUMENTS_PASS m=257 n=7 calls=0 bad=0 expected_panel_stride=2056
SHARED_ALLOC_PASS m=257 n=7 calls=5 injected=1 shared_first=1 later_X_success=4
ALLOC_PASS m=257 n=8 small=1 wide_path=0 history_expected=1 history_calls=1 history_bytes=245760 history_success=0 history_fail=1 x_calls=4 x_bytes=65792 x_success=4 x_fail=0 kb_calls=0 kb_bytes=0 kb_success=0 kb_fail=0 total=5 injected=1 history_level=0 x_level=1 kb_level=-1 shape_bad=0 x_each_worker_once=1
CASE_PASS m=257 n=8 sve16_entries=16 expected=16 old_entries=16 packed_entries=0 packed_expected=0 wide_entries=0 wide_expected=0 wrapper_entries=0 wrapper_expected=0
ARGUMENTS_PASS m=257 n=8 calls=0 bad=0 expected_panel_stride=2056
SHARED_ALLOC_PASS m=257 n=8 calls=5 injected=1 shared_first=1 later_X_success=4
ALLOC_PASS m=257 n=9 small=1 wide_path=0 history_expected=1 history_calls=1 history_bytes=245760 history_success=0 history_fail=1 x_calls=4 x_bytes=65792 x_success=4 x_fail=0 kb_calls=0 kb_bytes=0 kb_success=0 kb_fail=0 total=5 injected=1 history_level=0 x_level=1 kb_level=-1 shape_bad=0 x_each_worker_once=1
CASE_PASS m=257 n=9 sve16_entries=32 expected=32 old_entries=32 packed_entries=0 packed_expected=0 wide_entries=0 wide_expected=0 wrapper_entries=0 wrapper_expected=0
ARGUMENTS_PASS m=257 n=9 calls=0 bad=0 expected_panel_stride=2056
SHARED_ALLOC_PASS m=257 n=9 calls=5 injected=1 shared_first=1 later_X_success=4
ALLOC_PASS m=257 n=17 small=1 wide_path=0 history_expected=1 history_calls=1 history_bytes=245760 history_success=0 history_fail=1 x_calls=4 x_bytes=65792 x_success=4 x_fail=0 kb_calls=0 kb_bytes=0 kb_success=0 kb_fail=0 total=5 injected=1 history_level=0 x_level=1 kb_level=-1 shape_bad=0 x_each_worker_once=1
CASE_PASS m=257 n=17 sve16_entries=48 expected=48 old_entries=48 packed_entries=0 packed_expected=0 wide_entries=0 wide_expected=0 wrapper_entries=0 wrapper_expected=0
ARGUMENTS_PASS m=257 n=17 calls=0 bad=0 expected_panel_stride=2056
SHARED_ALLOC_PASS m=257 n=17 calls=5 injected=1 shared_first=1 later_X_success=4
ALLOCATION_SUMMARY_PASS cases=40 budget_cases=0 shared_injection_cases=40
PASS whole_cases=40 noop_cases=4 non_dyadic_long_double_RHS=1 padding_L_unchanged=1 max_error=1.1102230246251565e-16
SOURCE_FEATURES_PASS panel16=1 packedL16=1 has_budget=1 history_budget_bytes=4194304 panel8x16=1
MODE=budget THREADS=1 NARROW_VL=0 EXPECT_SVE16=1 EXPECT_PACKEDL16=1
ALLOC_PASS m=1023 n=9 small=1 wide_path=0 history_expected=1 history_calls=1 history_bytes=3999744 history_success=1 history_fail=0 x_calls=1 x_bytes=65472 x_success=1 x_fail=0 kb_calls=0 kb_bytes=0 kb_success=0 kb_fail=0 total=2 injected=0 history_level=0 x_level=1 kb_level=-1 shape_bad=0 x_each_worker_once=1
CASE_PASS m=1023 n=9 sve16_entries=126 expected=126 old_entries=2 packed_entries=124 packed_expected=124 wide_entries=0 wide_expected=0 wrapper_entries=0 wrapper_expected=0
ARGUMENTS_PASS m=1023 n=9 calls=0 bad=0 expected_panel_stride=8184
ALLOC_PASS m=1024 n=9 small=1 wide_path=0 history_expected=1 history_calls=1 history_bytes=4128768 history_success=1 history_fail=0 x_calls=1 x_bytes=65536 x_success=1 x_fail=0 kb_calls=0 kb_bytes=0 kb_success=0 kb_fail=0 total=2 injected=0 history_level=0 x_level=1 kb_level=-1 shape_bad=0 x_each_worker_once=1
CASE_PASS m=1024 n=9 sve16_entries=128 expected=128 old_entries=2 packed_entries=126 packed_expected=126 wide_entries=0 wide_expected=0 wrapper_entries=0 wrapper_expected=0
ARGUMENTS_PASS m=1024 n=9 calls=0 bad=0 expected_panel_stride=8192
ALLOC_PASS m=1039 n=9 small=1 wide_path=0 history_expected=1 history_calls=1 history_bytes=4128768 history_success=1 history_fail=0 x_calls=1 x_bytes=66496 x_success=1 x_fail=0 kb_calls=0 kb_bytes=0 kb_success=0 kb_fail=0 total=2 injected=0 history_level=0 x_level=1 kb_level=-1 shape_bad=0 x_each_worker_once=1
CASE_PASS m=1039 n=9 sve16_entries=128 expected=128 old_entries=2 packed_entries=126 packed_expected=126 wide_entries=0 wide_expected=0 wrapper_entries=0 wrapper_expected=0
ARGUMENTS_PASS m=1039 n=9 calls=0 bad=0 expected_panel_stride=8312
ALLOC_PASS m=1040 n=9 small=1 wide_path=1 history_expected=0 history_calls=0 history_bytes=0 history_success=0 history_fail=0 x_calls=1 x_bytes=133120 x_success=1 x_fail=0 kb_calls=0 kb_bytes=0 kb_success=0 kb_fail=0 total=1 injected=0 history_level=-1 x_level=1 kb_level=-1 shape_bad=0 x_each_worker_once=1
CASE_PASS m=1040 n=9 sve16_entries=130 expected=130 old_entries=130 packed_entries=0 packed_expected=0 wide_entries=0 wide_expected=0 wrapper_entries=1 wrapper_expected=1
ARGUMENTS_PASS m=1040 n=9 calls=0 bad=0 expected_panel_stride=8320
ALLOC_PASS m=1041 n=9 small=1 wide_path=1 history_expected=0 history_calls=0 history_bytes=0 history_success=0 history_fail=0 x_calls=1 x_bytes=133248 x_success=1 x_fail=0 kb_calls=0 kb_bytes=0 kb_success=0 kb_fail=0 total=1 injected=0 history_level=-1 x_level=1 kb_level=-1 shape_bad=0 x_each_worker_once=1
CASE_PASS m=1041 n=9 sve16_entries=130 expected=130 old_entries=130 packed_entries=0 packed_expected=0 wide_entries=0 wide_expected=0 wrapper_entries=1 wrapper_expected=1
ARGUMENTS_PASS m=1041 n=9 calls=0 bad=0 expected_panel_stride=8328
ALLOCATION_SUMMARY_PASS cases=5 budget_cases=5 shared_injection_cases=0
PASS whole_cases=5 noop_cases=4 non_dyadic_long_double_RHS=1 padding_L_unchanged=1 max_error=1.1102230246251565e-16
SOURCE_FEATURES_PASS panel16=1 packedL16=1 has_budget=1 history_budget_bytes=4194304 panel8x16=1
MODE=budget THREADS=4 NARROW_VL=0 EXPECT_SVE16=1 EXPECT_PACKEDL16=1
ALLOC_PASS m=1023 n=9 small=1 wide_path=0 history_expected=1 history_calls=1 history_bytes=3999744 history_success=1 history_fail=0 x_calls=4 x_bytes=261888 x_success=4 x_fail=0 kb_calls=0 kb_bytes=0 kb_success=0 kb_fail=0 total=5 injected=0 history_level=0 x_level=1 kb_level=-1 shape_bad=0 x_each_worker_once=1
CASE_PASS m=1023 n=9 sve16_entries=126 expected=126 old_entries=2 packed_entries=124 packed_expected=124 wide_entries=0 wide_expected=0 wrapper_entries=0 wrapper_expected=0
ARGUMENTS_PASS m=1023 n=9 calls=0 bad=0 expected_panel_stride=8184
ALLOC_PASS m=1024 n=9 small=1 wide_path=0 history_expected=1 history_calls=1 history_bytes=4128768 history_success=1 history_fail=0 x_calls=4 x_bytes=262144 x_success=4 x_fail=0 kb_calls=0 kb_bytes=0 kb_success=0 kb_fail=0 total=5 injected=0 history_level=0 x_level=1 kb_level=-1 shape_bad=0 x_each_worker_once=1
CASE_PASS m=1024 n=9 sve16_entries=128 expected=128 old_entries=2 packed_entries=126 packed_expected=126 wide_entries=0 wide_expected=0 wrapper_entries=0 wrapper_expected=0
ARGUMENTS_PASS m=1024 n=9 calls=0 bad=0 expected_panel_stride=8192
ALLOC_PASS m=1039 n=9 small=1 wide_path=0 history_expected=1 history_calls=1 history_bytes=4128768 history_success=1 history_fail=0 x_calls=4 x_bytes=265984 x_success=4 x_fail=0 kb_calls=0 kb_bytes=0 kb_success=0 kb_fail=0 total=5 injected=0 history_level=0 x_level=1 kb_level=-1 shape_bad=0 x_each_worker_once=1
CASE_PASS m=1039 n=9 sve16_entries=128 expected=128 old_entries=2 packed_entries=126 packed_expected=126 wide_entries=0 wide_expected=0 wrapper_entries=0 wrapper_expected=0
ARGUMENTS_PASS m=1039 n=9 calls=0 bad=0 expected_panel_stride=8312
ALLOC_PASS m=1040 n=9 small=1 wide_path=1 history_expected=0 history_calls=0 history_bytes=0 history_success=0 history_fail=0 x_calls=4 x_bytes=532480 x_success=4 x_fail=0 kb_calls=0 kb_bytes=0 kb_success=0 kb_fail=0 total=4 injected=0 history_level=-1 x_level=1 kb_level=-1 shape_bad=0 x_each_worker_once=1
CASE_PASS m=1040 n=9 sve16_entries=130 expected=130 old_entries=130 packed_entries=0 packed_expected=0 wide_entries=0 wide_expected=0 wrapper_entries=1 wrapper_expected=1
ARGUMENTS_PASS m=1040 n=9 calls=0 bad=0 expected_panel_stride=8320
ALLOC_PASS m=1041 n=9 small=1 wide_path=1 history_expected=0 history_calls=0 history_bytes=0 history_success=0 history_fail=0 x_calls=4 x_bytes=532992 x_success=4 x_fail=0 kb_calls=0 kb_bytes=0 kb_success=0 kb_fail=0 total=4 injected=0 history_level=-1 x_level=1 kb_level=-1 shape_bad=0 x_each_worker_once=1
CASE_PASS m=1041 n=9 sve16_entries=130 expected=130 old_entries=130 packed_entries=0 packed_expected=0 wide_entries=0 wide_expected=0 wrapper_entries=1 wrapper_expected=1
ARGUMENTS_PASS m=1041 n=9 calls=0 bad=0 expected_panel_stride=8328
ALLOCATION_SUMMARY_PASS cases=5 budget_cases=5 shared_injection_cases=0
PASS whole_cases=5 noop_cases=4 non_dyadic_long_double_RHS=1 padding_L_unchanged=1 max_error=1.1102230246251565e-16
SOURCE_FEATURES_PASS panel16=1 packedL16=1 has_budget=1 history_budget_bytes=4194304 panel8x16=1
MODE=budget-smoke THREADS=38 NARROW_VL=0 EXPECT_SVE16=1 EXPECT_PACKEDL16=1
ALLOC_PASS m=1039 n=313 small=1 wide_path=0 history_expected=1 history_calls=1 history_bytes=4128768 history_success=1 history_fail=0 x_calls=38 x_bytes=2526848 x_success=38 x_fail=0 kb_calls=0 kb_bytes=0 kb_success=0 kb_fail=0 total=39 injected=0 history_level=0 x_level=1 kb_level=-1 shape_bad=0 x_each_worker_once=1
CASE_PASS m=1039 n=313 sve16_entries=2560 expected=2560 old_entries=40 packed_entries=2520 packed_expected=2520 wide_entries=0 wide_expected=0 wrapper_entries=0 wrapper_expected=0
ARGUMENTS_PASS m=1039 n=313 calls=0 bad=0 expected_panel_stride=8312
ALLOC_PASS m=1040 n=313 small=1 wide_path=1 history_expected=0 history_calls=0 history_bytes=0 history_success=0 history_fail=0 x_calls=38 x_bytes=5058560 x_success=38 x_fail=0 kb_calls=0 kb_bytes=0 kb_success=0 kb_fail=0 total=38 injected=0 history_level=-1 x_level=1 kb_level=-1 shape_bad=0 x_each_worker_once=1
CASE_PASS m=1040 n=313 sve16_entries=130 expected=130 old_entries=130 packed_entries=0 packed_expected=0 wide_entries=2470 wide_expected=2470 wrapper_entries=1 wrapper_expected=1
ARGUMENTS_PASS m=1040 n=313 calls=2470 bad=0 expected_panel_stride=8320
ALLOCATION_SUMMARY_PASS cases=2 budget_cases=2 shared_injection_cases=0
PASS whole_cases=2 noop_cases=4 non_dyadic_long_double_RHS=1 padding_L_unchanged=1 max_error=1.1102230246251565e-16
SOURCE_FEATURES_PASS panel16=1 packedL16=1 has_budget=1 history_budget_bytes=4194304 panel8x16=1
MODE=budget THREADS=4 NARROW_VL=0 EXPECT_SVE16=0 EXPECT_PACKEDL16=0
ALLOC_PASS m=1023 n=9 small=1 wide_path=0 history_expected=1 history_calls=1 history_bytes=3999744 history_success=1 history_fail=0 x_calls=4 x_bytes=261888 x_success=0 x_fail=4 kb_calls=0 kb_bytes=0 kb_success=0 kb_fail=0 total=5 injected=4 history_level=0 x_level=1 kb_level=-1 shape_bad=0 x_each_worker_once=1
CASE_PASS m=1023 n=9 sve16_entries=0 expected=0 old_entries=0 packed_entries=0 packed_expected=0 wide_entries=0 wide_expected=0 wrapper_entries=0 wrapper_expected=0
ARGUMENTS_PASS m=1023 n=9 calls=0 bad=0 expected_panel_stride=8184
ALLOC_PASS m=1024 n=9 small=1 wide_path=0 history_expected=1 history_calls=1 history_bytes=4128768 history_success=1 history_fail=0 x_calls=4 x_bytes=262144 x_success=0 x_fail=4 kb_calls=0 kb_bytes=0 kb_success=0 kb_fail=0 total=5 injected=4 history_level=0 x_level=1 kb_level=-1 shape_bad=0 x_each_worker_once=1
CASE_PASS m=1024 n=9 sve16_entries=0 expected=0 old_entries=0 packed_entries=0 packed_expected=0 wide_entries=0 wide_expected=0 wrapper_entries=0 wrapper_expected=0
ARGUMENTS_PASS m=1024 n=9 calls=0 bad=0 expected_panel_stride=8192
ALLOC_PASS m=1039 n=9 small=1 wide_path=0 history_expected=1 history_calls=1 history_bytes=4128768 history_success=1 history_fail=0 x_calls=4 x_bytes=265984 x_success=0 x_fail=4 kb_calls=0 kb_bytes=0 kb_success=0 kb_fail=0 total=5 injected=4 history_level=0 x_level=1 kb_level=-1 shape_bad=0 x_each_worker_once=1
CASE_PASS m=1039 n=9 sve16_entries=0 expected=0 old_entries=0 packed_entries=0 packed_expected=0 wide_entries=0 wide_expected=0 wrapper_entries=0 wrapper_expected=0
ARGUMENTS_PASS m=1039 n=9 calls=0 bad=0 expected_panel_stride=8312
ALLOC_PASS m=1040 n=9 small=1 wide_path=1 history_expected=0 history_calls=0 history_bytes=0 history_success=0 history_fail=0 x_calls=4 x_bytes=532480 x_success=0 x_fail=4 kb_calls=0 kb_bytes=0 kb_success=0 kb_fail=0 total=4 injected=4 history_level=-1 x_level=1 kb_level=-1 shape_bad=0 x_each_worker_once=1
CASE_PASS m=1040 n=9 sve16_entries=0 expected=0 old_entries=0 packed_entries=0 packed_expected=0 wide_entries=0 wide_expected=0 wrapper_entries=1 wrapper_expected=1
ARGUMENTS_PASS m=1040 n=9 calls=0 bad=0 expected_panel_stride=8320
ALLOC_PASS m=1041 n=9 small=1 wide_path=1 history_expected=0 history_calls=0 history_bytes=0 history_success=0 history_fail=0 x_calls=4 x_bytes=532992 x_success=0 x_fail=4 kb_calls=0 kb_bytes=0 kb_success=0 kb_fail=0 total=4 injected=4 history_level=-1 x_level=1 kb_level=-1 shape_bad=0 x_each_worker_once=1
CASE_PASS m=1041 n=9 sve16_entries=0 expected=0 old_entries=0 packed_entries=0 packed_expected=0 wide_entries=0 wide_expected=0 wrapper_entries=1 wrapper_expected=1
ARGUMENTS_PASS m=1041 n=9 calls=0 bad=0 expected_panel_stride=8328
ALLOCATION_SUMMARY_PASS cases=5 budget_cases=5 shared_injection_cases=0
PASS whole_cases=5 noop_cases=4 non_dyadic_long_double_RHS=1 padding_L_unchanged=1 max_error=1.1102230246251565e-16
SOURCE_FEATURES_PASS panel16=1 packedL16=1 has_budget=1 history_budget_bytes=4194304 panel8x16=1
MODE=budget THREADS=4 NARROW_VL=0 EXPECT_SVE16=0 EXPECT_PACKEDL16=0
ALLOC_PASS m=1023 n=9 small=1 wide_path=0 history_expected=0 history_calls=0 history_bytes=0 history_success=0 history_fail=0 x_calls=4 x_bytes=261888 x_success=4 x_fail=0 kb_calls=0 kb_bytes=0 kb_success=0 kb_fail=0 total=4 injected=0 history_level=-1 x_level=1 kb_level=-1 shape_bad=0 x_each_worker_once=1
CASE_PASS m=1023 n=9 sve16_entries=0 expected=0 old_entries=0 packed_entries=0 packed_expected=0 wide_entries=0 wide_expected=0 wrapper_entries=0 wrapper_expected=0
ARGUMENTS_PASS m=1023 n=9 calls=0 bad=0 expected_panel_stride=8184
ALLOC_PASS m=1024 n=9 small=1 wide_path=0 history_expected=0 history_calls=0 history_bytes=0 history_success=0 history_fail=0 x_calls=4 x_bytes=262144 x_success=4 x_fail=0 kb_calls=0 kb_bytes=0 kb_success=0 kb_fail=0 total=4 injected=0 history_level=-1 x_level=1 kb_level=-1 shape_bad=0 x_each_worker_once=1
CASE_PASS m=1024 n=9 sve16_entries=0 expected=0 old_entries=0 packed_entries=0 packed_expected=0 wide_entries=0 wide_expected=0 wrapper_entries=0 wrapper_expected=0
ARGUMENTS_PASS m=1024 n=9 calls=0 bad=0 expected_panel_stride=8192
ALLOC_PASS m=1039 n=9 small=1 wide_path=0 history_expected=0 history_calls=0 history_bytes=0 history_success=0 history_fail=0 x_calls=4 x_bytes=265984 x_success=4 x_fail=0 kb_calls=0 kb_bytes=0 kb_success=0 kb_fail=0 total=4 injected=0 history_level=-1 x_level=1 kb_level=-1 shape_bad=0 x_each_worker_once=1
CASE_PASS m=1039 n=9 sve16_entries=0 expected=0 old_entries=0 packed_entries=0 packed_expected=0 wide_entries=0 wide_expected=0 wrapper_entries=0 wrapper_expected=0
ARGUMENTS_PASS m=1039 n=9 calls=0 bad=0 expected_panel_stride=8312
ALLOC_PASS m=1040 n=9 small=1 wide_path=0 history_expected=0 history_calls=0 history_bytes=0 history_success=0 history_fail=0 x_calls=4 x_bytes=266240 x_success=4 x_fail=0 kb_calls=0 kb_bytes=0 kb_success=0 kb_fail=0 total=4 injected=0 history_level=-1 x_level=1 kb_level=-1 shape_bad=0 x_each_worker_once=1
CASE_PASS m=1040 n=9 sve16_entries=0 expected=0 old_entries=0 packed_entries=0 packed_expected=0 wide_entries=0 wide_expected=0 wrapper_entries=0 wrapper_expected=0
ARGUMENTS_PASS m=1040 n=9 calls=0 bad=0 expected_panel_stride=8320
ALLOC_PASS m=1041 n=9 small=1 wide_path=0 history_expected=0 history_calls=0 history_bytes=0 history_success=0 history_fail=0 x_calls=4 x_bytes=266496 x_success=4 x_fail=0 kb_calls=0 kb_bytes=0 kb_success=0 kb_fail=0 total=4 injected=0 history_level=-1 x_level=1 kb_level=-1 shape_bad=0 x_each_worker_once=1
CASE_PASS m=1041 n=9 sve16_entries=0 expected=0 old_entries=0 packed_entries=0 packed_expected=0 wide_entries=0 wide_expected=0 wrapper_entries=0 wrapper_expected=0
ARGUMENTS_PASS m=1041 n=9 calls=0 bad=0 expected_panel_stride=8328
ALLOCATION_SUMMARY_PASS cases=5 budget_cases=5 shared_injection_cases=0
PASS whole_cases=5 noop_cases=4 non_dyadic_long_double_RHS=1 padding_L_unchanged=1 max_error=1.1102230246251565e-16
SOURCE_FEATURES_PASS panel16=1 packedL16=1 has_budget=1 history_budget_bytes=4194304 panel8x16=1
MODE=budget THREADS=4 NARROW_VL=1 EXPECT_SVE16=0 EXPECT_PACKEDL16=0
ALLOC_PASS m=1023 n=9 small=1 wide_path=0 history_expected=1 history_calls=1 history_bytes=3999744 history_success=1 history_fail=0 x_calls=4 x_bytes=261888 x_success=4 x_fail=0 kb_calls=0 kb_bytes=0 kb_success=0 kb_fail=0 total=5 injected=0 history_level=0 x_level=1 kb_level=-1 shape_bad=0 x_each_worker_once=1
CASE_PASS m=1023 n=9 sve16_entries=0 expected=0 old_entries=0 packed_entries=0 packed_expected=0 wide_entries=0 wide_expected=0 wrapper_entries=0 wrapper_expected=0
ARGUMENTS_PASS m=1023 n=9 calls=0 bad=0 expected_panel_stride=8184
ALLOC_PASS m=1024 n=9 small=1 wide_path=0 history_expected=1 history_calls=1 history_bytes=4128768 history_success=1 history_fail=0 x_calls=4 x_bytes=262144 x_success=4 x_fail=0 kb_calls=0 kb_bytes=0 kb_success=0 kb_fail=0 total=5 injected=0 history_level=0 x_level=1 kb_level=-1 shape_bad=0 x_each_worker_once=1
CASE_PASS m=1024 n=9 sve16_entries=0 expected=0 old_entries=0 packed_entries=0 packed_expected=0 wide_entries=0 wide_expected=0 wrapper_entries=0 wrapper_expected=0
ARGUMENTS_PASS m=1024 n=9 calls=0 bad=0 expected_panel_stride=8192
ALLOC_PASS m=1039 n=9 small=1 wide_path=0 history_expected=1 history_calls=1 history_bytes=4128768 history_success=1 history_fail=0 x_calls=4 x_bytes=265984 x_success=4 x_fail=0 kb_calls=0 kb_bytes=0 kb_success=0 kb_fail=0 total=5 injected=0 history_level=0 x_level=1 kb_level=-1 shape_bad=0 x_each_worker_once=1
CASE_PASS m=1039 n=9 sve16_entries=0 expected=0 old_entries=0 packed_entries=0 packed_expected=0 wide_entries=0 wide_expected=0 wrapper_entries=0 wrapper_expected=0
ARGUMENTS_PASS m=1039 n=9 calls=0 bad=0 expected_panel_stride=8312
ALLOC_PASS m=1040 n=9 small=1 wide_path=1 history_expected=0 history_calls=0 history_bytes=0 history_success=0 history_fail=0 x_calls=4 x_bytes=532480 x_success=4 x_fail=0 kb_calls=0 kb_bytes=0 kb_success=0 kb_fail=0 total=4 injected=0 history_level=-1 x_level=1 kb_level=-1 shape_bad=0 x_each_worker_once=1
CASE_PASS m=1040 n=9 sve16_entries=0 expected=0 old_entries=0 packed_entries=0 packed_expected=0 wide_entries=0 wide_expected=0 wrapper_entries=1 wrapper_expected=1
ARGUMENTS_PASS m=1040 n=9 calls=0 bad=0 expected_panel_stride=8320
ALLOC_PASS m=1041 n=9 small=1 wide_path=1 history_expected=0 history_calls=0 history_bytes=0 history_success=0 history_fail=0 x_calls=4 x_bytes=532992 x_success=4 x_fail=0 kb_calls=0 kb_bytes=0 kb_success=0 kb_fail=0 total=4 injected=0 history_level=-1 x_level=1 kb_level=-1 shape_bad=0 x_each_worker_once=1
CASE_PASS m=1041 n=9 sve16_entries=0 expected=0 old_entries=0 packed_entries=0 packed_expected=0 wide_entries=0 wide_expected=0 wrapper_entries=1 wrapper_expected=1
ARGUMENTS_PASS m=1041 n=9 calls=0 bad=0 expected_panel_stride=8328
ALLOCATION_SUMMARY_PASS cases=5 budget_cases=5 shared_injection_cases=0
PASS whole_cases=5 noop_cases=4 non_dyadic_long_double_RHS=1 padding_L_unchanged=1 max_error=1.1102230246251565e-16
SOURCE_FEATURES_PASS panel16=1 packedL16=1 has_budget=1 history_budget_bytes=4194304 panel8x16=1
MODE=budget THREADS=4 NARROW_VL=0 EXPECT_SVE16=1 EXPECT_PACKEDL16=0
ALLOC_PASS m=1023 n=9 small=1 wide_path=0 history_expected=1 history_calls=1 history_bytes=3999744 history_success=0 history_fail=1 x_calls=4 x_bytes=261888 x_success=4 x_fail=0 kb_calls=0 kb_bytes=0 kb_success=0 kb_fail=0 total=5 injected=1 history_level=0 x_level=1 kb_level=-1 shape_bad=0 x_each_worker_once=1
CASE_PASS m=1023 n=9 sve16_entries=126 expected=126 old_entries=126 packed_entries=0 packed_expected=0 wide_entries=0 wide_expected=0 wrapper_entries=0 wrapper_expected=0
ARGUMENTS_PASS m=1023 n=9 calls=0 bad=0 expected_panel_stride=8184
SHARED_ALLOC_PASS m=1023 n=9 calls=5 injected=1 shared_first=1 later_X_success=4
ALLOC_PASS m=1024 n=9 small=1 wide_path=0 history_expected=1 history_calls=1 history_bytes=4128768 history_success=0 history_fail=1 x_calls=4 x_bytes=262144 x_success=4 x_fail=0 kb_calls=0 kb_bytes=0 kb_success=0 kb_fail=0 total=5 injected=1 history_level=0 x_level=1 kb_level=-1 shape_bad=0 x_each_worker_once=1
CASE_PASS m=1024 n=9 sve16_entries=128 expected=128 old_entries=128 packed_entries=0 packed_expected=0 wide_entries=0 wide_expected=0 wrapper_entries=0 wrapper_expected=0
ARGUMENTS_PASS m=1024 n=9 calls=0 bad=0 expected_panel_stride=8192
SHARED_ALLOC_PASS m=1024 n=9 calls=5 injected=1 shared_first=1 later_X_success=4
ALLOC_PASS m=1039 n=9 small=1 wide_path=0 history_expected=1 history_calls=1 history_bytes=4128768 history_success=0 history_fail=1 x_calls=4 x_bytes=265984 x_success=4 x_fail=0 kb_calls=0 kb_bytes=0 kb_success=0 kb_fail=0 total=5 injected=1 history_level=0 x_level=1 kb_level=-1 shape_bad=0 x_each_worker_once=1
CASE_PASS m=1039 n=9 sve16_entries=128 expected=128 old_entries=128 packed_entries=0 packed_expected=0 wide_entries=0 wide_expected=0 wrapper_entries=0 wrapper_expected=0
ARGUMENTS_PASS m=1039 n=9 calls=0 bad=0 expected_panel_stride=8312
SHARED_ALLOC_PASS m=1039 n=9 calls=5 injected=1 shared_first=1 later_X_success=4
ALLOC_PASS m=1040 n=9 small=1 wide_path=1 history_expected=0 history_calls=0 history_bytes=0 history_success=0 history_fail=0 x_calls=4 x_bytes=532480 x_success=4 x_fail=0 kb_calls=0 kb_bytes=0 kb_success=0 kb_fail=0 total=4 injected=0 history_level=-1 x_level=1 kb_level=-1 shape_bad=0 x_each_worker_once=1
CASE_PASS m=1040 n=9 sve16_entries=130 expected=130 old_entries=130 packed_entries=0 packed_expected=0 wide_entries=0 wide_expected=0 wrapper_entries=1 wrapper_expected=1
ARGUMENTS_PASS m=1040 n=9 calls=0 bad=0 expected_panel_stride=8320
ALLOC_PASS m=1041 n=9 small=1 wide_path=1 history_expected=0 history_calls=0 history_bytes=0 history_success=0 history_fail=0 x_calls=4 x_bytes=532992 x_success=4 x_fail=0 kb_calls=0 kb_bytes=0 kb_success=0 kb_fail=0 total=4 injected=0 history_level=-1 x_level=1 kb_level=-1 shape_bad=0 x_each_worker_once=1
CASE_PASS m=1041 n=9 sve16_entries=130 expected=130 old_entries=130 packed_entries=0 packed_expected=0 wide_entries=0 wide_expected=0 wrapper_entries=1 wrapper_expected=1
ARGUMENTS_PASS m=1041 n=9 calls=0 bad=0 expected_panel_stride=8328
ALLOCATION_SUMMARY_PASS cases=5 budget_cases=5 shared_injection_cases=3
PASS whole_cases=5 noop_cases=4 non_dyadic_long_double_RHS=1 padding_L_unchanged=1 max_error=1.1102230246251565e-16
SOURCE_FEATURES_PASS panel16=1 packedL16=1 has_budget=1 history_budget_bytes=4194304 panel8x16=1
MODE=wide-grid THREADS=1 NARROW_VL=0 EXPECT_SVE16=1 EXPECT_PACKEDL16=1
ALLOC_PASS m=1039 n=15 small=1 wide_path=0 history_expected=1 history_calls=1 history_bytes=4128768 history_success=1 history_fail=0 x_calls=1 x_bytes=66496 x_success=1 x_fail=0 kb_calls=0 kb_bytes=0 kb_success=0 kb_fail=0 total=2 injected=0 history_level=0 x_level=1 kb_level=-1 shape_bad=0 x_each_worker_once=1
CASE_PASS m=1039 n=15 sve16_entries=128 expected=128 old_entries=2 packed_entries=126 packed_expected=126 wide_entries=0 wide_expected=0 wrapper_entries=0 wrapper_expected=0
ARGUMENTS_PASS m=1039 n=15 calls=0 bad=0 expected_panel_stride=8312
ALLOC_PASS m=1039 n=16 small=1 wide_path=0 history_expected=1 history_calls=1 history_bytes=4128768 history_success=1 history_fail=0 x_calls=1 x_bytes=66496 x_success=1 x_fail=0 kb_calls=0 kb_bytes=0 kb_success=0 kb_fail=0 total=2 injected=0 history_level=0 x_level=1 kb_level=-1 shape_bad=0 x_each_worker_once=1
CASE_PASS m=1039 n=16 sve16_entries=128 expected=128 old_entries=2 packed_entries=126 packed_expected=126 wide_entries=0 wide_expected=0 wrapper_entries=0 wrapper_expected=0
ARGUMENTS_PASS m=1039 n=16 calls=0 bad=0 expected_panel_stride=8312
ALLOC_PASS m=1039 n=17 small=1 wide_path=0 history_expected=1 history_calls=1 history_bytes=4128768 history_success=1 history_fail=0 x_calls=1 x_bytes=66496 x_success=1 x_fail=0 kb_calls=0 kb_bytes=0 kb_success=0 kb_fail=0 total=2 injected=0 history_level=0 x_level=1 kb_level=-1 shape_bad=0 x_each_worker_once=1
CASE_PASS m=1039 n=17 sve16_entries=192 expected=192 old_entries=3 packed_entries=189 packed_expected=189 wide_entries=0 wide_expected=0 wrapper_entries=0 wrapper_expected=0
ARGUMENTS_PASS m=1039 n=17 calls=0 bad=0 expected_panel_stride=8312
ALLOC_PASS m=1039 n=31 small=1 wide_path=0 history_expected=1 history_calls=1 history_bytes=4128768 history_success=1 history_fail=0 x_calls=1 x_bytes=66496 x_success=1 x_fail=0 kb_calls=0 kb_bytes=0 kb_success=0 kb_fail=0 total=2 injected=0 history_level=0 x_level=1 kb_level=-1 shape_bad=0 x_each_worker_once=1
CASE_PASS m=1039 n=31 sve16_entries=256 expected=256 old_entries=4 packed_entries=252 packed_expected=252 wide_entries=0 wide_expected=0 wrapper_entries=0 wrapper_expected=0
ARGUMENTS_PASS m=1039 n=31 calls=0 bad=0 expected_panel_stride=8312
ALLOC_PASS m=1039 n=32 small=1 wide_path=0 history_expected=1 history_calls=1 history_bytes=4128768 history_success=1 history_fail=0 x_calls=1 x_bytes=66496 x_success=1 x_fail=0 kb_calls=0 kb_bytes=0 kb_success=0 kb_fail=0 total=2 injected=0 history_level=0 x_level=1 kb_level=-1 shape_bad=0 x_each_worker_once=1
CASE_PASS m=1039 n=32 sve16_entries=256 expected=256 old_entries=4 packed_entries=252 packed_expected=252 wide_entries=0 wide_expected=0 wrapper_entries=0 wrapper_expected=0
ARGUMENTS_PASS m=1039 n=32 calls=0 bad=0 expected_panel_stride=8312
ALLOC_PASS m=1039 n=33 small=1 wide_path=0 history_expected=1 history_calls=1 history_bytes=4128768 history_success=1 history_fail=0 x_calls=1 x_bytes=66496 x_success=1 x_fail=0 kb_calls=0 kb_bytes=0 kb_success=0 kb_fail=0 total=2 injected=0 history_level=0 x_level=1 kb_level=-1 shape_bad=0 x_each_worker_once=1
CASE_PASS m=1039 n=33 sve16_entries=320 expected=320 old_entries=5 packed_entries=315 packed_expected=315 wide_entries=0 wide_expected=0 wrapper_entries=0 wrapper_expected=0
ARGUMENTS_PASS m=1039 n=33 calls=0 bad=0 expected_panel_stride=8312
ALLOC_PASS m=1040 n=15 small=1 wide_path=1 history_expected=0 history_calls=0 history_bytes=0 history_success=0 history_fail=0 x_calls=1 x_bytes=133120 x_success=1 x_fail=0 kb_calls=0 kb_bytes=0 kb_success=0 kb_fail=0 total=1 injected=0 history_level=-1 x_level=1 kb_level=-1 shape_bad=0 x_each_worker_once=1
CASE_PASS m=1040 n=15 sve16_entries=130 expected=130 old_entries=130 packed_entries=0 packed_expected=0 wide_entries=0 wide_expected=0 wrapper_entries=1 wrapper_expected=1
ARGUMENTS_PASS m=1040 n=15 calls=0 bad=0 expected_panel_stride=8320
ALLOC_PASS m=1040 n=16 small=1 wide_path=1 history_expected=0 history_calls=0 history_bytes=0 history_success=0 history_fail=0 x_calls=1 x_bytes=133120 x_success=1 x_fail=0 kb_calls=0 kb_bytes=0 kb_success=0 kb_fail=0 total=1 injected=0 history_level=-1 x_level=1 kb_level=-1 shape_bad=0 x_each_worker_once=1
CASE_PASS m=1040 n=16 sve16_entries=0 expected=0 old_entries=0 packed_entries=0 packed_expected=0 wide_entries=130 wide_expected=130 wrapper_entries=1 wrapper_expected=1
ARGUMENTS_PASS m=1040 n=16 calls=130 bad=0 expected_panel_stride=8320
ALLOC_PASS m=1040 n=17 small=1 wide_path=1 history_expected=0 history_calls=0 history_bytes=0 history_success=0 history_fail=0 x_calls=1 x_bytes=133120 x_success=1 x_fail=0 kb_calls=0 kb_bytes=0 kb_success=0 kb_fail=0 total=1 injected=0 history_level=-1 x_level=1 kb_level=-1 shape_bad=0 x_each_worker_once=1
CASE_PASS m=1040 n=17 sve16_entries=65 expected=65 old_entries=65 packed_entries=0 packed_expected=0 wide_entries=130 wide_expected=130 wrapper_entries=1 wrapper_expected=1
ARGUMENTS_PASS m=1040 n=17 calls=130 bad=0 expected_panel_stride=8320
ALLOC_PASS m=1040 n=31 small=1 wide_path=1 history_expected=0 history_calls=0 history_bytes=0 history_success=0 history_fail=0 x_calls=1 x_bytes=133120 x_success=1 x_fail=0 kb_calls=0 kb_bytes=0 kb_success=0 kb_fail=0 total=1 injected=0 history_level=-1 x_level=1 kb_level=-1 shape_bad=0 x_each_worker_once=1
CASE_PASS m=1040 n=31 sve16_entries=130 expected=130 old_entries=130 packed_entries=0 packed_expected=0 wide_entries=130 wide_expected=130 wrapper_entries=1 wrapper_expected=1
ARGUMENTS_PASS m=1040 n=31 calls=130 bad=0 expected_panel_stride=8320
ALLOC_PASS m=1040 n=32 small=1 wide_path=1 history_expected=0 history_calls=0 history_bytes=0 history_success=0 history_fail=0 x_calls=1 x_bytes=133120 x_success=1 x_fail=0 kb_calls=0 kb_bytes=0 kb_success=0 kb_fail=0 total=1 injected=0 history_level=-1 x_level=1 kb_level=-1 shape_bad=0 x_each_worker_once=1
CASE_PASS m=1040 n=32 sve16_entries=0 expected=0 old_entries=0 packed_entries=0 packed_expected=0 wide_entries=260 wide_expected=260 wrapper_entries=1 wrapper_expected=1
ARGUMENTS_PASS m=1040 n=32 calls=260 bad=0 expected_panel_stride=8320
ALLOC_PASS m=1040 n=33 small=1 wide_path=1 history_expected=0 history_calls=0 history_bytes=0 history_success=0 history_fail=0 x_calls=1 x_bytes=133120 x_success=1 x_fail=0 kb_calls=0 kb_bytes=0 kb_success=0 kb_fail=0 total=1 injected=0 history_level=-1 x_level=1 kb_level=-1 shape_bad=0 x_each_worker_once=1
CASE_PASS m=1040 n=33 sve16_entries=65 expected=65 old_entries=65 packed_entries=0 packed_expected=0 wide_entries=260 wide_expected=260 wrapper_entries=1 wrapper_expected=1
ARGUMENTS_PASS m=1040 n=33 calls=260 bad=0 expected_panel_stride=8320
ALLOCATION_SUMMARY_PASS cases=12 budget_cases=0 shared_injection_cases=0
PASS whole_cases=12 noop_cases=4 non_dyadic_long_double_RHS=1 padding_L_unchanged=1 max_error=1.1102230246251565e-16
SOURCE_FEATURES_PASS panel16=1 packedL16=1 has_budget=1 history_budget_bytes=4194304 panel8x16=1
MODE=wide-grid THREADS=4 NARROW_VL=0 EXPECT_SVE16=1 EXPECT_PACKEDL16=1
ALLOC_PASS m=1039 n=15 small=1 wide_path=0 history_expected=1 history_calls=1 history_bytes=4128768 history_success=1 history_fail=0 x_calls=4 x_bytes=265984 x_success=4 x_fail=0 kb_calls=0 kb_bytes=0 kb_success=0 kb_fail=0 total=5 injected=0 history_level=0 x_level=1 kb_level=-1 shape_bad=0 x_each_worker_once=1
CASE_PASS m=1039 n=15 sve16_entries=128 expected=128 old_entries=2 packed_entries=126 packed_expected=126 wide_entries=0 wide_expected=0 wrapper_entries=0 wrapper_expected=0
ARGUMENTS_PASS m=1039 n=15 calls=0 bad=0 expected_panel_stride=8312
ALLOC_PASS m=1039 n=16 small=1 wide_path=0 history_expected=1 history_calls=1 history_bytes=4128768 history_success=1 history_fail=0 x_calls=4 x_bytes=265984 x_success=4 x_fail=0 kb_calls=0 kb_bytes=0 kb_success=0 kb_fail=0 total=5 injected=0 history_level=0 x_level=1 kb_level=-1 shape_bad=0 x_each_worker_once=1
CASE_PASS m=1039 n=16 sve16_entries=128 expected=128 old_entries=2 packed_entries=126 packed_expected=126 wide_entries=0 wide_expected=0 wrapper_entries=0 wrapper_expected=0
ARGUMENTS_PASS m=1039 n=16 calls=0 bad=0 expected_panel_stride=8312
ALLOC_PASS m=1039 n=17 small=1 wide_path=0 history_expected=1 history_calls=1 history_bytes=4128768 history_success=1 history_fail=0 x_calls=4 x_bytes=265984 x_success=4 x_fail=0 kb_calls=0 kb_bytes=0 kb_success=0 kb_fail=0 total=5 injected=0 history_level=0 x_level=1 kb_level=-1 shape_bad=0 x_each_worker_once=1
CASE_PASS m=1039 n=17 sve16_entries=192 expected=192 old_entries=3 packed_entries=189 packed_expected=189 wide_entries=0 wide_expected=0 wrapper_entries=0 wrapper_expected=0
ARGUMENTS_PASS m=1039 n=17 calls=0 bad=0 expected_panel_stride=8312
ALLOC_PASS m=1039 n=31 small=1 wide_path=0 history_expected=1 history_calls=1 history_bytes=4128768 history_success=1 history_fail=0 x_calls=4 x_bytes=265984 x_success=4 x_fail=0 kb_calls=0 kb_bytes=0 kb_success=0 kb_fail=0 total=5 injected=0 history_level=0 x_level=1 kb_level=-1 shape_bad=0 x_each_worker_once=1
CASE_PASS m=1039 n=31 sve16_entries=256 expected=256 old_entries=4 packed_entries=252 packed_expected=252 wide_entries=0 wide_expected=0 wrapper_entries=0 wrapper_expected=0
ARGUMENTS_PASS m=1039 n=31 calls=0 bad=0 expected_panel_stride=8312
ALLOC_PASS m=1039 n=32 small=1 wide_path=0 history_expected=1 history_calls=1 history_bytes=4128768 history_success=1 history_fail=0 x_calls=4 x_bytes=265984 x_success=4 x_fail=0 kb_calls=0 kb_bytes=0 kb_success=0 kb_fail=0 total=5 injected=0 history_level=0 x_level=1 kb_level=-1 shape_bad=0 x_each_worker_once=1
CASE_PASS m=1039 n=32 sve16_entries=256 expected=256 old_entries=4 packed_entries=252 packed_expected=252 wide_entries=0 wide_expected=0 wrapper_entries=0 wrapper_expected=0
ARGUMENTS_PASS m=1039 n=32 calls=0 bad=0 expected_panel_stride=8312
ALLOC_PASS m=1039 n=33 small=1 wide_path=0 history_expected=1 history_calls=1 history_bytes=4128768 history_success=1 history_fail=0 x_calls=4 x_bytes=265984 x_success=4 x_fail=0 kb_calls=0 kb_bytes=0 kb_success=0 kb_fail=0 total=5 injected=0 history_level=0 x_level=1 kb_level=-1 shape_bad=0 x_each_worker_once=1
CASE_PASS m=1039 n=33 sve16_entries=320 expected=320 old_entries=5 packed_entries=315 packed_expected=315 wide_entries=0 wide_expected=0 wrapper_entries=0 wrapper_expected=0
ARGUMENTS_PASS m=1039 n=33 calls=0 bad=0 expected_panel_stride=8312
ALLOC_PASS m=1040 n=15 small=1 wide_path=1 history_expected=0 history_calls=0 history_bytes=0 history_success=0 history_fail=0 x_calls=4 x_bytes=532480 x_success=4 x_fail=0 kb_calls=0 kb_bytes=0 kb_success=0 kb_fail=0 total=4 injected=0 history_level=-1 x_level=1 kb_level=-1 shape_bad=0 x_each_worker_once=1
CASE_PASS m=1040 n=15 sve16_entries=130 expected=130 old_entries=130 packed_entries=0 packed_expected=0 wide_entries=0 wide_expected=0 wrapper_entries=1 wrapper_expected=1
ARGUMENTS_PASS m=1040 n=15 calls=0 bad=0 expected_panel_stride=8320
ALLOC_PASS m=1040 n=16 small=1 wide_path=1 history_expected=0 history_calls=0 history_bytes=0 history_success=0 history_fail=0 x_calls=4 x_bytes=532480 x_success=4 x_fail=0 kb_calls=0 kb_bytes=0 kb_success=0 kb_fail=0 total=4 injected=0 history_level=-1 x_level=1 kb_level=-1 shape_bad=0 x_each_worker_once=1
CASE_PASS m=1040 n=16 sve16_entries=0 expected=0 old_entries=0 packed_entries=0 packed_expected=0 wide_entries=130 wide_expected=130 wrapper_entries=1 wrapper_expected=1
ARGUMENTS_PASS m=1040 n=16 calls=130 bad=0 expected_panel_stride=8320
ALLOC_PASS m=1040 n=17 small=1 wide_path=1 history_expected=0 history_calls=0 history_bytes=0 history_success=0 history_fail=0 x_calls=4 x_bytes=532480 x_success=4 x_fail=0 kb_calls=0 kb_bytes=0 kb_success=0 kb_fail=0 total=4 injected=0 history_level=-1 x_level=1 kb_level=-1 shape_bad=0 x_each_worker_once=1
CASE_PASS m=1040 n=17 sve16_entries=65 expected=65 old_entries=65 packed_entries=0 packed_expected=0 wide_entries=130 wide_expected=130 wrapper_entries=1 wrapper_expected=1
ARGUMENTS_PASS m=1040 n=17 calls=130 bad=0 expected_panel_stride=8320
ALLOC_PASS m=1040 n=31 small=1 wide_path=1 history_expected=0 history_calls=0 history_bytes=0 history_success=0 history_fail=0 x_calls=4 x_bytes=532480 x_success=4 x_fail=0 kb_calls=0 kb_bytes=0 kb_success=0 kb_fail=0 total=4 injected=0 history_level=-1 x_level=1 kb_level=-1 shape_bad=0 x_each_worker_once=1
CASE_PASS m=1040 n=31 sve16_entries=130 expected=130 old_entries=130 packed_entries=0 packed_expected=0 wide_entries=130 wide_expected=130 wrapper_entries=1 wrapper_expected=1
ARGUMENTS_PASS m=1040 n=31 calls=130 bad=0 expected_panel_stride=8320
ALLOC_PASS m=1040 n=32 small=1 wide_path=1 history_expected=0 history_calls=0 history_bytes=0 history_success=0 history_fail=0 x_calls=4 x_bytes=532480 x_success=4 x_fail=0 kb_calls=0 kb_bytes=0 kb_success=0 kb_fail=0 total=4 injected=0 history_level=-1 x_level=1 kb_level=-1 shape_bad=0 x_each_worker_once=1
CASE_PASS m=1040 n=32 sve16_entries=0 expected=0 old_entries=0 packed_entries=0 packed_expected=0 wide_entries=260 wide_expected=260 wrapper_entries=1 wrapper_expected=1
ARGUMENTS_PASS m=1040 n=32 calls=260 bad=0 expected_panel_stride=8320
ALLOC_PASS m=1040 n=33 small=1 wide_path=1 history_expected=0 history_calls=0 history_bytes=0 history_success=0 history_fail=0 x_calls=4 x_bytes=532480 x_success=4 x_fail=0 kb_calls=0 kb_bytes=0 kb_success=0 kb_fail=0 total=4 injected=0 history_level=-1 x_level=1 kb_level=-1 shape_bad=0 x_each_worker_once=1
CASE_PASS m=1040 n=33 sve16_entries=65 expected=65 old_entries=65 packed_entries=0 packed_expected=0 wide_entries=260 wide_expected=260 wrapper_entries=1 wrapper_expected=1
ARGUMENTS_PASS m=1040 n=33 calls=260 bad=0 expected_panel_stride=8320
ALLOCATION_SUMMARY_PASS cases=12 budget_cases=0 shared_injection_cases=0
PASS whole_cases=12 noop_cases=4 non_dyadic_long_double_RHS=1 padding_L_unchanged=1 max_error=1.1102230246251565e-16
SOURCE_FEATURES_PASS panel16=1 packedL16=1 has_budget=1 history_budget_bytes=4194304 panel8x16=1
MODE=wide-grid-tail THREADS=38 NARROW_VL=0 EXPECT_SVE16=1 EXPECT_PACKEDL16=1
ALLOC_PASS m=1039 n=15 small=1 wide_path=0 history_expected=1 history_calls=1 history_bytes=4128768 history_success=1 history_fail=0 x_calls=38 x_bytes=2526848 x_success=38 x_fail=0 kb_calls=0 kb_bytes=0 kb_success=0 kb_fail=0 total=39 injected=0 history_level=0 x_level=1 kb_level=-1 shape_bad=0 x_each_worker_once=1
CASE_PASS m=1039 n=15 sve16_entries=128 expected=128 old_entries=2 packed_entries=126 packed_expected=126 wide_entries=0 wide_expected=0 wrapper_entries=0 wrapper_expected=0
ARGUMENTS_PASS m=1039 n=15 calls=0 bad=0 expected_panel_stride=8312
ALLOC_PASS m=1039 n=16 small=1 wide_path=0 history_expected=1 history_calls=1 history_bytes=4128768 history_success=1 history_fail=0 x_calls=38 x_bytes=2526848 x_success=38 x_fail=0 kb_calls=0 kb_bytes=0 kb_success=0 kb_fail=0 total=39 injected=0 history_level=0 x_level=1 kb_level=-1 shape_bad=0 x_each_worker_once=1
CASE_PASS m=1039 n=16 sve16_entries=128 expected=128 old_entries=2 packed_entries=126 packed_expected=126 wide_entries=0 wide_expected=0 wrapper_entries=0 wrapper_expected=0
ARGUMENTS_PASS m=1039 n=16 calls=0 bad=0 expected_panel_stride=8312
ALLOC_PASS m=1039 n=17 small=1 wide_path=0 history_expected=1 history_calls=1 history_bytes=4128768 history_success=1 history_fail=0 x_calls=38 x_bytes=2526848 x_success=38 x_fail=0 kb_calls=0 kb_bytes=0 kb_success=0 kb_fail=0 total=39 injected=0 history_level=0 x_level=1 kb_level=-1 shape_bad=0 x_each_worker_once=1
CASE_PASS m=1039 n=17 sve16_entries=192 expected=192 old_entries=3 packed_entries=189 packed_expected=189 wide_entries=0 wide_expected=0 wrapper_entries=0 wrapper_expected=0
ARGUMENTS_PASS m=1039 n=17 calls=0 bad=0 expected_panel_stride=8312
ALLOC_PASS m=1039 n=31 small=1 wide_path=0 history_expected=1 history_calls=1 history_bytes=4128768 history_success=1 history_fail=0 x_calls=38 x_bytes=2526848 x_success=38 x_fail=0 kb_calls=0 kb_bytes=0 kb_success=0 kb_fail=0 total=39 injected=0 history_level=0 x_level=1 kb_level=-1 shape_bad=0 x_each_worker_once=1
CASE_PASS m=1039 n=31 sve16_entries=256 expected=256 old_entries=4 packed_entries=252 packed_expected=252 wide_entries=0 wide_expected=0 wrapper_entries=0 wrapper_expected=0
ARGUMENTS_PASS m=1039 n=31 calls=0 bad=0 expected_panel_stride=8312
ALLOC_PASS m=1039 n=32 small=1 wide_path=0 history_expected=1 history_calls=1 history_bytes=4128768 history_success=1 history_fail=0 x_calls=38 x_bytes=2526848 x_success=38 x_fail=0 kb_calls=0 kb_bytes=0 kb_success=0 kb_fail=0 total=39 injected=0 history_level=0 x_level=1 kb_level=-1 shape_bad=0 x_each_worker_once=1
CASE_PASS m=1039 n=32 sve16_entries=256 expected=256 old_entries=4 packed_entries=252 packed_expected=252 wide_entries=0 wide_expected=0 wrapper_entries=0 wrapper_expected=0
ARGUMENTS_PASS m=1039 n=32 calls=0 bad=0 expected_panel_stride=8312
ALLOC_PASS m=1039 n=33 small=1 wide_path=0 history_expected=1 history_calls=1 history_bytes=4128768 history_success=1 history_fail=0 x_calls=38 x_bytes=2526848 x_success=38 x_fail=0 kb_calls=0 kb_bytes=0 kb_success=0 kb_fail=0 total=39 injected=0 history_level=0 x_level=1 kb_level=-1 shape_bad=0 x_each_worker_once=1
CASE_PASS m=1039 n=33 sve16_entries=320 expected=320 old_entries=5 packed_entries=315 packed_expected=315 wide_entries=0 wide_expected=0 wrapper_entries=0 wrapper_expected=0
ARGUMENTS_PASS m=1039 n=33 calls=0 bad=0 expected_panel_stride=8312
ALLOC_PASS m=1040 n=15 small=1 wide_path=1 history_expected=0 history_calls=0 history_bytes=0 history_success=0 history_fail=0 x_calls=38 x_bytes=5058560 x_success=38 x_fail=0 kb_calls=0 kb_bytes=0 kb_success=0 kb_fail=0 total=38 injected=0 history_level=-1 x_level=1 kb_level=-1 shape_bad=0 x_each_worker_once=1
CASE_PASS m=1040 n=15 sve16_entries=130 expected=130 old_entries=130 packed_entries=0 packed_expected=0 wide_entries=0 wide_expected=0 wrapper_entries=1 wrapper_expected=1
ARGUMENTS_PASS m=1040 n=15 calls=0 bad=0 expected_panel_stride=8320
ALLOC_PASS m=1040 n=16 small=1 wide_path=1 history_expected=0 history_calls=0 history_bytes=0 history_success=0 history_fail=0 x_calls=38 x_bytes=5058560 x_success=38 x_fail=0 kb_calls=0 kb_bytes=0 kb_success=0 kb_fail=0 total=38 injected=0 history_level=-1 x_level=1 kb_level=-1 shape_bad=0 x_each_worker_once=1
CASE_PASS m=1040 n=16 sve16_entries=0 expected=0 old_entries=0 packed_entries=0 packed_expected=0 wide_entries=130 wide_expected=130 wrapper_entries=1 wrapper_expected=1
ARGUMENTS_PASS m=1040 n=16 calls=130 bad=0 expected_panel_stride=8320
ALLOC_PASS m=1040 n=17 small=1 wide_path=1 history_expected=0 history_calls=0 history_bytes=0 history_success=0 history_fail=0 x_calls=38 x_bytes=5058560 x_success=38 x_fail=0 kb_calls=0 kb_bytes=0 kb_success=0 kb_fail=0 total=38 injected=0 history_level=-1 x_level=1 kb_level=-1 shape_bad=0 x_each_worker_once=1
CASE_PASS m=1040 n=17 sve16_entries=65 expected=65 old_entries=65 packed_entries=0 packed_expected=0 wide_entries=130 wide_expected=130 wrapper_entries=1 wrapper_expected=1
ARGUMENTS_PASS m=1040 n=17 calls=130 bad=0 expected_panel_stride=8320
ALLOC_PASS m=1040 n=31 small=1 wide_path=1 history_expected=0 history_calls=0 history_bytes=0 history_success=0 history_fail=0 x_calls=38 x_bytes=5058560 x_success=38 x_fail=0 kb_calls=0 kb_bytes=0 kb_success=0 kb_fail=0 total=38 injected=0 history_level=-1 x_level=1 kb_level=-1 shape_bad=0 x_each_worker_once=1
CASE_PASS m=1040 n=31 sve16_entries=130 expected=130 old_entries=130 packed_entries=0 packed_expected=0 wide_entries=130 wide_expected=130 wrapper_entries=1 wrapper_expected=1
ARGUMENTS_PASS m=1040 n=31 calls=130 bad=0 expected_panel_stride=8320
ALLOC_PASS m=1040 n=32 small=1 wide_path=1 history_expected=0 history_calls=0 history_bytes=0 history_success=0 history_fail=0 x_calls=38 x_bytes=5058560 x_success=38 x_fail=0 kb_calls=0 kb_bytes=0 kb_success=0 kb_fail=0 total=38 injected=0 history_level=-1 x_level=1 kb_level=-1 shape_bad=0 x_each_worker_once=1
CASE_PASS m=1040 n=32 sve16_entries=0 expected=0 old_entries=0 packed_entries=0 packed_expected=0 wide_entries=260 wide_expected=260 wrapper_entries=1 wrapper_expected=1
ARGUMENTS_PASS m=1040 n=32 calls=260 bad=0 expected_panel_stride=8320
ALLOC_PASS m=1040 n=33 small=1 wide_path=1 history_expected=0 history_calls=0 history_bytes=0 history_success=0 history_fail=0 x_calls=38 x_bytes=5058560 x_success=38 x_fail=0 kb_calls=0 kb_bytes=0 kb_success=0 kb_fail=0 total=38 injected=0 history_level=-1 x_level=1 kb_level=-1 shape_bad=0 x_each_worker_once=1
CASE_PASS m=1040 n=33 sve16_entries=65 expected=65 old_entries=65 packed_entries=0 packed_expected=0 wide_entries=260 wide_expected=260 wrapper_entries=1 wrapper_expected=1
ARGUMENTS_PASS m=1040 n=33 calls=260 bad=0 expected_panel_stride=8320
ALLOC_PASS m=1047 n=33 small=1 wide_path=1 history_expected=0 history_calls=0 history_bytes=0 history_success=0 history_fail=0 x_calls=38 x_bytes=5092608 x_success=38 x_fail=0 kb_calls=0 kb_bytes=0 kb_success=0 kb_fail=0 total=38 injected=0 history_level=-1 x_level=1 kb_level=-1 shape_bad=0 x_each_worker_once=1
CASE_PASS m=1047 n=33 sve16_entries=65 expected=65 old_entries=65 packed_entries=0 packed_expected=0 wide_entries=260 wide_expected=260 wrapper_entries=1 wrapper_expected=1
ARGUMENTS_PASS m=1047 n=33 calls=260 bad=0 expected_panel_stride=8376
ALLOCATION_SUMMARY_PASS cases=13 budget_cases=0 shared_injection_cases=0
PASS whole_cases=13 noop_cases=4 non_dyadic_long_double_RHS=1 padding_L_unchanged=1 max_error=1.1102230246251565e-16
SOURCE_FEATURES_PASS panel16=1 packedL16=1 has_budget=1 history_budget_bytes=4194304 panel8x16=1
MODE=wide-grid THREADS=4 NARROW_VL=0 EXPECT_SVE16=0 EXPECT_PACKEDL16=0
ALLOC_PASS m=1039 n=15 small=1 wide_path=0 history_expected=0 history_calls=0 history_bytes=0 history_success=0 history_fail=0 x_calls=4 x_bytes=265984 x_success=4 x_fail=0 kb_calls=0 kb_bytes=0 kb_success=0 kb_fail=0 total=4 injected=0 history_level=-1 x_level=1 kb_level=-1 shape_bad=0 x_each_worker_once=1
CASE_PASS m=1039 n=15 sve16_entries=0 expected=0 old_entries=0 packed_entries=0 packed_expected=0 wide_entries=0 wide_expected=0 wrapper_entries=0 wrapper_expected=0
ARGUMENTS_PASS m=1039 n=15 calls=0 bad=0 expected_panel_stride=8312
ALLOC_PASS m=1039 n=16 small=1 wide_path=0 history_expected=0 history_calls=0 history_bytes=0 history_success=0 history_fail=0 x_calls=4 x_bytes=265984 x_success=4 x_fail=0 kb_calls=0 kb_bytes=0 kb_success=0 kb_fail=0 total=4 injected=0 history_level=-1 x_level=1 kb_level=-1 shape_bad=0 x_each_worker_once=1
CASE_PASS m=1039 n=16 sve16_entries=0 expected=0 old_entries=0 packed_entries=0 packed_expected=0 wide_entries=0 wide_expected=0 wrapper_entries=0 wrapper_expected=0
ARGUMENTS_PASS m=1039 n=16 calls=0 bad=0 expected_panel_stride=8312
ALLOC_PASS m=1039 n=17 small=1 wide_path=0 history_expected=0 history_calls=0 history_bytes=0 history_success=0 history_fail=0 x_calls=4 x_bytes=265984 x_success=4 x_fail=0 kb_calls=0 kb_bytes=0 kb_success=0 kb_fail=0 total=4 injected=0 history_level=-1 x_level=1 kb_level=-1 shape_bad=0 x_each_worker_once=1
CASE_PASS m=1039 n=17 sve16_entries=0 expected=0 old_entries=0 packed_entries=0 packed_expected=0 wide_entries=0 wide_expected=0 wrapper_entries=0 wrapper_expected=0
ARGUMENTS_PASS m=1039 n=17 calls=0 bad=0 expected_panel_stride=8312
ALLOC_PASS m=1039 n=31 small=1 wide_path=0 history_expected=0 history_calls=0 history_bytes=0 history_success=0 history_fail=0 x_calls=4 x_bytes=265984 x_success=4 x_fail=0 kb_calls=0 kb_bytes=0 kb_success=0 kb_fail=0 total=4 injected=0 history_level=-1 x_level=1 kb_level=-1 shape_bad=0 x_each_worker_once=1
CASE_PASS m=1039 n=31 sve16_entries=0 expected=0 old_entries=0 packed_entries=0 packed_expected=0 wide_entries=0 wide_expected=0 wrapper_entries=0 wrapper_expected=0
ARGUMENTS_PASS m=1039 n=31 calls=0 bad=0 expected_panel_stride=8312
ALLOC_PASS m=1039 n=32 small=1 wide_path=0 history_expected=0 history_calls=0 history_bytes=0 history_success=0 history_fail=0 x_calls=4 x_bytes=265984 x_success=4 x_fail=0 kb_calls=0 kb_bytes=0 kb_success=0 kb_fail=0 total=4 injected=0 history_level=-1 x_level=1 kb_level=-1 shape_bad=0 x_each_worker_once=1
CASE_PASS m=1039 n=32 sve16_entries=0 expected=0 old_entries=0 packed_entries=0 packed_expected=0 wide_entries=0 wide_expected=0 wrapper_entries=0 wrapper_expected=0
ARGUMENTS_PASS m=1039 n=32 calls=0 bad=0 expected_panel_stride=8312
ALLOC_PASS m=1039 n=33 small=1 wide_path=0 history_expected=0 history_calls=0 history_bytes=0 history_success=0 history_fail=0 x_calls=4 x_bytes=265984 x_success=4 x_fail=0 kb_calls=0 kb_bytes=0 kb_success=0 kb_fail=0 total=4 injected=0 history_level=-1 x_level=1 kb_level=-1 shape_bad=0 x_each_worker_once=1
CASE_PASS m=1039 n=33 sve16_entries=0 expected=0 old_entries=0 packed_entries=0 packed_expected=0 wide_entries=0 wide_expected=0 wrapper_entries=0 wrapper_expected=0
ARGUMENTS_PASS m=1039 n=33 calls=0 bad=0 expected_panel_stride=8312
ALLOC_PASS m=1040 n=15 small=1 wide_path=0 history_expected=0 history_calls=0 history_bytes=0 history_success=0 history_fail=0 x_calls=4 x_bytes=266240 x_success=4 x_fail=0 kb_calls=0 kb_bytes=0 kb_success=0 kb_fail=0 total=4 injected=0 history_level=-1 x_level=1 kb_level=-1 shape_bad=0 x_each_worker_once=1
CASE_PASS m=1040 n=15 sve16_entries=0 expected=0 old_entries=0 packed_entries=0 packed_expected=0 wide_entries=0 wide_expected=0 wrapper_entries=0 wrapper_expected=0
ARGUMENTS_PASS m=1040 n=15 calls=0 bad=0 expected_panel_stride=8320
ALLOC_PASS m=1040 n=16 small=1 wide_path=0 history_expected=0 history_calls=0 history_bytes=0 history_success=0 history_fail=0 x_calls=4 x_bytes=266240 x_success=4 x_fail=0 kb_calls=0 kb_bytes=0 kb_success=0 kb_fail=0 total=4 injected=0 history_level=-1 x_level=1 kb_level=-1 shape_bad=0 x_each_worker_once=1
CASE_PASS m=1040 n=16 sve16_entries=0 expected=0 old_entries=0 packed_entries=0 packed_expected=0 wide_entries=0 wide_expected=0 wrapper_entries=0 wrapper_expected=0
ARGUMENTS_PASS m=1040 n=16 calls=0 bad=0 expected_panel_stride=8320
ALLOC_PASS m=1040 n=17 small=1 wide_path=0 history_expected=0 history_calls=0 history_bytes=0 history_success=0 history_fail=0 x_calls=4 x_bytes=266240 x_success=4 x_fail=0 kb_calls=0 kb_bytes=0 kb_success=0 kb_fail=0 total=4 injected=0 history_level=-1 x_level=1 kb_level=-1 shape_bad=0 x_each_worker_once=1
CASE_PASS m=1040 n=17 sve16_entries=0 expected=0 old_entries=0 packed_entries=0 packed_expected=0 wide_entries=0 wide_expected=0 wrapper_entries=0 wrapper_expected=0
ARGUMENTS_PASS m=1040 n=17 calls=0 bad=0 expected_panel_stride=8320
ALLOC_PASS m=1040 n=31 small=1 wide_path=0 history_expected=0 history_calls=0 history_bytes=0 history_success=0 history_fail=0 x_calls=4 x_bytes=266240 x_success=4 x_fail=0 kb_calls=0 kb_bytes=0 kb_success=0 kb_fail=0 total=4 injected=0 history_level=-1 x_level=1 kb_level=-1 shape_bad=0 x_each_worker_once=1
CASE_PASS m=1040 n=31 sve16_entries=0 expected=0 old_entries=0 packed_entries=0 packed_expected=0 wide_entries=0 wide_expected=0 wrapper_entries=0 wrapper_expected=0
ARGUMENTS_PASS m=1040 n=31 calls=0 bad=0 expected_panel_stride=8320
ALLOC_PASS m=1040 n=32 small=1 wide_path=0 history_expected=0 history_calls=0 history_bytes=0 history_success=0 history_fail=0 x_calls=4 x_bytes=266240 x_success=4 x_fail=0 kb_calls=0 kb_bytes=0 kb_success=0 kb_fail=0 total=4 injected=0 history_level=-1 x_level=1 kb_level=-1 shape_bad=0 x_each_worker_once=1
CASE_PASS m=1040 n=32 sve16_entries=0 expected=0 old_entries=0 packed_entries=0 packed_expected=0 wide_entries=0 wide_expected=0 wrapper_entries=0 wrapper_expected=0
ARGUMENTS_PASS m=1040 n=32 calls=0 bad=0 expected_panel_stride=8320
ALLOC_PASS m=1040 n=33 small=1 wide_path=0 history_expected=0 history_calls=0 history_bytes=0 history_success=0 history_fail=0 x_calls=4 x_bytes=266240 x_success=4 x_fail=0 kb_calls=0 kb_bytes=0 kb_success=0 kb_fail=0 total=4 injected=0 history_level=-1 x_level=1 kb_level=-1 shape_bad=0 x_each_worker_once=1
CASE_PASS m=1040 n=33 sve16_entries=0 expected=0 old_entries=0 packed_entries=0 packed_expected=0 wide_entries=0 wide_expected=0 wrapper_entries=0 wrapper_expected=0
ARGUMENTS_PASS m=1040 n=33 calls=0 bad=0 expected_panel_stride=8320
ALLOCATION_SUMMARY_PASS cases=12 budget_cases=0 shared_injection_cases=0
PASS whole_cases=12 noop_cases=4 non_dyadic_long_double_RHS=1 padding_L_unchanged=1 max_error=1.1102230246251565e-16
SOURCE_FEATURES_PASS panel16=1 packedL16=1 has_budget=1 history_budget_bytes=4194304 panel8x16=1
MODE=wide-grid THREADS=4 NARROW_VL=1 EXPECT_SVE16=0 EXPECT_PACKEDL16=0
ALLOC_PASS m=1039 n=15 small=1 wide_path=0 history_expected=1 history_calls=1 history_bytes=4128768 history_success=1 history_fail=0 x_calls=4 x_bytes=265984 x_success=4 x_fail=0 kb_calls=0 kb_bytes=0 kb_success=0 kb_fail=0 total=5 injected=0 history_level=0 x_level=1 kb_level=-1 shape_bad=0 x_each_worker_once=1
CASE_PASS m=1039 n=15 sve16_entries=0 expected=0 old_entries=0 packed_entries=0 packed_expected=0 wide_entries=0 wide_expected=0 wrapper_entries=0 wrapper_expected=0
ARGUMENTS_PASS m=1039 n=15 calls=0 bad=0 expected_panel_stride=8312
ALLOC_PASS m=1039 n=16 small=1 wide_path=0 history_expected=1 history_calls=1 history_bytes=4128768 history_success=1 history_fail=0 x_calls=4 x_bytes=265984 x_success=4 x_fail=0 kb_calls=0 kb_bytes=0 kb_success=0 kb_fail=0 total=5 injected=0 history_level=0 x_level=1 kb_level=-1 shape_bad=0 x_each_worker_once=1
CASE_PASS m=1039 n=16 sve16_entries=0 expected=0 old_entries=0 packed_entries=0 packed_expected=0 wide_entries=0 wide_expected=0 wrapper_entries=0 wrapper_expected=0
ARGUMENTS_PASS m=1039 n=16 calls=0 bad=0 expected_panel_stride=8312
ALLOC_PASS m=1039 n=17 small=1 wide_path=0 history_expected=1 history_calls=1 history_bytes=4128768 history_success=1 history_fail=0 x_calls=4 x_bytes=265984 x_success=4 x_fail=0 kb_calls=0 kb_bytes=0 kb_success=0 kb_fail=0 total=5 injected=0 history_level=0 x_level=1 kb_level=-1 shape_bad=0 x_each_worker_once=1
CASE_PASS m=1039 n=17 sve16_entries=0 expected=0 old_entries=0 packed_entries=0 packed_expected=0 wide_entries=0 wide_expected=0 wrapper_entries=0 wrapper_expected=0
ARGUMENTS_PASS m=1039 n=17 calls=0 bad=0 expected_panel_stride=8312
ALLOC_PASS m=1039 n=31 small=1 wide_path=0 history_expected=1 history_calls=1 history_bytes=4128768 history_success=1 history_fail=0 x_calls=4 x_bytes=265984 x_success=4 x_fail=0 kb_calls=0 kb_bytes=0 kb_success=0 kb_fail=0 total=5 injected=0 history_level=0 x_level=1 kb_level=-1 shape_bad=0 x_each_worker_once=1
CASE_PASS m=1039 n=31 sve16_entries=0 expected=0 old_entries=0 packed_entries=0 packed_expected=0 wide_entries=0 wide_expected=0 wrapper_entries=0 wrapper_expected=0
ARGUMENTS_PASS m=1039 n=31 calls=0 bad=0 expected_panel_stride=8312
ALLOC_PASS m=1039 n=32 small=1 wide_path=0 history_expected=1 history_calls=1 history_bytes=4128768 history_success=1 history_fail=0 x_calls=4 x_bytes=265984 x_success=4 x_fail=0 kb_calls=0 kb_bytes=0 kb_success=0 kb_fail=0 total=5 injected=0 history_level=0 x_level=1 kb_level=-1 shape_bad=0 x_each_worker_once=1
CASE_PASS m=1039 n=32 sve16_entries=0 expected=0 old_entries=0 packed_entries=0 packed_expected=0 wide_entries=0 wide_expected=0 wrapper_entries=0 wrapper_expected=0
ARGUMENTS_PASS m=1039 n=32 calls=0 bad=0 expected_panel_stride=8312
ALLOC_PASS m=1039 n=33 small=1 wide_path=0 history_expected=1 history_calls=1 history_bytes=4128768 history_success=1 history_fail=0 x_calls=4 x_bytes=265984 x_success=4 x_fail=0 kb_calls=0 kb_bytes=0 kb_success=0 kb_fail=0 total=5 injected=0 history_level=0 x_level=1 kb_level=-1 shape_bad=0 x_each_worker_once=1
CASE_PASS m=1039 n=33 sve16_entries=0 expected=0 old_entries=0 packed_entries=0 packed_expected=0 wide_entries=0 wide_expected=0 wrapper_entries=0 wrapper_expected=0
ARGUMENTS_PASS m=1039 n=33 calls=0 bad=0 expected_panel_stride=8312
ALLOC_PASS m=1040 n=15 small=1 wide_path=1 history_expected=0 history_calls=0 history_bytes=0 history_success=0 history_fail=0 x_calls=4 x_bytes=532480 x_success=4 x_fail=0 kb_calls=0 kb_bytes=0 kb_success=0 kb_fail=0 total=4 injected=0 history_level=-1 x_level=1 kb_level=-1 shape_bad=0 x_each_worker_once=1
CASE_PASS m=1040 n=15 sve16_entries=0 expected=0 old_entries=0 packed_entries=0 packed_expected=0 wide_entries=0 wide_expected=0 wrapper_entries=1 wrapper_expected=1
ARGUMENTS_PASS m=1040 n=15 calls=0 bad=0 expected_panel_stride=8320
ALLOC_PASS m=1040 n=16 small=1 wide_path=1 history_expected=0 history_calls=0 history_bytes=0 history_success=0 history_fail=0 x_calls=4 x_bytes=532480 x_success=4 x_fail=0 kb_calls=0 kb_bytes=0 kb_success=0 kb_fail=0 total=4 injected=0 history_level=-1 x_level=1 kb_level=-1 shape_bad=0 x_each_worker_once=1
CASE_PASS m=1040 n=16 sve16_entries=0 expected=0 old_entries=0 packed_entries=0 packed_expected=0 wide_entries=0 wide_expected=0 wrapper_entries=1 wrapper_expected=1
ARGUMENTS_PASS m=1040 n=16 calls=0 bad=0 expected_panel_stride=8320
ALLOC_PASS m=1040 n=17 small=1 wide_path=1 history_expected=0 history_calls=0 history_bytes=0 history_success=0 history_fail=0 x_calls=4 x_bytes=532480 x_success=4 x_fail=0 kb_calls=0 kb_bytes=0 kb_success=0 kb_fail=0 total=4 injected=0 history_level=-1 x_level=1 kb_level=-1 shape_bad=0 x_each_worker_once=1
CASE_PASS m=1040 n=17 sve16_entries=0 expected=0 old_entries=0 packed_entries=0 packed_expected=0 wide_entries=0 wide_expected=0 wrapper_entries=1 wrapper_expected=1
ARGUMENTS_PASS m=1040 n=17 calls=0 bad=0 expected_panel_stride=8320
ALLOC_PASS m=1040 n=31 small=1 wide_path=1 history_expected=0 history_calls=0 history_bytes=0 history_success=0 history_fail=0 x_calls=4 x_bytes=532480 x_success=4 x_fail=0 kb_calls=0 kb_bytes=0 kb_success=0 kb_fail=0 total=4 injected=0 history_level=-1 x_level=1 kb_level=-1 shape_bad=0 x_each_worker_once=1
CASE_PASS m=1040 n=31 sve16_entries=0 expected=0 old_entries=0 packed_entries=0 packed_expected=0 wide_entries=0 wide_expected=0 wrapper_entries=1 wrapper_expected=1
ARGUMENTS_PASS m=1040 n=31 calls=0 bad=0 expected_panel_stride=8320
ALLOC_PASS m=1040 n=32 small=1 wide_path=1 history_expected=0 history_calls=0 history_bytes=0 history_success=0 history_fail=0 x_calls=4 x_bytes=532480 x_success=4 x_fail=0 kb_calls=0 kb_bytes=0 kb_success=0 kb_fail=0 total=4 injected=0 history_level=-1 x_level=1 kb_level=-1 shape_bad=0 x_each_worker_once=1
CASE_PASS m=1040 n=32 sve16_entries=0 expected=0 old_entries=0 packed_entries=0 packed_expected=0 wide_entries=0 wide_expected=0 wrapper_entries=1 wrapper_expected=1
ARGUMENTS_PASS m=1040 n=32 calls=0 bad=0 expected_panel_stride=8320
ALLOC_PASS m=1040 n=33 small=1 wide_path=1 history_expected=0 history_calls=0 history_bytes=0 history_success=0 history_fail=0 x_calls=4 x_bytes=532480 x_success=4 x_fail=0 kb_calls=0 kb_bytes=0 kb_success=0 kb_fail=0 total=4 injected=0 history_level=-1 x_level=1 kb_level=-1 shape_bad=0 x_each_worker_once=1
CASE_PASS m=1040 n=33 sve16_entries=0 expected=0 old_entries=0 packed_entries=0 packed_expected=0 wide_entries=0 wide_expected=0 wrapper_entries=1 wrapper_expected=1
ARGUMENTS_PASS m=1040 n=33 calls=0 bad=0 expected_panel_stride=8320
ALLOCATION_SUMMARY_PASS cases=12 budget_cases=0 shared_injection_cases=0
PASS whole_cases=12 noop_cases=4 non_dyadic_long_double_RHS=1 padding_L_unchanged=1 max_error=1.1102230246251565e-16
SOURCE_FEATURES_PASS panel16=1 packedL16=1 has_budget=1 history_budget_bytes=4194304 panel8x16=1
MODE=wide-grid THREADS=4 NARROW_VL=0 EXPECT_SVE16=1 EXPECT_PACKEDL16=0
ALLOC_PASS m=1039 n=15 small=1 wide_path=0 history_expected=1 history_calls=1 history_bytes=4128768 history_success=0 history_fail=1 x_calls=4 x_bytes=265984 x_success=4 x_fail=0 kb_calls=0 kb_bytes=0 kb_success=0 kb_fail=0 total=5 injected=1 history_level=0 x_level=1 kb_level=-1 shape_bad=0 x_each_worker_once=1
CASE_PASS m=1039 n=15 sve16_entries=128 expected=128 old_entries=128 packed_entries=0 packed_expected=0 wide_entries=0 wide_expected=0 wrapper_entries=0 wrapper_expected=0
ARGUMENTS_PASS m=1039 n=15 calls=0 bad=0 expected_panel_stride=8312
SHARED_ALLOC_PASS m=1039 n=15 calls=5 injected=1 shared_first=1 later_X_success=4
ALLOC_PASS m=1039 n=16 small=1 wide_path=0 history_expected=1 history_calls=1 history_bytes=4128768 history_success=0 history_fail=1 x_calls=4 x_bytes=265984 x_success=4 x_fail=0 kb_calls=0 kb_bytes=0 kb_success=0 kb_fail=0 total=5 injected=1 history_level=0 x_level=1 kb_level=-1 shape_bad=0 x_each_worker_once=1
CASE_PASS m=1039 n=16 sve16_entries=128 expected=128 old_entries=128 packed_entries=0 packed_expected=0 wide_entries=0 wide_expected=0 wrapper_entries=0 wrapper_expected=0
ARGUMENTS_PASS m=1039 n=16 calls=0 bad=0 expected_panel_stride=8312
SHARED_ALLOC_PASS m=1039 n=16 calls=5 injected=1 shared_first=1 later_X_success=4
ALLOC_PASS m=1039 n=17 small=1 wide_path=0 history_expected=1 history_calls=1 history_bytes=4128768 history_success=0 history_fail=1 x_calls=4 x_bytes=265984 x_success=4 x_fail=0 kb_calls=0 kb_bytes=0 kb_success=0 kb_fail=0 total=5 injected=1 history_level=0 x_level=1 kb_level=-1 shape_bad=0 x_each_worker_once=1
CASE_PASS m=1039 n=17 sve16_entries=192 expected=192 old_entries=192 packed_entries=0 packed_expected=0 wide_entries=0 wide_expected=0 wrapper_entries=0 wrapper_expected=0
ARGUMENTS_PASS m=1039 n=17 calls=0 bad=0 expected_panel_stride=8312
SHARED_ALLOC_PASS m=1039 n=17 calls=5 injected=1 shared_first=1 later_X_success=4
ALLOC_PASS m=1039 n=31 small=1 wide_path=0 history_expected=1 history_calls=1 history_bytes=4128768 history_success=0 history_fail=1 x_calls=4 x_bytes=265984 x_success=4 x_fail=0 kb_calls=0 kb_bytes=0 kb_success=0 kb_fail=0 total=5 injected=1 history_level=0 x_level=1 kb_level=-1 shape_bad=0 x_each_worker_once=1
CASE_PASS m=1039 n=31 sve16_entries=256 expected=256 old_entries=256 packed_entries=0 packed_expected=0 wide_entries=0 wide_expected=0 wrapper_entries=0 wrapper_expected=0
ARGUMENTS_PASS m=1039 n=31 calls=0 bad=0 expected_panel_stride=8312
SHARED_ALLOC_PASS m=1039 n=31 calls=5 injected=1 shared_first=1 later_X_success=4
ALLOC_PASS m=1039 n=32 small=1 wide_path=0 history_expected=1 history_calls=1 history_bytes=4128768 history_success=0 history_fail=1 x_calls=4 x_bytes=265984 x_success=4 x_fail=0 kb_calls=0 kb_bytes=0 kb_success=0 kb_fail=0 total=5 injected=1 history_level=0 x_level=1 kb_level=-1 shape_bad=0 x_each_worker_once=1
CASE_PASS m=1039 n=32 sve16_entries=256 expected=256 old_entries=256 packed_entries=0 packed_expected=0 wide_entries=0 wide_expected=0 wrapper_entries=0 wrapper_expected=0
ARGUMENTS_PASS m=1039 n=32 calls=0 bad=0 expected_panel_stride=8312
SHARED_ALLOC_PASS m=1039 n=32 calls=5 injected=1 shared_first=1 later_X_success=4
ALLOC_PASS m=1039 n=33 small=1 wide_path=0 history_expected=1 history_calls=1 history_bytes=4128768 history_success=0 history_fail=1 x_calls=4 x_bytes=265984 x_success=4 x_fail=0 kb_calls=0 kb_bytes=0 kb_success=0 kb_fail=0 total=5 injected=1 history_level=0 x_level=1 kb_level=-1 shape_bad=0 x_each_worker_once=1
CASE_PASS m=1039 n=33 sve16_entries=320 expected=320 old_entries=320 packed_entries=0 packed_expected=0 wide_entries=0 wide_expected=0 wrapper_entries=0 wrapper_expected=0
ARGUMENTS_PASS m=1039 n=33 calls=0 bad=0 expected_panel_stride=8312
SHARED_ALLOC_PASS m=1039 n=33 calls=5 injected=1 shared_first=1 later_X_success=4
ALLOC_PASS m=1040 n=15 small=1 wide_path=1 history_expected=0 history_calls=0 history_bytes=0 history_success=0 history_fail=0 x_calls=4 x_bytes=532480 x_success=4 x_fail=0 kb_calls=0 kb_bytes=0 kb_success=0 kb_fail=0 total=4 injected=0 history_level=-1 x_level=1 kb_level=-1 shape_bad=0 x_each_worker_once=1
CASE_PASS m=1040 n=15 sve16_entries=130 expected=130 old_entries=130 packed_entries=0 packed_expected=0 wide_entries=0 wide_expected=0 wrapper_entries=1 wrapper_expected=1
ARGUMENTS_PASS m=1040 n=15 calls=0 bad=0 expected_panel_stride=8320
ALLOC_PASS m=1040 n=16 small=1 wide_path=1 history_expected=0 history_calls=0 history_bytes=0 history_success=0 history_fail=0 x_calls=4 x_bytes=532480 x_success=4 x_fail=0 kb_calls=0 kb_bytes=0 kb_success=0 kb_fail=0 total=4 injected=0 history_level=-1 x_level=1 kb_level=-1 shape_bad=0 x_each_worker_once=1
CASE_PASS m=1040 n=16 sve16_entries=0 expected=0 old_entries=0 packed_entries=0 packed_expected=0 wide_entries=130 wide_expected=130 wrapper_entries=1 wrapper_expected=1
ARGUMENTS_PASS m=1040 n=16 calls=130 bad=0 expected_panel_stride=8320
ALLOC_PASS m=1040 n=17 small=1 wide_path=1 history_expected=0 history_calls=0 history_bytes=0 history_success=0 history_fail=0 x_calls=4 x_bytes=532480 x_success=4 x_fail=0 kb_calls=0 kb_bytes=0 kb_success=0 kb_fail=0 total=4 injected=0 history_level=-1 x_level=1 kb_level=-1 shape_bad=0 x_each_worker_once=1
CASE_PASS m=1040 n=17 sve16_entries=65 expected=65 old_entries=65 packed_entries=0 packed_expected=0 wide_entries=130 wide_expected=130 wrapper_entries=1 wrapper_expected=1
ARGUMENTS_PASS m=1040 n=17 calls=130 bad=0 expected_panel_stride=8320
ALLOC_PASS m=1040 n=31 small=1 wide_path=1 history_expected=0 history_calls=0 history_bytes=0 history_success=0 history_fail=0 x_calls=4 x_bytes=532480 x_success=4 x_fail=0 kb_calls=0 kb_bytes=0 kb_success=0 kb_fail=0 total=4 injected=0 history_level=-1 x_level=1 kb_level=-1 shape_bad=0 x_each_worker_once=1
CASE_PASS m=1040 n=31 sve16_entries=130 expected=130 old_entries=130 packed_entries=0 packed_expected=0 wide_entries=130 wide_expected=130 wrapper_entries=1 wrapper_expected=1
ARGUMENTS_PASS m=1040 n=31 calls=130 bad=0 expected_panel_stride=8320
ALLOC_PASS m=1040 n=32 small=1 wide_path=1 history_expected=0 history_calls=0 history_bytes=0 history_success=0 history_fail=0 x_calls=4 x_bytes=532480 x_success=4 x_fail=0 kb_calls=0 kb_bytes=0 kb_success=0 kb_fail=0 total=4 injected=0 history_level=-1 x_level=1 kb_level=-1 shape_bad=0 x_each_worker_once=1
CASE_PASS m=1040 n=32 sve16_entries=0 expected=0 old_entries=0 packed_entries=0 packed_expected=0 wide_entries=260 wide_expected=260 wrapper_entries=1 wrapper_expected=1
ARGUMENTS_PASS m=1040 n=32 calls=260 bad=0 expected_panel_stride=8320
ALLOC_PASS m=1040 n=33 small=1 wide_path=1 history_expected=0 history_calls=0 history_bytes=0 history_success=0 history_fail=0 x_calls=4 x_bytes=532480 x_success=4 x_fail=0 kb_calls=0 kb_bytes=0 kb_success=0 kb_fail=0 total=4 injected=0 history_level=-1 x_level=1 kb_level=-1 shape_bad=0 x_each_worker_once=1
CASE_PASS m=1040 n=33 sve16_entries=65 expected=65 old_entries=65 packed_entries=0 packed_expected=0 wide_entries=260 wide_expected=260 wrapper_entries=1 wrapper_expected=1
ARGUMENTS_PASS m=1040 n=33 calls=260 bad=0 expected_panel_stride=8320
ALLOCATION_SUMMARY_PASS cases=12 budget_cases=0 shared_injection_cases=6
PASS whole_cases=12 noop_cases=4 non_dyadic_long_double_RHS=1 padding_L_unchanged=1 max_error=1.1102230246251565e-16
SOURCE_FEATURES_PASS panel16=1 packedL16=1 has_budget=1 history_budget_bytes=4194304 panel8x16=1
MODE=wide-grid THREADS=4 NARROW_VL=0 EXPECT_SVE16=0 EXPECT_PACKEDL16=0
ALLOC_PASS m=1039 n=15 small=1 wide_path=0 history_expected=1 history_calls=1 history_bytes=4128768 history_success=1 history_fail=0 x_calls=4 x_bytes=265984 x_success=0 x_fail=4 kb_calls=0 kb_bytes=0 kb_success=0 kb_fail=0 total=5 injected=4 history_level=0 x_level=1 kb_level=-1 shape_bad=0 x_each_worker_once=1
CASE_PASS m=1039 n=15 sve16_entries=0 expected=0 old_entries=0 packed_entries=0 packed_expected=0 wide_entries=0 wide_expected=0 wrapper_entries=0 wrapper_expected=0
ARGUMENTS_PASS m=1039 n=15 calls=0 bad=0 expected_panel_stride=8312
ALLOC_PASS m=1039 n=16 small=1 wide_path=0 history_expected=1 history_calls=1 history_bytes=4128768 history_success=1 history_fail=0 x_calls=4 x_bytes=265984 x_success=0 x_fail=4 kb_calls=0 kb_bytes=0 kb_success=0 kb_fail=0 total=5 injected=4 history_level=0 x_level=1 kb_level=-1 shape_bad=0 x_each_worker_once=1
CASE_PASS m=1039 n=16 sve16_entries=0 expected=0 old_entries=0 packed_entries=0 packed_expected=0 wide_entries=0 wide_expected=0 wrapper_entries=0 wrapper_expected=0
ARGUMENTS_PASS m=1039 n=16 calls=0 bad=0 expected_panel_stride=8312
ALLOC_PASS m=1039 n=17 small=1 wide_path=0 history_expected=1 history_calls=1 history_bytes=4128768 history_success=1 history_fail=0 x_calls=4 x_bytes=265984 x_success=0 x_fail=4 kb_calls=0 kb_bytes=0 kb_success=0 kb_fail=0 total=5 injected=4 history_level=0 x_level=1 kb_level=-1 shape_bad=0 x_each_worker_once=1
CASE_PASS m=1039 n=17 sve16_entries=0 expected=0 old_entries=0 packed_entries=0 packed_expected=0 wide_entries=0 wide_expected=0 wrapper_entries=0 wrapper_expected=0
ARGUMENTS_PASS m=1039 n=17 calls=0 bad=0 expected_panel_stride=8312
ALLOC_PASS m=1039 n=31 small=1 wide_path=0 history_expected=1 history_calls=1 history_bytes=4128768 history_success=1 history_fail=0 x_calls=4 x_bytes=265984 x_success=0 x_fail=4 kb_calls=0 kb_bytes=0 kb_success=0 kb_fail=0 total=5 injected=4 history_level=0 x_level=1 kb_level=-1 shape_bad=0 x_each_worker_once=1
CASE_PASS m=1039 n=31 sve16_entries=0 expected=0 old_entries=0 packed_entries=0 packed_expected=0 wide_entries=0 wide_expected=0 wrapper_entries=0 wrapper_expected=0
ARGUMENTS_PASS m=1039 n=31 calls=0 bad=0 expected_panel_stride=8312
ALLOC_PASS m=1039 n=32 small=1 wide_path=0 history_expected=1 history_calls=1 history_bytes=4128768 history_success=1 history_fail=0 x_calls=4 x_bytes=265984 x_success=0 x_fail=4 kb_calls=0 kb_bytes=0 kb_success=0 kb_fail=0 total=5 injected=4 history_level=0 x_level=1 kb_level=-1 shape_bad=0 x_each_worker_once=1
CASE_PASS m=1039 n=32 sve16_entries=0 expected=0 old_entries=0 packed_entries=0 packed_expected=0 wide_entries=0 wide_expected=0 wrapper_entries=0 wrapper_expected=0
ARGUMENTS_PASS m=1039 n=32 calls=0 bad=0 expected_panel_stride=8312
ALLOC_PASS m=1039 n=33 small=1 wide_path=0 history_expected=1 history_calls=1 history_bytes=4128768 history_success=1 history_fail=0 x_calls=4 x_bytes=265984 x_success=0 x_fail=4 kb_calls=0 kb_bytes=0 kb_success=0 kb_fail=0 total=5 injected=4 history_level=0 x_level=1 kb_level=-1 shape_bad=0 x_each_worker_once=1
CASE_PASS m=1039 n=33 sve16_entries=0 expected=0 old_entries=0 packed_entries=0 packed_expected=0 wide_entries=0 wide_expected=0 wrapper_entries=0 wrapper_expected=0
ARGUMENTS_PASS m=1039 n=33 calls=0 bad=0 expected_panel_stride=8312
ALLOC_PASS m=1040 n=15 small=1 wide_path=1 history_expected=0 history_calls=0 history_bytes=0 history_success=0 history_fail=0 x_calls=4 x_bytes=532480 x_success=0 x_fail=4 kb_calls=0 kb_bytes=0 kb_success=0 kb_fail=0 total=4 injected=4 history_level=-1 x_level=1 kb_level=-1 shape_bad=0 x_each_worker_once=1
CASE_PASS m=1040 n=15 sve16_entries=0 expected=0 old_entries=0 packed_entries=0 packed_expected=0 wide_entries=0 wide_expected=0 wrapper_entries=1 wrapper_expected=1
ARGUMENTS_PASS m=1040 n=15 calls=0 bad=0 expected_panel_stride=8320
ALLOC_PASS m=1040 n=16 small=1 wide_path=1 history_expected=0 history_calls=0 history_bytes=0 history_success=0 history_fail=0 x_calls=4 x_bytes=532480 x_success=0 x_fail=4 kb_calls=0 kb_bytes=0 kb_success=0 kb_fail=0 total=4 injected=4 history_level=-1 x_level=1 kb_level=-1 shape_bad=0 x_each_worker_once=1
CASE_PASS m=1040 n=16 sve16_entries=0 expected=0 old_entries=0 packed_entries=0 packed_expected=0 wide_entries=0 wide_expected=0 wrapper_entries=1 wrapper_expected=1
ARGUMENTS_PASS m=1040 n=16 calls=0 bad=0 expected_panel_stride=8320
ALLOC_PASS m=1040 n=17 small=1 wide_path=1 history_expected=0 history_calls=0 history_bytes=0 history_success=0 history_fail=0 x_calls=4 x_bytes=532480 x_success=0 x_fail=4 kb_calls=0 kb_bytes=0 kb_success=0 kb_fail=0 total=4 injected=4 history_level=-1 x_level=1 kb_level=-1 shape_bad=0 x_each_worker_once=1
CASE_PASS m=1040 n=17 sve16_entries=0 expected=0 old_entries=0 packed_entries=0 packed_expected=0 wide_entries=0 wide_expected=0 wrapper_entries=1 wrapper_expected=1
ARGUMENTS_PASS m=1040 n=17 calls=0 bad=0 expected_panel_stride=8320
ALLOC_PASS m=1040 n=31 small=1 wide_path=1 history_expected=0 history_calls=0 history_bytes=0 history_success=0 history_fail=0 x_calls=4 x_bytes=532480 x_success=0 x_fail=4 kb_calls=0 kb_bytes=0 kb_success=0 kb_fail=0 total=4 injected=4 history_level=-1 x_level=1 kb_level=-1 shape_bad=0 x_each_worker_once=1
CASE_PASS m=1040 n=31 sve16_entries=0 expected=0 old_entries=0 packed_entries=0 packed_expected=0 wide_entries=0 wide_expected=0 wrapper_entries=1 wrapper_expected=1
ARGUMENTS_PASS m=1040 n=31 calls=0 bad=0 expected_panel_stride=8320
ALLOC_PASS m=1040 n=32 small=1 wide_path=1 history_expected=0 history_calls=0 history_bytes=0 history_success=0 history_fail=0 x_calls=4 x_bytes=532480 x_success=0 x_fail=4 kb_calls=0 kb_bytes=0 kb_success=0 kb_fail=0 total=4 injected=4 history_level=-1 x_level=1 kb_level=-1 shape_bad=0 x_each_worker_once=1
CASE_PASS m=1040 n=32 sve16_entries=0 expected=0 old_entries=0 packed_entries=0 packed_expected=0 wide_entries=0 wide_expected=0 wrapper_entries=1 wrapper_expected=1
ARGUMENTS_PASS m=1040 n=32 calls=0 bad=0 expected_panel_stride=8320
ALLOC_PASS m=1040 n=33 small=1 wide_path=1 history_expected=0 history_calls=0 history_bytes=0 history_success=0 history_fail=0 x_calls=4 x_bytes=532480 x_success=0 x_fail=4 kb_calls=0 kb_bytes=0 kb_success=0 kb_fail=0 total=4 injected=4 history_level=-1 x_level=1 kb_level=-1 shape_bad=0 x_each_worker_once=1
CASE_PASS m=1040 n=33 sve16_entries=0 expected=0 old_entries=0 packed_entries=0 packed_expected=0 wide_entries=0 wide_expected=0 wrapper_entries=1 wrapper_expected=1
ARGUMENTS_PASS m=1040 n=33 calls=0 bad=0 expected_panel_stride=8320
ALLOCATION_SUMMARY_PASS cases=12 budget_cases=0 shared_injection_cases=0
PASS whole_cases=12 noop_cases=4 non_dyadic_long_double_RHS=1 padding_L_unchanged=1 max_error=1.1102230246251565e-16
SOURCE_FEATURES_PASS panel16=1 packedL16=1 has_budget=1 history_budget_bytes=4194304 panel8x16=1
MODE=wide-grid THREADS=4 NARROW_VL=0 EXPECT_SVE16=0 EXPECT_PACKEDL16=0
ALLOC_PASS m=1039 n=15 small=1 wide_path=0 history_expected=1 history_calls=1 history_bytes=4128768 history_success=0 history_fail=1 x_calls=4 x_bytes=265984 x_success=0 x_fail=4 kb_calls=0 kb_bytes=0 kb_success=0 kb_fail=0 total=5 injected=5 history_level=0 x_level=1 kb_level=-1 shape_bad=0 x_each_worker_once=1
CASE_PASS m=1039 n=15 sve16_entries=0 expected=0 old_entries=0 packed_entries=0 packed_expected=0 wide_entries=0 wide_expected=0 wrapper_entries=0 wrapper_expected=0
ARGUMENTS_PASS m=1039 n=15 calls=0 bad=0 expected_panel_stride=8312
ALLOC_PASS m=1039 n=16 small=1 wide_path=0 history_expected=1 history_calls=1 history_bytes=4128768 history_success=0 history_fail=1 x_calls=4 x_bytes=265984 x_success=0 x_fail=4 kb_calls=0 kb_bytes=0 kb_success=0 kb_fail=0 total=5 injected=5 history_level=0 x_level=1 kb_level=-1 shape_bad=0 x_each_worker_once=1
CASE_PASS m=1039 n=16 sve16_entries=0 expected=0 old_entries=0 packed_entries=0 packed_expected=0 wide_entries=0 wide_expected=0 wrapper_entries=0 wrapper_expected=0
ARGUMENTS_PASS m=1039 n=16 calls=0 bad=0 expected_panel_stride=8312
ALLOC_PASS m=1039 n=17 small=1 wide_path=0 history_expected=1 history_calls=1 history_bytes=4128768 history_success=0 history_fail=1 x_calls=4 x_bytes=265984 x_success=0 x_fail=4 kb_calls=0 kb_bytes=0 kb_success=0 kb_fail=0 total=5 injected=5 history_level=0 x_level=1 kb_level=-1 shape_bad=0 x_each_worker_once=1
CASE_PASS m=1039 n=17 sve16_entries=0 expected=0 old_entries=0 packed_entries=0 packed_expected=0 wide_entries=0 wide_expected=0 wrapper_entries=0 wrapper_expected=0
ARGUMENTS_PASS m=1039 n=17 calls=0 bad=0 expected_panel_stride=8312
ALLOC_PASS m=1039 n=31 small=1 wide_path=0 history_expected=1 history_calls=1 history_bytes=4128768 history_success=0 history_fail=1 x_calls=4 x_bytes=265984 x_success=0 x_fail=4 kb_calls=0 kb_bytes=0 kb_success=0 kb_fail=0 total=5 injected=5 history_level=0 x_level=1 kb_level=-1 shape_bad=0 x_each_worker_once=1
CASE_PASS m=1039 n=31 sve16_entries=0 expected=0 old_entries=0 packed_entries=0 packed_expected=0 wide_entries=0 wide_expected=0 wrapper_entries=0 wrapper_expected=0
ARGUMENTS_PASS m=1039 n=31 calls=0 bad=0 expected_panel_stride=8312
ALLOC_PASS m=1039 n=32 small=1 wide_path=0 history_expected=1 history_calls=1 history_bytes=4128768 history_success=0 history_fail=1 x_calls=4 x_bytes=265984 x_success=0 x_fail=4 kb_calls=0 kb_bytes=0 kb_success=0 kb_fail=0 total=5 injected=5 history_level=0 x_level=1 kb_level=-1 shape_bad=0 x_each_worker_once=1
CASE_PASS m=1039 n=32 sve16_entries=0 expected=0 old_entries=0 packed_entries=0 packed_expected=0 wide_entries=0 wide_expected=0 wrapper_entries=0 wrapper_expected=0
ARGUMENTS_PASS m=1039 n=32 calls=0 bad=0 expected_panel_stride=8312
ALLOC_PASS m=1039 n=33 small=1 wide_path=0 history_expected=1 history_calls=1 history_bytes=4128768 history_success=0 history_fail=1 x_calls=4 x_bytes=265984 x_success=0 x_fail=4 kb_calls=0 kb_bytes=0 kb_success=0 kb_fail=0 total=5 injected=5 history_level=0 x_level=1 kb_level=-1 shape_bad=0 x_each_worker_once=1
CASE_PASS m=1039 n=33 sve16_entries=0 expected=0 old_entries=0 packed_entries=0 packed_expected=0 wide_entries=0 wide_expected=0 wrapper_entries=0 wrapper_expected=0
ARGUMENTS_PASS m=1039 n=33 calls=0 bad=0 expected_panel_stride=8312
ALLOC_PASS m=1040 n=15 small=1 wide_path=1 history_expected=0 history_calls=0 history_bytes=0 history_success=0 history_fail=0 x_calls=4 x_bytes=532480 x_success=0 x_fail=4 kb_calls=0 kb_bytes=0 kb_success=0 kb_fail=0 total=4 injected=4 history_level=-1 x_level=1 kb_level=-1 shape_bad=0 x_each_worker_once=1
CASE_PASS m=1040 n=15 sve16_entries=0 expected=0 old_entries=0 packed_entries=0 packed_expected=0 wide_entries=0 wide_expected=0 wrapper_entries=1 wrapper_expected=1
ARGUMENTS_PASS m=1040 n=15 calls=0 bad=0 expected_panel_stride=8320
ALLOC_PASS m=1040 n=16 small=1 wide_path=1 history_expected=0 history_calls=0 history_bytes=0 history_success=0 history_fail=0 x_calls=4 x_bytes=532480 x_success=0 x_fail=4 kb_calls=0 kb_bytes=0 kb_success=0 kb_fail=0 total=4 injected=4 history_level=-1 x_level=1 kb_level=-1 shape_bad=0 x_each_worker_once=1
CASE_PASS m=1040 n=16 sve16_entries=0 expected=0 old_entries=0 packed_entries=0 packed_expected=0 wide_entries=0 wide_expected=0 wrapper_entries=1 wrapper_expected=1
ARGUMENTS_PASS m=1040 n=16 calls=0 bad=0 expected_panel_stride=8320
ALLOC_PASS m=1040 n=17 small=1 wide_path=1 history_expected=0 history_calls=0 history_bytes=0 history_success=0 history_fail=0 x_calls=4 x_bytes=532480 x_success=0 x_fail=4 kb_calls=0 kb_bytes=0 kb_success=0 kb_fail=0 total=4 injected=4 history_level=-1 x_level=1 kb_level=-1 shape_bad=0 x_each_worker_once=1
CASE_PASS m=1040 n=17 sve16_entries=0 expected=0 old_entries=0 packed_entries=0 packed_expected=0 wide_entries=0 wide_expected=0 wrapper_entries=1 wrapper_expected=1
ARGUMENTS_PASS m=1040 n=17 calls=0 bad=0 expected_panel_stride=8320
ALLOC_PASS m=1040 n=31 small=1 wide_path=1 history_expected=0 history_calls=0 history_bytes=0 history_success=0 history_fail=0 x_calls=4 x_bytes=532480 x_success=0 x_fail=4 kb_calls=0 kb_bytes=0 kb_success=0 kb_fail=0 total=4 injected=4 history_level=-1 x_level=1 kb_level=-1 shape_bad=0 x_each_worker_once=1
CASE_PASS m=1040 n=31 sve16_entries=0 expected=0 old_entries=0 packed_entries=0 packed_expected=0 wide_entries=0 wide_expected=0 wrapper_entries=1 wrapper_expected=1
ARGUMENTS_PASS m=1040 n=31 calls=0 bad=0 expected_panel_stride=8320
ALLOC_PASS m=1040 n=32 small=1 wide_path=1 history_expected=0 history_calls=0 history_bytes=0 history_success=0 history_fail=0 x_calls=4 x_bytes=532480 x_success=0 x_fail=4 kb_calls=0 kb_bytes=0 kb_success=0 kb_fail=0 total=4 injected=4 history_level=-1 x_level=1 kb_level=-1 shape_bad=0 x_each_worker_once=1
CASE_PASS m=1040 n=32 sve16_entries=0 expected=0 old_entries=0 packed_entries=0 packed_expected=0 wide_entries=0 wide_expected=0 wrapper_entries=1 wrapper_expected=1
ARGUMENTS_PASS m=1040 n=32 calls=0 bad=0 expected_panel_stride=8320
ALLOC_PASS m=1040 n=33 small=1 wide_path=1 history_expected=0 history_calls=0 history_bytes=0 history_success=0 history_fail=0 x_calls=4 x_bytes=532480 x_success=0 x_fail=4 kb_calls=0 kb_bytes=0 kb_success=0 kb_fail=0 total=4 injected=4 history_level=-1 x_level=1 kb_level=-1 shape_bad=0 x_each_worker_once=1
CASE_PASS m=1040 n=33 sve16_entries=0 expected=0 old_entries=0 packed_entries=0 packed_expected=0 wide_entries=0 wide_expected=0 wrapper_entries=1 wrapper_expected=1
ARGUMENTS_PASS m=1040 n=33 calls=0 bad=0 expected_panel_stride=8320
ALLOCATION_SUMMARY_PASS cases=12 budget_cases=0 shared_injection_cases=0
PASS whole_cases=12 noop_cases=4 non_dyadic_long_double_RHS=1 padding_L_unchanged=1 max_error=1.1102230246251565e-16
TRSM_PANEL8X16_PREFLIGHT_COMPLETE=1 MICRO_CASES=46 WHOLE_CASES=615 NOOP_CASES=96 OLD_MICRO_CASES=14 PACKED_MICRO_CASES=14 WIDE_MICRO_CASES=18 SHARED_FAIL_CASES=89 ALLOCATION_CASES=615 BUDGET_CASES=32 BUDGET_SHARED_INJECTIONS=3 ARGUMENT_CHECKED_CASES=633 ARGUMENT_OBSERVATIONS=6388 WRAPPER_CALLS=55
{"allowed_cpu_count": 38, "allowed_cpus": [76, 77, 78, 79, 80, 81, 82, 83, 84, 85, 86, 87, 88, 89, 90, 91, 92, 93, 94, 95, 96, 97, 98, 99, 100, 101, 102, 103, 104, 105, 106, 107, 108, 109, 110, 111, 112, 113], "guard_pass": true, "host": "COMPUTE_NODE_1", "numa_nodes": ["node2"], "scheduler_job_id": "1579861"}
gcc (gcc for openEuler 3.0.2) 12.3.1
Copyright (C) 2022 Free Software Foundation, Inc.
This is free software; see the source for copying conditions.  There is NO
warranty; not even for MERCHANTABILITY or FITNESS FOR A PARTICULAR PURPOSE.

SOURCE_INSTRUMENTATION_PASS copies=1 insertions=1 original_untouched=1
TILE_CONFIG_PASS KB=256 CT=64
DISPATCH workers=1 hwcap_sve=1 min_vl=64 max_vl=64 expected_wide=1
ARGUMENTS_PASS calls=1 bad=0 expected_ldx=47 expected_panel_stride=8
MICRO_PASS count=0 lda=3 layout=strided calls=1
ARGUMENTS_PASS calls=1 bad=0 expected_ldx=8 expected_panel_stride=2048
MICRO_PASS count=0 lda=3 layout=packed calls=1
ARGUMENTS_PASS calls=1 bad=0 expected_ldx=49 expected_panel_stride=8
MICRO_PASS count=0 lda=11 layout=strided calls=1
ARGUMENTS_PASS calls=1 bad=0 expected_ldx=8 expected_panel_stride=2048
MICRO_PASS count=0 lda=11 layout=packed calls=1
ARGUMENTS_PASS calls=1 bad=0 expected_ldx=47 expected_panel_stride=8
MICRO_PASS count=1 lda=4 layout=strided calls=1
ARGUMENTS_PASS calls=1 bad=0 expected_ldx=8 expected_panel_stride=2048
MICRO_PASS count=1 lda=4 layout=packed calls=1
ARGUMENTS_PASS calls=1 bad=0 expected_ldx=49 expected_panel_stride=8
MICRO_PASS count=1 lda=12 layout=strided calls=1
ARGUMENTS_PASS calls=1 bad=0 expected_ldx=8 expected_panel_stride=2048
MICRO_PASS count=1 lda=12 layout=packed calls=1
ARGUMENTS_PASS calls=1 bad=0 expected_ldx=47 expected_panel_stride=8
MICRO_PASS count=2 lda=5 layout=strided calls=1
ARGUMENTS_PASS calls=1 bad=0 expected_ldx=8 expected_panel_stride=2048
MICRO_PASS count=2 lda=5 layout=packed calls=1
ARGUMENTS_PASS calls=1 bad=0 expected_ldx=49 expected_panel_stride=8
MICRO_PASS count=2 lda=13 layout=strided calls=1
ARGUMENTS_PASS calls=1 bad=0 expected_ldx=8 expected_panel_stride=2048
MICRO_PASS count=2 lda=13 layout=packed calls=1
ARGUMENTS_PASS calls=1 bad=0 expected_ldx=47 expected_panel_stride=8
MICRO_PASS count=7 lda=10 layout=strided calls=1
ARGUMENTS_PASS calls=1 bad=0 expected_ldx=8 expected_panel_stride=2048
MICRO_PASS count=7 lda=10 layout=packed calls=1
ARGUMENTS_PASS calls=1 bad=0 expected_ldx=49 expected_panel_stride=8
MICRO_PASS count=7 lda=18 layout=strided calls=1
ARGUMENTS_PASS calls=1 bad=0 expected_ldx=8 expected_panel_stride=2048
MICRO_PASS count=7 lda=18 layout=packed calls=1
ARGUMENTS_PASS calls=1 bad=0 expected_ldx=47 expected_panel_stride=8
MICRO_PASS count=31 lda=34 layout=strided calls=1
ARGUMENTS_PASS calls=1 bad=0 expected_ldx=8 expected_panel_stride=2048
MICRO_PASS count=31 lda=34 layout=packed calls=1
ARGUMENTS_PASS calls=1 bad=0 expected_ldx=49 expected_panel_stride=8
MICRO_PASS count=31 lda=42 layout=strided calls=1
ARGUMENTS_PASS calls=1 bad=0 expected_ldx=8 expected_panel_stride=2048
MICRO_PASS count=31 lda=42 layout=packed calls=1
ARGUMENTS_PASS calls=1 bad=0 expected_ldx=47 expected_panel_stride=8
MICRO_PASS count=255 lda=258 layout=strided calls=1
ARGUMENTS_PASS calls=1 bad=0 expected_ldx=8 expected_panel_stride=2048
MICRO_PASS count=255 lda=258 layout=packed calls=1
ARGUMENTS_PASS calls=1 bad=0 expected_ldx=49 expected_panel_stride=8
MICRO_PASS count=255 lda=266 layout=strided calls=1
ARGUMENTS_PASS calls=1 bad=0 expected_ldx=8 expected_panel_stride=2048
MICRO_PASS count=255 lda=266 layout=packed calls=1
ARGUMENTS_PASS calls=1 bad=0 expected_ldx=47 expected_panel_stride=8
MICRO_PASS count=256 lda=259 layout=strided calls=1
ARGUMENTS_PASS calls=1 bad=0 expected_ldx=8 expected_panel_stride=2048
MICRO_PASS count=256 lda=259 layout=packed calls=1
ARGUMENTS_PASS calls=1 bad=0 expected_ldx=49 expected_panel_stride=8
MICRO_PASS count=256 lda=267 layout=strided calls=1
ARGUMENTS_PASS calls=1 bad=0 expected_ldx=8 expected_panel_stride=2048
MICRO_PASS count=256 lda=267 layout=packed calls=1
PASS micro_cases=28 ordered_FMA_bitwise=1 L_X_guards_unchanged=1
TILE_CONFIG_PASS KB=256 CT=64
DISPATCH workers=1 hwcap_sve=1 min_vl=64 max_vl=64 expected_wide=1
FIXTURE dense_structured_lower=1 independent_long_double_prefix=1 supplement_only=1
ARGUMENTS_PASS calls=0 bad=0 expected_ldx=8 expected_panel_stride=2048
CASE_PASS m=4100 n=31 threads=1 calls=0 expected=0 max_error=3.3306690738754696e-16 max_residual=7.2873025123941424e-16 padding_L_unchanged=1 shared_fail=0
ARGUMENTS_PASS calls=7696 bad=0 expected_ldx=8 expected_panel_stride=2048
CASE_PASS m=4100 n=32 threads=1 calls=7696 expected=7696 max_error=3.3306690738754696e-16 max_residual=7.2873025123941424e-16 padding_L_unchanged=1 shared_fail=0
ARGUMENTS_PASS calls=7696 bad=0 expected_ldx=8 expected_panel_stride=2048
CASE_PASS m=4100 n=33 threads=1 calls=7696 expected=7696 max_error=3.3306690738754696e-16 max_residual=7.2873025123941424e-16 padding_L_unchanged=1 shared_fail=0
ARGUMENTS_PASS calls=7712 bad=0 expected_ldx=8 expected_panel_stride=2048
CASE_PASS m=4105 n=63 threads=1 calls=7712 expected=7712 max_error=3.8857805861880479e-16 max_residual=8.034328967208903e-16 padding_L_unchanged=1 shared_fail=0
ARGUMENTS_PASS calls=15424 bad=0 expected_ldx=8 expected_panel_stride=2048
CASE_PASS m=4105 n=64 threads=1 calls=15424 expected=15424 max_error=3.8857805861880479e-16 max_residual=8.034328967208903e-16 padding_L_unchanged=1 shared_fail=0
ARGUMENTS_PASS calls=15424 bad=0 expected_ldx=8 expected_panel_stride=2048
CASE_PASS m=4105 n=65 threads=1 calls=15424 expected=15424 max_error=3.8857805861880479e-16 max_residual=8.034328967208903e-16 padding_L_unchanged=1 shared_fail=0
ARGUMENTS_PASS calls=15456 bad=0 expected_ldx=8 expected_panel_stride=2048
CASE_PASS m=4111 n=95 threads=1 calls=15456 expected=15456 max_error=3.8857805861880479e-16 max_residual=8.034328967208903e-16 padding_L_unchanged=1 shared_fail=0
ARGUMENTS_PASS calls=23184 bad=0 expected_ldx=8 expected_panel_stride=2048
CASE_PASS m=4111 n=96 threads=1 calls=23184 expected=23184 max_error=3.8857805861880479e-16 max_residual=8.034328967208903e-16 padding_L_unchanged=1 shared_fail=0
ARGUMENTS_PASS calls=23184 bad=0 expected_ldx=8 expected_panel_stride=2048
CASE_PASS m=4111 n=97 threads=1 calls=23184 expected=23184 max_error=3.8857805861880479e-16 max_residual=8.034328967208903e-16 padding_L_unchanged=1 shared_fail=0
ARGUMENTS_PASS calls=23184 bad=0 expected_ldx=8 expected_panel_stride=2048
CASE_PASS m=4111 n=127 threads=1 calls=23184 expected=23184 max_error=3.8857805861880479e-16 max_residual=8.034328967208903e-16 padding_L_unchanged=1 shared_fail=0
ARGUMENTS_PASS calls=30912 bad=0 expected_ldx=8 expected_panel_stride=2048
CASE_PASS m=4111 n=128 threads=1 calls=30912 expected=30912 max_error=3.8857805861880479e-16 max_residual=8.034328967208903e-16 padding_L_unchanged=1 shared_fail=0
ARGUMENTS_PASS calls=30912 bad=0 expected_ldx=8 expected_panel_stride=2048
CASE_PASS m=4111 n=129 threads=1 calls=30912 expected=30912 max_error=3.8857805861880479e-16 max_residual=8.034328967208903e-16 padding_L_unchanged=1 shared_fail=0
PASS whole_cases=12 padding_L_unchanged=1 actual_entry_counts=1
TILE_CONFIG_PASS KB=256 CT=64
DISPATCH workers=4 hwcap_sve=1 min_vl=64 max_vl=64 expected_wide=1
FIXTURE dense_structured_lower=1 independent_long_double_prefix=1 supplement_only=1
ARGUMENTS_PASS calls=0 bad=0 expected_ldx=8 expected_panel_stride=2048
CASE_PASS m=4100 n=31 threads=4 calls=0 expected=0 max_error=3.3306690738754696e-16 max_residual=7.2873025123941424e-16 padding_L_unchanged=1 shared_fail=0
ARGUMENTS_PASS calls=7696 bad=0 expected_ldx=8 expected_panel_stride=2048
CASE_PASS m=4100 n=32 threads=4 calls=7696 expected=7696 max_error=3.3306690738754696e-16 max_residual=7.2873025123941424e-16 padding_L_unchanged=1 shared_fail=0
ARGUMENTS_PASS calls=7696 bad=0 expected_ldx=8 expected_panel_stride=2048
CASE_PASS m=4100 n=33 threads=4 calls=7696 expected=7696 max_error=3.3306690738754696e-16 max_residual=7.2873025123941424e-16 padding_L_unchanged=1 shared_fail=0
ARGUMENTS_PASS calls=7712 bad=0 expected_ldx=8 expected_panel_stride=2048
CASE_PASS m=4105 n=63 threads=4 calls=7712 expected=7712 max_error=3.8857805861880479e-16 max_residual=8.034328967208903e-16 padding_L_unchanged=1 shared_fail=0
ARGUMENTS_PASS calls=15424 bad=0 expected_ldx=8 expected_panel_stride=2048
CASE_PASS m=4105 n=64 threads=4 calls=15424 expected=15424 max_error=3.8857805861880479e-16 max_residual=8.034328967208903e-16 padding_L_unchanged=1 shared_fail=0
ARGUMENTS_PASS calls=15424 bad=0 expected_ldx=8 expected_panel_stride=2048
CASE_PASS m=4105 n=65 threads=4 calls=15424 expected=15424 max_error=3.8857805861880479e-16 max_residual=8.034328967208903e-16 padding_L_unchanged=1 shared_fail=0
ARGUMENTS_PASS calls=15456 bad=0 expected_ldx=8 expected_panel_stride=2048
CASE_PASS m=4111 n=95 threads=4 calls=15456 expected=15456 max_error=3.8857805861880479e-16 max_residual=8.034328967208903e-16 padding_L_unchanged=1 shared_fail=0
ARGUMENTS_PASS calls=23184 bad=0 expected_ldx=8 expected_panel_stride=2048
CASE_PASS m=4111 n=96 threads=4 calls=23184 expected=23184 max_error=3.8857805861880479e-16 max_residual=8.034328967208903e-16 padding_L_unchanged=1 shared_fail=0
ARGUMENTS_PASS calls=23184 bad=0 expected_ldx=8 expected_panel_stride=2048
CASE_PASS m=4111 n=97 threads=4 calls=23184 expected=23184 max_error=3.8857805861880479e-16 max_residual=8.034328967208903e-16 padding_L_unchanged=1 shared_fail=0
ARGUMENTS_PASS calls=23184 bad=0 expected_ldx=8 expected_panel_stride=2048
CASE_PASS m=4111 n=127 threads=4 calls=23184 expected=23184 max_error=3.8857805861880479e-16 max_residual=8.034328967208903e-16 padding_L_unchanged=1 shared_fail=0
ARGUMENTS_PASS calls=30912 bad=0 expected_ldx=8 expected_panel_stride=2048
CASE_PASS m=4111 n=128 threads=4 calls=30912 expected=30912 max_error=3.8857805861880479e-16 max_residual=8.034328967208903e-16 padding_L_unchanged=1 shared_fail=0
ARGUMENTS_PASS calls=30912 bad=0 expected_ldx=8 expected_panel_stride=2048
CASE_PASS m=4111 n=129 threads=4 calls=30912 expected=30912 max_error=3.8857805861880479e-16 max_residual=8.034328967208903e-16 padding_L_unchanged=1 shared_fail=0
PASS whole_cases=12 padding_L_unchanged=1 actual_entry_counts=1
TILE_CONFIG_PASS KB=256 CT=64
DISPATCH workers=38 hwcap_sve=1 min_vl=64 max_vl=64 expected_wide=1
FIXTURE dense_structured_lower=1 independent_long_double_prefix=1 supplement_only=1
ARGUMENTS_PASS calls=30912 bad=0 expected_ldx=8 expected_panel_stride=2048
CASE_PASS m=4111 n=129 threads=38 calls=30912 expected=30912 max_error=3.8857805861880479e-16 max_residual=8.034328967208903e-16 padding_L_unchanged=1 shared_fail=0
PASS whole_cases=1 padding_L_unchanged=1 actual_entry_counts=1
TILE_CONFIG_PASS KB=256 CT=64
DISPATCH workers=4 hwcap_sve=1 min_vl=64 max_vl=64 expected_wide=1
FIXTURE dense_structured_lower=1 independent_long_double_prefix=1 supplement_only=1
ARGUMENTS_PASS calls=30912 bad=0 expected_ldx=136 expected_panel_stride=8
CASE_PASS m=4111 n=129 threads=4 calls=30912 expected=30912 max_error=3.8857805861880479e-16 max_residual=8.0343289669564369e-16 padding_L_unchanged=1 shared_fail=1
SHARED_ALLOC_PASS calls=1 injected=1
PASS whole_cases=1 padding_L_unchanged=1 actual_entry_counts=1
TILE_CONFIG_PASS KB=256 CT=64
DISPATCH workers=4 hwcap_sve=0 min_vl=64 max_vl=64 expected_wide=0
FIXTURE dense_structured_lower=1 independent_long_double_prefix=1 supplement_only=1
ARGUMENTS_PASS calls=0 bad=0 expected_ldx=8 expected_panel_stride=2048
CASE_PASS m=4111 n=129 threads=4 calls=0 expected=0 max_error=3.8857805861880479e-16 max_residual=8.034328967208903e-16 padding_L_unchanged=1 shared_fail=0
PASS whole_cases=1 padding_L_unchanged=1 actual_entry_counts=1
TILE_CONFIG_PASS KB=256 CT=64
NARROW_VL_PASS requested=16 actual=16
DISPATCH workers=4 hwcap_sve=1 min_vl=16 max_vl=16 expected_wide=0
FIXTURE dense_structured_lower=1 independent_long_double_prefix=1 supplement_only=1
ARGUMENTS_PASS calls=0 bad=0 expected_ldx=8 expected_panel_stride=2048
CASE_PASS m=4111 n=129 threads=4 calls=0 expected=0 max_error=3.8857805861880479e-16 max_residual=8.034328967208903e-16 padding_L_unchanged=1 shared_fail=0
PASS whole_cases=1 padding_L_unchanged=1 actual_entry_counts=1
TRSM_WIDE32_PREFLIGHT_COMPLETE=1 MICRO_CASES=28 WHOLE_CASES=28 SHARED_FAIL_CASES=1 NO_SVE_CASES=1 NARROW_VL_CASES=1
{"allowed_cpu_count": 38, "allowed_cpus": [76, 77, 78, 79, 80, 81, 82, 83, 84, 85, 86, 87, 88, 89, 90, 91, 92, 93, 94, 95, 96, 97, 98, 99, 100, 101, 102, 103, 104, 105, 106, 107, 108, 109, 110, 111, 112, 113], "guard_pass": true, "host": "COMPUTE_NODE_1", "numa_nodes": ["node2"], "scheduler_job_id": "1579861"}
gcc (gcc for openEuler 3.0.2) 12.3.1
Copyright (C) 2022 Free Software Foundation, Inc.
This is free software; see the source for copying conditions.  There is NO
warranty; not even for MERCHANTABILITY or FITNESS FOR A PARTICULAR PURPOSE.

SOURCE_INSTRUMENTATION_PASS copies=1 insertions=1 original_untouched=1
TILE_CONFIG_PASS KB=256 CT=64
DISPATCH workers=1 hwcap_sve=1 min_vl=64 max_vl=64 expected_wide=1
ARGUMENTS_PASS calls=1 bad=0 expected_ldx=47 expected_panel_stride=8
MICRO_PASS count=0 lda=3 layout=strided calls=1
ARGUMENTS_PASS calls=1 bad=0 expected_ldx=8 expected_panel_stride=2048
MICRO_PASS count=0 lda=3 layout=packed calls=1
ARGUMENTS_PASS calls=1 bad=0 expected_ldx=49 expected_panel_stride=8
MICRO_PASS count=0 lda=11 layout=strided calls=1
ARGUMENTS_PASS calls=1 bad=0 expected_ldx=8 expected_panel_stride=2048
MICRO_PASS count=0 lda=11 layout=packed calls=1
ARGUMENTS_PASS calls=1 bad=0 expected_ldx=47 expected_panel_stride=8
MICRO_PASS count=1 lda=4 layout=strided calls=1
ARGUMENTS_PASS calls=1 bad=0 expected_ldx=8 expected_panel_stride=2048
MICRO_PASS count=1 lda=4 layout=packed calls=1
ARGUMENTS_PASS calls=1 bad=0 expected_ldx=49 expected_panel_stride=8
MICRO_PASS count=1 lda=12 layout=strided calls=1
ARGUMENTS_PASS calls=1 bad=0 expected_ldx=8 expected_panel_stride=2048
MICRO_PASS count=1 lda=12 layout=packed calls=1
ARGUMENTS_PASS calls=1 bad=0 expected_ldx=47 expected_panel_stride=8
MICRO_PASS count=2 lda=5 layout=strided calls=1
ARGUMENTS_PASS calls=1 bad=0 expected_ldx=8 expected_panel_stride=2048
MICRO_PASS count=2 lda=5 layout=packed calls=1
ARGUMENTS_PASS calls=1 bad=0 expected_ldx=49 expected_panel_stride=8
MICRO_PASS count=2 lda=13 layout=strided calls=1
ARGUMENTS_PASS calls=1 bad=0 expected_ldx=8 expected_panel_stride=2048
MICRO_PASS count=2 lda=13 layout=packed calls=1
ARGUMENTS_PASS calls=1 bad=0 expected_ldx=47 expected_panel_stride=8
MICRO_PASS count=7 lda=10 layout=strided calls=1
ARGUMENTS_PASS calls=1 bad=0 expected_ldx=8 expected_panel_stride=2048
MICRO_PASS count=7 lda=10 layout=packed calls=1
ARGUMENTS_PASS calls=1 bad=0 expected_ldx=49 expected_panel_stride=8
MICRO_PASS count=7 lda=18 layout=strided calls=1
ARGUMENTS_PASS calls=1 bad=0 expected_ldx=8 expected_panel_stride=2048
MICRO_PASS count=7 lda=18 layout=packed calls=1
ARGUMENTS_PASS calls=1 bad=0 expected_ldx=47 expected_panel_stride=8
MICRO_PASS count=31 lda=34 layout=strided calls=1
ARGUMENTS_PASS calls=1 bad=0 expected_ldx=8 expected_panel_stride=2048
MICRO_PASS count=31 lda=34 layout=packed calls=1
ARGUMENTS_PASS calls=1 bad=0 expected_ldx=49 expected_panel_stride=8
MICRO_PASS count=31 lda=42 layout=strided calls=1
ARGUMENTS_PASS calls=1 bad=0 expected_ldx=8 expected_panel_stride=2048
MICRO_PASS count=31 lda=42 layout=packed calls=1
ARGUMENTS_PASS calls=1 bad=0 expected_ldx=47 expected_panel_stride=8
MICRO_PASS count=255 lda=258 layout=strided calls=1
ARGUMENTS_PASS calls=1 bad=0 expected_ldx=8 expected_panel_stride=2048
MICRO_PASS count=255 lda=258 layout=packed calls=1
ARGUMENTS_PASS calls=1 bad=0 expected_ldx=49 expected_panel_stride=8
MICRO_PASS count=255 lda=266 layout=strided calls=1
ARGUMENTS_PASS calls=1 bad=0 expected_ldx=8 expected_panel_stride=2048
MICRO_PASS count=255 lda=266 layout=packed calls=1
ARGUMENTS_PASS calls=1 bad=0 expected_ldx=47 expected_panel_stride=8
MICRO_PASS count=256 lda=259 layout=strided calls=1
ARGUMENTS_PASS calls=1 bad=0 expected_ldx=8 expected_panel_stride=2048
MICRO_PASS count=256 lda=259 layout=packed calls=1
ARGUMENTS_PASS calls=1 bad=0 expected_ldx=49 expected_panel_stride=8
MICRO_PASS count=256 lda=267 layout=strided calls=1
ARGUMENTS_PASS calls=1 bad=0 expected_ldx=8 expected_panel_stride=2048
MICRO_PASS count=256 lda=267 layout=packed calls=1
PASS micro_cases=28 ordered_FMA_bitwise=1 L_X_guards_unchanged=1
TILE_CONFIG_PASS KB=256 CT=64
DISPATCH workers=1 hwcap_sve=1 min_vl=64 max_vl=64 expected_wide=1
FIXTURE dense_structured_lower=1 independent_long_double_prefix=1 supplement_only=1
ARGUMENTS_PASS calls=0 bad=0 expected_ldx=8 expected_panel_stride=2048
CASE_PASS m=4100 n=31 threads=1 calls=0 expected=0 max_error=3.3306690738754696e-16 max_residual=7.2873025123941424e-16 padding_L_unchanged=1 shared_fail=0
ARGUMENTS_PASS calls=7696 bad=0 expected_ldx=8 expected_panel_stride=2048
CASE_PASS m=4100 n=32 threads=1 calls=7696 expected=7696 max_error=3.3306690738754696e-16 max_residual=7.2873025123941424e-16 padding_L_unchanged=1 shared_fail=0
ARGUMENTS_PASS calls=7696 bad=0 expected_ldx=8 expected_panel_stride=2048
CASE_PASS m=4100 n=33 threads=1 calls=7696 expected=7696 max_error=3.3306690738754696e-16 max_residual=7.2873025123941424e-16 padding_L_unchanged=1 shared_fail=0
ARGUMENTS_PASS calls=7712 bad=0 expected_ldx=8 expected_panel_stride=2048
CASE_PASS m=4105 n=63 threads=1 calls=7712 expected=7712 max_error=3.8857805861880479e-16 max_residual=8.034328967208903e-16 padding_L_unchanged=1 shared_fail=0
ARGUMENTS_PASS calls=15424 bad=0 expected_ldx=8 expected_panel_stride=2048
CASE_PASS m=4105 n=64 threads=1 calls=15424 expected=15424 max_error=3.8857805861880479e-16 max_residual=8.034328967208903e-16 padding_L_unchanged=1 shared_fail=0
ARGUMENTS_PASS calls=15424 bad=0 expected_ldx=8 expected_panel_stride=2048
CASE_PASS m=4105 n=65 threads=1 calls=15424 expected=15424 max_error=3.8857805861880479e-16 max_residual=8.034328967208903e-16 padding_L_unchanged=1 shared_fail=0
ARGUMENTS_PASS calls=15456 bad=0 expected_ldx=8 expected_panel_stride=2048
CASE_PASS m=4111 n=95 threads=1 calls=15456 expected=15456 max_error=3.8857805861880479e-16 max_residual=8.034328967208903e-16 padding_L_unchanged=1 shared_fail=0
ARGUMENTS_PASS calls=23184 bad=0 expected_ldx=8 expected_panel_stride=2048
CASE_PASS m=4111 n=96 threads=1 calls=23184 expected=23184 max_error=3.8857805861880479e-16 max_residual=8.034328967208903e-16 padding_L_unchanged=1 shared_fail=0
ARGUMENTS_PASS calls=23184 bad=0 expected_ldx=8 expected_panel_stride=2048
CASE_PASS m=4111 n=97 threads=1 calls=23184 expected=23184 max_error=3.8857805861880479e-16 max_residual=8.034328967208903e-16 padding_L_unchanged=1 shared_fail=0
ARGUMENTS_PASS calls=23184 bad=0 expected_ldx=8 expected_panel_stride=2048
CASE_PASS m=4111 n=127 threads=1 calls=23184 expected=23184 max_error=3.8857805861880479e-16 max_residual=8.034328967208903e-16 padding_L_unchanged=1 shared_fail=0
ARGUMENTS_PASS calls=30912 bad=0 expected_ldx=8 expected_panel_stride=2048
CASE_PASS m=4111 n=128 threads=1 calls=30912 expected=30912 max_error=3.8857805861880479e-16 max_residual=8.034328967208903e-16 padding_L_unchanged=1 shared_fail=0
ARGUMENTS_PASS calls=30912 bad=0 expected_ldx=8 expected_panel_stride=2048
CASE_PASS m=4111 n=129 threads=1 calls=30912 expected=30912 max_error=3.8857805861880479e-16 max_residual=8.034328967208903e-16 padding_L_unchanged=1 shared_fail=0
PASS whole_cases=12 padding_L_unchanged=1 actual_entry_counts=1
TILE_CONFIG_PASS KB=256 CT=64
DISPATCH workers=4 hwcap_sve=1 min_vl=64 max_vl=64 expected_wide=1
FIXTURE dense_structured_lower=1 independent_long_double_prefix=1 supplement_only=1
ARGUMENTS_PASS calls=0 bad=0 expected_ldx=8 expected_panel_stride=2048
CASE_PASS m=4100 n=31 threads=4 calls=0 expected=0 max_error=3.3306690738754696e-16 max_residual=7.2873025123941424e-16 padding_L_unchanged=1 shared_fail=0
ARGUMENTS_PASS calls=7696 bad=0 expected_ldx=8 expected_panel_stride=2048
CASE_PASS m=4100 n=32 threads=4 calls=7696 expected=7696 max_error=3.3306690738754696e-16 max_residual=7.2873025123941424e-16 padding_L_unchanged=1 shared_fail=0
ARGUMENTS_PASS calls=7696 bad=0 expected_ldx=8 expected_panel_stride=2048
CASE_PASS m=4100 n=33 threads=4 calls=7696 expected=7696 max_error=3.3306690738754696e-16 max_residual=7.2873025123941424e-16 padding_L_unchanged=1 shared_fail=0
ARGUMENTS_PASS calls=7712 bad=0 expected_ldx=8 expected_panel_stride=2048
CASE_PASS m=4105 n=63 threads=4 calls=7712 expected=7712 max_error=3.8857805861880479e-16 max_residual=8.034328967208903e-16 padding_L_unchanged=1 shared_fail=0
ARGUMENTS_PASS calls=15424 bad=0 expected_ldx=8 expected_panel_stride=2048
CASE_PASS m=4105 n=64 threads=4 calls=15424 expected=15424 max_error=3.8857805861880479e-16 max_residual=8.034328967208903e-16 padding_L_unchanged=1 shared_fail=0
ARGUMENTS_PASS calls=15424 bad=0 expected_ldx=8 expected_panel_stride=2048
CASE_PASS m=4105 n=65 threads=4 calls=15424 expected=15424 max_error=3.8857805861880479e-16 max_residual=8.034328967208903e-16 padding_L_unchanged=1 shared_fail=0
ARGUMENTS_PASS calls=15456 bad=0 expected_ldx=8 expected_panel_stride=2048
CASE_PASS m=4111 n=95 threads=4 calls=15456 expected=15456 max_error=3.8857805861880479e-16 max_residual=8.034328967208903e-16 padding_L_unchanged=1 shared_fail=0
ARGUMENTS_PASS calls=23184 bad=0 expected_ldx=8 expected_panel_stride=2048
CASE_PASS m=4111 n=96 threads=4 calls=23184 expected=23184 max_error=3.8857805861880479e-16 max_residual=8.034328967208903e-16 padding_L_unchanged=1 shared_fail=0
ARGUMENTS_PASS calls=23184 bad=0 expected_ldx=8 expected_panel_stride=2048
CASE_PASS m=4111 n=97 threads=4 calls=23184 expected=23184 max_error=3.8857805861880479e-16 max_residual=8.034328967208903e-16 padding_L_unchanged=1 shared_fail=0
ARGUMENTS_PASS calls=23184 bad=0 expected_ldx=8 expected_panel_stride=2048
CASE_PASS m=4111 n=127 threads=4 calls=23184 expected=23184 max_error=3.8857805861880479e-16 max_residual=8.034328967208903e-16 padding_L_unchanged=1 shared_fail=0
ARGUMENTS_PASS calls=30912 bad=0 expected_ldx=8 expected_panel_stride=2048
CASE_PASS m=4111 n=128 threads=4 calls=30912 expected=30912 max_error=3.8857805861880479e-16 max_residual=8.034328967208903e-16 padding_L_unchanged=1 shared_fail=0
ARGUMENTS_PASS calls=30912 bad=0 expected_ldx=8 expected_panel_stride=2048
CASE_PASS m=4111 n=129 threads=4 calls=30912 expected=30912 max_error=3.8857805861880479e-16 max_residual=8.034328967208903e-16 padding_L_unchanged=1 shared_fail=0
PASS whole_cases=12 padding_L_unchanged=1 actual_entry_counts=1
TILE_CONFIG_PASS KB=256 CT=64
DISPATCH workers=38 hwcap_sve=1 min_vl=64 max_vl=64 expected_wide=1
FIXTURE dense_structured_lower=1 independent_long_double_prefix=1 supplement_only=1
ARGUMENTS_PASS calls=30912 bad=0 expected_ldx=8 expected_panel_stride=2048
CASE_PASS m=4111 n=129 threads=38 calls=30912 expected=30912 max_error=3.8857805861880479e-16 max_residual=8.034328967208903e-16 padding_L_unchanged=1 shared_fail=0
PASS whole_cases=1 padding_L_unchanged=1 actual_entry_counts=1
TILE_CONFIG_PASS KB=256 CT=64
DISPATCH workers=4 hwcap_sve=1 min_vl=64 max_vl=64 expected_wide=1
FIXTURE dense_structured_lower=1 independent_long_double_prefix=1 supplement_only=1
ARGUMENTS_PASS calls=30912 bad=0 expected_ldx=136 expected_panel_stride=8
CASE_PASS m=4111 n=129 threads=4 calls=30912 expected=30912 max_error=3.8857805861880479e-16 max_residual=8.0343289669564369e-16 padding_L_unchanged=1 shared_fail=1
SHARED_ALLOC_PASS calls=1 injected=1
PASS whole_cases=1 padding_L_unchanged=1 actual_entry_counts=1
TILE_CONFIG_PASS KB=256 CT=64
DISPATCH workers=4 hwcap_sve=0 min_vl=64 max_vl=64 expected_wide=0
FIXTURE dense_structured_lower=1 independent_long_double_prefix=1 supplement_only=1
ARGUMENTS_PASS calls=0 bad=0 expected_ldx=8 expected_panel_stride=2048
CASE_PASS m=4111 n=129 threads=4 calls=0 expected=0 max_error=3.8857805861880479e-16 max_residual=8.034328967208903e-16 padding_L_unchanged=1 shared_fail=0
PASS whole_cases=1 padding_L_unchanged=1 actual_entry_counts=1
TILE_CONFIG_PASS KB=256 CT=64
NARROW_VL_PASS requested=16 actual=16
DISPATCH workers=4 hwcap_sve=1 min_vl=16 max_vl=16 expected_wide=0
FIXTURE dense_structured_lower=1 independent_long_double_prefix=1 supplement_only=1
ARGUMENTS_PASS calls=0 bad=0 expected_ldx=8 expected_panel_stride=2048
CASE_PASS m=4111 n=129 threads=4 calls=0 expected=0 max_error=3.8857805861880479e-16 max_residual=8.034328967208903e-16 padding_L_unchanged=1 shared_fail=0
PASS whole_cases=1 padding_L_unchanged=1 actual_entry_counts=1
TRSM_WIDE32_PREFLIGHT_COMPLETE=1 MICRO_CASES=28 WHOLE_CASES=28 SHARED_FAIL_CASES=1 NO_SVE_CASES=1 NARROW_VL_CASES=1
Compiler: gcc (gcc for openEuler 3.0.2) 12.3.1
CPUs=76-113 NUMA=2 threads=38
Reference BLAS: official kblas

================================= TRSM测试 ================================
     M       N     Time(ms)       GFLOPS 最大误差   校验
---------------------------------------------------------------------------
   512 x 19968        18.64     280.8480     1.67e-16     PASS

================================= TRSM测试 ================================
     M       N     Time(ms)       GFLOPS 最大误差   校验
---------------------------------------------------------------------------
  2432 x 17024       231.86     434.2679     2.22e-16     PASS

================================= TRSM测试 ================================
     M       N     Time(ms)       GFLOPS 最大误差   校验
---------------------------------------------------------------------------
 17024 x   512       193.50     766.8393     1.11e-15     PASS
All three official cases PASS. Logs: results/run-20260912-203306-Eb9FPz
Compiler: gcc (gcc for openEuler 3.0.2) 12.3.1
CPUs=76-113 NUMA=2 threads=38
Reference BLAS: official kblas

================================= TRSM测试 ================================
     M       N     Time(ms)       GFLOPS 最大误差   校验
---------------------------------------------------------------------------
   512 x 19968        13.94     375.4362     1.67e-16     PASS

================================= TRSM测试 ================================
     M       N     Time(ms)       GFLOPS 最大误差   校验
---------------------------------------------------------------------------
  2432 x 17024       238.48     422.2178     2.22e-16     PASS

================================= TRSM测试 ================================
     M       N     Time(ms)       GFLOPS 最大误差   校验
---------------------------------------------------------------------------
 17024 x   512       180.09     823.9674     1.11e-15     PASS
All three official cases PASS. Logs: results/run-20260912-203314-osZhJe
Compiler: gcc (gcc for openEuler 3.0.2) 12.3.1
CPUs=76-113 NUMA=2 threads=38
Reference BLAS: official kblas

================================= TRSM测试 ================================
     M       N     Time(ms)       GFLOPS 最大误差   校验
---------------------------------------------------------------------------
   512 x 19968        13.95     375.1270     1.67e-16     PASS

================================= TRSM测试 ================================
     M       N     Time(ms)       GFLOPS 最大误差   校验
---------------------------------------------------------------------------
  2432 x 17024       120.40     836.3107     2.22e-16     PASS

================================= TRSM测试 ================================
     M       N     Time(ms)       GFLOPS 最大误差   校验
---------------------------------------------------------------------------
 17024 x   512       180.39     822.5870     1.11e-15     PASS
All three official cases PASS. Logs: results/run-20260912-203323-J4Clhy
Compiler: gcc (gcc for openEuler 3.0.2) 12.3.1
CPUs=76-113 NUMA=2 threads=38
Reference BLAS: official kblas

================================= TRSM测试 ================================
     M       N     Time(ms)       GFLOPS 最大误差   校验
---------------------------------------------------------------------------
   512 x 19968        18.99     275.6184     1.67e-16     PASS

================================= TRSM测试 ================================
     M       N     Time(ms)       GFLOPS 最大误差   校验
---------------------------------------------------------------------------
  2432 x 17024       232.28     433.4867     2.22e-16     PASS

================================= TRSM测试 ================================
     M       N     Time(ms)       GFLOPS 最大误差   校验
---------------------------------------------------------------------------
 17024 x   512       192.87     769.3735     1.11e-15     PASS
All three official cases PASS. Logs: results/run-20260912-203331-FILYDJ
Compiler: gcc (gcc for openEuler 3.0.2) 12.3.1
CPUs=76-113 NUMA=2 threads=38
Reference BLAS: official kblas

================================= TRSM测试 ================================
     M       N     Time(ms)       GFLOPS 最大误差   校验
---------------------------------------------------------------------------
   512 x 19968        14.21     368.2798     1.67e-16     PASS

================================= TRSM测试 ================================
     M       N     Time(ms)       GFLOPS 最大误差   校验
---------------------------------------------------------------------------
  2432 x 17024       240.40     418.8420     2.22e-16     PASS

================================= TRSM测试 ================================
     M       N     Time(ms)       GFLOPS 最大误差   校验
---------------------------------------------------------------------------
 17024 x   512       180.02     824.2537     1.11e-15     PASS
All three official cases PASS. Logs: results/run-20260912-203339-oxfpZV
Compiler: gcc (gcc for openEuler 3.0.2) 12.3.1
CPUs=76-113 NUMA=2 threads=38
Reference BLAS: official kblas

================================= TRSM测试 ================================
     M       N     Time(ms)       GFLOPS 最大误差   校验
---------------------------------------------------------------------------
   512 x 19968        15.43     339.2085     1.67e-16     PASS

================================= TRSM测试 ================================
     M       N     Time(ms)       GFLOPS 最大误差   校验
---------------------------------------------------------------------------
  2432 x 17024       117.80     854.7334     2.22e-16     PASS

================================= TRSM测试 ================================
     M       N     Time(ms)       GFLOPS 最大误差   校验
---------------------------------------------------------------------------
 17024 x   512       179.58     826.2732     1.11e-15     PASS
All three official cases PASS. Logs: results/run-20260912-203347-tcUE4v
Compiler: gcc (gcc for openEuler 3.0.2) 12.3.1
CPUs=76-113 NUMA=2 threads=38
Reference BLAS: official kblas

================================= TRSM测试 ================================
     M       N     Time(ms)       GFLOPS 最大误差   校验
---------------------------------------------------------------------------
   512 x 19968        15.85     330.2170     1.67e-16     PASS

================================= TRSM测试 ================================
     M       N     Time(ms)       GFLOPS 最大误差   校验
---------------------------------------------------------------------------
  2432 x 17024       232.66     432.7828     2.22e-16     PASS

================================= TRSM测试 ================================
     M       N     Time(ms)       GFLOPS 最大误差   校验
---------------------------------------------------------------------------
 17024 x   512       180.23     823.2945     1.11e-15     PASS
All three official cases PASS. Logs: results/run-20260912-203356-AYWNwn
Compiler: gcc (gcc for openEuler 3.0.2) 12.3.1
CPUs=76-113 NUMA=2 threads=38
Reference BLAS: official kblas

================================= TRSM测试 ================================
     M       N     Time(ms)       GFLOPS 最大误差   校验
---------------------------------------------------------------------------
   512 x 19968        14.56     359.5172     1.67e-16     PASS

================================= TRSM测试 ================================
     M       N     Time(ms)       GFLOPS 最大误差   校验
---------------------------------------------------------------------------
  2432 x 17024       118.82     847.4430     2.22e-16     PASS

================================= TRSM测试 ================================
     M       N     Time(ms)       GFLOPS 最大误差   校验
---------------------------------------------------------------------------
 17024 x   512       179.82     825.1895     1.11e-15     PASS
All three official cases PASS. Logs: results/run-20260912-203404-D9gTD2
Compiler: gcc (gcc for openEuler 3.0.2) 12.3.1
CPUs=76-113 NUMA=2 threads=38
Reference BLAS: official kblas

================================= TRSM测试 ================================
     M       N     Time(ms)       GFLOPS 最大误差   校验
---------------------------------------------------------------------------
   512 x 19968        20.51     255.2712     1.67e-16     PASS

================================= TRSM测试 ================================
     M       N     Time(ms)       GFLOPS 最大误差   校验
---------------------------------------------------------------------------
  2432 x 17024       231.48     434.9819     2.22e-16     PASS

================================= TRSM测试 ================================
     M       N     Time(ms)       GFLOPS 最大误差   校验
---------------------------------------------------------------------------
 17024 x   512       194.15     764.3039     1.11e-15     PASS
All three official cases PASS. Logs: results/run-20260912-203413-1lWGHf
Compiler: gcc (gcc for openEuler 3.0.2) 12.3.1
CPUs=76-113 NUMA=2 threads=38
Reference BLAS: official kblas

================================= TRSM测试 ================================
     M       N     Time(ms)       GFLOPS 最大误差   校验
---------------------------------------------------------------------------
   512 x 19968        14.23     367.8693     1.67e-16     PASS

================================= TRSM测试 ================================
     M       N     Time(ms)       GFLOPS 最大误差   校验
---------------------------------------------------------------------------
  2432 x 17024       121.15     831.1173     2.22e-16     PASS

================================= TRSM测试 ================================
     M       N     Time(ms)       GFLOPS 最大误差   校验
---------------------------------------------------------------------------
 17024 x   512       180.10     823.9315     1.11e-15     PASS
All three official cases PASS. Logs: results/run-20260912-203421-wu4gnd
Compiler: gcc (gcc for openEuler 3.0.2) 12.3.1
CPUs=76-113 NUMA=2 threads=38
Reference BLAS: official kblas

================================= TRSM测试 ================================
     M       N     Time(ms)       GFLOPS 最大误差   校验
---------------------------------------------------------------------------
   512 x 19968        18.89     277.0582     1.67e-16     PASS

================================= TRSM测试 ================================
     M       N     Time(ms)       GFLOPS 最大误差   校验
---------------------------------------------------------------------------
  2432 x 17024       241.16     417.5291     2.22e-16     PASS

================================= TRSM测试 ================================
     M       N     Time(ms)       GFLOPS 最大误差   校验
---------------------------------------------------------------------------
 17024 x   512       193.48     766.9341     1.11e-15     PASS
All three official cases PASS. Logs: results/run-20260912-203430-Uaz0Gk
Compiler: gcc (gcc for openEuler 3.0.2) 12.3.1
CPUs=76-113 NUMA=2 threads=38
Reference BLAS: official kblas

================================= TRSM测试 ================================
     M       N     Time(ms)       GFLOPS 最大误差   校验
---------------------------------------------------------------------------
   512 x 19968        13.65     383.5376     1.67e-16     PASS

================================= TRSM测试 ================================
     M       N     Time(ms)       GFLOPS 最大误差   校验
---------------------------------------------------------------------------
  2432 x 17024       229.99     437.8059     2.22e-16     PASS

================================= TRSM测试 ================================
     M       N     Time(ms)       GFLOPS 最大误差   校验
---------------------------------------------------------------------------
 17024 x   512       180.73     821.0366     1.11e-15     PASS
All three official cases PASS. Logs: results/run-20260912-203438-WgFY1J
