
production-conv2d.o:     file format elf64-littleaarch64


Disassembly of section .text:

0000000000000000 <conv_sve_tail>:
       0:	a9ba7bfd 	stp	x29, x30, [sp, #-96]!
       4:	aa0103ec 	mov	x12, x1
       8:	2a0603ed 	mov	w13, w6
       c:	aa0003ef 	mov	x15, x0
      10:	910003fd 	mov	x29, sp
      14:	aa0203f1 	mov	x17, x2
      18:	2a0303e8 	mov	w8, w3
      1c:	2a0403e1 	mov	w1, w4
      20:	aa0503f0 	mov	x16, x5
      24:	a90153f3 	stp	x19, x20, [sp, #16]
      28:	a9025bf5 	stp	x21, x22, [sp, #32]
      2c:	a90363f7 	stp	x23, x24, [sp, #48]
      30:	0420e3f7 	cntb	x23
      34:	6b1700df 	cmp	w6, w23
      38:	5400172b 	b.lt	31c <conv_sve_tail+0x31c>  // b.tstop
      3c:	0460e3f4 	cnth	x20
      40:	04a0e3f6 	cntw	x22
      44:	04a2e3f5 	cntw	x21, all, mul #3
      48:	a9046bf9 	stp	x25, x26, [sp, #64]
      4c:	93407e8e 	sxtw	x14, w20
      50:	f9002bfb 	str	x27, [sp, #80]
      54:	937e7e94 	sbfiz	x20, x20, #2, #32
      58:	d280001e 	mov	x30, #0x0                   	// #0
      5c:	93407ed6 	sxtw	x22, w22
      60:	8b140013 	add	x19, x0, x20
      64:	5280000b 	mov	w11, #0x0                   	// #0
      68:	8b1400b4 	add	x20, x5, x20
      6c:	93407eb5 	sxtw	x21, w21
      70:	937e7efa 	sbfiz	x26, x23, #2, #32
      74:	937e7c92 	sbfiz	x18, x4, #2, #32
      78:	d37ef58a 	lsl	x10, x12, #2
      7c:	cb0e02d9 	sub	x25, x22, x14
      80:	93407efb 	sxtw	x27, w23
      84:	2518e3e0 	ptrue	p0.b
      88:	cb0e02b8 	sub	x24, x21, x14
      8c:	8b1608b6 	add	x22, x5, x22, lsl #2
      90:	d37ef739 	lsl	x25, x25, #2
      94:	cb0e0bee 	neg	x14, x14, lsl #2
      98:	d37ef718 	lsl	x24, x24, #2
      9c:	8b1508b5 	add	x21, x5, x21, lsl #2
      a0:	7100011f 	cmp	w8, #0x0
      a4:	5400132d 	b.le	308 <conv_sve_tail+0x308>
      a8:	aa1103e6 	mov	x6, x17
      ac:	8b190265 	add	x5, x19, x25
      b0:	8b130304 	add	x4, x24, x19
      b4:	25b8c005 	mov	z5.s, #0
      b8:	aa1303e3 	mov	x3, x19
      bc:	52800009 	mov	w9, #0x0                   	// #0
      c0:	046530b0 	mov	z16.d, z5.d
      c4:	046530a7 	mov	z7.d, z5.d
      c8:	046530a6 	mov	z6.d, z5.d
      cc:	d503201f 	nop
      d0:	8b0e0067 	add	x7, x3, x14
      d4:	7100003f 	cmp	w1, #0x0
      d8:	5400026d 	b.le	124 <conv_sve_tail+0x124>
      dc:	d2800000 	mov	x0, #0x0                   	// #0
      e0:	8b0008c2 	add	x2, x6, x0, lsl #2
      e4:	a54040e4 	ld1w	{z4.s}, p0/z, [x7, x0, lsl #2]
      e8:	a54040a3 	ld1w	{z3.s}, p0/z, [x5, x0, lsl #2]
      ec:	a5404062 	ld1w	{z2.s}, p0/z, [x3, x0, lsl #2]
      f0:	a5404081 	ld1w	{z1.s}, p0/z, [x4, x0, lsl #2]
      f4:	91000400 	add	x0, x0, #0x1
      f8:	8540c040 	ld1rw	{z0.s}, p0/z, [x2]
      fc:	65800884 	fmul	z4.s, z4.s, z0.s
     100:	65800863 	fmul	z3.s, z3.s, z0.s
     104:	65800842 	fmul	z2.s, z2.s, z0.s
     108:	658400c6 	fadd	z6.s, z6.s, z4.s
     10c:	65800820 	fmul	z0.s, z1.s, z0.s
     110:	658300e7 	fadd	z7.s, z7.s, z3.s
     114:	65820210 	fadd	z16.s, z16.s, z2.s
     118:	658000a5 	fadd	z5.s, z5.s, z0.s
     11c:	6b00003f 	cmp	w1, w0
     120:	54fffe0c 	b.gt	e0 <conv_sve_tail+0xe0>
     124:	11000529 	add	w9, w9, #0x1
     128:	8b1200c6 	add	x6, x6, x18
     12c:	8b0a00a5 	add	x5, x5, x10
     130:	8b0a0063 	add	x3, x3, x10
     134:	8b0a0084 	add	x4, x4, x10
     138:	6b09011f 	cmp	w8, w9
     13c:	54fffca1 	b.ne	d0 <conv_sve_tail+0xd0>  // b.any
     140:	e55e4206 	st1w	{z6.s}, p0, [x16, x30, lsl #2]
     144:	0430e3eb 	incb	x11
     148:	8b1a0273 	add	x19, x19, x26
     14c:	e55e42c7 	st1w	{z7.s}, p0, [x22, x30, lsl #2]
     150:	4b0b01a0 	sub	w0, w13, w11
     154:	e55e4290 	st1w	{z16.s}, p0, [x20, x30, lsl #2]
     158:	e55e42a5 	st1w	{z5.s}, p0, [x21, x30, lsl #2]
     15c:	8b1b03de 	add	x30, x30, x27
     160:	6b17001f 	cmp	w0, w23
     164:	54fff9ea 	b.ge	a0 <conv_sve_tail+0xa0>  // b.tcont
     168:	a9446bf9 	ldp	x25, x26, [sp, #64]
     16c:	f9402bfb 	ldr	x27, [sp, #80]
     170:	0460e3f3 	cnth	x19
     174:	6b13001f 	cmp	w0, w19
     178:	5400062b 	b.lt	23c <conv_sve_tail+0x23c>  // b.tstop
     17c:	04a0e3f2 	cntw	x18
     180:	93407e74 	sxtw	x20, w19
     184:	937e7c2a 	sbfiz	x10, x1, #2, #32
     188:	d37ef589 	lsl	x9, x12, #2
     18c:	93407e47 	sxtw	x7, w18
     190:	937e7e52 	sbfiz	x18, x18, #2, #32
     194:	8b1201f5 	add	x21, x15, x18
     198:	8b120212 	add	x18, x16, x18
     19c:	93407d6e 	sxtw	x14, w11
     1a0:	2518e3e0 	ptrue	p0.b
     1a4:	cb070be7 	neg	x7, x7, lsl #2
     1a8:	25b8c003 	mov	z3.s, #0
     1ac:	04633064 	mov	z4.d, z3.d
     1b0:	7100011f 	cmp	w8, #0x0
     1b4:	5400036d 	b.le	220 <conv_sve_tail+0x220>
     1b8:	8b0e0aa3 	add	x3, x21, x14, lsl #2
     1bc:	aa1103e4 	mov	x4, x17
     1c0:	52800006 	mov	w6, #0x0                   	// #0
     1c4:	25b8c003 	mov	z3.s, #0
     1c8:	04633064 	mov	z4.d, z3.d
     1cc:	d503201f 	nop
     1d0:	8b0300e5 	add	x5, x7, x3
     1d4:	7100003f 	cmp	w1, #0x0
     1d8:	540001ad 	b.le	20c <conv_sve_tail+0x20c>
     1dc:	d2800000 	mov	x0, #0x0                   	// #0
     1e0:	8b000882 	add	x2, x4, x0, lsl #2
     1e4:	a54040a1 	ld1w	{z1.s}, p0/z, [x5, x0, lsl #2]
     1e8:	a5404060 	ld1w	{z0.s}, p0/z, [x3, x0, lsl #2]
     1ec:	91000400 	add	x0, x0, #0x1
     1f0:	8540c042 	ld1rw	{z2.s}, p0/z, [x2]
     1f4:	65820821 	fmul	z1.s, z1.s, z2.s
     1f8:	65820800 	fmul	z0.s, z0.s, z2.s
     1fc:	65810084 	fadd	z4.s, z4.s, z1.s
     200:	65800063 	fadd	z3.s, z3.s, z0.s
     204:	6b00003f 	cmp	w1, w0
     208:	54fffecc 	b.gt	1e0 <conv_sve_tail+0x1e0>
     20c:	110004c6 	add	w6, w6, #0x1
     210:	8b0a0084 	add	x4, x4, x10
     214:	8b090063 	add	x3, x3, x9
     218:	6b06011f 	cmp	w8, w6
     21c:	54fffda1 	b.ne	1d0 <conv_sve_tail+0x1d0>  // b.any
     220:	0470e3eb 	inch	x11
     224:	e54e4204 	st1w	{z4.s}, p0, [x16, x14, lsl #2]
     228:	4b0b01a0 	sub	w0, w13, w11
     22c:	e54e4243 	st1w	{z3.s}, p0, [x18, x14, lsl #2]
     230:	8b1401ce 	add	x14, x14, x20
     234:	6b13001f 	cmp	w0, w19
     238:	54fffb8a 	b.ge	1a8 <conv_sve_tail+0x1a8>  // b.tcont
     23c:	04a0e3ee 	cntw	x14
     240:	937e7c27 	sbfiz	x7, x1, #2, #32
     244:	2518e3e2 	ptrue	p2.b
     248:	6b0b01bf 	cmp	w13, w11
     24c:	5400048d 	b.le	2dc <conv_sve_tail+0x2dc>
     250:	4b0b01a9 	sub	w9, w13, w11
     254:	93407d6a 	sxtw	x10, w11
     258:	6b0e013f 	cmp	w9, w14
     25c:	1a8ed129 	csel	w9, w9, w14, le
     260:	aa0a03e6 	mov	x6, x10
     264:	93407d20 	sxtw	x0, w9
     268:	25a01fe1 	whilelo	p1.s, xzr, x0
     26c:	25814420 	mov	p0.b, p1.b
     270:	7100011f 	cmp	w8, #0x0
     274:	540003ed 	b.le	2f0 <conv_sve_tail+0x2f0>
     278:	aa1103e3 	mov	x3, x17
     27c:	52800005 	mov	w5, #0x0                   	// #0
     280:	25b8c001 	mov	z1.s, #0
     284:	d503201f 	nop
     288:	7100003f 	cmp	w1, #0x0
     28c:	5400016d 	b.le	2b8 <conv_sve_tail+0x2b8>
     290:	8b0609e4 	add	x4, x15, x6, lsl #2
     294:	d2800000 	mov	x0, #0x0                   	// #0
     298:	8b000862 	add	x2, x3, x0, lsl #2
     29c:	a5404480 	ld1w	{z0.s}, p1/z, [x4, x0, lsl #2]
     2a0:	91000400 	add	x0, x0, #0x1
     2a4:	8540c842 	ld1rw	{z2.s}, p2/z, [x2]
     2a8:	65828040 	fmul	z0.s, p0/m, z0.s, z2.s
     2ac:	65808001 	fadd	z1.s, p0/m, z1.s, z0.s
     2b0:	6b00003f 	cmp	w1, w0
     2b4:	54ffff2c 	b.gt	298 <conv_sve_tail+0x298>
     2b8:	110004a5 	add	w5, w5, #0x1
     2bc:	8b070063 	add	x3, x3, x7
     2c0:	8b0c00c6 	add	x6, x6, x12
     2c4:	6b05011f 	cmp	w8, w5
     2c8:	54fffe01 	b.ne	288 <conv_sve_tail+0x288>  // b.any
     2cc:	0b09016b 	add	w11, w11, w9
     2d0:	e54a4601 	st1w	{z1.s}, p1, [x16, x10, lsl #2]
     2d4:	6b0b01bf 	cmp	w13, w11
     2d8:	54fffbcc 	b.gt	250 <conv_sve_tail+0x250>
     2dc:	a94153f3 	ldp	x19, x20, [sp, #16]
     2e0:	a9425bf5 	ldp	x21, x22, [sp, #32]
     2e4:	a94363f7 	ldp	x23, x24, [sp, #48]
     2e8:	a8c67bfd 	ldp	x29, x30, [sp], #96
     2ec:	d65f03c0 	ret
     2f0:	25b8c001 	mov	z1.s, #0
     2f4:	0b09016b 	add	w11, w11, w9
     2f8:	e54a4601 	st1w	{z1.s}, p1, [x16, x10, lsl #2]
     2fc:	6b0b01bf 	cmp	w13, w11
     300:	54fffa8c 	b.gt	250 <conv_sve_tail+0x250>
     304:	17fffff6 	b	2dc <conv_sve_tail+0x2dc>
     308:	25b8c005 	mov	z5.s, #0
     30c:	046530b0 	mov	z16.d, z5.d
     310:	046530a7 	mov	z7.d, z5.d
     314:	046530a6 	mov	z6.d, z5.d
     318:	17ffff8a 	b	140 <conv_sve_tail+0x140>
     31c:	2a0603e0 	mov	w0, w6
     320:	5280000b 	mov	w11, #0x0                   	// #0
     324:	17ffff93 	b	170 <conv_sve_tail+0x170>
     328:	d503201f 	nop
     32c:	d503201f 	nop

0000000000000330 <conv_sve_prefix>:
     330:	a9b07bfd 	stp	x29, x30, [sp, #-256]!
     334:	aa0003fe 	mov	x30, x0
     338:	910003fd 	mov	x29, sp
     33c:	a90153f3 	stp	x19, x20, [sp, #16]
     340:	b9007fe6 	str	w6, [sp, #124]
     344:	2a0303f3 	mov	w19, w3
     348:	f90043e5 	str	x5, [sp, #128]
     34c:	f9006be2 	str	x2, [sp, #208]
     350:	a90f07e0 	stp	x0, x1, [sp, #240]
     354:	0421e3e0 	cntb	x0, all, mul #2
     358:	6b0000df 	cmp	w6, w0
     35c:	5400248b 	b.lt	7ec <conv_sve_prefix+0x4bc>  // b.tstop
     360:	a90573fb 	stp	x27, x28, [sp, #80]
     364:	04a0e3fc 	cntw	x28
     368:	0460e3fb 	cnth	x27
     36c:	a9046bf9 	stp	x25, x26, [sp, #64]
     370:	937e7f9c 	sbfiz	x28, x28, #2, #32
     374:	8b1c00a2 	add	x2, x5, x28
     378:	04a2e3fa 	cntw	x26, all, mul #3
     37c:	937e7f7b 	sbfiz	x27, x27, #2, #32
     380:	f9004fe2 	str	x2, [sp, #152]
     384:	8b1b00a2 	add	x2, x5, x27
     388:	0420e3f9 	cntb	x25
     38c:	937e7f5a 	sbfiz	x26, x26, #2, #32
     390:	f90053e2 	str	x2, [sp, #160]
     394:	8b1a00a2 	add	x2, x5, x26
     398:	aa0103e7 	mov	x7, x1
     39c:	0462e3e0 	cnth	x0, all, mul #3
     3a0:	04a4e3e1 	cntw	x1, all, mul #5
     3a4:	937e7f39 	sbfiz	x25, x25, #2, #32
     3a8:	f90057e2 	str	x2, [sp, #168]
     3ac:	8b1900a2 	add	x2, x5, x25
     3b0:	937e7c03 	sbfiz	x3, x0, #2, #32
     3b4:	f9005be2 	str	x2, [sp, #176]
     3b8:	937e7c22 	sbfiz	x2, x1, #2, #32
     3bc:	8b0200a0 	add	x0, x5, x2
     3c0:	a90363f7 	stp	x23, x24, [sp, #48]
     3c4:	04a6e3f8 	cntw	x24, all, mul #7
     3c8:	f9005fe0 	str	x0, [sp, #184]
     3cc:	8b0300a0 	add	x0, x5, x3
     3d0:	937e7f18 	sbfiz	x24, x24, #2, #32
     3d4:	f90063e0 	str	x0, [sp, #192]
     3d8:	91001300 	add	x0, x24, #0x4
     3dc:	51000897 	sub	w23, w4, #0x2
     3e0:	f90077e0 	str	x0, [sp, #232]
     3e4:	8b1800a0 	add	x0, x5, x24
     3e8:	121f7af7 	and	w23, w23, #0xfffffffe
     3ec:	5100048d 	sub	w13, w4, #0x1
     3f0:	f90067e0 	str	x0, [sp, #200]
     3f4:	0421e3e0 	cntb	x0, all, mul #2
     3f8:	11000af7 	add	w23, w23, #0x2
     3fc:	a9025bf5 	stp	x21, x22, [sp, #32]
     400:	93407c00 	sxtw	x0, w0
     404:	b9007bff 	str	wzr, [sp, #120]
     408:	f9006fe2 	str	x2, [sp, #216]
     40c:	937e7c94 	sbfiz	x20, x4, #2, #32
     410:	f90073e3 	str	x3, [sp, #224]
     414:	d2800003 	mov	x3, #0x0                   	// #0
     418:	d37ef4ee 	lsl	x14, x7, #2
     41c:	2518e3e0 	ptrue	p0.b
     420:	f90047e0 	str	x0, [sp, #136]
     424:	0421e3e0 	cntb	x0, all, mul #2
     428:	937e7c00 	sbfiz	x0, x0, #2, #32
     42c:	f9004be0 	str	x0, [sp, #144]
     430:	7100027f 	cmp	w19, #0x0
     434:	54001b0d 	b.le	794 <conv_sve_prefix+0x464>
     438:	a94d33e0 	ldp	x0, x12, [sp, #208]
     43c:	a94e07ef 	ldp	x15, x1, [sp, #224]
     440:	8b1e038b 	add	x11, x28, x30
     444:	8b1e036a 	add	x10, x27, x30
     448:	8b1e0349 	add	x9, x26, x30
     44c:	8b1e0328 	add	x8, x25, x30
     450:	8b1e0305 	add	x5, x24, x30
     454:	a9068ffe 	stp	x30, x3, [sp, #104]
     458:	52800011 	mov	w17, #0x0                   	// #0
     45c:	25b8c010 	mov	z16.s, #0
     460:	0470321a 	mov	z26.d, z16.d
     464:	04703219 	mov	z25.d, z16.d
     468:	04703218 	mov	z24.d, z16.d
     46c:	04703216 	mov	z22.d, z16.d
     470:	04703215 	mov	z21.d, z16.d
     474:	04703214 	mov	z20.d, z16.d
     478:	8b1e0022 	add	x2, x1, x30
     47c:	8b1e0187 	add	x7, x12, x30
     480:	8b1e01e6 	add	x6, x15, x30
     484:	04703213 	mov	z19.d, z16.d
     488:	aa1e03e1 	mov	x1, x30
     48c:	91001000 	add	x0, x0, #0x4
     490:	aa0f03fe 	mov	x30, x15
     494:	aa0c03e3 	mov	x3, x12
     498:	d100100c 	sub	x12, x0, #0x4
     49c:	710001bf 	cmp	w13, #0x0
     4a0:	5400176d 	b.le	78c <conv_sve_prefix+0x45c>
     4a4:	d280000f 	mov	x15, #0x0                   	// #0
     4a8:	d37ef5f0 	lsl	x16, x15, #2
     4ac:	8b100192 	add	x18, x12, x16
     4b0:	8b000210 	add	x16, x16, x0
     4b4:	a54f4166 	ld1w	{z6.s}, p0/z, [x11, x15, lsl #2]
     4b8:	8540c240 	ld1rw	{z0.s}, p0/z, [x18]
     4bc:	8540c211 	ld1rw	{z17.s}, p0/z, [x16]
     4c0:	a54f4032 	ld1w	{z18.s}, p0/z, [x1, x15, lsl #2]
     4c4:	65800a5b 	fmul	z27.s, z18.s, z0.s
     4c8:	052010d2 	ext	z18.b, z18.b, z6.b, #4
     4cc:	65910a52 	fmul	z18.s, z18.s, z17.s
     4d0:	a54f4145 	ld1w	{z5.s}, p0/z, [x10, x15, lsl #2]
     4d4:	a54f4124 	ld1w	{z4.s}, p0/z, [x9, x15, lsl #2]
     4d8:	659b0273 	fadd	z19.s, z19.s, z27.s
     4dc:	658008db 	fmul	z27.s, z6.s, z0.s
     4e0:	65920273 	fadd	z19.s, z19.s, z18.s
     4e4:	052010a6 	ext	z6.b, z6.b, z5.b, #4
     4e8:	658008b2 	fmul	z18.s, z5.s, z0.s
     4ec:	659108c6 	fmul	z6.s, z6.s, z17.s
     4f0:	05201085 	ext	z5.b, z5.b, z4.b, #4
     4f4:	659108a5 	fmul	z5.s, z5.s, z17.s
     4f8:	a54f4103 	ld1w	{z3.s}, p0/z, [x8, x15, lsl #2]
     4fc:	a54f40e2 	ld1w	{z2.s}, p0/z, [x7, x15, lsl #2]
     500:	a54f40c1 	ld1w	{z1.s}, p0/z, [x6, x15, lsl #2]
     504:	a54f40a7 	ld1w	{z7.s}, p0/z, [x5, x15, lsl #2]
     508:	a54f4057 	ld1w	{z23.s}, p0/z, [x2, x15, lsl #2]
     50c:	659b0294 	fadd	z20.s, z20.s, z27.s
     510:	659202b5 	fadd	z21.s, z21.s, z18.s
     514:	65860294 	fadd	z20.s, z20.s, z6.s
     518:	658502b5 	fadd	z21.s, z21.s, z5.s
     51c:	65800886 	fmul	z6.s, z4.s, z0.s
     520:	65800865 	fmul	z5.s, z3.s, z0.s
     524:	05201064 	ext	z4.b, z4.b, z3.b, #4
     528:	910009ef 	add	x15, x15, #0x2
     52c:	65910884 	fmul	z4.s, z4.s, z17.s
     530:	05201043 	ext	z3.b, z3.b, z2.b, #4
     534:	65910863 	fmul	z3.s, z3.s, z17.s
     538:	658602d6 	fadd	z22.s, z22.s, z6.s
     53c:	65850318 	fadd	z24.s, z24.s, z5.s
     540:	658402d6 	fadd	z22.s, z22.s, z4.s
     544:	65830318 	fadd	z24.s, z24.s, z3.s
     548:	65800844 	fmul	z4.s, z2.s, z0.s
     54c:	65800823 	fmul	z3.s, z1.s, z0.s
     550:	05201022 	ext	z2.b, z2.b, z1.b, #4
     554:	65840339 	fadd	z25.s, z25.s, z4.s
     558:	052010e1 	ext	z1.b, z1.b, z7.b, #4
     55c:	65910842 	fmul	z2.s, z2.s, z17.s
     560:	6583035a 	fadd	z26.s, z26.s, z3.s
     564:	658008e7 	fmul	z7.s, z7.s, z0.s
     568:	65910821 	fmul	z1.s, z1.s, z17.s
     56c:	65870210 	fadd	z16.s, z16.s, z7.s
     570:	65910af7 	fmul	z23.s, z23.s, z17.s
     574:	65820339 	fadd	z25.s, z25.s, z2.s
     578:	6581035a 	fadd	z26.s, z26.s, z1.s
     57c:	65970210 	fadd	z16.s, z16.s, z23.s
     580:	6b0f01bf 	cmp	w13, w15
     584:	54fff92c 	b.gt	4a8 <conv_sve_prefix+0x178>
     588:	2a1703f0 	mov	w16, w23
     58c:	6b10009f 	cmp	w4, w16
     590:	5400094d 	b.le	6b8 <conv_sve_prefix+0x388>
     594:	937e7e12 	sbfiz	x18, x16, #2, #32
     598:	8b12002f 	add	x15, x1, x18
     59c:	8b120195 	add	x21, x12, x18
     5a0:	11000610 	add	w16, w16, #0x1
     5a4:	8b1c01f6 	add	x22, x15, x28
     5a8:	8540c2a0 	ld1rw	{z0.s}, p0/z, [x21]
     5ac:	8b1b01f5 	add	x21, x15, x27
     5b0:	a540a1e1 	ld1w	{z1.s}, p0/z, [x15]
     5b4:	a540a2c2 	ld1w	{z2.s}, p0/z, [x22]
     5b8:	8b1a01f6 	add	x22, x15, x26
     5bc:	65800842 	fmul	z2.s, z2.s, z0.s
     5c0:	a540a2a3 	ld1w	{z3.s}, p0/z, [x21]
     5c4:	65820294 	fadd	z20.s, z20.s, z2.s
     5c8:	8b1901f5 	add	x21, x15, x25
     5cc:	65800863 	fmul	z3.s, z3.s, z0.s
     5d0:	a540a2c2 	ld1w	{z2.s}, p0/z, [x22]
     5d4:	8b0301f6 	add	x22, x15, x3
     5d8:	65800842 	fmul	z2.s, z2.s, z0.s
     5dc:	658302b5 	fadd	z21.s, z21.s, z3.s
     5e0:	658202d6 	fadd	z22.s, z22.s, z2.s
     5e4:	a540a2a3 	ld1w	{z3.s}, p0/z, [x21]
     5e8:	a540a2c2 	ld1w	{z2.s}, p0/z, [x22]
     5ec:	65800863 	fmul	z3.s, z3.s, z0.s
     5f0:	65800842 	fmul	z2.s, z2.s, z0.s
     5f4:	8b1e01f5 	add	x21, x15, x30
     5f8:	8b1801ef 	add	x15, x15, x24
     5fc:	65830318 	fadd	z24.s, z24.s, z3.s
     600:	65820339 	fadd	z25.s, z25.s, z2.s
     604:	a540a2a3 	ld1w	{z3.s}, p0/z, [x21]
     608:	a540a1e2 	ld1w	{z2.s}, p0/z, [x15]
     60c:	65800863 	fmul	z3.s, z3.s, z0.s
     610:	65800842 	fmul	z2.s, z2.s, z0.s
     614:	6583035a 	fadd	z26.s, z26.s, z3.s
     618:	65800820 	fmul	z0.s, z1.s, z0.s
     61c:	65820210 	fadd	z16.s, z16.s, z2.s
     620:	65800273 	fadd	z19.s, z19.s, z0.s
     624:	6b04021f 	cmp	w16, w4
     628:	5400048a 	b.ge	6b8 <conv_sve_prefix+0x388>  // b.tcont
     62c:	91001252 	add	x18, x18, #0x4
     630:	8b12002f 	add	x15, x1, x18
     634:	8b12018c 	add	x12, x12, x18
     638:	8b1b01f0 	add	x16, x15, x27
     63c:	8b1c01f2 	add	x18, x15, x28
     640:	8540c180 	ld1rw	{z0.s}, p0/z, [x12]
     644:	8b1a01ec 	add	x12, x15, x26
     648:	a540a242 	ld1w	{z2.s}, p0/z, [x18]
     64c:	a540a201 	ld1w	{z1.s}, p0/z, [x16]
     650:	65800842 	fmul	z2.s, z2.s, z0.s
     654:	65800821 	fmul	z1.s, z1.s, z0.s
     658:	8b1901f2 	add	x18, x15, x25
     65c:	8b0301f0 	add	x16, x15, x3
     660:	65820294 	fadd	z20.s, z20.s, z2.s
     664:	658102b5 	fadd	z21.s, z21.s, z1.s
     668:	a540a182 	ld1w	{z2.s}, p0/z, [x12]
     66c:	a540a241 	ld1w	{z1.s}, p0/z, [x18]
     670:	65800842 	fmul	z2.s, z2.s, z0.s
     674:	65800821 	fmul	z1.s, z1.s, z0.s
     678:	8b1e01ec 	add	x12, x15, x30
     67c:	8b1801f2 	add	x18, x15, x24
     680:	658202d6 	fadd	z22.s, z22.s, z2.s
     684:	65810318 	fadd	z24.s, z24.s, z1.s
     688:	a540a202 	ld1w	{z2.s}, p0/z, [x16]
     68c:	a540a181 	ld1w	{z1.s}, p0/z, [x12]
     690:	65800842 	fmul	z2.s, z2.s, z0.s
     694:	65800821 	fmul	z1.s, z1.s, z0.s
     698:	65820339 	fadd	z25.s, z25.s, z2.s
     69c:	6581035a 	fadd	z26.s, z26.s, z1.s
     6a0:	a540a242 	ld1w	{z2.s}, p0/z, [x18]
     6a4:	a540a1e1 	ld1w	{z1.s}, p0/z, [x15]
     6a8:	65800842 	fmul	z2.s, z2.s, z0.s
     6ac:	65800820 	fmul	z0.s, z1.s, z0.s
     6b0:	65820210 	fadd	z16.s, z16.s, z2.s
     6b4:	65800273 	fadd	z19.s, z19.s, z0.s
     6b8:	11000631 	add	w17, w17, #0x1
     6bc:	8b0e0021 	add	x1, x1, x14
     6c0:	8b140000 	add	x0, x0, x20
     6c4:	8b0e016b 	add	x11, x11, x14
     6c8:	8b0e014a 	add	x10, x10, x14
     6cc:	8b0e0129 	add	x9, x9, x14
     6d0:	8b0e0108 	add	x8, x8, x14
     6d4:	8b0e00e7 	add	x7, x7, x14
     6d8:	8b0e00c6 	add	x6, x6, x14
     6dc:	8b0e00a5 	add	x5, x5, x14
     6e0:	8b0e0042 	add	x2, x2, x14
     6e4:	6b11027f 	cmp	w19, w17
     6e8:	54ffed81 	b.ne	498 <conv_sve_prefix+0x168>  // b.any
     6ec:	a9468ffe 	ldp	x30, x3, [sp, #104]
     6f0:	f9404be1 	ldr	x1, [sp, #144]
     6f4:	f94043e0 	ldr	x0, [sp, #128]
     6f8:	8b0103de 	add	x30, x30, x1
     6fc:	f9404fe1 	ldr	x1, [sp, #152]
     700:	e5434013 	st1w	{z19.s}, p0, [x0, x3, lsl #2]
     704:	b9407be0 	ldr	w0, [sp, #120]
     708:	e5434034 	st1w	{z20.s}, p0, [x1, x3, lsl #2]
     70c:	b9407fe1 	ldr	w1, [sp, #124]
     710:	0431e3e0 	incb	x0, all, mul #2
     714:	b9007be0 	str	w0, [sp, #120]
     718:	4b000026 	sub	w6, w1, w0
     71c:	f94053e0 	ldr	x0, [sp, #160]
     720:	e5434015 	st1w	{z21.s}, p0, [x0, x3, lsl #2]
     724:	f94057e0 	ldr	x0, [sp, #168]
     728:	e5434016 	st1w	{z22.s}, p0, [x0, x3, lsl #2]
     72c:	f9405be0 	ldr	x0, [sp, #176]
     730:	e5434018 	st1w	{z24.s}, p0, [x0, x3, lsl #2]
     734:	f9405fe0 	ldr	x0, [sp, #184]
     738:	e5434019 	st1w	{z25.s}, p0, [x0, x3, lsl #2]
     73c:	f94063e0 	ldr	x0, [sp, #192]
     740:	e543401a 	st1w	{z26.s}, p0, [x0, x3, lsl #2]
     744:	f94067e0 	ldr	x0, [sp, #200]
     748:	e5434010 	st1w	{z16.s}, p0, [x0, x3, lsl #2]
     74c:	f94047e0 	ldr	x0, [sp, #136]
     750:	8b000063 	add	x3, x3, x0
     754:	0421e3e0 	cntb	x0, all, mul #2
     758:	6b0000df 	cmp	w6, w0
     75c:	54ffe6aa 	b.ge	430 <conv_sve_prefix+0x100>  // b.tcont
     760:	a9425bf5 	ldp	x21, x22, [sp, #32]
     764:	a94363f7 	ldp	x23, x24, [sp, #48]
     768:	a9446bf9 	ldp	x25, x26, [sp, #64]
     76c:	a94573fb 	ldp	x27, x28, [sp, #80]
     770:	294f03e1 	ldp	w1, w0, [sp, #120]
     774:	6b01001f 	cmp	w0, w1
     778:	5400020c 	b.gt	7b8 <conv_sve_prefix+0x488>
     77c:	b9407fe0 	ldr	w0, [sp, #124]
     780:	a94153f3 	ldp	x19, x20, [sp, #16]
     784:	a8d07bfd 	ldp	x29, x30, [sp], #256
     788:	d65f03c0 	ret
     78c:	52800010 	mov	w16, #0x0                   	// #0
     790:	17ffff7f 	b	58c <conv_sve_prefix+0x25c>
     794:	25b8c010 	mov	z16.s, #0
     798:	0470321a 	mov	z26.d, z16.d
     79c:	04703219 	mov	z25.d, z16.d
     7a0:	04703218 	mov	z24.d, z16.d
     7a4:	04703216 	mov	z22.d, z16.d
     7a8:	04703215 	mov	z21.d, z16.d
     7ac:	04703214 	mov	z20.d, z16.d
     7b0:	04703213 	mov	z19.d, z16.d
     7b4:	17ffffcf 	b	6f0 <conv_sve_prefix+0x3c0>
     7b8:	937e7c20 	sbfiz	x0, x1, #2, #32
     7bc:	f94043e1 	ldr	x1, [sp, #128]
     7c0:	f9406be2 	ldr	x2, [sp, #208]
     7c4:	2a1303e3 	mov	w3, w19
     7c8:	8b000025 	add	x5, x1, x0
     7cc:	f9407be1 	ldr	x1, [sp, #240]
     7d0:	8b000020 	add	x0, x1, x0
     7d4:	f9407fe1 	ldr	x1, [sp, #248]
     7d8:	97fffe0a 	bl	0 <conv_sve_tail>
     7dc:	a94153f3 	ldp	x19, x20, [sp, #16]
     7e0:	b9407fe0 	ldr	w0, [sp, #124]
     7e4:	a8d07bfd 	ldp	x29, x30, [sp], #256
     7e8:	d65f03c0 	ret
     7ec:	b9407fe6 	ldr	w6, [sp, #124]
     7f0:	b9007bff 	str	wzr, [sp, #120]
     7f4:	17ffffdf 	b	770 <conv_sve_prefix+0x440>
     7f8:	d503201f 	nop
     7fc:	d503201f 	nop

0000000000000800 <conv2d._omp_fn.1>:
     800:	a9a67bfd 	stp	x29, x30, [sp, #-416]!
     804:	910003fd 	mov	x29, sp
     808:	a90153f3 	stp	x19, x20, [sp, #16]
     80c:	aa0003f3 	mov	x19, x0
     810:	a9025bf5 	stp	x21, x22, [sp, #32]
     814:	a9046bf9 	stp	x25, x26, [sp, #64]
     818:	94000000 	bl	0 <omp_get_num_threads>
     81c:	2a0003f4 	mov	w20, w0
     820:	94000000 	bl	0 <omp_get_thread_num>
     824:	b9402a75 	ldr	w21, [x19, #40]
     828:	1ad40ea2 	sdiv	w2, w21, w20
     82c:	1b14d441 	msub	w1, w2, w20, w21
     830:	6b01001f 	cmp	w0, w1
     834:	54009d6b 	b.lt	1be0 <conv2d._omp_fn.1+0x13e0>  // b.tstop
     838:	1b000459 	madd	w25, w2, w0, w1
     83c:	0b190040 	add	w0, w2, w25
     840:	b900f7e0 	str	w0, [sp, #244]
     844:	6b00033f 	cmp	w25, w0
     848:	54005aca 	b.ge	13a0 <conv2d._omp_fn.1+0xba0>  // b.tcont
     84c:	29441263 	ldp	w3, w4, [x19, #32]
     850:	2945a266 	ldp	w6, w8, [x19, #44]
     854:	93407f25 	sxtw	x5, w25
     858:	320107e0 	mov	w0, #0x80000001            	// #-2147483647
     85c:	a9410667 	ldp	x7, x1, [x19, #16]
     860:	a9400a74 	ldp	x20, x2, [x19]
     864:	6d0627e8 	stp	d8, d9, [sp, #96]
     868:	6d072fea 	stp	d10, d11, [sp, #112]
     86c:	a90363f7 	stp	x23, x24, [sp, #48]
     870:	a90573fb 	stp	x27, x28, [sp, #80]
     874:	6d0837ec 	stp	d12, d13, [sp, #128]
     878:	6d093fee 	stp	d14, d15, [sp, #144]
     87c:	51000493 	sub	w19, w4, #0x1
     880:	51000c98 	sub	w24, w4, #0x3
     884:	291da3f9 	stp	w25, w8, [sp, #236]
     888:	51000888 	sub	w8, w4, #0x2
     88c:	6b00027f 	cmp	w19, w0
     890:	9b057c3c 	mul	x28, x1, x5
     894:	937e7cc9 	sbfiz	x9, x6, #2, #32
     898:	53017d00 	lsr	w0, w8, #1
     89c:	1a9fd7f6 	cset	w22, gt
     8a0:	71000b1f 	cmp	w24, #0x2
     8a4:	11000400 	add	w0, w0, #0x1
     8a8:	9b051d25 	madd	x5, x9, x5, x7
     8ac:	1a9fd7e7 	cset	w7, gt
     8b0:	b9010fe8 	str	w8, [sp, #268]
     8b4:	2a0003e8 	mov	w8, w0
     8b8:	f9008be9 	str	x9, [sp, #272]
     8bc:	0a0702d6 	and	w22, w22, w7
     8c0:	121f7809 	and	w9, w0, #0xfffffffe
     8c4:	53017c00 	lsr	w0, w0, #1
     8c8:	d37cec00 	lsl	x0, x0, #4
     8cc:	aa1c03eb 	mov	x11, x28
     8d0:	2a1803f9 	mov	w25, w24
     8d4:	531f7927 	lsl	w7, w9, #1
     8d8:	2a1603f8 	mov	w24, w22
     8dc:	2a0403fa 	mov	w26, w4
     8e0:	2a0303fb 	mov	w27, w3
     8e4:	aa0203fc 	mov	x28, x2
     8e8:	b90103e9 	str	w9, [sp, #256]
     8ec:	aa0103f6 	mov	x22, x1
     8f0:	b90107e7 	str	w7, [sp, #260]
     8f4:	b9010be8 	str	w8, [sp, #264]
     8f8:	937e7c95 	sbfiz	x21, x4, #2, #32
     8fc:	f9008fe0 	str	x0, [sp, #280]
     900:	d37ef420 	lsl	x0, x1, #2
     904:	f9007fe0 	str	x0, [sp, #248]
     908:	531f7917 	lsl	w23, w8, #1
     90c:	8b0b0a80 	add	x0, x20, x11, lsl #2
     910:	f90073e0 	str	x0, [sp, #224]
     914:	b940f3e0 	ldr	w0, [sp, #240]
     918:	35005820 	cbnz	w0, 141c <conv2d._omp_fn.1+0xc1c>
     91c:	2a0603e2 	mov	w2, w6
     920:	52800003 	mov	w3, #0x0                   	// #0
     924:	71007c5f 	cmp	w2, #0x1f
     928:	5400322d 	b.le	f6c <conv2d._omp_fn.1+0x76c>
     92c:	93407c6c 	sxtw	x12, w3
     930:	910483f2 	add	x18, sp, #0x120
     934:	2a0303e7 	mov	w7, w3
     938:	aa0503ea 	mov	x10, x5
     93c:	8b23c8be 	add	x30, x5, w3, sxtw #2
     940:	a9127fff 	stp	xzr, xzr, [sp, #288]
     944:	a9137fff 	stp	xzr, xzr, [sp, #304]
     948:	a9147fff 	stp	xzr, xzr, [sp, #320]
     94c:	a9157fff 	stp	xzr, xzr, [sp, #336]
     950:	a9167fff 	stp	xzr, xzr, [sp, #352]
     954:	a9177fff 	stp	xzr, xzr, [sp, #368]
     958:	a9187fff 	stp	xzr, xzr, [sp, #384]
     95c:	a9197fff 	stp	xzr, xzr, [sp, #400]
     960:	7100037f 	cmp	w27, #0x0
     964:	54002d4d 	b.le	f0c <conv2d._omp_fn.1+0x70c>
     968:	4f00041d 	movi	v29.4s, #0x0
     96c:	8b0c0168 	add	x8, x11, x12
     970:	91001383 	add	x3, x28, #0x4
     974:	aa1c03e2 	mov	x2, x28
     978:	4ebd1fbe 	mov	v30.16b, v29.16b
     97c:	52800000 	mov	w0, #0x0                   	// #0
     980:	52800004 	mov	w4, #0x0                   	// #0
     984:	52800005 	mov	w5, #0x0                   	// #0
     988:	4ebd1fb1 	mov	v17.16b, v29.16b
     98c:	5280000d 	mov	w13, #0x0                   	// #0
     990:	5280000e 	mov	w14, #0x0                   	// #0
     994:	5280000f 	mov	w15, #0x0                   	// #0
     998:	4ebd1faa 	mov	v10.16b, v29.16b
     99c:	52800010 	mov	w16, #0x0                   	// #0
     9a0:	52800011 	mov	w17, #0x0                   	// #0
     9a4:	52800009 	mov	w9, #0x0                   	// #0
     9a8:	4ebd1fab 	mov	v11.16b, v29.16b
     9ac:	4ebd1fa9 	mov	v9.16b, v29.16b
     9b0:	4ebd1fbb 	mov	v27.16b, v29.16b
     9b4:	4ebd1fbc 	mov	v28.16b, v29.16b
     9b8:	7100027f 	cmp	w19, #0x0
     9bc:	540051cd 	b.le	13f4 <conv2d._omp_fn.1+0xbf4>
     9c0:	340051f8 	cbz	w24, 13fc <conv2d._omp_fn.1+0xbfc>
     9c4:	8b080a80 	add	x0, x20, x8, lsl #2
     9c8:	4eb11e27 	mov	v7.16b, v17.16b
     9cc:	aa0203e4 	mov	x4, x2
     9d0:	52800001 	mov	w1, #0x0                   	// #0
     9d4:	4d40c880 	ld1r	{v0.4s}, [x4]
     9d8:	3dc00004 	ldr	q4, [x0]
     9dc:	11001825 	add	w5, w1, #0x6
     9e0:	91004000 	add	x0, x0, #0x10
     9e4:	2d408883 	ldp	s3, s2, [x4, #4]
     9e8:	3cdf8015 	ldur	q21, [x0, #-8]
     9ec:	11001021 	add	w1, w1, #0x4
     9f0:	91004084 	add	x4, x4, #0x10
     9f4:	3cc0800f 	ldur	q15, [x0, #8]
     9f8:	3dc00408 	ldr	q8, [x0, #16]
     9fc:	3cc1800e 	ldur	q14, [x0, #24]
     a00:	3dc00805 	ldr	q5, [x0, #32]
     a04:	3cc2800d 	ldur	q13, [x0, #40]
     a08:	3dc0000c 	ldr	q12, [x0]
     a0c:	3cdf4011 	ldur	q17, [x0, #-12]
     a10:	3cdfc014 	ldur	q20, [x0, #-4]
     a14:	bc5fc081 	ldur	s1, [x4, #-4]
     a18:	3cc04019 	ldur	q25, [x0, #4]
     a1c:	6e20dc84 	fmul	v4.4s, v4.4s, v0.4s
     a20:	6e20dd08 	fmul	v8.4s, v8.4s, v0.4s
     a24:	3cc0c013 	ldur	q19, [x0, #12]
     a28:	3cc14018 	ldur	q24, [x0, #20]
     a2c:	4e040442 	dup	v2.4s, v2.s[0]
     a30:	6e20dca5 	fmul	v5.4s, v5.4s, v0.4s
     a34:	3cc1c012 	ldur	q18, [x0, #28]
     a38:	3cc24017 	ldur	q23, [x0, #36]
     a3c:	6e22deb5 	fmul	v21.4s, v21.4s, v2.4s
     a40:	6e22ddef 	fmul	v15.4s, v15.4s, v2.4s
     a44:	3cc2c010 	ldur	q16, [x0, #44]
     a48:	3dc00c06 	ldr	q6, [x0, #48]
     a4c:	6e22ddce 	fmul	v14.4s, v14.4s, v2.4s
     a50:	6e22ddad 	fmul	v13.4s, v13.4s, v2.4s
     a54:	3cc34016 	ldur	q22, [x0, #52]
     a58:	3dc0141f 	ldr	q31, [x0, #80]
     a5c:	4e3cd484 	fadd	v4.4s, v4.4s, v28.4s
     a60:	3cc4801c 	ldur	q28, [x0, #72]
     a64:	4e29d508 	fadd	v8.4s, v8.4s, v9.4s
     a68:	3cc5401a 	ldur	q26, [x0, #84]
     a6c:	4e2bd4a5 	fadd	v5.4s, v5.4s, v11.4s
     a70:	6e20dd8c 	fmul	v12.4s, v12.4s, v0.4s
     a74:	ad053ff5 	stp	q21, q15, [sp, #160]
     a78:	3cc38015 	ldur	q21, [x0, #56]
     a7c:	3cc3c00f 	ldur	q15, [x0, #60]
     a80:	4e040463 	dup	v3.4s, v3.s[0]
     a84:	ad0637ee 	stp	q14, q13, [sp, #192]
     a88:	3cc4c00e 	ldur	q14, [x0, #76]
     a8c:	3cc5c00d 	ldur	q13, [x0, #92]
     a90:	6e20dcc6 	fmul	v6.4s, v6.4s, v0.4s
     a94:	3dc01009 	ldr	q9, [x0, #64]
     a98:	6e20dfff 	fmul	v31.4s, v31.4s, v0.4s
     a9c:	6e23de31 	fmul	v17.4s, v17.4s, v3.4s
     aa0:	6e22df8b 	fmul	v11.4s, v28.4s, v2.4s
     aa4:	3dc0181c 	ldr	q28, [x0, #96]
     aa8:	4e3bd58c 	fadd	v12.4s, v12.4s, v27.4s
     aac:	3cc4401b 	ldur	q27, [x0, #68]
     ab0:	6e23df39 	fmul	v25.4s, v25.4s, v3.4s
     ab4:	6e23df18 	fmul	v24.4s, v24.4s, v3.4s
     ab8:	6e23def7 	fmul	v23.4s, v23.4s, v3.4s
     abc:	6e23ded6 	fmul	v22.4s, v22.4s, v3.4s
     ac0:	6e23df5a 	fmul	v26.4s, v26.4s, v3.4s
     ac4:	4e31d484 	fadd	v4.4s, v4.4s, v17.4s
     ac8:	3cc6c011 	ldur	q17, [x0, #108]
     acc:	6e20dd29 	fmul	v9.4s, v9.4s, v0.4s
     ad0:	4e2ad4c6 	fadd	v6.4s, v6.4s, v10.4s
     ad4:	3cc5800a 	ldur	q10, [x0, #88]
     ad8:	6e20df80 	fmul	v0.4s, v28.4s, v0.4s
     adc:	3cc6401c 	ldur	q28, [x0, #100]
     ae0:	6e23df7b 	fmul	v27.4s, v27.4s, v3.4s
     ae4:	4e39d58c 	fadd	v12.4s, v12.4s, v25.4s
     ae8:	4e38d508 	fadd	v8.4s, v8.4s, v24.4s
     aec:	6e22deb5 	fmul	v21.4s, v21.4s, v2.4s
     af0:	4e3ed7fe 	fadd	v30.4s, v31.4s, v30.4s
     af4:	4e27d527 	fadd	v7.4s, v9.4s, v7.4s
     af8:	3cc68009 	ldur	q9, [x0, #104]
     afc:	4e37d4a5 	fadd	v5.4s, v5.4s, v23.4s
     b00:	4e3dd400 	fadd	v0.4s, v0.4s, v29.4s
     b04:	6e22dd4a 	fmul	v10.4s, v10.4s, v2.4s
     b08:	6e23df83 	fmul	v3.4s, v28.4s, v3.4s
     b0c:	4e3bd4e7 	fadd	v7.4s, v7.4s, v27.4s
     b10:	4e040421 	dup	v1.4s, v1.s[0]
     b14:	4e36d4c6 	fadd	v6.4s, v6.4s, v22.4s
     b18:	6e21de94 	fmul	v20.4s, v20.4s, v1.4s
     b1c:	6e21de73 	fmul	v19.4s, v19.4s, v1.4s
     b20:	6e22dd22 	fmul	v2.4s, v9.4s, v2.4s
     b24:	6e21de52 	fmul	v18.4s, v18.4s, v1.4s
     b28:	4e23d41d 	fadd	v29.4s, v0.4s, v3.4s
     b2c:	3dc02be0 	ldr	q0, [sp, #160]
     b30:	6e21de10 	fmul	v16.4s, v16.4s, v1.4s
     b34:	6e21ddef 	fmul	v15.4s, v15.4s, v1.4s
     b38:	6e21ddce 	fmul	v14.4s, v14.4s, v1.4s
     b3c:	6e21ddad 	fmul	v13.4s, v13.4s, v1.4s
     b40:	6e21de31 	fmul	v17.4s, v17.4s, v1.4s
     b44:	4e3ad7de 	fadd	v30.4s, v30.4s, v26.4s
     b48:	4e2bd4e7 	fadd	v7.4s, v7.4s, v11.4s
     b4c:	4e35d4c6 	fadd	v6.4s, v6.4s, v21.4s
     b50:	4e22d7bd 	fadd	v29.4s, v29.4s, v2.4s
     b54:	4e20d484 	fadd	v4.4s, v4.4s, v0.4s
     b58:	3dc02fe0 	ldr	q0, [sp, #176]
     b5c:	4e2ad7de 	fadd	v30.4s, v30.4s, v10.4s
     b60:	4e2ed4e7 	fadd	v7.4s, v7.4s, v14.4s
     b64:	4e2fd4ca 	fadd	v10.4s, v6.4s, v15.4s
     b68:	4e2dd7de 	fadd	v30.4s, v30.4s, v13.4s
     b6c:	4e31d7bd 	fadd	v29.4s, v29.4s, v17.4s
     b70:	4e34d49c 	fadd	v28.4s, v4.4s, v20.4s
     b74:	4e20d58c 	fadd	v12.4s, v12.4s, v0.4s
     b78:	3dc033e0 	ldr	q0, [sp, #192]
     b7c:	4e33d59b 	fadd	v27.4s, v12.4s, v19.4s
     b80:	4e20d508 	fadd	v8.4s, v8.4s, v0.4s
     b84:	3dc037e0 	ldr	q0, [sp, #208]
     b88:	4e32d509 	fadd	v9.4s, v8.4s, v18.4s
     b8c:	4e20d4a5 	fadd	v5.4s, v5.4s, v0.4s
     b90:	4e30d4ab 	fadd	v11.4s, v5.4s, v16.4s
     b94:	6b05033f 	cmp	w25, w5
     b98:	54fff1ec 	b.gt	9d4 <conv2d._omp_fn.1+0x1d4>
     b9c:	4ea71cf1 	mov	v17.16b, v7.16b
     ba0:	93407c21 	sxtw	x1, w1
     ba4:	8b080020 	add	x0, x1, x8
     ba8:	8b000a80 	add	x0, x20, x0, lsl #2
     bac:	d503201f 	nop
     bb0:	bc617841 	ldr	s1, [x2, x1, lsl #2]
     bb4:	3dc0000c 	ldr	q12, [x0]
     bb8:	91002000 	add	x0, x0, #0x8
     bbc:	3cc08008 	ldur	q8, [x0, #8]
     bc0:	3cc18007 	ldur	q7, [x0, #24]
     bc4:	3cc28006 	ldur	q6, [x0, #40]
     bc8:	3cc38005 	ldur	q5, [x0, #56]
     bcc:	3cc48004 	ldur	q4, [x0, #72]
     bd0:	3cc58003 	ldur	q3, [x0, #88]
     bd4:	3cc68015 	ldur	q21, [x0, #104]
     bd8:	bc617860 	ldr	s0, [x3, x1, lsl #2]
     bdc:	91000821 	add	x1, x1, #0x2
     be0:	3cdfc014 	ldur	q20, [x0, #-4]
     be4:	3cc0c013 	ldur	q19, [x0, #12]
     be8:	4e040421 	dup	v1.4s, v1.s[0]
     bec:	3cc1c012 	ldur	q18, [x0, #28]
     bf0:	3cc2c010 	ldur	q16, [x0, #44]
     bf4:	6e21dd8c 	fmul	v12.4s, v12.4s, v1.4s
     bf8:	6e21dd08 	fmul	v8.4s, v8.4s, v1.4s
     bfc:	3cc3c00f 	ldur	q15, [x0, #60]
     c00:	3cc4c00e 	ldur	q14, [x0, #76]
     c04:	6e21dce7 	fmul	v7.4s, v7.4s, v1.4s
     c08:	6e21dcc6 	fmul	v6.4s, v6.4s, v1.4s
     c0c:	3cc5c00d 	ldur	q13, [x0, #92]
     c10:	3cc6c002 	ldur	q2, [x0, #108]
     c14:	6e21dca5 	fmul	v5.4s, v5.4s, v1.4s
     c18:	6e21dc84 	fmul	v4.4s, v4.4s, v1.4s
     c1c:	4e040400 	dup	v0.4s, v0.s[0]
     c20:	6e21dc63 	fmul	v3.4s, v3.4s, v1.4s
     c24:	6e21dea1 	fmul	v1.4s, v21.4s, v1.4s
     c28:	6e20de94 	fmul	v20.4s, v20.4s, v0.4s
     c2c:	6e20de73 	fmul	v19.4s, v19.4s, v0.4s
     c30:	6e20de52 	fmul	v18.4s, v18.4s, v0.4s
     c34:	6e20de10 	fmul	v16.4s, v16.4s, v0.4s
     c38:	6e20ddef 	fmul	v15.4s, v15.4s, v0.4s
     c3c:	6e20ddce 	fmul	v14.4s, v14.4s, v0.4s
     c40:	6e20ddad 	fmul	v13.4s, v13.4s, v0.4s
     c44:	6e20dc40 	fmul	v0.4s, v2.4s, v0.4s
     c48:	4e3cd58c 	fadd	v12.4s, v12.4s, v28.4s
     c4c:	4e3bd508 	fadd	v8.4s, v8.4s, v27.4s
     c50:	4e29d4e7 	fadd	v7.4s, v7.4s, v9.4s
     c54:	4e2bd4c6 	fadd	v6.4s, v6.4s, v11.4s
     c58:	4e2ad4a5 	fadd	v5.4s, v5.4s, v10.4s
     c5c:	4e31d484 	fadd	v4.4s, v4.4s, v17.4s
     c60:	4e3ed462 	fadd	v2.4s, v3.4s, v30.4s
     c64:	4e3dd421 	fadd	v1.4s, v1.4s, v29.4s
     c68:	4e34d59c 	fadd	v28.4s, v12.4s, v20.4s
     c6c:	4e33d51b 	fadd	v27.4s, v8.4s, v19.4s
     c70:	4e32d4e9 	fadd	v9.4s, v7.4s, v18.4s
     c74:	4e30d4cb 	fadd	v11.4s, v6.4s, v16.4s
     c78:	4e2fd4aa 	fadd	v10.4s, v5.4s, v15.4s
     c7c:	4e2ed491 	fadd	v17.4s, v4.4s, v14.4s
     c80:	4e2dd45e 	fadd	v30.4s, v2.4s, v13.4s
     c84:	4e20d43d 	fadd	v29.4s, v1.4s, v0.4s
     c88:	6b01027f 	cmp	w19, w1
     c8c:	54fff92c 	b.gt	bb0 <conv2d._omp_fn.1+0x3b0>
     c90:	52800020 	mov	w0, #0x1                   	// #1
     c94:	2a1703e1 	mov	w1, w23
     c98:	2a0003e4 	mov	w4, w0
     c9c:	2a0003e5 	mov	w5, w0
     ca0:	2a0003ed 	mov	w13, w0
     ca4:	2a0003ee 	mov	w14, w0
     ca8:	2a0003ef 	mov	w15, w0
     cac:	2a0003f0 	mov	w16, w0
     cb0:	2a0003f1 	mov	w17, w0
     cb4:	6b01035f 	cmp	w26, w1
     cb8:	54000fed 	b.le	eb4 <conv2d._omp_fn.1+0x6b4>
     cbc:	11000420 	add	w0, w1, #0x1
     cc0:	6b00027f 	cmp	w19, w0
     cc4:	54003a8d 	b.le	1414 <conv2d._omp_fn.1+0xc14>
     cc8:	93407c24 	sxtw	x4, w1
     ccc:	8b21c84e 	add	x14, x2, w1, sxtw #2
     cd0:	bd4005c0 	ldr	s0, [x14, #4]
     cd4:	11000c2d 	add	w13, w1, #0x3
     cd8:	11000825 	add	w5, w1, #0x2
     cdc:	8b080080 	add	x0, x4, x8
     ce0:	bc647841 	ldr	s1, [x2, x4, lsl #2]
     ce4:	d37ef400 	lsl	x0, x0, #2
     ce8:	8b000284 	add	x4, x20, x0
     cec:	9100100f 	add	x15, x0, #0x4
     cf0:	3ce06a82 	ldr	q2, [x20, x0]
     cf4:	3dc01c84 	ldr	q4, [x4, #112]
     cf8:	8b0f0280 	add	x0, x20, x15
     cfc:	3cef6a8d 	ldr	q13, [x20, x15]
     d00:	ad40b095 	ldp	q21, q12, [x4, #16]
     d04:	3dc01c03 	ldr	q3, [x0, #112]
     d08:	ad419c88 	ldp	q8, q7, [x4, #48]
     d0c:	ad429486 	ldp	q6, q5, [x4, #80]
     d10:	4e040400 	dup	v0.4s, v0.s[0]
     d14:	ad40cc14 	ldp	q20, q19, [x0, #16]
     d18:	6e20de94 	fmul	v20.4s, v20.4s, v0.4s
     d1c:	6e20de73 	fmul	v19.4s, v19.4s, v0.4s
     d20:	ad41c012 	ldp	q18, q16, [x0, #48]
     d24:	4e040421 	dup	v1.4s, v1.s[0]
     d28:	6e20de52 	fmul	v18.4s, v18.4s, v0.4s
     d2c:	ad42b80f 	ldp	q15, q14, [x0, #80]
     d30:	6e21dc42 	fmul	v2.4s, v2.4s, v1.4s
     d34:	6e21deb5 	fmul	v21.4s, v21.4s, v1.4s
     d38:	6e21dd8c 	fmul	v12.4s, v12.4s, v1.4s
     d3c:	6e21dd08 	fmul	v8.4s, v8.4s, v1.4s
     d40:	6e21dce7 	fmul	v7.4s, v7.4s, v1.4s
     d44:	6e21dcc6 	fmul	v6.4s, v6.4s, v1.4s
     d48:	6e21dca5 	fmul	v5.4s, v5.4s, v1.4s
     d4c:	6e21dc84 	fmul	v4.4s, v4.4s, v1.4s
     d50:	6e20ddad 	fmul	v13.4s, v13.4s, v0.4s
     d54:	6e20dc61 	fmul	v1.4s, v3.4s, v0.4s
     d58:	6e20de10 	fmul	v16.4s, v16.4s, v0.4s
     d5c:	6e20ddef 	fmul	v15.4s, v15.4s, v0.4s
     d60:	6e20ddce 	fmul	v14.4s, v14.4s, v0.4s
     d64:	4e3bd6b5 	fadd	v21.4s, v21.4s, v27.4s
     d68:	4e29d589 	fadd	v9.4s, v12.4s, v9.4s
     d6c:	4e2bd508 	fadd	v8.4s, v8.4s, v11.4s
     d70:	4e2ad4e7 	fadd	v7.4s, v7.4s, v10.4s
     d74:	4e31d4c6 	fadd	v6.4s, v6.4s, v17.4s
     d78:	4e3ed4a5 	fadd	v5.4s, v5.4s, v30.4s
     d7c:	4e3dd483 	fadd	v3.4s, v4.4s, v29.4s
     d80:	4e3cd440 	fadd	v0.4s, v2.4s, v28.4s
     d84:	4e34d6bb 	fadd	v27.4s, v21.4s, v20.4s
     d88:	4e33d529 	fadd	v9.4s, v9.4s, v19.4s
     d8c:	4e32d50b 	fadd	v11.4s, v8.4s, v18.4s
     d90:	4e30d4ea 	fadd	v10.4s, v7.4s, v16.4s
     d94:	4e2fd4d1 	fadd	v17.4s, v6.4s, v15.4s
     d98:	4e2ed4be 	fadd	v30.4s, v5.4s, v14.4s
     d9c:	4e21d47d 	fadd	v29.4s, v3.4s, v1.4s
     da0:	4e2dd41c 	fadd	v28.4s, v0.4s, v13.4s
     da4:	6b0d027f 	cmp	w19, w13
     da8:	54007d0c 	b.gt	1d48 <conv2d._omp_fn.1+0x1548>
     dac:	93407ca0 	sxtw	x0, w5
     db0:	110004a4 	add	w4, w5, #0x1
     db4:	937e7ca5 	sbfiz	x5, x5, #2, #32
     db8:	8b080001 	add	x1, x0, x8
     dbc:	bc607840 	ldr	s0, [x2, x0, lsl #2]
     dc0:	d37ef421 	lsl	x1, x1, #2
     dc4:	8b010280 	add	x0, x20, x1
     dc8:	3ce16a88 	ldr	q8, [x20, x1]
     dcc:	3dc01c01 	ldr	q1, [x0, #112]
     dd0:	ad409807 	ldp	q7, q6, [x0, #16]
     dd4:	ad419005 	ldp	q5, q4, [x0, #48]
     dd8:	ad428803 	ldp	q3, q2, [x0, #80]
     ddc:	4e040400 	dup	v0.4s, v0.s[0]
     de0:	6e20dd08 	fmul	v8.4s, v8.4s, v0.4s
     de4:	6e20dce7 	fmul	v7.4s, v7.4s, v0.4s
     de8:	6e20dcc6 	fmul	v6.4s, v6.4s, v0.4s
     dec:	6e20dca5 	fmul	v5.4s, v5.4s, v0.4s
     df0:	6e20dc84 	fmul	v4.4s, v4.4s, v0.4s
     df4:	6e20dc63 	fmul	v3.4s, v3.4s, v0.4s
     df8:	6e20dc42 	fmul	v2.4s, v2.4s, v0.4s
     dfc:	6e20dc20 	fmul	v0.4s, v1.4s, v0.4s
     e00:	4e28d79c 	fadd	v28.4s, v28.4s, v8.4s
     e04:	4e27d77b 	fadd	v27.4s, v27.4s, v7.4s
     e08:	4e26d529 	fadd	v9.4s, v9.4s, v6.4s
     e0c:	4e25d56b 	fadd	v11.4s, v11.4s, v5.4s
     e10:	4e24d54a 	fadd	v10.4s, v10.4s, v4.4s
     e14:	4e23d631 	fadd	v17.4s, v17.4s, v3.4s
     e18:	4e22d7de 	fadd	v30.4s, v30.4s, v2.4s
     e1c:	4e20d7bd 	fadd	v29.4s, v29.4s, v0.4s
     e20:	6b04035f 	cmp	w26, w4
     e24:	54002c8d 	b.le	13b4 <conv2d._omp_fn.1+0xbb4>
     e28:	8b050045 	add	x5, x2, x5
     e2c:	8b24c100 	add	x0, x8, w4, sxtw
     e30:	d37ef400 	lsl	x0, x0, #2
     e34:	8b000281 	add	x1, x20, x0
     e38:	bd4004a0 	ldr	s0, [x5, #4]
     e3c:	3ce06a81 	ldr	q1, [x20, x0]
     e40:	ad409c28 	ldp	q8, q7, [x1, #16]
     e44:	ad419426 	ldp	q6, q5, [x1, #48]
     e48:	3dc01c22 	ldr	q2, [x1, #112]
     e4c:	ad428c24 	ldp	q4, q3, [x1, #80]
     e50:	52800020 	mov	w0, #0x1                   	// #1
     e54:	2a0003e4 	mov	w4, w0
     e58:	2a0003ed 	mov	w13, w0
     e5c:	2a0003ee 	mov	w14, w0
     e60:	2a0003ef 	mov	w15, w0
     e64:	2a0003f0 	mov	w16, w0
     e68:	2a0003f1 	mov	w17, w0
     e6c:	2a0003e5 	mov	w5, w0
     e70:	4e040400 	dup	v0.4s, v0.s[0]
     e74:	6e20dd08 	fmul	v8.4s, v8.4s, v0.4s
     e78:	6e20dce7 	fmul	v7.4s, v7.4s, v0.4s
     e7c:	6e20dcc6 	fmul	v6.4s, v6.4s, v0.4s
     e80:	6e20dca5 	fmul	v5.4s, v5.4s, v0.4s
     e84:	6e20dc84 	fmul	v4.4s, v4.4s, v0.4s
     e88:	6e20dc63 	fmul	v3.4s, v3.4s, v0.4s
     e8c:	6e20dc42 	fmul	v2.4s, v2.4s, v0.4s
     e90:	6e20dc20 	fmul	v0.4s, v1.4s, v0.4s
     e94:	4e28d77b 	fadd	v27.4s, v27.4s, v8.4s
     e98:	4e27d529 	fadd	v9.4s, v9.4s, v7.4s
     e9c:	4e26d56b 	fadd	v11.4s, v11.4s, v6.4s
     ea0:	4e25d54a 	fadd	v10.4s, v10.4s, v5.4s
     ea4:	4e24d631 	fadd	v17.4s, v17.4s, v4.4s
     ea8:	4e23d7de 	fadd	v30.4s, v30.4s, v3.4s
     eac:	4e22d7bd 	fadd	v29.4s, v29.4s, v2.4s
     eb0:	4e20d79c 	fadd	v28.4s, v28.4s, v0.4s
     eb4:	11000529 	add	w9, w9, #0x1
     eb8:	8b150042 	add	x2, x2, x21
     ebc:	8b160108 	add	x8, x8, x22
     ec0:	8b150063 	add	x3, x3, x21
     ec4:	6b09037f 	cmp	w27, w9
     ec8:	54ffd781 	b.ne	9b8 <conv2d._omp_fn.1+0x1b8>  // b.any
     ecc:	34000051 	cbz	w17, ed4 <conv2d._omp_fn.1+0x6d4>
     ed0:	3d804bfc 	str	q28, [sp, #288]
     ed4:	34000050 	cbz	w16, edc <conv2d._omp_fn.1+0x6dc>
     ed8:	3d804ffb 	str	q27, [sp, #304]
     edc:	3400004f 	cbz	w15, ee4 <conv2d._omp_fn.1+0x6e4>
     ee0:	3d8053e9 	str	q9, [sp, #320]
     ee4:	3400004e 	cbz	w14, eec <conv2d._omp_fn.1+0x6ec>
     ee8:	3d8057eb 	str	q11, [sp, #336]
     eec:	3400004d 	cbz	w13, ef4 <conv2d._omp_fn.1+0x6f4>
     ef0:	3d805bea 	str	q10, [sp, #352]
     ef4:	34000045 	cbz	w5, efc <conv2d._omp_fn.1+0x6fc>
     ef8:	3d805ff1 	str	q17, [sp, #368]
     efc:	34000044 	cbz	w4, f04 <conv2d._omp_fn.1+0x704>
     f00:	3d8063fe 	str	q30, [sp, #384]
     f04:	34000040 	cbz	w0, f0c <conv2d._omp_fn.1+0x70c>
     f08:	3d8067fd 	str	q29, [sp, #400]
     f0c:	a9402648 	ldp	x8, x9, [x18]
     f10:	a9411644 	ldp	x4, x5, [x18, #16]
     f14:	110080e7 	add	w7, w7, #0x20
     f18:	9100818c 	add	x12, x12, #0x20
     f1c:	a9420e42 	ldp	x2, x3, [x18, #32]
     f20:	a9430640 	ldp	x0, x1, [x18, #48]
     f24:	910203de 	add	x30, x30, #0x80
     f28:	a93827c8 	stp	x8, x9, [x30, #-128]
     f2c:	a93917c4 	stp	x4, x5, [x30, #-112]
     f30:	a93a0fc2 	stp	x2, x3, [x30, #-96]
     f34:	a93b07c0 	stp	x0, x1, [x30, #-80]
     f38:	a9440e42 	ldp	x2, x3, [x18, #64]
     f3c:	a9450640 	ldp	x0, x1, [x18, #80]
     f40:	a9461644 	ldp	x4, x5, [x18, #96]
     f44:	a9472648 	ldp	x8, x9, [x18, #112]
     f48:	a93c0fc2 	stp	x2, x3, [x30, #-64]
     f4c:	4b0700c2 	sub	w2, w6, w7
     f50:	a93d07c0 	stp	x0, x1, [x30, #-48]
     f54:	a93e17c4 	stp	x4, x5, [x30, #-32]
     f58:	a93f27c8 	stp	x8, x9, [x30, #-16]
     f5c:	71007c5f 	cmp	w2, #0x1f
     f60:	54ffcf0c 	b.gt	940 <conv2d._omp_fn.1+0x140>
     f64:	2a0703e3 	mov	w3, w7
     f68:	aa0a03e5 	mov	x5, x10
     f6c:	71003c5f 	cmp	w2, #0xf
     f70:	54001ead 	b.le	1344 <conv2d._omp_fn.1+0xb44>
     f74:	93407c67 	sxtw	x7, w3
     f78:	910483f2 	add	x18, sp, #0x120
     f7c:	2a0303ec 	mov	w12, w3
     f80:	aa0b03ed 	mov	x13, x11
     f84:	8b23c8a4 	add	x4, x5, w3, sxtw #2
     f88:	a9127fff 	stp	xzr, xzr, [sp, #288]
     f8c:	a9137fff 	stp	xzr, xzr, [sp, #304]
     f90:	a9147fff 	stp	xzr, xzr, [sp, #320]
     f94:	a9157fff 	stp	xzr, xzr, [sp, #336]
     f98:	7100037f 	cmp	w27, #0x0
     f9c:	54001b4d 	b.le	1304 <conv2d._omp_fn.1+0xb04>
     fa0:	4f000400 	movi	v0.4s, #0x0
     fa4:	8b0701aa 	add	x10, x13, x7
     fa8:	91001383 	add	x3, x28, #0x4
     fac:	aa1c03e2 	mov	x2, x28
     fb0:	4ea01c0c 	mov	v12.16b, v0.16b
     fb4:	52800000 	mov	w0, #0x0                   	// #0
     fb8:	52800008 	mov	w8, #0x0                   	// #0
     fbc:	52800009 	mov	w9, #0x0                   	// #0
     fc0:	4ea01c0d 	mov	v13.16b, v0.16b
     fc4:	5280000e 	mov	w14, #0x0                   	// #0
     fc8:	5280000b 	mov	w11, #0x0                   	// #0
     fcc:	4ea01c06 	mov	v6.16b, v0.16b
     fd0:	7100027f 	cmp	w19, #0x0
     fd4:	540020cd 	b.le	13ec <conv2d._omp_fn.1+0xbec>
     fd8:	34002178 	cbz	w24, 1404 <conv2d._omp_fn.1+0xc04>
     fdc:	8b0a0a80 	add	x0, x20, x10, lsl #2
     fe0:	aa0203e8 	mov	x8, x2
     fe4:	52800001 	mov	w1, #0x0                   	// #0
     fe8:	4d40c909 	ld1r	{v9.4s}, [x8]
     fec:	3dc00004 	ldr	q4, [x0]
     ff0:	11001829 	add	w9, w1, #0x6
     ff4:	91004000 	add	x0, x0, #0x10
     ff8:	3dc00003 	ldr	q3, [x0]
     ffc:	2d409d08 	ldp	s8, s7, [x8, #4]
    1000:	11001021 	add	w1, w1, #0x4
    1004:	91004108 	add	x8, x8, #0x10
    1008:	3dc00401 	ldr	q1, [x0, #16]
    100c:	3dc00802 	ldr	q2, [x0, #32]
    1010:	3cdf4016 	ldur	q22, [x0, #-12]
    1014:	3cc04015 	ldur	q21, [x0, #4]
    1018:	3cc14014 	ldur	q20, [x0, #20]
    101c:	3cc24013 	ldur	q19, [x0, #36]
    1020:	3cdf8012 	ldur	q18, [x0, #-8]
    1024:	3cc08017 	ldur	q23, [x0, #8]
    1028:	3cc18011 	ldur	q17, [x0, #24]
    102c:	3cc28010 	ldur	q16, [x0, #40]
    1030:	6e29dc84 	fmul	v4.4s, v4.4s, v9.4s
    1034:	6e29dc42 	fmul	v2.4s, v2.4s, v9.4s
    1038:	bc5fc105 	ldur	s5, [x8, #-4]
    103c:	3cdfc00f 	ldur	q15, [x0, #-4]
    1040:	6e29dc63 	fmul	v3.4s, v3.4s, v9.4s
    1044:	6e29dc21 	fmul	v1.4s, v1.4s, v9.4s
    1048:	3cc0c00e 	ldur	q14, [x0, #12]
    104c:	3cc1c00b 	ldur	q11, [x0, #28]
    1050:	4e040508 	dup	v8.4s, v8.s[0]
    1054:	3cc2c00a 	ldur	q10, [x0, #44]
    1058:	6e28ded6 	fmul	v22.4s, v22.4s, v8.4s
    105c:	6e28deb5 	fmul	v21.4s, v21.4s, v8.4s
    1060:	6e28de94 	fmul	v20.4s, v20.4s, v8.4s
    1064:	6e28de73 	fmul	v19.4s, v19.4s, v8.4s
    1068:	4e0404e7 	dup	v7.4s, v7.s[0]
    106c:	4e26d486 	fadd	v6.4s, v4.4s, v6.4s
    1070:	6e27de52 	fmul	v18.4s, v18.4s, v7.4s
    1074:	6e27de29 	fmul	v9.4s, v17.4s, v7.4s
    1078:	6e27de08 	fmul	v8.4s, v16.4s, v7.4s
    107c:	4e2dd463 	fadd	v3.4s, v3.4s, v13.4s
    1080:	4e2cd421 	fadd	v1.4s, v1.4s, v12.4s
    1084:	6e27deed 	fmul	v13.4s, v23.4s, v7.4s
    1088:	4e20d440 	fadd	v0.4s, v2.4s, v0.4s
    108c:	4e36d4c6 	fadd	v6.4s, v6.4s, v22.4s
    1090:	4e0404a2 	dup	v2.4s, v5.s[0]
    1094:	4e35d463 	fadd	v3.4s, v3.4s, v21.4s
    1098:	6e22dde7 	fmul	v7.4s, v15.4s, v2.4s
    109c:	6e22ddc5 	fmul	v5.4s, v14.4s, v2.4s
    10a0:	6e22dd64 	fmul	v4.4s, v11.4s, v2.4s
    10a4:	4e34d421 	fadd	v1.4s, v1.4s, v20.4s
    10a8:	6e22dd42 	fmul	v2.4s, v10.4s, v2.4s
    10ac:	4e33d400 	fadd	v0.4s, v0.4s, v19.4s
    10b0:	4e32d4c6 	fadd	v6.4s, v6.4s, v18.4s
    10b4:	4e2dd463 	fadd	v3.4s, v3.4s, v13.4s
    10b8:	4e29d421 	fadd	v1.4s, v1.4s, v9.4s
    10bc:	4e28d400 	fadd	v0.4s, v0.4s, v8.4s
    10c0:	4e27d4c6 	fadd	v6.4s, v6.4s, v7.4s
    10c4:	4e25d46d 	fadd	v13.4s, v3.4s, v5.4s
    10c8:	4e24d42c 	fadd	v12.4s, v1.4s, v4.4s
    10cc:	4e22d400 	fadd	v0.4s, v0.4s, v2.4s
    10d0:	6b09033f 	cmp	w25, w9
    10d4:	54fff8ac 	b.gt	fe8 <conv2d._omp_fn.1+0x7e8>
    10d8:	93407c21 	sxtw	x1, w1
    10dc:	8b0a0020 	add	x0, x1, x10
    10e0:	8b000a80 	add	x0, x20, x0, lsl #2
    10e4:	d503201f 	nop
    10e8:	bc617842 	ldr	s2, [x2, x1, lsl #2]
    10ec:	3dc00007 	ldr	q7, [x0]
    10f0:	91002000 	add	x0, x0, #0x8
    10f4:	3cc08005 	ldur	q5, [x0, #8]
    10f8:	3cc18004 	ldur	q4, [x0, #24]
    10fc:	3cc28003 	ldur	q3, [x0, #40]
    1100:	bc617861 	ldr	s1, [x3, x1, lsl #2]
    1104:	91000821 	add	x1, x1, #0x2
    1108:	3cdfc00b 	ldur	q11, [x0, #-4]
    110c:	3cc0c00a 	ldur	q10, [x0, #12]
    1110:	3cc1c009 	ldur	q9, [x0, #28]
    1114:	3cc2c008 	ldur	q8, [x0, #44]
    1118:	4e040442 	dup	v2.4s, v2.s[0]
    111c:	6e22dce7 	fmul	v7.4s, v7.4s, v2.4s
    1120:	6e22dca5 	fmul	v5.4s, v5.4s, v2.4s
    1124:	4e040421 	dup	v1.4s, v1.s[0]
    1128:	6e22dc84 	fmul	v4.4s, v4.4s, v2.4s
    112c:	6e22dc62 	fmul	v2.4s, v3.4s, v2.4s
    1130:	6e21dd6b 	fmul	v11.4s, v11.4s, v1.4s
    1134:	6e21dd4a 	fmul	v10.4s, v10.4s, v1.4s
    1138:	6e21dd29 	fmul	v9.4s, v9.4s, v1.4s
    113c:	6e21dd08 	fmul	v8.4s, v8.4s, v1.4s
    1140:	4e26d4e6 	fadd	v6.4s, v7.4s, v6.4s
    1144:	4e2dd4a3 	fadd	v3.4s, v5.4s, v13.4s
    1148:	4e2cd481 	fadd	v1.4s, v4.4s, v12.4s
    114c:	4e20d440 	fadd	v0.4s, v2.4s, v0.4s
    1150:	4e2bd4c6 	fadd	v6.4s, v6.4s, v11.4s
    1154:	4e2ad46d 	fadd	v13.4s, v3.4s, v10.4s
    1158:	4e29d42c 	fadd	v12.4s, v1.4s, v9.4s
    115c:	4e28d400 	fadd	v0.4s, v0.4s, v8.4s
    1160:	6b01027f 	cmp	w19, w1
    1164:	54fffc2c 	b.gt	10e8 <conv2d._omp_fn.1+0x8e8>
    1168:	52800020 	mov	w0, #0x1                   	// #1
    116c:	2a1703e1 	mov	w1, w23
    1170:	2a0003e8 	mov	w8, w0
    1174:	2a0003e9 	mov	w9, w0
    1178:	2a0003ee 	mov	w14, w0
    117c:	6b01035f 	cmp	w26, w1
    1180:	54000a6d 	b.le	12cc <conv2d._omp_fn.1+0xacc>
    1184:	11000420 	add	w0, w1, #0x1
    1188:	6b00027f 	cmp	w19, w0
    118c:	5400140d 	b.le	140c <conv2d._omp_fn.1+0xc0c>
    1190:	93407c28 	sxtw	x8, w1
    1194:	8b21c84e 	add	x14, x2, w1, sxtw #2
    1198:	bd4005c1 	ldr	s1, [x14, #4]
    119c:	11000c29 	add	w9, w1, #0x3
    11a0:	8b0a0100 	add	x0, x8, x10
    11a4:	bc687842 	ldr	s2, [x2, x8, lsl #2]
    11a8:	d37ef400 	lsl	x0, x0, #2
    11ac:	8b00028f 	add	x15, x20, x0
    11b0:	91001010 	add	x16, x0, #0x4
    11b4:	3ce06a87 	ldr	q7, [x20, x0]
    11b8:	3dc00de3 	ldr	q3, [x15, #48]
    11bc:	8b100288 	add	x8, x20, x16
    11c0:	3cf06a8b 	ldr	q11, [x20, x16]
    11c4:	ad4091e5 	ldp	q5, q4, [x15, #16]
    11c8:	3dc00d08 	ldr	q8, [x8, #48]
    11cc:	4e040421 	dup	v1.4s, v1.s[0]
    11d0:	ad40a50a 	ldp	q10, q9, [x8, #16]
    11d4:	11000820 	add	w0, w1, #0x2
    11d8:	6e21dd4a 	fmul	v10.4s, v10.4s, v1.4s
    11dc:	6e21dd29 	fmul	v9.4s, v9.4s, v1.4s
    11e0:	4e040442 	dup	v2.4s, v2.s[0]
    11e4:	6e22dce7 	fmul	v7.4s, v7.4s, v2.4s
    11e8:	6e22dca5 	fmul	v5.4s, v5.4s, v2.4s
    11ec:	6e22dc84 	fmul	v4.4s, v4.4s, v2.4s
    11f0:	6e22dc62 	fmul	v2.4s, v3.4s, v2.4s
    11f4:	6e21dd6b 	fmul	v11.4s, v11.4s, v1.4s
    11f8:	6e21dd08 	fmul	v8.4s, v8.4s, v1.4s
    11fc:	4e26d4e6 	fadd	v6.4s, v7.4s, v6.4s
    1200:	4e2dd4a3 	fadd	v3.4s, v5.4s, v13.4s
    1204:	4e2cd481 	fadd	v1.4s, v4.4s, v12.4s
    1208:	4e20d440 	fadd	v0.4s, v2.4s, v0.4s
    120c:	4e2bd4c6 	fadd	v6.4s, v6.4s, v11.4s
    1210:	4e2ad46d 	fadd	v13.4s, v3.4s, v10.4s
    1214:	4e29d42c 	fadd	v12.4s, v1.4s, v9.4s
    1218:	4e28d400 	fadd	v0.4s, v0.4s, v8.4s
    121c:	6b09027f 	cmp	w19, w9
    1220:	5400554c 	b.gt	1cc8 <conv2d._omp_fn.1+0x14c8>
    1224:	93407c09 	sxtw	x9, w0
    1228:	11000408 	add	w8, w0, #0x1
    122c:	937e7c00 	sbfiz	x0, x0, #2, #32
    1230:	8b0a0121 	add	x1, x9, x10
    1234:	bc697841 	ldr	s1, [x2, x9, lsl #2]
    1238:	d37ef421 	lsl	x1, x1, #2
    123c:	8b010289 	add	x9, x20, x1
    1240:	3ce16a85 	ldr	q5, [x20, x1]
    1244:	3dc00d22 	ldr	q2, [x9, #48]
    1248:	ad408d24 	ldp	q4, q3, [x9, #16]
    124c:	4e040421 	dup	v1.4s, v1.s[0]
    1250:	6e21dca5 	fmul	v5.4s, v5.4s, v1.4s
    1254:	6e21dc84 	fmul	v4.4s, v4.4s, v1.4s
    1258:	6e21dc63 	fmul	v3.4s, v3.4s, v1.4s
    125c:	6e21dc41 	fmul	v1.4s, v2.4s, v1.4s
    1260:	4e25d4c6 	fadd	v6.4s, v6.4s, v5.4s
    1264:	4e24d5ad 	fadd	v13.4s, v13.4s, v4.4s
    1268:	4e23d58c 	fadd	v12.4s, v12.4s, v3.4s
    126c:	4e21d400 	fadd	v0.4s, v0.4s, v1.4s
    1270:	6b08035f 	cmp	w26, w8
    1274:	54000b2d 	b.le	13d8 <conv2d._omp_fn.1+0xbd8>
    1278:	8b000040 	add	x0, x2, x0
    127c:	8b28c141 	add	x1, x10, w8, sxtw
    1280:	d37ef421 	lsl	x1, x1, #2
    1284:	8b01028e 	add	x14, x20, x1
    1288:	bd400401 	ldr	s1, [x0, #4]
    128c:	3ce16a82 	ldr	q2, [x20, x1]
    1290:	ad4091c5 	ldp	q5, q4, [x14, #16]
    1294:	52800020 	mov	w0, #0x1                   	// #1
    1298:	3dc00dc3 	ldr	q3, [x14, #48]
    129c:	2a0003e8 	mov	w8, w0
    12a0:	2a0003e9 	mov	w9, w0
    12a4:	2a0003ee 	mov	w14, w0
    12a8:	4e040421 	dup	v1.4s, v1.s[0]
    12ac:	6e21dca5 	fmul	v5.4s, v5.4s, v1.4s
    12b0:	6e21dc84 	fmul	v4.4s, v4.4s, v1.4s
    12b4:	6e21dc63 	fmul	v3.4s, v3.4s, v1.4s
    12b8:	6e21dc41 	fmul	v1.4s, v2.4s, v1.4s
    12bc:	4e25d5ad 	fadd	v13.4s, v13.4s, v5.4s
    12c0:	4e24d58c 	fadd	v12.4s, v12.4s, v4.4s
    12c4:	4e23d400 	fadd	v0.4s, v0.4s, v3.4s
    12c8:	4e21d4c6 	fadd	v6.4s, v6.4s, v1.4s
    12cc:	1100056b 	add	w11, w11, #0x1
    12d0:	8b150042 	add	x2, x2, x21
    12d4:	8b16014a 	add	x10, x10, x22
    12d8:	8b150063 	add	x3, x3, x21
    12dc:	6b0b037f 	cmp	w27, w11
    12e0:	54ffe781 	b.ne	fd0 <conv2d._omp_fn.1+0x7d0>  // b.any
    12e4:	3400004e 	cbz	w14, 12ec <conv2d._omp_fn.1+0xaec>
    12e8:	3d804be6 	str	q6, [sp, #288]
    12ec:	34000049 	cbz	w9, 12f4 <conv2d._omp_fn.1+0xaf4>
    12f0:	3d804fed 	str	q13, [sp, #304]
    12f4:	34000048 	cbz	w8, 12fc <conv2d._omp_fn.1+0xafc>
    12f8:	3d8053ec 	str	q12, [sp, #320]
    12fc:	34000040 	cbz	w0, 1304 <conv2d._omp_fn.1+0xb04>
    1300:	3d8057e0 	str	q0, [sp, #336]
    1304:	a9402e4a 	ldp	x10, x11, [x18]
    1308:	a9412648 	ldp	x8, x9, [x18, #16]
    130c:	1100418c 	add	w12, w12, #0x10
    1310:	910040e7 	add	x7, x7, #0x10
    1314:	a9420e42 	ldp	x2, x3, [x18, #32]
    1318:	a9430640 	ldp	x0, x1, [x18, #48]
    131c:	91010084 	add	x4, x4, #0x40
    1320:	a93c2c8a 	stp	x10, x11, [x4, #-64]
    1324:	a93d2488 	stp	x8, x9, [x4, #-48]
    1328:	a93e0c82 	stp	x2, x3, [x4, #-32]
    132c:	4b0c00c2 	sub	w2, w6, w12
    1330:	a93f0480 	stp	x0, x1, [x4, #-16]
    1334:	71003c5f 	cmp	w2, #0xf
    1338:	54ffe28c 	b.gt	f88 <conv2d._omp_fn.1+0x788>
    133c:	2a0c03e3 	mov	w3, w12
    1340:	aa0d03eb 	mov	x11, x13
    1344:	71001c5f 	cmp	w2, #0x7
    1348:	54002f0c 	b.gt	1928 <conv2d._omp_fn.1+0x1128>
    134c:	71000c5f 	cmp	w2, #0x3
    1350:	5400210c 	b.gt	1770 <conv2d._omp_fn.1+0xf70>
    1354:	7100045f 	cmp	w2, #0x1
    1358:	540012cc 	b.gt	15b0 <conv2d._omp_fn.1+0xdb0>
    135c:	6b06007f 	cmp	w3, w6
    1360:	540007cb 	b.lt	1458 <conv2d._omp_fn.1+0xc58>  // b.tstop
    1364:	f9408be1 	ldr	x1, [sp, #272]
    1368:	b940efe0 	ldr	w0, [sp, #236]
    136c:	8b16016b 	add	x11, x11, x22
    1370:	8b0100a5 	add	x5, x5, x1
    1374:	b940f7e1 	ldr	w1, [sp, #244]
    1378:	11000400 	add	w0, w0, #0x1
    137c:	b900efe0 	str	w0, [sp, #236]
    1380:	6b00003f 	cmp	w1, w0
    1384:	54ffac41 	b.ne	90c <conv2d._omp_fn.1+0x10c>  // b.any
    1388:	6d4627e8 	ldp	d8, d9, [sp, #96]
    138c:	6d472fea 	ldp	d10, d11, [sp, #112]
    1390:	6d4837ec 	ldp	d12, d13, [sp, #128]
    1394:	6d493fee 	ldp	d14, d15, [sp, #144]
    1398:	a94363f7 	ldp	x23, x24, [sp, #48]
    139c:	a94573fb 	ldp	x27, x28, [sp, #80]
    13a0:	a94153f3 	ldp	x19, x20, [sp, #16]
    13a4:	a9425bf5 	ldp	x21, x22, [sp, #32]
    13a8:	a9446bf9 	ldp	x25, x26, [sp, #64]
    13ac:	a8da7bfd 	ldp	x29, x30, [sp], #416
    13b0:	d65f03c0 	ret
    13b4:	52800020 	mov	w0, #0x1                   	// #1
    13b8:	2a0003e4 	mov	w4, w0
    13bc:	2a0003e5 	mov	w5, w0
    13c0:	2a0003ed 	mov	w13, w0
    13c4:	2a0003ee 	mov	w14, w0
    13c8:	2a0003ef 	mov	w15, w0
    13cc:	2a0003f0 	mov	w16, w0
    13d0:	2a0003f1 	mov	w17, w0
    13d4:	17fffeb8 	b	eb4 <conv2d._omp_fn.1+0x6b4>
    13d8:	52800020 	mov	w0, #0x1                   	// #1
    13dc:	2a0003e8 	mov	w8, w0
    13e0:	2a0003e9 	mov	w9, w0
    13e4:	2a0003ee 	mov	w14, w0
    13e8:	17ffffb9 	b	12cc <conv2d._omp_fn.1+0xacc>
    13ec:	52800001 	mov	w1, #0x0                   	// #0
    13f0:	17ffff63 	b	117c <conv2d._omp_fn.1+0x97c>
    13f4:	52800001 	mov	w1, #0x0                   	// #0
    13f8:	17fffe2f 	b	cb4 <conv2d._omp_fn.1+0x4b4>
    13fc:	52800001 	mov	w1, #0x0                   	// #0
    1400:	17fffde8 	b	ba0 <conv2d._omp_fn.1+0x3a0>
    1404:	52800001 	mov	w1, #0x0                   	// #0
    1408:	17ffff34 	b	10d8 <conv2d._omp_fn.1+0x8d8>
    140c:	2a0103e0 	mov	w0, w1
    1410:	17ffff85 	b	1224 <conv2d._omp_fn.1+0xa24>
    1414:	2a0103e5 	mov	w5, w1
    1418:	17fffe65 	b	dac <conv2d._omp_fn.1+0x5ac>
    141c:	f94073e0 	ldr	x0, [sp, #224]
    1420:	2a1b03e3 	mov	w3, w27
    1424:	aa1c03e2 	mov	x2, x28
    1428:	2a1a03e4 	mov	w4, w26
    142c:	aa1603e1 	mov	x1, x22
    1430:	f90053e5 	str	x5, [sp, #160]
    1434:	b900b3e6 	str	w6, [sp, #176]
    1438:	f90063eb 	str	x11, [sp, #192]
    143c:	97fffbbd 	bl	330 <conv_sve_prefix>
    1440:	2a0003e3 	mov	w3, w0
    1444:	b940b3e6 	ldr	w6, [sp, #176]
    1448:	f94053e5 	ldr	x5, [sp, #160]
    144c:	f94063eb 	ldr	x11, [sp, #192]
    1450:	4b0000c2 	sub	w2, w6, w0
    1454:	17fffd34 	b	924 <conv2d._omp_fn.1+0x124>
    1458:	937e7c61 	sbfiz	x1, x3, #2, #32
    145c:	93407c62 	sxtw	x2, w3
    1460:	8b0100a7 	add	x7, x5, x1
    1464:	7100037f 	cmp	w27, #0x0
    1468:	54003ced 	b.le	1c04 <conv2d._omp_fn.1+0x1404>
    146c:	f94073e0 	ldr	x0, [sp, #224]
    1470:	8b0b0042 	add	x2, x2, x11
    1474:	aa1c03e3 	mov	x3, x28
    1478:	0f000400 	movi	v0.2s, #0x0
    147c:	8b020a82 	add	x2, x20, x2, lsl #2
    1480:	52800004 	mov	w4, #0x0                   	// #0
    1484:	f9407fe9 	ldr	x9, [sp, #248]
    1488:	8b010001 	add	x1, x0, x1
    148c:	14000009 	b	14b0 <conv2d._omp_fn.1+0xcb0>
    1490:	6b00035f 	cmp	w26, w0
    1494:	5400062c 	b.gt	1558 <conv2d._omp_fn.1+0xd58>
    1498:	11000484 	add	w4, w4, #0x1
    149c:	8b150063 	add	x3, x3, x21
    14a0:	8b090021 	add	x1, x1, x9
    14a4:	8b090042 	add	x2, x2, x9
    14a8:	6b04037f 	cmp	w27, w4
    14ac:	540007e0 	b.eq	15a8 <conv2d._omp_fn.1+0xda8>  // b.none
    14b0:	52800000 	mov	w0, #0x0                   	// #0
    14b4:	7100027f 	cmp	w19, #0x0
    14b8:	54fffecd 	b.le	1490 <conv2d._omp_fn.1+0xc90>
    14bc:	b9410fe0 	ldr	w0, [sp, #268]
    14c0:	7100041f 	cmp	w0, #0x1
    14c4:	540039c9 	b.ls	1bfc <conv2d._omp_fn.1+0x13fc>  // b.plast
    14c8:	d2800000 	mov	x0, #0x0                   	// #0
    14cc:	3ce06861 	ldr	q1, [x3, x0]
    14d0:	3ce06842 	ldr	q2, [x2, x0]
    14d4:	91004000 	add	x0, x0, #0x10
    14d8:	f9408fe8 	ldr	x8, [sp, #280]
    14dc:	6e21dc42 	fmul	v2.4s, v2.4s, v1.4s
    14e0:	5e040441 	mov	s1, v2.s[0]
    14e4:	1e212800 	fadd	s0, s0, s1
    14e8:	5e0c0441 	mov	s1, v2.s[1]
    14ec:	1e202820 	fadd	s0, s1, s0
    14f0:	5e140441 	mov	s1, v2.s[2]
    14f4:	5e1c0442 	mov	s2, v2.s[3]
    14f8:	1e212800 	fadd	s0, s0, s1
    14fc:	1e222800 	fadd	s0, s0, s2
    1500:	eb00011f 	cmp	x8, x0
    1504:	54fffe41 	b.ne	14cc <conv2d._omp_fn.1+0xccc>  // b.any
    1508:	b94103e0 	ldr	w0, [sp, #256]
    150c:	b9410be8 	ldr	w8, [sp, #264]
    1510:	6b08001f 	cmp	w0, w8
    1514:	540001c0 	b.eq	154c <conv2d._omp_fn.1+0xd4c>  // b.none
    1518:	b94107e0 	ldr	w0, [sp, #260]
    151c:	93407c08 	sxtw	x8, w0
    1520:	937e7c00 	sbfiz	x0, x0, #2, #32
    1524:	8b00002a 	add	x10, x1, x0
    1528:	8b000060 	add	x0, x3, x0
    152c:	bd400401 	ldr	s1, [x0, #4]
    1530:	bd400544 	ldr	s4, [x10, #4]
    1534:	bc687862 	ldr	s2, [x3, x8, lsl #2]
    1538:	bc687823 	ldr	s3, [x1, x8, lsl #2]
    153c:	1e240821 	fmul	s1, s1, s4
    1540:	1e230842 	fmul	s2, s2, s3
    1544:	1e202840 	fadd	s0, s2, s0
    1548:	1e202820 	fadd	s0, s1, s0
    154c:	2a1703e0 	mov	w0, w23
    1550:	6b00035f 	cmp	w26, w0
    1554:	54fffa2d 	b.le	1498 <conv2d._omp_fn.1+0xc98>
    1558:	93407c08 	sxtw	x8, w0
    155c:	1100040a 	add	w10, w0, #0x1
    1560:	937e7c00 	sbfiz	x0, x0, #2, #32
    1564:	bc687821 	ldr	s1, [x1, x8, lsl #2]
    1568:	bc687862 	ldr	s2, [x3, x8, lsl #2]
    156c:	1e220821 	fmul	s1, s1, s2
    1570:	1e212800 	fadd	s0, s0, s1
    1574:	6b0a035f 	cmp	w26, w10
    1578:	54fff90d 	b.le	1498 <conv2d._omp_fn.1+0xc98>
    157c:	91001000 	add	x0, x0, #0x4
    1580:	11000484 	add	w4, w4, #0x1
    1584:	8b090042 	add	x2, x2, x9
    1588:	bc606861 	ldr	s1, [x3, x0]
    158c:	bc606822 	ldr	s2, [x1, x0]
    1590:	8b150063 	add	x3, x3, x21
    1594:	8b090021 	add	x1, x1, x9
    1598:	1e220821 	fmul	s1, s1, s2
    159c:	1e212800 	fadd	s0, s0, s1
    15a0:	6b04037f 	cmp	w27, w4
    15a4:	54fff861 	b.ne	14b0 <conv2d._omp_fn.1+0xcb0>  // b.any
    15a8:	bd0000e0 	str	s0, [x7]
    15ac:	17ffff6e 	b	1364 <conv2d._omp_fn.1+0xb64>
    15b0:	93407c64 	sxtw	x4, w3
    15b4:	d2800000 	mov	x0, #0x0                   	// #0
    15b8:	7100037f 	cmp	w27, #0x0
    15bc:	54000cad 	b.le	1750 <conv2d._omp_fn.1+0xf50>
    15c0:	8b0b0087 	add	x7, x4, x11
    15c4:	91001388 	add	x8, x28, #0x4
    15c8:	aa1c03e2 	mov	x2, x28
    15cc:	0f000400 	movi	v0.2s, #0x0
    15d0:	5280000d 	mov	w13, #0x0                   	// #0
    15d4:	52800009 	mov	w9, #0x0                   	// #0
    15d8:	7100027f 	cmp	w19, #0x0
    15dc:	54000c6d 	b.le	1768 <conv2d._omp_fn.1+0xf68>
    15e0:	34000c18 	cbz	w24, 1760 <conv2d._omp_fn.1+0xf60>
    15e4:	8b070a8a 	add	x10, x20, x7, lsl #2
    15e8:	aa0203e1 	mov	x1, x2
    15ec:	52800000 	mov	w0, #0x0                   	// #0
    15f0:	0d40c827 	ld1r	{v7.2s}, [x1]
    15f4:	fd400141 	ldr	d1, [x10]
    15f8:	1100180c 	add	w12, w0, #0x6
    15fc:	9100414a 	add	x10, x10, #0x10
    1600:	2d408c24 	ldp	s4, s3, [x1, #4]
    1604:	fc5f4148 	ldur	d8, [x10, #-12]
    1608:	11001000 	add	w0, w0, #0x4
    160c:	91004021 	add	x1, x1, #0x10
    1610:	fc5f8146 	ldur	d6, [x10, #-8]
    1614:	bc5fc022 	ldur	s2, [x1, #-4]
    1618:	fc5fc145 	ldur	d5, [x10, #-4]
    161c:	2e27dc21 	fmul	v1.2s, v1.2s, v7.2s
    1620:	0f849104 	fmul	v4.2s, v8.2s, v4.s[0]
    1624:	0f8390c3 	fmul	v3.2s, v6.2s, v3.s[0]
    1628:	0f8290a2 	fmul	v2.2s, v5.2s, v2.s[0]
    162c:	0e20d420 	fadd	v0.2s, v1.2s, v0.2s
    1630:	0e24d400 	fadd	v0.2s, v0.2s, v4.2s
    1634:	0e23d400 	fadd	v0.2s, v0.2s, v3.2s
    1638:	0e22d400 	fadd	v0.2s, v0.2s, v2.2s
    163c:	6b0c033f 	cmp	w25, w12
    1640:	54fffd8c 	b.gt	15f0 <conv2d._omp_fn.1+0xdf0>
    1644:	93407c00 	sxtw	x0, w0
    1648:	8b0000e1 	add	x1, x7, x0
    164c:	8b010a81 	add	x1, x20, x1, lsl #2
    1650:	bc607841 	ldr	s1, [x2, x0, lsl #2]
    1654:	fd400024 	ldr	d4, [x1]
    1658:	91002021 	add	x1, x1, #0x8
    165c:	fc5fc023 	ldur	d3, [x1, #-4]
    1660:	bc607902 	ldr	s2, [x8, x0, lsl #2]
    1664:	91000800 	add	x0, x0, #0x2
    1668:	0f819081 	fmul	v1.2s, v4.2s, v1.s[0]
    166c:	0f829062 	fmul	v2.2s, v3.2s, v2.s[0]
    1670:	0e20d420 	fadd	v0.2s, v1.2s, v0.2s
    1674:	0e22d400 	fadd	v0.2s, v0.2s, v2.2s
    1678:	6b00027f 	cmp	w19, w0
    167c:	54fffeac 	b.gt	1650 <conv2d._omp_fn.1+0xe50>
    1680:	2a1703e1 	mov	w1, w23
    1684:	5280002d 	mov	w13, #0x1                   	// #1
    1688:	6b01035f 	cmp	w26, w1
    168c:	5400050d 	b.le	172c <conv2d._omp_fn.1+0xf2c>
    1690:	11000420 	add	w0, w1, #0x1
    1694:	6b00027f 	cmp	w19, w0
    1698:	540029cd 	b.le	1bd0 <conv2d._omp_fn.1+0x13d0>
    169c:	93407c20 	sxtw	x0, w1
    16a0:	8b21c84c 	add	x12, x2, w1, sxtw #2
    16a4:	bd400582 	ldr	s2, [x12, #4]
    16a8:	11000c2d 	add	w13, w1, #0x3
    16ac:	8b07000a 	add	x10, x0, x7
    16b0:	bc607841 	ldr	s1, [x2, x0, lsl #2]
    16b4:	11000820 	add	w0, w1, #0x2
    16b8:	d37ef54a 	lsl	x10, x10, #2
    16bc:	fc6a6a84 	ldr	d4, [x20, x10]
    16c0:	8b0a028a 	add	x10, x20, x10
    16c4:	fc404143 	ldur	d3, [x10, #4]
    16c8:	0f819081 	fmul	v1.2s, v4.2s, v1.s[0]
    16cc:	0f829062 	fmul	v2.2s, v3.2s, v2.s[0]
    16d0:	0e20d420 	fadd	v0.2s, v1.2s, v0.2s
    16d4:	0e22d400 	fadd	v0.2s, v0.2s, v2.2s
    16d8:	6b0d027f 	cmp	w19, w13
    16dc:	54002dec 	b.gt	1c98 <conv2d._omp_fn.1+0x1498>
    16e0:	93407c0c 	sxtw	x12, w0
    16e4:	11000401 	add	w1, w0, #0x1
    16e8:	5280002d 	mov	w13, #0x1                   	// #1
    16ec:	937e7c00 	sbfiz	x0, x0, #2, #32
    16f0:	8b07018a 	add	x10, x12, x7
    16f4:	bc6c7841 	ldr	s1, [x2, x12, lsl #2]
    16f8:	d37ef54a 	lsl	x10, x10, #2
    16fc:	fc6a6a82 	ldr	d2, [x20, x10]
    1700:	0f819041 	fmul	v1.2s, v2.2s, v1.s[0]
    1704:	0e21d400 	fadd	v0.2s, v0.2s, v1.2s
    1708:	6b01035f 	cmp	w26, w1
    170c:	5400010d 	b.le	172c <conv2d._omp_fn.1+0xf2c>
    1710:	8b000040 	add	x0, x2, x0
    1714:	8b21c0e1 	add	x1, x7, w1, sxtw
    1718:	d37ef421 	lsl	x1, x1, #2
    171c:	fc616a82 	ldr	d2, [x20, x1]
    1720:	bd400401 	ldr	s1, [x0, #4]
    1724:	0f819041 	fmul	v1.2s, v2.2s, v1.s[0]
    1728:	0e21d400 	fadd	v0.2s, v0.2s, v1.2s
    172c:	11000529 	add	w9, w9, #0x1
    1730:	8b150042 	add	x2, x2, x21
    1734:	8b1600e7 	add	x7, x7, x22
    1738:	8b150108 	add	x8, x8, x21
    173c:	6b09037f 	cmp	w27, w9
    1740:	54fff4c1 	b.ne	15d8 <conv2d._omp_fn.1+0xdd8>  // b.any
    1744:	710001bf 	cmp	w13, #0x0
    1748:	9e660000 	fmov	x0, d0
    174c:	9a8003e0 	csel	x0, xzr, x0, eq  // eq = none
    1750:	d37ef484 	lsl	x4, x4, #2
    1754:	11000863 	add	w3, w3, #0x2
    1758:	f82468a0 	str	x0, [x5, x4]
    175c:	17ffff00 	b	135c <conv2d._omp_fn.1+0xb5c>
    1760:	52800000 	mov	w0, #0x0                   	// #0
    1764:	17ffffb8 	b	1644 <conv2d._omp_fn.1+0xe44>
    1768:	52800001 	mov	w1, #0x0                   	// #0
    176c:	17ffffc7 	b	1688 <conv2d._omp_fn.1+0xe88>
    1770:	93407c64 	sxtw	x4, w3
    1774:	d2800000 	mov	x0, #0x0                   	// #0
    1778:	d2800001 	mov	x1, #0x0                   	// #0
    177c:	7100037f 	cmp	w27, #0x0
    1780:	54000cad 	b.le	1914 <conv2d._omp_fn.1+0x1114>
    1784:	8b0b0089 	add	x9, x4, x11
    1788:	9100138a 	add	x10, x28, #0x4
    178c:	aa1c03e8 	mov	x8, x28
    1790:	4f000400 	movi	v0.4s, #0x0
    1794:	5280000e 	mov	w14, #0x0                   	// #0
    1798:	5280000d 	mov	w13, #0x0                   	// #0
    179c:	7100027f 	cmp	w19, #0x0
    17a0:	5400206d 	b.le	1bac <conv2d._omp_fn.1+0x13ac>
    17a4:	340021b8 	cbz	w24, 1bd8 <conv2d._omp_fn.1+0x13d8>
    17a8:	8b090a8c 	add	x12, x20, x9, lsl #2
    17ac:	aa0803e7 	mov	x7, x8
    17b0:	52800002 	mov	w2, #0x0                   	// #0
    17b4:	4d40c8e7 	ld1r	{v7.4s}, [x7]
    17b8:	3dc00181 	ldr	q1, [x12]
    17bc:	1100184e 	add	w14, w2, #0x6
    17c0:	9100418c 	add	x12, x12, #0x10
    17c4:	2d408ce4 	ldp	s4, s3, [x7, #4]
    17c8:	3cdf4188 	ldur	q8, [x12, #-12]
    17cc:	11001042 	add	w2, w2, #0x4
    17d0:	910040e7 	add	x7, x7, #0x10
    17d4:	3cdf8186 	ldur	q6, [x12, #-8]
    17d8:	bc5fc0e2 	ldur	s2, [x7, #-4]
    17dc:	3cdfc185 	ldur	q5, [x12, #-4]
    17e0:	6e27dc21 	fmul	v1.4s, v1.4s, v7.4s
    17e4:	4f849104 	fmul	v4.4s, v8.4s, v4.s[0]
    17e8:	4f8390c3 	fmul	v3.4s, v6.4s, v3.s[0]
    17ec:	4f8290a2 	fmul	v2.4s, v5.4s, v2.s[0]
    17f0:	4e20d420 	fadd	v0.4s, v1.4s, v0.4s
    17f4:	4e24d400 	fadd	v0.4s, v0.4s, v4.4s
    17f8:	4e23d400 	fadd	v0.4s, v0.4s, v3.4s
    17fc:	4e22d400 	fadd	v0.4s, v0.4s, v2.4s
    1800:	6b0e033f 	cmp	w25, w14
    1804:	54fffd8c 	b.gt	17b4 <conv2d._omp_fn.1+0xfb4>
    1808:	93407c42 	sxtw	x2, w2
    180c:	8b090047 	add	x7, x2, x9
    1810:	8b070a87 	add	x7, x20, x7, lsl #2
    1814:	bc627901 	ldr	s1, [x8, x2, lsl #2]
    1818:	3dc000e4 	ldr	q4, [x7]
    181c:	910020e7 	add	x7, x7, #0x8
    1820:	3cdfc0e3 	ldur	q3, [x7, #-4]
    1824:	bc627942 	ldr	s2, [x10, x2, lsl #2]
    1828:	91000842 	add	x2, x2, #0x2
    182c:	4f819081 	fmul	v1.4s, v4.4s, v1.s[0]
    1830:	4f829062 	fmul	v2.4s, v3.4s, v2.s[0]
    1834:	4e20d420 	fadd	v0.4s, v1.4s, v0.4s
    1838:	4e22d400 	fadd	v0.4s, v0.4s, v2.4s
    183c:	6b02027f 	cmp	w19, w2
    1840:	54fffeac 	b.gt	1814 <conv2d._omp_fn.1+0x1014>
    1844:	2a1703e7 	mov	w7, w23
    1848:	5280002e 	mov	w14, #0x1                   	// #1
    184c:	6b07035f 	cmp	w26, w7
    1850:	5400050d 	b.le	18f0 <conv2d._omp_fn.1+0x10f0>
    1854:	110004e2 	add	w2, w7, #0x1
    1858:	6b02027f 	cmp	w19, w2
    185c:	54001ccd 	b.le	1bf4 <conv2d._omp_fn.1+0x13f4>
    1860:	93407ce2 	sxtw	x2, w7
    1864:	8b27c90e 	add	x14, x8, w7, sxtw #2
    1868:	bd4005c2 	ldr	s2, [x14, #4]
    186c:	11000cef 	add	w15, w7, #0x3
    1870:	8b09004c 	add	x12, x2, x9
    1874:	bc627901 	ldr	s1, [x8, x2, lsl #2]
    1878:	110008e2 	add	w2, w7, #0x2
    187c:	d37ef58c 	lsl	x12, x12, #2
    1880:	3cec6a84 	ldr	q4, [x20, x12]
    1884:	8b0c028c 	add	x12, x20, x12
    1888:	3cc04183 	ldur	q3, [x12, #4]
    188c:	4f819081 	fmul	v1.4s, v4.4s, v1.s[0]
    1890:	4f829062 	fmul	v2.4s, v3.4s, v2.s[0]
    1894:	4e20d420 	fadd	v0.4s, v1.4s, v0.4s
    1898:	4e22d400 	fadd	v0.4s, v0.4s, v2.4s
    189c:	6b0f027f 	cmp	w19, w15
    18a0:	54001e4c 	b.gt	1c68 <conv2d._omp_fn.1+0x1468>
    18a4:	93407c4f 	sxtw	x15, w2
    18a8:	11000447 	add	w7, w2, #0x1
    18ac:	5280002e 	mov	w14, #0x1                   	// #1
    18b0:	937e7c42 	sbfiz	x2, x2, #2, #32
    18b4:	8b0901ec 	add	x12, x15, x9
    18b8:	bc6f7901 	ldr	s1, [x8, x15, lsl #2]
    18bc:	d37ef58c 	lsl	x12, x12, #2
    18c0:	3cec6a82 	ldr	q2, [x20, x12]
    18c4:	4f819041 	fmul	v1.4s, v2.4s, v1.s[0]
    18c8:	4e21d400 	fadd	v0.4s, v0.4s, v1.4s
    18cc:	6b07035f 	cmp	w26, w7
    18d0:	5400010d 	b.le	18f0 <conv2d._omp_fn.1+0x10f0>
    18d4:	8b020102 	add	x2, x8, x2
    18d8:	8b27c127 	add	x7, x9, w7, sxtw
    18dc:	d37ef4e7 	lsl	x7, x7, #2
    18e0:	3ce76a82 	ldr	q2, [x20, x7]
    18e4:	bd400441 	ldr	s1, [x2, #4]
    18e8:	4f819041 	fmul	v1.4s, v2.4s, v1.s[0]
    18ec:	4e21d400 	fadd	v0.4s, v0.4s, v1.4s
    18f0:	110005ad 	add	w13, w13, #0x1
    18f4:	8b150108 	add	x8, x8, x21
    18f8:	8b160129 	add	x9, x9, x22
    18fc:	8b15014a 	add	x10, x10, x21
    1900:	6b0d037f 	cmp	w27, w13
    1904:	54fff4c1 	b.ne	179c <conv2d._omp_fn.1+0xf9c>  // b.any
    1908:	3400006e 	cbz	w14, 1914 <conv2d._omp_fn.1+0x1114>
    190c:	9e660000 	fmov	x0, d0
    1910:	9eae0001 	fmov	x1, v0.d[1]
    1914:	8b0408a4 	add	x4, x5, x4, lsl #2
    1918:	11001063 	add	w3, w3, #0x4
    191c:	4b0300c2 	sub	w2, w6, w3
    1920:	a9000480 	stp	x0, x1, [x4]
    1924:	17fffe8c 	b	1354 <conv2d._omp_fn.1+0xb54>
    1928:	a9127fff 	stp	xzr, xzr, [sp, #288]
    192c:	a9137fff 	stp	xzr, xzr, [sp, #304]
    1930:	93407c64 	sxtw	x4, w3
    1934:	7100037f 	cmp	w27, #0x0
    1938:	540012ad 	b.le	1b8c <conv2d._omp_fn.1+0x138c>
    193c:	4f000400 	movi	v0.4s, #0x0
    1940:	8b0b0087 	add	x7, x4, x11
    1944:	91001388 	add	x8, x28, #0x4
    1948:	aa1c03e2 	mov	x2, x28
    194c:	4ea01c02 	mov	v2.16b, v0.16b
    1950:	52800000 	mov	w0, #0x0                   	// #0
    1954:	5280000a 	mov	w10, #0x0                   	// #0
    1958:	52800009 	mov	w9, #0x0                   	// #0
    195c:	7100027f 	cmp	w19, #0x0
    1960:	540012ad 	b.le	1bb4 <conv2d._omp_fn.1+0x13b4>
    1964:	34001338 	cbz	w24, 1bc8 <conv2d._omp_fn.1+0x13c8>
    1968:	8b070a81 	add	x1, x20, x7, lsl #2
    196c:	aa0203ea 	mov	x10, x2
    1970:	52800000 	mov	w0, #0x0                   	// #0
    1974:	4d40c94d 	ld1r	{v13.4s}, [x10]
    1978:	3dc00023 	ldr	q3, [x1]
    197c:	1100180c 	add	w12, w0, #0x6
    1980:	91004021 	add	x1, x1, #0x10
    1984:	3dc00021 	ldr	q1, [x1]
    1988:	2d409546 	ldp	s6, s5, [x10, #4]
    198c:	11001000 	add	w0, w0, #0x4
    1990:	9100414a 	add	x10, x10, #0x10
    1994:	3cdf402c 	ldur	q12, [x1, #-12]
    1998:	3cc0402b 	ldur	q11, [x1, #4]
    199c:	3cdf802a 	ldur	q10, [x1, #-8]
    19a0:	3cc08029 	ldur	q9, [x1, #8]
    19a4:	bc5fc144 	ldur	s4, [x10, #-4]
    19a8:	3cdfc028 	ldur	q8, [x1, #-4]
    19ac:	3cc0c027 	ldur	q7, [x1, #12]
    19b0:	6e2ddc63 	fmul	v3.4s, v3.4s, v13.4s
    19b4:	6e2ddc21 	fmul	v1.4s, v1.4s, v13.4s
    19b8:	4e0404c6 	dup	v6.4s, v6.s[0]
    19bc:	6e26dd8c 	fmul	v12.4s, v12.4s, v6.4s
    19c0:	6e26dd6b 	fmul	v11.4s, v11.4s, v6.4s
    19c4:	4e0404a5 	dup	v5.4s, v5.s[0]
    19c8:	6e25dd46 	fmul	v6.4s, v10.4s, v5.4s
    19cc:	4e22d462 	fadd	v2.4s, v3.4s, v2.4s
    19d0:	4e20d420 	fadd	v0.4s, v1.4s, v0.4s
    19d4:	6e25dd25 	fmul	v5.4s, v9.4s, v5.4s
    19d8:	4e040481 	dup	v1.4s, v4.s[0]
    19dc:	4e2cd442 	fadd	v2.4s, v2.4s, v12.4s
    19e0:	6e21dd03 	fmul	v3.4s, v8.4s, v1.4s
    19e4:	4e2bd400 	fadd	v0.4s, v0.4s, v11.4s
    19e8:	6e21dce1 	fmul	v1.4s, v7.4s, v1.4s
    19ec:	4e26d442 	fadd	v2.4s, v2.4s, v6.4s
    19f0:	4e25d400 	fadd	v0.4s, v0.4s, v5.4s
    19f4:	4e23d442 	fadd	v2.4s, v2.4s, v3.4s
    19f8:	4e21d400 	fadd	v0.4s, v0.4s, v1.4s
    19fc:	6b0c033f 	cmp	w25, w12
    1a00:	54fffbac 	b.gt	1974 <conv2d._omp_fn.1+0x1174>
    1a04:	93407c00 	sxtw	x0, w0
    1a08:	8b0000e1 	add	x1, x7, x0
    1a0c:	8b010a81 	add	x1, x20, x1, lsl #2
    1a10:	bc607845 	ldr	s5, [x2, x0, lsl #2]
    1a14:	3dc00023 	ldr	q3, [x1]
    1a18:	91002021 	add	x1, x1, #0x8
    1a1c:	3cc08021 	ldur	q1, [x1, #8]
    1a20:	bc607904 	ldr	s4, [x8, x0, lsl #2]
    1a24:	91000800 	add	x0, x0, #0x2
    1a28:	3cdfc027 	ldur	q7, [x1, #-4]
    1a2c:	3cc0c026 	ldur	q6, [x1, #12]
    1a30:	4e0404a5 	dup	v5.4s, v5.s[0]
    1a34:	6e25dc63 	fmul	v3.4s, v3.4s, v5.4s
    1a38:	6e25dc21 	fmul	v1.4s, v1.4s, v5.4s
    1a3c:	4e040484 	dup	v4.4s, v4.s[0]
    1a40:	6e24dce5 	fmul	v5.4s, v7.4s, v4.4s
    1a44:	6e24dcc4 	fmul	v4.4s, v6.4s, v4.4s
    1a48:	4e22d462 	fadd	v2.4s, v3.4s, v2.4s
    1a4c:	4e20d420 	fadd	v0.4s, v1.4s, v0.4s
    1a50:	4e25d442 	fadd	v2.4s, v2.4s, v5.4s
    1a54:	4e24d400 	fadd	v0.4s, v0.4s, v4.4s
    1a58:	6b00027f 	cmp	w19, w0
    1a5c:	54fffdac 	b.gt	1a10 <conv2d._omp_fn.1+0x1210>
    1a60:	52800020 	mov	w0, #0x1                   	// #1
    1a64:	2a1703e1 	mov	w1, w23
    1a68:	2a0003ea 	mov	w10, w0
    1a6c:	6b01035f 	cmp	w26, w1
    1a70:	540007ad 	b.le	1b64 <conv2d._omp_fn.1+0x1364>
    1a74:	11000420 	add	w0, w1, #0x1
    1a78:	6b00027f 	cmp	w19, w0
    1a7c:	54000b8d 	b.le	1bec <conv2d._omp_fn.1+0x13ec>
    1a80:	93407c2a 	sxtw	x10, w1
    1a84:	8b21c84c 	add	x12, x2, w1, sxtw #2
    1a88:	bd400584 	ldr	s4, [x12, #4]
    1a8c:	11000c2d 	add	w13, w1, #0x3
    1a90:	8b070140 	add	x0, x10, x7
    1a94:	bc6a7845 	ldr	s5, [x2, x10, lsl #2]
    1a98:	d37ef400 	lsl	x0, x0, #2
    1a9c:	8b00028e 	add	x14, x20, x0
    1aa0:	9100100a 	add	x10, x0, #0x4
    1aa4:	3ce06a83 	ldr	q3, [x20, x0]
    1aa8:	3dc005c1 	ldr	q1, [x14, #16]
    1aac:	8b0a028e 	add	x14, x20, x10
    1ab0:	3cea6a87 	ldr	q7, [x20, x10]
    1ab4:	11000820 	add	w0, w1, #0x2
    1ab8:	3dc005c6 	ldr	q6, [x14, #16]
    1abc:	4e040484 	dup	v4.4s, v4.s[0]
    1ac0:	4e0404a5 	dup	v5.4s, v5.s[0]
    1ac4:	6e25dc63 	fmul	v3.4s, v3.4s, v5.4s
    1ac8:	6e25dc21 	fmul	v1.4s, v1.4s, v5.4s
    1acc:	6e24dce5 	fmul	v5.4s, v7.4s, v4.4s
    1ad0:	6e24dcc4 	fmul	v4.4s, v6.4s, v4.4s
    1ad4:	4e22d462 	fadd	v2.4s, v3.4s, v2.4s
    1ad8:	4e20d420 	fadd	v0.4s, v1.4s, v0.4s
    1adc:	4e25d442 	fadd	v2.4s, v2.4s, v5.4s
    1ae0:	4e24d400 	fadd	v0.4s, v0.4s, v4.4s
    1ae4:	6b0d027f 	cmp	w19, w13
    1ae8:	5400094c 	b.gt	1c10 <conv2d._omp_fn.1+0x1410>
    1aec:	93407c0c 	sxtw	x12, w0
    1af0:	11000401 	add	w1, w0, #0x1
    1af4:	937e7c00 	sbfiz	x0, x0, #2, #32
    1af8:	8b07018a 	add	x10, x12, x7
    1afc:	bc6c7841 	ldr	s1, [x2, x12, lsl #2]
    1b00:	d37ef54a 	lsl	x10, x10, #2
    1b04:	8b0a028c 	add	x12, x20, x10
    1b08:	3cea6a84 	ldr	q4, [x20, x10]
    1b0c:	3dc00583 	ldr	q3, [x12, #16]
    1b10:	4e040421 	dup	v1.4s, v1.s[0]
    1b14:	6e21dc84 	fmul	v4.4s, v4.4s, v1.4s
    1b18:	6e21dc61 	fmul	v1.4s, v3.4s, v1.4s
    1b1c:	4e24d442 	fadd	v2.4s, v2.4s, v4.4s
    1b20:	4e21d400 	fadd	v0.4s, v0.4s, v1.4s
    1b24:	6b01035f 	cmp	w26, w1
    1b28:	540004ad 	b.le	1bbc <conv2d._omp_fn.1+0x13bc>
    1b2c:	8b000040 	add	x0, x2, x0
    1b30:	8b21c0e1 	add	x1, x7, w1, sxtw
    1b34:	d37ef421 	lsl	x1, x1, #2
    1b38:	8b01028a 	add	x10, x20, x1
    1b3c:	bd400401 	ldr	s1, [x0, #4]
    1b40:	3ce16a83 	ldr	q3, [x20, x1]
    1b44:	52800020 	mov	w0, #0x1                   	// #1
    1b48:	3dc00544 	ldr	q4, [x10, #16]
    1b4c:	2a0003ea 	mov	w10, w0
    1b50:	4e040421 	dup	v1.4s, v1.s[0]
    1b54:	6e21dc84 	fmul	v4.4s, v4.4s, v1.4s
    1b58:	6e21dc61 	fmul	v1.4s, v3.4s, v1.4s
    1b5c:	4e24d400 	fadd	v0.4s, v0.4s, v4.4s
    1b60:	4e21d442 	fadd	v2.4s, v2.4s, v1.4s
    1b64:	11000529 	add	w9, w9, #0x1
    1b68:	8b150042 	add	x2, x2, x21
    1b6c:	8b1600e7 	add	x7, x7, x22
    1b70:	8b150108 	add	x8, x8, x21
    1b74:	6b09037f 	cmp	w27, w9
    1b78:	54ffef21 	b.ne	195c <conv2d._omp_fn.1+0x115c>  // b.any
    1b7c:	3400004a 	cbz	w10, 1b84 <conv2d._omp_fn.1+0x1384>
    1b80:	3d804be2 	str	q2, [sp, #288]
    1b84:	34000040 	cbz	w0, 1b8c <conv2d._omp_fn.1+0x138c>
    1b88:	3d804fe0 	str	q0, [sp, #304]
    1b8c:	a95207e0 	ldp	x0, x1, [sp, #288]
    1b90:	a95327e8 	ldp	x8, x9, [sp, #304]
    1b94:	8b0408a4 	add	x4, x5, x4, lsl #2
    1b98:	11002063 	add	w3, w3, #0x8
    1b9c:	4b0300c2 	sub	w2, w6, w3
    1ba0:	a9000480 	stp	x0, x1, [x4]
    1ba4:	a9012488 	stp	x8, x9, [x4, #16]
    1ba8:	17fffde9 	b	134c <conv2d._omp_fn.1+0xb4c>
    1bac:	52800007 	mov	w7, #0x0                   	// #0
    1bb0:	17ffff27 	b	184c <conv2d._omp_fn.1+0x104c>
    1bb4:	52800001 	mov	w1, #0x0                   	// #0
    1bb8:	17ffffad 	b	1a6c <conv2d._omp_fn.1+0x126c>
    1bbc:	52800020 	mov	w0, #0x1                   	// #1
    1bc0:	2a0003ea 	mov	w10, w0
    1bc4:	17ffffe8 	b	1b64 <conv2d._omp_fn.1+0x1364>
    1bc8:	52800000 	mov	w0, #0x0                   	// #0
    1bcc:	17ffff8e 	b	1a04 <conv2d._omp_fn.1+0x1204>
    1bd0:	2a0103e0 	mov	w0, w1
    1bd4:	17fffec3 	b	16e0 <conv2d._omp_fn.1+0xee0>
    1bd8:	52800002 	mov	w2, #0x0                   	// #0
    1bdc:	17ffff0b 	b	1808 <conv2d._omp_fn.1+0x1008>
    1be0:	11000442 	add	w2, w2, #0x1
    1be4:	52800001 	mov	w1, #0x0                   	// #0
    1be8:	17fffb14 	b	838 <conv2d._omp_fn.1+0x38>
    1bec:	2a0103e0 	mov	w0, w1
    1bf0:	17ffffbf 	b	1aec <conv2d._omp_fn.1+0x12ec>
    1bf4:	2a0703e2 	mov	w2, w7
    1bf8:	17ffff2b 	b	18a4 <conv2d._omp_fn.1+0x10a4>
    1bfc:	52800000 	mov	w0, #0x0                   	// #0
    1c00:	17fffe47 	b	151c <conv2d._omp_fn.1+0xd1c>
    1c04:	0f000400 	movi	v0.2s, #0x0
    1c08:	bd0000e0 	str	s0, [x7]
    1c0c:	17fffdd6 	b	1364 <conv2d._omp_fn.1+0xb64>
    1c10:	8b20c0e0 	add	x0, x7, w0, sxtw
    1c14:	8b000a8d 	add	x13, x20, x0, lsl #2
    1c18:	2d411185 	ldp	s5, s4, [x12, #8]
    1c1c:	d37ef400 	lsl	x0, x0, #2
    1c20:	9100100a 	add	x10, x0, #0x4
    1c24:	3ce06a83 	ldr	q3, [x20, x0]
    1c28:	11001020 	add	w0, w1, #0x4
    1c2c:	3dc005a1 	ldr	q1, [x13, #16]
    1c30:	8b0a0281 	add	x1, x20, x10
    1c34:	3cea6a87 	ldr	q7, [x20, x10]
    1c38:	3dc00426 	ldr	q6, [x1, #16]
    1c3c:	4e0404a5 	dup	v5.4s, v5.s[0]
    1c40:	6e25dc63 	fmul	v3.4s, v3.4s, v5.4s
    1c44:	6e25dc21 	fmul	v1.4s, v1.4s, v5.4s
    1c48:	4e040484 	dup	v4.4s, v4.s[0]
    1c4c:	6e24dcc5 	fmul	v5.4s, v6.4s, v4.4s
    1c50:	6e24dce4 	fmul	v4.4s, v7.4s, v4.4s
    1c54:	4e22d462 	fadd	v2.4s, v3.4s, v2.4s
    1c58:	4e20d420 	fadd	v0.4s, v1.4s, v0.4s
    1c5c:	4e22d482 	fadd	v2.4s, v4.4s, v2.4s
    1c60:	4e20d4a0 	fadd	v0.4s, v5.4s, v0.4s
    1c64:	17ffffa2 	b	1aec <conv2d._omp_fn.1+0x12ec>
    1c68:	2d4109c1 	ldp	s1, s2, [x14, #8]
    1c6c:	8b22c122 	add	x2, x9, w2, sxtw
    1c70:	d37ef442 	lsl	x2, x2, #2
    1c74:	3ce26a84 	ldr	q4, [x20, x2]
    1c78:	8b02028c 	add	x12, x20, x2
    1c7c:	110010e2 	add	w2, w7, #0x4
    1c80:	3cc04183 	ldur	q3, [x12, #4]
    1c84:	4f819081 	fmul	v1.4s, v4.4s, v1.s[0]
    1c88:	4f829062 	fmul	v2.4s, v3.4s, v2.s[0]
    1c8c:	4e20d420 	fadd	v0.4s, v1.4s, v0.4s
    1c90:	4e20d440 	fadd	v0.4s, v2.4s, v0.4s
    1c94:	17ffff04 	b	18a4 <conv2d._omp_fn.1+0x10a4>
    1c98:	2d410981 	ldp	s1, s2, [x12, #8]
    1c9c:	8b20c0e0 	add	x0, x7, w0, sxtw
    1ca0:	d37ef400 	lsl	x0, x0, #2
    1ca4:	fc606a84 	ldr	d4, [x20, x0]
    1ca8:	8b00028a 	add	x10, x20, x0
    1cac:	11001020 	add	w0, w1, #0x4
    1cb0:	fc404143 	ldur	d3, [x10, #4]
    1cb4:	0f819081 	fmul	v1.2s, v4.2s, v1.s[0]
    1cb8:	0f829062 	fmul	v2.2s, v3.2s, v2.s[0]
    1cbc:	0e20d420 	fadd	v0.2s, v1.2s, v0.2s
    1cc0:	0e20d440 	fadd	v0.2s, v2.2s, v0.2s
    1cc4:	17fffe87 	b	16e0 <conv2d._omp_fn.1+0xee0>
    1cc8:	8b20c140 	add	x0, x10, w0, sxtw
    1ccc:	8b000a88 	add	x8, x20, x0, lsl #2
    1cd0:	2d4105c2 	ldp	s2, s1, [x14, #8]
    1cd4:	d37ef400 	lsl	x0, x0, #2
    1cd8:	91001009 	add	x9, x0, #0x4
    1cdc:	3ce06a84 	ldr	q4, [x20, x0]
    1ce0:	11001020 	add	w0, w1, #0x4
    1ce4:	3dc00d03 	ldr	q3, [x8, #48]
    1ce8:	8b090281 	add	x1, x20, x9
    1cec:	3ce96a88 	ldr	q8, [x20, x9]
    1cf0:	ad409507 	ldp	q7, q5, [x8, #16]
    1cf4:	3dc00c29 	ldr	q9, [x1, #48]
    1cf8:	ad40a82b 	ldp	q11, q10, [x1, #16]
    1cfc:	4e040442 	dup	v2.4s, v2.s[0]
    1d00:	6e22dc84 	fmul	v4.4s, v4.4s, v2.4s
    1d04:	6e22dce7 	fmul	v7.4s, v7.4s, v2.4s
    1d08:	4e040421 	dup	v1.4s, v1.s[0]
    1d0c:	6e22dca5 	fmul	v5.4s, v5.4s, v2.4s
    1d10:	6e22dc62 	fmul	v2.4s, v3.4s, v2.4s
    1d14:	6e21dd6b 	fmul	v11.4s, v11.4s, v1.4s
    1d18:	6e21dd4a 	fmul	v10.4s, v10.4s, v1.4s
    1d1c:	6e21dd29 	fmul	v9.4s, v9.4s, v1.4s
    1d20:	6e21dd08 	fmul	v8.4s, v8.4s, v1.4s
    1d24:	4e2dd4e3 	fadd	v3.4s, v7.4s, v13.4s
    1d28:	4e2cd4a1 	fadd	v1.4s, v5.4s, v12.4s
    1d2c:	4e26d486 	fadd	v6.4s, v4.4s, v6.4s
    1d30:	4e20d440 	fadd	v0.4s, v2.4s, v0.4s
    1d34:	4e23d56d 	fadd	v13.4s, v11.4s, v3.4s
    1d38:	4e21d54c 	fadd	v12.4s, v10.4s, v1.4s
    1d3c:	4e20d520 	fadd	v0.4s, v9.4s, v0.4s
    1d40:	4e26d506 	fadd	v6.4s, v8.4s, v6.4s
    1d44:	17fffd38 	b	1224 <conv2d._omp_fn.1+0xa24>
    1d48:	8b25c100 	add	x0, x8, w5, sxtw
    1d4c:	8b000a84 	add	x4, x20, x0, lsl #2
    1d50:	2d4101c1 	ldp	s1, s0, [x14, #8]
    1d54:	d37ef400 	lsl	x0, x0, #2
    1d58:	9100100d 	add	x13, x0, #0x4
    1d5c:	3ce06a95 	ldr	q21, [x20, x0]
    1d60:	11001025 	add	w5, w1, #0x4
    1d64:	3dc01c84 	ldr	q4, [x4, #112]
    1d68:	8b0d0280 	add	x0, x20, x13
    1d6c:	3ced6a83 	ldr	q3, [x20, x13]
    1d70:	ad40b882 	ldp	q2, q14, [x4, #16]
    1d74:	3dc01c05 	ldr	q5, [x0, #112]
    1d78:	ad41b08d 	ldp	q13, q12, [x4, #48]
    1d7c:	ad429888 	ldp	q8, q6, [x4, #80]
    1d80:	ad40cc14 	ldp	q20, q19, [x0, #16]
    1d84:	ad41c012 	ldp	q18, q16, [x0, #48]
    1d88:	ad429c0f 	ldp	q15, q7, [x0, #80]
    1d8c:	4e040421 	dup	v1.4s, v1.s[0]
    1d90:	6e21dc42 	fmul	v2.4s, v2.4s, v1.4s
    1d94:	6e21ddce 	fmul	v14.4s, v14.4s, v1.4s
    1d98:	6e21ddad 	fmul	v13.4s, v13.4s, v1.4s
    1d9c:	6e21dd8c 	fmul	v12.4s, v12.4s, v1.4s
    1da0:	6e21dd08 	fmul	v8.4s, v8.4s, v1.4s
    1da4:	6e21dcc6 	fmul	v6.4s, v6.4s, v1.4s
    1da8:	6e21dc84 	fmul	v4.4s, v4.4s, v1.4s
    1dac:	6e21deb5 	fmul	v21.4s, v21.4s, v1.4s
    1db0:	4e040400 	dup	v0.4s, v0.s[0]
    1db4:	4e3bd442 	fadd	v2.4s, v2.4s, v27.4s
    1db8:	6e20de94 	fmul	v20.4s, v20.4s, v0.4s
    1dbc:	6e20de73 	fmul	v19.4s, v19.4s, v0.4s
    1dc0:	6e20de52 	fmul	v18.4s, v18.4s, v0.4s
    1dc4:	6e20de10 	fmul	v16.4s, v16.4s, v0.4s
    1dc8:	6e20ddef 	fmul	v15.4s, v15.4s, v0.4s
    1dcc:	6e20dce7 	fmul	v7.4s, v7.4s, v0.4s
    1dd0:	6e20dca5 	fmul	v5.4s, v5.4s, v0.4s
    1dd4:	6e20dc60 	fmul	v0.4s, v3.4s, v0.4s
    1dd8:	4e3cd6a1 	fadd	v1.4s, v21.4s, v28.4s
    1ddc:	4e29d5c9 	fadd	v9.4s, v14.4s, v9.4s
    1de0:	4e2bd5ab 	fadd	v11.4s, v13.4s, v11.4s
    1de4:	4e2ad58a 	fadd	v10.4s, v12.4s, v10.4s
    1de8:	4e31d508 	fadd	v8.4s, v8.4s, v17.4s
    1dec:	4e3ed4c6 	fadd	v6.4s, v6.4s, v30.4s
    1df0:	4e3dd483 	fadd	v3.4s, v4.4s, v29.4s
    1df4:	4e22d69b 	fadd	v27.4s, v20.4s, v2.4s
    1df8:	4e29d669 	fadd	v9.4s, v19.4s, v9.4s
    1dfc:	4e2bd64b 	fadd	v11.4s, v18.4s, v11.4s
    1e00:	4e2ad60a 	fadd	v10.4s, v16.4s, v10.4s
    1e04:	4e28d5f1 	fadd	v17.4s, v15.4s, v8.4s
    1e08:	4e26d4fe 	fadd	v30.4s, v7.4s, v6.4s
    1e0c:	4e23d4bd 	fadd	v29.4s, v5.4s, v3.4s
    1e10:	4e21d41c 	fadd	v28.4s, v0.4s, v1.4s
    1e14:	17fffbe6 	b	dac <conv2d._omp_fn.1+0x5ac>
    1e18:	d503201f 	nop
    1e1c:	d503201f 	nop

0000000000001e20 <conv_sve_rowpair>:
    1e20:	a9a97bfd 	stp	x29, x30, [sp, #-368]!
    1e24:	aa0003e8 	mov	x8, x0
    1e28:	910003fd 	mov	x29, sp
    1e2c:	a90153f3 	stp	x19, x20, [sp, #16]
    1e30:	a9025bf5 	stp	x21, x22, [sp, #32]
    1e34:	aa0203f3 	mov	x19, x2
    1e38:	a90363f7 	stp	x23, x24, [sp, #48]
    1e3c:	a9046bf9 	stp	x25, x26, [sp, #64]
    1e40:	b900cfe7 	str	w7, [sp, #204]
    1e44:	f90093e0 	str	x0, [sp, #288]
    1e48:	0420e3e0 	cntb	x0
    1e4c:	b9013be3 	str	w3, [sp, #312]
    1e50:	a91597e1 	stp	x1, x5, [sp, #344]
    1e54:	f900b7e6 	str	x6, [sp, #360]
    1e58:	6b0000ff 	cmp	w7, w0
    1e5c:	54003c8b 	b.lt	25ec <conv_sve_rowpair+0x7cc>  // b.tstop
    1e60:	51000460 	sub	w0, w3, #0x1
    1e64:	aa0503e9 	mov	x9, x5
    1e68:	04a2e3e5 	cntw	x5, all, mul #3
    1e6c:	937e7c9e 	sbfiz	x30, x4, #2, #32
    1e70:	93407c00 	sxtw	x0, w0
    1e74:	aa0103e7 	mov	x7, x1
    1e78:	51000881 	sub	w1, w4, #0x2
    1e7c:	04a0e3f9 	cntw	x25
    1e80:	93407c77 	sxtw	x23, w3
    1e84:	937e7ca3 	sbfiz	x3, x5, #2, #32
    1e88:	121f7821 	and	w1, w1, #0xfffffffe
    1e8c:	937e7f2a 	sbfiz	x10, x25, #2, #32
    1e90:	9b1e080c 	madd	x12, x0, x30, x2
    1e94:	91001060 	add	x0, x3, #0x4
    1e98:	910013c2 	add	x2, x30, #0x4
    1e9c:	11000821 	add	w1, w1, #0x2
    1ea0:	a90783e3 	stp	x3, x0, [sp, #120]
    1ea4:	cb070be0 	neg	x0, x7, lsl #2
    1ea8:	8b020262 	add	x2, x19, x2
    1eac:	0460e3f8 	cnth	x24
    1eb0:	8b0a010d 	add	x13, x8, x10
    1eb4:	a90573fb 	stp	x27, x28, [sp, #80]
    1eb8:	93407cbb 	sxtw	x27, w5
    1ebc:	f9009be2 	str	x2, [sp, #304]
    1ec0:	91001185 	add	x5, x12, #0x4
    1ec4:	8b000142 	add	x2, x10, x0
    1ec8:	b9013fe1 	str	w1, [sp, #316]
    1ecc:	d10013c1 	sub	x1, x30, #0x4
    1ed0:	937e7f0b 	sbfiz	x11, x24, #2, #32
    1ed4:	f9004bed 	str	x13, [sp, #144]
    1ed8:	8b0b010d 	add	x13, x8, x11
    1edc:	f900a7e1 	str	x1, [sp, #328]
    1ee0:	8b000161 	add	x1, x11, x0
    1ee4:	f900abe5 	str	x5, [sp, #336]
    1ee8:	8b020125 	add	x5, x9, x2
    1eec:	8b0200c2 	add	x2, x6, x2
    1ef0:	f9004fed 	str	x13, [sp, #152]
    1ef4:	8b03010d 	add	x13, x8, x3
    1ef8:	8b000063 	add	x3, x3, x0
    1efc:	f90087e2 	str	x2, [sp, #264]
    1f00:	8b010122 	add	x2, x9, x1
    1f04:	8b0100c1 	add	x1, x6, x1
    1f08:	9b077ef7 	mul	x23, x23, x7
    1f0c:	aa0803f6 	mov	x22, x8
    1f10:	f9008be1 	str	x1, [sp, #272]
    1f14:	8b030121 	add	x1, x9, x3
    1f18:	93407f39 	sxtw	x25, w25
    1f1c:	aa0703fc 	mov	x28, x7
    1f20:	f9007fe1 	str	x1, [sp, #248]
    1f24:	93407c81 	sxtw	x1, w4
    1f28:	a906afea 	stp	x10, x11, [sp, #104]
    1f2c:	d37ef4f4 	lsl	x20, x7, #2
    1f30:	93407f18 	sxtw	x24, w24
    1f34:	f90047ed 	str	x13, [sp, #136]
    1f38:	f90053ec 	str	x12, [sp, #160]
    1f3c:	2518e3e0 	ptrue	p0.b
    1f40:	f90097e1 	str	x1, [sp, #296]
    1f44:	8b0300c1 	add	x1, x6, x3
    1f48:	8b170917 	add	x23, x8, x23, lsl #2
    1f4c:	b900cbff 	str	wzr, [sp, #200]
    1f50:	f9008fe1 	str	x1, [sp, #280]
    1f54:	8b000121 	add	x1, x9, x0
    1f58:	8b0000c0 	add	x0, x6, x0
    1f5c:	51000489 	sub	w9, w4, #0x1
    1f60:	f90083e0 	str	x0, [sp, #256]
    1f64:	0420e3e0 	cntb	x0
    1f68:	f9006be5 	str	x5, [sp, #208]
    1f6c:	93407c00 	sxtw	x0, w0
    1f70:	f9006fe1 	str	x1, [sp, #216]
    1f74:	f90073e2 	str	x2, [sp, #224]
    1f78:	f9007be0 	str	x0, [sp, #240]
    1f7c:	91001260 	add	x0, x19, #0x4
    1f80:	f900a3e0 	str	x0, [sp, #320]
    1f84:	0420e3e0 	cntb	x0
    1f88:	937e7c00 	sbfiz	x0, x0, #2, #32
    1f8c:	f90077e0 	str	x0, [sp, #232]
    1f90:	7100013f 	cmp	w9, #0x0
    1f94:	54002e8d 	b.le	2564 <conv_sve_rowpair+0x744>
    1f98:	f94037e1 	ldr	x1, [sp, #104]
    1f9c:	f940a3e8 	ldr	x8, [sp, #320]
    1fa0:	d2800000 	mov	x0, #0x0                   	// #0
    1fa4:	25b8c005 	mov	z5.s, #0
    1fa8:	046530b2 	mov	z18.d, z5.d
    1fac:	046530b3 	mov	z19.d, z5.d
    1fb0:	046530b4 	mov	z20.d, z5.d
    1fb4:	8b160027 	add	x7, x1, x22
    1fb8:	f9403be1 	ldr	x1, [sp, #112]
    1fbc:	8b160026 	add	x6, x1, x22
    1fc0:	f9403fe1 	ldr	x1, [sp, #120]
    1fc4:	8b160025 	add	x5, x1, x22
    1fc8:	f94043e1 	ldr	x1, [sp, #128]
    1fcc:	8b160023 	add	x3, x1, x22
    1fd0:	d37ef401 	lsl	x1, x0, #2
    1fd4:	8b010262 	add	x2, x19, x1
    1fd8:	8b010101 	add	x1, x8, x1
    1fdc:	a54040e1 	ld1w	{z1.s}, p0/z, [x7, x0, lsl #2]
    1fe0:	8540c046 	ld1rw	{z6.s}, p0/z, [x2]
    1fe4:	8540c024 	ld1rw	{z4.s}, p0/z, [x1]
    1fe8:	a54042c3 	ld1w	{z3.s}, p0/z, [x22, x0, lsl #2]
    1fec:	65860870 	fmul	z16.s, z3.s, z6.s
    1ff0:	05201023 	ext	z3.b, z3.b, z1.b, #4
    1ff4:	65840863 	fmul	z3.s, z3.s, z4.s
    1ff8:	a54040c0 	ld1w	{z0.s}, p0/z, [x6, x0, lsl #2]
    1ffc:	a54040a2 	ld1w	{z2.s}, p0/z, [x5, x0, lsl #2]
    2000:	a5404067 	ld1w	{z7.s}, p0/z, [x3, x0, lsl #2]
    2004:	65900294 	fadd	z20.s, z20.s, z16.s
    2008:	91000800 	add	x0, x0, #0x2
    200c:	65860830 	fmul	z16.s, z1.s, z6.s
    2010:	65830294 	fadd	z20.s, z20.s, z3.s
    2014:	05201001 	ext	z1.b, z1.b, z0.b, #4
    2018:	65860803 	fmul	z3.s, z0.s, z6.s
    201c:	05201040 	ext	z0.b, z0.b, z2.b, #4
    2020:	65840800 	fmul	z0.s, z0.s, z4.s
    2024:	65900273 	fadd	z19.s, z19.s, z16.s
    2028:	65840821 	fmul	z1.s, z1.s, z4.s
    202c:	65830252 	fadd	z18.s, z18.s, z3.s
    2030:	65860842 	fmul	z2.s, z2.s, z6.s
    2034:	65800252 	fadd	z18.s, z18.s, z0.s
    2038:	658200a5 	fadd	z5.s, z5.s, z2.s
    203c:	658408e0 	fmul	z0.s, z7.s, z4.s
    2040:	65810273 	fadd	z19.s, z19.s, z1.s
    2044:	658000a5 	fadd	z5.s, z5.s, z0.s
    2048:	6b00013f 	cmp	w9, w0
    204c:	54fffc2c 	b.gt	1fd0 <conv_sve_rowpair+0x1b0>
    2050:	b9413ff5 	ldr	w21, [sp, #316]
    2054:	6b15009f 	cmp	w4, w21
    2058:	540002ad 	b.le	20ac <conv_sve_rowpair+0x28c>
    205c:	a9488fe2 	ldp	x2, x3, [sp, #136]
    2060:	f9404fe5 	ldr	x5, [sp, #152]
    2064:	93407ea0 	sxtw	x0, w21
    2068:	8b000a61 	add	x1, x19, x0, lsl #2
    206c:	a54042c4 	ld1w	{z4.s}, p0/z, [x22, x0, lsl #2]
    2070:	a5404063 	ld1w	{z3.s}, p0/z, [x3, x0, lsl #2]
    2074:	a54040a2 	ld1w	{z2.s}, p0/z, [x5, x0, lsl #2]
    2078:	a5404041 	ld1w	{z1.s}, p0/z, [x2, x0, lsl #2]
    207c:	91000400 	add	x0, x0, #0x1
    2080:	8540c020 	ld1rw	{z0.s}, p0/z, [x1]
    2084:	65800884 	fmul	z4.s, z4.s, z0.s
    2088:	65800863 	fmul	z3.s, z3.s, z0.s
    208c:	65800842 	fmul	z2.s, z2.s, z0.s
    2090:	65840294 	fadd	z20.s, z20.s, z4.s
    2094:	65800820 	fmul	z0.s, z1.s, z0.s
    2098:	65830273 	fadd	z19.s, z19.s, z3.s
    209c:	65820252 	fadd	z18.s, z18.s, z2.s
    20a0:	658000a5 	fadd	z5.s, z5.s, z0.s
    20a4:	6b00009f 	cmp	w4, w0
    20a8:	54fffe0c 	b.gt	2068 <conv_sve_rowpair+0x248>
    20ac:	b9413be2 	ldr	w2, [sp, #312]
    20b0:	7100045f 	cmp	w2, #0x1
    20b4:	540024ed 	b.le	2550 <conv_sve_rowpair+0x730>
    20b8:	a95203e1 	ldp	x1, x0, [sp, #288]
    20bc:	93407eba 	sxtw	x26, w21
    20c0:	110006b1 	add	w17, w21, #0x1
    20c4:	a90adbfc 	stp	x28, x22, [sp, #168]
    20c8:	f9409be8 	ldr	x8, [sp, #304]
    20cc:	f940a7f6 	ldr	x22, [sp, #328]
    20d0:	8b1c0230 	add	x16, x17, x28
    20d4:	110006a3 	add	w3, w21, #0x1
    20d8:	8b1c034f 	add	x15, x26, x28
    20dc:	8b110a71 	add	x17, x19, x17, lsl #2
    20e0:	91001267 	add	x7, x19, #0x4
    20e4:	52800032 	mov	w18, #0x1                   	// #1
    20e8:	a90bcff7 	stp	x23, x19, [sp, #184]
    20ec:	2a0303f7 	mov	w23, w3
    20f0:	2a0203f3 	mov	w19, w2
    20f4:	25b8c007 	mov	z7.s, #0
    20f8:	8b1a0000 	add	x0, x0, x26
    20fc:	8b100830 	add	x16, x1, x16, lsl #2
    2100:	046730e1 	mov	z1.d, z7.d
    2104:	046730e3 	mov	z3.d, z7.d
    2108:	8b0f082f 	add	x15, x1, x15, lsl #2
    210c:	d37ef400 	lsl	x0, x0, #2
    2110:	046730f1 	mov	z17.d, z7.d
    2114:	d37ef75a 	lsl	x26, x26, #2
    2118:	8b1c0825 	add	x5, x1, x28, lsl #2
    211c:	aa0003fc 	mov	x28, x0
    2120:	8b0702ca 	add	x10, x22, x7
    2124:	d10010e6 	sub	x6, x7, #0x4
    2128:	7100013f 	cmp	w9, #0x0
    212c:	5400084d 	b.le	2234 <conv_sve_rowpair+0x414>
    2130:	f94037e1 	ldr	x1, [sp, #104]
    2134:	d2800000 	mov	x0, #0x0                   	// #0
    2138:	8b05002e 	add	x14, x1, x5
    213c:	f9403be1 	ldr	x1, [sp, #112]
    2140:	8b05002d 	add	x13, x1, x5
    2144:	f9403fe1 	ldr	x1, [sp, #120]
    2148:	8b05002c 	add	x12, x1, x5
    214c:	f94043e1 	ldr	x1, [sp, #128]
    2150:	8b05002b 	add	x11, x1, x5
    2154:	d503201f 	nop
    2158:	d37ef401 	lsl	x1, x0, #2
    215c:	8b010142 	add	x2, x10, x1
    2160:	a54040b0 	ld1w	{z16.s}, p0/z, [x5, x0, lsl #2]
    2164:	a54041c2 	ld1w	{z2.s}, p0/z, [x14, x0, lsl #2]
    2168:	8540c044 	ld1rw	{z4.s}, p0/z, [x2]
    216c:	65840a17 	fmul	z23.s, z16.s, z4.s
    2170:	8b080023 	add	x3, x1, x8
    2174:	65970294 	fadd	z20.s, z20.s, z23.s
    2178:	65840857 	fmul	z23.s, z2.s, z4.s
    217c:	a54041a0 	ld1w	{z0.s}, p0/z, [x13, x0, lsl #2]
    2180:	a5404186 	ld1w	{z6.s}, p0/z, [x12, x0, lsl #2]
    2184:	8540c075 	ld1rw	{z21.s}, p0/z, [x3]
    2188:	0420be19 	movprfx	z25, z16
    218c:	05201059 	ext	z25.b, z25.b, z2.b, #4
    2190:	65970273 	fadd	z19.s, z19.s, z23.s
    2194:	65950b38 	fmul	z24.s, z25.s, z21.s
    2198:	65840817 	fmul	z23.s, z0.s, z4.s
    219c:	658408c4 	fmul	z4.s, z6.s, z4.s
    21a0:	a5404176 	ld1w	{z22.s}, p0/z, [x11, x0, lsl #2]
    21a4:	8b0100c2 	add	x2, x6, x1
    21a8:	65970252 	fadd	z18.s, z18.s, z23.s
    21ac:	658400a5 	fadd	z5.s, z5.s, z4.s
    21b0:	0420bc17 	movprfx	z23, z0
    21b4:	052010d7 	ext	z23.b, z23.b, z6.b, #4
    21b8:	8b070021 	add	x1, x1, x7
    21bc:	65950ae4 	fmul	z4.s, z23.s, z21.s
    21c0:	65980294 	fadd	z20.s, z20.s, z24.s
    21c4:	91000800 	add	x0, x0, #0x2
    21c8:	0420bc58 	movprfx	z24, z2
    21cc:	05201018 	ext	z24.b, z24.b, z0.b, #4
    21d0:	65950b1a 	fmul	z26.s, z24.s, z21.s
    21d4:	65950ad5 	fmul	z21.s, z22.s, z21.s
    21d8:	65840252 	fadd	z18.s, z18.s, z4.s
    21dc:	659500a5 	fadd	z5.s, z5.s, z21.s
    21e0:	8540c024 	ld1rw	{z4.s}, p0/z, [x1]
    21e4:	8540c055 	ld1rw	{z21.s}, p0/z, [x2]
    21e8:	65840b39 	fmul	z25.s, z25.s, z4.s
    21ec:	65950a10 	fmul	z16.s, z16.s, z21.s
    21f0:	65950842 	fmul	z2.s, z2.s, z21.s
    21f4:	65900231 	fadd	z17.s, z17.s, z16.s
    21f8:	65820063 	fadd	z3.s, z3.s, z2.s
    21fc:	65950800 	fmul	z0.s, z0.s, z21.s
    2200:	659508c6 	fmul	z6.s, z6.s, z21.s
    2204:	65800021 	fadd	z1.s, z1.s, z0.s
    2208:	658600e7 	fadd	z7.s, z7.s, z6.s
    220c:	65840b18 	fmul	z24.s, z24.s, z4.s
    2210:	65840af7 	fmul	z23.s, z23.s, z4.s
    2214:	65840ad6 	fmul	z22.s, z22.s, z4.s
    2218:	659a0273 	fadd	z19.s, z19.s, z26.s
    221c:	65990231 	fadd	z17.s, z17.s, z25.s
    2220:	65980063 	fadd	z3.s, z3.s, z24.s
    2224:	65970021 	fadd	z1.s, z1.s, z23.s
    2228:	659600e7 	fadd	z7.s, z7.s, z22.s
    222c:	6b00013f 	cmp	w9, w0
    2230:	54fff94c 	b.gt	2158 <conv_sve_rowpair+0x338>
    2234:	6b15009f 	cmp	w4, w21
    2238:	5400064d 	b.le	2300 <conv_sve_rowpair+0x4e0>
    223c:	8b1c00c0 	add	x0, x6, x28
    2240:	a540a1f5 	ld1w	{z21.s}, p0/z, [x15]
    2244:	a55941f0 	ld1w	{z16.s}, p0/z, [x15, x25, lsl #2]
    2248:	a55841e4 	ld1w	{z4.s}, p0/z, [x15, x24, lsl #2]
    224c:	8540c000 	ld1rw	{z0.s}, p0/z, [x0]
    2250:	65800aa6 	fmul	z6.s, z21.s, z0.s
    2254:	65800a02 	fmul	z2.s, z16.s, z0.s
    2258:	8b1a00c6 	add	x6, x6, x26
    225c:	65860294 	fadd	z20.s, z20.s, z6.s
    2260:	65800886 	fmul	z6.s, z4.s, z0.s
    2264:	65820273 	fadd	z19.s, z19.s, z2.s
    2268:	65860252 	fadd	z18.s, z18.s, z6.s
    226c:	a55b41e2 	ld1w	{z2.s}, p0/z, [x15, x27, lsl #2]
    2270:	8540c0c6 	ld1rw	{z6.s}, p0/z, [x6]
    2274:	65800840 	fmul	z0.s, z2.s, z0.s
    2278:	65860ab5 	fmul	z21.s, z21.s, z6.s
    227c:	65860a10 	fmul	z16.s, z16.s, z6.s
    2280:	65860884 	fmul	z4.s, z4.s, z6.s
    2284:	65860842 	fmul	z2.s, z2.s, z6.s
    2288:	658000a5 	fadd	z5.s, z5.s, z0.s
    228c:	65950231 	fadd	z17.s, z17.s, z21.s
    2290:	65900063 	fadd	z3.s, z3.s, z16.s
    2294:	65840021 	fadd	z1.s, z1.s, z4.s
    2298:	658200e7 	fadd	z7.s, z7.s, z2.s
    229c:	6b17009f 	cmp	w4, w23
    22a0:	5400030d 	b.le	2300 <conv_sve_rowpair+0x4e0>
    22a4:	8b1e0220 	add	x0, x17, x30
    22a8:	a5594206 	ld1w	{z6.s}, p0/z, [x16, x25, lsl #2]
    22ac:	a540a210 	ld1w	{z16.s}, p0/z, [x16]
    22b0:	a5584204 	ld1w	{z4.s}, p0/z, [x16, x24, lsl #2]
    22b4:	8540c000 	ld1rw	{z0.s}, p0/z, [x0]
    22b8:	658008d5 	fmul	z21.s, z6.s, z0.s
    22bc:	65800a16 	fmul	z22.s, z16.s, z0.s
    22c0:	a55b4202 	ld1w	{z2.s}, p0/z, [x16, x27, lsl #2]
    22c4:	65950273 	fadd	z19.s, z19.s, z21.s
    22c8:	65800895 	fmul	z21.s, z4.s, z0.s
    22cc:	65800840 	fmul	z0.s, z2.s, z0.s
    22d0:	65960294 	fadd	z20.s, z20.s, z22.s
    22d4:	658000a5 	fadd	z5.s, z5.s, z0.s
    22d8:	65950252 	fadd	z18.s, z18.s, z21.s
    22dc:	8540c220 	ld1rw	{z0.s}, p0/z, [x17]
    22e0:	65800a10 	fmul	z16.s, z16.s, z0.s
    22e4:	658008c6 	fmul	z6.s, z6.s, z0.s
    22e8:	65800884 	fmul	z4.s, z4.s, z0.s
    22ec:	65800842 	fmul	z2.s, z2.s, z0.s
    22f0:	65900231 	fadd	z17.s, z17.s, z16.s
    22f4:	65860063 	fadd	z3.s, z3.s, z6.s
    22f8:	65840021 	fadd	z1.s, z1.s, z4.s
    22fc:	658200e7 	fadd	z7.s, z7.s, z2.s
    2300:	11000652 	add	w18, w18, #0x1
    2304:	8b1e0231 	add	x17, x17, x30
    2308:	8b140210 	add	x16, x16, x20
    230c:	8b1401ef 	add	x15, x15, x20
    2310:	8b1e0108 	add	x8, x8, x30
    2314:	8b1e00e7 	add	x7, x7, x30
    2318:	8b1400a5 	add	x5, x5, x20
    231c:	6b12027f 	cmp	w19, w18
    2320:	54fff001 	b.ne	2120 <conv_sve_rowpair+0x300>  // b.any
    2324:	a94adbfc 	ldp	x28, x22, [sp, #168]
    2328:	a94bcff7 	ldp	x23, x19, [sp, #184]
    232c:	7100013f 	cmp	w9, #0x0
    2330:	5400058d 	b.le	23e0 <conv_sve_rowpair+0x5c0>
    2334:	f94037e1 	ldr	x1, [sp, #104]
    2338:	f94053e8 	ldr	x8, [sp, #160]
    233c:	d2800000 	mov	x0, #0x0                   	// #0
    2340:	f940abea 	ldr	x10, [sp, #336]
    2344:	8b170027 	add	x7, x1, x23
    2348:	f9403be1 	ldr	x1, [sp, #112]
    234c:	8b170026 	add	x6, x1, x23
    2350:	f9403fe1 	ldr	x1, [sp, #120]
    2354:	8b170025 	add	x5, x1, x23
    2358:	f94043e1 	ldr	x1, [sp, #128]
    235c:	8b170023 	add	x3, x1, x23
    2360:	d37ef401 	lsl	x1, x0, #2
    2364:	8b010102 	add	x2, x8, x1
    2368:	8b010141 	add	x1, x10, x1
    236c:	a54040e0 	ld1w	{z0.s}, p0/z, [x7, x0, lsl #2]
    2370:	a54040c4 	ld1w	{z4.s}, p0/z, [x6, x0, lsl #2]
    2374:	8540c056 	ld1rw	{z22.s}, p0/z, [x2]
    2378:	8540c035 	ld1rw	{z21.s}, p0/z, [x1]
    237c:	a54042e2 	ld1w	{z2.s}, p0/z, [x23, x0, lsl #2]
    2380:	a54040a6 	ld1w	{z6.s}, p0/z, [x5, x0, lsl #2]
    2384:	65960850 	fmul	z16.s, z2.s, z22.s
    2388:	a5404077 	ld1w	{z23.s}, p0/z, [x3, x0, lsl #2]
    238c:	05201002 	ext	z2.b, z2.b, z0.b, #4
    2390:	65960818 	fmul	z24.s, z0.s, z22.s
    2394:	91000800 	add	x0, x0, #0x2
    2398:	05201080 	ext	z0.b, z0.b, z4.b, #4
    239c:	65950800 	fmul	z0.s, z0.s, z21.s
    23a0:	65900231 	fadd	z17.s, z17.s, z16.s
    23a4:	65950842 	fmul	z2.s, z2.s, z21.s
    23a8:	65960890 	fmul	z16.s, z4.s, z22.s
    23ac:	65980063 	fadd	z3.s, z3.s, z24.s
    23b0:	052010c4 	ext	z4.b, z4.b, z6.b, #4
    23b4:	65900021 	fadd	z1.s, z1.s, z16.s
    23b8:	65800063 	fadd	z3.s, z3.s, z0.s
    23bc:	659608c6 	fmul	z6.s, z6.s, z22.s
    23c0:	65950884 	fmul	z4.s, z4.s, z21.s
    23c4:	658600e7 	fadd	z7.s, z7.s, z6.s
    23c8:	65950ae0 	fmul	z0.s, z23.s, z21.s
    23cc:	65820231 	fadd	z17.s, z17.s, z2.s
    23d0:	65840021 	fadd	z1.s, z1.s, z4.s
    23d4:	658000e7 	fadd	z7.s, z7.s, z0.s
    23d8:	6b00013f 	cmp	w9, w0
    23dc:	54fffc2c 	b.gt	2360 <conv_sve_rowpair+0x540>
    23e0:	6b15009f 	cmp	w4, w21
    23e4:	540005ad 	b.le	2498 <conv_sve_rowpair+0x678>
    23e8:	f94053e5 	ldr	x5, [sp, #160]
    23ec:	93407ea1 	sxtw	x1, w21
    23f0:	937e7ea0 	sbfiz	x0, x21, #2, #32
    23f4:	110006b5 	add	w21, w21, #0x1
    23f8:	8b010323 	add	x3, x25, x1
    23fc:	a54342e2 	ld1w	{z2.s}, p0/z, [x23, x3, lsl #2]
    2400:	8b0000a2 	add	x2, x5, x0
    2404:	8540c040 	ld1rw	{z0.s}, p0/z, [x2]
    2408:	8b0002e2 	add	x2, x23, x0
    240c:	65800842 	fmul	z2.s, z2.s, z0.s
    2410:	65820063 	fadd	z3.s, z3.s, z2.s
    2414:	a540a044 	ld1w	{z4.s}, p0/z, [x2]
    2418:	8b010302 	add	x2, x24, x1
    241c:	65800884 	fmul	z4.s, z4.s, z0.s
    2420:	8b010361 	add	x1, x27, x1
    2424:	65840231 	fadd	z17.s, z17.s, z4.s
    2428:	a54142e2 	ld1w	{z2.s}, p0/z, [x23, x1, lsl #2]
    242c:	a54242e4 	ld1w	{z4.s}, p0/z, [x23, x2, lsl #2]
    2430:	65800884 	fmul	z4.s, z4.s, z0.s
    2434:	65800840 	fmul	z0.s, z2.s, z0.s
    2438:	65840021 	fadd	z1.s, z1.s, z4.s
    243c:	658000e7 	fadd	z7.s, z7.s, z0.s
    2440:	6b15009f 	cmp	w4, w21
    2444:	540002ad 	b.le	2498 <conv_sve_rowpair+0x678>
    2448:	93407eb5 	sxtw	x21, w21
    244c:	91001000 	add	x0, x0, #0x4
    2450:	8b0000a1 	add	x1, x5, x0
    2454:	8b0002e0 	add	x0, x23, x0
    2458:	8b150322 	add	x2, x25, x21
    245c:	8540c020 	ld1rw	{z0.s}, p0/z, [x1]
    2460:	a540a004 	ld1w	{z4.s}, p0/z, [x0]
    2464:	8b150301 	add	x1, x24, x21
    2468:	65800884 	fmul	z4.s, z4.s, z0.s
    246c:	8b150375 	add	x21, x27, x21
    2470:	a54242e2 	ld1w	{z2.s}, p0/z, [x23, x2, lsl #2]
    2474:	65800842 	fmul	z2.s, z2.s, z0.s
    2478:	65840231 	fadd	z17.s, z17.s, z4.s
    247c:	65820063 	fadd	z3.s, z3.s, z2.s
    2480:	a54142e4 	ld1w	{z4.s}, p0/z, [x23, x1, lsl #2]
    2484:	a55542e2 	ld1w	{z2.s}, p0/z, [x23, x21, lsl #2]
    2488:	65800884 	fmul	z4.s, z4.s, z0.s
    248c:	65800840 	fmul	z0.s, z2.s, z0.s
    2490:	65840021 	fadd	z1.s, z1.s, z4.s
    2494:	658000e7 	fadd	z7.s, z7.s, z0.s
    2498:	a94d03e2 	ldp	x2, x0, [sp, #208]
    249c:	b940cbe1 	ldr	w1, [sp, #200]
    24a0:	e55c4014 	st1w	{z20.s}, p0, [x0, x28, lsl #2]
    24a4:	0430e3e1 	incb	x1
    24a8:	e55c4053 	st1w	{z19.s}, p0, [x2, x28, lsl #2]
    24ac:	a9500be0 	ldp	x0, x2, [sp, #256]
    24b0:	b900cbe1 	str	w1, [sp, #200]
    24b4:	e55c4011 	st1w	{z17.s}, p0, [x0, x28, lsl #2]
    24b8:	f94077e0 	ldr	x0, [sp, #232]
    24bc:	e55c4043 	st1w	{z3.s}, p0, [x2, x28, lsl #2]
    24c0:	b940cfe2 	ldr	w2, [sp, #204]
    24c4:	8b0002f7 	add	x23, x23, x0
    24c8:	8b0002d6 	add	x22, x22, x0
    24cc:	4b010055 	sub	w21, w2, w1
    24d0:	f94073e1 	ldr	x1, [sp, #224]
    24d4:	e55c4032 	st1w	{z18.s}, p0, [x1, x28, lsl #2]
    24d8:	f9408be1 	ldr	x1, [sp, #272]
    24dc:	e55c4021 	st1w	{z1.s}, p0, [x1, x28, lsl #2]
    24e0:	f9404be1 	ldr	x1, [sp, #144]
    24e4:	8b000021 	add	x1, x1, x0
    24e8:	f9004be1 	str	x1, [sp, #144]
    24ec:	f9404fe1 	ldr	x1, [sp, #152]
    24f0:	8b000021 	add	x1, x1, x0
    24f4:	f9004fe1 	str	x1, [sp, #152]
    24f8:	f9407fe1 	ldr	x1, [sp, #248]
    24fc:	e55c4025 	st1w	{z5.s}, p0, [x1, x28, lsl #2]
    2500:	f9408fe1 	ldr	x1, [sp, #280]
    2504:	e55c4027 	st1w	{z7.s}, p0, [x1, x28, lsl #2]
    2508:	f94047e1 	ldr	x1, [sp, #136]
    250c:	8b000020 	add	x0, x1, x0
    2510:	f90047e0 	str	x0, [sp, #136]
    2514:	f9407be0 	ldr	x0, [sp, #240]
    2518:	8b00039c 	add	x28, x28, x0
    251c:	0420e3e0 	cntb	x0
    2520:	6b0002bf 	cmp	w21, w0
    2524:	54ffd36a 	b.ge	1f90 <conv_sve_rowpair+0x170>  // b.tcont
    2528:	a94573fb 	ldp	x27, x28, [sp, #80]
    252c:	295903e1 	ldp	w1, w0, [sp, #200]
    2530:	6b01001f 	cmp	w0, w1
    2534:	5400024c 	b.gt	257c <conv_sve_rowpair+0x75c>
    2538:	a94153f3 	ldp	x19, x20, [sp, #16]
    253c:	a9425bf5 	ldp	x21, x22, [sp, #32]
    2540:	a94363f7 	ldp	x23, x24, [sp, #48]
    2544:	a9446bf9 	ldp	x25, x26, [sp, #64]
    2548:	a8d77bfd 	ldp	x29, x30, [sp], #368
    254c:	d65f03c0 	ret
    2550:	25b8c007 	mov	z7.s, #0
    2554:	046730e1 	mov	z1.d, z7.d
    2558:	046730e3 	mov	z3.d, z7.d
    255c:	046730f1 	mov	z17.d, z7.d
    2560:	17ffff73 	b	232c <conv_sve_rowpair+0x50c>
    2564:	25b8c005 	mov	z5.s, #0
    2568:	52800015 	mov	w21, #0x0                   	// #0
    256c:	046530b2 	mov	z18.d, z5.d
    2570:	046530b3 	mov	z19.d, z5.d
    2574:	046530b4 	mov	z20.d, z5.d
    2578:	17fffeb7 	b	2054 <conv_sve_rowpair+0x234>
    257c:	b9413bf9 	ldr	w25, [sp, #312]
    2580:	f94093f8 	ldr	x24, [sp, #288]
    2584:	937e7c34 	sbfiz	x20, x1, #2, #32
    2588:	93407c36 	sxtw	x22, w1
    258c:	a95583f7 	ldp	x23, x0, [sp, #344]
    2590:	2a1503e6 	mov	w6, w21
    2594:	aa1303e2 	mov	x2, x19
    2598:	b9006be4 	str	w4, [sp, #104]
    259c:	2a1903e3 	mov	w3, w25
    25a0:	8b140005 	add	x5, x0, x20
    25a4:	aa1703e1 	mov	x1, x23
    25a8:	8b140300 	add	x0, x24, x20
    25ac:	97fff761 	bl	330 <conv_sve_prefix>
    25b0:	f940b7e2 	ldr	x2, [sp, #360]
    25b4:	8b1702c0 	add	x0, x22, x23
    25b8:	b9406be4 	ldr	w4, [sp, #104]
    25bc:	aa1703e1 	mov	x1, x23
    25c0:	8b000b00 	add	x0, x24, x0, lsl #2
    25c4:	2a1503e6 	mov	w6, w21
    25c8:	2a1903e3 	mov	w3, w25
    25cc:	a9425bf5 	ldp	x21, x22, [sp, #32]
    25d0:	a94363f7 	ldp	x23, x24, [sp, #48]
    25d4:	a9446bf9 	ldp	x25, x26, [sp, #64]
    25d8:	8b140045 	add	x5, x2, x20
    25dc:	aa1303e2 	mov	x2, x19
    25e0:	a94153f3 	ldp	x19, x20, [sp, #16]
    25e4:	a8d77bfd 	ldp	x29, x30, [sp], #368
    25e8:	17fff752 	b	330 <conv_sve_prefix>
    25ec:	b940cff5 	ldr	w21, [sp, #204]
    25f0:	b900cbff 	str	wzr, [sp, #200]
    25f4:	17ffffce 	b	252c <conv_sve_rowpair+0x70c>
    25f8:	d503201f 	nop
    25fc:	d503201f 	nop

0000000000002600 <conv_sve_rowtriple>:
    2600:	d108c3ff 	sub	sp, sp, #0x230
    2604:	a9007bfd 	stp	x29, x30, [sp]
    2608:	910003fd 	mov	x29, sp
    260c:	b94233e9 	ldr	w9, [sp, #560]
    2610:	a90153f3 	stp	x19, x20, [sp, #16]
    2614:	a9046bf9 	stp	x25, x26, [sp, #64]
    2618:	2a0403f3 	mov	w19, w4
    261c:	aa0203fa 	mov	x26, x2
    2620:	f9004be0 	str	x0, [sp, #144]
    2624:	b90197e3 	str	w3, [sp, #404]
    2628:	a91997e7 	stp	x7, x5, [sp, #408]
    262c:	f900d7e6 	str	x6, [sp, #424]
    2630:	b90213e9 	str	w9, [sp, #528]
    2634:	f90113e1 	str	x1, [sp, #544]
    2638:	7100087f 	cmp	w3, #0x2
    263c:	54007a2d 	b.le	3580 <conv_sve_rowtriple+0xf80>
    2640:	0420e3e0 	cntb	x0
    2644:	a9025bf5 	stp	x21, x22, [sp, #32]
    2648:	a90363f7 	stp	x23, x24, [sp, #48]
    264c:	6b00013f 	cmp	w9, w0
    2650:	54007b8b 	b.lt	35c0 <conv_sve_rowtriple+0xfc0>  // b.tstop
    2654:	d37ef430 	lsl	x16, x1, #2
    2658:	aa0103e6 	mov	x6, x1
    265c:	b94197e1 	ldr	w1, [sp, #404]
    2660:	93407e76 	sxtw	x22, w19
    2664:	04a0e3e8 	cntw	x8
    2668:	51000887 	sub	w7, w4, #0x2
    266c:	a90573fb 	stp	x27, x28, [sp, #80]
    2670:	937e7e7b 	sbfiz	x27, x19, #2, #32
    2674:	937e7d0b 	sbfiz	x11, x8, #2, #32
    2678:	121f78e7 	and	w7, w7, #0xfffffffe
    267c:	a91b5beb 	stp	x11, x22, [sp, #432]
    2680:	f9404bf6 	ldr	x22, [sp, #144]
    2684:	110008f4 	add	w20, w7, #0x2
    2688:	93407d07 	sxtw	x7, w8
    268c:	0460e3ea 	cnth	x10
    2690:	04a2e3e9 	cntw	x9, all, mul #3
    2694:	93407c20 	sxtw	x0, w1
    2698:	51000822 	sub	w2, w1, #0x2
    269c:	937e7d4c 	sbfiz	x12, x10, #2, #32
    26a0:	937e7d3e 	sbfiz	x30, x9, #2, #32
    26a4:	9b1b6842 	madd	x2, x2, x27, x26
    26a8:	f90037e7 	str	x7, [sp, #104]
    26ac:	51000423 	sub	w3, w1, #0x1
    26b0:	910013c1 	add	x1, x30, #0x4
    26b4:	9b067c00 	mul	x0, x0, x6
    26b8:	8b100164 	add	x4, x11, x16
    26bc:	aa0b03ed 	mov	x13, x11
    26c0:	aa0c03ee 	mov	x14, x12
    26c4:	93407d5c 	sxtw	x28, w10
    26c8:	8b100185 	add	x5, x12, x16
    26cc:	f90053ec 	str	x12, [sp, #160]
    26d0:	8b040211 	add	x17, x16, x4
    26d4:	f900afe2 	str	x2, [sp, #344]
    26d8:	9b1b6877 	madd	x23, x3, x27, x26
    26dc:	8b100023 	add	x3, x1, x16
    26e0:	8b050212 	add	x18, x16, x5
    26e4:	8b060002 	add	x2, x0, x6
    26e8:	93407d39 	sxtw	x25, w9
    26ec:	d37ef400 	lsl	x0, x0, #2
    26f0:	8b0001a9 	add	x9, x13, x0
    26f4:	d37ef442 	lsl	x2, x2, #2
    26f8:	8b020167 	add	x7, x11, x2
    26fc:	8b020188 	add	x8, x12, x2
    2700:	8b0203ca 	add	x10, x30, x2
    2704:	8b0702d8 	add	x24, x22, x7
    2708:	8b0802c8 	add	x8, x22, x8
    270c:	8b02002b 	add	x11, x1, x2
    2710:	b90217f4 	str	w20, [sp, #532]
    2714:	a90ee3e8 	stp	x8, x24, [sp, #232]
    2718:	8b0a02c8 	add	x8, x22, x10
    271c:	8b03020c 	add	x12, x16, x3
    2720:	8b0001cd 	add	x13, x14, x0
    2724:	f90073e8 	str	x8, [sp, #224]
    2728:	8b0b02c8 	add	x8, x22, x11
    272c:	8b0003ce 	add	x14, x30, x0
    2730:	8b00002f 	add	x15, x1, x0
    2734:	f9006fe8 	str	x8, [sp, #216]
    2738:	8b160048 	add	x8, x2, x22
    273c:	8b0302c3 	add	x3, x22, x3
    2740:	8b160000 	add	x0, x0, x22
    2744:	f900ebe8 	str	x8, [sp, #464]
    2748:	8b160188 	add	x8, x12, x22
    274c:	0420e3f8 	cntb	x24
    2750:	f90083e3 	str	x3, [sp, #256]
    2754:	f900ffe8 	str	x8, [sp, #504]
    2758:	8b0902c8 	add	x8, x22, x9
    275c:	93407f18 	sxtw	x24, w24
    2760:	8b160223 	add	x3, x17, x22
    2764:	f9005be8 	str	x8, [sp, #176]
    2768:	8b0d02c8 	add	x8, x22, x13
    276c:	f900efe0 	str	x0, [sp, #472]
    2770:	93407e94 	sxtw	x20, w20
    2774:	f90063e8 	str	x8, [sp, #192]
    2778:	8b0e02c8 	add	x8, x22, x14
    277c:	f94113e0 	ldr	x0, [sp, #544]
    2780:	8b1003c6 	add	x6, x30, x16
    2784:	f90057e8 	str	x8, [sp, #168]
    2788:	0420e3e8 	cntb	x8
    278c:	f900f3e3 	str	x3, [sp, #480]
    2790:	8b0402c3 	add	x3, x22, x4
    2794:	f9005fe3 	str	x3, [sp, #184]
    2798:	8b160243 	add	x3, x18, x22
    279c:	f900e7f8 	str	x24, [sp, #456]
    27a0:	937e7d18 	sbfiz	x24, x8, #2, #32
    27a4:	8b0f02c8 	add	x8, x22, x15
    27a8:	f900f7e3 	str	x3, [sp, #488]
    27ac:	8b0502c3 	add	x3, x22, x5
    27b0:	f90117f4 	str	x20, [sp, #552]
    27b4:	8b060214 	add	x20, x16, x6
    27b8:	f90067e8 	str	x8, [sp, #200]
    27bc:	8b0102c8 	add	x8, x22, x1
    27c0:	d37ff800 	lsl	x0, x0, #1
    27c4:	f9004fe0 	str	x0, [sp, #152]
    27c8:	f9006be3 	str	x3, [sp, #208]
    27cc:	8b160283 	add	x3, x20, x22
    27d0:	aa1e03e1 	mov	x1, x30
    27d4:	f90093e8 	str	x8, [sp, #288]
    27d8:	f9009bfe 	str	x30, [sp, #304]
    27dc:	8b160200 	add	x0, x16, x22
    27e0:	91001375 	add	x21, x27, #0x4
    27e4:	f900fbe3 	str	x3, [sp, #496]
    27e8:	f940dbeb 	ldr	x11, [sp, #432]
    27ec:	8b0602c3 	add	x3, x22, x6
    27f0:	8b33cf42 	add	x2, x26, w19, sxtw #3
    27f4:	f94053ee 	ldr	x14, [sp, #160]
    27f8:	f9007fe3 	str	x3, [sp, #248]
    27fc:	51000664 	sub	w4, w19, #0x1
    2800:	2518e3e0 	ptrue	p0.b
    2804:	f90103e0 	str	x0, [sp, #512]
    2808:	d1001360 	sub	x0, x27, #0x4
    280c:	f94037fe 	ldr	x30, [sp, #104]
    2810:	f90107e0 	str	x0, [sp, #520]
    2814:	91001040 	add	x0, x2, #0x4
    2818:	f90047ff 	str	xzr, [sp, #136]
    281c:	8b0b02c3 	add	x3, x22, x11
    2820:	f900e3e0 	str	x0, [sp, #448]
    2824:	91001340 	add	x0, x26, #0x4
    2828:	f90097eb 	str	x11, [sp, #296]
    282c:	f90087e3 	str	x3, [sp, #264]
    2830:	8b0e02c3 	add	x3, x22, x14
    2834:	f9009fe0 	str	x0, [sp, #312]
    2838:	f9008be3 	str	x3, [sp, #272]
    283c:	8b0102c3 	add	x3, x22, x1
    2840:	f940afe1 	ldr	x1, [sp, #344]
    2844:	f9008fe3 	str	x3, [sp, #280]
    2848:	910012e3 	add	x3, x23, #0x4
    284c:	b90193ff 	str	wzr, [sp, #400]
    2850:	f900c7e3 	str	x3, [sp, #392]
    2854:	91001021 	add	x1, x1, #0x4
    2858:	f9010fe1 	str	x1, [sp, #536]
    285c:	8b150341 	add	x1, x26, x21
    2860:	f900b3e1 	str	x1, [sp, #352]
    2864:	8b1b0341 	add	x1, x26, x27
    2868:	f900c3e1 	str	x1, [sp, #384]
    286c:	d503201f 	nop
    2870:	a94883e1 	ldp	x1, x0, [sp, #136]
    2874:	8b010001 	add	x1, x0, x1
    2878:	7100009f 	cmp	w4, #0x0
    287c:	5400608d 	b.le	348c <conv_sve_rowtriple+0xe8c>
    2880:	a9509be5 	ldp	x5, x6, [sp, #264]
    2884:	a951a3e7 	ldp	x7, x8, [sp, #280]
    2888:	d2800000 	mov	x0, #0x0                   	// #0
    288c:	25b8c012 	mov	z18.s, #0
    2890:	f9409fe9 	ldr	x9, [sp, #312]
    2894:	04723258 	mov	z24.d, z18.d
    2898:	04723257 	mov	z23.d, z18.d
    289c:	04723256 	mov	z22.d, z18.d
    28a0:	d37ef402 	lsl	x2, x0, #2
    28a4:	8b020343 	add	x3, x26, x2
    28a8:	8b090042 	add	x2, x2, x9
    28ac:	a54040a1 	ld1w	{z1.s}, p0/z, [x5, x0, lsl #2]
    28b0:	8540c065 	ld1rw	{z5.s}, p0/z, [x3]
    28b4:	8540c044 	ld1rw	{z4.s}, p0/z, [x2]
    28b8:	a5404023 	ld1w	{z3.s}, p0/z, [x1, x0, lsl #2]
    28bc:	65850867 	fmul	z7.s, z3.s, z5.s
    28c0:	05201023 	ext	z3.b, z3.b, z1.b, #4
    28c4:	65840863 	fmul	z3.s, z3.s, z4.s
    28c8:	a54040c0 	ld1w	{z0.s}, p0/z, [x6, x0, lsl #2]
    28cc:	a54040e2 	ld1w	{z2.s}, p0/z, [x7, x0, lsl #2]
    28d0:	a5404106 	ld1w	{z6.s}, p0/z, [x8, x0, lsl #2]
    28d4:	658702d6 	fadd	z22.s, z22.s, z7.s
    28d8:	91000800 	add	x0, x0, #0x2
    28dc:	65850827 	fmul	z7.s, z1.s, z5.s
    28e0:	658302d6 	fadd	z22.s, z22.s, z3.s
    28e4:	05201001 	ext	z1.b, z1.b, z0.b, #4
    28e8:	65850803 	fmul	z3.s, z0.s, z5.s
    28ec:	05201040 	ext	z0.b, z0.b, z2.b, #4
    28f0:	65840800 	fmul	z0.s, z0.s, z4.s
    28f4:	658702f7 	fadd	z23.s, z23.s, z7.s
    28f8:	65840821 	fmul	z1.s, z1.s, z4.s
    28fc:	65830318 	fadd	z24.s, z24.s, z3.s
    2900:	65850842 	fmul	z2.s, z2.s, z5.s
    2904:	65800318 	fadd	z24.s, z24.s, z0.s
    2908:	65820252 	fadd	z18.s, z18.s, z2.s
    290c:	658408c0 	fmul	z0.s, z6.s, z4.s
    2910:	658102f7 	fadd	z23.s, z23.s, z1.s
    2914:	65800252 	fadd	z18.s, z18.s, z0.s
    2918:	6b00009f 	cmp	w4, w0
    291c:	54fffc2c 	b.gt	28a0 <conv_sve_rowtriple+0x2a0>
    2920:	b94217e0 	ldr	w0, [sp, #532]
    2924:	b9006be0 	str	w0, [sp, #104]
    2928:	6b00027f 	cmp	w19, w0
    292c:	54005c0d 	b.le	34ac <conv_sve_rowtriple+0xeac>
    2930:	f9404be0 	ldr	x0, [sp, #144]
    2934:	f94053e2 	ldr	x2, [sp, #160]
    2938:	b9806bf4 	ldrsw	x20, [sp, #104]
    293c:	8b020006 	add	x6, x0, x2
    2940:	f9409be2 	ldr	x2, [sp, #304]
    2944:	8b020005 	add	x5, x0, x2
    2948:	f94097e2 	ldr	x2, [sp, #296]
    294c:	8b020003 	add	x3, x0, x2
    2950:	aa1403e0 	mov	x0, x20
    2954:	d503201f 	nop
    2958:	8b000b42 	add	x2, x26, x0, lsl #2
    295c:	a5404024 	ld1w	{z4.s}, p0/z, [x1, x0, lsl #2]
    2960:	a5404063 	ld1w	{z3.s}, p0/z, [x3, x0, lsl #2]
    2964:	a54040c2 	ld1w	{z2.s}, p0/z, [x6, x0, lsl #2]
    2968:	a54040a1 	ld1w	{z1.s}, p0/z, [x5, x0, lsl #2]
    296c:	91000400 	add	x0, x0, #0x1
    2970:	8540c040 	ld1rw	{z0.s}, p0/z, [x2]
    2974:	65800884 	fmul	z4.s, z4.s, z0.s
    2978:	65800863 	fmul	z3.s, z3.s, z0.s
    297c:	65800842 	fmul	z2.s, z2.s, z0.s
    2980:	658402d6 	fadd	z22.s, z22.s, z4.s
    2984:	65800820 	fmul	z0.s, z1.s, z0.s
    2988:	658302f7 	fadd	z23.s, z23.s, z3.s
    298c:	65820318 	fadd	z24.s, z24.s, z2.s
    2990:	65800252 	fadd	z18.s, z18.s, z0.s
    2994:	6b00027f 	cmp	w19, w0
    2998:	54fffe0c 	b.gt	2958 <conv_sve_rowtriple+0x358>
    299c:	f94047e0 	ldr	x0, [sp, #136]
    29a0:	f94103e1 	ldr	x1, [sp, #512]
    29a4:	8b010000 	add	x0, x0, x1
    29a8:	7100009f 	cmp	w4, #0x0
    29ac:	5400590d 	b.le	34cc <conv_sve_rowtriple+0xecc>
    29b0:	f9405fe6 	ldr	x6, [sp, #184]
    29b4:	f9406be7 	ldr	x7, [sp, #208]
    29b8:	d2800001 	mov	x1, #0x0                   	// #0
    29bc:	25b8c011 	mov	z17.s, #0
    29c0:	a94fafea 	ldp	x10, x11, [sp, #248]
    29c4:	f9409fec 	ldr	x12, [sp, #312]
    29c8:	04713234 	mov	z20.d, z17.d
    29cc:	04713233 	mov	z19.d, z17.d
    29d0:	f940b3e9 	ldr	x9, [sp, #352]
    29d4:	f940c3e8 	ldr	x8, [sp, #384]
    29d8:	04713235 	mov	z21.d, z17.d
    29dc:	d503201f 	nop
    29e0:	d37ef422 	lsl	x2, x1, #2
    29e4:	8b020103 	add	x3, x8, x2
    29e8:	a5414004 	ld1w	{z4.s}, p0/z, [x0, x1, lsl #2]
    29ec:	a54140c1 	ld1w	{z1.s}, p0/z, [x6, x1, lsl #2]
    29f0:	8540c062 	ld1rw	{z2.s}, p0/z, [x3]
    29f4:	65820887 	fmul	z7.s, z4.s, z2.s
    29f8:	8b020125 	add	x5, x9, x2
    29fc:	658702d6 	fadd	z22.s, z22.s, z7.s
    2a00:	65820827 	fmul	z7.s, z1.s, z2.s
    2a04:	a54140e0 	ld1w	{z0.s}, p0/z, [x7, x1, lsl #2]
    2a08:	a5414143 	ld1w	{z3.s}, p0/z, [x10, x1, lsl #2]
    2a0c:	8540c0a5 	ld1rw	{z5.s}, p0/z, [x5]
    2a10:	0420bc99 	movprfx	z25, z4
    2a14:	05201039 	ext	z25.b, z25.b, z1.b, #4
    2a18:	658702f7 	fadd	z23.s, z23.s, z7.s
    2a1c:	65850b30 	fmul	z16.s, z25.s, z5.s
    2a20:	65820807 	fmul	z7.s, z0.s, z2.s
    2a24:	65820862 	fmul	z2.s, z3.s, z2.s
    2a28:	a5414166 	ld1w	{z6.s}, p0/z, [x11, x1, lsl #2]
    2a2c:	8b020343 	add	x3, x26, x2
    2a30:	65870318 	fadd	z24.s, z24.s, z7.s
    2a34:	65820252 	fadd	z18.s, z18.s, z2.s
    2a38:	0420bc07 	movprfx	z7, z0
    2a3c:	05201067 	ext	z7.b, z7.b, z3.b, #4
    2a40:	8b0c0042 	add	x2, x2, x12
    2a44:	658508e2 	fmul	z2.s, z7.s, z5.s
    2a48:	659002d6 	fadd	z22.s, z22.s, z16.s
    2a4c:	91000821 	add	x1, x1, #0x2
    2a50:	0420bc30 	movprfx	z16, z1
    2a54:	05201010 	ext	z16.b, z16.b, z0.b, #4
    2a58:	65850a1a 	fmul	z26.s, z16.s, z5.s
    2a5c:	658508c5 	fmul	z5.s, z6.s, z5.s
    2a60:	65820318 	fadd	z24.s, z24.s, z2.s
    2a64:	65850252 	fadd	z18.s, z18.s, z5.s
    2a68:	8540c042 	ld1rw	{z2.s}, p0/z, [x2]
    2a6c:	8540c065 	ld1rw	{z5.s}, p0/z, [x3]
    2a70:	65820b39 	fmul	z25.s, z25.s, z2.s
    2a74:	65850884 	fmul	z4.s, z4.s, z5.s
    2a78:	65850821 	fmul	z1.s, z1.s, z5.s
    2a7c:	658402b5 	fadd	z21.s, z21.s, z4.s
    2a80:	65810273 	fadd	z19.s, z19.s, z1.s
    2a84:	65850800 	fmul	z0.s, z0.s, z5.s
    2a88:	65850863 	fmul	z3.s, z3.s, z5.s
    2a8c:	65800294 	fadd	z20.s, z20.s, z0.s
    2a90:	65830231 	fadd	z17.s, z17.s, z3.s
    2a94:	65820a10 	fmul	z16.s, z16.s, z2.s
    2a98:	658208e7 	fmul	z7.s, z7.s, z2.s
    2a9c:	658208c6 	fmul	z6.s, z6.s, z2.s
    2aa0:	659a02f7 	fadd	z23.s, z23.s, z26.s
    2aa4:	659902b5 	fadd	z21.s, z21.s, z25.s
    2aa8:	65900273 	fadd	z19.s, z19.s, z16.s
    2aac:	65870294 	fadd	z20.s, z20.s, z7.s
    2ab0:	65860231 	fadd	z17.s, z17.s, z6.s
    2ab4:	6b01009f 	cmp	w4, w1
    2ab8:	54fff94c 	b.gt	29e0 <conv_sve_rowtriple+0x3e0>
    2abc:	b9406be1 	ldr	w1, [sp, #104]
    2ac0:	6b01027f 	cmp	w19, w1
    2ac4:	54004fed 	b.le	34c0 <conv_sve_rowtriple+0xec0>
    2ac8:	f940c3e6 	ldr	x6, [sp, #384]
    2acc:	d37ef681 	lsl	x1, x20, #2
    2ad0:	8b010002 	add	x2, x0, x1
    2ad4:	8b010343 	add	x3, x26, x1
    2ad8:	a540a041 	ld1w	{z1.s}, p0/z, [x2]
    2adc:	8540c062 	ld1rw	{z2.s}, p0/z, [x3]
    2ae0:	8b1403c2 	add	x2, x30, x20
    2ae4:	8b140383 	add	x3, x28, x20
    2ae8:	8b0100c5 	add	x5, x6, x1
    2aec:	8540c0a0 	ld1rw	{z0.s}, p0/z, [x5]
    2af0:	65800823 	fmul	z3.s, z1.s, z0.s
    2af4:	658302d6 	fadd	z22.s, z22.s, z3.s
    2af8:	65820823 	fmul	z3.s, z1.s, z2.s
    2afc:	a5424001 	ld1w	{z1.s}, p0/z, [x0, x2, lsl #2]
    2b00:	658302b5 	fadd	z21.s, z21.s, z3.s
    2b04:	8b140322 	add	x2, x25, x20
    2b08:	65800823 	fmul	z3.s, z1.s, z0.s
    2b0c:	65820821 	fmul	z1.s, z1.s, z2.s
    2b10:	65810273 	fadd	z19.s, z19.s, z1.s
    2b14:	658302f7 	fadd	z23.s, z23.s, z3.s
    2b18:	a5434001 	ld1w	{z1.s}, p0/z, [x0, x3, lsl #2]
    2b1c:	b9406be3 	ldr	w3, [sp, #104]
    2b20:	65800823 	fmul	z3.s, z1.s, z0.s
    2b24:	65820821 	fmul	z1.s, z1.s, z2.s
    2b28:	65830318 	fadd	z24.s, z24.s, z3.s
    2b2c:	65810294 	fadd	z20.s, z20.s, z1.s
    2b30:	a5424001 	ld1w	{z1.s}, p0/z, [x0, x2, lsl #2]
    2b34:	65800820 	fmul	z0.s, z1.s, z0.s
    2b38:	65820821 	fmul	z1.s, z1.s, z2.s
    2b3c:	65800252 	fadd	z18.s, z18.s, z0.s
    2b40:	65810231 	fadd	z17.s, z17.s, z1.s
    2b44:	11000463 	add	w3, w3, #0x1
    2b48:	b90077e3 	str	w3, [sp, #116]
    2b4c:	6b13007f 	cmp	w3, w19
    2b50:	540003ea 	b.ge	2bcc <conv_sve_rowtriple+0x5cc>  // b.tcont
    2b54:	91001021 	add	x1, x1, #0x4
    2b58:	93407c62 	sxtw	x2, w3
    2b5c:	8b0100c5 	add	x5, x6, x1
    2b60:	8b010003 	add	x3, x0, x1
    2b64:	8b010341 	add	x1, x26, x1
    2b68:	8540c0a0 	ld1rw	{z0.s}, p0/z, [x5]
    2b6c:	a540a061 	ld1w	{z1.s}, p0/z, [x3]
    2b70:	65800823 	fmul	z3.s, z1.s, z0.s
    2b74:	8540c022 	ld1rw	{z2.s}, p0/z, [x1]
    2b78:	8b0203c3 	add	x3, x30, x2
    2b7c:	658302d6 	fadd	z22.s, z22.s, z3.s
    2b80:	65820823 	fmul	z3.s, z1.s, z2.s
    2b84:	8b020381 	add	x1, x28, x2
    2b88:	a5434001 	ld1w	{z1.s}, p0/z, [x0, x3, lsl #2]
    2b8c:	8b020322 	add	x2, x25, x2
    2b90:	658302b5 	fadd	z21.s, z21.s, z3.s
    2b94:	65800823 	fmul	z3.s, z1.s, z0.s
    2b98:	65820821 	fmul	z1.s, z1.s, z2.s
    2b9c:	658302f7 	fadd	z23.s, z23.s, z3.s
    2ba0:	65810273 	fadd	z19.s, z19.s, z1.s
    2ba4:	a5414003 	ld1w	{z3.s}, p0/z, [x0, x1, lsl #2]
    2ba8:	a5424001 	ld1w	{z1.s}, p0/z, [x0, x2, lsl #2]
    2bac:	65800864 	fmul	z4.s, z3.s, z0.s
    2bb0:	65800820 	fmul	z0.s, z1.s, z0.s
    2bb4:	65820863 	fmul	z3.s, z3.s, z2.s
    2bb8:	65820821 	fmul	z1.s, z1.s, z2.s
    2bbc:	65840318 	fadd	z24.s, z24.s, z4.s
    2bc0:	65830294 	fadd	z20.s, z20.s, z3.s
    2bc4:	65800252 	fadd	z18.s, z18.s, z0.s
    2bc8:	65810231 	fadd	z17.s, z17.s, z1.s
    2bcc:	b94077f6 	ldr	w22, [sp, #116]
    2bd0:	f9404fe0 	ldr	x0, [sp, #152]
    2bd4:	d37ef681 	lsl	x1, x20, #2
    2bd8:	8b1403c2 	add	x2, x30, x20
    2bdc:	a95ba7e5 	ldp	x5, x9, [sp, #440]
    2be0:	f940f3e7 	ldr	x7, [sp, #480]
    2be4:	d37ef442 	lsl	x2, x2, #2
    2be8:	52800055 	mov	w21, #0x2                   	// #2
    2bec:	a916e3f7 	stp	x23, x24, [sp, #360]
    2bf0:	b94197f8 	ldr	w24, [sp, #404]
    2bf4:	25b8c007 	mov	z7.s, #0
    2bf8:	046730e3 	mov	z3.d, z7.d
    2bfc:	f900bffa 	str	x26, [sp, #376]
    2c00:	f9409fe6 	ldr	x6, [sp, #312]
    2c04:	046730e2 	mov	z2.d, z7.d
    2c08:	046730e6 	mov	z6.d, z7.d
    2c0c:	8b140011 	add	x17, x0, x20
    2c10:	8b160012 	add	x18, x0, x22
    2c14:	f9404be0 	ldr	x0, [sp, #144]
    2c18:	f940dbfa 	ldr	x26, [sp, #432]
    2c1c:	cb0502c3 	sub	x3, x22, x5
    2c20:	f94107f7 	ldr	x23, [sp, #520]
    2c24:	f900abe2 	str	x2, [sp, #336]
    2c28:	d37ef6d6 	lsl	x22, x22, #2
    2c2c:	d37ef463 	lsl	x3, x3, #2
    2c30:	a9078fe1 	stp	x1, x3, [sp, #120]
    2c34:	8b140381 	add	x1, x28, x20
    2c38:	f940ffe3 	ldr	x3, [sp, #504]
    2c3c:	d37ef421 	lsl	x1, x1, #2
    2c40:	f900a7e1 	str	x1, [sp, #328]
    2c44:	8b110811 	add	x17, x0, x17, lsl #2
    2c48:	8b120812 	add	x18, x0, x18, lsl #2
    2c4c:	8b140320 	add	x0, x25, x20
    2c50:	8b1400b4 	add	x20, x5, x20
    2c54:	f94047e5 	ldr	x5, [sp, #136]
    2c58:	d37ef400 	lsl	x0, x0, #2
    2c5c:	f900a3e0 	str	x0, [sp, #320]
    2c60:	d37ef694 	lsl	x20, x20, #2
    2c64:	8b0700a8 	add	x8, x5, x7
    2c68:	f940f7e7 	ldr	x7, [sp, #488]
    2c6c:	8b0300aa 	add	x10, x5, x3
    2c70:	8b0700ac 	add	x12, x5, x7
    2c74:	f940fbe7 	ldr	x7, [sp, #496]
    2c78:	8b0700ab 	add	x11, x5, x7
    2c7c:	f940b3e7 	ldr	x7, [sp, #352]
    2c80:	cb1a010d 	sub	x13, x8, x26
    2c84:	8b1700ef 	add	x15, x7, x23
    2c88:	8b0602ee 	add	x14, x23, x6
    2c8c:	d10010c5 	sub	x5, x6, #0x4
    2c90:	7100009f 	cmp	w4, #0x0
    2c94:	540009cd 	b.le	2dcc <conv_sve_rowtriple+0x7cc>
    2c98:	d2800000 	mov	x0, #0x0                   	// #0
    2c9c:	d503201f 	nop
    2ca0:	d37ef401 	lsl	x1, x0, #2
    2ca4:	8b0101e2 	add	x2, x15, x1
    2ca8:	8b090023 	add	x3, x1, x9
    2cac:	a5404101 	ld1w	{z1.s}, p0/z, [x8, x0, lsl #2]
    2cb0:	a54041a5 	ld1w	{z5.s}, p0/z, [x13, x0, lsl #2]
    2cb4:	8540c050 	ld1rw	{z16.s}, p0/z, [x2]
    2cb8:	8540c07d 	ld1rw	{z29.s}, p0/z, [x3]
    2cbc:	0420bcbb 	movprfx	z27, z5
    2cc0:	0520103b 	ext	z27.b, z27.b, z1.b, #4
    2cc4:	659008ba 	fmul	z26.s, z5.s, z16.s
    2cc8:	659d0b7c 	fmul	z28.s, z27.s, z29.s
    2ccc:	a5404180 	ld1w	{z0.s}, p0/z, [x12, x0, lsl #2]
    2cd0:	a5404164 	ld1w	{z4.s}, p0/z, [x11, x0, lsl #2]
    2cd4:	659a02d6 	fadd	z22.s, z22.s, z26.s
    2cd8:	6590083a 	fmul	z26.s, z1.s, z16.s
    2cdc:	659c02d6 	fadd	z22.s, z22.s, z28.s
    2ce0:	6590081c 	fmul	z28.s, z0.s, z16.s
    2ce4:	65900890 	fmul	z16.s, z4.s, z16.s
    2ce8:	8b0101c2 	add	x2, x14, x1
    2cec:	659a02f7 	fadd	z23.s, z23.s, z26.s
    2cf0:	659c0318 	fadd	z24.s, z24.s, z28.s
    2cf4:	0420bc3a 	movprfx	z26, z1
    2cf8:	0520101a 	ext	z26.b, z26.b, z0.b, #4
    2cfc:	0420bc1c 	movprfx	z28, z0
    2d00:	0520109c 	ext	z28.b, z28.b, z4.b, #4
    2d04:	659d0b5e 	fmul	z30.s, z26.s, z29.s
    2d08:	65900252 	fadd	z18.s, z18.s, z16.s
    2d0c:	659d0b90 	fmul	z16.s, z28.s, z29.s
    2d10:	659e02f7 	fadd	z23.s, z23.s, z30.s
    2d14:	65900318 	fadd	z24.s, z24.s, z16.s
    2d18:	a5404159 	ld1w	{z25.s}, p0/z, [x10, x0, lsl #2]
    2d1c:	8540c050 	ld1rw	{z16.s}, p0/z, [x2]
    2d20:	659008be 	fmul	z30.s, z5.s, z16.s
    2d24:	659e02b5 	fadd	z21.s, z21.s, z30.s
    2d28:	8b0100a2 	add	x2, x5, x1
    2d2c:	6590083e 	fmul	z30.s, z1.s, z16.s
    2d30:	659e0273 	fadd	z19.s, z19.s, z30.s
    2d34:	659d0b3d 	fmul	z29.s, z25.s, z29.s
    2d38:	8b070023 	add	x3, x1, x7
    2d3c:	6590081e 	fmul	z30.s, z0.s, z16.s
    2d40:	65900890 	fmul	z16.s, z4.s, z16.s
    2d44:	8b060021 	add	x1, x1, x6
    2d48:	65900231 	fadd	z17.s, z17.s, z16.s
    2d4c:	8540c050 	ld1rw	{z16.s}, p0/z, [x2]
    2d50:	65900821 	fmul	z1.s, z1.s, z16.s
    2d54:	659d0252 	fadd	z18.s, z18.s, z29.s
    2d58:	65810042 	fadd	z2.s, z2.s, z1.s
    2d5c:	8540c07d 	ld1rw	{z29.s}, p0/z, [x3]
    2d60:	65900801 	fmul	z1.s, z0.s, z16.s
    2d64:	659d0b7f 	fmul	z31.s, z27.s, z29.s
    2d68:	65810060 	fadd	z0.s, z3.s, z1.s
    2d6c:	91000800 	add	x0, x0, #0x2
    2d70:	8540c023 	ld1rw	{z3.s}, p0/z, [x1]
    2d74:	659e0294 	fadd	z20.s, z20.s, z30.s
    2d78:	65830b7b 	fmul	z27.s, z27.s, z3.s
    2d7c:	659d0b9e 	fmul	z30.s, z28.s, z29.s
    2d80:	659f02b5 	fadd	z21.s, z21.s, z31.s
    2d84:	659008a5 	fmul	z5.s, z5.s, z16.s
    2d88:	659d0b5f 	fmul	z31.s, z26.s, z29.s
    2d8c:	658500c6 	fadd	z6.s, z6.s, z5.s
    2d90:	659d0b3d 	fmul	z29.s, z25.s, z29.s
    2d94:	65830b5a 	fmul	z26.s, z26.s, z3.s
    2d98:	65830b39 	fmul	z25.s, z25.s, z3.s
    2d9c:	65900884 	fmul	z4.s, z4.s, z16.s
    2da0:	65830b9c 	fmul	z28.s, z28.s, z3.s
    2da4:	658400e1 	fadd	z1.s, z7.s, z4.s
    2da8:	659f0273 	fadd	z19.s, z19.s, z31.s
    2dac:	659e0294 	fadd	z20.s, z20.s, z30.s
    2db0:	659d0231 	fadd	z17.s, z17.s, z29.s
    2db4:	659b00c6 	fadd	z6.s, z6.s, z27.s
    2db8:	659a0042 	fadd	z2.s, z2.s, z26.s
    2dbc:	659c0003 	fadd	z3.s, z0.s, z28.s
    2dc0:	65990027 	fadd	z7.s, z1.s, z25.s
    2dc4:	6b00009f 	cmp	w4, w0
    2dc8:	54fff6cc 	b.gt	2ca0 <conv_sve_rowtriple+0x6a0>
    2dcc:	b9406be0 	ldr	w0, [sp, #104]
    2dd0:	6b13001f 	cmp	w0, w19
    2dd4:	5400098a 	b.ge	2f04 <conv_sve_rowtriple+0x904>  // b.tcont
    2dd8:	f9403fe2 	ldr	x2, [sp, #120]
    2ddc:	d10010e0 	sub	x0, x7, #0x4
    2de0:	8b1400a1 	add	x1, x5, x20
    2de4:	a55e4230 	ld1w	{z16.s}, p0/z, [x17, x30, lsl #2]
    2de8:	8540c020 	ld1rw	{z0.s}, p0/z, [x1]
    2dec:	b94077e1 	ldr	w1, [sp, #116]
    2df0:	a540a239 	ld1w	{z25.s}, p0/z, [x17]
    2df4:	a55c4225 	ld1w	{z5.s}, p0/z, [x17, x28, lsl #2]
    2df8:	a5594224 	ld1w	{z4.s}, p0/z, [x17, x25, lsl #2]
    2dfc:	8b0200a5 	add	x5, x5, x2
    2e00:	8b140002 	add	x2, x0, x20
    2e04:	8540c041 	ld1rw	{z1.s}, p0/z, [x2]
    2e08:	65810a1a 	fmul	z26.s, z16.s, z1.s
    2e0c:	65810b3b 	fmul	z27.s, z25.s, z1.s
    2e10:	659a02f7 	fadd	z23.s, z23.s, z26.s
    2e14:	658108ba 	fmul	z26.s, z5.s, z1.s
    2e18:	65810881 	fmul	z1.s, z4.s, z1.s
    2e1c:	65810252 	fadd	z18.s, z18.s, z1.s
    2e20:	659a0318 	fadd	z24.s, z24.s, z26.s
    2e24:	65800a01 	fmul	z1.s, z16.s, z0.s
    2e28:	65800b3a 	fmul	z26.s, z25.s, z0.s
    2e2c:	65810273 	fadd	z19.s, z19.s, z1.s
    2e30:	659b02d6 	fadd	z22.s, z22.s, z27.s
    2e34:	658008a1 	fmul	z1.s, z5.s, z0.s
    2e38:	65800880 	fmul	z0.s, z4.s, z0.s
    2e3c:	659a02b5 	fadd	z21.s, z21.s, z26.s
    2e40:	65800231 	fadd	z17.s, z17.s, z0.s
    2e44:	65810294 	fadd	z20.s, z20.s, z1.s
    2e48:	8540c0a0 	ld1rw	{z0.s}, p0/z, [x5]
    2e4c:	65800b39 	fmul	z25.s, z25.s, z0.s
    2e50:	65800a10 	fmul	z16.s, z16.s, z0.s
    2e54:	658008a5 	fmul	z5.s, z5.s, z0.s
    2e58:	65800884 	fmul	z4.s, z4.s, z0.s
    2e5c:	659900c6 	fadd	z6.s, z6.s, z25.s
    2e60:	65900042 	fadd	z2.s, z2.s, z16.s
    2e64:	65850063 	fadd	z3.s, z3.s, z5.s
    2e68:	658400e7 	fadd	z7.s, z7.s, z4.s
    2e6c:	6b01027f 	cmp	w19, w1
    2e70:	540004ad 	b.le	2f04 <conv_sve_rowtriple+0x904>
    2e74:	d1001121 	sub	x1, x9, #0x4
    2e78:	f94043e3 	ldr	x3, [sp, #128]
    2e7c:	a55e4250 	ld1w	{z16.s}, p0/z, [x18, x30, lsl #2]
    2e80:	a540a259 	ld1w	{z25.s}, p0/z, [x18]
    2e84:	8b0102c1 	add	x1, x22, x1
    2e88:	a55c4245 	ld1w	{z5.s}, p0/z, [x18, x28, lsl #2]
    2e8c:	a5594244 	ld1w	{z4.s}, p0/z, [x18, x25, lsl #2]
    2e90:	8b160002 	add	x2, x0, x22
    2e94:	8540c021 	ld1rw	{z1.s}, p0/z, [x1]
    2e98:	65810a1a 	fmul	z26.s, z16.s, z1.s
    2e9c:	65810b3b 	fmul	z27.s, z25.s, z1.s
    2ea0:	659a02f7 	fadd	z23.s, z23.s, z26.s
    2ea4:	658108ba 	fmul	z26.s, z5.s, z1.s
    2ea8:	65810881 	fmul	z1.s, z4.s, z1.s
    2eac:	8540c040 	ld1rw	{z0.s}, p0/z, [x2]
    2eb0:	65810252 	fadd	z18.s, z18.s, z1.s
    2eb4:	65800a01 	fmul	z1.s, z16.s, z0.s
    2eb8:	8b030000 	add	x0, x0, x3
    2ebc:	659a0318 	fadd	z24.s, z24.s, z26.s
    2ec0:	65810273 	fadd	z19.s, z19.s, z1.s
    2ec4:	65800b3a 	fmul	z26.s, z25.s, z0.s
    2ec8:	658008a1 	fmul	z1.s, z5.s, z0.s
    2ecc:	65800880 	fmul	z0.s, z4.s, z0.s
    2ed0:	659b02d6 	fadd	z22.s, z22.s, z27.s
    2ed4:	65800231 	fadd	z17.s, z17.s, z0.s
    2ed8:	659a02b5 	fadd	z21.s, z21.s, z26.s
    2edc:	8540c000 	ld1rw	{z0.s}, p0/z, [x0]
    2ee0:	65810294 	fadd	z20.s, z20.s, z1.s
    2ee4:	65800b39 	fmul	z25.s, z25.s, z0.s
    2ee8:	65800a10 	fmul	z16.s, z16.s, z0.s
    2eec:	658008a5 	fmul	z5.s, z5.s, z0.s
    2ef0:	65800884 	fmul	z4.s, z4.s, z0.s
    2ef4:	659900c6 	fadd	z6.s, z6.s, z25.s
    2ef8:	65900042 	fadd	z2.s, z2.s, z16.s
    2efc:	65850063 	fadd	z3.s, z3.s, z5.s
    2f00:	658400e7 	fadd	z7.s, z7.s, z4.s
    2f04:	110006b5 	add	w21, w21, #0x1
    2f08:	8b100252 	add	x18, x18, x16
    2f0c:	8b100231 	add	x17, x17, x16
    2f10:	8b1b0129 	add	x9, x9, x27
    2f14:	8b1b00e7 	add	x7, x7, x27
    2f18:	8b1b00c6 	add	x6, x6, x27
    2f1c:	8b100108 	add	x8, x8, x16
    2f20:	8b10018c 	add	x12, x12, x16
    2f24:	8b10016b 	add	x11, x11, x16
    2f28:	8b10014a 	add	x10, x10, x16
    2f2c:	6b15031f 	cmp	w24, w21
    2f30:	54ffea81 	b.ne	2c80 <conv_sve_rowtriple+0x680>  // b.any
    2f34:	f94047e0 	ldr	x0, [sp, #136]
    2f38:	f940efe1 	ldr	x1, [sp, #472]
    2f3c:	a956e3f7 	ldp	x23, x24, [sp, #360]
    2f40:	f940bffa 	ldr	x26, [sp, #376]
    2f44:	8b010000 	add	x0, x0, x1
    2f48:	7100009f 	cmp	w4, #0x0
    2f4c:	540007cd 	b.le	3044 <conv_sve_rowtriple+0xa44>
    2f50:	a94a9fe6 	ldp	x6, x7, [sp, #168]
    2f54:	a94c27e8 	ldp	x8, x9, [sp, #192]
    2f58:	d2800001 	mov	x1, #0x0                   	// #0
    2f5c:	f940afea 	ldr	x10, [sp, #344]
    2f60:	f940c7eb 	ldr	x11, [sp, #392]
    2f64:	f9410fec 	ldr	x12, [sp, #536]
    2f68:	d37ef422 	lsl	x2, x1, #2
    2f6c:	8b0202e3 	add	x3, x23, x2
    2f70:	8b020165 	add	x5, x11, x2
    2f74:	a54140e4 	ld1w	{z4.s}, p0/z, [x7, x1, lsl #2]
    2f78:	8540c065 	ld1rw	{z5.s}, p0/z, [x3]
    2f7c:	a5414010 	ld1w	{z16.s}, p0/z, [x0, x1, lsl #2]
    2f80:	8540c0b9 	ld1rw	{z25.s}, p0/z, [x5]
    2f84:	65850a1b 	fmul	z27.s, z16.s, z5.s
    2f88:	0420be1c 	movprfx	z28, z16
    2f8c:	0520109c 	ext	z28.b, z28.b, z4.b, #4
    2f90:	65990b9d 	fmul	z29.s, z28.s, z25.s
    2f94:	a5414100 	ld1w	{z0.s}, p0/z, [x8, x1, lsl #2]
    2f98:	a54140c1 	ld1w	{z1.s}, p0/z, [x6, x1, lsl #2]
    2f9c:	659b02b5 	fadd	z21.s, z21.s, z27.s
    2fa0:	6585089b 	fmul	z27.s, z4.s, z5.s
    2fa4:	659d02b5 	fadd	z21.s, z21.s, z29.s
    2fa8:	6585081d 	fmul	z29.s, z0.s, z5.s
    2fac:	65850825 	fmul	z5.s, z1.s, z5.s
    2fb0:	a541413a 	ld1w	{z26.s}, p0/z, [x9, x1, lsl #2]
    2fb4:	8b020143 	add	x3, x10, x2
    2fb8:	659b0273 	fadd	z19.s, z19.s, z27.s
    2fbc:	659d0294 	fadd	z20.s, z20.s, z29.s
    2fc0:	0420bc9b 	movprfx	z27, z4
    2fc4:	0520101b 	ext	z27.b, z27.b, z0.b, #4
    2fc8:	0420bc1d 	movprfx	z29, z0
    2fcc:	0520103d 	ext	z29.b, z29.b, z1.b, #4
    2fd0:	65990b7e 	fmul	z30.s, z27.s, z25.s
    2fd4:	65850231 	fadd	z17.s, z17.s, z5.s
    2fd8:	8b020182 	add	x2, x12, x2
    2fdc:	65990ba5 	fmul	z5.s, z29.s, z25.s
    2fe0:	91000821 	add	x1, x1, #0x2
    2fe4:	65990b59 	fmul	z25.s, z26.s, z25.s
    2fe8:	65850294 	fadd	z20.s, z20.s, z5.s
    2fec:	65990231 	fadd	z17.s, z17.s, z25.s
    2ff0:	8540c045 	ld1rw	{z5.s}, p0/z, [x2]
    2ff4:	8540c079 	ld1rw	{z25.s}, p0/z, [x3]
    2ff8:	65850b9c 	fmul	z28.s, z28.s, z5.s
    2ffc:	65990a10 	fmul	z16.s, z16.s, z25.s
    3000:	65990884 	fmul	z4.s, z4.s, z25.s
    3004:	659000c6 	fadd	z6.s, z6.s, z16.s
    3008:	65840042 	fadd	z2.s, z2.s, z4.s
    300c:	65990800 	fmul	z0.s, z0.s, z25.s
    3010:	65990821 	fmul	z1.s, z1.s, z25.s
    3014:	65800060 	fadd	z0.s, z3.s, z0.s
    3018:	658100e1 	fadd	z1.s, z7.s, z1.s
    301c:	65850b7b 	fmul	z27.s, z27.s, z5.s
    3020:	65850bbd 	fmul	z29.s, z29.s, z5.s
    3024:	65850b5a 	fmul	z26.s, z26.s, z5.s
    3028:	659e0273 	fadd	z19.s, z19.s, z30.s
    302c:	659c00c6 	fadd	z6.s, z6.s, z28.s
    3030:	659b0042 	fadd	z2.s, z2.s, z27.s
    3034:	659d0003 	fadd	z3.s, z0.s, z29.s
    3038:	659a0027 	fadd	z7.s, z1.s, z26.s
    303c:	6b01009f 	cmp	w4, w1
    3040:	54fff94c 	b.gt	2f68 <conv_sve_rowtriple+0x968>
    3044:	b9406be1 	ldr	w1, [sp, #104]
    3048:	6b13003f 	cmp	w1, w19
    304c:	5400214a 	b.ge	3474 <conv_sve_rowtriple+0xe74>  // b.tcont
    3050:	f9403fe5 	ldr	x5, [sp, #120]
    3054:	f940afe8 	ldr	x8, [sp, #344]
    3058:	8b050002 	add	x2, x0, x5
    305c:	8b050101 	add	x1, x8, x5
    3060:	8b0502e3 	add	x3, x23, x5
    3064:	8540c024 	ld1rw	{z4.s}, p0/z, [x1]
    3068:	a540a041 	ld1w	{z1.s}, p0/z, [x2]
    306c:	a9548be1 	ldp	x1, x2, [sp, #328]
    3070:	8540c060 	ld1rw	{z0.s}, p0/z, [x3]
    3074:	65800825 	fmul	z5.s, z1.s, z0.s
    3078:	658502b5 	fadd	z21.s, z21.s, z5.s
    307c:	65840825 	fmul	z5.s, z1.s, z4.s
    3080:	658500c6 	fadd	z6.s, z6.s, z5.s
    3084:	8b020002 	add	x2, x0, x2
    3088:	8b010001 	add	x1, x0, x1
    308c:	a540a041 	ld1w	{z1.s}, p0/z, [x2]
    3090:	65800825 	fmul	z5.s, z1.s, z0.s
    3094:	f940a3e2 	ldr	x2, [sp, #320]
    3098:	65850273 	fadd	z19.s, z19.s, z5.s
    309c:	a540a025 	ld1w	{z5.s}, p0/z, [x1]
    30a0:	b94077e1 	ldr	w1, [sp, #116]
    30a4:	65840821 	fmul	z1.s, z1.s, z4.s
    30a8:	658008b0 	fmul	z16.s, z5.s, z0.s
    30ac:	65810042 	fadd	z2.s, z2.s, z1.s
    30b0:	658408a5 	fmul	z5.s, z5.s, z4.s
    30b4:	65900294 	fadd	z20.s, z20.s, z16.s
    30b8:	65850063 	fadd	z3.s, z3.s, z5.s
    30bc:	8b020002 	add	x2, x0, x2
    30c0:	a540a041 	ld1w	{z1.s}, p0/z, [x2]
    30c4:	65800820 	fmul	z0.s, z1.s, z0.s
    30c8:	65840821 	fmul	z1.s, z1.s, z4.s
    30cc:	65800231 	fadd	z17.s, z17.s, z0.s
    30d0:	658100e7 	fadd	z7.s, z7.s, z1.s
    30d4:	6b01027f 	cmp	w19, w1
    30d8:	540003ed 	b.le	3154 <conv_sve_rowtriple+0xb54>
    30dc:	910010a2 	add	x2, x5, #0x4
    30e0:	93407c21 	sxtw	x1, w1
    30e4:	8b020006 	add	x6, x0, x2
    30e8:	8b0202e7 	add	x7, x23, x2
    30ec:	8b020102 	add	x2, x8, x2
    30f0:	8540c0e0 	ld1rw	{z0.s}, p0/z, [x7]
    30f4:	a540a0d0 	ld1w	{z16.s}, p0/z, [x6]
    30f8:	8b0103c5 	add	x5, x30, x1
    30fc:	65800a04 	fmul	z4.s, z16.s, z0.s
    3100:	8b010386 	add	x6, x28, x1
    3104:	a5454005 	ld1w	{z5.s}, p0/z, [x0, x5, lsl #2]
    3108:	658402b5 	fadd	z21.s, z21.s, z4.s
    310c:	658008a1 	fmul	z1.s, z5.s, z0.s
    3110:	8540c044 	ld1rw	{z4.s}, p0/z, [x2]
    3114:	658408a5 	fmul	z5.s, z5.s, z4.s
    3118:	8b010321 	add	x1, x25, x1
    311c:	65810273 	fadd	z19.s, z19.s, z1.s
    3120:	65850042 	fadd	z2.s, z2.s, z5.s
    3124:	a5464001 	ld1w	{z1.s}, p0/z, [x0, x6, lsl #2]
    3128:	65800825 	fmul	z5.s, z1.s, z0.s
    312c:	65840821 	fmul	z1.s, z1.s, z4.s
    3130:	65840a10 	fmul	z16.s, z16.s, z4.s
    3134:	65810063 	fadd	z3.s, z3.s, z1.s
    3138:	659000c6 	fadd	z6.s, z6.s, z16.s
    313c:	a5414001 	ld1w	{z1.s}, p0/z, [x0, x1, lsl #2]
    3140:	65850294 	fadd	z20.s, z20.s, z5.s
    3144:	65800820 	fmul	z0.s, z1.s, z0.s
    3148:	65840821 	fmul	z1.s, z1.s, z4.s
    314c:	65800231 	fadd	z17.s, z17.s, z0.s
    3150:	658100e7 	fadd	z7.s, z7.s, z1.s
    3154:	f94047e0 	ldr	x0, [sp, #136]
    3158:	f940ebe1 	ldr	x1, [sp, #464]
    315c:	8b010002 	add	x2, x0, x1
    3160:	7100009f 	cmp	w4, #0x0
    3164:	5400054d 	b.le	320c <conv_sve_rowtriple+0xc0c>
    3168:	a94d9be5 	ldp	x5, x6, [sp, #216]
    316c:	a94ea3e7 	ldp	x7, x8, [sp, #232]
    3170:	d2800000 	mov	x0, #0x0                   	// #0
    3174:	f940c7e9 	ldr	x9, [sp, #392]
    3178:	d37ef401 	lsl	x1, x0, #2
    317c:	8b0102e3 	add	x3, x23, x1
    3180:	a5404100 	ld1w	{z0.s}, p0/z, [x8, x0, lsl #2]
    3184:	a54040e4 	ld1w	{z4.s}, p0/z, [x7, x0, lsl #2]
    3188:	8540c07a 	ld1rw	{z26.s}, p0/z, [x3]
    318c:	a5404041 	ld1w	{z1.s}, p0/z, [x2, x0, lsl #2]
    3190:	659a081c 	fmul	z28.s, z0.s, z26.s
    3194:	659a0825 	fmul	z5.s, z1.s, z26.s
    3198:	8b010121 	add	x1, x9, x1
    319c:	05201001 	ext	z1.b, z1.b, z0.b, #4
    31a0:	05201080 	ext	z0.b, z0.b, z4.b, #4
    31a4:	a54040d0 	ld1w	{z16.s}, p0/z, [x6, x0, lsl #2]
    31a8:	8540c039 	ld1rw	{z25.s}, p0/z, [x1]
    31ac:	a54040bb 	ld1w	{z27.s}, p0/z, [x5, x0, lsl #2]
    31b0:	658500c6 	fadd	z6.s, z6.s, z5.s
    31b4:	65990821 	fmul	z1.s, z1.s, z25.s
    31b8:	659c0042 	fadd	z2.s, z2.s, z28.s
    31bc:	65990805 	fmul	z5.s, z0.s, z25.s
    31c0:	659a089c 	fmul	z28.s, z4.s, z26.s
    31c4:	91000800 	add	x0, x0, #0x2
    31c8:	659c0060 	fadd	z0.s, z3.s, z28.s
    31cc:	658100c6 	fadd	z6.s, z6.s, z1.s
    31d0:	05201204 	ext	z4.b, z4.b, z16.b, #4
    31d4:	659a0a01 	fmul	z1.s, z16.s, z26.s
    31d8:	65990884 	fmul	z4.s, z4.s, z25.s
    31dc:	658100e1 	fadd	z1.s, z7.s, z1.s
    31e0:	65840003 	fadd	z3.s, z0.s, z4.s
    31e4:	65850042 	fadd	z2.s, z2.s, z5.s
    31e8:	65990b60 	fmul	z0.s, z27.s, z25.s
    31ec:	65800027 	fadd	z7.s, z1.s, z0.s
    31f0:	6b00009f 	cmp	w4, w0
    31f4:	54fffc2c 	b.gt	3178 <conv_sve_rowtriple+0xb78>
    31f8:	f9403fe0 	ldr	x0, [sp, #120]
    31fc:	8b0002e3 	add	x3, x23, x0
    3200:	b9406be0 	ldr	w0, [sp, #104]
    3204:	6b13001f 	cmp	w0, w19
    3208:	540005aa 	b.ge	32bc <conv_sve_rowtriple+0xcbc>  // b.tcont
    320c:	f940abe0 	ldr	x0, [sp, #336]
    3210:	8540c060 	ld1rw	{z0.s}, p0/z, [x3]
    3214:	f9403fe6 	ldr	x6, [sp, #120]
    3218:	8b000045 	add	x5, x2, x0
    321c:	f940a7e0 	ldr	x0, [sp, #328]
    3220:	8b060043 	add	x3, x2, x6
    3224:	a540a0a4 	ld1w	{z4.s}, p0/z, [x5]
    3228:	65800884 	fmul	z4.s, z4.s, z0.s
    322c:	65840042 	fadd	z2.s, z2.s, z4.s
    3230:	8b000041 	add	x1, x2, x0
    3234:	f940a3e0 	ldr	x0, [sp, #320]
    3238:	a540a021 	ld1w	{z1.s}, p0/z, [x1]
    323c:	65800821 	fmul	z1.s, z1.s, z0.s
    3240:	65810063 	fadd	z3.s, z3.s, z1.s
    3244:	a540a061 	ld1w	{z1.s}, p0/z, [x3]
    3248:	8b000040 	add	x0, x2, x0
    324c:	a540a004 	ld1w	{z4.s}, p0/z, [x0]
    3250:	b94077e0 	ldr	w0, [sp, #116]
    3254:	65800884 	fmul	z4.s, z4.s, z0.s
    3258:	65800820 	fmul	z0.s, z1.s, z0.s
    325c:	658400e7 	fadd	z7.s, z7.s, z4.s
    3260:	658000c6 	fadd	z6.s, z6.s, z0.s
    3264:	6b00027f 	cmp	w19, w0
    3268:	540002ad 	b.le	32bc <conv_sve_rowtriple+0xcbc>
    326c:	93407c00 	sxtw	x0, w0
    3270:	910010c1 	add	x1, x6, #0x4
    3274:	8b0102e3 	add	x3, x23, x1
    3278:	8b010041 	add	x1, x2, x1
    327c:	8b0003c5 	add	x5, x30, x0
    3280:	8540c060 	ld1rw	{z0.s}, p0/z, [x3]
    3284:	a540a024 	ld1w	{z4.s}, p0/z, [x1]
    3288:	8b000383 	add	x3, x28, x0
    328c:	65800884 	fmul	z4.s, z4.s, z0.s
    3290:	8b000320 	add	x0, x25, x0
    3294:	a5454041 	ld1w	{z1.s}, p0/z, [x2, x5, lsl #2]
    3298:	65800821 	fmul	z1.s, z1.s, z0.s
    329c:	658400c6 	fadd	z6.s, z6.s, z4.s
    32a0:	65810042 	fadd	z2.s, z2.s, z1.s
    32a4:	a5434044 	ld1w	{z4.s}, p0/z, [x2, x3, lsl #2]
    32a8:	a5404041 	ld1w	{z1.s}, p0/z, [x2, x0, lsl #2]
    32ac:	65800884 	fmul	z4.s, z4.s, z0.s
    32b0:	65800820 	fmul	z0.s, z1.s, z0.s
    32b4:	65840063 	fadd	z3.s, z3.s, z4.s
    32b8:	658000e7 	fadd	z7.s, z7.s, z0.s
    32bc:	f94047e5 	ldr	x5, [sp, #136]
    32c0:	a9598fe7 	ldp	x7, x3, [sp, #408]
    32c4:	f94097e8 	ldr	x8, [sp, #296]
    32c8:	f94053e9 	ldr	x9, [sp, #160]
    32cc:	f940d7e6 	ldr	x6, [sp, #424]
    32d0:	b94193ea 	ldr	w10, [sp, #400]
    32d4:	8b050062 	add	x2, x3, x5
    32d8:	8b0500e0 	add	x0, x7, x5
    32dc:	e540e056 	st1w	{z22.s}, p0, [x2]
    32e0:	8b080062 	add	x2, x3, x8
    32e4:	e540e006 	st1w	{z6.s}, p0, [x0]
    32e8:	8b0800e0 	add	x0, x7, x8
    32ec:	e540e057 	st1w	{z23.s}, p0, [x2]
    32f0:	8b090062 	add	x2, x3, x9
    32f4:	8b0500c1 	add	x1, x6, x5
    32f8:	e540e002 	st1w	{z2.s}, p0, [x0]
    32fc:	e540e058 	st1w	{z24.s}, p0, [x2]
    3300:	f9409be2 	ldr	x2, [sp, #304]
    3304:	e540e035 	st1w	{z21.s}, p0, [x1]
    3308:	8b0800c1 	add	x1, x6, x8
    330c:	8b0900c0 	add	x0, x6, x9
    3310:	e540e033 	st1w	{z19.s}, p0, [x1]
    3314:	8b0900e1 	add	x1, x7, x9
    3318:	0430e3ea 	incb	x10
    331c:	e540e014 	st1w	{z20.s}, p0, [x0]
    3320:	e540e023 	st1w	{z3.s}, p0, [x1]
    3324:	b90193ea 	str	w10, [sp, #400]
    3328:	8b020060 	add	x0, x3, x2
    332c:	8b0200c1 	add	x1, x6, x2
    3330:	b94213e3 	ldr	w3, [sp, #528]
    3334:	e540e012 	st1w	{z18.s}, p0, [x0]
    3338:	8b0200e0 	add	x0, x7, x2
    333c:	e540e031 	st1w	{z17.s}, p0, [x1]
    3340:	f9407be1 	ldr	x1, [sp, #240]
    3344:	e540e007 	st1w	{z7.s}, p0, [x0]
    3348:	f94073e0 	ldr	x0, [sp, #224]
    334c:	4b0a0074 	sub	w20, w3, w10
    3350:	8b180021 	add	x1, x1, x24
    3354:	8b180000 	add	x0, x0, x24
    3358:	f9007be1 	str	x1, [sp, #240]
    335c:	f94077e1 	ldr	x1, [sp, #232]
    3360:	f90073e0 	str	x0, [sp, #224]
    3364:	f9406fe0 	ldr	x0, [sp, #216]
    3368:	8b180021 	add	x1, x1, x24
    336c:	8b180000 	add	x0, x0, x24
    3370:	f90077e1 	str	x1, [sp, #232]
    3374:	f9006fe0 	str	x0, [sp, #216]
    3378:	f9405be0 	ldr	x0, [sp, #176]
    337c:	8b180000 	add	x0, x0, x24
    3380:	f9005be0 	str	x0, [sp, #176]
    3384:	f94063e0 	ldr	x0, [sp, #192]
    3388:	f940e7e1 	ldr	x1, [sp, #456]
    338c:	8b180000 	add	x0, x0, x24
    3390:	f90063e0 	str	x0, [sp, #192]
    3394:	f94057e0 	ldr	x0, [sp, #168]
    3398:	8b180000 	add	x0, x0, x24
    339c:	f90057e0 	str	x0, [sp, #168]
    33a0:	f94067e0 	ldr	x0, [sp, #200]
    33a4:	8b180000 	add	x0, x0, x24
    33a8:	f90067e0 	str	x0, [sp, #200]
    33ac:	f9404fe0 	ldr	x0, [sp, #152]
    33b0:	8b010000 	add	x0, x0, x1
    33b4:	f9004fe0 	str	x0, [sp, #152]
    33b8:	f9405fe0 	ldr	x0, [sp, #184]
    33bc:	8b180000 	add	x0, x0, x24
    33c0:	f9005fe0 	str	x0, [sp, #184]
    33c4:	f9406be0 	ldr	x0, [sp, #208]
    33c8:	8b180000 	add	x0, x0, x24
    33cc:	f9006be0 	str	x0, [sp, #208]
    33d0:	f9407fe0 	ldr	x0, [sp, #248]
    33d4:	8b180000 	add	x0, x0, x24
    33d8:	f9007fe0 	str	x0, [sp, #248]
    33dc:	f94083e0 	ldr	x0, [sp, #256]
    33e0:	8b180000 	add	x0, x0, x24
    33e4:	f90083e0 	str	x0, [sp, #256]
    33e8:	f94087e0 	ldr	x0, [sp, #264]
    33ec:	8b180000 	add	x0, x0, x24
    33f0:	f90087e0 	str	x0, [sp, #264]
    33f4:	f9408be0 	ldr	x0, [sp, #272]
    33f8:	8b180000 	add	x0, x0, x24
    33fc:	f9008be0 	str	x0, [sp, #272]
    3400:	f9408fe0 	ldr	x0, [sp, #280]
    3404:	8b180000 	add	x0, x0, x24
    3408:	f9008fe0 	str	x0, [sp, #280]
    340c:	f94093e0 	ldr	x0, [sp, #288]
    3410:	8b180000 	add	x0, x0, x24
    3414:	f90093e0 	str	x0, [sp, #288]
    3418:	8b1800a0 	add	x0, x5, x24
    341c:	f90047e0 	str	x0, [sp, #136]
    3420:	8b180100 	add	x0, x8, x24
    3424:	f90097e0 	str	x0, [sp, #296]
    3428:	8b180120 	add	x0, x9, x24
    342c:	f90053e0 	str	x0, [sp, #160]
    3430:	8b180040 	add	x0, x2, x24
    3434:	f9009be0 	str	x0, [sp, #304]
    3438:	0420e3e0 	cntb	x0
    343c:	6b00029f 	cmp	w20, w0
    3440:	54ffa18a 	b.ge	2870 <conv_sve_rowtriple+0x270>  // b.tcont
    3444:	a94573fb 	ldp	x27, x28, [sp, #80]
    3448:	b94193e1 	ldr	w1, [sp, #400]
    344c:	b94213e0 	ldr	w0, [sp, #528]
    3450:	6b01001f 	cmp	w0, w1
    3454:	5400046c 	b.gt	34e0 <conv_sve_rowtriple+0xee0>
    3458:	a9407bfd 	ldp	x29, x30, [sp]
    345c:	a94153f3 	ldp	x19, x20, [sp, #16]
    3460:	a9425bf5 	ldp	x21, x22, [sp, #32]
    3464:	a94363f7 	ldp	x23, x24, [sp, #48]
    3468:	a9446bf9 	ldp	x25, x26, [sp, #64]
    346c:	9108c3ff 	add	sp, sp, #0x230
    3470:	d65f03c0 	ret
    3474:	f94047e0 	ldr	x0, [sp, #136]
    3478:	f940ebe1 	ldr	x1, [sp, #464]
    347c:	8b010002 	add	x2, x0, x1
    3480:	7100009f 	cmp	w4, #0x0
    3484:	54ffe72c 	b.gt	3168 <conv_sve_rowtriple+0xb68>
    3488:	17ffff8d 	b	32bc <conv_sve_rowtriple+0xcbc>
    348c:	7100027f 	cmp	w19, #0x0
    3490:	540009ed 	b.le	35cc <conv_sve_rowtriple+0xfcc>
    3494:	25b8c016 	mov	z22.s, #0
    3498:	047632d8 	mov	z24.d, z22.d
    349c:	047632d2 	mov	z18.d, z22.d
    34a0:	047632d7 	mov	z23.d, z22.d
    34a4:	b9006bff 	str	wzr, [sp, #104]
    34a8:	17fffd22 	b	2930 <conv_sve_rowtriple+0x330>
    34ac:	f94047e0 	ldr	x0, [sp, #136]
    34b0:	f94103e1 	ldr	x1, [sp, #512]
    34b4:	f94117f4 	ldr	x20, [sp, #552]
    34b8:	8b010000 	add	x0, x0, x1
    34bc:	17fffd3d 	b	29b0 <conv_sve_rowtriple+0x3b0>
    34c0:	11000420 	add	w0, w1, #0x1
    34c4:	b90077e0 	str	w0, [sp, #116]
    34c8:	17fffdc1 	b	2bcc <conv_sve_rowtriple+0x5cc>
    34cc:	25b8c011 	mov	z17.s, #0
    34d0:	04713234 	mov	z20.d, z17.d
    34d4:	04713233 	mov	z19.d, z17.d
    34d8:	04713235 	mov	z21.d, z17.d
    34dc:	17fffd78 	b	2abc <conv_sve_rowtriple+0x4bc>
    34e0:	b94197f9 	ldr	w25, [sp, #404]
    34e4:	f9404bf8 	ldr	x24, [sp, #144]
    34e8:	937e7c36 	sbfiz	x22, x1, #2, #32
    34ec:	93407c35 	sxtw	x21, w1
    34f0:	f940d3e0 	ldr	x0, [sp, #416]
    34f4:	f94113f7 	ldr	x23, [sp, #544]
    34f8:	2a1403e6 	mov	w6, w20
    34fc:	2a1303e4 	mov	w4, w19
    3500:	aa1a03e2 	mov	x2, x26
    3504:	2a1903e3 	mov	w3, w25
    3508:	8b160005 	add	x5, x0, x22
    350c:	aa1703e1 	mov	x1, x23
    3510:	8b160300 	add	x0, x24, x22
    3514:	97fff387 	bl	330 <conv_sve_prefix>
    3518:	f940d7e2 	ldr	x2, [sp, #424]
    351c:	8b1702a0 	add	x0, x21, x23
    3520:	aa1703e1 	mov	x1, x23
    3524:	2a1403e6 	mov	w6, w20
    3528:	8b000b00 	add	x0, x24, x0, lsl #2
    352c:	2a1303e4 	mov	w4, w19
    3530:	2a1903e3 	mov	w3, w25
    3534:	8b160045 	add	x5, x2, x22
    3538:	aa1a03e2 	mov	x2, x26
    353c:	97fff37d 	bl	330 <conv_sve_prefix>
    3540:	f940cfe2 	ldr	x2, [sp, #408]
    3544:	8b1706a0 	add	x0, x21, x23, lsl #1
    3548:	aa1703e1 	mov	x1, x23
    354c:	2a1403e6 	mov	w6, w20
    3550:	2a1303e4 	mov	w4, w19
    3554:	2a1903e3 	mov	w3, w25
    3558:	a9407bfd 	ldp	x29, x30, [sp]
    355c:	a94153f3 	ldp	x19, x20, [sp, #16]
    3560:	8b000b00 	add	x0, x24, x0, lsl #2
    3564:	a94363f7 	ldp	x23, x24, [sp, #48]
    3568:	8b160045 	add	x5, x2, x22
    356c:	aa1a03e2 	mov	x2, x26
    3570:	a9425bf5 	ldp	x21, x22, [sp, #32]
    3574:	a9446bf9 	ldp	x25, x26, [sp, #64]
    3578:	9108c3ff 	add	sp, sp, #0x230
    357c:	17fff36d 	b	330 <conv_sve_prefix>
    3580:	b94213f4 	ldr	w20, [sp, #528]
    3584:	2a1403e7 	mov	w7, w20
    3588:	97fffa26 	bl	1e20 <conv_sve_rowpair>
    358c:	f9404be0 	ldr	x0, [sp, #144]
    3590:	f94113e1 	ldr	x1, [sp, #544]
    3594:	2a1403e6 	mov	w6, w20
    3598:	2a1303e4 	mov	w4, w19
    359c:	b94197e3 	ldr	w3, [sp, #404]
    35a0:	aa1a03e2 	mov	x2, x26
    35a4:	a9407bfd 	ldp	x29, x30, [sp]
    35a8:	a94153f3 	ldp	x19, x20, [sp, #16]
    35ac:	a9446bf9 	ldp	x25, x26, [sp, #64]
    35b0:	f940cfe5 	ldr	x5, [sp, #408]
    35b4:	9108c3ff 	add	sp, sp, #0x230
    35b8:	8b010c00 	add	x0, x0, x1, lsl #3
    35bc:	17fff35d 	b	330 <conv_sve_prefix>
    35c0:	2a0903f4 	mov	w20, w9
    35c4:	b90193ff 	str	wzr, [sp, #400]
    35c8:	17ffffa0 	b	3448 <conv_sve_rowtriple+0xe48>
    35cc:	52800020 	mov	w0, #0x1                   	// #1
    35d0:	25b8c011 	mov	z17.s, #0
    35d4:	d2800014 	mov	x20, #0x0                   	// #0
    35d8:	04713234 	mov	z20.d, z17.d
    35dc:	04713233 	mov	z19.d, z17.d
    35e0:	04713236 	mov	z22.d, z17.d
    35e4:	04713235 	mov	z21.d, z17.d
    35e8:	04713232 	mov	z18.d, z17.d
    35ec:	04713238 	mov	z24.d, z17.d
    35f0:	04713237 	mov	z23.d, z17.d
    35f4:	b9006bff 	str	wzr, [sp, #104]
    35f8:	b90077e0 	str	w0, [sp, #116]
    35fc:	17fffd74 	b	2bcc <conv_sve_rowtriple+0x5cc>

0000000000003600 <conv_sve_rowquad>:
    3600:	d10bc3ff 	sub	sp, sp, #0x2f0
    3604:	a9017bfd 	stp	x29, x30, [sp, #16]
    3608:	910043fd 	add	x29, sp, #0x10
    360c:	9108a3ea 	add	x10, sp, #0x228
    3610:	b942fbe9 	ldr	w9, [sp, #760]
    3614:	f9417be8 	ldr	x8, [sp, #752]
    3618:	a90253f3 	stp	x19, x20, [sp, #32]
    361c:	a90673fb 	stp	x27, x28, [sp, #96]
    3620:	aa0203fc 	mov	x28, x2
    3624:	2a0403fb 	mov	w27, w4
    3628:	a9011d46 	stp	x6, x7, [x10, #16]
    362c:	f9007fe0 	str	x0, [sp, #248]
    3630:	b901ebe3 	str	w3, [sp, #488]
    3634:	f90173e1 	str	x1, [sp, #736]
    3638:	a9001548 	stp	x8, x5, [x10]
    363c:	b9025be9 	str	w9, [sp, #600]
    3640:	71000c7f 	cmp	w3, #0x3
    3644:	5400bb6d 	b.le	4db0 <conv_sve_rowquad+0x17b0>
    3648:	0420e3e0 	cntb	x0
    364c:	a9035bf5 	stp	x21, x22, [sp, #48]
    3650:	a90463f7 	stp	x23, x24, [sp, #64]
    3654:	6b00013f 	cmp	w9, w0
    3658:	5400bceb 	b.lt	4df4 <conv_sve_rowquad+0x17f4>  // b.tstop
    365c:	b941ebe0 	ldr	w0, [sp, #488]
    3660:	aa0103ef 	mov	x15, x1
    3664:	d37ef437 	lsl	x23, x1, #2
    3668:	8b010428 	add	x8, x1, x1, lsl #1
    366c:	a9056bf9 	stp	x25, x26, [sp, #80]
    3670:	937e7f7a 	sbfiz	x26, x27, #2, #32
    3674:	5100088b 	sub	w11, w4, #0x2
    3678:	0460e3e6 	cnth	x6
    367c:	121f7970 	and	w16, w11, #0xfffffffe
    3680:	937e7cd3 	sbfiz	x19, x6, #2, #32
    3684:	aa1303f5 	mov	x21, x19
    3688:	04a2e3e5 	cntw	x5, all, mul #3
    368c:	11000a10 	add	w16, w16, #0x2
    3690:	04a0e3e7 	cntw	x7
    3694:	937e7cb4 	sbfiz	x20, x5, #2, #32
    3698:	aa1403f9 	mov	x25, x20
    369c:	93407c01 	sxtw	x1, w0
    36a0:	51000803 	sub	w3, w0, #0x2
    36a4:	b9025ff0 	str	w16, [sp, #604]
    36a8:	937e7cf2 	sbfiz	x18, x7, #2, #32
    36ac:	9b1a7063 	madd	x3, x3, x26, x28
    36b0:	aa1203fe 	mov	x30, x18
    36b4:	91001284 	add	x4, x20, #0x4
    36b8:	51000409 	sub	w9, w0, #0x1
    36bc:	9b0f7c21 	mul	x1, x1, x15
    36c0:	51000c0d 	sub	w13, w0, #0x3
    36c4:	d37df1e0 	lsl	x0, x15, #3
    36c8:	8b00028e 	add	x14, x20, x0
    36cc:	93407cb4 	sxtw	x20, w5
    36d0:	a91167fe 	stp	x30, x25, [sp, #272]
    36d4:	aa1303f8 	mov	x24, x19
    36d8:	6d0727e8 	stp	d8, d9, [sp, #112]
    36dc:	f9006be3 	str	x3, [sp, #208]
    36e0:	8b1a0383 	add	x3, x28, x26
    36e4:	93407ce7 	sxtw	x7, w7
    36e8:	a91063e8 	stp	x8, x24, [sp, #256]
    36ec:	8b0f0022 	add	x2, x1, x15
    36f0:	f9006fe3 	str	x3, [sp, #216]
    36f4:	d37ef423 	lsl	x3, x1, #2
    36f8:	9b1a71ad 	madd	x13, x13, x26, x28
    36fc:	8b0f0051 	add	x17, x2, x15
    3700:	d37ef442 	lsl	x2, x2, #2
    3704:	8b020325 	add	x5, x25, x2
    3708:	f90057e7 	str	x7, [sp, #168]
    370c:	d37ef621 	lsl	x1, x17, #2
    3710:	93407cd1 	sxtw	x17, w6
    3714:	8b0102a6 	add	x6, x21, x1
    3718:	8b010330 	add	x16, x25, x1
    371c:	f9004fe6 	str	x6, [sp, #152]
    3720:	b9825fe6 	ldrsw	x6, [sp, #604]
    3724:	8b030339 	add	x25, x25, x3
    3728:	8b0103c7 	add	x7, x30, x1
    372c:	f90073f9 	str	x25, [sp, #224]
    3730:	f9407ff9 	ldr	x25, [sp, #248]
    3734:	8b020318 	add	x24, x24, x2
    3738:	8b0203d5 	add	x21, x30, x2
    373c:	8b0303de 	add	x30, x30, x3
    3740:	6d082fea 	stp	d10, d11, [sp, #128]
    3744:	f90053f8 	str	x24, [sp, #160]
    3748:	f9005bf1 	str	x17, [sp, #176]
    374c:	f9005ff4 	str	x20, [sp, #184]
    3750:	f90063e5 	str	x5, [sp, #192]
    3754:	8b000088 	add	x8, x4, x0
    3758:	9b1a7136 	madd	x22, x9, x26, x28
    375c:	f90177e6 	str	x6, [sp, #744]
    3760:	93407f66 	sxtw	x6, w27
    3764:	f90067fe 	str	x30, [sp, #200]
    3768:	8b00024a 	add	x10, x18, x0
    376c:	8b070327 	add	x7, x25, x7
    3770:	f900ffed 	str	x13, [sp, #504]
    3774:	f94083e5 	ldr	x5, [sp, #256]
    3778:	8b00026c 	add	x12, x19, x0
    377c:	f90127e6 	str	x6, [sp, #584]
    3780:	0420e3e6 	cntb	x6
    3784:	f900c3e7 	str	x7, [sp, #384]
    3788:	cb170109 	sub	x9, x8, x23
    378c:	93407cc6 	sxtw	x6, w6
    3790:	f94087fe 	ldr	x30, [sp, #264]
    3794:	91001252 	add	x18, x18, #0x4
    3798:	91001273 	add	x19, x19, #0x4
    379c:	8b090014 	add	x20, x0, x9
    37a0:	8b100330 	add	x16, x25, x16
    37a4:	8b020098 	add	x24, x4, x2
    37a8:	2518e3e0 	ptrue	p0.b
    37ac:	f90133e6 	str	x6, [sp, #608]
    37b0:	8b1a0386 	add	x6, x28, x26
    37b4:	d37ef4a5 	lsl	x5, x5, #2
    37b8:	8b050273 	add	x19, x19, x5
    37bc:	8b1a00c6 	add	x6, x6, x26
    37c0:	8b050252 	add	x18, x18, x5
    37c4:	8b1900a5 	add	x5, x5, x25
    37c8:	f900fbe6 	str	x6, [sp, #496]
    37cc:	f9404fe7 	ldr	x7, [sp, #152]
    37d0:	aa1903e6 	mov	x6, x25
    37d4:	cb17014b 	sub	x11, x10, x23
    37d8:	8b0800c8 	add	x8, x6, x8
    37dc:	cb17018d 	sub	x13, x12, x23
    37e0:	cb1701cf 	sub	x15, x14, x23
    37e4:	f900cfe8 	str	x8, [sp, #408]
    37e8:	8b060288 	add	x8, x20, x6
    37ec:	8b0303de 	add	x30, x30, x3
    37f0:	8b010091 	add	x17, x4, x1
    37f4:	f90157e8 	str	x8, [sp, #680]
    37f8:	8b0900c8 	add	x8, x6, x9
    37fc:	8b070339 	add	x25, x25, x7
    3800:	f94053e7 	ldr	x7, [sp, #160]
    3804:	f900dfe8 	str	x8, [sp, #440]
    3808:	8b1500c8 	add	x8, x6, x21
    380c:	f90097e8 	str	x8, [sp, #296]
    3810:	a91767f0 	stp	x16, x25, [sp, #368]
    3814:	8b1100d0 	add	x16, x6, x17
    3818:	0420e3f9 	cntb	x25
    381c:	f900b7f0 	str	x16, [sp, #360]
    3820:	8b060030 	add	x16, x1, x6
    3824:	937e7f39 	sbfiz	x25, x25, #2, #32
    3828:	f90137f0 	str	x16, [sp, #616]
    382c:	937f7f70 	sbfiz	x16, x27, #1, #32
    3830:	f9012bf0 	str	x16, [sp, #592]
    3834:	8b0700c8 	add	x8, x6, x7
    3838:	f94063e7 	ldr	x7, [sp, #192]
    383c:	f9009be8 	str	x8, [sp, #304]
    3840:	8b0700c7 	add	x7, x6, x7
    3844:	f900b3e7 	str	x7, [sp, #352]
    3848:	8b1800c7 	add	x7, x6, x24
    384c:	51000778 	sub	w24, w27, #0x1
    3850:	f9009fe7 	str	x7, [sp, #312]
    3854:	8b060047 	add	x7, x2, x6
    3858:	8b0b0002 	add	x2, x0, x11
    385c:	f9013be7 	str	x7, [sp, #624]
    3860:	8b0a00c7 	add	x7, x6, x10
    3864:	f900abe7 	str	x7, [sp, #336]
    3868:	8b060047 	add	x7, x2, x6
    386c:	8b0d0002 	add	x2, x0, x13
    3870:	f90143e7 	str	x7, [sp, #640]
    3874:	8b0b00c7 	add	x7, x6, x11
    3878:	f900d3e7 	str	x7, [sp, #416]
    387c:	8b0c00c7 	add	x7, x6, x12
    3880:	f900c7e7 	str	x7, [sp, #392]
    3884:	8b060047 	add	x7, x2, x6
    3888:	8b0f0002 	add	x2, x0, x15
    388c:	8b060000 	add	x0, x0, x6
    3890:	f90147e7 	str	x7, [sp, #648]
    3894:	8b0d00c7 	add	x7, x6, x13
    3898:	f9015be0 	str	x0, [sp, #688]
    389c:	8b0602e0 	add	x0, x23, x6
    38a0:	f900d7e7 	str	x7, [sp, #424]
    38a4:	8b0e00c7 	add	x7, x6, x14
    38a8:	f900cbe7 	str	x7, [sp, #400]
    38ac:	8b060047 	add	x7, x2, x6
    38b0:	f94067e2 	ldr	x2, [sp, #200]
    38b4:	f9014fe7 	str	x7, [sp, #664]
    38b8:	8b0f00c7 	add	x7, x6, x15
    38bc:	f900dbe7 	str	x7, [sp, #432]
    38c0:	8b0200c7 	add	x7, x6, x2
    38c4:	f94073e2 	ldr	x2, [sp, #224]
    38c8:	f900a3e7 	str	x7, [sp, #320]
    38cc:	8b1e00c7 	add	x7, x6, x30
    38d0:	f900a7e7 	str	x7, [sp, #328]
    38d4:	8b0200c7 	add	x7, x6, x2
    38d8:	8b030082 	add	x2, x4, x3
    38dc:	8b0200c2 	add	x2, x6, x2
    38e0:	f900afe7 	str	x7, [sp, #344]
    38e4:	f90093e2 	str	x2, [sp, #288]
    38e8:	8b060062 	add	x2, x3, x6
    38ec:	8b1a0383 	add	x3, x28, x26
    38f0:	f9013fe2 	str	x2, [sp, #632]
    38f4:	8b0400c2 	add	x2, x6, x4
    38f8:	a95f37e1 	ldp	x1, x13, [sp, #496]
    38fc:	f90167e2 	str	x2, [sp, #712]
    3900:	8b060242 	add	x2, x18, x6
    3904:	a95153fe 	ldp	x30, x20, [sp, #272]
    3908:	f9014be2 	str	x2, [sp, #656]
    390c:	8b060262 	add	x2, x19, x6
    3910:	f94087f3 	ldr	x19, [sp, #264]
    3914:	f90153e2 	str	x2, [sp, #672]
    3918:	910010a2 	add	x2, x5, #0x4
    391c:	f9015fe0 	str	x0, [sp, #696]
    3920:	91001380 	add	x0, x28, #0x4
    3924:	91001021 	add	x1, x1, #0x4
    3928:	f90063ff 	str	xzr, [sp, #192]
    392c:	f900efe0 	str	x0, [sp, #472]
    3930:	f9016be1 	str	x1, [sp, #720]
    3934:	8b1e00c1 	add	x1, x6, x30
    3938:	aa1a03fe 	mov	x30, x26
    393c:	aa1903fa 	mov	x26, x25
    3940:	f900e3e1 	str	x1, [sp, #448]
    3944:	8b1300c1 	add	x1, x6, x19
    3948:	aa1603f9 	mov	x25, x22
    394c:	b901efff 	str	wzr, [sp, #492]
    3950:	f900e7e1 	str	x1, [sp, #456]
    3954:	8b1400c1 	add	x1, x6, x20
    3958:	f90163e2 	str	x2, [sp, #704]
    395c:	f900ebe1 	str	x1, [sp, #464]
    3960:	91001061 	add	x1, x3, #0x4
    3964:	f9406be3 	ldr	x3, [sp, #208]
    3968:	f9010fe1 	str	x1, [sp, #536]
    396c:	910012c1 	add	x1, x22, #0x4
    3970:	f900f3e1 	str	x1, [sp, #480]
    3974:	91001061 	add	x1, x3, #0x4
    3978:	f90113e1 	str	x1, [sp, #544]
    397c:	910011a1 	add	x1, x13, #0x4
    3980:	f9016fe1 	str	x1, [sp, #728]
    3984:	d503201f 	nop
    3988:	f94063e1 	ldr	x1, [sp, #192]
    398c:	f9407fe0 	ldr	x0, [sp, #248]
    3990:	8b010002 	add	x2, x0, x1
    3994:	7100031f 	cmp	w24, #0x0
    3998:	540099cd 	b.le	4cd0 <conv_sve_rowquad+0x16d0>
    399c:	f94167e3 	ldr	x3, [sp, #712]
    39a0:	a95c1be5 	ldp	x5, x6, [sp, #448]
    39a4:	d2800000 	mov	x0, #0x0                   	// #0
    39a8:	25b8c001 	mov	z1.s, #0
    39ac:	a95d23e7 	ldp	x7, x8, [sp, #464]
    39b0:	0461303b 	mov	z27.d, z1.d
    39b4:	0461303a 	mov	z26.d, z1.d
    39b8:	04613039 	mov	z25.d, z1.d
    39bc:	8b010064 	add	x4, x3, x1
    39c0:	d37ef401 	lsl	x1, x0, #2
    39c4:	8b010383 	add	x3, x28, x1
    39c8:	8b010101 	add	x1, x8, x1
    39cc:	a54040a2 	ld1w	{z2.s}, p0/z, [x5, x0, lsl #2]
    39d0:	8540c066 	ld1rw	{z6.s}, p0/z, [x3]
    39d4:	8540c025 	ld1rw	{z5.s}, p0/z, [x1]
    39d8:	a5404044 	ld1w	{z4.s}, p0/z, [x2, x0, lsl #2]
    39dc:	65860888 	fmul	z8.s, z4.s, z6.s
    39e0:	05201044 	ext	z4.b, z4.b, z2.b, #4
    39e4:	65850884 	fmul	z4.s, z4.s, z5.s
    39e8:	a54040c0 	ld1w	{z0.s}, p0/z, [x6, x0, lsl #2]
    39ec:	a54040e3 	ld1w	{z3.s}, p0/z, [x7, x0, lsl #2]
    39f0:	a5404087 	ld1w	{z7.s}, p0/z, [x4, x0, lsl #2]
    39f4:	65880339 	fadd	z25.s, z25.s, z8.s
    39f8:	91000800 	add	x0, x0, #0x2
    39fc:	65860848 	fmul	z8.s, z2.s, z6.s
    3a00:	65840339 	fadd	z25.s, z25.s, z4.s
    3a04:	05201002 	ext	z2.b, z2.b, z0.b, #4
    3a08:	65860804 	fmul	z4.s, z0.s, z6.s
    3a0c:	05201060 	ext	z0.b, z0.b, z3.b, #4
    3a10:	65850800 	fmul	z0.s, z0.s, z5.s
    3a14:	6588035a 	fadd	z26.s, z26.s, z8.s
    3a18:	65850842 	fmul	z2.s, z2.s, z5.s
    3a1c:	6584037b 	fadd	z27.s, z27.s, z4.s
    3a20:	65860863 	fmul	z3.s, z3.s, z6.s
    3a24:	6580037b 	fadd	z27.s, z27.s, z0.s
    3a28:	65830021 	fadd	z1.s, z1.s, z3.s
    3a2c:	658508e0 	fmul	z0.s, z7.s, z5.s
    3a30:	6582035a 	fadd	z26.s, z26.s, z2.s
    3a34:	65800021 	fadd	z1.s, z1.s, z0.s
    3a38:	6b00031f 	cmp	w24, w0
    3a3c:	54fffc2c 	b.gt	39c0 <conv_sve_rowquad+0x3c0>
    3a40:	b9425fe0 	ldr	w0, [sp, #604]
    3a44:	b9009be0 	str	w0, [sp, #152]
    3a48:	6b00037f 	cmp	w27, w0
    3a4c:	5400952d 	b.le	4cf0 <conv_sve_rowquad+0x16f0>
    3a50:	f9407fe1 	ldr	x1, [sp, #248]
    3a54:	f9408be3 	ldr	x3, [sp, #272]
    3a58:	b9809be0 	ldrsw	x0, [sp, #152]
    3a5c:	8b030026 	add	x6, x1, x3
    3a60:	f94087e3 	ldr	x3, [sp, #264]
    3a64:	8b030025 	add	x5, x1, x3
    3a68:	f9408fe3 	ldr	x3, [sp, #280]
    3a6c:	8b030024 	add	x4, x1, x3
    3a70:	aa0003e1 	mov	x1, x0
    3a74:	d503201f 	nop
    3a78:	8b010b83 	add	x3, x28, x1, lsl #2
    3a7c:	a5414045 	ld1w	{z5.s}, p0/z, [x2, x1, lsl #2]
    3a80:	a54140c4 	ld1w	{z4.s}, p0/z, [x6, x1, lsl #2]
    3a84:	a54140a3 	ld1w	{z3.s}, p0/z, [x5, x1, lsl #2]
    3a88:	a5414082 	ld1w	{z2.s}, p0/z, [x4, x1, lsl #2]
    3a8c:	91000421 	add	x1, x1, #0x1
    3a90:	8540c060 	ld1rw	{z0.s}, p0/z, [x3]
    3a94:	658008a5 	fmul	z5.s, z5.s, z0.s
    3a98:	65800884 	fmul	z4.s, z4.s, z0.s
    3a9c:	65800863 	fmul	z3.s, z3.s, z0.s
    3aa0:	65850339 	fadd	z25.s, z25.s, z5.s
    3aa4:	65800840 	fmul	z0.s, z2.s, z0.s
    3aa8:	6584035a 	fadd	z26.s, z26.s, z4.s
    3aac:	6583037b 	fadd	z27.s, z27.s, z3.s
    3ab0:	65800021 	fadd	z1.s, z1.s, z0.s
    3ab4:	6b01037f 	cmp	w27, w1
    3ab8:	54fffe0c 	b.gt	3a78 <conv_sve_rowquad+0x478>
    3abc:	f94063e1 	ldr	x1, [sp, #192]
    3ac0:	f9415fe2 	ldr	x2, [sp, #696]
    3ac4:	8b020021 	add	x1, x1, x2
    3ac8:	7100031f 	cmp	w24, #0x0
    3acc:	5400922d 	b.le	4d10 <conv_sve_rowquad+0x1710>
    3ad0:	f9406fe6 	ldr	x6, [sp, #216]
    3ad4:	a95a23e7 	ldp	x7, x8, [sp, #416]
    3ad8:	d2800002 	mov	x2, #0x0                   	// #0
    3adc:	25b8c002 	mov	z2.s, #0
    3ae0:	a95b2be9 	ldp	x9, x10, [sp, #432]
    3ae4:	f940efec 	ldr	x12, [sp, #472]
    3ae8:	04623056 	mov	z22.d, z2.d
    3aec:	04623055 	mov	z21.d, z2.d
    3af0:	f9410feb 	ldr	x11, [sp, #536]
    3af4:	04623058 	mov	z24.d, z2.d
    3af8:	d37ef443 	lsl	x3, x2, #2
    3afc:	8b0300c4 	add	x4, x6, x3
    3b00:	a5424026 	ld1w	{z6.s}, p0/z, [x1, x2, lsl #2]
    3b04:	a54240e3 	ld1w	{z3.s}, p0/z, [x7, x2, lsl #2]
    3b08:	8540c084 	ld1rw	{z4.s}, p0/z, [x4]
    3b0c:	658408c9 	fmul	z9.s, z6.s, z4.s
    3b10:	8b030165 	add	x5, x11, x3
    3b14:	65890339 	fadd	z25.s, z25.s, z9.s
    3b18:	65840869 	fmul	z9.s, z3.s, z4.s
    3b1c:	a5424100 	ld1w	{z0.s}, p0/z, [x8, x2, lsl #2]
    3b20:	a5424125 	ld1w	{z5.s}, p0/z, [x9, x2, lsl #2]
    3b24:	8540c0a7 	ld1rw	{z7.s}, p0/z, [x5]
    3b28:	0420bccb 	movprfx	z11, z6
    3b2c:	0520106b 	ext	z11.b, z11.b, z3.b, #4
    3b30:	6589035a 	fadd	z26.s, z26.s, z9.s
    3b34:	6587096a 	fmul	z10.s, z11.s, z7.s
    3b38:	65840809 	fmul	z9.s, z0.s, z4.s
    3b3c:	658408a4 	fmul	z4.s, z5.s, z4.s
    3b40:	a5424148 	ld1w	{z8.s}, p0/z, [x10, x2, lsl #2]
    3b44:	8b030384 	add	x4, x28, x3
    3b48:	6589037b 	fadd	z27.s, z27.s, z9.s
    3b4c:	65840021 	fadd	z1.s, z1.s, z4.s
    3b50:	0420bc09 	movprfx	z9, z0
    3b54:	052010a9 	ext	z9.b, z9.b, z5.b, #4
    3b58:	8b030183 	add	x3, x12, x3
    3b5c:	65870924 	fmul	z4.s, z9.s, z7.s
    3b60:	658a0339 	fadd	z25.s, z25.s, z10.s
    3b64:	91000842 	add	x2, x2, #0x2
    3b68:	0420bc6a 	movprfx	z10, z3
    3b6c:	0520100a 	ext	z10.b, z10.b, z0.b, #4
    3b70:	65870950 	fmul	z16.s, z10.s, z7.s
    3b74:	65870907 	fmul	z7.s, z8.s, z7.s
    3b78:	6584037b 	fadd	z27.s, z27.s, z4.s
    3b7c:	65870021 	fadd	z1.s, z1.s, z7.s
    3b80:	8540c064 	ld1rw	{z4.s}, p0/z, [x3]
    3b84:	8540c087 	ld1rw	{z7.s}, p0/z, [x4]
    3b88:	6584096b 	fmul	z11.s, z11.s, z4.s
    3b8c:	658708c6 	fmul	z6.s, z6.s, z7.s
    3b90:	65870863 	fmul	z3.s, z3.s, z7.s
    3b94:	65860318 	fadd	z24.s, z24.s, z6.s
    3b98:	658302b5 	fadd	z21.s, z21.s, z3.s
    3b9c:	65870800 	fmul	z0.s, z0.s, z7.s
    3ba0:	658708a5 	fmul	z5.s, z5.s, z7.s
    3ba4:	658002d6 	fadd	z22.s, z22.s, z0.s
    3ba8:	65850042 	fadd	z2.s, z2.s, z5.s
    3bac:	6584094a 	fmul	z10.s, z10.s, z4.s
    3bb0:	65840929 	fmul	z9.s, z9.s, z4.s
    3bb4:	65840908 	fmul	z8.s, z8.s, z4.s
    3bb8:	6590035a 	fadd	z26.s, z26.s, z16.s
    3bbc:	658b0318 	fadd	z24.s, z24.s, z11.s
    3bc0:	658a02b5 	fadd	z21.s, z21.s, z10.s
    3bc4:	658902d6 	fadd	z22.s, z22.s, z9.s
    3bc8:	65880042 	fadd	z2.s, z2.s, z8.s
    3bcc:	6b02031f 	cmp	w24, w2
    3bd0:	54fff94c 	b.gt	3af8 <conv_sve_rowquad+0x4f8>
    3bd4:	b9409be2 	ldr	w2, [sp, #152]
    3bd8:	6b02037f 	cmp	w27, w2
    3bdc:	5400894d 	b.le	4d04 <conv_sve_rowquad+0x1704>
    3be0:	f9406fe6 	ldr	x6, [sp, #216]
    3be4:	a94aa3e7 	ldp	x7, x8, [sp, #168]
    3be8:	d37ef402 	lsl	x2, x0, #2
    3bec:	8b020023 	add	x3, x1, x2
    3bf0:	a540a063 	ld1w	{z3.s}, p0/z, [x3]
    3bf4:	8b020384 	add	x4, x28, x2
    3bf8:	f9405fe9 	ldr	x9, [sp, #184]
    3bfc:	8540c084 	ld1rw	{z4.s}, p0/z, [x4]
    3c00:	8b0200c5 	add	x5, x6, x2
    3c04:	8b0000e3 	add	x3, x7, x0
    3c08:	8b000104 	add	x4, x8, x0
    3c0c:	8540c0a0 	ld1rw	{z0.s}, p0/z, [x5]
    3c10:	65800865 	fmul	z5.s, z3.s, z0.s
    3c14:	65850339 	fadd	z25.s, z25.s, z5.s
    3c18:	65840865 	fmul	z5.s, z3.s, z4.s
    3c1c:	a5434023 	ld1w	{z3.s}, p0/z, [x1, x3, lsl #2]
    3c20:	65850318 	fadd	z24.s, z24.s, z5.s
    3c24:	8b000123 	add	x3, x9, x0
    3c28:	65800865 	fmul	z5.s, z3.s, z0.s
    3c2c:	65840863 	fmul	z3.s, z3.s, z4.s
    3c30:	658302b5 	fadd	z21.s, z21.s, z3.s
    3c34:	6585035a 	fadd	z26.s, z26.s, z5.s
    3c38:	a5444023 	ld1w	{z3.s}, p0/z, [x1, x4, lsl #2]
    3c3c:	b9409be4 	ldr	w4, [sp, #152]
    3c40:	65800865 	fmul	z5.s, z3.s, z0.s
    3c44:	65840863 	fmul	z3.s, z3.s, z4.s
    3c48:	6585037b 	fadd	z27.s, z27.s, z5.s
    3c4c:	658302d6 	fadd	z22.s, z22.s, z3.s
    3c50:	a5434023 	ld1w	{z3.s}, p0/z, [x1, x3, lsl #2]
    3c54:	65800860 	fmul	z0.s, z3.s, z0.s
    3c58:	65840863 	fmul	z3.s, z3.s, z4.s
    3c5c:	65800021 	fadd	z1.s, z1.s, z0.s
    3c60:	65830042 	fadd	z2.s, z2.s, z3.s
    3c64:	11000484 	add	w4, w4, #0x1
    3c68:	b900a3e4 	str	w4, [sp, #160]
    3c6c:	6b1b009f 	cmp	w4, w27
    3c70:	540003ea 	b.ge	3cec <conv_sve_rowquad+0x6ec>  // b.tcont
    3c74:	91001042 	add	x2, x2, #0x4
    3c78:	93407c83 	sxtw	x3, w4
    3c7c:	8b0200c5 	add	x5, x6, x2
    3c80:	8b020024 	add	x4, x1, x2
    3c84:	8b020382 	add	x2, x28, x2
    3c88:	8540c0a0 	ld1rw	{z0.s}, p0/z, [x5]
    3c8c:	a540a083 	ld1w	{z3.s}, p0/z, [x4]
    3c90:	65800865 	fmul	z5.s, z3.s, z0.s
    3c94:	8540c044 	ld1rw	{z4.s}, p0/z, [x2]
    3c98:	8b0300e4 	add	x4, x7, x3
    3c9c:	65850339 	fadd	z25.s, z25.s, z5.s
    3ca0:	65840865 	fmul	z5.s, z3.s, z4.s
    3ca4:	8b030102 	add	x2, x8, x3
    3ca8:	a5444023 	ld1w	{z3.s}, p0/z, [x1, x4, lsl #2]
    3cac:	8b030123 	add	x3, x9, x3
    3cb0:	65850318 	fadd	z24.s, z24.s, z5.s
    3cb4:	65800865 	fmul	z5.s, z3.s, z0.s
    3cb8:	65840863 	fmul	z3.s, z3.s, z4.s
    3cbc:	6585035a 	fadd	z26.s, z26.s, z5.s
    3cc0:	658302b5 	fadd	z21.s, z21.s, z3.s
    3cc4:	a5424025 	ld1w	{z5.s}, p0/z, [x1, x2, lsl #2]
    3cc8:	a5434023 	ld1w	{z3.s}, p0/z, [x1, x3, lsl #2]
    3ccc:	658008a6 	fmul	z6.s, z5.s, z0.s
    3cd0:	65800860 	fmul	z0.s, z3.s, z0.s
    3cd4:	658408a5 	fmul	z5.s, z5.s, z4.s
    3cd8:	65840863 	fmul	z3.s, z3.s, z4.s
    3cdc:	6586037b 	fadd	z27.s, z27.s, z6.s
    3ce0:	658502d6 	fadd	z22.s, z22.s, z5.s
    3ce4:	65800021 	fadd	z1.s, z1.s, z0.s
    3ce8:	65830042 	fadd	z2.s, z2.s, z3.s
    3cec:	f94063e1 	ldr	x1, [sp, #192]
    3cf0:	f9415be2 	ldr	x2, [sp, #688]
    3cf4:	8b020025 	add	x5, x1, x2
    3cf8:	7100031f 	cmp	w24, #0x0
    3cfc:	54007e0d 	b.le	4cbc <conv_sve_rowquad+0x16bc>
    3d00:	f9406fe7 	ldr	x7, [sp, #216]
    3d04:	f940abe6 	ldr	x6, [sp, #336]
    3d08:	d2800001 	mov	x1, #0x0                   	// #0
    3d0c:	25b8c000 	mov	z0.s, #0
    3d10:	a958abe9 	ldp	x9, x10, [sp, #392]
    3d14:	f940cfeb 	ldr	x11, [sp, #408]
    3d18:	04603014 	mov	z20.d, z0.d
    3d1c:	04603013 	mov	z19.d, z0.d
    3d20:	f940efed 	ldr	x13, [sp, #472]
    3d24:	f940fbe8 	ldr	x8, [sp, #496]
    3d28:	04603017 	mov	z23.d, z0.d
    3d2c:	f9410fec 	ldr	x12, [sp, #536]
    3d30:	f9416bee 	ldr	x14, [sp, #720]
    3d34:	d503201f 	nop
    3d38:	d37ef422 	lsl	x2, x1, #2
    3d3c:	8b020103 	add	x3, x8, x2
    3d40:	8b0201c4 	add	x4, x14, x2
    3d44:	a54140c4 	ld1w	{z4.s}, p0/z, [x6, x1, lsl #2]
    3d48:	a54140a6 	ld1w	{z6.s}, p0/z, [x5, x1, lsl #2]
    3d4c:	8540c067 	ld1rw	{z7.s}, p0/z, [x3]
    3d50:	8540c090 	ld1rw	{z16.s}, p0/z, [x4]
    3d54:	0420bcca 	movprfx	z10, z6
    3d58:	0520108a 	ext	z10.b, z10.b, z4.b, #4
    3d5c:	658708c9 	fmul	z9.s, z6.s, z7.s
    3d60:	6590094b 	fmul	z11.s, z10.s, z16.s
    3d64:	a5414123 	ld1w	{z3.s}, p0/z, [x9, x1, lsl #2]
    3d68:	a5414145 	ld1w	{z5.s}, p0/z, [x10, x1, lsl #2]
    3d6c:	65890339 	fadd	z25.s, z25.s, z9.s
    3d70:	65870889 	fmul	z9.s, z4.s, z7.s
    3d74:	658b0339 	fadd	z25.s, z25.s, z11.s
    3d78:	6587086b 	fmul	z11.s, z3.s, z7.s
    3d7c:	658708a7 	fmul	z7.s, z5.s, z7.s
    3d80:	8b0200e3 	add	x3, x7, x2
    3d84:	6589035a 	fadd	z26.s, z26.s, z9.s
    3d88:	658b037b 	fadd	z27.s, z27.s, z11.s
    3d8c:	0420bc89 	movprfx	z9, z4
    3d90:	05201069 	ext	z9.b, z9.b, z3.b, #4
    3d94:	0420bc6b 	movprfx	z11, z3
    3d98:	052010ab 	ext	z11.b, z11.b, z5.b, #4
    3d9c:	65900931 	fmul	z17.s, z9.s, z16.s
    3da0:	65870021 	fadd	z1.s, z1.s, z7.s
    3da4:	65900967 	fmul	z7.s, z11.s, z16.s
    3da8:	6591035a 	fadd	z26.s, z26.s, z17.s
    3dac:	6587037b 	fadd	z27.s, z27.s, z7.s
    3db0:	a5414168 	ld1w	{z8.s}, p0/z, [x11, x1, lsl #2]
    3db4:	8540c067 	ld1rw	{z7.s}, p0/z, [x3]
    3db8:	658708d1 	fmul	z17.s, z6.s, z7.s
    3dbc:	65910318 	fadd	z24.s, z24.s, z17.s
    3dc0:	65900910 	fmul	z16.s, z8.s, z16.s
    3dc4:	65870891 	fmul	z17.s, z4.s, z7.s
    3dc8:	8b020184 	add	x4, x12, x2
    3dcc:	8b020383 	add	x3, x28, x2
    3dd0:	659102b5 	fadd	z21.s, z21.s, z17.s
    3dd4:	65870871 	fmul	z17.s, z3.s, z7.s
    3dd8:	658708a7 	fmul	z7.s, z5.s, z7.s
    3ddc:	8b0201a2 	add	x2, x13, x2
    3de0:	65870042 	fadd	z2.s, z2.s, z7.s
    3de4:	65900021 	fadd	z1.s, z1.s, z16.s
    3de8:	8540c067 	ld1rw	{z7.s}, p0/z, [x3]
    3dec:	8540c090 	ld1rw	{z16.s}, p0/z, [x4]
    3df0:	65870863 	fmul	z3.s, z3.s, z7.s
    3df4:	65900952 	fmul	z18.s, z10.s, z16.s
    3df8:	91000821 	add	x1, x1, #0x2
    3dfc:	659102d6 	fadd	z22.s, z22.s, z17.s
    3e00:	65830294 	fadd	z20.s, z20.s, z3.s
    3e04:	65900971 	fmul	z17.s, z11.s, z16.s
    3e08:	8540c043 	ld1rw	{z3.s}, p0/z, [x2]
    3e0c:	65920318 	fadd	z24.s, z24.s, z18.s
    3e10:	658708c6 	fmul	z6.s, z6.s, z7.s
    3e14:	65900932 	fmul	z18.s, z9.s, z16.s
    3e18:	65870884 	fmul	z4.s, z4.s, z7.s
    3e1c:	65900910 	fmul	z16.s, z8.s, z16.s
    3e20:	658602f7 	fadd	z23.s, z23.s, z6.s
    3e24:	65840273 	fadd	z19.s, z19.s, z4.s
    3e28:	658708a5 	fmul	z5.s, z5.s, z7.s
    3e2c:	6583094a 	fmul	z10.s, z10.s, z3.s
    3e30:	65850000 	fadd	z0.s, z0.s, z5.s
    3e34:	65830929 	fmul	z9.s, z9.s, z3.s
    3e38:	6583096b 	fmul	z11.s, z11.s, z3.s
    3e3c:	65830908 	fmul	z8.s, z8.s, z3.s
    3e40:	659202b5 	fadd	z21.s, z21.s, z18.s
    3e44:	659102d6 	fadd	z22.s, z22.s, z17.s
    3e48:	65900042 	fadd	z2.s, z2.s, z16.s
    3e4c:	658a02f7 	fadd	z23.s, z23.s, z10.s
    3e50:	65890273 	fadd	z19.s, z19.s, z9.s
    3e54:	658b0294 	fadd	z20.s, z20.s, z11.s
    3e58:	65880000 	fadd	z0.s, z0.s, z8.s
    3e5c:	6b01031f 	cmp	w24, w1
    3e60:	54fff6cc 	b.gt	3d38 <conv_sve_rowquad+0x738>
    3e64:	b9409be1 	ldr	w1, [sp, #152]
    3e68:	6b1b003f 	cmp	w1, w27
    3e6c:	54000aea 	b.ge	3fc8 <conv_sve_rowquad+0x9c8>  // b.tcont
    3e70:	f940fbe6 	ldr	x6, [sp, #496]
    3e74:	f9406fe7 	ldr	x7, [sp, #216]
    3e78:	d37ef401 	lsl	x1, x0, #2
    3e7c:	8b0100a3 	add	x3, x5, x1
    3e80:	a94aa7e8 	ldp	x8, x9, [sp, #168]
    3e84:	a540a065 	ld1w	{z5.s}, p0/z, [x3]
    3e88:	8b010383 	add	x3, x28, x1
    3e8c:	f9405fea 	ldr	x10, [sp, #184]
    3e90:	8540c067 	ld1rw	{z7.s}, p0/z, [x3]
    3e94:	8b0100c4 	add	x4, x6, x1
    3e98:	8b0100e2 	add	x2, x7, x1
    3e9c:	8540c084 	ld1rw	{z4.s}, p0/z, [x4]
    3ea0:	658408a6 	fmul	z6.s, z5.s, z4.s
    3ea4:	8540c043 	ld1rw	{z3.s}, p0/z, [x2]
    3ea8:	65860339 	fadd	z25.s, z25.s, z6.s
    3eac:	658308a6 	fmul	z6.s, z5.s, z3.s
    3eb0:	8b000102 	add	x2, x8, x0
    3eb4:	65860318 	fadd	z24.s, z24.s, z6.s
    3eb8:	8b000123 	add	x3, x9, x0
    3ebc:	658708a6 	fmul	z6.s, z5.s, z7.s
    3ec0:	a54240a5 	ld1w	{z5.s}, p0/z, [x5, x2, lsl #2]
    3ec4:	658602f7 	fadd	z23.s, z23.s, z6.s
    3ec8:	658408a8 	fmul	z8.s, z5.s, z4.s
    3ecc:	658308a6 	fmul	z6.s, z5.s, z3.s
    3ed0:	658602b5 	fadd	z21.s, z21.s, z6.s
    3ed4:	8b000142 	add	x2, x10, x0
    3ed8:	6588035a 	fadd	z26.s, z26.s, z8.s
    3edc:	658708a6 	fmul	z6.s, z5.s, z7.s
    3ee0:	a54340a5 	ld1w	{z5.s}, p0/z, [x5, x3, lsl #2]
    3ee4:	65860273 	fadd	z19.s, z19.s, z6.s
    3ee8:	658408a8 	fmul	z8.s, z5.s, z4.s
    3eec:	658308a6 	fmul	z6.s, z5.s, z3.s
    3ef0:	658602d6 	fadd	z22.s, z22.s, z6.s
    3ef4:	6588037b 	fadd	z27.s, z27.s, z8.s
    3ef8:	658708a6 	fmul	z6.s, z5.s, z7.s
    3efc:	a54240a5 	ld1w	{z5.s}, p0/z, [x5, x2, lsl #2]
    3f00:	b940a3e2 	ldr	w2, [sp, #160]
    3f04:	658408a4 	fmul	z4.s, z5.s, z4.s
    3f08:	658308a3 	fmul	z3.s, z5.s, z3.s
    3f0c:	65860294 	fadd	z20.s, z20.s, z6.s
    3f10:	658708a5 	fmul	z5.s, z5.s, z7.s
    3f14:	65840021 	fadd	z1.s, z1.s, z4.s
    3f18:	65830042 	fadd	z2.s, z2.s, z3.s
    3f1c:	65850000 	fadd	z0.s, z0.s, z5.s
    3f20:	6b1b005f 	cmp	w2, w27
    3f24:	5400052a 	b.ge	3fc8 <conv_sve_rowquad+0x9c8>  // b.tcont
    3f28:	91001021 	add	x1, x1, #0x4
    3f2c:	93407c42 	sxtw	x2, w2
    3f30:	8b0100a3 	add	x3, x5, x1
    3f34:	8b0100c4 	add	x4, x6, x1
    3f38:	a540a065 	ld1w	{z5.s}, p0/z, [x3]
    3f3c:	8540c084 	ld1rw	{z4.s}, p0/z, [x4]
    3f40:	8b0100e3 	add	x3, x7, x1
    3f44:	658408a6 	fmul	z6.s, z5.s, z4.s
    3f48:	8540c063 	ld1rw	{z3.s}, p0/z, [x3]
    3f4c:	8b010381 	add	x1, x28, x1
    3f50:	65860339 	fadd	z25.s, z25.s, z6.s
    3f54:	658308a6 	fmul	z6.s, z5.s, z3.s
    3f58:	8540c027 	ld1rw	{z7.s}, p0/z, [x1]
    3f5c:	8b020103 	add	x3, x8, x2
    3f60:	65860318 	fadd	z24.s, z24.s, z6.s
    3f64:	658708a6 	fmul	z6.s, z5.s, z7.s
    3f68:	a54340a5 	ld1w	{z5.s}, p0/z, [x5, x3, lsl #2]
    3f6c:	658602f7 	fadd	z23.s, z23.s, z6.s
    3f70:	658308a6 	fmul	z6.s, z5.s, z3.s
    3f74:	8b020121 	add	x1, x9, x2
    3f78:	658602b5 	fadd	z21.s, z21.s, z6.s
    3f7c:	658708a6 	fmul	z6.s, z5.s, z7.s
    3f80:	658408a8 	fmul	z8.s, z5.s, z4.s
    3f84:	8b020142 	add	x2, x10, x2
    3f88:	a54140a5 	ld1w	{z5.s}, p0/z, [x5, x1, lsl #2]
    3f8c:	65860273 	fadd	z19.s, z19.s, z6.s
    3f90:	658308a6 	fmul	z6.s, z5.s, z3.s
    3f94:	6588035a 	fadd	z26.s, z26.s, z8.s
    3f98:	658602d6 	fadd	z22.s, z22.s, z6.s
    3f9c:	658408a8 	fmul	z8.s, z5.s, z4.s
    3fa0:	658708a6 	fmul	z6.s, z5.s, z7.s
    3fa4:	6588037b 	fadd	z27.s, z27.s, z8.s
    3fa8:	a54240a5 	ld1w	{z5.s}, p0/z, [x5, x2, lsl #2]
    3fac:	65860294 	fadd	z20.s, z20.s, z6.s
    3fb0:	658408a4 	fmul	z4.s, z5.s, z4.s
    3fb4:	658308a3 	fmul	z3.s, z5.s, z3.s
    3fb8:	65840021 	fadd	z1.s, z1.s, z4.s
    3fbc:	658708a5 	fmul	z5.s, z5.s, z7.s
    3fc0:	65830042 	fadd	z2.s, z2.s, z3.s
    3fc4:	65850000 	fadd	z0.s, z0.s, z5.s
    3fc8:	d37ef404 	lsl	x4, x0, #2
    3fcc:	f94127e3 	ldr	x3, [sp, #584]
    3fd0:	b940a3f5 	ldr	w21, [sp, #160]
    3fd4:	52800076 	mov	w22, #0x3                   	// #3
    3fd8:	f90067e4 	str	x4, [sp, #200]
    3fdc:	f9412be4 	ldr	x4, [sp, #592]
    3fe0:	25b8c003 	mov	z3.s, #0
    3fe4:	04633070 	mov	z16.d, z3.d
    3fe8:	a94f8be7 	ldp	x7, x2, [sp, #248]
    3fec:	f9405fe6 	ldr	x6, [sp, #184]
    3ff0:	04633067 	mov	z7.d, z3.d
    3ff4:	04633072 	mov	z18.d, z3.d
    3ff8:	f94143e8 	ldr	x8, [sp, #640]
    3ffc:	f90103f9 	str	x25, [sp, #512]
    4000:	8b000061 	add	x1, x3, x0
    4004:	cb150065 	sub	x5, x3, x21
    4008:	cb150003 	sub	x3, x0, x21
    400c:	8b150b92 	add	x18, x28, x21, lsl #2
    4010:	8b150091 	add	x17, x4, x21
    4014:	cb150024 	sub	x4, x1, x21
    4018:	f94057e1 	ldr	x1, [sp, #168]
    401c:	d37ef4a5 	lsl	x5, x5, #2
    4020:	8b000053 	add	x19, x2, x0
    4024:	8b150054 	add	x20, x2, x21
    4028:	cb150bf5 	neg	x21, x21, lsl #2
    402c:	d37ef463 	lsl	x3, x3, #2
    4030:	8b1408f4 	add	x20, x7, x20, lsl #2
    4034:	d37ef484 	lsl	x4, x4, #2
    4038:	aa0503f9 	mov	x25, x5
    403c:	f90107fa 	str	x26, [sp, #520]
    4040:	8b1308f3 	add	x19, x7, x19, lsl #2
    4044:	f9414fe7 	ldr	x7, [sp, #664]
    4048:	aa0403fa 	mov	x26, x4
    404c:	f9010bfc 	str	x28, [sp, #528]
    4050:	8b000022 	add	x2, x1, x0
    4054:	f9405be1 	ldr	x1, [sp, #176]
    4058:	8b110b91 	add	x17, x28, x17, lsl #2
    405c:	aa0303fc 	mov	x28, x3
    4060:	d37ef442 	lsl	x2, x2, #2
    4064:	f9007be2 	str	x2, [sp, #240]
    4068:	8b000021 	add	x1, x1, x0
    406c:	8b0000c0 	add	x0, x6, x0
    4070:	f94063e6 	ldr	x6, [sp, #192]
    4074:	d37ef421 	lsl	x1, x1, #2
    4078:	d37ef400 	lsl	x0, x0, #2
    407c:	a90e07e0 	stp	x0, x1, [sp, #224]
    4080:	8b0800cf 	add	x15, x6, x8
    4084:	f94163e8 	ldr	x8, [sp, #704]
    4088:	8b0700cc 	add	x12, x6, x7
    408c:	f94153e7 	ldr	x7, [sp, #672]
    4090:	8b060109 	add	x9, x8, x6
    4094:	f94147e8 	ldr	x8, [sp, #648]
    4098:	8b0700cb 	add	x11, x6, x7
    409c:	f94157e7 	ldr	x7, [sp, #680]
    40a0:	8b0800ce 	add	x14, x6, x8
    40a4:	f9414be8 	ldr	x8, [sp, #656]
    40a8:	8b0700ca 	add	x10, x6, x7
    40ac:	8b0800cd 	add	x13, x6, x8
    40b0:	d1001130 	sub	x16, x9, #0x4
    40b4:	8b190226 	add	x6, x17, x25
    40b8:	8b150225 	add	x5, x17, x21
    40bc:	8b190243 	add	x3, x18, x25
    40c0:	8b150244 	add	x4, x18, x21
    40c4:	7100031f 	cmp	w24, #0x0
    40c8:	54000c2d 	b.le	424c <conv_sve_rowquad+0xc4c>
    40cc:	d2800082 	mov	x2, #0x4                   	// #4
    40d0:	d2800000 	mov	x0, #0x0                   	// #0
    40d4:	d503201f 	nop
    40d8:	d37ef401 	lsl	x1, x0, #2
    40dc:	8b0100c7 	add	x7, x6, x1
    40e0:	a5404211 	ld1w	{z17.s}, p0/z, [x16, x0, lsl #2]
    40e4:	a54041e6 	ld1w	{z6.s}, p0/z, [x15, x0, lsl #2]
    40e8:	8540c0e8 	ld1rw	{z8.s}, p0/z, [x7]
    40ec:	65880a2a 	fmul	z10.s, z17.s, z8.s
    40f0:	658a0339 	fadd	z25.s, z25.s, z10.s
    40f4:	a54041c5 	ld1w	{z5.s}, p0/z, [x14, x0, lsl #2]
    40f8:	658808ca 	fmul	z10.s, z6.s, z8.s
    40fc:	8b0200c8 	add	x8, x6, x2
    4100:	658a035a 	fadd	z26.s, z26.s, z10.s
    4104:	a540417d 	ld1w	{z29.s}, p0/z, [x11, x0, lsl #2]
    4108:	658808aa 	fmul	z10.s, z5.s, z8.s
    410c:	a5404184 	ld1w	{z4.s}, p0/z, [x12, x0, lsl #2]
    4110:	8540c109 	ld1rw	{z9.s}, p0/z, [x8]
    4114:	8b0100a7 	add	x7, x5, x1
    4118:	65880888 	fmul	z8.s, z4.s, z8.s
    411c:	658a037b 	fadd	z27.s, z27.s, z10.s
    4120:	65890baa 	fmul	z10.s, z29.s, z9.s
    4124:	65880021 	fadd	z1.s, z1.s, z8.s
    4128:	658a037b 	fadd	z27.s, z27.s, z10.s
    412c:	8540c0e8 	ld1rw	{z8.s}, p0/z, [x7]
    4130:	65880a2a 	fmul	z10.s, z17.s, z8.s
    4134:	a540413f 	ld1w	{z31.s}, p0/z, [x9, x0, lsl #2]
    4138:	658a0318 	fadd	z24.s, z24.s, z10.s
    413c:	65890beb 	fmul	z11.s, z31.s, z9.s
    4140:	658808ca 	fmul	z10.s, z6.s, z8.s
    4144:	a54041be 	ld1w	{z30.s}, p0/z, [x13, x0, lsl #2]
    4148:	a540415c 	ld1w	{z28.s}, p0/z, [x10, x0, lsl #2]
    414c:	8b0200a8 	add	x8, x5, x2
    4150:	658a02b5 	fadd	z21.s, z21.s, z10.s
    4154:	658b0339 	fadd	z25.s, z25.s, z11.s
    4158:	658808aa 	fmul	z10.s, z5.s, z8.s
    415c:	65890bcb 	fmul	z11.s, z30.s, z9.s
    4160:	65890b89 	fmul	z9.s, z28.s, z9.s
    4164:	8b010067 	add	x7, x3, x1
    4168:	65880888 	fmul	z8.s, z4.s, z8.s
    416c:	658a02d6 	fadd	z22.s, z22.s, z10.s
    4170:	65890021 	fadd	z1.s, z1.s, z9.s
    4174:	8540c109 	ld1rw	{z9.s}, p0/z, [x8]
    4178:	65890baa 	fmul	z10.s, z29.s, z9.s
    417c:	65880042 	fadd	z2.s, z2.s, z8.s
    4180:	658a02d6 	fadd	z22.s, z22.s, z10.s
    4184:	8540c0e8 	ld1rw	{z8.s}, p0/z, [x7]
    4188:	65880a2a 	fmul	z10.s, z17.s, z8.s
    418c:	658b035a 	fadd	z26.s, z26.s, z11.s
    4190:	658a02f7 	fadd	z23.s, z23.s, z10.s
    4194:	65890beb 	fmul	z11.s, z31.s, z9.s
    4198:	658808ca 	fmul	z10.s, z6.s, z8.s
    419c:	8b020068 	add	x8, x3, x2
    41a0:	658a0273 	fadd	z19.s, z19.s, z10.s
    41a4:	8b010081 	add	x1, x4, x1
    41a8:	658808aa 	fmul	z10.s, z5.s, z8.s
    41ac:	658b0318 	fadd	z24.s, z24.s, z11.s
    41b0:	65880888 	fmul	z8.s, z4.s, z8.s
    41b4:	65890bcb 	fmul	z11.s, z30.s, z9.s
    41b8:	65890b89 	fmul	z9.s, z28.s, z9.s
    41bc:	8b020087 	add	x7, x4, x2
    41c0:	65880000 	fadd	z0.s, z0.s, z8.s
    41c4:	658b02b5 	fadd	z21.s, z21.s, z11.s
    41c8:	8540c028 	ld1rw	{z8.s}, p0/z, [x1]
    41cc:	65890042 	fadd	z2.s, z2.s, z9.s
    41d0:	658808c6 	fmul	z6.s, z6.s, z8.s
    41d4:	8540c109 	ld1rw	{z9.s}, p0/z, [x8]
    41d8:	65880884 	fmul	z4.s, z4.s, z8.s
    41dc:	65890beb 	fmul	z11.s, z31.s, z9.s
    41e0:	91000800 	add	x0, x0, #0x2
    41e4:	658a0294 	fadd	z20.s, z20.s, z10.s
    41e8:	658600e7 	fadd	z7.s, z7.s, z6.s
    41ec:	65890baa 	fmul	z10.s, z29.s, z9.s
    41f0:	65840063 	fadd	z3.s, z3.s, z4.s
    41f4:	658b02f7 	fadd	z23.s, z23.s, z11.s
    41f8:	8540c0e4 	ld1rw	{z4.s}, p0/z, [x7]
    41fc:	65890bcb 	fmul	z11.s, z30.s, z9.s
    4200:	65880a31 	fmul	z17.s, z17.s, z8.s
    4204:	65890b89 	fmul	z9.s, z28.s, z9.s
    4208:	65910252 	fadd	z18.s, z18.s, z17.s
    420c:	658808a6 	fmul	z6.s, z5.s, z8.s
    4210:	65840bff 	fmul	z31.s, z31.s, z4.s
    4214:	65860205 	fadd	z5.s, z16.s, z6.s
    4218:	65840bde 	fmul	z30.s, z30.s, z4.s
    421c:	65840bbd 	fmul	z29.s, z29.s, z4.s
    4220:	65840b9c 	fmul	z28.s, z28.s, z4.s
    4224:	91002042 	add	x2, x2, #0x8
    4228:	658b0273 	fadd	z19.s, z19.s, z11.s
    422c:	658a0294 	fadd	z20.s, z20.s, z10.s
    4230:	65890000 	fadd	z0.s, z0.s, z9.s
    4234:	659f0252 	fadd	z18.s, z18.s, z31.s
    4238:	659e00e7 	fadd	z7.s, z7.s, z30.s
    423c:	659d00b0 	fadd	z16.s, z5.s, z29.s
    4240:	659c0063 	fadd	z3.s, z3.s, z28.s
    4244:	6b00031f 	cmp	w24, w0
    4248:	54fff48c 	b.gt	40d8 <conv_sve_rowquad+0xad8>
    424c:	b9409be0 	ldr	w0, [sp, #152]
    4250:	6b1b001f 	cmp	w0, w27
    4254:	54000b8a 	b.ge	43c4 <conv_sve_rowquad+0xdc4>  // b.tcont
    4258:	a94a8fe2 	ldp	x2, x3, [sp, #168]
    425c:	f9405fe4 	ldr	x4, [sp, #184]
    4260:	8b1a0221 	add	x1, x17, x26
    4264:	a540a268 	ld1w	{z8.s}, p0/z, [x19]
    4268:	8540c029 	ld1rw	{z9.s}, p0/z, [x1]
    426c:	65890905 	fmul	z5.s, z8.s, z9.s
    4270:	8b1c0220 	add	x0, x17, x28
    4274:	65850339 	fadd	z25.s, z25.s, z5.s
    4278:	8b1a0241 	add	x1, x18, x26
    427c:	a5424266 	ld1w	{z6.s}, p0/z, [x19, x2, lsl #2]
    4280:	658908c4 	fmul	z4.s, z6.s, z9.s
    4284:	a5434265 	ld1w	{z5.s}, p0/z, [x19, x3, lsl #2]
    4288:	6584035a 	fadd	z26.s, z26.s, z4.s
    428c:	658908aa 	fmul	z10.s, z5.s, z9.s
    4290:	a5444264 	ld1w	{z4.s}, p0/z, [x19, x4, lsl #2]
    4294:	65890889 	fmul	z9.s, z4.s, z9.s
    4298:	658a037b 	fadd	z27.s, z27.s, z10.s
    429c:	65890021 	fadd	z1.s, z1.s, z9.s
    42a0:	8540c009 	ld1rw	{z9.s}, p0/z, [x0]
    42a4:	658908ca 	fmul	z10.s, z6.s, z9.s
    42a8:	8b1c0240 	add	x0, x18, x28
    42ac:	658a02b5 	fadd	z21.s, z21.s, z10.s
    42b0:	658908aa 	fmul	z10.s, z5.s, z9.s
    42b4:	658a02d6 	fadd	z22.s, z22.s, z10.s
    42b8:	6589090b 	fmul	z11.s, z8.s, z9.s
    42bc:	8540c00a 	ld1rw	{z10.s}, p0/z, [x0]
    42c0:	b940a3e0 	ldr	w0, [sp, #160]
    42c4:	65890889 	fmul	z9.s, z4.s, z9.s
    42c8:	658b0318 	fadd	z24.s, z24.s, z11.s
    42cc:	65890042 	fadd	z2.s, z2.s, z9.s
    42d0:	8540c029 	ld1rw	{z9.s}, p0/z, [x1]
    42d4:	658908cb 	fmul	z11.s, z6.s, z9.s
    42d8:	65890911 	fmul	z17.s, z8.s, z9.s
    42dc:	658b0273 	fadd	z19.s, z19.s, z11.s
    42e0:	658a0908 	fmul	z8.s, z8.s, z10.s
    42e4:	658908ab 	fmul	z11.s, z5.s, z9.s
    42e8:	658a08c6 	fmul	z6.s, z6.s, z10.s
    42ec:	65890889 	fmul	z9.s, z4.s, z9.s
    42f0:	658a08a5 	fmul	z5.s, z5.s, z10.s
    42f4:	658a0884 	fmul	z4.s, z4.s, z10.s
    42f8:	659102f7 	fadd	z23.s, z23.s, z17.s
    42fc:	658b0294 	fadd	z20.s, z20.s, z11.s
    4300:	65890000 	fadd	z0.s, z0.s, z9.s
    4304:	65880252 	fadd	z18.s, z18.s, z8.s
    4308:	658600e7 	fadd	z7.s, z7.s, z6.s
    430c:	65850210 	fadd	z16.s, z16.s, z5.s
    4310:	65840063 	fadd	z3.s, z3.s, z4.s
    4314:	6b00037f 	cmp	w27, w0
    4318:	5400056d 	b.le	43c4 <conv_sve_rowquad+0xdc4>
    431c:	8b1e0221 	add	x1, x17, x30
    4320:	a540a289 	ld1w	{z9.s}, p0/z, [x20]
    4324:	a5424288 	ld1w	{z8.s}, p0/z, [x20, x2, lsl #2]
    4328:	a5434286 	ld1w	{z6.s}, p0/z, [x20, x3, lsl #2]
    432c:	8540c025 	ld1rw	{z5.s}, p0/z, [x1]
    4330:	6585092a 	fmul	z10.s, z9.s, z5.s
    4334:	65850904 	fmul	z4.s, z8.s, z5.s
    4338:	658a0339 	fadd	z25.s, z25.s, z10.s
    433c:	658508ca 	fmul	z10.s, z6.s, z5.s
    4340:	8b1e0240 	add	x0, x18, x30
    4344:	6584035a 	fadd	z26.s, z26.s, z4.s
    4348:	658a037b 	fadd	z27.s, z27.s, z10.s
    434c:	a5444284 	ld1w	{z4.s}, p0/z, [x20, x4, lsl #2]
    4350:	6585088a 	fmul	z10.s, z4.s, z5.s
    4354:	8540c005 	ld1rw	{z5.s}, p0/z, [x0]
    4358:	658a0021 	fadd	z1.s, z1.s, z10.s
    435c:	6585090a 	fmul	z10.s, z8.s, z5.s
    4360:	6585092b 	fmul	z11.s, z9.s, z5.s
    4364:	658a0273 	fadd	z19.s, z19.s, z10.s
    4368:	658b02f7 	fadd	z23.s, z23.s, z11.s
    436c:	658508ca 	fmul	z10.s, z6.s, z5.s
    4370:	65850885 	fmul	z5.s, z4.s, z5.s
    4374:	658a0294 	fadd	z20.s, z20.s, z10.s
    4378:	65850000 	fadd	z0.s, z0.s, z5.s
    437c:	8540c24a 	ld1rw	{z10.s}, p0/z, [x18]
    4380:	8540c225 	ld1rw	{z5.s}, p0/z, [x17]
    4384:	6585092b 	fmul	z11.s, z9.s, z5.s
    4388:	658a0929 	fmul	z9.s, z9.s, z10.s
    438c:	65890252 	fadd	z18.s, z18.s, z9.s
    4390:	65850909 	fmul	z9.s, z8.s, z5.s
    4394:	658a0908 	fmul	z8.s, z8.s, z10.s
    4398:	658b0318 	fadd	z24.s, z24.s, z11.s
    439c:	658800e7 	fadd	z7.s, z7.s, z8.s
    43a0:	658902b5 	fadd	z21.s, z21.s, z9.s
    43a4:	658508c8 	fmul	z8.s, z6.s, z5.s
    43a8:	65850885 	fmul	z5.s, z4.s, z5.s
    43ac:	658a08c6 	fmul	z6.s, z6.s, z10.s
    43b0:	658a0884 	fmul	z4.s, z4.s, z10.s
    43b4:	658802d6 	fadd	z22.s, z22.s, z8.s
    43b8:	65860210 	fadd	z16.s, z16.s, z6.s
    43bc:	65850042 	fadd	z2.s, z2.s, z5.s
    43c0:	65840063 	fadd	z3.s, z3.s, z4.s
    43c4:	b941ebe0 	ldr	w0, [sp, #488]
    43c8:	110006d6 	add	w22, w22, #0x1
    43cc:	8b1e0231 	add	x17, x17, x30
    43d0:	8b1e0252 	add	x18, x18, x30
    43d4:	8b170294 	add	x20, x20, x23
    43d8:	8b170273 	add	x19, x19, x23
    43dc:	8b1701ef 	add	x15, x15, x23
    43e0:	8b170129 	add	x9, x9, x23
    43e4:	8b1701ce 	add	x14, x14, x23
    43e8:	8b1701ad 	add	x13, x13, x23
    43ec:	8b17018c 	add	x12, x12, x23
    43f0:	8b17016b 	add	x11, x11, x23
    43f4:	8b17014a 	add	x10, x10, x23
    43f8:	6b16001f 	cmp	w0, w22
    43fc:	54ffe5a1 	b.ne	40b0 <conv_sve_rowquad+0xab0>  // b.any
    4400:	f94063e0 	ldr	x0, [sp, #192]
    4404:	f9413fe1 	ldr	x1, [sp, #632]
    4408:	f94103f9 	ldr	x25, [sp, #512]
    440c:	f94107fa 	ldr	x26, [sp, #520]
    4410:	f9410bfc 	ldr	x28, [sp, #528]
    4414:	8b010000 	add	x0, x0, x1
    4418:	7100031f 	cmp	w24, #0x0
    441c:	54000acd 	b.le	4574 <conv_sve_rowquad+0xf74>
    4420:	f9406be9 	ldr	x9, [sp, #208]
    4424:	f94093e5 	ldr	x5, [sp, #288]
    4428:	d2800001 	mov	x1, #0x0                   	// #0
    442c:	a9541fe6 	ldp	x6, x7, [sp, #320]
    4430:	f940afe8 	ldr	x8, [sp, #344]
    4434:	f940f3eb 	ldr	x11, [sp, #480]
    4438:	f940ffea 	ldr	x10, [sp, #504]
    443c:	f94113ec 	ldr	x12, [sp, #544]
    4440:	f9416fed 	ldr	x13, [sp, #728]
    4444:	d503201f 	nop
    4448:	d37ef422 	lsl	x2, x1, #2
    444c:	8b020164 	add	x4, x11, x2
    4450:	a54140c4 	ld1w	{z4.s}, p0/z, [x6, x1, lsl #2]
    4454:	a5414008 	ld1w	{z8.s}, p0/z, [x0, x1, lsl #2]
    4458:	8540c09d 	ld1rw	{z29.s}, p0/z, [x4]
    445c:	0420bd11 	movprfx	z17, z8
    4460:	05201091 	ext	z17.b, z17.b, z4.b, #4
    4464:	8b020323 	add	x3, x25, x2
    4468:	659d0a3c 	fmul	z28.s, z17.s, z29.s
    446c:	a54140e5 	ld1w	{z5.s}, p0/z, [x7, x1, lsl #2]
    4470:	8540c06a 	ld1rw	{z10.s}, p0/z, [x3]
    4474:	658a090b 	fmul	z11.s, z8.s, z10.s
    4478:	658b0318 	fadd	z24.s, z24.s, z11.s
    447c:	659c0318 	fadd	z24.s, z24.s, z28.s
    4480:	658a08bc 	fmul	z28.s, z5.s, z10.s
    4484:	a5414106 	ld1w	{z6.s}, p0/z, [x8, x1, lsl #2]
    4488:	658a088b 	fmul	z11.s, z4.s, z10.s
    448c:	659c02d6 	fadd	z22.s, z22.s, z28.s
    4490:	658a08dc 	fmul	z28.s, z6.s, z10.s
    4494:	8b020123 	add	x3, x9, x2
    4498:	0420bcaa 	movprfx	z10, z5
    449c:	052010ca 	ext	z10.b, z10.b, z6.b, #4
    44a0:	658b02b5 	fadd	z21.s, z21.s, z11.s
    44a4:	659c0042 	fadd	z2.s, z2.s, z28.s
    44a8:	0420bc8b 	movprfx	z11, z4
    44ac:	052010ab 	ext	z11.b, z11.b, z5.b, #4
    44b0:	659d095c 	fmul	z28.s, z10.s, z29.s
    44b4:	659d097e 	fmul	z30.s, z11.s, z29.s
    44b8:	659c02d6 	fadd	z22.s, z22.s, z28.s
    44bc:	659e02b5 	fadd	z21.s, z21.s, z30.s
    44c0:	8540c07c 	ld1rw	{z28.s}, p0/z, [x3]
    44c4:	659c091e 	fmul	z30.s, z8.s, z28.s
    44c8:	659e02f7 	fadd	z23.s, z23.s, z30.s
    44cc:	a54140a9 	ld1w	{z9.s}, p0/z, [x5, x1, lsl #2]
    44d0:	8b020184 	add	x4, x12, x2
    44d4:	659c089e 	fmul	z30.s, z4.s, z28.s
    44d8:	659d093d 	fmul	z29.s, z9.s, z29.s
    44dc:	8b020143 	add	x3, x10, x2
    44e0:	659e0273 	fadd	z19.s, z19.s, z30.s
    44e4:	659c08be 	fmul	z30.s, z5.s, z28.s
    44e8:	659c08dc 	fmul	z28.s, z6.s, z28.s
    44ec:	8b0201a2 	add	x2, x13, x2
    44f0:	659c0000 	fadd	z0.s, z0.s, z28.s
    44f4:	659d0042 	fadd	z2.s, z2.s, z29.s
    44f8:	8540c07c 	ld1rw	{z28.s}, p0/z, [x3]
    44fc:	8540c09d 	ld1rw	{z29.s}, p0/z, [x4]
    4500:	659c0884 	fmul	z4.s, z4.s, z28.s
    4504:	659d0a3f 	fmul	z31.s, z17.s, z29.s
    4508:	91000821 	add	x1, x1, #0x2
    450c:	659e0294 	fadd	z20.s, z20.s, z30.s
    4510:	658400e7 	fadd	z7.s, z7.s, z4.s
    4514:	659d095e 	fmul	z30.s, z10.s, z29.s
    4518:	8540c044 	ld1rw	{z4.s}, p0/z, [x2]
    451c:	659f02f7 	fadd	z23.s, z23.s, z31.s
    4520:	659c0908 	fmul	z8.s, z8.s, z28.s
    4524:	659d097f 	fmul	z31.s, z11.s, z29.s
    4528:	65880252 	fadd	z18.s, z18.s, z8.s
    452c:	659d093d 	fmul	z29.s, z9.s, z29.s
    4530:	659c08a5 	fmul	z5.s, z5.s, z28.s
    4534:	659c08c6 	fmul	z6.s, z6.s, z28.s
    4538:	65850205 	fadd	z5.s, z16.s, z5.s
    453c:	65860063 	fadd	z3.s, z3.s, z6.s
    4540:	65840a31 	fmul	z17.s, z17.s, z4.s
    4544:	6584096b 	fmul	z11.s, z11.s, z4.s
    4548:	6584094a 	fmul	z10.s, z10.s, z4.s
    454c:	65840929 	fmul	z9.s, z9.s, z4.s
    4550:	659f0273 	fadd	z19.s, z19.s, z31.s
    4554:	659e0294 	fadd	z20.s, z20.s, z30.s
    4558:	659d0000 	fadd	z0.s, z0.s, z29.s
    455c:	65910252 	fadd	z18.s, z18.s, z17.s
    4560:	658b00e7 	fadd	z7.s, z7.s, z11.s
    4564:	658a00b0 	fadd	z16.s, z5.s, z10.s
    4568:	65890063 	fadd	z3.s, z3.s, z9.s
    456c:	6b01031f 	cmp	w24, w1
    4570:	54fff6cc 	b.gt	4448 <conv_sve_rowquad+0xe48>
    4574:	b9409be1 	ldr	w1, [sp, #152]
    4578:	6b1b003f 	cmp	w1, w27
    457c:	54000b2a 	b.ge	46e0 <conv_sve_rowquad+0x10e0>  // b.tcont
    4580:	a94c9be4 	ldp	x4, x6, [sp, #200]
    4584:	f940ffe7 	ldr	x7, [sp, #504]
    4588:	8b040322 	add	x2, x25, x4
    458c:	8b0400c1 	add	x1, x6, x4
    4590:	8b040003 	add	x3, x0, x4
    4594:	8540c045 	ld1rw	{z5.s}, p0/z, [x2]
    4598:	8b0400e2 	add	x2, x7, x4
    459c:	8540c024 	ld1rw	{z4.s}, p0/z, [x1]
    45a0:	a540a066 	ld1w	{z6.s}, p0/z, [x3]
    45a4:	8540c049 	ld1rw	{z9.s}, p0/z, [x2]
    45a8:	a94e87e2 	ldp	x2, x1, [sp, #232]
    45ac:	658508c8 	fmul	z8.s, z6.s, z5.s
    45b0:	65880318 	fadd	z24.s, z24.s, z8.s
    45b4:	658408c8 	fmul	z8.s, z6.s, z4.s
    45b8:	658802f7 	fadd	z23.s, z23.s, z8.s
    45bc:	658908c8 	fmul	z8.s, z6.s, z9.s
    45c0:	65880252 	fadd	z18.s, z18.s, z8.s
    45c4:	8b010001 	add	x1, x0, x1
    45c8:	8b020002 	add	x2, x0, x2
    45cc:	a540a026 	ld1w	{z6.s}, p0/z, [x1]
    45d0:	f94073e1 	ldr	x1, [sp, #224]
    45d4:	658408c8 	fmul	z8.s, z6.s, z4.s
    45d8:	65880273 	fadd	z19.s, z19.s, z8.s
    45dc:	658908c8 	fmul	z8.s, z6.s, z9.s
    45e0:	658508ca 	fmul	z10.s, z6.s, z5.s
    45e4:	658800e7 	fadd	z7.s, z7.s, z8.s
    45e8:	a540a046 	ld1w	{z6.s}, p0/z, [x2]
    45ec:	658408c8 	fmul	z8.s, z6.s, z4.s
    45f0:	658a02b5 	fadd	z21.s, z21.s, z10.s
    45f4:	65880294 	fadd	z20.s, z20.s, z8.s
    45f8:	658508ca 	fmul	z10.s, z6.s, z5.s
    45fc:	658908c8 	fmul	z8.s, z6.s, z9.s
    4600:	658a02d6 	fadd	z22.s, z22.s, z10.s
    4604:	65880210 	fadd	z16.s, z16.s, z8.s
    4608:	8b010001 	add	x1, x0, x1
    460c:	a540a026 	ld1w	{z6.s}, p0/z, [x1]
    4610:	b940a3e1 	ldr	w1, [sp, #160]
    4614:	658508c5 	fmul	z5.s, z6.s, z5.s
    4618:	658408c4 	fmul	z4.s, z6.s, z4.s
    461c:	65850042 	fadd	z2.s, z2.s, z5.s
    4620:	658908c6 	fmul	z6.s, z6.s, z9.s
    4624:	65840000 	fadd	z0.s, z0.s, z4.s
    4628:	65860063 	fadd	z3.s, z3.s, z6.s
    462c:	6b01037f 	cmp	w27, w1
    4630:	5400058d 	b.le	46e0 <conv_sve_rowquad+0x10e0>
    4634:	f94057e3 	ldr	x3, [sp, #168]
    4638:	93407c21 	sxtw	x1, w1
    463c:	91001082 	add	x2, x4, #0x4
    4640:	8b020325 	add	x5, x25, x2
    4644:	8b020004 	add	x4, x0, x2
    4648:	8540c0a5 	ld1rw	{z5.s}, p0/z, [x5]
    464c:	f9405fe5 	ldr	x5, [sp, #184]
    4650:	a540a088 	ld1w	{z8.s}, p0/z, [x4]
    4654:	8b0200c4 	add	x4, x6, x2
    4658:	65850904 	fmul	z4.s, z8.s, z5.s
    465c:	8b0200e2 	add	x2, x7, x2
    4660:	65840318 	fadd	z24.s, z24.s, z4.s
    4664:	8b010063 	add	x3, x3, x1
    4668:	8540c084 	ld1rw	{z4.s}, p0/z, [x4]
    466c:	6584090a 	fmul	z10.s, z8.s, z4.s
    4670:	658a02f7 	fadd	z23.s, z23.s, z10.s
    4674:	a5434006 	ld1w	{z6.s}, p0/z, [x0, x3, lsl #2]
    4678:	f9405be3 	ldr	x3, [sp, #176]
    467c:	658508c9 	fmul	z9.s, z6.s, z5.s
    4680:	658902b5 	fadd	z21.s, z21.s, z9.s
    4684:	8540c049 	ld1rw	{z9.s}, p0/z, [x2]
    4688:	65890908 	fmul	z8.s, z8.s, z9.s
    468c:	65880252 	fadd	z18.s, z18.s, z8.s
    4690:	658408c8 	fmul	z8.s, z6.s, z4.s
    4694:	658908c6 	fmul	z6.s, z6.s, z9.s
    4698:	65880273 	fadd	z19.s, z19.s, z8.s
    469c:	658600e7 	fadd	z7.s, z7.s, z6.s
    46a0:	8b010063 	add	x3, x3, x1
    46a4:	8b0100a1 	add	x1, x5, x1
    46a8:	a5434008 	ld1w	{z8.s}, p0/z, [x0, x3, lsl #2]
    46ac:	a5414006 	ld1w	{z6.s}, p0/z, [x0, x1, lsl #2]
    46b0:	6585090b 	fmul	z11.s, z8.s, z5.s
    46b4:	6584090a 	fmul	z10.s, z8.s, z4.s
    46b8:	658508c5 	fmul	z5.s, z6.s, z5.s
    46bc:	658408c4 	fmul	z4.s, z6.s, z4.s
    46c0:	65890908 	fmul	z8.s, z8.s, z9.s
    46c4:	658908c6 	fmul	z6.s, z6.s, z9.s
    46c8:	658b02d6 	fadd	z22.s, z22.s, z11.s
    46cc:	658a0294 	fadd	z20.s, z20.s, z10.s
    46d0:	65880210 	fadd	z16.s, z16.s, z8.s
    46d4:	65850042 	fadd	z2.s, z2.s, z5.s
    46d8:	65840000 	fadd	z0.s, z0.s, z4.s
    46dc:	65860063 	fadd	z3.s, z3.s, z6.s
    46e0:	f94063e0 	ldr	x0, [sp, #192]
    46e4:	f9413be1 	ldr	x1, [sp, #624]
    46e8:	8b010000 	add	x0, x0, x1
    46ec:	7100031f 	cmp	w24, #0x0
    46f0:	540007ed 	b.le	47ec <conv_sve_rowquad+0x11ec>
    46f4:	f9406be8 	ldr	x8, [sp, #208]
    46f8:	a9529be5 	ldp	x5, x6, [sp, #296]
    46fc:	d2800001 	mov	x1, #0x0                   	// #0
    4700:	f9409fe7 	ldr	x7, [sp, #312]
    4704:	f940b3e9 	ldr	x9, [sp, #352]
    4708:	f940f3ea 	ldr	x10, [sp, #480]
    470c:	f94113eb 	ldr	x11, [sp, #544]
    4710:	d37ef422 	lsl	x2, x1, #2
    4714:	8b020323 	add	x3, x25, x2
    4718:	8b020144 	add	x4, x10, x2
    471c:	a54140a4 	ld1w	{z4.s}, p0/z, [x5, x1, lsl #2]
    4720:	8540c066 	ld1rw	{z6.s}, p0/z, [x3]
    4724:	a5414009 	ld1w	{z9.s}, p0/z, [x0, x1, lsl #2]
    4728:	8540c091 	ld1rw	{z17.s}, p0/z, [x4]
    472c:	6586092b 	fmul	z11.s, z9.s, z6.s
    4730:	0420bd3c 	movprfx	z28, z9
    4734:	0520109c 	ext	z28.b, z28.b, z4.b, #4
    4738:	65910b9d 	fmul	z29.s, z28.s, z17.s
    473c:	a54140c5 	ld1w	{z5.s}, p0/z, [x6, x1, lsl #2]
    4740:	a5414128 	ld1w	{z8.s}, p0/z, [x9, x1, lsl #2]
    4744:	658b02f7 	fadd	z23.s, z23.s, z11.s
    4748:	6586088b 	fmul	z11.s, z4.s, z6.s
    474c:	659d02f7 	fadd	z23.s, z23.s, z29.s
    4750:	658608bd 	fmul	z29.s, z5.s, z6.s
    4754:	65860906 	fmul	z6.s, z8.s, z6.s
    4758:	a54140ea 	ld1w	{z10.s}, p0/z, [x7, x1, lsl #2]
    475c:	8b020103 	add	x3, x8, x2
    4760:	658b0273 	fadd	z19.s, z19.s, z11.s
    4764:	659d0294 	fadd	z20.s, z20.s, z29.s
    4768:	0420bc8b 	movprfx	z11, z4
    476c:	052010ab 	ext	z11.b, z11.b, z5.b, #4
    4770:	0420bcbd 	movprfx	z29, z5
    4774:	0520111d 	ext	z29.b, z29.b, z8.b, #4
    4778:	6591097e 	fmul	z30.s, z11.s, z17.s
    477c:	65860000 	fadd	z0.s, z0.s, z6.s
    4780:	8b020162 	add	x2, x11, x2
    4784:	65910ba6 	fmul	z6.s, z29.s, z17.s
    4788:	91000821 	add	x1, x1, #0x2
    478c:	65910951 	fmul	z17.s, z10.s, z17.s
    4790:	65860294 	fadd	z20.s, z20.s, z6.s
    4794:	65910000 	fadd	z0.s, z0.s, z17.s
    4798:	8540c046 	ld1rw	{z6.s}, p0/z, [x2]
    479c:	8540c071 	ld1rw	{z17.s}, p0/z, [x3]
    47a0:	65860b9c 	fmul	z28.s, z28.s, z6.s
    47a4:	65910929 	fmul	z9.s, z9.s, z17.s
    47a8:	65910884 	fmul	z4.s, z4.s, z17.s
    47ac:	65890252 	fadd	z18.s, z18.s, z9.s
    47b0:	658400e7 	fadd	z7.s, z7.s, z4.s
    47b4:	659108a5 	fmul	z5.s, z5.s, z17.s
    47b8:	65910908 	fmul	z8.s, z8.s, z17.s
    47bc:	65850205 	fadd	z5.s, z16.s, z5.s
    47c0:	65880063 	fadd	z3.s, z3.s, z8.s
    47c4:	6586096b 	fmul	z11.s, z11.s, z6.s
    47c8:	65860bbd 	fmul	z29.s, z29.s, z6.s
    47cc:	6586094a 	fmul	z10.s, z10.s, z6.s
    47d0:	659e0273 	fadd	z19.s, z19.s, z30.s
    47d4:	659c0252 	fadd	z18.s, z18.s, z28.s
    47d8:	658b00e7 	fadd	z7.s, z7.s, z11.s
    47dc:	659d00b0 	fadd	z16.s, z5.s, z29.s
    47e0:	658a0063 	fadd	z3.s, z3.s, z10.s
    47e4:	6b01031f 	cmp	w24, w1
    47e8:	54fff94c 	b.gt	4710 <conv_sve_rowquad+0x1110>
    47ec:	b9409be1 	ldr	w1, [sp, #152]
    47f0:	6b1b003f 	cmp	w1, w27
    47f4:	5400258a 	b.ge	4ca4 <conv_sve_rowquad+0x16a4>  // b.tcont
    47f8:	a94c9fe4 	ldp	x4, x7, [sp, #200]
    47fc:	8b040003 	add	x3, x0, x4
    4800:	8b0400e1 	add	x1, x7, x4
    4804:	8b040322 	add	x2, x25, x4
    4808:	8540c026 	ld1rw	{z6.s}, p0/z, [x1]
    480c:	a540a065 	ld1w	{z5.s}, p0/z, [x3]
    4810:	a94e8fe1 	ldp	x1, x3, [sp, #232]
    4814:	8540c044 	ld1rw	{z4.s}, p0/z, [x2]
    4818:	658408a8 	fmul	z8.s, z5.s, z4.s
    481c:	658802f7 	fadd	z23.s, z23.s, z8.s
    4820:	658608a8 	fmul	z8.s, z5.s, z6.s
    4824:	65880252 	fadd	z18.s, z18.s, z8.s
    4828:	8b030003 	add	x3, x0, x3
    482c:	8b010001 	add	x1, x0, x1
    4830:	a540a065 	ld1w	{z5.s}, p0/z, [x3]
    4834:	658408a8 	fmul	z8.s, z5.s, z4.s
    4838:	f94073e3 	ldr	x3, [sp, #224]
    483c:	65880273 	fadd	z19.s, z19.s, z8.s
    4840:	a540a028 	ld1w	{z8.s}, p0/z, [x1]
    4844:	b940a3e1 	ldr	w1, [sp, #160]
    4848:	658608a5 	fmul	z5.s, z5.s, z6.s
    484c:	65840909 	fmul	z9.s, z8.s, z4.s
    4850:	658500e7 	fadd	z7.s, z7.s, z5.s
    4854:	65860908 	fmul	z8.s, z8.s, z6.s
    4858:	65890294 	fadd	z20.s, z20.s, z9.s
    485c:	65880210 	fadd	z16.s, z16.s, z8.s
    4860:	8b030003 	add	x3, x0, x3
    4864:	a540a065 	ld1w	{z5.s}, p0/z, [x3]
    4868:	658408a4 	fmul	z4.s, z5.s, z4.s
    486c:	658608a5 	fmul	z5.s, z5.s, z6.s
    4870:	65840000 	fadd	z0.s, z0.s, z4.s
    4874:	65850063 	fadd	z3.s, z3.s, z5.s
    4878:	6b01037f 	cmp	w27, w1
    487c:	5400042d 	b.le	4900 <conv_sve_rowquad+0x1300>
    4880:	91001083 	add	x3, x4, #0x4
    4884:	93407c21 	sxtw	x1, w1
    4888:	8b030005 	add	x5, x0, x3
    488c:	8b030326 	add	x6, x25, x3
    4890:	8b0300e3 	add	x3, x7, x3
    4894:	a540a0a9 	ld1w	{z9.s}, p0/z, [x5]
    4898:	a94a97e4 	ldp	x4, x5, [sp, #168]
    489c:	8540c0c4 	ld1rw	{z4.s}, p0/z, [x6]
    48a0:	f9405fe6 	ldr	x6, [sp, #184]
    48a4:	65840926 	fmul	z6.s, z9.s, z4.s
    48a8:	658602f7 	fadd	z23.s, z23.s, z6.s
    48ac:	8540c066 	ld1rw	{z6.s}, p0/z, [x3]
    48b0:	65860929 	fmul	z9.s, z9.s, z6.s
    48b4:	65890252 	fadd	z18.s, z18.s, z9.s
    48b8:	8b010084 	add	x4, x4, x1
    48bc:	8b0100a5 	add	x5, x5, x1
    48c0:	8b0100c1 	add	x1, x6, x1
    48c4:	a5444008 	ld1w	{z8.s}, p0/z, [x0, x4, lsl #2]
    48c8:	65840905 	fmul	z5.s, z8.s, z4.s
    48cc:	65860908 	fmul	z8.s, z8.s, z6.s
    48d0:	65850273 	fadd	z19.s, z19.s, z5.s
    48d4:	658800e7 	fadd	z7.s, z7.s, z8.s
    48d8:	a5454005 	ld1w	{z5.s}, p0/z, [x0, x5, lsl #2]
    48dc:	658408a8 	fmul	z8.s, z5.s, z4.s
    48e0:	658608a5 	fmul	z5.s, z5.s, z6.s
    48e4:	65880294 	fadd	z20.s, z20.s, z8.s
    48e8:	65850210 	fadd	z16.s, z16.s, z5.s
    48ec:	a5414005 	ld1w	{z5.s}, p0/z, [x0, x1, lsl #2]
    48f0:	658408a4 	fmul	z4.s, z5.s, z4.s
    48f4:	658608a5 	fmul	z5.s, z5.s, z6.s
    48f8:	65840000 	fadd	z0.s, z0.s, z4.s
    48fc:	65850063 	fadd	z3.s, z3.s, z5.s
    4900:	f94063e0 	ldr	x0, [sp, #192]
    4904:	f94137e1 	ldr	x1, [sp, #616]
    4908:	8b010003 	add	x3, x0, x1
    490c:	7100031f 	cmp	w24, #0x0
    4910:	5400056d 	b.le	49bc <conv_sve_rowquad+0x13bc>
    4914:	a95697e4 	ldp	x4, x5, [sp, #360]
    4918:	a9579fe6 	ldp	x6, x7, [sp, #376]
    491c:	d2800000 	mov	x0, #0x0                   	// #0
    4920:	f940f3e8 	ldr	x8, [sp, #480]
    4924:	d503201f 	nop
    4928:	d37ef401 	lsl	x1, x0, #2
    492c:	8b010322 	add	x2, x25, x1
    4930:	a5404066 	ld1w	{z6.s}, p0/z, [x3, x0, lsl #2]
    4934:	8b010101 	add	x1, x8, x1
    4938:	8540c04b 	ld1rw	{z11.s}, p0/z, [x2]
    493c:	658b08c8 	fmul	z8.s, z6.s, z11.s
    4940:	a54040e5 	ld1w	{z5.s}, p0/z, [x7, x0, lsl #2]
    4944:	a54040c4 	ld1w	{z4.s}, p0/z, [x6, x0, lsl #2]
    4948:	8540c02a 	ld1rw	{z10.s}, p0/z, [x1]
    494c:	a54040a9 	ld1w	{z9.s}, p0/z, [x5, x0, lsl #2]
    4950:	a540409c 	ld1w	{z28.s}, p0/z, [x4, x0, lsl #2]
    4954:	052010a6 	ext	z6.b, z6.b, z5.b, #4
    4958:	65880252 	fadd	z18.s, z18.s, z8.s
    495c:	658b0891 	fmul	z17.s, z4.s, z11.s
    4960:	658b08a8 	fmul	z8.s, z5.s, z11.s
    4964:	91000800 	add	x0, x0, #0x2
    4968:	05201085 	ext	z5.b, z5.b, z4.b, #4
    496c:	05201124 	ext	z4.b, z4.b, z9.b, #4
    4970:	658a0884 	fmul	z4.s, z4.s, z10.s
    4974:	658800e7 	fadd	z7.s, z7.s, z8.s
    4978:	658a08c6 	fmul	z6.s, z6.s, z10.s
    497c:	658a08a8 	fmul	z8.s, z5.s, z10.s
    4980:	658b0929 	fmul	z9.s, z9.s, z11.s
    4984:	65910205 	fadd	z5.s, z16.s, z17.s
    4988:	65890063 	fadd	z3.s, z3.s, z9.s
    498c:	658400b0 	fadd	z16.s, z5.s, z4.s
    4990:	65860252 	fadd	z18.s, z18.s, z6.s
    4994:	658a0b84 	fmul	z4.s, z28.s, z10.s
    4998:	658800e7 	fadd	z7.s, z7.s, z8.s
    499c:	65840063 	fadd	z3.s, z3.s, z4.s
    49a0:	6b00031f 	cmp	w24, w0
    49a4:	54fffc2c 	b.gt	4928 <conv_sve_rowquad+0x1328>
    49a8:	f94067e0 	ldr	x0, [sp, #200]
    49ac:	8b000322 	add	x2, x25, x0
    49b0:	b9409be0 	ldr	w0, [sp, #152]
    49b4:	6b1b001f 	cmp	w0, w27
    49b8:	540005ea 	b.ge	4a74 <conv_sve_rowquad+0x1474>  // b.tcont
    49bc:	f9407be0 	ldr	x0, [sp, #240]
    49c0:	8540c044 	ld1rw	{z4.s}, p0/z, [x2]
    49c4:	f94067e5 	ldr	x5, [sp, #200]
    49c8:	8b000064 	add	x4, x3, x0
    49cc:	f94077e0 	ldr	x0, [sp, #232]
    49d0:	8b050062 	add	x2, x3, x5
    49d4:	a540a086 	ld1w	{z6.s}, p0/z, [x4]
    49d8:	658408c6 	fmul	z6.s, z6.s, z4.s
    49dc:	658600e7 	fadd	z7.s, z7.s, z6.s
    49e0:	8b000061 	add	x1, x3, x0
    49e4:	f94073e0 	ldr	x0, [sp, #224]
    49e8:	a540a025 	ld1w	{z5.s}, p0/z, [x1]
    49ec:	658408a5 	fmul	z5.s, z5.s, z4.s
    49f0:	65850210 	fadd	z16.s, z16.s, z5.s
    49f4:	a540a045 	ld1w	{z5.s}, p0/z, [x2]
    49f8:	8b000060 	add	x0, x3, x0
    49fc:	a540a006 	ld1w	{z6.s}, p0/z, [x0]
    4a00:	b940a3e0 	ldr	w0, [sp, #160]
    4a04:	658408c6 	fmul	z6.s, z6.s, z4.s
    4a08:	658408a4 	fmul	z4.s, z5.s, z4.s
    4a0c:	65860063 	fadd	z3.s, z3.s, z6.s
    4a10:	65840252 	fadd	z18.s, z18.s, z4.s
    4a14:	6b00037f 	cmp	w27, w0
    4a18:	540002ed 	b.le	4a74 <conv_sve_rowquad+0x1474>
    4a1c:	910010a1 	add	x1, x5, #0x4
    4a20:	f9405fe5 	ldr	x5, [sp, #184]
    4a24:	93407c00 	sxtw	x0, w0
    4a28:	8b010322 	add	x2, x25, x1
    4a2c:	8b010061 	add	x1, x3, x1
    4a30:	8540c044 	ld1rw	{z4.s}, p0/z, [x2]
    4a34:	a94a8be4 	ldp	x4, x2, [sp, #168]
    4a38:	a540a026 	ld1w	{z6.s}, p0/z, [x1]
    4a3c:	658408c6 	fmul	z6.s, z6.s, z4.s
    4a40:	65860252 	fadd	z18.s, z18.s, z6.s
    4a44:	8b000084 	add	x4, x4, x0
    4a48:	8b000042 	add	x2, x2, x0
    4a4c:	8b0000a0 	add	x0, x5, x0
    4a50:	a5444065 	ld1w	{z5.s}, p0/z, [x3, x4, lsl #2]
    4a54:	658408a5 	fmul	z5.s, z5.s, z4.s
    4a58:	a5424066 	ld1w	{z6.s}, p0/z, [x3, x2, lsl #2]
    4a5c:	658500e7 	fadd	z7.s, z7.s, z5.s
    4a60:	658408c6 	fmul	z6.s, z6.s, z4.s
    4a64:	a5404065 	ld1w	{z5.s}, p0/z, [x3, x0, lsl #2]
    4a68:	65860210 	fadd	z16.s, z16.s, z6.s
    4a6c:	658408a4 	fmul	z4.s, z5.s, z4.s
    4a70:	65840063 	fadd	z3.s, z3.s, z4.s
    4a74:	9108a3e0 	add	x0, sp, #0x228
    4a78:	f94063e3 	ldr	x3, [sp, #192]
    4a7c:	a95093e5 	ldp	x5, x4, [sp, #264]
    4a80:	a9412007 	ldp	x7, x8, [x0, #16]
    4a84:	a9401809 	ldp	x9, x6, [x0]
    4a88:	b941efea 	ldr	w10, [sp, #492]
    4a8c:	8b0300e2 	add	x2, x7, x3
    4a90:	8b0300c0 	add	x0, x6, x3
    4a94:	8b030101 	add	x1, x8, x3
    4a98:	e540e058 	st1w	{z24.s}, p0, [x2]
    4a9c:	8b0400e2 	add	x2, x7, x4
    4aa0:	e540e019 	st1w	{z25.s}, p0, [x0]
    4aa4:	8b030120 	add	x0, x9, x3
    4aa8:	e540e055 	st1w	{z21.s}, p0, [x2]
    4aac:	8b0500e2 	add	x2, x7, x5
    4ab0:	e540e037 	st1w	{z23.s}, p0, [x1]
    4ab4:	8b0400c1 	add	x1, x6, x4
    4ab8:	e540e056 	st1w	{z22.s}, p0, [x2]
    4abc:	f9408fe2 	ldr	x2, [sp, #280]
    4ac0:	e540e012 	st1w	{z18.s}, p0, [x0]
    4ac4:	8b040100 	add	x0, x8, x4
    4ac8:	e540e03a 	st1w	{z26.s}, p0, [x1]
    4acc:	8b040121 	add	x1, x9, x4
    4ad0:	e540e013 	st1w	{z19.s}, p0, [x0]
    4ad4:	8b0500c0 	add	x0, x6, x5
    4ad8:	e540e027 	st1w	{z7.s}, p0, [x1]
    4adc:	8b050101 	add	x1, x8, x5
    4ae0:	e540e01b 	st1w	{z27.s}, p0, [x0]
    4ae4:	8b050120 	add	x0, x9, x5
    4ae8:	e540e034 	st1w	{z20.s}, p0, [x1]
    4aec:	e540e010 	st1w	{z16.s}, p0, [x0]
    4af0:	0430e3ea 	incb	x10
    4af4:	8b0200c1 	add	x1, x6, x2
    4af8:	8b0200e0 	add	x0, x7, x2
    4afc:	b901efea 	str	w10, [sp, #492]
    4b00:	b9425be6 	ldr	w6, [sp, #600]
    4b04:	e540e021 	st1w	{z1.s}, p0, [x1]
    4b08:	8b020101 	add	x1, x8, x2
    4b0c:	e540e002 	st1w	{z2.s}, p0, [x0]
    4b10:	8b020120 	add	x0, x9, x2
    4b14:	e540e020 	st1w	{z0.s}, p0, [x1]
    4b18:	f940c3e1 	ldr	x1, [sp, #384]
    4b1c:	e540e003 	st1w	{z3.s}, p0, [x0]
    4b20:	f940bbe0 	ldr	x0, [sp, #368]
    4b24:	4b0a00d3 	sub	w19, w6, w10
    4b28:	8b1a0021 	add	x1, x1, x26
    4b2c:	8b1a0000 	add	x0, x0, x26
    4b30:	f900c3e1 	str	x1, [sp, #384]
    4b34:	f940bfe1 	ldr	x1, [sp, #376]
    4b38:	8b1a0021 	add	x1, x1, x26
    4b3c:	a91707e0 	stp	x0, x1, [sp, #368]
    4b40:	f940b7e0 	ldr	x0, [sp, #360]
    4b44:	f94133e1 	ldr	x1, [sp, #608]
    4b48:	8b1a0000 	add	x0, x0, x26
    4b4c:	f900b7e0 	str	x0, [sp, #360]
    4b50:	f94097e0 	ldr	x0, [sp, #296]
    4b54:	8b1a0000 	add	x0, x0, x26
    4b58:	f90097e0 	str	x0, [sp, #296]
    4b5c:	f9409be0 	ldr	x0, [sp, #304]
    4b60:	8b1a0000 	add	x0, x0, x26
    4b64:	f9009be0 	str	x0, [sp, #304]
    4b68:	f940b3e0 	ldr	x0, [sp, #352]
    4b6c:	8b1a0000 	add	x0, x0, x26
    4b70:	f900b3e0 	str	x0, [sp, #352]
    4b74:	f9409fe0 	ldr	x0, [sp, #312]
    4b78:	8b1a0000 	add	x0, x0, x26
    4b7c:	f9009fe0 	str	x0, [sp, #312]
    4b80:	f940a3e0 	ldr	x0, [sp, #320]
    4b84:	8b1a0000 	add	x0, x0, x26
    4b88:	f900a3e0 	str	x0, [sp, #320]
    4b8c:	f940a7e0 	ldr	x0, [sp, #328]
    4b90:	8b1a0000 	add	x0, x0, x26
    4b94:	f900a7e0 	str	x0, [sp, #328]
    4b98:	f940afe0 	ldr	x0, [sp, #344]
    4b9c:	8b1a0000 	add	x0, x0, x26
    4ba0:	f900afe0 	str	x0, [sp, #344]
    4ba4:	f94093e0 	ldr	x0, [sp, #288]
    4ba8:	8b1a0000 	add	x0, x0, x26
    4bac:	f90093e0 	str	x0, [sp, #288]
    4bb0:	f94083e0 	ldr	x0, [sp, #256]
    4bb4:	8b010000 	add	x0, x0, x1
    4bb8:	f90083e0 	str	x0, [sp, #256]
    4bbc:	f940abe0 	ldr	x0, [sp, #336]
    4bc0:	8b1a0000 	add	x0, x0, x26
    4bc4:	f900abe0 	str	x0, [sp, #336]
    4bc8:	f940c7e0 	ldr	x0, [sp, #392]
    4bcc:	8b1a0000 	add	x0, x0, x26
    4bd0:	f900c7e0 	str	x0, [sp, #392]
    4bd4:	f940cbe0 	ldr	x0, [sp, #400]
    4bd8:	8b1a0000 	add	x0, x0, x26
    4bdc:	f900cbe0 	str	x0, [sp, #400]
    4be0:	f940cfe0 	ldr	x0, [sp, #408]
    4be4:	8b1a0000 	add	x0, x0, x26
    4be8:	f900cfe0 	str	x0, [sp, #408]
    4bec:	f940d3e0 	ldr	x0, [sp, #416]
    4bf0:	8b1a0000 	add	x0, x0, x26
    4bf4:	f900d3e0 	str	x0, [sp, #416]
    4bf8:	f940d7e0 	ldr	x0, [sp, #424]
    4bfc:	8b1a0000 	add	x0, x0, x26
    4c00:	f900d7e0 	str	x0, [sp, #424]
    4c04:	f940dbe0 	ldr	x0, [sp, #432]
    4c08:	8b1a0000 	add	x0, x0, x26
    4c0c:	f900dbe0 	str	x0, [sp, #432]
    4c10:	f940dfe0 	ldr	x0, [sp, #440]
    4c14:	8b1a0000 	add	x0, x0, x26
    4c18:	f900dfe0 	str	x0, [sp, #440]
    4c1c:	f940e3e0 	ldr	x0, [sp, #448]
    4c20:	8b1a0000 	add	x0, x0, x26
    4c24:	f900e3e0 	str	x0, [sp, #448]
    4c28:	f940e7e0 	ldr	x0, [sp, #456]
    4c2c:	8b1a0000 	add	x0, x0, x26
    4c30:	f900e7e0 	str	x0, [sp, #456]
    4c34:	f940ebe0 	ldr	x0, [sp, #464]
    4c38:	8b1a0000 	add	x0, x0, x26
    4c3c:	f900ebe0 	str	x0, [sp, #464]
    4c40:	8b1a0060 	add	x0, x3, x26
    4c44:	f90063e0 	str	x0, [sp, #192]
    4c48:	8b1a0080 	add	x0, x4, x26
    4c4c:	f9008be0 	str	x0, [sp, #272]
    4c50:	8b1a00a0 	add	x0, x5, x26
    4c54:	f90087e0 	str	x0, [sp, #264]
    4c58:	8b1a0040 	add	x0, x2, x26
    4c5c:	f9008fe0 	str	x0, [sp, #280]
    4c60:	0420e3e0 	cntb	x0
    4c64:	6b00027f 	cmp	w19, w0
    4c68:	54ff690a 	b.ge	3988 <conv_sve_rowquad+0x388>  // b.tcont
    4c6c:	6d4727e8 	ldp	d8, d9, [sp, #112]
    4c70:	6d482fea 	ldp	d10, d11, [sp, #128]
    4c74:	a9456bf9 	ldp	x25, x26, [sp, #80]
    4c78:	b941efe1 	ldr	w1, [sp, #492]
    4c7c:	b9425be0 	ldr	w0, [sp, #600]
    4c80:	6b01001f 	cmp	w0, w1
    4c84:	5400050c 	b.gt	4d24 <conv_sve_rowquad+0x1724>
    4c88:	a9417bfd 	ldp	x29, x30, [sp, #16]
    4c8c:	a94253f3 	ldp	x19, x20, [sp, #32]
    4c90:	a9435bf5 	ldp	x21, x22, [sp, #48]
    4c94:	a94463f7 	ldp	x23, x24, [sp, #64]
    4c98:	a94673fb 	ldp	x27, x28, [sp, #96]
    4c9c:	910bc3ff 	add	sp, sp, #0x2f0
    4ca0:	d65f03c0 	ret
    4ca4:	f94063e0 	ldr	x0, [sp, #192]
    4ca8:	f94137e1 	ldr	x1, [sp, #616]
    4cac:	8b010003 	add	x3, x0, x1
    4cb0:	7100031f 	cmp	w24, #0x0
    4cb4:	54ffe30c 	b.gt	4914 <conv_sve_rowquad+0x1314>
    4cb8:	17ffff6f 	b	4a74 <conv_sve_rowquad+0x1474>
    4cbc:	25b8c000 	mov	z0.s, #0
    4cc0:	04603014 	mov	z20.d, z0.d
    4cc4:	04603013 	mov	z19.d, z0.d
    4cc8:	04603017 	mov	z23.d, z0.d
    4ccc:	17fffc66 	b	3e64 <conv_sve_rowquad+0x864>
    4cd0:	7100037f 	cmp	w27, #0x0
    4cd4:	5400096d 	b.le	4e00 <conv_sve_rowquad+0x1800>
    4cd8:	25b8c019 	mov	z25.s, #0
    4cdc:	0479333b 	mov	z27.d, z25.d
    4ce0:	04793321 	mov	z1.d, z25.d
    4ce4:	0479333a 	mov	z26.d, z25.d
    4ce8:	b9009bff 	str	wzr, [sp, #152]
    4cec:	17fffb59 	b	3a50 <conv_sve_rowquad+0x450>
    4cf0:	f94063e0 	ldr	x0, [sp, #192]
    4cf4:	f9415fe1 	ldr	x1, [sp, #696]
    4cf8:	8b010001 	add	x1, x0, x1
    4cfc:	f94177e0 	ldr	x0, [sp, #744]
    4d00:	17fffb74 	b	3ad0 <conv_sve_rowquad+0x4d0>
    4d04:	11000441 	add	w1, w2, #0x1
    4d08:	b900a3e1 	str	w1, [sp, #160]
    4d0c:	17fffbf8 	b	3cec <conv_sve_rowquad+0x6ec>
    4d10:	25b8c002 	mov	z2.s, #0
    4d14:	04623056 	mov	z22.d, z2.d
    4d18:	04623055 	mov	z21.d, z2.d
    4d1c:	04623058 	mov	z24.d, z2.d
    4d20:	17fffbad 	b	3bd4 <conv_sve_rowquad+0x5d4>
    4d24:	f94123e0 	ldr	x0, [sp, #576]
    4d28:	937e7c35 	sbfiz	x21, x1, #2, #32
    4d2c:	b941ebf8 	ldr	w24, [sp, #488]
    4d30:	93407c34 	sxtw	x20, w1
    4d34:	f9407ff7 	ldr	x23, [sp, #248]
    4d38:	f94173f6 	ldr	x22, [sp, #736]
    4d3c:	2a1b03e4 	mov	w4, w27
    4d40:	aa1c03e2 	mov	x2, x28
    4d44:	b90003f3 	str	w19, [sp]
    4d48:	8b150007 	add	x7, x0, x21
    4d4c:	f9411fe0 	ldr	x0, [sp, #568]
    4d50:	2a1803e3 	mov	w3, w24
    4d54:	aa1603e1 	mov	x1, x22
    4d58:	8b150006 	add	x6, x0, x21
    4d5c:	f9411be0 	ldr	x0, [sp, #560]
    4d60:	8b150005 	add	x5, x0, x21
    4d64:	8b1502e0 	add	x0, x23, x21
    4d68:	97fff626 	bl	2600 <conv_sve_rowtriple>
    4d6c:	f94117e2 	ldr	x2, [sp, #552]
    4d70:	8b1606c0 	add	x0, x22, x22, lsl #1
    4d74:	aa1603e1 	mov	x1, x22
    4d78:	2a1303e6 	mov	w6, w19
    4d7c:	2a1b03e4 	mov	w4, w27
    4d80:	2a1803e3 	mov	w3, w24
    4d84:	a9417bfd 	ldp	x29, x30, [sp, #16]
    4d88:	8b140000 	add	x0, x0, x20
    4d8c:	a94253f3 	ldp	x19, x20, [sp, #32]
    4d90:	8b000ae0 	add	x0, x23, x0, lsl #2
    4d94:	a94463f7 	ldp	x23, x24, [sp, #64]
    4d98:	8b150045 	add	x5, x2, x21
    4d9c:	aa1c03e2 	mov	x2, x28
    4da0:	a9435bf5 	ldp	x21, x22, [sp, #48]
    4da4:	a94673fb 	ldp	x27, x28, [sp, #96]
    4da8:	910bc3ff 	add	sp, sp, #0x2f0
    4dac:	17ffed61 	b	330 <conv_sve_prefix>
    4db0:	b9425bf3 	ldr	w19, [sp, #600]
    4db4:	b90003f3 	str	w19, [sp]
    4db8:	97fff612 	bl	2600 <conv_sve_rowtriple>
    4dbc:	f94173e1 	ldr	x1, [sp, #736]
    4dc0:	f9407fe2 	ldr	x2, [sp, #248]
    4dc4:	2a1303e6 	mov	w6, w19
    4dc8:	2a1b03e4 	mov	w4, w27
    4dcc:	b941ebe3 	ldr	w3, [sp, #488]
    4dd0:	a9417bfd 	ldp	x29, x30, [sp, #16]
    4dd4:	a94253f3 	ldp	x19, x20, [sp, #32]
    4dd8:	f94117e5 	ldr	x5, [sp, #552]
    4ddc:	8b010420 	add	x0, x1, x1, lsl #1
    4de0:	8b000840 	add	x0, x2, x0, lsl #2
    4de4:	aa1c03e2 	mov	x2, x28
    4de8:	a94673fb 	ldp	x27, x28, [sp, #96]
    4dec:	910bc3ff 	add	sp, sp, #0x2f0
    4df0:	17ffed50 	b	330 <conv_sve_prefix>
    4df4:	2a0903f3 	mov	w19, w9
    4df8:	b901efff 	str	wzr, [sp, #492]
    4dfc:	17ffff9f 	b	4c78 <conv_sve_rowquad+0x1678>
    4e00:	52800021 	mov	w1, #0x1                   	// #1
    4e04:	25b8c002 	mov	z2.s, #0
    4e08:	d2800000 	mov	x0, #0x0                   	// #0
    4e0c:	04623056 	mov	z22.d, z2.d
    4e10:	04623055 	mov	z21.d, z2.d
    4e14:	04623059 	mov	z25.d, z2.d
    4e18:	0462305b 	mov	z27.d, z2.d
    4e1c:	04623041 	mov	z1.d, z2.d
    4e20:	04623058 	mov	z24.d, z2.d
    4e24:	0462305a 	mov	z26.d, z2.d
    4e28:	b9009bff 	str	wzr, [sp, #152]
    4e2c:	b900a3e1 	str	w1, [sp, #160]
    4e30:	17fffbaf 	b	3cec <conv_sve_rowquad+0x6ec>
    4e34:	d503201f 	nop
    4e38:	d503201f 	nop
    4e3c:	d503201f 	nop

0000000000004e40 <conv2d._omp_fn.0>:
    4e40:	d10283ff 	sub	sp, sp, #0xa0
    4e44:	a9017bfd 	stp	x29, x30, [sp, #16]
    4e48:	910043fd 	add	x29, sp, #0x10
    4e4c:	a90253f3 	stp	x19, x20, [sp, #32]
    4e50:	a9035bf5 	stp	x21, x22, [sp, #48]
    4e54:	aa0003f6 	mov	x22, x0
    4e58:	a90463f7 	stp	x23, x24, [sp, #64]
    4e5c:	94000000 	bl	0 <omp_get_num_threads>
    4e60:	2a0003f4 	mov	w20, w0
    4e64:	94000000 	bl	0 <omp_get_thread_num>
    4e68:	b94032d5 	ldr	w21, [x22, #48]
    4e6c:	2a0003f3 	mov	w19, w0
    4e70:	1ad40eb8 	sdiv	w24, w21, w20
    4e74:	1b14d701 	msub	w1, w24, w20, w21
    4e78:	6b01001f 	cmp	w0, w1
    4e7c:	54000aeb 	b.lt	4fd8 <conv2d._omp_fn.0+0x198>  // b.tstop
    4e80:	1b130713 	madd	w19, w24, w19, w1
    4e84:	0b130300 	add	w0, w24, w19
    4e88:	b9007fe0 	str	w0, [sp, #124]
    4e8c:	6b00027f 	cmp	w19, w0
    4e90:	540007aa 	b.ge	4f84 <conv2d._omp_fn.0+0x144>  // b.tcont
    4e94:	a90673fb 	stp	x27, x28, [sp, #96]
    4e98:	29456ed5 	ldp	w21, w27, [x22, #40]
    4e9c:	531e7661 	lsl	w1, w19, #2
    4ea0:	93407c34 	sxtw	x20, w1
    4ea4:	a9056bf9 	stp	x25, x26, [sp, #80]
    4ea8:	a9416ac0 	ldp	x0, x26, [x22, #16]
    4eac:	a94032c2 	ldp	x2, x12, [x22]
    4eb0:	294466d8 	ldp	w24, w25, [x22, #32]
    4eb4:	93407f77 	sxtw	x23, w27
    4eb8:	937d7f64 	sbfiz	x4, x27, #3, #32
    4ebc:	937e7f63 	sbfiz	x3, x27, #2, #32
    4ec0:	4b0102b5 	sub	w21, w21, w1
    4ec4:	9b147f56 	mul	x22, x26, x20
    4ec8:	937c7f7c 	sbfiz	x28, x27, #4, #32
    4ecc:	a9090fe4 	stp	x4, x3, [sp, #144]
    4ed0:	d37cef44 	lsl	x4, x26, #4
    4ed4:	9b175e97 	madd	x23, x20, x23, x23
    4ed8:	f90043e4 	str	x4, [sp, #128]
    4edc:	9b140074 	madd	x20, x3, x20, x0
    4ee0:	8b160856 	add	x22, x2, x22, lsl #2
    4ee4:	8b170817 	add	x23, x0, x23, lsl #2
    4ee8:	14000010 	b	4f28 <conv2d._omp_fn.0+0xe8>
    4eec:	54000640 	b.eq	4fb4 <conv2d._omp_fn.0+0x174>  // b.none
    4ef0:	71000abf 	cmp	w21, #0x2
    4ef4:	54000540 	b.eq	4f9c <conv2d._omp_fn.0+0x15c>  // b.none
    4ef8:	f90047ec 	str	x12, [sp, #136]
    4efc:	97ffed0d 	bl	330 <conv_sve_prefix>
    4f00:	f94047ec 	ldr	x12, [sp, #136]
    4f04:	f94043e0 	ldr	x0, [sp, #128]
    4f08:	11000673 	add	w19, w19, #0x1
    4f0c:	510012b5 	sub	w21, w21, #0x4
    4f10:	8b1c0294 	add	x20, x20, x28
    4f14:	8b1c02f7 	add	x23, x23, x28
    4f18:	8b0002d6 	add	x22, x22, x0
    4f1c:	b9407fe0 	ldr	w0, [sp, #124]
    4f20:	6b13001f 	cmp	w0, w19
    4f24:	540002c0 	b.eq	4f7c <conv2d._omp_fn.0+0x13c>  // b.none
    4f28:	2a1b03e6 	mov	w6, w27
    4f2c:	aa1403e5 	mov	x5, x20
    4f30:	2a1903e4 	mov	w4, w25
    4f34:	2a1803e3 	mov	w3, w24
    4f38:	aa0c03e2 	mov	x2, x12
    4f3c:	aa1a03e1 	mov	x1, x26
    4f40:	aa1603e0 	mov	x0, x22
    4f44:	71000ebf 	cmp	w21, #0x3
    4f48:	54fffd2d 	b.le	4eec <conv2d._omp_fn.0+0xac>
    4f4c:	f9404be0 	ldr	x0, [sp, #144]
    4f50:	aa1703e6 	mov	x6, x23
    4f54:	b9000bfb 	str	w27, [sp, #8]
    4f58:	f90047ec 	str	x12, [sp, #136]
    4f5c:	8b140007 	add	x7, x0, x20
    4f60:	f9404fe0 	ldr	x0, [sp, #152]
    4f64:	8b070000 	add	x0, x0, x7
    4f68:	f90003e0 	str	x0, [sp]
    4f6c:	aa1603e0 	mov	x0, x22
    4f70:	97fff9a4 	bl	3600 <conv_sve_rowquad>
    4f74:	f94047ec 	ldr	x12, [sp, #136]
    4f78:	17ffffe3 	b	4f04 <conv2d._omp_fn.0+0xc4>
    4f7c:	a9456bf9 	ldp	x25, x26, [sp, #80]
    4f80:	a94673fb 	ldp	x27, x28, [sp, #96]
    4f84:	a9417bfd 	ldp	x29, x30, [sp, #16]
    4f88:	a94253f3 	ldp	x19, x20, [sp, #32]
    4f8c:	a9435bf5 	ldp	x21, x22, [sp, #48]
    4f90:	a94463f7 	ldp	x23, x24, [sp, #64]
    4f94:	910283ff 	add	sp, sp, #0xa0
    4f98:	d65f03c0 	ret
    4f9c:	2a1b03e7 	mov	w7, w27
    4fa0:	aa1703e6 	mov	x6, x23
    4fa4:	f90047ec 	str	x12, [sp, #136]
    4fa8:	97fff39e 	bl	1e20 <conv_sve_rowpair>
    4fac:	f94047ec 	ldr	x12, [sp, #136]
    4fb0:	17ffffd5 	b	4f04 <conv2d._omp_fn.0+0xc4>
    4fb4:	f9404be0 	ldr	x0, [sp, #144]
    4fb8:	aa1703e6 	mov	x6, x23
    4fbc:	b90003fb 	str	w27, [sp]
    4fc0:	f90047ec 	str	x12, [sp, #136]
    4fc4:	8b140007 	add	x7, x0, x20
    4fc8:	aa1603e0 	mov	x0, x22
    4fcc:	97fff58d 	bl	2600 <conv_sve_rowtriple>
    4fd0:	f94047ec 	ldr	x12, [sp, #136]
    4fd4:	17ffffcc 	b	4f04 <conv2d._omp_fn.0+0xc4>
    4fd8:	11000718 	add	w24, w24, #0x1
    4fdc:	52800001 	mov	w1, #0x0                   	// #0
    4fe0:	17ffffa8 	b	4e80 <conv2d._omp_fn.0+0x40>
    4fe4:	d503201f 	nop
    4fe8:	d503201f 	nop
    4fec:	d503201f 	nop

0000000000004ff0 <conv2d>:
    4ff0:	7100009f 	cmp	w4, #0x0
    4ff4:	7a40c8a4 	ccmp	w5, #0x0, #0x4, gt
    4ff8:	5400058d 	b.le	50a8 <conv2d+0xb8>
    4ffc:	a9b77bfd 	stp	x29, x30, [sp, #-144]!
    5000:	6b01009f 	cmp	w4, w1
    5004:	910003fd 	mov	x29, sp
    5008:	a90153f3 	stp	x19, x20, [sp, #16]
    500c:	a9025bf5 	stp	x21, x22, [sp, #32]
    5010:	2a0503f4 	mov	w20, w5
    5014:	2a0403f5 	mov	w21, w4
    5018:	7a42d0a0 	ccmp	w5, w2, #0x0, le
    501c:	540000ad 	b.le	5030 <conv2d+0x40>
    5020:	a94153f3 	ldp	x19, x20, [sp, #16]
    5024:	a9425bf5 	ldp	x21, x22, [sp, #32]
    5028:	a8c97bfd 	ldp	x29, x30, [sp], #144
    502c:	d65f03c0 	ret
    5030:	4b040021 	sub	w1, w1, w4
    5034:	a90363f7 	stp	x23, x24, [sp, #48]
    5038:	aa0003f8 	mov	x24, x0
    503c:	aa0303f7 	mov	x23, x3
    5040:	d2800200 	mov	x0, #0x10                  	// #16
    5044:	4b050043 	sub	w3, w2, w5
    5048:	aa0603f6 	mov	x22, x6
    504c:	a9046bf9 	stp	x25, x26, [sp, #64]
    5050:	11000433 	add	w19, w1, #0x1
    5054:	93407c59 	sxtw	x25, w2
    5058:	1100047a 	add	w26, w3, #0x1
    505c:	94000000 	bl	0 <getauxval>
    5060:	37b00260 	tbnz	w0, #22, 50ac <conv2d+0xbc>
    5064:	90000000 	adrp	x0, 0 <conv_sve_tail>
    5068:	910163e1 	add	x1, sp, #0x58
    506c:	52800003 	mov	w3, #0x0                   	// #0
    5070:	a905dff8 	stp	x24, x23, [sp, #88]
    5074:	52800002 	mov	w2, #0x0                   	// #0
    5078:	91000000 	add	x0, x0, #0x0
    507c:	a906e7f6 	stp	x22, x25, [sp, #104]
    5080:	290f53f5 	stp	w21, w20, [sp, #120]
    5084:	29106bf3 	stp	w19, w26, [sp, #128]
    5088:	b9008bff 	str	wzr, [sp, #136]
    508c:	94000000 	bl	0 <GOMP_parallel>
    5090:	a94153f3 	ldp	x19, x20, [sp, #16]
    5094:	a9425bf5 	ldp	x21, x22, [sp, #32]
    5098:	a94363f7 	ldp	x23, x24, [sp, #48]
    509c:	a9446bf9 	ldp	x25, x26, [sp, #64]
    50a0:	a8c97bfd 	ldp	x29, x30, [sp], #144
    50a4:	d65f03c0 	ret
    50a8:	d65f03c0 	ret
    50ac:	f240067f 	tst	x19, #0x3
    50b0:	90000000 	adrp	x0, 0 <conv_sve_tail>
    50b4:	910163e1 	add	x1, sp, #0x58
    50b8:	13027e64 	asr	w4, w19, #2
    50bc:	52800003 	mov	w3, #0x0                   	// #0
    50c0:	91000000 	add	x0, x0, #0x0
    50c4:	52800002 	mov	w2, #0x0                   	// #0
    50c8:	a905dff8 	stp	x24, x23, [sp, #88]
    50cc:	1a840484 	cinc	w4, w4, ne  // ne = any
    50d0:	a906e7f6 	stp	x22, x25, [sp, #104]
    50d4:	290f53f5 	stp	w21, w20, [sp, #120]
    50d8:	29106bf3 	stp	w19, w26, [sp, #128]
    50dc:	b9008be4 	str	w4, [sp, #136]
    50e0:	94000000 	bl	0 <GOMP_parallel>
    50e4:	a94153f3 	ldp	x19, x20, [sp, #16]
    50e8:	a9425bf5 	ldp	x21, x22, [sp, #32]
    50ec:	a94363f7 	ldp	x23, x24, [sp, #48]
    50f0:	a9446bf9 	ldp	x25, x26, [sp, #64]
    50f4:	a8c97bfd 	ldp	x29, x30, [sp], #144
    50f8:	d65f03c0 	ret
